dep,nombre,tipo,clase,lat,lon,sectores_1h,hub,horas_reparto,reparto_en_promesa,elegido,clientes_30,sam_30,clientes_45,sam_45,clientes_60,sam_60
LA LIBERTAD,JC AGRO COMERCIALIZADORA E.I.R.L.,padron:canal,canal,-7.242392412999948,-79.38432594683331,44,Chiclayo,1.1251901204746066,True,False,529.2869403066177,2029999.617376252,1127.7497461350852,4315911.190656047,1605.646387778285,6237554.027657407
LIMA,EL SEMILLERO,padron:canal,canal,-12.126991046999931,-76.98430619899995,64,Pisco,3.012573270609794,True,False,36.75289590887829,179491.21455232473,110.31061256653024,538727.2305471436,228.6503670146741,1116666.620912029
LIMA,SEMILLERIA MANRIQUE S.R.L.,padron:canal,canal,-12.072332720999952,-77.01738574699993,65,Pisco,3.0485938718071464,True,False,16.26708337796758,79444.04054511544,120.04413860663422,586263.1421429672,250.28288710469414,1222314.0048464006
SAN MARTIN,AGROVETERINARIA RUBIO S.A.C.,padron:canal,canal,-5.903089736999945,-77.35914823124997,38,Bellavista,4.209830409302858,False,False,493.57395047289066,2243367.377621061,752.3390974846347,3431513.4186955644,986.4871804464171,4505459.6338259075
LIMA,AGROSERVICIOS WALBERT EMPRESA INDIVIDUAL DE RESPONSABILIDAD LIMITADA - AGROSERVI WALBERT E.I.R.L.,padron:canal,canal,-12.088085452999962,-76.92572938299998,61,Pisco,3.012573270609794,True,False,32.977538144046655,161053.38716970794,94.14654476542644,459786.2902490109,204.1453313147118,996990.6467700349
LIMA,SEMILLERO DEPORTIVO CANTO GRANDE,padron:canal,canal,-11.945962191999968,-76.97148873299994,55,Pisco,3.3757308752389563,True,False,5.880932965091482,28720.88782397367,35.906249918607514,175356.42426351787,147.33931689865582,719565.4189269231
JUNIN,EMPRESA LOS SEMILLEROS DE GUINDA HUAMANCACA CHICO S.A.C.,padron:canal,canal,-12.076823579999967,-75.24886359399994,199,Tarma,1.715449670031545,True,False,1411.896447350234,4128141.748656135,2090.1230154564582,6165755.073674677,2813.9662907130432,8312160.373059698
LIMA,AGRO VETERINARIA S.O.S. MASCOTAS SOCIEDAD ANONIMA CERRADA,padron:canal,canal,-12.192644506999956,-77.00588969799998,63,,,False,False,28.635121538640146,139846.19760486294,91.34851851392646,446121.4859441698,234.2794130867082,1144157.3611994172
LIMA,AGRO COMERCIALIZADORA DE ALIMENTOS E.I.R.L,padron:canal,canal,-12.035807503999932,-76.99106993299995,66,Pisco,3.0485938718071464,True,False,19.82225991548593,96806.56229712101,96.41860405120407,470882.4139871297,260.35396790172643,1271498.4426821482
LIMA,ASOCIACION DE FUTBOL SEMILLERO 3000,padron:canal,canal,-12.097546260999934,-76.99520863399994,64,Pisco,3.012573270609794,True,False,13.914879051969438,67956.51008233496,129.32121926766158,631569.8978194754,237.09303879064873,1157898.349015671
LIMA,AGRO SERVICIOS COMERCIALES S.A.C.,padron:canal,canal,-12.09898090799993,-77.03667219399995,64,Pisco,3.0485938718071464,True,False,16.261980714201048,79419.12051380203,120.04413860663422,586263.1421429672,243.50195950716983,1189197.786377831
LIMA,CHEMIE AGROVETERINARIA S.A.C.,padron:canal,canal,-12.093838644999948,-77.06669448899999,62,Pisco,3.0485938718071464,True,False,14.067054467334115,68699.69369966218,77.17552918751021,376904.4350118361,222.67269641450042,1087473.2926127014
LIMA,AGRO SERVICIOS DE EXPORTACION S.A.C.,padron:canal,canal,-12.09898090799993,-77.03667219399995,64,Pisco,3.0485938718071464,True,False,16.261980714201048,79419.12051380203,120.04413860663422,586263.1421429672,243.50195950716983,1189197.786377831
LIMA,INSUMOS AGRICOLAS PERUANOS SOCIEDAD ANONIMA CERRADA - INAP S.A.C.,padron:canal,canal,-12.126991046999931,-76.98430619899995,64,Pisco,3.012573270609794,True,False,36.75289590887829,179491.21455232473,110.31061256653024,538727.2305471436,228.6503670146741,1116666.620912029
PIURA,AGROSERVICIOS A & S - PIURA E.I.R.L.,padron:canal,canal,-5.1062157147499505,-80.52711383199997,96,Chiclayo,3.08078512431454,True,False,465.04914369464495,1818199.7532725423,1026.476297808561,4013208.016228692,1891.874595748186,7396650.375235498
LIMA,AGROSERVICIOS RIO BIAVO S.A,padron:canal,canal,-12.04034159349996,-76.90482929099994,59,Pisco,3.3757308752389563,True,False,13.477277880724094,65819.3841831654,72.83450819959472,355704.0612657809,186.16546694548956,909181.8465840837
LIMA,COMERCIALIZADORA AGROINDUSTRIAL FECU S.A.C.,padron:canal,canal,-12.126991046999931,-76.98430619899995,64,Pisco,3.012573270609794,True,False,36.75289590887829,179491.21455232473,110.31061256653024,538727.2305471436,228.6503670146741,1116666.620912029
LIMA,INVERSIONES AGROVETERINARIA FCT S.A.C. - INAGROFCT S.A.C.,padron:canal,canal,-12.076444784999978,-77.09006733999996,61,Pisco,3.0485938718071464,True,False,14.067054467334117,68699.69369966218,77.84541480774708,380175.97540651844,206.0232022208019,1006161.6609546661
AREQUIPA,DISTRIBUCIONES AGROVETERINARIAS DEL SUR E.I.R.L.,padron:canal,canal,-16.406658033999975,-71.53845913699996,33,Juliaca,4.437874042686684,False,False,262.84633235331523,1362597.1591574892,378.90674701372006,1964255.1312928314,521.1139273688896,2701458.113084054
AREQUIPA,COMPANIA SEMILLERA MONTOYA FAKHYE EIRL,padron:canal,canal,-16.399486431999946,-71.55475674699994,33,Juliaca,4.437874042686684,False,False,262.84633235331523,1362597.1591574892,367.23391009947966,1903743.066025461,521.1139273688896,2701458.113084054
AREQUIPA,AGROVETERINARIA SAN JUAN S.R.L.,padron:canal,canal,-16.572356766142807,-71.83152664071424,29,Juliaca,5.395672030251448,False,True,244.3560822095747,1266743.5777420723,696.3694251792156,3609983.7953906492,948.054587928787,4914721.376068292
AREQUIPA,SEMILLERA ROSAS S.A.C.,padron:canal,canal,-16.406658033999975,-71.53845913699996,33,Juliaca,4.437874042686684,False,False,262.84633235331523,1362597.1591574892,378.90674701372006,1964255.1312928314,521.1139273688896,2701458.113084054
AREQUIPA,AGROSERVICIOS SAN ISIDRO SOCIEDAD ANONIMA CERRADA,padron:canal,canal,-16.406658033999975,-71.53845913699996,33,Juliaca,4.437874042686684,False,False,262.84633235331523,1362597.1591574892,378.90674701372006,1964255.1312928314,521.1139273688896,2701458.113084054
AREQUIPA,AGROVETERINARIA DON JORGE E.I.R.L.,padron:canal,canal,-16.431492083999956,-71.52347326299997,36,Juliaca,4.437874042686684,False,False,276.139890101036,1431511.0521533098,475.01311029997186,2462471.166564638,582.3561932207681,2991706.324487636
AREQUIPA,AGROVETERINARIA SOFIA EIRL.,padron:canal,canal,-16.406658033999975,-71.53845913699996,33,Juliaca,4.437874042686684,False,False,262.84633235331523,1362597.1591574892,378.90674701372006,1964255.1312928314,521.1139273688896,2701458.113084054
AREQUIPA,AGROSEMILLERA SAN AGUSTIN E.I.R.L.,padron:canal,canal,-16.0365276623333,-72.53022305866664,7,Juliaca,7.228806099632764,False,False,233.45979016512473,1210257.1263155392,259.3267645979445,1344351.6961830084,281.1631255282016,1457551.5384768345
AREQUIPA,AGRO SERVICIOS PEGASSO S.A.C.,padron:canal,canal,-16.53202525249995,-72.12599590999997,18,Juliaca,6.005942203296156,False,False,118.90364599557442,616397.3025473108,386.6812543954435,2004558.2299791982,1087.7149042790898,5638721.397686089
AREQUIPA,AGRO DISTRIBUCIONES Y SERVICIOS DEL SUR S.R.L.,padron:canal,canal,-16.356469017999927,-71.47127210899998,24,Juliaca,5.007712689329355,False,False,7.77448045955584,40302.95912166865,216.6889470413044,1123316.9624844678,359.6617760261304,1864489.071934205
AREQUIPA,AGRO SERVICIOS SEÑOR DE YATO S.R.L.,padron:canal,canal,-16.25080225499994,-71.46406065599996,1,Juliaca,3.768070617136576,True,False,2.628592480427638,13626.641141786742,2.628592480427638,13626.641141786742,2.628592480427638,13626.641141786742
AREQUIPA,AGROVETERINARIA EL FUNDO S.A.C.,padron:canal,canal,-16.406658033999975,-71.53845913699996,33,Juliaca,4.437874042686684,False,False,262.84633235331523,1362597.1591574892,378.90674701372006,1964255.1312928314,521.1139273688896,2701458.113084054
AREQUIPA,AGROSERVICIOS EL SEMBRADOR E.I.R.L.,padron:canal,canal,-16.629631488999962,-72.70989803949996,15,Juliaca,7.209991944605171,False,False,182.43314679968412,945734.6630626303,228.57759853505826,1184947.8119871626,251.44244253910662,1303479.317470056
AREQUIPA,AGROVETERINARIA EL GALLITO E.I.R.L.,padron:canal,canal,-16.572356766142807,-71.83152664071424,29,Juliaca,5.395672030251448,False,False,244.3560822095747,1266743.5777420723,696.3694251792156,3609983.7953906492,948.054587928787,4914721.376068292
LA LIBERTAD,INVERSIONES AGRO VETERINARIAS TRUJILLO S.A.C,padron:canal,canal,-8.112903216499944,-79.02598934049996,49,Huamachuco,2.795084166722603,True,False,467.80179384354614,1794182.6827621984,1058.7356727234994,4060619.763801908,2150.715400549116,8248742.048444856
LA LIBERTAD,AGROSERVICIOS REPRESENTACIONES FLORIAN E.I.R.L.,padron:canal,canal,-8.112903216499944,-79.02598934049996,49,Huamachuco,2.795084166722603,True,False,467.80179384354614,1794182.6827621984,1058.7356727234994,4060619.763801908,2150.715400549116,8248742.048444856
AMAZONAS,AGROSERVICIOS TORRES SRL,padron:canal,canal,-5.58864530733329,-78.52011989433329,30,Chiclayo,5.06929364361305,False,False,149.167289507505,509699.9003355233,295.9197889973267,1023047.9227795361,620.9288655680457,2124372.3727900903
LA LIBERTAD,AGROVETERINARIA COMERCIALIZADORA REAL SRL,padron:canal,canal,-7.3999051459999805,-79.54781665499996,43,Chiclayo,1.4878224871801011,True,False,801.5324380647836,3074155.8475702694,1254.0141899112998,4777272.54332972,1933.3834837029,7399564.150152656
LAMBAYEQUE,AGROSERVICIOS PERU E.I.R.L,padron:canal,canal,-6.736609266499954,-79.84224487999995,146,Chiclayo,0.2764130371427082,True,False,1464.463406718645,6519980.063762724,2678.3376794851943,11924304.966688015,4057.004951583374,17947735.27048757
LAMBAYEQUE,AGRO SERVICIOS VALLE VERDE EIRL,padron:canal,canal,-6.778467846249953,-79.81662766524997,154,Chiclayo,0.2764130371427082,True,False,1541.7577945806613,6864104.652734384,2824.956445550842,12577070.633167502,4223.554528177981,18657815.443777937
AMAZONAS,AGROVETERINARIA EL GANADERO SRL,padron:canal,canal,-6.248160420999952,-77.86916627199997,27,Chiclayo,7.975895565859675,False,False,33.066014827664425,115666.67266926673,57.69960139110643,201836.2642742357,191.7196908100416,670645.6413557607
LAMBAYEQUE,AGROVETERINARIA MENDOZA S.A.C.,padron:canal,canal,-6.736609266499954,-79.84224487999995,146,Chiclayo,0.2764130371427082,True,False,1464.463406718645,6519980.063762724,2678.3376794851943,11924304.966688015,4057.004951583374,17947735.27048757
LAMBAYEQUE,AGROSERVICIOS GENERALES SOCIEDAD COMERCI AL DE RESPONSABILIDAD LIMITADA,padron:canal,canal,-6.778467846249953,-79.81662766524997,154,Chiclayo,0.2764130371427082,True,False,1541.7577945806613,6864104.652734384,2824.956445550842,12577070.633167502,4223.554528177981,18657815.443777937
LAMBAYEQUE,AGRO VETERINARIA MI BUEN PASTOR S.R.L.,padron:canal,canal,-6.778467846249953,-79.81662766524997,154,Chiclayo,0.2764130371427082,True,False,1541.7577945806613,6864104.652734384,2824.956445550842,12577070.633167502,4223.554528177981,18657815.443777937
AMAZONAS,AGROVETERINARIA EL SEMBRADOR E.I.R.L.,padron:canal,canal,-5.947708212999956,-78.00949791449996,19,Chiclayo,5.821256175540843,False,False,39.23782087652728,137255.97739052278,109.48142074310886,382971.8132789544,180.7661952708886,632329.7333240646
AMAZONAS,"EMPRESA ""AGROSERVICIOS DELGADO"" E.I.R.L.",padron:canal,canal,-5.58864530733329,-78.52011989433329,30,Chiclayo,5.06929364361305,False,False,149.167289507505,509699.9003355233,295.9197889973267,1023047.9227795361,620.9288655680457,2124372.3727900903
CUSCO,AGROVETERINARIA TECNO CAMPO SOCIEDAD COMERCIAL DE RESPONSABILIDAD LIMITADA - AGROVETEC S.R.L.,padron:canal,canal,-13.540021367749974,-71.92415420449997,96,Sicuani,2.806293669204864,True,False,455.12238612727583,963272.0565251041,1112.3090814820573,2354215.6770797386,2417.15211129577,5115931.793631305
CUSCO,AGROVETERINARIA BELEN S.R.L.,padron:canal,canal,-13.488168709833294,-71.97455360566663,73,Sicuani,3.2080566631666327,True,False,259.7205448725736,549701.68685849,641.8250855257285,1358430.5868243407,1557.3215242753256,3296089.915779247
APURIMAC,AGROVETERINARIA MIRAFLORES S.A.C.,padron:canal,canal,-13.60229907779995,-72.65547453379995,2,Sicuani,5.728065343942493,False,False,14.854975121585698,82929.06284536245,14.854975121585698,82929.06284536245,17.321721195764095,96699.86613077752
CUSCO,AGROVETERINARIA LA GRANJA K'AYRA SOCIEDAD COMERCIAL DE RESPONSABILIDAD LIMITADA- AGRO. LA GRANJA,padron:canal,canal,-13.488168709833294,-71.97455360566663,73,Sicuani,3.2080566631666327,True,False,259.7205448725736,549701.68685849,641.8250855257285,1358430.5868243407,1557.3215242753256,3296089.915779247
CUSCO,AGROVETERINARIA EL SUREÑO SOCIEDAD COMERCIAL DE RESPONSABILIDAD LIMITADA,padron:canal,canal,-13.488168709833294,-71.97455360566663,73,Sicuani,3.2080566631666327,True,False,259.7205448725736,549701.68685849,641.8250855257285,1358430.5868243407,1557.3215242753256,3296089.915779247
LIMA,AGRO COMERCIALIZADORA EL EDEN E.I.R.L.,padron:canal,canal,-10.727300391166628,-77.7047406123333,28,Pisco,5.79940530506873,False,False,375.18946361403977,1832323.98008265,788.0534383472842,3848640.0944236955,900.549484583851,4398040.392604229
ICA,AGROVETERINARIA PISCO S.R.L.,padron:canal,canal,-13.701264309666612,-76.17995265733329,92,Pisco,0.0585481433853602,True,True,657.067059985058,4833613.616521155,1457.6377428272467,10722889.748643262,1887.3087451186695,13822938.014549414
AYACUCHO,AGRO VETERINARIA AYALA S.R.L.,padron:canal,canal,-13.195303347999982,-74.21148063299995,55,Pisco,6.241979107773316,False,False,56.679510563253906,176056.43091003314,197.3792347850612,613094.278103032,439.21422177721024,1369786.0932034703
AYACUCHO,AGROSERVICIOS SAN JERONIMO E.I.R.L.,padron:canal,canal,-13.13708446449995,-74.25491730624996,24,Pisco,6.257969869011292,False,False,24.64814058792706,76561.41729799088,64.49857362285792,200343.80251318234,138.12918186654383,429053.2949611003
LORETO,COMERCIALIZADORA AGROP. CLAPISER EIRL,padron:canal,canal,-4.135155792999967,-73.64769941549997,0,,,False,False,0.0,0.0,0.0,0.0,0.0,0.0
UCAYALI,AGROCOMERCIALIZADORA G Y G E.I.R.L.,padron:canal,canal,-8.195059035299959,-74.33146417789996,20,,,False,False,136.02515505760815,668418.3322823104,390.17006007132113,1917269.057689447,499.0379341407749,2452238.363872603
LORETO,AGROVETERINARIA MASTER S.C.R.L.,padron:canal,canal,-3.777511387999965,-73.42215106249998,0,,,False,False,0.0,0.0,0.0,0.0,0.0,0.0
LORETO,COMERCIALIZADORA AGROPECUARIA  K & A  S.R.L.,padron:canal,canal,-3.777511387999965,-73.42215106249998,0,,,False,False,0.0,0.0,0.0,0.0,0.0,0.0
LIMA,AGROVETERINARIA MARKET MATEO'S SCRL,padron:canal,canal,-12.078106398999978,-77.04820820199996,64,Pisco,3.0485938718071464,True,False,14.80138889872444,72285.9846766951,94.27126912792009,460395.41034022096,232.74377721153274,1136657.730448449
LORETO,COMERCIALIZADORA AGROVET S.P.C. E.I.R.L.,padron:canal,canal,-4.135155792999967,-73.64769941549997,0,,,False,False,0.0,0.0,0.0,0.0,0.0,0.0
LIMA,DISTRIBUIDORA AGROPECUARIA Y SERVICIOS EMPRESA INDIVIDUAL DE RESPONSABILIDAD LIMITADA,padron:canal,canal,-12.078106398999978,-77.04820820199996,64,Pisco,3.0485938718071464,True,False,14.80138889872444,72285.9846766951,94.27126912792009,460395.41034022096,232.74377721153274,1136657.730448449
JUNIN,AGROVETERINARIA GAMARRA EIRL,padron:canal,canal,-11.188785277999957,-76.01190594399998,5,Tarma,1.1846308366952534,True,False,306.44204236413475,895983.6898810698,320.4669018256102,936989.9605396644,552.1569863350935,1614411.8156681159
JUNIN,AGROVETERINARIA HUAYTAPALLANA EIRL,padron:canal,canal,-12.01999116233327,-75.13048408966664,114,Tarma,2.085889930192646,True,False,142.1235088811493,415544.632596016,1012.9212894199801,2961607.1850062297,1686.2160469818741,4975370.4720538985
ANCASH,DIST. DE INSUMOS AGRICOLAS SRL,padron:canal,canal,-8.940753636166628,-78.49245460799996,11,Huamachuco,4.681580727542055,False,False,0.0,0.0,67.08129170698537,105343.91695435977,338.3355581269575,571242.7265327978
JUNIN,AGRO VETERINARIA CESAR´S E.I.R.L.,padron:canal,canal,-11.434149619499957,-75.72652522199995,38,Tarma,0.0670175773165809,True,False,381.48543861457495,1115397.6402481687,739.9679098936932,2163538.5705735334,1014.6476922299278,2966654.8891265406
LIMA,AGROSERVICIOS SUYON S.A.C.,padron:canal,canal,-11.927920622999949,-77.03740747999996,62,Pisco,3.341094771641284,True,False,65.94867573909167,322075.51578724757,142.0326373971629,693649.0298803443,270.0159934898145,1318685.1653867017
ANCASH,DEPOSITO DE INSUMOS AGRICOLAS S.A.C.,padron:canal,canal,-8.940753636166628,-78.49245460799996,11,Huamachuco,4.681580727542055,False,False,0.0,0.0,67.08129170698537,105343.91695435977,338.3355581269575,571242.7265327978
UCAYALI,AGROVETERINARIA SAN MARCOS S.A.C.,padron:canal,canal,-8.195059035299959,-74.33146417789996,20,,,False,False,136.02515505760815,668418.3322823104,390.17006007132113,1917269.057689447,499.0379341407749,2452238.363872603
CAJAMARCA,AGROVETERINARIA MEVELIN S.R.L.,padron:canal,canal,-7.1339595449999536,-78.54251182749995,13,Huamachuco,2.974150965951349,True,False,85.89191016604086,157361.53128653968,160.84354829592655,294679.52230284153,414.68759196623347,759744.1290010394
CAJAMARCA,AGROVETERINARIA Y REPRESENTACIONES SANTIAGO ALTAMIRANO EIRL,padron:canal,canal,-6.563931802499951,-78.64512447433329,36,Chiclayo,5.218481705216816,False,True,289.7831131620945,530908.1418729115,582.2447924032081,1066723.6523097751,902.8487748767753,1654098.3366202682
CAJAMARCA,AGROVETERINARIA EL CAMPO SOCIEDAD COMERCIAL DE RESPONSABILIDAD LIMITADA,padron:canal,canal,-7.1339595449999536,-78.54251182749995,13,Huamachuco,2.974150965951349,True,False,85.89191016604086,157361.53128653968,160.84354829592655,294679.52230284153,414.68759196623347,759744.1290010394
LA LIBERTAD,AGROSERVICIOS LA PRADERA S.R.L.,padron:canal,canal,-7.118824663166625,-79.46094220733329,80,Chiclayo,1.1251901204746066,True,False,747.1511963840527,2907675.485600911,1535.4533696993697,6147872.763452002,2427.8591683261297,9892408.785358801
CAJAMARCA,AGROSERVICIOS GENERALES REGALADO SAC,padron:canal,canal,-6.683780526687457,-78.50303553493745,21,Huamachuco,5.542075257930722,False,False,163.399053585404,299361.43268049683,347.2002800171694,636101.4398329051,510.2236594967327,934774.6045211602
LA LIBERTAD,DISTRIBUIDORA AGROVETERINARIA TRUJILLO S.A.C.,padron:canal,canal,-8.112903216499944,-79.02598934049996,49,Huamachuco,2.795084166722603,True,False,467.80179384354614,1794182.6827621984,1058.7356727234994,4060619.763801908,2150.715400549116,8248742.048444856
LIMA,AGROVETERINARIA EL AMIGO E.I.R.L.,padron:canal,canal,-11.208967265749948,-77.48537203674996,22,Pisco,5.184149259719543,False,False,246.75615008970806,1205090.3740392951,497.8036247542363,2431138.417968942,881.8065617037831,4306505.020797207
ANCASH,AGRO SERVICIOS Y PRODUCCION DE ALIMENTOS SAN JUAN DE PISCO S.R.L.,padron:canal,canal,-9.58072450849997,-77.48755910599996,4,Huamachuco,8.52176313064228,False,False,0.0,0.0,98.78469760669343,155130.68869479457,111.95817860575188,175818.21651441974
LIMA,AGROCOMERCIALIZADORA FORTALEZA EXPORT S.A.C.,padron:canal,canal,-12.093838644999948,-77.06669448899999,62,Pisco,3.0485938718071464,True,False,14.067054467334115,68699.69369966218,77.17552918751021,376904.4350118361,222.67269641450042,1087473.2926127014
SAN MARTIN,AGROSERVICIOS MONTERRICO E.I.R.LTDA,padron:canal,canal,-6.510808337999947,-76.37202386166662,51,Bellavista,1.643692585136887,True,False,363.19349556422065,1667639.2430818896,700.711041284285,3217384.7956476556,964.190442945554,4427176.80822618
SAN MARTIN,EMPRESA DE AGROSERVICIOS MALON SAC,padron:canal,canal,-7.018723231999957,-76.49929932849997,44,Bellavista,0.695199869829053,True,False,215.06664712453576,987500.0103340307,648.7835676470611,2978954.6092892583,1279.8680226269066,5876641.973399128
SAN MARTIN,AGRO SERVICIOS PACASMAYO S.A.C.,padron:canal,canal,-7.159358838249943,-76.40707039074995,10,Bellavista,0.4973233665992753,True,False,58.80788374462222,270022.2771962846,506.78849428446006,2326970.03479708,669.4417162072453,3073808.5635839524
SAN MARTIN,AGROSERVICIOS CHAVEZ EIRL,padron:canal,canal,-5.8215376679999435,-77.4067599833333,32,Bellavista,5.0651848537731325,False,False,418.2323769785266,1920355.7692940102,703.797983491845,3208632.041176582,878.4159642817978,3982816.2876635594
SAN MARTIN,TOP AGROVETERINARIA EL CAMPESINO S.A.C,padron:canal,canal,-5.874582397249959,-77.07746978587497,6,Bellavista,4.805022509666425,False,False,269.1040118690063,1235617.9726356836,308.4081992166561,1416087.0780544332,316.2535412697846,1452109.7503847098
SAN MARTIN,AGROVETERINARIA LAJAS EIRL,padron:canal,canal,-5.903089736999945,-77.35914823124997,38,Bellavista,4.209830409302858,False,False,493.57395047289066,2243367.377621061,752.3390974846347,3431513.4186955644,986.4871804464171,4505459.6338259075
SAN MARTIN,AGROSERVICIOS VERA S.A.C.,padron:canal,canal,-6.494636267749954,-76.30505668699996,45,Bellavista,1.5622711930690731,True,False,91.05891260186624,418106.10030703346,436.31090970933053,2003365.1596257216,741.7884573601425,3405995.8580404026
SAN MARTIN,AGROSERVICIOS DEL HUALLAGA E.I.R.L.,padron:canal,canal,-6.999837139999954,-76.58720885099996,40,Bellavista,0.2393157876145856,True,True,187.3811200428928,860379.1450359614,745.6590341581741,3423767.998347409,1146.1702612430677,5262755.336333889
LIMA,AGROVETERINARIA FATIMA E.I.R.L.,padron:canal,canal,-11.992827813999952,-77.08841318799995,64,Pisco,3.0485938718071464,True,False,44.3999042555989,216837.13742184968,114.55658375994815,559463.4067752776,256.26008941200547,1251505.0461299012
SAN MARTIN,AGROSERVICIOS SAN LORENZO S.A.C.,padron:canal,canal,-6.999837139999954,-76.58720885099996,40,Bellavista,0.2393157876145856,True,False,187.3811200428928,860379.1450359614,745.6590341581741,3423767.998347409,1146.1702612430677,5262755.336333889
HUANUCO,COMERCIAL AGROVETERINARIA S.A.,padron:canal,canal,-9.232244244333287,-76.06163512399996,14,Tarma,6.991299139352767,False,False,34.2556792212403,101948.95461503191,225.6114082395644,671446.246057415,457.56063676695356,1361754.5952046155
PASCO,AGROVETERINARIA CENTRAL NITSUGA SOCIEDAD COMERCIAL DE RESPONSABILIDAD LIMITADA CENTRAL NITSUGA S.R.L,padron:canal,canal,-10.70116907199997,-76.24658910799997,17,Tarma,2.353398261613884,True,False,23.88897804575023,61663.07368970391,81.3579251724057,210003.94933344328,289.05798094407294,785014.8205016591
PASCO,"AGROVETERINARIA Y MULTISERVICIOS ""DAGA"" SOCIEDAD COMERCIAL DE RESPONSABILIDAD LIMITADA",padron:canal,canal,-10.70116907199997,-76.24658910799997,17,Tarma,2.353398261613884,True,False,23.88897804575023,61663.07368970391,81.3579251724057,210003.94933344328,289.05798094407294,785014.8205016591
HUANUCO,'AGRO COMERCIAL LITO CHITO SOCIEDAD COMERCIAL DE RESPONSABILIDAD LIMITADA,padron:canal,canal,-9.937640738333288,-75.93635067922219,2,Tarma,6.2249678901932,False,False,36.94237102554854,109944.86732349059,36.94237102554854,109944.86732349059,36.94237102554854,109944.86732349059
PUNO,IMPORTACIONES DISTRIBUCIONES AGRO VETERINARIA PERU SOCIEDAD ANONIMA CERRADA,padron:canal,canal,-15.468395172166623,-70.20194182133329,116,Juliaca,0.391732177357745,True,False,434.10406308609197,728820.7681286123,1763.414589320309,2960610.7954413327,3649.7460648371152,6127587.7298605945
PUNO,COMERCIAL DISTRIBUIDORA AGROPEZ SOCIEDAD COMERCIAL DE RESPONSABILIDAD LIMITADA,padron:canal,canal,-16.11891839914281,-69.61075756564283,57,Juliaca,2.015884083261642,True,True,1005.3168904278336,1687834.5323134488,1740.9131888797874,2922833.015071242,2283.3146862267495,3833475.2079136614
PIURA,MOLIAGRO SERVICIOS Y NEGOCIOS GENERALES EMPRESA DE RESPONSABILIDAD LIMITADA,padron:canal,canal,-5.1062157147499505,-80.52711383199997,96,Chiclayo,3.08078512431454,True,False,465.04914369464495,1818199.7532725423,1026.476297808561,4013208.016228692,1891.874595748186,7396650.375235498
CUSCO,AGROVETERINARIA LA CHACRA EMPRESA INDIVIDUAL DE RESPONSABILIDAD LIMITADA,padron:canal,canal,-13.488168709833294,-71.97455360566663,73,Sicuani,3.2080566631666327,True,False,259.7205448725736,549701.68685849,641.8250855257285,1358430.5868243407,1557.3215242753256,3296089.915779247
LIMA,AGROSERVICIOS FLORES SOCIEDAD DE RESPONSABILIDAD LIMITADA,padron:canal,canal,-11.927920622999949,-77.03740747999996,62,Pisco,3.341094771641284,True,False,65.94867573909167,322075.51578724757,142.0326373971629,693649.0298803443,270.0159934898145,1318685.1653867017
ANCASH,AGROSERVICIOS RAFAEL E.I.R.L.,padron:canal,canal,-9.147950555142797,-78.1391375788571,8,Huamachuco,6.210079042004497,False,False,56.74157370846767,89106.50758953794,193.05161726631627,303166.6955078912,193.05161726631627,303166.6955078912
LIMA,AGROSERVICIOS SAN LUIS S.A.C.,padron:canal,canal,-12.12123578099994,-77.03185553199995,65,,,False,False,36.90507132424297,180234.39816965192,120.04413860663423,586263.1421429671,240.76881139794168,1175849.8293925351
AMAZONAS,AGROSERVICIOS JHONNY EMPRESA INDIVIDUAL DE RESPONSABILIDAD LIMITADA,padron:canal,canal,-5.58864530733329,-78.52011989433329,30,Chiclayo,5.06929364361305,False,False,149.167289507505,509699.9003355233,295.9197889973267,1023047.9227795361,620.9288655680457,2124372.3727900903
SAN MARTIN,AGROSERVICIOS AMAZONICOS E.I.R.L.,padron:canal,canal,-8.255198821499931,-76.52505808574996,13,Bellavista,3.843320181043184,True,True,559.7224196013524,2570021.444656943,775.0170998053982,3558568.49167185,1091.4608868315263,5011551.774465546
CAJAMARCA,AGROVETERINARIA LA SOLUCIÓN EMPRESA INDIVIDUAL DE RESPONSABILIDAD LIMITADA,padron:canal,canal,-6.563931802499951,-78.64512447433329,36,Chiclayo,5.218481705216816,False,False,289.7831131620945,530908.1418729115,582.2447924032081,1066723.6523097751,902.8487748767753,1654098.3366202682
AREQUIPA,AGROSERVICIOS NAZARETH  E.I.R.L.,padron:canal,canal,-16.355911164285665,-72.25542138499996,10,Juliaca,6.501308314101161,False,False,250.7903825207732,1300099.0339385096,630.2635782723963,3267290.639307904,660.1036240595179,3421981.6378644537
SAN MARTIN,FERRETERIA AGROCOMERCIAL QUINTANA E.I.R.L.,padron:canal,canal,-6.078775626333292,-77.19874826499996,40,Bellavista,3.774667494082822,True,False,295.18761718659204,1332456.6957945598,693.1066378260506,3159541.6587457675,997.724378150343,4558224.465866398
SAN MARTIN,AGRO COMERCIALIZADORA AP E.I.R.L.,padron:canal,canal,-6.499138567499969,-76.41090773149996,51,Bellavista,1.643692585136887,True,False,248.6570347268601,1141733.6330175693,633.4079170167527,2908355.7723271977,973.8929092941305,4471726.652414419
LIMA,AGRO SERVICIOS SUMAQ KAUSAY E.I.R.L,padron:canal,canal,-11.426808909499954,-77.16120348124996,14,Pisco,4.57272988343412,False,False,0.0,0.0,317.12421522891805,1548748.9937259906,441.6239527314037,2156772.077163303
CAJAMARCA,EMPRESA AGROVETERINARIA LA ECONOMICA S.R.L - EMPRAVEC S.R.L.,padron:canal,canal,-7.1339595449999536,-78.54251182749995,13,Huamachuco,2.974150965951349,True,False,85.89191016604086,157361.53128653968,160.84354829592655,294679.52230284153,414.68759196623347,759744.1290010394
APURIMAC,AGRO SERVICIOS MULTIPLES EL CAMPITO E.I.R.L.,padron:canal,canal,-13.631881480777736,-72.87862450422217,20,Sicuani,6.925891170359155,False,False,21.086704193355647,117718.1787878816,35.3232676163498,197194.90985907064,54.72146023890638,305486.8404692327
SAN MARTIN,AGROCOMERCIAL ELIZABETH E.I.R.L.,padron:canal,canal,-6.089176110333294,-77.10087507333328,46,Bellavista,3.937096061706977,True,False,279.1000662453443,1281515.8556031778,614.2658641702507,2779906.0969832586,1372.2419322278872,6203278.100509002
LIMA,AGRO SERVICIOS PANCHITO S.A.C.,padron:canal,canal,-11.208967265749948,-77.48537203674996,22,Pisco,5.184149259719543,False,False,246.75615008970806,1205090.3740392951,497.8036247542363,2431138.417968942,881.8065617037831,4306505.020797207
ANCASH,M & G AGRO SERVICIOS E.I.R.L.,padron:canal,canal,-9.486941018999943,-78.24837464433331,16,Huamachuco,5.679473109297311,False,False,162.9792868035527,255941.35141745326,217.40837661290598,341416.3530292786,279.1053630824522,438304.80066639127
LIMA,AGROVETERINARIA VIDA SANA E.I.R.L.,padron:canal,canal,-12.072332720999952,-77.01738574699993,65,Pisco,3.0485938718071464,True,False,16.26708337796758,79444.04054511544,120.04413860663422,586263.1421429672,250.28288710469414,1222314.0048464006
LAMBAYEQUE,AGRO DISTRIBUIDOR SAN FRANCISCO SOCIEDAD COMERCIAL DE RESPONSABILIDAD LIMITADA,padron:canal,canal,-6.659179089166618,-79.90060426241662,139,Chiclayo,0.5471842990721545,True,False,1686.5460894090816,7508720.825058359,3069.3797681306837,13665274.806128021,3786.7984154169035,16859315.20086793
AREQUIPA,AGRO SERVICIOS Y NEGOCIOS GOMEZ- RODRIGUEZ EMPRESA INDIVIDUAL DE RESPONSABILIDAD LIMITADA,padron:canal,canal,-16.572356766142807,-71.83152664071424,29,Juliaca,5.395672030251448,False,False,244.3560822095747,1266743.5777420723,696.3694251792156,3609983.7953906492,948.054587928787,4914721.376068292
LIMA,COMERCIALIZADORA AGROTECNOLOGICA S.A. COLTEC,padron:canal,canal,-12.126991046999931,-76.98430619899995,64,Pisco,3.012573270609794,True,False,36.75289590887829,179491.21455232473,110.31061256653024,538727.2305471436,228.6503670146741,1116666.620912029
PASCO,AGROVETERINARIA Y MULTISERVICIOS EL ZOOTECNISTA SOCIEDAD ANONIMA CERRADA,padron:canal,canal,-10.70116907199997,-76.24658910799997,17,Tarma,2.353398261613884,True,False,23.88897804575023,61663.07368970391,81.3579251724057,210003.94933344328,289.05798094407294,785014.8205016591
LIMA,IMPORTACIONES AGROVETERINARIAS JR & JL S.A.C.,padron:canal,canal,-10.727300391166628,-77.7047406123333,28,Pisco,5.79940530506873,False,False,375.18946361403977,1832323.98008265,788.0534383472842,3848640.0944236955,900.549484583851,4398040.392604229
AMAZONAS,AGROVETERINARIA SAHUAL S.A.C,padron:canal,canal,-6.248160420999952,-77.86916627199997,27,Chiclayo,7.975895565859675,False,False,33.066014827664425,115666.67266926673,57.69960139110643,201836.2642742357,191.7196908100416,670645.6413557607
TUMBES,AGRO COMERCIAL UNION E.I.R.L,padron:canal,canal,-3.5121632614999356,-80.23228071824995,39,Chiclayo,7.429176645754136,False,False,240.4031980401558,1628537.668567494,476.52143804733254,3228048.2042938867,520.7543309494288,3527690.3590906085
AREQUIPA,AGROVETERINARIA SIGLO XXI E.I.R.L.,padron:canal,canal,-16.355911164285665,-72.25542138499996,10,Juliaca,6.501308314101161,False,False,250.7903825207732,1300099.0339385096,630.2635782723963,3267290.639307904,660.1036240595179,3421981.6378644537
CAJAMARCA,AGROVETERINARIA EL PROGRESO E.I.R.L,padron:canal,canal,-7.04117437916662,-78.8979854703333,3,Chiclayo,5.776427115056853,False,False,38.0118154666756,69640.9880424617,38.0118154666756,69640.9880424617,49.92046863617938,91458.6876918325
PIURA,COMERCIALIZADORA AGROINDUSTRIAL NARIHUALAC S.A.C,padron:canal,canal,-5.288880271272686,-80.62994413381814,89,Chiclayo,2.889506193810368,True,False,467.09048387893483,1826180.7683324437,1047.5431060080296,4095572.7856081286,1509.1447302241622,5900293.793354048
TACNA,AGROVETERINARIA CAPLINA E.I.R.L.,padron:canal,canal,-17.833332841999948,-70.27886115699994,10,Juliaca,9.04058028925242,False,False,4.393006217662023,14467.964280580629,166.2320940675639,547470.2015185416,368.0392534880558,1212103.627786491
LIMA,IGLESIA PENTECOSTAL SEMILLEROS DE CRISTO,padron:canal,canal,-11.992827813999952,-77.08841318799995,64,Pisco,3.0485938718071464,True,False,44.3999042555989,216837.13742184968,114.55658375994815,559463.4067752776,256.26008941200547,1251505.0461299012
LAMBAYEQUE,NEGOCIOS Y AGROSERVICIOS JOLSA E.I.R.L.,padron:canal,canal,-6.628122667499937,-79.82482128774997,129,Chiclayo,0.2764130371427082,True,False,725.0175356231309,3227871.626190365,2211.4969334277257,9845869.72325172,3460.688504462627,15407431.795476828
LIMA,SANIDAD AGROVETERINARIA S.A.C,padron:canal,canal,-11.927920622999949,-77.03740747999996,62,Pisco,3.341094771641284,True,False,65.94867573909167,322075.51578724757,142.0326373971629,693649.0298803443,270.0159934898145,1318685.1653867017
SAN MARTIN,AGRO SERVICIOS COMERCIAL PEREZ E.I.R.L.,padron:canal,canal,-5.903089736999945,-77.35914823124997,38,Bellavista,4.209830409302858,False,False,493.57395047289066,2243367.377621061,752.3390974846347,3431513.4186955644,986.4871804464171,4505459.6338259075
ANCASH,AGROCOMERCIALIZADORA NORTE CHICO S.A.C.,padron:canal,canal,-10.303023871999955,-77.58287924699997,5,Pisco,9.657625453044794,False,False,16.122695434449266,25318.95027224403,25.443684170483237,70840.14112499327,52.034167421840564,150664.41063347823
LIMA,COMERCIALIZADORA AGRO VERDE S.A.C.,padron:canal,canal,-12.12123578099994,-77.03185553199995,65,,,False,False,36.90507132424297,180234.39816965192,120.04413860663423,586263.1421429671,240.76881139794168,1175849.8293925351
LIMA,DISTRIBUIDORA AGRO SUNI DEL PERU S.A.C.,padron:canal,canal,-12.044540457999972,-77.05082250599997,65,Pisco,3.0485938718071464,True,False,35.90114725484098,175331.5042322045,104.58001899138137,510740.5596883516,251.29183742061977,1227241.445613992
AREQUIPA,AGROVETERINARIA BRESCIA E.I.R.L.,padron:canal,canal,-16.355911164285665,-72.25542138499996,10,Juliaca,6.501308314101161,False,False,250.7903825207732,1300099.0339385096,630.2635782723963,3267290.639307904,660.1036240595179,3421981.6378644537
LA LIBERTAD,AGROSERVICIOS MULTIPLES DELGADO S.A.C.,padron:canal,canal,-8.531563946888834,-78.59765777899996,0,Huamachuco,3.834136827785757,True,False,0.0,0.0,0.0,0.0,0.0,0.0
AREQUIPA,AGRO DISTRIBUCIONES IVALCAR E.I.R.L.,padron:canal,canal,-16.399486431999946,-71.55475674699994,33,Juliaca,4.437874042686684,False,False,262.84633235331523,1362597.1591574892,367.23391009947966,1903743.066025461,521.1139273688896,2701458.113084054
SAN MARTIN,AGRO COMERCIAL ROJAS S.A.C.,padron:canal,canal,-6.078775626333292,-77.19874826499996,40,Bellavista,3.774667494082822,True,False,295.18761718659204,1332456.6957945598,693.1066378260506,3159541.6587457675,997.724378150343,4558224.465866398
SAN MARTIN,AGRO COMERCIAL BRAVO  S.R.L.,padron:canal,canal,-5.903089736999945,-77.35914823124997,38,Bellavista,4.209830409302858,False,False,493.57395047289066,2243367.377621061,752.3390974846347,3431513.4186955644,986.4871804464171,4505459.6338259075
PUNO,DISTRIBUIDORA AGROFER SAN ANTONIO E.I.R.L.,padron:canal,canal,-15.468395172166623,-70.20194182133329,116,Juliaca,0.391732177357745,True,False,434.10406308609197,728820.7681286123,1763.414589320309,2960610.7954413327,3649.7460648371152,6127587.7298605945
LIMA,AGROSERVICIOS PAPA BUENA S.A.C.,padron:canal,canal,-12.043207248999977,-76.96314006599994,64,Pisco,3.012573270609794,True,False,22.35849964791668,109192.87196639228,121.6752932856931,594229.2609269909,246.86038104106365,1205599.4098469536
ICA,AGROSERVICIOS Y NEGOCIOS R & A EMPRESA INDIVIDUAL DE RESPONSABILIDAD LIMITADA,padron:canal,canal,-13.532068524066627,-76.09022220366663,71,Pisco,0.3324523879337658,True,False,376.9941463413423,2773299.941631102,719.6109785789974,5293708.414992915,1119.6213815011452,8236323.937917742
LIMA,AGRO COMERCIAL HUAYIGED E.I.R.L.,padron:canal,canal,-12.043207248999977,-76.96314006599994,64,Pisco,3.012573270609794,True,False,22.35849964791668,109192.87196639228,121.6752932856931,594229.2609269909,246.86038104106365,1205599.4098469536
LIMA,D.C. SEMILLERO CANTO GRANDE,padron:canal,canal,-11.945962191999968,-76.97148873299994,55,Pisco,3.3757308752389563,True,False,5.880932965091482,28720.88782397367,35.906249918607514,175356.42426351787,147.33931689865582,719565.4189269231
HUANUCO,AGRO VETERINARIA JCRA SOCIEDAD COMERCIAL DE RESPONSABILIDAD LIMITADA,padron:canal,canal,-10.159807937714236,-76.15909165699998,12,Tarma,3.8969716942257207,True,False,28.80323583118378,85721.8379339172,71.25128740247683,212052.2620130577,207.8201610120806,618497.389185387
AMAZONAS,COMERCIALIZADORA & AGROSERVICIOS JK E.I.R.L.,padron:canal,canal,-5.58864530733329,-78.52011989433329,30,Chiclayo,5.06929364361305,False,False,149.167289507505,509699.9003355233,295.9197889973267,1023047.9227795361,620.9288655680457,2124372.3727900903
LIMA,AGRO COMERCIAL HUAMERFA E.I.R.L.,padron:canal,canal,-12.043207248999977,-76.96314006599994,64,Pisco,3.012573270609794,True,False,22.35849964791668,109192.87196639228,121.6752932856931,594229.2609269909,246.86038104106365,1205599.4098469536
JUNIN,AGRO SERVICIOS TORRES SOCIEDAD COMERCIAL DE RESPONSABILIDAD LIMITADA AGRO SERVICIOS TORRES S.R.L.,padron:canal,canal,-11.34937627812495,-74.38681988274996,3,Satipo,1.7446566623015412,True,False,189.85661789375297,555108.0123877096,189.85661789375297,555108.0123877096,413.3519698401054,1208569.8825778742
UCAYALI,CORPORACION AGROVETERINARIA DANYEL Y ASOCIADOS S.A.C.,padron:canal,canal,-8.195059035299959,-74.33146417789996,20,,,False,False,136.02515505760815,668418.3322823104,390.17006007132113,1917269.057689447,499.0379341407749,2452238.363872603
CUSCO,DISTRIBUIDORA AGROINDUSTRIAL LH VETCA E.I.R.L.,padron:canal,canal,-13.488168709833294,-71.97455360566663,73,Sicuani,3.2080566631666327,True,False,259.7205448725736,549701.68685849,641.8250855257285,1358430.5868243407,1557.3215242753256,3296089.915779247
LIMA,AGRO COMERCIAL CRISELDA E.I.R.L.,padron:canal,canal,-12.043207248999977,-76.96314006599994,64,Pisco,3.012573270609794,True,False,22.35849964791668,109192.87196639228,121.6752932856931,594229.2609269909,246.86038104106365,1205599.4098469536
LA LIBERTAD,AGRO SERVICIOS EL ROSARIO S.A.C.,padron:canal,canal,-8.531563946888834,-78.59765777899996,0,Huamachuco,3.834136827785757,True,False,0.0,0.0,0.0,0.0,0.0,0.0
AMAZONAS,AGROVETERINARIA Y NUTRIMENTOS SAN ANTONIO S.R.L,padron:canal,canal,-5.58864530733329,-78.52011989433329,30,Chiclayo,5.06929364361305,False,False,149.167289507505,509699.9003355233,295.9197889973267,1023047.9227795361,620.9288655680457,2124372.3727900903
LORETO,AGROCOMERCIALIZADORA EL PLATANAL E.I.R.L,padron:canal,canal,-5.86002590599996,-76.1473921215714,5,Bellavista,3.684948679485853,True,False,45.838180047197525,159684.60047338478,71.27512189786671,248298.23854772554,170.79034407863537,705232.3296576214
HUANUCO,MOLINO DE DOLOMITA - INSUMOS AGRICOLAS FLAQUETA E.I.R.L.,padron:canal,canal,-9.380534043333284,-75.97580413799999,21,Tarma,6.02087279230942,False,False,170.53502055957333,507532.3994895811,518.9993498417666,1544603.4749601893,713.3939377507711,2123144.7700297246
UCAYALI,AGRO VETERINARIA EL MOLINO E.I.R.L.,padron:canal,canal,-8.504587933499948,-74.82641630649995,35,Tarma,9.778074403429358,False,True,281.15831574090106,1381592.7828587682,667.2397163817286,3278770.4470361597,1040.0010601241474,4712887.659749054
LIMA,L.G.A. AGROSERVICIOS E.I.R.L.,padron:canal,canal,-11.972420735999949,-77.07436708199998,68,Pisco,3.0485938718071464,True,False,44.3999042555989,216837.13742184968,127.74643207399355,623879.0626060073,388.46720783483767,1897168.8957762306
AMAZONAS,ASOCIACION PRODUCTIVA AGROCOMERCIAL GOLLON,padron:canal,canal,-6.248160420999952,-77.86916627199997,27,Chiclayo,7.975895565859675,False,False,33.066014827664425,115666.67266926673,57.69960139110643,201836.2642742357,191.7196908100416,670645.6413557607
LORETO,AGROCOMERCIALIZADORA FERNANDEZ E.I.R.L.,padron:canal,canal,-3.779706107666622,-73.20262066966664,0,,,False,False,0.0,0.0,0.0,0.0,0.0,0.0
PASCO,INVERSIONES AGROVETERINARIAS SOMY E.I.R.L.,padron:canal,canal,-10.680075969999951,-75.22024060939995,3,Tarma,3.4079905408490627,True,False,0.0,0.0,133.25411269723332,343960.2211098921,260.92314533452026,673504.0363509429
LA LIBERTAD,GRUPO EDUCATIVO SEMILLERO DE LIDERES S.A.C. - G.E.S.D.L. S.A.C.,padron:canal,canal,-8.112903216499944,-79.02598934049996,49,Huamachuco,2.795084166722603,True,False,467.80179384354614,1794182.6827621984,1058.7356727234994,4060619.763801908,2150.715400549116,8248742.048444856
LIMA,AGROCOMERCIAL CAMACHO EIRL,padron:canal,canal,-10.727300391166628,-77.7047406123333,28,Pisco,5.79940530506873,False,False,375.18946361403977,1832323.98008265,788.0534383472842,3848640.0944236955,900.549484583851,4398040.392604229
LIMA,AGROCOMERCIAL E & N S.A.C.,padron:canal,canal,-12.043207248999977,-76.96314006599994,64,Pisco,3.012573270609794,True,False,22.35849964791668,109192.87196639228,121.6752932856931,594229.2609269909,246.86038104106365,1205599.4098469536
TACNA,AGROCOMERCIAL FORAGRO EMPRESA INDIVIDUAL DE RESPONSABILIDAD LIMITADA - FORAGRO E.I.R.L.,padron:canal,canal,-17.833332841999948,-70.27886115699994,10,Juliaca,9.04058028925242,False,False,4.393006217662023,14467.964280580629,166.2320940675639,547470.2015185416,368.0392534880558,1212103.627786491
JUNIN,AGROVETERINARIA DEL CENTRO S.A.C.,padron:canal,canal,-12.01999116233327,-75.13048408966664,114,Tarma,2.085889930192646,True,False,142.1235088811493,415544.632596016,1012.9212894199801,2961607.1850062297,1686.2160469818741,4975370.4720538985
LA LIBERTAD,EMPRESA DE AGROSERVICIOS ROSITA TRACTOR E.I.R.L.,padron:canal,canal,-8.052688118999981,-78.98527336199999,35,Huamachuco,2.5087786745660683,True,False,283.952734026348,1089057.5556096337,654.9035634330085,2511783.0838924423,1324.9596640681086,5081681.421308249
UCAYALI,REPRESENTACIONES AGROVETERINARIAS DEL ORIENTE S.A.C.,padron:canal,canal,-8.195059035299959,-74.33146417789996,20,,,False,False,136.02515505760815,668418.3322823104,390.17006007132113,1917269.057689447,499.0379341407749,2452238.363872603
TUMBES,AGROVETERINARIA IZQUIERDO E.I.R.L.,padron:canal,canal,-3.54901994949995,-80.42293371883329,46,Chiclayo,6.974805135813187,False,True,471.7359988977346,3195630.7157609086,592.6464702547964,4014701.588089054,660.6855778558502,4475611.63657154
JUNIN,AGROCOMERCIAL LUCHO S.A.C.,padron:canal,canal,-11.625696256714248,-74.37676050014282,4,Satipo,1.3825185978392642,True,False,235.63427670176983,688953.9929734467,302.8562735439411,885499.5201705706,551.5409892881406,1612610.7465235996
LIMA,ESCUELA DE INICIACION AL FUTBOL SEMILLERO CHANCAY,padron:canal,canal,-11.524083201999948,-77.2758532423333,28,Pisco,4.119516323120637,False,False,333.4419702429789,1628440.5008524687,633.4089224510294,3093398.0571460337,850.6237582477823,4154216.632983065
LIMA,CORPORACION AGROSERVICIOS J Y E EMPRESA INDIVIDUAL DE RESPONSABILIDAD LIMITADA,padron:canal,canal,-12.192644506999956,-77.00588969799998,63,,,False,False,28.635121538640146,139846.19760486294,91.34851851392646,446121.4859441698,234.2794130867082,1144157.3611994172
AYACUCHO,AGROVETERINARIA FERRETERA Y MULTISERVICIOS AGROPEC AYACUCHO E.I.R.L.,padron:canal,canal,-13.195303347999982,-74.21148063299995,55,Pisco,6.241979107773316,False,False,56.679510563253906,176056.43091003314,197.3792347850612,613094.278103032,439.21422177721024,1369786.0932034703
SAN MARTIN,AGROSERVICIOS EL AMIGO EMPRESA INDIVIDUAL DE RESPONSABILIDAD LIMITADA,padron:canal,canal,-6.510808337999947,-76.37202386166662,51,Bellavista,1.643692585136887,True,False,363.19349556422065,1667639.2430818896,700.711041284285,3217384.7956476556,964.190442945554,4427176.80822618
PIURA,ASOCIACION DEPORTIVA SEMILLERO DEL NORTE,padron:canal,canal,-5.617652616499967,-80.76249016074998,46,,,False,False,107.50137203433196,420297.4476125949,180.16984286781457,704408.9174035935,371.9906069284712,1454369.3691459603
ANCASH,AGROSERVICIOS M & M E.I.R.L.,padron:canal,canal,-8.990527793499979,-78.61250742199996,29,Huamachuco,4.633802710677776,False,False,192.45383580667178,375483.8080330708,653.6055343546643,1589065.7003493516,1013.1841948319693,2694358.528218104
LA LIBERTAD,AGROSERVICIOS RONAL DELGADO E.I.R.L.,padron:canal,canal,-8.112903216499944,-79.02598934049996,49,Huamachuco,2.795084166722603,True,False,467.80179384354614,1794182.6827621984,1058.7356727234994,4060619.763801908,2150.715400549116,8248742.048444856
AREQUIPA,AGROCOMERCIALIZADORA SANTA GREGORIA E.I.R.L.,padron:canal,canal,-15.403413153499955,-74.55147701274997,6,Pisco,5.774780375609556,False,False,59.97295361718314,310900.19591832015,120.5875967741366,625126.9147373929,253.178350804446,1312478.277621914
LIMA,AGRO COMERCIALIZADORA BRISA S.A.C.,padron:canal,canal,-11.945962191999968,-76.97148873299994,55,Pisco,3.3757308752389563,True,False,5.880932965091482,28720.88782397367,35.906249918607514,175356.42426351787,147.33931689865582,719565.4189269231
AREQUIPA,AGROVETERINARIA E INSUMOS JOSE & LUIS EMPRESA INDIVIDUAL DE RESPONSABILIDAD LIMITADA,padron:canal,canal,-16.355911164285665,-72.25542138499996,10,Juliaca,6.501308314101161,False,False,250.7903825207732,1300099.0339385096,630.2635782723963,3267290.639307904,660.1036240595179,3421981.6378644537
LAMBAYEQUE,AGROCOMERCIAL IZUMI EMPRESA INDIVIDUAL DE RESPONSABILIDAD LIMITADA,padron:canal,canal,-6.613897299222174,-79.79464823255552,126,Chiclayo,0.2764130371427082,True,False,908.5256122168123,4044873.2634051302,2285.3708597479435,10174765.976056643,3308.6014230953697,14730320.483633118
HUANUCO,AGROSERVICIOS MAMONTI E.I.R.L,padron:canal,canal,-10.159807937714236,-76.15909165699998,12,Tarma,3.8969716942257207,True,False,28.80323583118378,85721.8379339172,71.25128740247683,212052.2620130577,207.8201610120806,618497.389185387
AREQUIPA,AGROSEMILLERA CARLITOS EMPRESA INDIVIDUAL DE RESPONSABILIDAD LIMITADA,padron:canal,canal,-16.271268264999964,-72.49312633266663,11,Juliaca,7.341491787111587,False,False,197.86196166450017,1025717.743350416,197.86196166450017,1025717.743350416,471.7580462036425,2445596.8923420403
AMAZONAS,AGROVETERINARIA AGROSOLUCION S.R.L.,padron:canal,canal,-6.248160420999952,-77.86916627199997,27,Chiclayo,7.975895565859675,False,False,33.066014827664425,115666.67266926673,57.69960139110643,201836.2642742357,191.7196908100416,670645.6413557607
CAJAMARCA,AGROVETERINARIAS ASOCIADAS CAJAMARCA,padron:canal,canal,-7.1339595449999536,-78.54251182749995,13,Huamachuco,2.974150965951349,True,False,85.89191016604086,157361.53128653968,160.84354829592655,294679.52230284153,414.68759196623347,759744.1290010394
PIURA,AGROCOMERCIALIZADORA Y DE SERVICIOS EMA S.A.C.,padron:canal,canal,-4.8364109005555065,-80.57625466399996,31,Chiclayo,3.675244993160447,True,False,126.48696610619405,494525.3070232083,279.71587452980106,1093603.420094533,716.8942799279182,2802837.120679224
LIMA,AGRO COMERCIAL PORVENIR S.A.C.,padron:canal,canal,-10.644236568499949,-77.70549392674995,25,Pisco,5.79940530506873,False,False,344.22879322973785,1583730.0923667098,622.548275125731,2942967.2518803873,845.521511296135,4031908.2994678835
LA LIBERTAD,AGROSERVICIOS VIRU S.A.C.,padron:canal,canal,-8.112903216499944,-79.02598934049996,49,Huamachuco,2.795084166722603,True,False,467.80179384354614,1794182.6827621984,1058.7356727234994,4060619.763801908,2150.715400549116,8248742.048444856
LIMA,AGROCOMERCIAL VIRGEN DE CHAPI S.A.C.,padron:canal,canal,-12.043207248999977,-76.96314006599994,64,Pisco,3.012573270609794,True,False,22.35849964791668,109192.87196639228,121.6752932856931,594229.2609269909,246.86038104106365,1205599.4098469536
CUSCO,AGROSERVICIOS SAMBOR  S.A.C,padron:canal,canal,-13.473587470999954,-72.15950086588886,92,Sicuani,2.85466213676564,True,False,1124.6235510470046,2380279.4014413995,1814.4837094330724,3840376.8032366307,2302.14579396375,4872519.52654319
LAMBAYEQUE,AGROCOMERCIAL VEGA S.R.L.,padron:canal,canal,-6.736609266499954,-79.84224487999995,146,Chiclayo,0.2764130371427082,True,False,1464.463406718645,6519980.063762724,2678.3376794851943,11924304.966688015,4057.004951583374,17947735.27048757
JUNIN,AGROVETERINARIA ALFOMBRA VERDE Y DE SERVICIOS MULTIPLES S.R.L.,padron:canal,canal,-12.01999116233327,-75.13048408966664,114,Tarma,2.085889930192646,True,False,142.1235088811493,415544.632596016,1012.9212894199801,2961607.1850062297,1686.2160469818741,4975370.4720538985
LA LIBERTAD,AGROSERVICIOS MACO E.I.R.L.,padron:canal,canal,-8.052688118999981,-78.98527336199999,35,Huamachuco,2.5087786745660683,True,False,283.952734026348,1089057.5556096337,654.9035634330085,2511783.0838924423,1324.9596640681086,5081681.421308249
LA LIBERTAD,AGROVETERINARIA AJAT HNOS E.I.R.L.,padron:canal,canal,-7.242392412999948,-79.38432594683331,44,Chiclayo,1.1251901204746066,True,False,529.2869403066177,2029999.617376252,1127.7497461350852,4315911.190656047,1605.646387778285,6237554.027657407
CAJAMARCA,AGROSERVICIOS GENERALES LISMAR E.I.R.L.,padron:canal,canal,-7.1339595449999536,-78.54251182749995,13,Huamachuco,2.974150965951349,True,False,85.89191016604086,157361.53128653968,160.84354829592655,294679.52230284153,414.68759196623347,759744.1290010394
LIMA,AGRO COMERCIAL DIC HUARINO S.A.C.,padron:canal,canal,-12.043207248999977,-76.96314006599994,64,Pisco,3.012573270609794,True,False,22.35849964791668,109192.87196639228,121.6752932856931,594229.2609269909,246.86038104106365,1205599.4098469536
AMAZONAS,AGROSERVICIOS EL CAFETAL E.I.R.L.,padron:canal,canal,-6.071434659249952,-78.40581470337496,10,Chiclayo,7.286382559174177,False,False,23.317290101984252,81565.11680700308,79.43807584356547,209123.28011269553,149.12542795616775,452893.33187147416
LA LIBERTAD,AGROVETERINARIA MI PERU EMPRESA INDIVIDUAL DE RESPONSABILIDAD LIMITADA,padron:canal,canal,-7.242392412999948,-79.38432594683331,44,Chiclayo,1.1251901204746066,True,False,529.2869403066177,2029999.617376252,1127.7497461350852,4315911.190656047,1605.646387778285,6237554.027657407
CAJAMARCA,AGROVETERINARIA SANTA APOLONIA S.R.L,padron:canal,canal,-7.1339595449999536,-78.54251182749995,13,Huamachuco,2.974150965951349,True,False,85.89191016604086,157361.53128653968,160.84354829592655,294679.52230284153,414.68759196623347,759744.1290010394
AREQUIPA,CASA AGROVETERINARIA E.I.R.L.,padron:canal,canal,-16.406658033999975,-71.53845913699996,33,Juliaca,4.437874042686684,False,False,262.84633235331523,1362597.1591574892,378.90674701372006,1964255.1312928314,521.1139273688896,2701458.113084054
SAN MARTIN,AGROSERVICIOS MERA E.I.R.L.,padron:canal,canal,-5.903089736999945,-77.35914823124997,38,Bellavista,4.209830409302858,False,False,493.57395047289066,2243367.377621061,752.3390974846347,3431513.4186955644,986.4871804464171,4505459.6338259075
AREQUIPA,AGROSERVICIOS B & R INGENIEROS S.A.C.,padron:canal,canal,-16.355911164285665,-72.25542138499996,10,Juliaca,6.501308314101161,False,False,250.7903825207732,1300099.0339385096,630.2635782723963,3267290.639307904,660.1036240595179,3421981.6378644537
LIMA,AGROVETERINARIA MALENIC S.A.C.,padron:canal,canal,-12.956796703599958,-76.38260593479995,42,Pisco,1.3603158680328946,True,False,419.32043414837864,2047847.7178642997,507.4966005552642,2478476.2931520646,594.0105408097021,2900987.0049739634
JUNIN,AGROSERVICIOS FERTISELVA S.A.C.,padron:canal,canal,-11.34937627812495,-74.38681988274996,3,Satipo,1.7446566623015412,True,False,189.85661789375297,555108.0123877096,189.85661789375297,555108.0123877096,413.3519698401054,1208569.8825778742
LA LIBERTAD,AGRO SERVICIOS BITIN S.A.C.,padron:canal,canal,-8.112903216499944,-79.02598934049996,49,Huamachuco,2.795084166722603,True,False,467.80179384354614,1794182.6827621984,1058.7356727234994,4060619.763801908,2150.715400549116,8248742.048444856
JUNIN,AGROSERVICIOS LA CASA DEL CAMPESINO S.R.L.,padron:canal,canal,-11.196044039833291,-74.6180556923333,29,Satipo,0.0527905707521289,True,True,1318.5993032583274,3855356.9872247963,1915.6933787246633,5601157.102689199,3217.418540634436,9407177.010339623
LA LIBERTAD,AGROSEMILLERIA TRONCOSSY S.A.C.,padron:canal,canal,-8.112903216499944,-79.02598934049996,49,Huamachuco,2.795084166722603,True,False,467.80179384354614,1794182.6827621984,1058.7356727234994,4060619.763801908,2150.715400549116,8248742.048444856
LIMA,AGROVETERINARIA Y MULTISERVICIOS ASHLEY BRIDGET SOCIEDAD ANONIMA CERRADA,padron:canal,canal,-10.833984057142809,-76.80337243899997,3,Tarma,6.757612259805398,False,False,11.807303188020772,57663.67894001596,24.172483207882273,118051.87761219012,24.172483207882273,118051.87761219012
LA LIBERTAD,AGROSERVICIOS GREYSSI & JOSUE S.A.C.,padron:canal,canal,-7.280277065499945,-79.47136821024996,46,Chiclayo,1.5563881818261769,True,False,928.5306388134677,3535162.649778685,1382.0049334110013,5284835.520208351,1753.7611683549467,6825627.155466036
UCAYALI,AGROSERVICIOS RODDASH E.I.R.L.,padron:canal,canal,-8.504587933499948,-74.82641630649995,35,Tarma,9.778074403429358,False,False,281.15831574090106,1381592.7828587682,667.2397163817286,3278770.4470361597,1040.0010601241474,4712887.659749054
PUNO,ASOCIACION DE PRODUCTORES SEMILLERISTAS Y SERVICIOS MULTIPLES SUMAC ILLARI,padron:canal,canal,-14.917742712099948,-70.58910830039997,67,Juliaca,1.892659197857117,True,True,841.1534049713382,1412219.1494061823,1423.8692604901535,2390545.4391919533,2148.845074390649,3607713.105869233
AMAZONAS,AGROSERVICIOS E INVERSIONES EL CAMPESINO E.I.R.L.,padron:canal,canal,-6.512076057799959,-77.80062446479995,5,Chiclayo,7.590427154138834,False,False,54.079593239613324,189173.28386667487,54.079593239613324,189173.28386667487,54.079593239613324,189173.28386667487
LA LIBERTAD,AGROCOMERCIALIZADORA BURGA S.R.L. AGROBUR S.R.L.,padron:canal,canal,-7.280277065499945,-79.47136821024996,46,Chiclayo,1.5563881818261769,True,False,928.5306388134677,3535162.649778685,1382.0049334110013,5284835.520208351,1753.7611683549467,6825627.155466036
CUSCO,AGROVETERINARIA TECNIAGRO E.I.R.L.,padron:canal,canal,-13.473587470999954,-72.15950086588886,92,Sicuani,2.85466213676564,True,False,1124.6235510470046,2380279.4014413995,1814.4837094330724,3840376.8032366307,2302.14579396375,4872519.52654319
LIMA,AGRO VETERINARIA CHALLCO S.A.C.,padron:canal,canal,-13.031336240285668,-76.36795918114282,53,Pisco,1.3603158680328946,True,False,465.71045347424365,2274404.039645025,528.4873790273728,2580989.5843958003,716.9126593128074,3610775.334364575
AREQUIPA,AGROSERVICIOS SAN FERMIN E.I.R.L.,padron:canal,canal,-16.355911164285665,-72.25542138499996,10,Juliaca,6.501308314101161,False,False,250.7903825207732,1300099.0339385096,630.2635782723963,3267290.639307904,660.1036240595179,3421981.6378644537
LIMA,AGROCOMERCIALIZADORA THIAGO RM S.A.C.,padron:canal,canal,-10.727300391166628,-77.7047406123333,28,Pisco,5.79940530506873,False,False,375.18946361403977,1832323.98008265,788.0534383472842,3848640.0944236955,900.549484583851,4398040.392604229
CAJAMARCA,AGROSERVICIOS COAXA S.A.C.,padron:canal,canal,-5.77777052999996,-78.8564451898333,2,Chiclayo,4.408750112942358,False,False,23.59621671197964,43230.343663194246,23.59621671197964,43230.343663194246,63.59196425281655,116506.06969850053
LIMA,AGRO DISTRIBUCIONES MAYRA E.I.R.L.,padron:canal,canal,-11.858273293999956,-76.64900943499998,20,Pisco,4.185097542792419,False,False,28.247122297398917,137951.31413150526,54.88905178573156,268063.3002382394,76.86803779867105,375402.7301398183
AMAZONAS,AGROSERVICIOS JHERRY S.R.L.,padron:canal,canal,-5.58864530733329,-78.52011989433329,30,Chiclayo,5.06929364361305,False,False,149.167289507505,509699.9003355233,295.9197889973267,1023047.9227795361,620.9288655680457,2124372.3727900903
SAN MARTIN,AGROSERVICIOS UCAYALI S.A.C.,padron:canal,canal,-6.614844020199951,-76.34926345519995,41,Bellavista,1.847099072417524,True,False,125.36853872897787,575642.1785789032,310.60780290510525,1426186.778282784,701.4038827310202,3220566.046413214
LIMA,AGRO DISTRIBUIDORA FPCF E.I.R.L.,padron:canal,canal,-12.243244325666637,-76.86513057833328,58,Pisco,2.713858820494706,True,False,52.413717940908256,255974.438469867,79.13871504074699,386492.1043498674,248.69370222798625,1214552.8552386067
LIMA,COMERCIALIZADORA AGROSUR E.I.R.L.,padron:canal,canal,-12.192644506999956,-77.00588969799998,63,,,False,False,28.635121538640146,139846.19760486294,91.34851851392646,446121.4859441698,234.2794130867082,1144157.3611994172
AREQUIPA,AGROSERVICIOS EL COLONO E.I.R.L.,padron:canal,canal,-16.355911164285665,-72.25542138499996,10,Juliaca,6.501308314101161,False,False,250.7903825207732,1300099.0339385096,630.2635782723963,3267290.639307904,660.1036240595179,3421981.6378644537
LAMBAYEQUE,XZ SEMILLEROS E.I.R.L.,padron:canal,canal,-6.613897299222174,-79.79464823255552,126,Chiclayo,0.2764130371427082,True,False,908.5256122168123,4044873.2634051302,2285.3708597479435,10174765.976056643,3308.6014230953697,14730320.483633118
HUANUCO,AGRO SERVICIOS MAS COSECHA EIRL,padron:canal,canal,-8.897235273749956,-76.13537083762496,14,Bellavista,5.917386096603188,False,False,163.23311892816704,485801.07624779624,426.7893359270174,1270175.5629362676,730.944088422445,2399879.7653915696
PIURA,AGROVETERINARIA RABANAL PIURA EMPRESA INDIVIDUAL DE RESPONSABILIDAD LIMITADA,padron:canal,canal,-5.115279066666612,-80.65308190899997,82,Chiclayo,3.00883433913856,True,False,295.44732054554794,1155108.5570295493,887.6255578687852,3470344.1393177044,1604.2216082059115,6272015.273615169
PIURA,AGROVETERINARIA RABANAL CATACAOS EMPRESA INDIVIDUAL DE RESPONSABILIDAD LIMITADA,padron:canal,canal,-5.288880271272686,-80.62994413381814,89,Chiclayo,2.889506193810368,True,False,467.09048387893483,1826180.7683324437,1047.5431060080296,4095572.7856081286,1509.1447302241622,5900293.793354048
CAJAMARCA,AGRO DISTRIBUCIONES CANANA S.A.C.,padron:canal,canal,-5.77777052999996,-78.8564451898333,2,Chiclayo,4.408750112942358,False,False,23.59621671197964,43230.343663194246,23.59621671197964,43230.343663194246,63.59196425281655,116506.06969850053
CAJAMARCA,AGROVETERINARIA ALIAGRO S.R.L.,padron:canal,canal,-5.77777052999996,-78.8564451898333,2,Chiclayo,4.408750112942358,False,False,23.59621671197964,43230.343663194246,23.59621671197964,43230.343663194246,63.59196425281655,116506.06969850053
CAJAMARCA,AGROSERVICIOS LA HACIENDA S.A.C.,padron:canal,canal,-5.77777052999996,-78.8564451898333,2,Chiclayo,4.408750112942358,False,False,23.59621671197964,43230.343663194246,23.59621671197964,43230.343663194246,63.59196425281655,116506.06969850053
AREQUIPA,AGROSEMILLERA NUEVO AMANECER E.I.R.L.,padron:canal,canal,-16.355911164285665,-72.25542138499996,10,Juliaca,6.501308314101161,False,False,250.7903825207732,1300099.0339385096,630.2635782723963,3267290.639307904,660.1036240595179,3421981.6378644537
LIMA,AGRO SERVICIOS SAN PEDRO E.I.R.L.,padron:canal,canal,-12.651851848333289,-76.61127553233331,31,Pisco,1.8527076190590837,True,False,142.6228114723308,696531.2806235732,194.017179129241,947527.4876914116,373.6791570614356,1824948.0509002162
PUNO,INDUSTRIA & COMERCIALIZADORA AGROREGION SOCIEDAD COMERCIAL DE RESPONSABILIDAD LIMITADA,padron:canal,canal,-15.889851051249963,-70.01578390899996,44,Juliaca,1.6572979721716612,True,False,143.0555994771094,240177.18506202666,496.52258523341084,833615.7219778228,1434.7245037165337,2408770.393481091
APURIMAC,AGROVETERINARIA EL OLIVO E.I.R.L.,padron:canal,canal,-13.724958537222172,-73.39094786188883,14,Sicuani,9.65591072803736,False,False,13.243257302451774,73931.52180487094,25.01132891214785,139627.70386519047,53.0064208115296,295912.4984530999
JUNIN,AGROCOMERCIAL LA FABRIKA S.R.L.,padron:canal,canal,-11.625696256714248,-74.37676050014282,4,Satipo,1.3825185978392642,True,False,235.63427670176983,688953.9929734467,302.8562735439411,885499.5201705706,551.5409892881406,1612610.7465235996
CUSCO,AGROSERVICIOS PARACCAY E.I.R.L.,padron:canal,canal,-13.34053858474995,-72.04679708099995,40,Sicuani,2.739454037330924,True,False,190.8596320832242,403956.72880177374,774.3601077747309,1638942.5707101312,1363.511437510288,2885888.5138177583
AREQUIPA,AGROSEMILLERA AGROSEEDS E.I.R.L. - AGROSEEDS E.I.R.L.,padron:canal,canal,-16.572356766142807,-71.83152664071424,29,Juliaca,5.395672030251448,False,False,244.3560822095747,1266743.5777420723,696.3694251792156,3609983.7953906492,948.054587928787,4914721.376068292
ICA,AGROSERVICIOS OLMOS E.I.R.L.,padron:canal,canal,-13.389922928999965,-76.09085121866663,72,Pisco,0.7618700061726205,True,False,299.3493923849099,2202118.150865665,678.273446003419,4989615.161048261,1167.741229788759,8344005.174901789
LIMA,AGROSERVICIOS J & M S.A.C.,padron:canal,canal,-10.727300391166628,-77.7047406123333,28,Pisco,5.79940530506873,False,False,375.18946361403977,1832323.98008265,788.0534383472842,3848640.0944236955,900.549484583851,4398040.392604229
LIMA,AGRO SERVICIOS MARHUAY S.A.C.,padron:canal,canal,-12.043207248999977,-76.96314006599994,64,Pisco,3.012573270609794,True,False,22.35849964791668,109192.87196639228,121.6752932856931,594229.2609269909,246.86038104106365,1205599.4098469536
AMAZONAS,AGROSERVICIOS BRISVILLA S.A.C.,padron:canal,canal,-5.578554456999953,-78.46335600599996,13,Chiclayo,5.06929364361305,False,False,74.04279153107838,259005.60972284916,123.75899710858721,432915.53224791156,185.59087369963538,637111.5286236667
LIMA,SEMILLERA LIDER S.R.L.,padron:canal,canal,-11.823787532833308,-77.01082871966662,51,Pisco,3.341094771641284,True,False,39.23175375335958,191597.28658299218,112.75611714931091,550670.4142582956,154.9224426087705,756599.3562576309
AYACUCHO,"EMPRESA COMERCIALIZADORA DE INSUMOS AGRICOLAS, PECUARIOS MULTISERVICIOS E.I.R.L. - EMCAPEMS",padron:canal,canal,-13.506661705299956,-74.21325995969997,37,Pisco,6.174521968508929,False,False,239.96209247489182,745364.050165634,298.7922372602725,928100.7255163469,392.3561435445918,1218726.5131902695
LORETO,AGROSERVICIOS CARLOS ANTONIO S.A.C.,padron:canal,canal,-5.86002590599996,-76.1473921215714,5,Bellavista,3.684948679485853,True,False,45.838180047197525,159684.60047338478,71.27512189786671,248298.23854772554,170.79034407863537,705232.3296576214
JUNIN,AGROSERVICIOS PERENE EMPRESA INDIVIDUAL DE RESPONSABILIDAD LIMITADA - AGROSERVICIOS PERENE E.I.R.L.,padron:canal,canal,-10.92146133808329,-75.05654672149997,3,Satipo,2.1634640714850333,True,False,79.29271246323847,231838.2182333544,168.03686320852532,491310.81222436106,259.58668158662874,758986.6945724
SAN MARTIN,AGROSERVICIOS & MAQUINARIA AGRICOLA MARY SOCIEDAD ANONIMA CERRADA,padron:canal,canal,-6.961423462333282,-76.47189771599996,25,Bellavista,0.695199869829053,True,False,112.48900316370934,516504.5034728445,281.84259530457814,1294108.451947355,501.25560802625415,2301565.2344237724
PASCO,AGROVETERINARIA TOLENTINO B EMPRESA INDIVIDUAL DE RESPONSABILIDAD LIMITADA,padron:canal,canal,-10.515568014454495,-76.54042481945451,12,Tarma,3.809286504190322,True,False,34.89967883656501,90084.2833764061,85.29341111435534,220162.36461510512,122.72270869657225,316776.1892226708
LA LIBERTAD,AGROSERVICIOS SOL DEL VALLE E.I.R.L.,padron:canal,canal,-7.280277065499945,-79.47136821024996,46,Chiclayo,1.5563881818261769,True,False,928.5306388134677,3535162.649778685,1382.0049334110013,5284835.520208351,1753.7611683549467,6825627.155466036
CAJAMARCA,FERRETERIA Y AGROVETERINARIA PIO PIO SOCIEDAD ANONIMA CERRADA,padron:canal,canal,-5.146278133166628,-79.0100132408333,12,Chiclayo,6.762531516369946,False,False,137.34882315619393,251635.1201234331,137.34882315619393,251635.1201234331,443.26417856809854,812098.9481908662
CAJAMARCA,AGROSERVICIOS ESTELA E.I.R.L.,padron:canal,canal,-5.77777052999996,-78.8564451898333,2,Chiclayo,4.408750112942358,False,False,23.59621671197964,43230.343663194246,23.59621671197964,43230.343663194246,63.59196425281655,116506.06969850053
JUNIN,AGROSERVICIOS EL CAMPESINO SOCIEDAD ANONIMA CERRADA,padron:canal,canal,-11.625696256714248,-74.37676050014282,4,Satipo,1.3825185978392642,True,False,235.63427670176983,688953.9929734467,302.8562735439411,885499.5201705706,551.5409892881406,1612610.7465235996
CAJAMARCA,AGROSERVICIOS LA CAMPIÑA E.I.R.L.,padron:canal,canal,-7.1339595449999536,-78.54251182749995,13,Huamachuco,2.974150965951349,True,False,85.89191016604086,157361.53128653968,160.84354829592655,294679.52230284153,414.68759196623347,759744.1290010394
CAJAMARCA,AGROSERVICIOS SANTA ISABEL S.A.C.,padron:canal,canal,-5.560942802749956,-78.77268994724996,22,Chiclayo,4.987670123479137,False,False,185.00438842878168,338944.3057163854,299.8366376315593,549327.0826355908,478.01777248076013,912412.5304091807
PASCO,CORPORACION AGROVETERINARIA & MULTISERVICIOS BUENDIA SOCIEDAD ANONIMA CERRADA - A & M BUENDIA S.A.C.,padron:canal,canal,-10.70116907199997,-76.24658910799997,17,Tarma,2.353398261613884,True,False,23.88897804575023,61663.07368970391,81.3579251724057,210003.94933344328,289.05798094407294,785014.8205016591
ANCASH,AGROSERVICIOS E INVERSIONES COLLCA S.R.L.,padron:canal,canal,-9.58072450849997,-77.48755910599996,4,Huamachuco,8.52176313064228,False,False,0.0,0.0,98.78469760669343,155130.68869479457,111.95817860575188,175818.21651441974
LAMBAYEQUE,AGROSERVICIOS MUNDO FOODS S.A.C.,padron:canal,canal,-6.736609266499954,-79.84224487999995,146,Chiclayo,0.2764130371427082,True,False,1464.463406718645,6519980.063762724,2678.3376794851943,11924304.966688015,4057.004951583374,17947735.27048757
CAJAMARCA,AGROSERVICIOS E INGENIERIA S.A.C.,padron:canal,canal,-5.3838870471666285,-78.9604262428333,3,Chiclayo,6.581973564422457,False,False,68.17692122943656,124906.11400219661,68.17692122943656,124906.11400219661,68.17692122943656,124906.11400219661
AREQUIPA,AGROSERVICIOS MULTIAGRO S.R.L.,padron:canal,canal,-16.406658033999975,-71.53845913699996,33,Juliaca,4.437874042686684,False,False,262.84633235331523,1362597.1591574892,378.90674701372006,1964255.1312928314,521.1139273688896,2701458.113084054
LA LIBERTAD,ASOCIACION DE PRODUCTORES AGROPECUARIOS Y SEMILLERISTAS LA PODEROSA,padron:canal,canal,-7.8119622166249485,-78.01877318312496,24,Huamachuco,0.2611984402762674,True,True,588.9628878499508,2258877.644499599,964.6232580384229,3573236.385218321,1256.017548267527,4571839.693322074
UCAYALI,AGRO DISTRIBUIDORA JAEN SOCIEDAD ANONIMA CERRADA,padron:canal,canal,-8.504587933499948,-74.82641630649995,35,Tarma,9.778074403429358,False,False,281.15831574090106,1381592.7828587682,667.2397163817286,3278770.4470361597,1040.0010601241474,4712887.659749054
LA LIBERTAD,AGROSERVICIOS RENDA S.A.C.,padron:canal,canal,-8.057989199499929,-79.06454147199995,42,Huamachuco,2.795084166722603,True,False,388.531434241222,1490153.2661875612,1214.8676725632,4659440.319909286,2025.0373461825072,7766722.971743259
LIMA,DISTRIBUIDORA AGRO-AVICOLA FLORES E.I.R.L.,padron:canal,canal,-12.192644506999956,-77.00588969799998,63,,,False,False,28.635121538640146,139846.19760486294,91.34851851392646,446121.4859441698,234.2794130867082,1144157.3611994172
JUNIN,AGROSERVICIOS ORO VERDE SOCIEDAD ANONIMA CERRADA - AGROSERVICIOS ORO VERDE SAC,padron:canal,canal,-10.98927795066662,-74.83262394833329,21,Satipo,0.9141231059591476,True,True,603.8340057626167,1765506.5094363727,1280.6073184107365,3744274.974759935,2818.158454539538,8183951.423577742
AREQUIPA,AGROVETERINARIA E INSUMOS SOTO´S VET E.I.R.L.,padron:canal,canal,-16.355911164285665,-72.25542138499996,10,Juliaca,6.501308314101161,False,False,250.7903825207732,1300099.0339385096,630.2635782723963,3267290.639307904,660.1036240595179,3421981.6378644537
CAJAMARCA,AGRO SERVICIOS BLANCO S.A.C.,padron:canal,canal,-6.379289812318135,-78.83682229049997,27,Chiclayo,3.8579451661690194,True,False,136.7743132631931,250582.56748690296,272.2887989181276,498857.0200278304,427.18902329368603,782647.8503545233
UCAYALI,AGROVETERINARIA ESTHEPHY S.R.L.,padron:canal,canal,-8.195059035299959,-74.33146417789996,20,,,False,False,136.02515505760815,668418.3322823104,390.17006007132113,1917269.057689447,499.0379341407749,2452238.363872603
PUNO,AGRO DISTRIBUCIONES FARMACEUTICAS DEL PERU J & R SOCIEDAD ANONIMA CERRADA,padron:canal,canal,-15.468395172166623,-70.20194182133329,116,Juliaca,0.391732177357745,True,False,434.10406308609197,728820.7681286123,1763.414589320309,2960610.7954413327,3649.7460648371152,6127587.7298605945
PUNO,AGROCOMERCIALIZADORA FENIX DEL SUR U & M SOCIEDAD ANONIMA CERRADA,padron:canal,canal,-16.279852241124956,-69.08620082987497,41,Juliaca,3.002028757795133,True,True,422.1293207920113,708716.2779405463,843.7948245087948,1416653.8497002851,1402.6575032158598,2354932.851002604
CAJAMARCA,AGROSERVICIOS PAKAMUROS S.R.L.,padron:canal,canal,-5.77777052999996,-78.8564451898333,2,Chiclayo,4.408750112942358,False,False,23.59621671197964,43230.343663194246,23.59621671197964,43230.343663194246,63.59196425281655,116506.06969850053
CAJAMARCA,ASOCIACION DE SEMILLERISTAS LIDERES DE AKUNTA - CHOTA,padron:canal,canal,-6.563931802499951,-78.64512447433329,36,Chiclayo,5.218481705216816,False,False,289.7831131620945,530908.1418729115,582.2447924032081,1066723.6523097751,902.8487748767753,1654098.3366202682
AREQUIPA,AGRO SERVICIOS LA MORENA INMACULADA S.A.C.,padron:canal,canal,-16.355911164285665,-72.25542138499996,10,Juliaca,6.501308314101161,False,False,250.7903825207732,1300099.0339385096,630.2635782723963,3267290.639307904,660.1036240595179,3421981.6378644537
JUNIN,AGROSERVICIOS CAMPOAGRO S.A.C.,padron:canal,canal,-10.98927795066662,-74.83262394833329,21,Satipo,0.9141231059591476,True,False,603.8340057626167,1765506.5094363727,1280.6073184107365,3744274.974759935,2818.158454539538,8183951.423577742
LORETO,AGROVETERINARIA LA YUNTA E.I.R.L.,padron:canal,canal,-5.86002590599996,-76.1473921215714,5,Bellavista,3.684948679485853,True,False,45.838180047197525,159684.60047338478,71.27512189786671,248298.23854772554,170.79034407863537,705232.3296576214
HUANUCO,ASOCIACION DE PRODUCTORES AGRO COMERCIAL LAS FLORES,padron:canal,canal,-8.897235273749956,-76.13537083762496,14,Bellavista,5.917386096603188,False,False,163.23311892816704,485801.07624779624,426.7893359270174,1270175.5629362676,730.944088422445,2399879.7653915696
JUNIN,CORPORACIÓN AGROINDUSTRIAL SEMILLERISTA HERMANOS DIAL S.A.C.,padron:canal,canal,-12.047916537999955,-75.25368202499996,206,Tarma,1.715449670031545,True,True,1440.1993715793942,4210894.618626678,2243.830273121553,6615168.590246351,2863.683712573493,8452848.861508306
TACNA,AGROVETERINARIA Y PETSHOP JJTORRES EMPRESA INDIVIDUAL DE RESPONSABILIDAD LIMITADA,padron:canal,canal,-18.016258393999976,-70.39369989799997,12,Juliaca,8.501144108199792,False,False,162.81748160060516,536224.4875913992,1017.2166494862984,3350110.020607289,1662.8127054294064,5476321.597434888
CAJAMARCA,AGRO SERVICIOS BRAVO E.I.R.L.,padron:canal,canal,-5.77777052999996,-78.8564451898333,2,Chiclayo,4.408750112942358,False,False,23.59621671197964,43230.343663194246,23.59621671197964,43230.343663194246,63.59196425281655,116506.06969850053
HUANUCO,AGROSERVICIOS AGUILAR S.A.C.,padron:canal,canal,-8.897235273749956,-76.13537083762496,14,Bellavista,5.917386096603188,False,False,163.23311892816704,485801.07624779624,426.7893359270174,1270175.5629362676,730.944088422445,2399879.7653915696
LIMA,AGRO SERVICIOS FAST S.A.C. - AGROSER FAST S.A.C.,padron:canal,canal,-11.550896172799957,-77.13207127999995,22,Pisco,3.983790316933098,True,False,236.11328258733758,1153113.4844070831,410.6610112663056,2005557.435915388,708.0438986095884,3457895.1175136613
JUNIN,DISTRIBUIDORA AGROPECUARIA Y FERRETERA ARAZÁ EMPRESA INDIVIDUAL DE RESPONSABILIDAD LIMITADA,padron:canal,canal,-10.92146133808329,-75.05654672149997,3,Satipo,2.1634640714850333,True,False,79.29271246323847,231838.2182333544,168.03686320852532,491310.81222436106,259.58668158662874,758986.6945724
AMAZONAS,AGROSERVICIOS E IMPORTACIONES KPO'S E.I.R.L.,padron:canal,canal,-5.58864530733329,-78.52011989433329,30,Chiclayo,5.06929364361305,False,False,149.167289507505,509699.9003355233,295.9197889973267,1023047.9227795361,620.9288655680457,2124372.3727900903
PIURA,AGROSERVICIOS LATINOAMERICANOS E.I.R.L.,padron:canal,canal,-5.115279066666612,-80.65308190899997,82,Chiclayo,3.00883433913856,True,False,295.44732054554794,1155108.5570295493,887.6255578687852,3470344.1393177044,1604.2216082059115,6272015.273615169
SAN MARTIN,AGROSERVICIOS CAMPOS E.I.R.L.,padron:canal,canal,-6.999837139999954,-76.58720885099996,40,Bellavista,0.2393157876145856,True,False,187.3811200428928,860379.1450359614,745.6590341581741,3423767.998347409,1146.1702612430677,5262755.336333889
ANCASH,INSUMOS AGRICOLAS HUARMEY E.I.R.L.,padron:canal,canal,-10.093330249499957,-77.94669889949995,3,,,False,False,0.0,0.0,3.48893551499459,5478.996062808876,70.80143578522244,111186.00107146165
HUANUCO,AGROSERVICIOS EL PESCADITO S.A.C.,padron:canal,canal,-8.897235273749956,-76.13537083762496,14,Bellavista,5.917386096603188,False,False,163.23311892816704,485801.07624779624,426.7893359270174,1270175.5629362676,730.944088422445,2399879.7653915696
PIURA,AGROVETERINARIA RABANAL E.I.R.L.,padron:canal,canal,-5.4612974154999465,-80.7106523278333,61,Chiclayo,3.324109402461114,True,False,241.17053919667535,942902.9615672642,404.81298247583015,1582694.8072876364,686.1836289220797,2682767.8788824514
UCAYALI,AGRO VETERINARIA MI CAMPO EMPRESA INDIVIDUAL DE RESPONSABILIDAD LIMITADA,padron:canal,canal,-8.195059035299959,-74.33146417789996,20,,,False,False,136.02515505760815,668418.3322823104,390.17006007132113,1917269.057689447,499.0379341407749,2452238.363872603
SAN MARTIN,AGROVETERINARIA EL BUEN SAMARITANO E.I.R.L.,padron:canal,canal,-5.903089736999945,-77.35914823124997,38,Bellavista,4.209830409302858,False,False,493.57395047289066,2243367.377621061,752.3390974846347,3431513.4186955644,986.4871804464171,4505459.6338259075
CAJAMARCA,AGROCOMERCIALIZADORA HERMANOS FLORES S.R.L.,padron:canal,canal,-7.329314666249957,-78.16302718849995,17,Huamachuco,2.094029159918125,True,False,128.32276015979306,235098.57911675767,259.6869379239666,475769.3026948733,391.9350470042211,718059.466161818
SAN MARTIN,AGROSERVICIOS LLOJA E.I.R.L.,padron:canal,canal,-5.939820714666628,-77.23230206399997,24,Bellavista,4.403200475203042,False,False,71.73183020837214,329363.86938244716,346.67843787734284,1591808.7047138673,718.276031634333,3275109.446583124
ANCASH,INVERSIONES Y AGROSERVICIOS KAORI S.A.C.- INAGROK S.A.C.,padron:canal,canal,-9.100063667999962,-78.43591670099994,22,Huamachuco,5.150906301534969,False,False,102.36712150984172,160756.49816484787,368.9294295696146,619287.0943521495,649.182704871199,1092727.1232565613
CAJAMARCA,AGROSERVICIOS NUESTRO CAMPO E.I.R.L.,padron:canal,canal,-5.77777052999996,-78.8564451898333,2,Chiclayo,4.408750112942358,False,False,23.59621671197964,43230.343663194246,23.59621671197964,43230.343663194246,63.59196425281655,116506.06969850053
SAN MARTIN,CONSTRUCCIONES & AGROSERVICIOS FYM S.A.C.,padron:canal,canal,-6.830699091249954,-76.58152511299996,29,Bellavista,0.5388414010634826,True,False,294.0355021693923,1350093.4027334885,571.3978991268442,2623630.576087729,754.4693683641686,3464221.528617158
LA LIBERTAD,AGROCOMERCIAL LEYDI & NAISHA E.I.R.L.,padron:canal,canal,-7.731538622333289,-79.2955613383333,43,Chiclayo,2.314001366762243,True,True,1142.907216251564,4383446.926431228,1624.9361764724895,6232195.743558461,2042.5959052178275,7834066.15633559
SAN MARTIN,AGROSERVICIOS ZOAR E.I.R.L.,padron:canal,canal,-6.999837139999954,-76.58720885099996,40,Bellavista,0.2393157876145856,True,False,187.3811200428928,860379.1450359614,745.6590341581741,3423767.998347409,1146.1702612430677,5262755.336333889
AREQUIPA,SEMILLERO DE INNOVACION Y EMPRENDIMIENTO,padron:canal,canal,-16.356469017999927,-71.47127210899998,24,Juliaca,5.007712689329355,False,False,7.77448045955584,40302.95912166865,216.6889470413044,1123316.9624844678,359.6617760261304,1864489.071934205
SAN MARTIN,AGROVETERINARIA QUIROZ E.I.R.L.,padron:canal,canal,-5.874582397249959,-77.07746978587497,6,Bellavista,4.805022509666425,False,False,269.1040118690063,1235617.9726356836,308.4081992166561,1416087.0780544332,316.2535412697846,1452109.7503847098
SAN MARTIN,AGROSERVICIOS KEVIN E.I.R.L.,padron:canal,canal,-5.903089736999945,-77.35914823124997,38,Bellavista,4.209830409302858,False,False,493.57395047289066,2243367.377621061,752.3390974846347,3431513.4186955644,986.4871804464171,4505459.6338259075
AMAZONAS,AGROSERVICIOS EL LABRADOR DE UTCUBAMBA E.I.R.L.,padron:canal,canal,-5.824286803999953,-78.4380648273529,8,Chiclayo,5.848100778318882,False,False,57.928824205323394,202638.09782927844,92.37797313180238,323143.04689499305,146.10982133924594,511099.90020546154
SAN MARTIN,ESCUELA DEPORTIVA EL SEMILLERO DE TARAPOTO - E.D. EL SEMILLERO DE TARAPOTO,padron:canal,canal,-6.499138567499969,-76.41090773149996,51,Bellavista,1.643692585136887,True,False,248.6570347268601,1141733.6330175693,633.4079170167527,2908355.7723271977,973.8929092941305,4471726.652414419
LA LIBERTAD,AGROSERVICIOS GENERALES BASV SOCIEDAD ANONIMA CERRADA,padron:canal,canal,-8.428038507437456,-78.77410531737496,40,Huamachuco,3.645772398887248,True,False,1029.4765986637422,3948401.0321028377,1176.8438809897843,4513605.846267233,1382.0556346650376,5300664.338964121
SAN MARTIN,AGROSERVICIOS E INVERSIONES JIBAJA S.A.C.,padron:canal,canal,-6.60860632316663,-76.7158019123333,21,Bellavista,1.605475537743294,True,False,234.48304219678832,1076652.3293516627,437.7393138277512,2009923.8199320068,614.6165623227547,2822073.3886911697
LIMA,AGROSERVICIOS Y NEGOCIOS PERUANOS S.A.C.,padron:canal,canal,-12.04034159349996,-76.90482929099994,59,Pisco,3.3757308752389563,True,False,13.477277880724094,65819.3841831654,72.83450819959472,355704.0612657809,186.16546694548956,909181.8465840837
UCAYALI,AGROSERVICIOS TRONQUITO S.R.L.,padron:canal,canal,-8.195059035299959,-74.33146417789996,20,,,False,False,136.02515505760815,668418.3322823104,390.17006007132113,1917269.057689447,499.0379341407749,2452238.363872603
AYACUCHO,EMPRESA COMERCIALIZADORA AGROPECUARIA SAN DANIEL S.A.C.,padron:canal,canal,-13.003811071666632,-74.16596334999997,17,Tarma,6.631550095397668,False,False,82.37299838352646,255864.87876561924,93.91145468932933,291705.3335476692,148.6227362793751,461648.1024872087
APURIMAC,AGROSERVICIOS SAN ANTONIO H & H E.I.R.L,padron:canal,canal,-13.658117270230719,-73.03205707253844,18,Sicuani,8.461193752423998,False,False,12.852611857005845,71750.71298960973,29.196996630958175,162994.52194882618,36.65333165541192,204620.09659825687
LA LIBERTAD,AGROVETERINARIA LA YUNTA LA LIBERTAD S.A.C.,padron:canal,canal,-8.294307350666632,-78.22744831966662,2,Huamachuco,2.7980871806913417,True,False,53.69150497773087,205925.6071914572,53.69150497773087,205925.6071914572,68.09485325646848,261167.46046264525
LAMBAYEQUE,INDUSTRIAS XZ SEMILLEROS S.A.C.,padron:canal,canal,-6.613897299222174,-79.79464823255552,126,Chiclayo,0.2764130371427082,True,False,908.5256122168123,4044873.2634051302,2285.3708597479435,10174765.976056643,3308.6014230953697,14730320.483633118
LIMA,A & V AGROSERVICIOS S.A.C.,padron:canal,canal,-11.426808909499954,-77.16120348124996,14,Pisco,4.57272988343412,False,False,0.0,0.0,317.12421522891805,1548748.9937259906,441.6239527314037,2156772.077163303
AREQUIPA,AGROSERVICIOS J ORTEGA E.I.R.L.,padron:canal,canal,-16.355911164285665,-72.25542138499996,10,Juliaca,6.501308314101161,False,False,250.7903825207732,1300099.0339385096,630.2635782723963,3267290.639307904,660.1036240595179,3421981.6378644537
APURIMAC,AGROVETERINARIA AYLLU S.A.C,padron:canal,canal,-13.724958537222172,-73.39094786188883,14,Sicuani,9.65591072803736,False,False,13.243257302451774,73931.52180487094,25.01132891214785,139627.70386519047,53.0064208115296,295912.4984530999
AMAZONAS,AGROSERVICIOS RONY,padron:canal,canal,-5.824286803999953,-78.4380648273529,8,Chiclayo,5.848100778318882,False,False,57.928824205323394,202638.09782927844,92.37797313180238,323143.04689499305,146.10982133924594,511099.90020546154
AREQUIPA,AGROVETERINARIA TOROMATA E.I.R.L.,padron:canal,canal,-16.542326122285676,-72.77969734657138,13,Juliaca,8.185695700890799,False,False,20.762384678947747,107632.34216576791,127.10520922654138,658914.2616355745,216.70060048064502,1123377.373992583
LORETO,AGROSERVICIOS Y ECOTURISMO AREVALO EMPRESA INDIVIDUAL DE RESPONSABILIDAD LIMITADA,padron:canal,canal,-3.779706107666622,-73.20262066966664,0,,,False,False,0.0,0.0,0.0,0.0,0.0,0.0
PASCO,"DISTRIBUIDORA, AGROVETERINARIA Y MULTISERVICIOS E & M TOMAS SOCIEDAD ANÓNIMA CERRADA",padron:canal,canal,-10.70116907199997,-76.24658910799997,17,Tarma,2.353398261613884,True,False,23.88897804575023,61663.07368970391,81.3579251724057,210003.94933344328,289.05798094407294,785014.8205016591
AREQUIPA,AGROSERVICIOS BELLO HORIZONTE EMPRESA INDIVIDUAL DE RESPONSABILIDAD LIMITADA,padron:canal,canal,-16.355911164285665,-72.25542138499996,10,Juliaca,6.501308314101161,False,False,250.7903825207732,1300099.0339385096,630.2635782723963,3267290.639307904,660.1036240595179,3421981.6378644537
ANCASH,AGROSERVICIOS DANIELA PERU E.I.R.L.,padron:canal,canal,-9.486941018999943,-78.24837464433331,16,Huamachuco,5.679473109297311,False,False,162.9792868035527,255941.35141745326,217.40837661290598,341416.3530292786,279.1053630824522,438304.80066639127
ICA,AGROSERVICIOS NUEVA GENERACION S.A.C.,padron:canal,canal,-13.532068524066627,-76.09022220366663,71,Pisco,0.3324523879337658,True,False,376.9941463413423,2773299.941631102,719.6109785789974,5293708.414992915,1119.6213815011452,8236323.937917742
SAN MARTIN,AGROSERVICIOS LA PLAYA VERDE S.A.C.,padron:canal,canal,-6.499138567499969,-76.41090773149996,51,Bellavista,1.643692585136887,True,False,248.6570347268601,1141733.6330175693,633.4079170167527,2908355.7723271977,973.8929092941305,4471726.652414419
LIMA,COMERCIALIZADORA AGROINDUSTRIAL DEL PERU S.A.C.,padron:canal,canal,-12.12123578099994,-77.03185553199995,65,,,False,False,36.90507132424297,180234.39816965192,120.04413860663423,586263.1421429671,240.76881139794168,1175849.8293925351
APURIMAC,AGROVETERINARIA SIERRA DORADA E.I.R.L.,padron:canal,canal,-13.631881480777736,-72.87862450422217,20,Sicuani,6.925891170359155,False,False,21.086704193355647,117718.1787878816,35.3232676163498,197194.90985907064,54.72146023890638,305486.8404692327
SAN MARTIN,AGRO COMERCIALIZADORA E INVERSIONES NUCAR S.A.C.,padron:canal,canal,-6.0211265073332925,-77.28343985833328,42,Bellavista,3.774667494082822,True,True,483.58945522233654,2197522.569535161,914.2424983550553,4174909.0691614198,1146.869035878739,5243037.071713054
AREQUIPA,EL CHAKRERO AGROSERVICIOS E.I.R.L.,padron:canal,canal,-16.993306169428518,-71.65869372914281,18,Juliaca,6.766896745349363,False,False,10.03830517926678,52038.64173245825,222.27077553541383,1152253.1990333355,350.32889419999714,1816107.3496206985
TACNA,AGROVETERINARIA PERLA DEL ORIENTE SOCIEDAD COMERCIAL DE RESPONSABILIDAD LIMITADA,padron:canal,canal,-17.833332841999948,-70.27886115699994,10,Juliaca,9.04058028925242,False,False,4.393006217662023,14467.964280580629,166.2320940675639,547470.2015185416,368.0392534880558,1212103.627786491
LIMA,RED AGROVETERINARIA SOCIEDAD ANONIMA CERRADA,padron:canal,canal,-11.208967265749948,-77.48537203674996,22,Pisco,5.184149259719543,False,False,246.75615008970806,1205090.3740392951,497.8036247542363,2431138.417968942,881.8065617037831,4306505.020797207
UCAYALI,AGRO VETERINARIA BUEN SEMBRADOR SOCIEDAD ANONIMA CERRADA,padron:canal,canal,-8.195059035299959,-74.33146417789996,20,,,False,False,136.02515505760815,668418.3322823104,390.17006007132113,1917269.057689447,499.0379341407749,2452238.363872603
LIMA,AGROSERVICIOS ROBLES S.A.C,padron:canal,canal,-11.115008011333279,-77.47556169466662,1,Pisco,5.461290622132166,False,False,14.863200943337862,72587.85800360604,14.863200943337862,72587.85800360604,14.863200943337862,72587.85800360604
LA LIBERTAD,AGROVETERINARIA EL AMIGUITO S.A.C.,padron:canal,canal,-8.294307350666632,-78.22744831966662,2,Huamachuco,2.7980871806913417,True,False,53.69150497773087,205925.6071914572,53.69150497773087,205925.6071914572,68.09485325646848,261167.46046264525
AMAZONAS,AGRO VETERINARIA ENIAXB ACUÑA S.A.C.,padron:canal,canal,-5.824286803999953,-78.4380648273529,8,Chiclayo,5.848100778318882,False,False,57.928824205323394,202638.09782927844,92.37797313180238,323143.04689499305,146.10982133924594,511099.90020546154
LIMA,DISTRIBUIDORA AGROPECUARIA RENSITO E.I.R.L.,padron:canal,canal,-12.072332720999952,-77.01738574699993,65,Pisco,3.0485938718071464,True,False,16.26708337796758,79444.04054511544,120.04413860663422,586263.1421429672,250.28288710469414,1222314.0048464006
CAJAMARCA,AGROVETERINARIA EL GRANERO SANMARQUINO SOCIEDAD COMERCIAL DE RESPONSABILIDAD LIMITADA,padron:canal,canal,-7.329314666249957,-78.16302718849995,17,Huamachuco,2.094029159918125,True,False,128.32276015979306,235098.57911675767,259.6869379239666,475769.3026948733,391.9350470042211,718059.466161818
LA LIBERTAD,EMPRESA DE AGROSERVICIOS JMP E.I.R.L.,padron:canal,canal,-8.428038507437456,-78.77410531737496,40,Huamachuco,3.645772398887248,True,False,1029.4765986637422,3948401.0321028377,1176.8438809897843,4513605.846267233,1382.0556346650376,5300664.338964121
AREQUIPA,AGROVETERINARIA E INSUMOS RODRIVER E.I.R.L.,padron:canal,canal,-16.355911164285665,-72.25542138499996,10,Juliaca,6.501308314101161,False,False,250.7903825207732,1300099.0339385096,630.2635782723963,3267290.639307904,660.1036240595179,3421981.6378644537
CAJAMARCA,DISTRIBUCIONES AGROVETERINARIAS JALCA DE ORO S.A.C.,padron:canal,canal,-6.563931802499951,-78.64512447433329,36,Chiclayo,5.218481705216816,False,False,289.7831131620945,530908.1418729115,582.2447924032081,1066723.6523097751,902.8487748767753,1654098.3366202682
LIMA,SEMILLERA VALLEY S.A.C.,padron:canal,canal,-12.072332720999952,-77.01738574699993,65,Pisco,3.0485938718071464,True,False,16.26708337796758,79444.04054511544,120.04413860663422,586263.1421429672,250.28288710469414,1222314.0048464006
AMAZONAS,AGROVETERINARIA LA COSECHA DEL BUEN SEMBRIO S.A.C.,padron:canal,canal,-5.824286803999953,-78.4380648273529,8,Chiclayo,5.848100778318882,False,False,57.928824205323394,202638.09782927844,92.37797313180238,323143.04689499305,146.10982133924594,511099.90020546154
UCAYALI,AGRO VETERINARIA PALOMINO EMPRESA INDIVIDUAL DE RESPONSABILIDAD LIMITADA,padron:canal,canal,-8.517081145999953,-74.52785771899998,20,Tarma,10.220548465980013,False,False,136.02515505760815,668418.3322823104,378.63572857690355,1860590.1396009158,499.0379341407749,2452238.363872603
PIURA,AGROVETERINARIA DELFIN E.I.R.L.,padron:canal,canal,-5.212106383749941,-79.48555639099996,3,Chiclayo,6.664785587033182,False,False,47.192368129748594,184507.7090308465,47.192368129748594,184507.7090308465,194.41034902075276,760084.9360024998
TACNA,AGRO COMERCIAL VICTORIA E.I.R.L.,padron:canal,canal,-17.833332841999948,-70.27886115699994,10,Juliaca,9.04058028925242,False,False,4.393006217662023,14467.964280580629,166.2320940675639,547470.2015185416,368.0392534880558,1212103.627786491
AREQUIPA,AGROSERVICIOS ALVIS S.R.L.,padron:canal,canal,-16.355911164285665,-72.25542138499996,10,Juliaca,6.501308314101161,False,False,250.7903825207732,1300099.0339385096,630.2635782723963,3267290.639307904,660.1036240595179,3421981.6378644537
AREQUIPA,SEMILLERA DE AGRICULTOR S.A.C.,padron:canal,canal,-16.13866168249993,-71.61948592699994,7,Juliaca,3.392338829824227,True,False,30.635362247160707,158813.92444780393,30.635362247160707,158813.92444780393,147.61865193879504,765256.0869675125
MADRE DE DIOS,AGROVETERINARIA PROVETS E.I.R.L.,padron:canal,canal,-12.579872001083288,-69.43257322249995,7,,,False,False,21.98199037330064,39036.83817078518,21.98199037330064,39036.83817078518,78.91772483511598,140146.4744947209
SAN MARTIN,AGROSERVICIOS PALMAS DEL ORIENTE E.I.R.L.,padron:canal,canal,-6.228803217499944,-76.30090881499994,10,Bellavista,2.751774547328989,True,False,189.26988798294232,869051.6118515038,262.96182963292006,1207415.528869048,408.70987977256254,1861321.1324765338
LAMBAYEQUE,AGRO SERVICIOS HERNANDEZ E.I.R.L.,padron:canal,canal,-6.14811952324996,-79.69034406099995,49,Chiclayo,1.3757592402656824,True,True,411.2686088526327,1831020.917469577,1115.9056757162157,4968156.066809262,1960.3318943275056,8695368.484648569
SAN MARTIN,AGROCOMERCIALIZADORA EL CAUTIVO S.A.C.,padron:canal,canal,-6.961423462333282,-76.47189771599996,25,Bellavista,0.695199869829053,True,False,112.48900316370934,516504.5034728445,281.84259530457814,1294108.451947355,501.25560802625415,2301565.2344237724
HUANUCO,LOS SEMILLEROS DE JESUCRISTO,padron:canal,canal,-9.815341263166621,-76.27262126999996,3,Tarma,6.368012464572714,False,False,33.01599947079195,98259.52099442312,33.01599947079195,98259.52099442312,99.59527030351583,296407.3088864398
AMAZONAS,AGROSERVICIOS EL KUTUTO E.I.R.L.,padron:canal,canal,-6.1215154714999755,-77.95513605349996,21,Chiclayo,7.201773900754826,False,False,78.21387351498682,273596.2756081668,122.14249568089413,427260.92456443753,153.8319412645134,538112.2850472373
ICA,AGRO SERVICIOS SANTA CRUZ S.A.C.,padron:canal,canal,-14.046829224999954,-76.15788354399996,2,Pisco,0.8145945696506529,True,False,53.62993902857933,394520.4672832562,53.62993902857933,394520.4672832562,134.60632736887035,990210.918281114
LIMA,AGROCOMERCIALIZADORA S & S S.A.C.,padron:canal,canal,-10.727300391166628,-77.7047406123333,28,Pisco,5.79940530506873,False,False,375.18946361403977,1832323.98008265,788.0534383472842,3848640.0944236955,900.549484583851,4398040.392604229
LIMA,AGROSERVICIOS ESQUIVEL SOCIEDAD ANONIMA CERRADA,padron:canal,canal,-11.426808909499954,-77.16120348124996,14,Pisco,4.57272988343412,False,False,0.0,0.0,317.12421522891805,1548748.9937259906,441.6239527314037,2156772.077163303
LA LIBERTAD,INSUMOS AGRICOLAS AGROVICTORIA E.I.R.L.,padron:canal,canal,-8.428038507437456,-78.77410531737496,40,Huamachuco,3.645772398887248,True,False,1029.4765986637422,3948401.0321028377,1176.8438809897843,4513605.846267233,1382.0556346650376,5300664.338964121
CAJAMARCA,AGROVETERINARIA CAYAO E.I.R.L.,padron:canal,canal,-5.77777052999996,-78.8564451898333,2,Chiclayo,4.408750112942358,False,False,23.59621671197964,43230.343663194246,23.59621671197964,43230.343663194246,63.59196425281655,116506.06969850053
LAMBAYEQUE,AGROSERVICIOS RIVERA S.A.C.,padron:canal,canal,-6.659179089166618,-79.90060426241662,139,Chiclayo,0.5471842990721545,True,False,1686.5460894090816,7508720.825058359,3069.3797681306837,13665274.806128021,3786.7984154169035,16859315.20086793
TUMBES,AGROVETERINARIA ALENI & THIAGO EMPRESA INDIVIDUAL DE RESPONSABILIDAD LIMITADA,padron:canal,canal,-3.54901994949995,-80.42293371883329,46,Chiclayo,6.974805135813187,False,False,471.7359988977346,3195630.7157609086,592.6464702547964,4014701.588089054,660.6855778558502,4475611.63657154
PUNO,K & R AGROVETERINARIA Y DISTRIBUCIONES S.A.C.,padron:canal,canal,-16.068210813687458,-69.75708566693746,40,Juliaca,1.901945142676208,True,False,143.1400075609704,240318.89846613185,493.9818292957386,829350.0266029459,1283.743252341841,2155286.7683391185
UCAYALI,BARBOZA AGROSERVICIOS E.I.R.L.,padron:canal,canal,-8.458684046499954,-75.20966584774996,9,Tarma,10.033700252777331,False,False,162.66180493472226,773341.7850094974,185.87021653429488,887386.3363260379,324.6688670958067,1569433.4363059602
PASCO,AGROVETERINARIA MULTISERVICIOS ZOOVITAL SOCIEDAD ANONIMA CERRADA,padron:canal,canal,-10.70116907199997,-76.24658910799997,17,Tarma,2.353398261613884,True,False,23.88897804575023,61663.07368970391,81.3579251724057,210003.94933344328,289.05798094407294,785014.8205016591
CAJAMARCA,AGROSERVICIOS LA CONGA E.I.R.L.,padron:canal,canal,-7.1339595449999536,-78.54251182749995,13,Huamachuco,2.974150965951349,True,False,85.89191016604086,157361.53128653968,160.84354829592655,294679.52230284153,414.68759196623347,759744.1290010394
CAJAMARCA,AGROSERVICIOS VIQUITO E.I.R.L.,padron:canal,canal,-7.103141767399961,-78.44868561199996,20,Huamachuco,2.974150965951349,True,False,159.0623381952517,291416.1887893197,284.82407989831916,521822.75692129,551.400468521975,1010214.1390382003
UCAYALI,AGROSERVICIOS TRES PIEDRAS,padron:canal,canal,-9.018102952124949,-75.55121519962498,21,Bellavista,7.878307380727101,False,False,84.12847635762128,413401.5935552339,182.73977879365967,897970.8064377201,225.4886666891203,1100723.6014438688
CUSCO,SEMILLEROS EN JESUS,padron:canal,canal,-14.249230275666624,-71.1717760798333,6,Sicuani,1.1479982068950825,True,False,33.15846574746631,70180.29537849812,45.32819001900011,95937.66456909107,209.81679339904005,444079.79091249435
SAN MARTIN,AGROSERVICIOS J&N S.A.C,padron:canal,canal,-5.903089736999945,-77.35914823124997,38,Bellavista,4.209830409302858,False,False,493.57395047289066,2243367.377621061,752.3390974846347,3431513.4186955644,986.4871804464171,4505459.6338259075
LIMA,MEF AGRO SERVICIOS S.A.C.,padron:canal,canal,-11.945962191999968,-76.97148873299994,55,Pisco,3.3757308752389563,True,False,5.880932965091482,28720.88782397367,35.906249918607514,175356.42426351787,147.33931689865582,719565.4189269231
JUNIN,AGROSERVICIOS EL ÑAÑO E.I.R.L,padron:canal,canal,-11.625696256714248,-74.37676050014282,4,Satipo,1.3825185978392642,True,False,235.63427670176983,688953.9929734467,302.8562735439411,885499.5201705706,551.5409892881406,1612610.7465235996
CAJAMARCA,AGROSERVICIOS MULTIPLES YOVERA S.R.L,padron:canal,canal,-5.77777052999996,-78.8564451898333,2,Chiclayo,4.408750112942358,False,False,23.59621671197964,43230.343663194246,23.59621671197964,43230.343663194246,63.59196425281655,116506.06969850053
HUANUCO,SEMILLEROS DE LA NUEVA GENERACIÓN,padron:canal,canal,-9.806415267749955,-75.83113975174996,5,Tarma,7.838051796378475,False,False,62.722938645867266,186670.88700912424,97.45094627129605,290025.5468425815,112.62437290042956,335183.4598641654
PIURA,AGROVETERINARIA RABANAL CURA MORI SOCIEDAD ANONIMA CERRADA,padron:canal,canal,-5.358341772199947,-80.61800724539998,76,Chiclayo,2.889506193810368,True,False,301.72657301558206,1179658.511473178,921.6483297738935,3603362.7596554593,1315.513141817219,5143253.572894166
PIURA,AGROVETERINARIA RABANAL ALMIRANTE GRAU S.A.C.,padron:canal,canal,-5.358341772199947,-80.61800724539998,76,Chiclayo,2.889506193810368,True,False,301.72657301558206,1179658.511473178,921.6483297738935,3603362.7596554593,1315.513141817219,5143253.572894166
PIURA,AGROVETERINARIA RABANAL PUENTE MOCHO S.A.C.,padron:canal,canal,-5.3190306077142395,-80.74447408728568,69,Chiclayo,2.889506193810368,True,False,278.34781732907186,1088254.735340343,592.0666408192658,2314799.274128602,1136.3121807995278,4442632.686851836
TACNA,AGROVETERINARIA LINARES E.I.R.L.,padron:canal,canal,-17.833332841999948,-70.27886115699994,10,Juliaca,9.04058028925242,False,False,4.393006217662023,14467.964280580629,166.2320940675639,547470.2015185416,368.0392534880558,1212103.627786491
LIMA,CITRUS AGRO COMERCIAL PERU S.A.C.,padron:canal,canal,-12.078106398999978,-77.04820820199996,64,Pisco,3.0485938718071464,True,False,14.80138889872444,72285.9846766951,94.27126912792009,460395.41034022096,232.74377721153274,1136657.730448449
APURIMAC,AGROSERVICIOS MULTIPLES FINCA VERDE E.I.R.L.,padron:canal,canal,-13.99970358999993,-72.98053639566665,3,Sicuani,8.618179817287414,False,False,4.158270822847342,23213.8727647451,4.158270822847342,23213.8727647451,4.158270822847342,23213.8727647451
LA LIBERTAD,AGRO SERVICIOS MUNDO VERDE S.A.C.,padron:canal,canal,-8.137772969999958,-79.04781110949997,48,Huamachuco,2.795084166722603,True,False,467.80179384354614,1794182.6827621984,988.3591877413521,3790701.4516227283,1918.8021185944547,7359273.902188105
LAMBAYEQUE,AGROVETERINARIA EL TAMBO E.I.R.L.,padron:canal,canal,-7.025682739749946,-79.65379419212496,77,Chiclayo,0.426511952948192,True,False,256.940309174519,1143931.4124949968,1000.0904193493633,4274614.572226875,2352.625580857906,9996617.868807629
PIURA,AGROVETERINARIA RABANAL CRUCETA S.A.C.,padron:canal,canal,-4.8628883712499515,-80.2997042673333,58,Chiclayo,3.804758317032244,True,False,568.4300672331698,2222387.5089525185,872.1816338275673,3409963.1252635424,1488.6971754877243,5820350.115398953
SAN MARTIN,AGROVETERINARIA GUEVARA E.I.R.L.,padron:canal,canal,-6.9712644739999705,-76.32614529266662,33,Bellavista,0.6893422051146256,True,False,293.21557340228514,1346328.6178316127,545.2720233139653,2503671.005507433,838.6940479593269,3850947.564860416
CAJAMARCA,AGROSERVICIOS GENERALES CHOTA E.I.R.L.,padron:canal,canal,-6.683780526687457,-78.50303553493745,21,Huamachuco,5.542075257930722,False,False,163.399053585404,299361.43268049683,347.2002800171694,636101.4398329051,510.2236594967327,934774.6045211602
CAJAMARCA,AGROSERVICIOS EL CAPULI E.I.R.L.,padron:canal,canal,-7.103141767399961,-78.44868561199996,20,Huamachuco,2.974150965951349,True,False,159.0623381952517,291416.1887893197,284.82407989831916,521822.75692129,551.400468521975,1010214.1390382003
CAJAMARCA,AGROSERVICIOS EL TINGO E.I.R.L.,padron:canal,canal,-7.1339595449999536,-78.54251182749995,13,Huamachuco,2.974150965951349,True,False,85.89191016604086,157361.53128653968,160.84354829592655,294679.52230284153,414.68759196623347,759744.1290010394
LIMA,AGROVETERINARIA CAMPOSOL E.I.R.L.,padron:canal,canal,-12.078106398999978,-77.04820820199996,64,Pisco,3.0485938718071464,True,False,14.80138889872444,72285.9846766951,94.27126912792009,460395.41034022096,232.74377721153274,1136657.730448449
CAJAMARCA,AGROSERVICIOS MULTIPLES CON ARTICULACION TECNOLOGICA NORPERU SOCIEDAD ANONIMA CERRADA,padron:canal,canal,-5.146278133166628,-79.0100132408333,12,Chiclayo,6.762531516369946,False,False,137.34882315619393,251635.1201234331,137.34882315619393,251635.1201234331,443.26417856809854,812098.9481908662
CAJAMARCA,AGROSERVICIOS MÚLTIPLES JUANITA E.I.R.L.- AGRO JUANITA E.I.R.L.,padron:canal,canal,-7.084706101749958,-78.78336513824996,5,Chiclayo,3.7304901256479086,True,False,0.0,0.0,76.19837877185451,139602.1294893911,130.14404068273282,238435.32516697497
SAN MARTIN,AGROSERVICIOS VAINILLAS E.I.R.L.,padron:canal,canal,-6.999837139999954,-76.58720885099996,40,Bellavista,0.2393157876145856,True,False,187.3811200428928,860379.1450359614,745.6590341581741,3423767.998347409,1146.1702612430677,5262755.336333889
SAN MARTIN,AGROSERVICIOS CONCEPCION MB S.A.C.,padron:canal,canal,-6.999837139999954,-76.58720885099996,40,Bellavista,0.2393157876145856,True,False,187.3811200428928,860379.1450359614,745.6590341581741,3423767.998347409,1146.1702612430677,5262755.336333889
CUSCO,AGROVETERINARIA AGROCAMPO CUSCO E.I.R.L.,padron:canal,canal,-13.488168709833294,-71.97455360566663,73,Sicuani,3.2080566631666327,True,False,259.7205448725736,549701.68685849,641.8250855257285,1358430.5868243407,1557.3215242753256,3296089.915779247
UCAYALI,AGROVETERINARIA SANTIAGO SOCIEDAD ANONIMA CERRADA,padron:canal,canal,-8.195059035299959,-74.33146417789996,20,,,False,False,136.02515505760815,668418.3322823104,390.17006007132113,1917269.057689447,499.0379341407749,2452238.363872603
ICA,C & C INSUMOS AGRICOLAS SOCIEDAD ANONIMA CERRADA,padron:canal,canal,-14.515655807499959,-75.16390665549996,32,Pisco,2.3914228485005604,True,False,155.7953712238221,1131355.2851451943,348.9516200997315,2552279.771458625,436.72308841945386,3186456.7014679676
SAN MARTIN,ZUMBAYLLU INSUMOS AGRICOLAS E.I.R.L.,padron:canal,canal,-6.510808337999947,-76.37202386166662,51,Bellavista,1.643692585136887,True,False,363.19349556422065,1667639.2430818896,700.711041284285,3217384.7956476556,964.190442945554,4427176.80822618
CAJAMARCA,AGROSERVICIOS LA PAMPA E.I.R.L.,padron:canal,canal,-7.1339595449999536,-78.54251182749995,13,Huamachuco,2.974150965951349,True,False,85.89191016604086,157361.53128653968,160.84354829592655,294679.52230284153,414.68759196623347,759744.1290010394
CAJAMARCA,AGROSERVICIOS EL CHORRO E.I.R.L.,padron:canal,canal,-6.978337593124955,-78.40012266887496,1,Huamachuco,5.876915106859798,False,False,26.09969919260028,47816.94368102975,26.09969919260028,47816.94368102975,26.09969919260028,47816.94368102975
CAJAMARCA,AGROSERVICIOS DOS DE MAYO E.I.R.L.,padron:canal,canal,-7.103141767399961,-78.44868561199996,20,Huamachuco,2.974150965951349,True,False,159.0623381952517,291416.1887893197,284.82407989831916,521822.75692129,551.400468521975,1010214.1390382003
CAJAMARCA,AGROSERVICIOS LOS FRESNOS E.I.R.L.,padron:canal,canal,-7.1339595449999536,-78.54251182749995,13,Huamachuco,2.974150965951349,True,False,85.89191016604086,157361.53128653968,160.84354829592655,294679.52230284153,414.68759196623347,759744.1290010394
LIMA,AGROSERVICIOS LA PIRIANA E.I.R.L.,padron:canal,canal,-12.219278058999976,-76.94527585299994,59,Pisco,2.5406712627521184,True,False,24.519830709116192,119748.22896972031,66.69358362029158,325713.4446366548,215.25242165121924,1051234.6753109402
LAMBAYEQUE,INSUMOS AGRICOLAS J & K S.R.L.,padron:canal,canal,-6.5027159718888345,-79.8787747583333,128,Chiclayo,1.013624084134972,True,False,1300.5022185948005,5790003.69638211,2494.0550630173907,11103854.978005607,3801.150273910621,16923211.526872177
SAN MARTIN,AGROSERVICIOS CARVASE S.A.C,padron:canal,canal,-6.510808337999947,-76.37202386166662,51,Bellavista,1.643692585136887,True,False,363.19349556422065,1667639.2430818896,700.711041284285,3217384.7956476556,964.190442945554,4427176.80822618
PASCO,ASOCIACIÓN DE PRODUCTORES AGROPECUARIOS Y FORESTALES LOS SEMILLEROS DE SHIRINGAMAZU,padron:canal,canal,-10.170269252666628,-75.29819524599996,1,Tarma,6.2678522256384985,False,False,500.5581324932105,1292058.3270995286,500.5581324932105,1292058.3270995286,500.5581324932105,1292058.3270995286
CAJAMARCA,AGROSERVICIOS CALDERON E.I.R.L.,padron:canal,canal,-7.2208989006666116,-77.98557671599997,0,Huamachuco,4.267698392820921,False,False,0.0,0.0,0.0,0.0,0.0,0.0
LA LIBERTAD,AGRICOLA VETERINARIA AGROMELA M & M E.I.R.L.,padron:canal,canal,-8.531563946888834,-78.59765777899996,0,Huamachuco,3.834136827785757,True,False,0.0,0.0,0.0,0.0,0.0,0.0
UCAYALI,AGROCOMERCIALIZADORA VITARROZ EMPRESA INDIVIDUAL DE RESPONSABILIAD LIMITADA,padron:canal,canal,-8.195059035299959,-74.33146417789996,20,,,False,False,136.02515505760815,668418.3322823104,390.17006007132113,1917269.057689447,499.0379341407749,2452238.363872603
JUNIN,AGROSERVICIOS ECOCAMPO SOCIEDAD ANONIMA CERRADA,padron:canal,canal,-11.625696256714248,-74.37676050014282,4,Satipo,1.3825185978392642,True,False,235.63427670176983,688953.9929734467,302.8562735439411,885499.5201705706,551.5409892881406,1612610.7465235996
SAN MARTIN,AGROSERVICIOS IVAGRO S.A.C.,padron:canal,canal,-5.903089736999945,-77.35914823124997,38,Bellavista,4.209830409302858,False,False,493.57395047289066,2243367.377621061,752.3390974846347,3431513.4186955644,986.4871804464171,4505459.6338259075
SAN MARTIN,AGROSERVICIOS RAYMOR E.I.R.L.,padron:canal,canal,-6.228803217499944,-76.30090881499994,10,Bellavista,2.751774547328989,True,False,189.26988798294232,869051.6118515038,262.96182963292006,1207415.528869048,408.70987977256254,1861321.1324765338
CAJAMARCA,AGROSERVICIOS EL CARRIZO E.I.R.L.,padron:canal,canal,-7.103141767399961,-78.44868561199996,20,Huamachuco,2.974150965951349,True,False,159.0623381952517,291416.1887893197,284.82407989831916,521822.75692129,551.400468521975,1010214.1390382003
AMAZONAS,AGROSERVICIOS JHONATAN EIRL,padron:canal,canal,-5.824286803999953,-78.4380648273529,8,Chiclayo,5.848100778318882,False,False,57.928824205323394,202638.09782927844,92.37797313180238,323143.04689499305,146.10982133924594,511099.90020546154
LA LIBERTAD,AGROSERVICIOS ELIZABETH E.I.R.L.,padron:canal,canal,-8.112903216499944,-79.02598934049996,49,Huamachuco,2.795084166722603,True,False,467.80179384354614,1794182.6827621984,1058.7356727234994,4060619.763801908,2150.715400549116,8248742.048444856
CAJAMARCA,AGROSERVICIOS EL LANCHE E.I.R.L.,padron:canal,canal,-7.1339595449999536,-78.54251182749995,13,Huamachuco,2.974150965951349,True,False,85.89191016604086,157361.53128653968,160.84354829592655,294679.52230284153,414.68759196623347,759744.1290010394
CAJAMARCA,AGROSERVICIOS MIRAFLORES E.I.R.L.,padron:canal,canal,-7.1339595449999536,-78.54251182749995,13,Huamachuco,2.974150965951349,True,False,85.89191016604086,157361.53128653968,160.84354829592655,294679.52230284153,414.68759196623347,759744.1290010394
CAJAMARCA,AGROSERVICIOS EL SURO E.I.R.L.,padron:canal,canal,-7.1339595449999536,-78.54251182749995,13,Huamachuco,2.974150965951349,True,False,85.89191016604086,157361.53128653968,160.84354829592655,294679.52230284153,414.68759196623347,759744.1290010394
CAJAMARCA,AGROSERVICIOS LOS GERANIOS E.I.R.L.,padron:canal,canal,-7.103141767399961,-78.44868561199996,20,Huamachuco,2.974150965951349,True,False,159.0623381952517,291416.1887893197,284.82407989831916,521822.75692129,551.400468521975,1010214.1390382003
CAJAMARCA,AGROSERVICIOS LA COLPA E.I.R.L.,padron:canal,canal,-7.084706101749958,-78.78336513824996,5,Chiclayo,3.7304901256479086,True,False,0.0,0.0,76.19837877185451,139602.1294893911,130.14404068273282,238435.32516697497
CAJAMARCA,AGROVETERINARIA NORVET E.I.R.L.,padron:canal,canal,-5.77777052999996,-78.8564451898333,2,Chiclayo,4.408750112942358,False,False,23.59621671197964,43230.343663194246,23.59621671197964,43230.343663194246,63.59196425281655,116506.06969850053
LIMA,SEMILLERIA SIERRA S.A.C.,padron:canal,canal,-12.076444784999978,-77.09006733999996,61,Pisco,3.0485938718071464,True,False,14.067054467334117,68699.69369966218,77.84541480774708,380175.97540651844,206.0232022208019,1006161.6609546661
AMAZONAS,AGROSERVICIOS CASHURCO E.I.R.L.,padron:canal,canal,-6.512076057799959,-77.80062446479995,5,Chiclayo,7.590427154138834,False,False,54.079593239613324,189173.28386667487,54.079593239613324,189173.28386667487,54.079593239613324,189173.28386667487
AMAZONAS,AGROSERVICIOS MAICOL E.I.R.L.,padron:canal,canal,-5.58864530733329,-78.52011989433329,30,Chiclayo,5.06929364361305,False,False,149.167289507505,509699.9003355233,295.9197889973267,1023047.9227795361,620.9288655680457,2124372.3727900903
LAMBAYEQUE,ALM AGRO SERVICIOS E.I.R.L.,padron:canal,canal,-6.778467846249953,-79.81662766524997,154,Chiclayo,0.2764130371427082,True,False,1541.7577945806613,6864104.652734384,2824.956445550842,12577070.633167502,4223.554528177981,18657815.443777937
AYACUCHO,AGROSERVICIOS MULTIPLES FER E.I.R.L.,padron:canal,canal,-12.658211687799952,-73.84552278919996,16,Tarma,9.79986963371491,False,False,49.1674916513118,152722.79190323094,131.36087588247136,387822.13407935284,184.6514625179817,523261.89952227887
HUANUCO,SEMILLEROS DEL REINO DE DIOS,padron:canal,canal,-9.99394709024996,-76.32037694549997,6,Tarma,5.015590688861649,False,False,21.168765168738638,63000.749905021556,26.912521546825594,80094.84850769365,49.62395838444344,147686.77183364518
JUNIN,ASOCIACION DE PRODUCTORES AGROPECUARIOS Y SERVICIOS MULTIPLES LOS SEMILLEROS DE PATAY,padron:canal,canal,-11.32114496274994,-75.52439892874996,33,Tarma,0.4219740874775137,True,False,346.6957969453632,1013678.7270339658,799.0804557524089,2336373.4614656284,1009.3032866031575,2951028.768647925
SAN MARTIN,AGROVETERINARIA HUALLAGA E.I.R.L.,padron:canal,canal,-6.999837139999954,-76.58720885099996,40,Bellavista,0.2393157876145856,True,False,187.3811200428928,860379.1450359614,745.6590341581741,3423767.998347409,1146.1702612430677,5262755.336333889
ICA,AGROCOMERCIAL MABU PERU S.A.C.,padron:canal,canal,-14.057208390333281,-75.70581604999997,65,Pisco,1.304193835475294,True,False,909.3883793928904,6689776.920851188,1231.8636843203506,9062017.320369354,1573.9896890372147,11578815.09593129
SAN MARTIN,AGRO SERVICIOS DELGADO S.A.C.,padron:canal,canal,-6.60860632316663,-76.7158019123333,21,Bellavista,1.605475537743294,True,False,234.48304219678832,1076652.3293516627,437.7393138277512,2009923.8199320068,614.6165623227547,2822073.3886911697
MADRE DE DIOS,AGROVETERINARIA CODAIR E.I.R.L.,padron:canal,canal,-12.579872001083288,-69.43257322249995,7,,,False,False,21.98199037330064,39036.83817078518,21.98199037330064,39036.83817078518,78.91772483511598,140146.4744947209
CAJAMARCA,SEMILLEROS DEL REINO ETERNO - YAUYUCAN,padron:canal,canal,-6.685582277499947,-78.84843519599997,10,Chiclayo,4.144195748928672,False,False,42.26339931527371,77430.26346450295,68.02062970191358,124619.77418217652,136.19647123260293,249523.91008133805
LA LIBERTAD,AGROCOMERCIALIZADORA LA CANELA S.A.C.,padron:canal,canal,-8.112903216499944,-79.02598934049996,49,Huamachuco,2.795084166722603,True,False,467.80179384354614,1794182.6827621984,1058.7356727234994,4060619.763801908,2150.715400549116,8248742.048444856
LIMA,MC INSUMOS AGRICOLAS E.I.R.L.,padron:canal,canal,-12.157858249999949,-76.96650742299994,63,Pisco,3.012573270609794,True,False,33.65217743053288,164348.1431861141,110.31061256653024,538727.2305471436,230.0996441877373,1123744.4990923232
AREQUIPA,AGRO DISTRIBUCIONES DEVLIAM S.R.L.,padron:canal,canal,-16.629631488999962,-72.70989803949996,15,Juliaca,7.209991944605171,False,False,182.43314679968412,945734.6630626303,228.57759853505826,1184947.8119871626,251.44244253910662,1303479.317470056
LIMA,AGRO SERVICIOS HERMANOS DIAZ S.A.C.S,padron:canal,canal,-13.031336240285668,-76.36795918114282,53,Pisco,1.3603158680328946,True,False,465.71045347424365,2274404.039645025,528.4873790273728,2580989.5843958003,716.9126593128074,3610775.334364575
UCAYALI,AGRO VETERINARIA LA BUENA SIEMBRA SOCIEDAD ANONIMA CERRADA,padron:canal,canal,-8.195059035299959,-74.33146417789996,20,,,False,False,136.02515505760815,668418.3322823104,390.17006007132113,1917269.057689447,499.0379341407749,2452238.363872603
AMAZONAS,AGRO SERVICIOS SALINAS S.A.C.,padron:canal,canal,-6.153859742499947,-78.02113188299998,17,Chiclayo,7.777848309326367,False,False,54.850378966130336,191869.5331967452,68.14816851571595,238385.9059460209,130.83786936643193,457677.8026510157
LIMA,AGROSERVICIOS BYM S.A.C.,padron:canal,canal,-12.465836826999976,-76.77562379499994,44,Pisco,2.32626128361434,True,False,61.61475434862745,300909.8145571355,173.92053295118012,849380.8970153526,265.74525238646527,1297828.0196102373
JUNIN,AGROVETERINARIA ALIVET S.A.C.,padron:canal,canal,-12.01999116233327,-75.13048408966664,114,Tarma,2.085889930192646,True,False,142.1235088811493,415544.632596016,1012.9212894199801,2961607.1850062297,1686.2160469818741,4975370.4720538985
JUNIN,AGROVETERINARIA GRUPO RIVERA S.A.C.,padron:canal,canal,-12.068360668999958,-75.29055320074997,102,Tarma,1.715449670031545,True,False,177.72905509079993,519649.10999421094,890.290374245182,2603055.535160329,1574.0921676296211,4639769.902611434
LA LIBERTAD,AGROSERVICIOS SEBASTIAN-G E.I.R.L.,padron:canal,canal,-8.428038507437456,-78.77410531737496,40,Huamachuco,3.645772398887248,True,False,1029.4765986637422,3948401.0321028377,1176.8438809897843,4513605.846267233,1382.0556346650376,5300664.338964121
TACNA,AGROCOMERCIALIZADORES Y ASESORES RIVERA E.I.R.L.,padron:canal,canal,-18.016258393999976,-70.39369989799997,12,Juliaca,8.501144108199792,False,False,162.81748160060516,536224.4875913992,1017.2166494862984,3350110.020607289,1662.8127054294064,5476321.597434888
ICA,AGROSERVICIOS VALERY S.A.C.,padron:canal,canal,-14.140398188499972,-75.83562266299995,56,Pisco,1.2800623915581704,True,False,90.94850027530622,669048.7715864119,791.8960357890811,5825462.414059034,1208.0384782015503,8886750.825173452
LIMA,AGROSERVICIOS CL SOCIEDAD ANONIMA CERRADA,padron:canal,canal,-12.097546260999934,-76.99520863399994,64,Pisco,3.012573270609794,True,False,13.914879051969438,67956.51008233496,129.32121926766158,631569.8978194754,237.09303879064873,1157898.349015671
SAN MARTIN,AGRO SERVICIOS A & A S.A.C.,padron:canal,canal,-8.469711766666611,-76.2200871463333,5,,,False,False,0.0,0.0,0.0,0.0,360.69441365060266,1656164.4586440483
LIMA,COMERCIALIZADORA AGROALIMENTOS LU E.I.R.L.,padron:canal,canal,-12.044540457999972,-77.05082250599997,65,Pisco,3.0485938718071464,True,False,35.90114725484098,175331.5042322045,104.58001899138137,510740.5596883516,251.29183742061977,1227241.445613992
HUANUCO,AGROSERVICIOS Y COSECHAS DEL ALTO HUALLAGA SAC,padron:canal,canal,-8.897235273749956,-76.13537083762496,14,Bellavista,5.917386096603188,False,False,163.23311892816704,485801.07624779624,426.7893359270174,1270175.5629362676,730.944088422445,2399879.7653915696
AYACUCHO,INSUMOS AGRICOLAS EMSERGE E.I.R.L.,padron:canal,canal,-13.13708446449995,-74.25491730624996,24,Pisco,6.257969869011292,False,False,24.64814058792706,76561.41729799088,64.49857362285792,200343.80251318234,138.12918186654383,429053.2949611003
PASCO,AGROVETERINARIA Y MULTISERVICIOS DEL GRANJERO SOCIEDAD COMERCIAL DE RESPONSABILIDAD LIMITADA,padron:canal,canal,-10.70116907199997,-76.24658910799997,17,Tarma,2.353398261613884,True,False,23.88897804575023,61663.07368970391,81.3579251724057,210003.94933344328,289.05798094407294,785014.8205016591
CUSCO,DISTRIBUIDORA AGROPECUARIA EL PAISA E.I.R.L.,padron:canal,canal,-13.488168709833294,-71.97455360566663,73,Sicuani,3.2080566631666327,True,False,259.7205448725736,549701.68685849,641.8250855257285,1358430.5868243407,1557.3215242753256,3296089.915779247
HUANUCO,AGROVETERINARIA DIANE JV EMPRESA INDIVIDUAL DE RESPONSABILIDAD LIMITADA,padron:canal,canal,-9.232244244333287,-76.06163512399996,14,Tarma,6.991299139352767,False,False,34.2556792212403,101948.95461503191,225.6114082395644,671446.246057415,457.56063676695356,1361754.5952046155
AREQUIPA,AGROSERVICIOS & NEGOCIOS 3A E.I.R.L.,padron:canal,canal,-16.355911164285665,-72.25542138499996,10,Juliaca,6.501308314101161,False,False,250.7903825207732,1300099.0339385096,630.2635782723963,3267290.639307904,660.1036240595179,3421981.6378644537
CAJAMARCA,AGROSERVICIOS SAN FERNANDO E.I.R.L.,padron:canal,canal,-7.084706101749958,-78.78336513824996,5,Chiclayo,3.7304901256479086,True,False,0.0,0.0,76.19837877185451,139602.1294893911,130.14404068273282,238435.32516697497
TACNA,AGRO COMERCIALIZADORA ZEGARRA S.A.C.,padron:canal,canal,-18.016258393999976,-70.39369989799997,12,Juliaca,8.501144108199792,False,False,162.81748160060516,536224.4875913992,1017.2166494862984,3350110.020607289,1662.8127054294064,5476321.597434888
CUSCO,MUNDO AGROVETERINARIA EMMA E.I.R.L,padron:canal,canal,-14.330064460833285,-71.86004558149996,5,Sicuani,4.009664775659735,False,False,11.1301367202207,23557.069515131094,33.53208103627967,70971.056673865,33.53208103627967,70971.056673865
LIMA,CIRCULOS Y SEMILLEROS DE INVESTIGACION,padron:canal,canal,-12.08579145999994,-77.03566671499993,65,Pisco,3.0485938718071464,True,False,16.261980714201048,79419.12051380203,120.71402422687106,589534.6825376495,253.57304030420212,1238382.2242135785
ANCASH,AGROVETERINARIA GRECC E.I.R.L.,padron:canal,canal,-9.58072450849997,-77.48755910599996,4,Huamachuco,8.52176313064228,False,False,0.0,0.0,98.78469760669343,155130.68869479457,111.95817860575188,175818.21651441974
LIMA,DISTRIBUIDORA AGRO ARROYO E.I.R.L.,padron:canal,canal,-12.157858249999949,-76.96650742299994,63,Pisco,3.012573270609794,True,False,33.65217743053288,164348.1431861141,110.31061256653024,538727.2305471436,230.0996441877373,1123744.4990923232
AREQUIPA,AGROSERVICIOS EL AGRICULTOR S.A.C.,padron:canal,canal,-16.25080225499994,-71.46406065599996,1,Juliaca,3.768070617136576,True,False,2.628592480427638,13626.641141786742,2.628592480427638,13626.641141786742,2.628592480427638,13626.641141786742
SAN MARTIN,AGRO SERVICIOS AYM E.I.R.L.,padron:canal,canal,-6.9712644739999705,-76.32614529266662,33,Bellavista,0.6893422051146256,True,False,293.21557340228514,1346328.6178316127,545.2720233139653,2503671.005507433,838.6940479593269,3850947.564860416
CAJAMARCA,AGROSERVICIOS MARAÑON S.A.C.,padron:canal,canal,-5.560942802749956,-78.77268994724996,22,Chiclayo,4.987670123479137,False,False,185.00438842878168,338944.3057163854,299.8366376315593,549327.0826355908,478.01777248076013,912412.5304091807
LIMA,AGRO SERVICIOS WAYRA S.A.C.,padron:canal,canal,-12.043207248999977,-76.96314006599994,64,Pisco,3.012573270609794,True,False,22.35849964791668,109192.87196639228,121.6752932856931,594229.2609269909,246.86038104106365,1205599.4098469536
AMAZONAS,AGROSERVICIOS Y NEGOCIOS LINARES E.I.R.L.,padron:canal,canal,-5.58864530733329,-78.52011989433329,30,Chiclayo,5.06929364361305,False,False,149.167289507505,509699.9003355233,295.9197889973267,1023047.9227795361,620.9288655680457,2124372.3727900903
LIMA,AGROSERVICIOS SANTA CATALINA E.I.R.L.,padron:canal,canal,-11.972420735999949,-77.07436708199998,68,Pisco,3.0485938718071464,True,False,44.3999042555989,216837.13742184968,127.74643207399355,623879.0626060073,388.46720783483767,1897168.8957762306
LIMA,AGRO SERVICIOS ESCALANTE S.A.C.,padron:canal,canal,-11.927920622999949,-77.03740747999996,62,Pisco,3.341094771641284,True,False,65.94867573909167,322075.51578724757,142.0326373971629,693649.0298803443,270.0159934898145,1318685.1653867017
UCAYALI,AGRO DISTRIBUIDORA SANTA ELSA S.A.C.,padron:canal,canal,-8.504587933499948,-74.82641630649995,35,Tarma,9.778074403429358,False,False,281.15831574090106,1381592.7828587682,667.2397163817286,3278770.4470361597,1040.0010601241474,4712887.659749054
CAJAMARCA,ASOCIACIÓN DE PRODUCTORES AGROPECUARIOS LOS SEMILLEROS DE LA LIBERTAD Y CHOCTAPAMPA,padron:canal,canal,-7.0639097699999525,-78.06652356999999,1,Huamachuco,6.66865770015869,False,False,0.0,0.0,27.76299215407543,50864.24262792565,27.76299215407543,50864.24262792565
LIMA,DISTRIBUIDORA AGROVETERINARIA DEL CENTRO EMPRESA INDIVIDUAL DE RESPONSABILIDAD LIMITADA,padron:canal,canal,-11.945962191999968,-76.97148873299994,55,Pisco,3.3757308752389563,True,False,5.880932965091482,28720.88782397367,35.906249918607514,175356.42426351787,147.33931689865582,719565.4189269231
TACNA,AGRO COMERCIAL OLIMERY E.I.R.L.,padron:canal,canal,-18.016258393999976,-70.39369989799997,12,Juliaca,8.501144108199792,False,False,162.81748160060516,536224.4875913992,1017.2166494862984,3350110.020607289,1662.8127054294064,5476321.597434888
PIURA,AGRO DISTRIBUIDORA AMARAL PIURA S.A.C.,padron:canal,canal,-5.115279066666612,-80.65308190899997,82,Chiclayo,3.00883433913856,True,False,295.44732054554794,1155108.5570295493,887.6255578687852,3470344.1393177044,1604.2216082059115,6272015.273615169
JUNIN,ASOCIACION LOS SEMILLEROS DE HUASAHUASI,padron:canal,canal,-11.181014637166621,-75.64370585933328,1,Tarma,2.1734165231571896,True,False,12.768944120990078,37334.19076947415,12.768944120990078,37334.19076947415,12.768944120990078,37334.19076947415
AMAZONAS,AGROSERVICIOS LLANOS E.I.RL.,padron:canal,canal,-5.824286803999953,-78.4380648273529,8,Chiclayo,5.848100778318882,False,False,57.928824205323394,202638.09782927844,92.37797313180238,323143.04689499305,146.10982133924594,511099.90020546154
AYACUCHO,INSUMOS AGRICOLA APU S.A.C.,padron:canal,canal,-13.195303347999982,-74.21148063299995,55,Pisco,6.241979107773316,False,False,56.679510563253906,176056.43091003314,197.3792347850612,613094.278103032,439.21422177721024,1369786.0932034703
SAN MARTIN,AGROVETERINARIA EL VALLE E.I.R.L.,padron:canal,canal,-6.60860632316663,-76.7158019123333,21,Bellavista,1.605475537743294,True,False,234.48304219678832,1076652.3293516627,437.7393138277512,2009923.8199320068,614.6165623227547,2822073.3886911697
CAJAMARCA,COMERCIALIZADORA AGROINDUSTRIAL JKN S.A.C.,padron:canal,canal,-5.77777052999996,-78.8564451898333,2,Chiclayo,4.408750112942358,False,False,23.59621671197964,43230.343663194246,23.59621671197964,43230.343663194246,63.59196425281655,116506.06969850053
MADRE DE DIOS,AGROVETERINARIA EDAL E.I.R.L.,padron:canal,canal,-12.579872001083288,-69.43257322249995,7,,,False,False,21.98199037330064,39036.83817078518,21.98199037330064,39036.83817078518,78.91772483511598,140146.4744947209
PIURA,AGROSERVICIOS ARCA SOCIEDAD ANONIMA CERRADA,padron:canal,canal,-5.115279066666612,-80.65308190899997,82,Chiclayo,3.00883433913856,True,False,295.44732054554794,1155108.5570295493,887.6255578687852,3470344.1393177044,1604.2216082059115,6272015.273615169
JUNIN,AGROSERVICIOS JOSE LUIS SOCIEDAD ANONIMA CERRADA,padron:canal,canal,-11.625696256714248,-74.37676050014282,4,Satipo,1.3825185978392642,True,False,235.63427670176983,688953.9929734467,302.8562735439411,885499.5201705706,551.5409892881406,1612610.7465235996
AREQUIPA,AGROSERVICIOS SANDERS E.I.R.L.,padron:canal,canal,-16.355911164285665,-72.25542138499996,10,Juliaca,6.501308314101161,False,False,250.7903825207732,1300099.0339385096,630.2635782723963,3267290.639307904,660.1036240595179,3421981.6378644537
SAN MARTIN,SOFY SEMILLERO DEL EXITO E.I.R.L.,padron:canal,canal,-7.263113707999963,-76.74737653624997,17,Bellavista,0.8053045711319299,True,False,89.410165992506,410535.71542611497,203.01758123243727,932175.5197538025,436.22630304162914,2002976.6796529014
AREQUIPA,AGRO DISTRIBUCIONES EXCLUSIVAS S.A.,padron:canal,canal,-16.355911164285665,-72.25542138499996,10,Juliaca,6.501308314101161,False,False,250.7903825207732,1300099.0339385096,630.2635782723963,3267290.639307904,660.1036240595179,3421981.6378644537
AREQUIPA,AGROVETERINARIA VARAD E.I.R.L.,padron:canal,canal,-16.355911164285665,-72.25542138499996,10,Juliaca,6.501308314101161,False,False,250.7903825207732,1300099.0339385096,630.2635782723963,3267290.639307904,660.1036240595179,3421981.6378644537
SAN MARTIN,AGRO VETERINARIA BUSTAMANTE E.I.R.L.,padron:canal,canal,-5.989784628999947,-77.16786541466662,37,Bellavista,3.774667494082822,True,False,220.64791460076984,1013126.9579065507,504.2664673577376,2292463.137821242,1080.3974346125906,4937826.069380222
LIMA,AGROSERVICIOS ALMENDRA S.A.C.,padron:canal,canal,-10.964858042249958,-77.60369172349996,31,Pisco,5.312492602796364,False,False,284.19860474254364,1387949.207207713,677.2295214253149,3307406.0240775556,1069.0431254407454,5220917.814746123
JUNIN,EMPRESA COMERCIALIZADORA AGROCENTRO E.I.R.L.,padron:canal,canal,-12.01999116233327,-75.13048408966664,114,Tarma,2.085889930192646,True,False,142.1235088811493,415544.632596016,1012.9212894199801,2961607.1850062297,1686.2160469818741,4975370.4720538985
AMAZONAS,AGROVETERINARIA W.H.C. TABACONAS EIRL,padron:canal,canal,-5.824286803999953,-78.4380648273529,8,Chiclayo,5.848100778318882,False,False,57.928824205323394,202638.09782927844,92.37797313180238,323143.04689499305,146.10982133924594,511099.90020546154
AMAZONAS,AGROSERVICIOS SUELO FERTIL SRL,padron:canal,canal,-5.58864530733329,-78.52011989433329,30,Chiclayo,5.06929364361305,False,False,149.167289507505,509699.9003355233,295.9197889973267,1023047.9227795361,620.9288655680457,2124372.3727900903
CAJAMARCA,AGROSERVICIOS CONVET E.I.R.L.,padron:canal,canal,-5.77777052999996,-78.8564451898333,2,Chiclayo,4.408750112942358,False,False,23.59621671197964,43230.343663194246,23.59621671197964,43230.343663194246,63.59196425281655,116506.06969850053
SAN MARTIN,AGROVETERINARIA DEL VALLE S.A.C.,padron:canal,canal,-5.8215376679999435,-77.4067599833333,32,Bellavista,5.0651848537731325,False,False,418.2323769785266,1920355.7692940102,703.797983491845,3208632.041176582,878.4159642817978,3982816.2876635594
LA LIBERTAD,AGRO DISTRIBUIDOR JNM S.A.C.,padron:canal,canal,-8.063402979999978,-79.05543985499997,46,Huamachuco,2.795084166722603,True,False,434.6999002266928,1667225.4006918827,1337.9757719261954,5131602.724781821,2133.914687900075,8184305.4684879705
LIMA,AGROSERVICIOS TINCO E.I.R.L.,padron:canal,canal,-13.048479710333282,-76.42218339299997,62,Pisco,1.3603158680328946,True,True,469.7402494572647,2294084.4745469126,578.457591161912,2825030.6006385256,849.8086215936386,4439851.2859303225
LA LIBERTAD,AGROTIENDAS LAS PALMERAS S.A.C.,padron:canal,canal,-7.280277065499945,-79.47136821024996,46,Chiclayo,1.5563881818261769,True,False,928.5306388134677,3535162.649778685,1382.0049334110013,5284835.520208351,1753.7611683549467,6825627.155466036
AREQUIPA,AGRO SERVICIOS VID PERU S.A.C.,padron:canal,canal,-16.355911164285665,-72.25542138499996,10,Juliaca,6.501308314101161,False,False,250.7903825207732,1300099.0339385096,630.2635782723963,3267290.639307904,660.1036240595179,3421981.6378644537
LIMA,AGROVETERINARIA AQUATERRA S.A.C.,padron:canal,canal,-12.185408900399954,-76.84220434319997,25,Pisco,2.713858820494706,True,False,26.06880677042108,127313.00958579492,60.693359141658604,296409.969288029,82.22193058840553,401549.69613114954
LIMA,SEMILLERO AGROINDUSTRIAL E.I.R.L.,padron:canal,canal,-12.044540457999972,-77.05082250599997,65,Pisco,3.0485938718071464,True,False,35.90114725484098,175331.5042322045,104.58001899138137,510740.5596883516,251.29183742061977,1227241.445613992
LIMA,AGRO SERVICIOS L Y T S.A.C.,padron:canal,canal,-10.964858042249958,-77.60369172349996,31,Pisco,5.312492602796364,False,False,284.19860474254364,1387949.207207713,677.2295214253149,3307406.0240775556,1069.0431254407454,5220917.814746123
LIMA,AGROSERVICIOS AYNI S.A.C.,padron:canal,canal,-11.426808909499954,-77.16120348124996,14,Pisco,4.57272988343412,False,False,0.0,0.0,317.12421522891805,1548748.9937259906,441.6239527314037,2156772.077163303
ICA,PR AGROSERVICIOS S.A.C.,padron:canal,canal,-13.532068524066627,-76.09022220366663,71,Pisco,0.3324523879337658,True,False,376.9941463413423,2773299.941631102,719.6109785789974,5293708.414992915,1119.6213815011452,8236323.937917742
LIMA,COMERCIALIZADORA AGROPECUARIA GRACIELA-IMPORTACION & EXPORTACION E.I.R.L.,padron:canal,canal,-12.04034159349996,-76.90482929099994,59,Pisco,3.3757308752389563,True,False,13.477277880724094,65819.3841831654,72.83450819959472,355704.0612657809,186.16546694548956,909181.8465840837
LAMBAYEQUE,AGROSERVICIOS JHUNIOR HC S.R.L.,padron:canal,canal,-6.788854413999928,-79.69287900949996,121,Chiclayo,0.4436463004350804,True,False,854.8758471348362,3806017.5861958186,1756.0791936685796,7818291.1779013,2835.930998002753,12625930.756859837
LA LIBERTAD,NUTRICION AVANZADA AGROVETERINARIA S.A.C.,padron:canal,canal,-8.137772969999958,-79.04781110949997,48,Huamachuco,2.795084166722603,True,False,467.80179384354614,1794182.6827621984,988.3591877413521,3790701.4516227283,1918.8021185944547,7359273.902188105
HUANUCO,GRUPO EL SEMILLERO SOCIEDAD ANONIMA CERRADA,padron:canal,canal,-9.955593204999957,-76.19337483099994,3,Tarma,6.003689830807589,False,False,142.5588857678672,424272.11211465765,142.5588857678672,424272.11211465765,142.5588857678672,424272.11211465765
AREQUIPA,AGROSERVICIOS FERYUKE S.R.L.,padron:canal,canal,-16.355911164285665,-72.25542138499996,10,Juliaca,6.501308314101161,False,False,250.7903825207732,1300099.0339385096,630.2635782723963,3267290.639307904,660.1036240595179,3421981.6378644537
LA LIBERTAD,AGROSERVICIOS LIBERTAD SOCIEDAD ANONIMA CERRADA,padron:canal,canal,-8.112903216499944,-79.02598934049996,49,Huamachuco,2.795084166722603,True,False,467.80179384354614,1794182.6827621984,1058.7356727234994,4060619.763801908,2150.715400549116,8248742.048444856
HUANUCO,AGRO SERVICIOS CANCHAN PERÚ S.A.C.,padron:canal,canal,-9.894156843599944,-76.29361549159997,2,Tarma,5.015590688861649,False,False,20.855360769081194,62068.02132852856,20.855360769081194,62068.02132852856,34.28344385328749,102031.5854452134
LIMA,AGRO SERVICIOS INTEGRALES DEL PERU E.I.R.L.,padron:canal,canal,-10.644236568499949,-77.70549392674995,25,Pisco,5.79940530506873,False,False,344.22879322973785,1583730.0923667098,622.548275125731,2942967.2518803873,845.521511296135,4031908.2994678835
LIMA,FUNDACION SEMILLERO DE CAMPEONES,padron:canal,canal,-12.02358344299995,-77.03267751899995,65,Pisco,3.0485938718071464,True,False,35.90114725484098,175331.5042322045,104.58001899138137,510740.5596883516,251.29183742061977,1227241.445613992
CAJAMARCA,AGROVETERINARIA EL VALLE CONDEBAMBA S.R.L.,padron:canal,canal,-7.528376309499947,-78.08753910899995,5,Huamachuco,1.4524026052238264,True,False,55.21552412031214,101159.69489518327,256.5223824988192,469971.5589192411,307.8556349335781,666852.4468944328
CAJAMARCA,AGROSERVICIOS MULTIPLES GONSAF S.A.C,padron:canal,canal,-6.02990027019996,-79.12450442319997,15,Chiclayo,4.730088150780968,False,False,143.5208086526615,262942.7402115755,231.28306454463512,479017.43985389546,304.77803472719114,613666.687116278
LA LIBERTAD,AGRO SERVICIOS JC SANCHEZ E.I.R.L.,padron:canal,canal,-8.428038507437456,-78.77410531737496,40,Huamachuco,3.645772398887248,True,False,1029.4765986637422,3948401.0321028377,1176.8438809897843,4513605.846267233,1382.0556346650376,5300664.338964121
MADRE DE DIOS,AGROVETERINARIA LOS TREBOLS DEL SUR EMPRESA INDIVIDUAL DE RESPONSABILIDAD LIMITADA,padron:canal,canal,-12.579872001083288,-69.43257322249995,7,,,False,False,21.98199037330064,39036.83817078518,21.98199037330064,39036.83817078518,78.91772483511598,140146.4744947209
TUMBES,AGRO COMERCIAL EMMA E.I.R.L.,padron:canal,canal,-3.5121632614999356,-80.23228071824995,39,Chiclayo,7.429176645754136,False,False,240.4031980401558,1628537.668567494,476.52143804733254,3228048.2042938867,520.7543309494288,3527690.3590906085
AREQUIPA,AGROSERVICIOS ZAPATA E.I.R.L.,padron:canal,canal,-16.355911164285665,-72.25542138499996,10,Juliaca,6.501308314101161,False,False,250.7903825207732,1300099.0339385096,630.2635782723963,3267290.639307904,660.1036240595179,3421981.6378644537
PUNO,AGROCOMERCIALIZADORA PLATER`S E.I.R.L.,padron:canal,canal,-16.279852241124956,-69.08620082987497,41,Juliaca,3.002028757795133,True,False,422.1293207920113,708716.2779405463,843.7948245087948,1416653.8497002851,1402.6575032158598,2354932.851002604
LA LIBERTAD,AGRO SERVICIOS JC TORRES S.A.C.,padron:canal,canal,-7.731538622333289,-79.2955613383333,43,Chiclayo,2.314001366762243,True,False,1142.907216251564,4383446.926431228,1624.9361764724895,6232195.743558461,2042.5959052178275,7834066.15633559
CAJAMARCA,AGROSERVICIOS LA BENDICION E.I.R.L.,padron:canal,canal,-5.77777052999996,-78.8564451898333,2,Chiclayo,4.408750112942358,False,False,23.59621671197964,43230.343663194246,23.59621671197964,43230.343663194246,63.59196425281655,116506.06969850053
SAN MARTIN,AGRO VETERINARIA EL ENGORDE E.I.R.L.,padron:canal,canal,-6.288707473499954,-77.09286929499996,8,Bellavista,4.563879016372145,False,False,254.86619351956597,1170243.6063395233,269.8248761914821,1238927.893236631,328.1345004910688,1486708.2254604902
LIMA,AGROSERVICIOS Y SUMINISTROS MAGHER S.A.C.S.,padron:canal,canal,-11.972420735999949,-77.07436708199998,68,Pisco,3.0485938718071464,True,False,44.3999042555989,216837.13742184968,127.74643207399355,623879.0626060073,388.46720783483767,1897168.8957762306
SAN MARTIN,B & V CORPORACION AGROVETERINARIA LA SOLUCION S.A.C.,padron:canal,canal,-5.874582397249959,-77.07746978587497,6,Bellavista,4.805022509666425,False,False,269.1040118690063,1235617.9726356836,308.4081992166561,1416087.0780544332,316.2535412697846,1452109.7503847098
AREQUIPA,SEMILLERA AGRO-INDUSTRIAL DEL SUR S.A.C.,padron:canal,canal,-16.406658033999975,-71.53845913699996,33,Juliaca,4.437874042686684,False,False,262.84633235331523,1362597.1591574892,378.90674701372006,1964255.1312928314,521.1139273688896,2701458.113084054
LA LIBERTAD,SOCIEDAD ANONIMA CERRADA AGROSERVICIOS MACABI,padron:canal,canal,-7.731538622333289,-79.2955613383333,43,Chiclayo,2.314001366762243,True,False,1142.907216251564,4383446.926431228,1624.9361764724895,6232195.743558461,2042.5959052178275,7834066.15633559
UCAYALI,AGROSERVICIOS GENERALES ZYM E.I.R.L.,padron:canal,canal,-8.286410027749952,-74.63821764849997,15,Tarma,10.703827538022503,False,False,46.479742416909666,228398.28337681008,153.21809189464162,752903.2509929561,191.64994474925032,941754.7540896981
CAJAMARCA,AGROSERVICIOS OMAR S.R.L.,padron:canal,canal,-5.77777052999996,-78.8564451898333,2,Chiclayo,4.408750112942358,False,False,23.59621671197964,43230.343663194246,23.59621671197964,43230.343663194246,63.59196425281655,116506.06969850053
LAMBAYEQUE,AGROSERVICIOS VALLE DEL NORTE E.I.R.L.,padron:canal,canal,-6.3518526279999605,-79.79381142449996,103,Chiclayo,0.8235371688289927,True,False,675.7809607203307,3008664.0411449214,1611.7632755459244,7175778.087627747,3096.9709380572303,13788114.255056318
SAN MARTIN,AGROVETERINARIA RAYMONDI E.I.R.L.,padron:canal,canal,-6.510808337999947,-76.37202386166662,51,Bellavista,1.643692585136887,True,False,363.19349556422065,1667639.2430818896,700.711041284285,3217384.7956476556,964.190442945554,4427176.80822618
AYACUCHO,AGROSERVICIOS WARI E.I.R.L.,padron:canal,canal,-13.121824253999932,-74.20850206599994,50,Pisco,6.257969869011292,False,False,52.07980460922238,161768.94314849572,194.39900557002937,607006.8276871921,336.76760522220803,1053608.9504876565
ICA,AGRO SERVICIOS EL COLORADO E.I.R.L.,padron:canal,canal,-13.356153637399961,-76.16476500799997,71,Pisco,0.7618700061726205,True,False,255.9870550952479,1883129.729847787,624.4255501574135,4593491.327678522,1146.0539682564956,8109400.608861125
AMAZONAS,AGROSERVICIOS & CONTRUCTORA AMAZONAS E.I.RL.,padron:canal,canal,-5.824286803999953,-78.4380648273529,8,Chiclayo,5.848100778318882,False,False,57.928824205323394,202638.09782927844,92.37797313180238,323143.04689499305,146.10982133924594,511099.90020546154
SAN MARTIN,AGROVETERINARIA ZAYN E.I.R.L.,padron:canal,canal,-6.7147326799999405,-76.60561238674997,0,Chiclayo,,False,False,0.0,0.0,0.0,0.0,0.0,0.0
UCAYALI,AGRO SERVICIO FLUVIAL LUIS S.A.C.,padron:canal,canal,-9.018102952124949,-75.55121519962498,21,Bellavista,7.878307380727101,False,False,84.12847635762128,413401.5935552339,182.73977879365967,897970.8064377201,225.4886666891203,1100723.6014438688
LIMA,AGROSERVICIOS VALLE SAGRADO S.A.C.,padron:canal,canal,-12.072332720999952,-77.01738574699993,65,Pisco,3.0485938718071464,True,False,16.26708337796758,79444.04054511544,120.04413860663422,586263.1421429672,250.28288710469414,1222314.0048464006
AREQUIPA,AGRO DISTRIBUCIONES SJ FERTIL E.I.R.L.,padron:canal,canal,-16.420070625999927,-71.47799918099997,30,Juliaca,5.007712689329355,False,False,191.4266417127014,992357.001330232,359.6617760261304,1864489.071934205,475.01311029997186,2462471.166564638
PIURA,AGRO SERVICIOS SAN JOSE DE CHUNGAYO S.A.C.S,padron:canal,canal,-5.046922255666611,-79.89296959466662,9,Chiclayo,5.7736052007152106,False,False,41.50436326435093,162269.35168066152,92.27879953606251,360781.8503132688,178.18736836032247,696658.0491152349
LIMA,AGRO COMERCIAL CAMONES SIMON S. EIRL,padron:canal,canal,-12.072332720999952,-77.01738574699993,65,Pisco,3.0485938718071464,True,False,16.26708337796758,79444.04054511544,120.04413860663422,586263.1421429672,250.28288710469414,1222314.0048464006
AREQUIPA,AGROCOMERCIAL R & Z S.R.L.,padron:canal,canal,-16.421951924333275,-71.57599558166662,33,Juliaca,4.437874042686684,False,False,262.84633235331523,1362597.1591574892,341.97160477087664,1772783.104871225,521.1139273688896,2701458.113084054
LA LIBERTAD,AGROSERVICIOS CERNA E.I.R.L,padron:canal,canal,-7.118824663166625,-79.46094220733329,80,Chiclayo,1.1251901204746066,True,False,747.1511963840527,2907675.485600911,1535.4533696993697,6147872.763452002,2427.8591683261297,9892408.785358801
UCAYALI,AGROVETERINARIA TAMANI E.I.R.L.,padron:canal,canal,-8.286410027749952,-74.63821764849997,15,Tarma,10.703827538022503,False,False,46.479742416909666,228398.28337681008,153.21809189464162,752903.2509929561,191.64994474925032,941754.7540896981
HUANUCO,AGRO SERVICIOS PEÑA L & J E.I.R.L,padron:canal,canal,-8.897235273749956,-76.13537083762496,14,Bellavista,5.917386096603188,False,False,163.23311892816704,485801.07624779624,426.7893359270174,1270175.5629362676,730.944088422445,2399879.7653915696
JUNIN,AGROSERVICIOS ESDIE S.A.C.,padron:canal,canal,-11.382030964818135,-73.9135935042727,2,Satipo,3.1927163222174397,True,False,69.54027359014164,203323.76865115965,69.54027359014164,203323.76865115965,69.54027359014164,203323.76865115965
SAN MARTIN,AGRO COMERCIALIZADORA PLATO FINO S.A.C.,padron:canal,canal,-6.923172370999964,-76.41933325799995,44,Bellavista,0.695199869829053,True,False,260.8521926838765,1197728.9199185895,721.0355582380791,3310706.847068692,1235.0252260267034,5670741.789906401
LA LIBERTAD,AGROSERVICIOS VASQUEZ S.A.C.,padron:canal,canal,-7.118824663166625,-79.46094220733329,80,Chiclayo,1.1251901204746066,True,False,747.1511963840527,2907675.485600911,1535.4533696993697,6147872.763452002,2427.8591683261297,9892408.785358801
CUSCO,AGROVETERINARIA MUNDO VERDE E.I.R.L.,padron:canal,canal,-12.86909445699994,-72.72381837133328,9,Sicuani,6.8103412451111724,False,False,41.9479225581763,88783.28744363351,77.92502551016747,164929.26269058255,77.92502551016747,164929.26269058255
LA LIBERTAD,ASOCIACION DE SEMILLEROS EMPRENDEDORES PIG POWER - ASEPIPO,padron:canal,canal,-8.112903216499944,-79.02598934049996,49,Huamachuco,2.795084166722603,True,False,467.80179384354614,1794182.6827621984,1058.7356727234994,4060619.763801908,2150.715400549116,8248742.048444856
JUNIN,AGROSERVICIOS TIERRA ORGANIC SOCIEDAD ANONIMA CERRADA,padron:canal,canal,-11.34937627812495,-74.38681988274996,3,Satipo,1.7446566623015412,True,False,189.85661789375297,555108.0123877096,189.85661789375297,555108.0123877096,413.3519698401054,1208569.8825778742
JUNIN,AGROSERVICIOS PLANTICORD EMPRESA INDIVIDUAL DE RESPONSABILIDAD LIMITADA,padron:canal,canal,-11.625696256714248,-74.37676050014282,4,Satipo,1.3825185978392642,True,False,235.63427670176983,688953.9929734467,302.8562735439411,885499.5201705706,551.5409892881406,1612610.7465235996
AREQUIPA,AGROSERVICIOS Y NEGOCIOS EXPRESS 6 DEL SUR E.I.R.L.,padron:canal,canal,-16.431492083999956,-71.52347326299997,36,Juliaca,4.437874042686684,False,False,276.139890101036,1431511.0521533098,475.01311029997186,2462471.166564638,582.3561932207681,2991706.324487636
UCAYALI,AGRO VETERINARIA LA CAJAMARQUINA SOCIEDAD ANONIMA CERRADA,padron:canal,canal,-8.504587933499948,-74.82641630649995,35,Tarma,9.778074403429358,False,False,281.15831574090106,1381592.7828587682,667.2397163817286,3278770.4470361597,1040.0010601241474,4712887.659749054
PIURA,AGROCOMERCIAL EL NORTEÑO 2 E.I.R.L.,padron:canal,canal,-4.8364109005555065,-80.57625466399996,31,Chiclayo,3.675244993160447,True,False,126.48696610619405,494525.3070232083,279.71587452980106,1093603.420094533,716.8942799279182,2802837.120679224
AREQUIPA,AGROSERVICIOS EL CAMANEJO S.A.C.,padron:canal,canal,-15.76949392199998,-74.18973198199996,2,Pisco,6.423643867513336,False,False,4.446811932776042,23052.303042081363,14.456542557097366,74942.81408903882,14.456542557097366,74942.81408903882
PIURA,P & G AGROSERVICIOS E.I.R.L.,padron:canal,canal,-5.1062157147499505,-80.52711383199997,96,Chiclayo,3.08078512431454,True,False,465.04914369464495,1818199.7532725423,1026.476297808561,4013208.016228692,1891.874595748186,7396650.375235498
LORETO,SEMILLERIA TADEO E.I.R.L.,padron:canal,canal,-3.779706107666622,-73.20262066966664,0,,,False,False,0.0,0.0,0.0,0.0,0.0,0.0
AMAZONAS,AGROSERVICIOS EL VERDE E.I.R.L.,padron:canal,canal,-5.824286803999953,-78.4380648273529,8,Chiclayo,5.848100778318882,False,False,57.928824205323394,202638.09782927844,92.37797313180238,323143.04689499305,146.10982133924594,511099.90020546154
AMAZONAS,AGROVETERINARIA BOCANEGRA BIC S.A.C.,padron:canal,canal,-6.248160420999952,-77.86916627199997,27,Chiclayo,7.975895565859675,False,False,33.066014827664425,115666.67266926673,57.69960139110643,201836.2642742357,191.7196908100416,670645.6413557607
LA LIBERTAD,AGROSERVICIOS CAPSICUM S.A.C.,padron:canal,canal,-7.118824663166625,-79.46094220733329,80,Chiclayo,1.1251901204746066,True,False,747.1511963840527,2907675.485600911,1535.4533696993697,6147872.763452002,2427.8591683261297,9892408.785358801
TACNA,AGROVETERINARIA NUTRIVIDA E.I.R.L.,padron:canal,canal,-17.833332841999948,-70.27886115699994,10,Juliaca,9.04058028925242,False,False,4.393006217662023,14467.964280580629,166.2320940675639,547470.2015185416,368.0392534880558,1212103.627786491
LIMA,AGRO VETERINARIA L & T S.A.C.,padron:canal,canal,-13.04053626039995,-76.28175284279996,44,Pisco,1.275600231480426,True,False,389.44870003650414,1901962.2385317925,517.9210491380011,2529386.4837882733,579.7465417637068,2831325.4871581546
UCAYALI,AGRO DISTRIBUIDORA LIMA S.A.C.,padron:canal,canal,-8.504587933499948,-74.82641630649995,35,Tarma,9.778074403429358,False,False,281.15831574090106,1381592.7828587682,667.2397163817286,3278770.4470361597,1040.0010601241474,4712887.659749054
CAJAMARCA,AGROSERVICIOS GENERALES YESDEL E.I.R.L.,padron:canal,canal,-7.1339595449999536,-78.54251182749995,13,Huamachuco,2.974150965951349,True,False,85.89191016604086,157361.53128653968,160.84354829592655,294679.52230284153,414.68759196623347,759744.1290010394
AMAZONAS,AGROSERVICIOS Y NEGOCIOS L&L SRL,padron:canal,canal,-5.824286803999953,-78.4380648273529,8,Chiclayo,5.848100778318882,False,False,57.928824205323394,202638.09782927844,92.37797313180238,323143.04689499305,146.10982133924594,511099.90020546154
LA LIBERTAD,AGROSERVICIOS MARGON E.I.R.L.,padron:canal,canal,-8.112903216499944,-79.02598934049996,49,Huamachuco,2.795084166722603,True,False,467.80179384354614,1794182.6827621984,1058.7356727234994,4060619.763801908,2150.715400549116,8248742.048444856
LIMA,AGRO COMERCIAL CANTEÑOS S.A.C.,padron:canal,canal,-12.035807503999932,-76.99106993299995,66,Pisco,3.0485938718071464,True,False,19.82225991548593,96806.56229712101,96.41860405120407,470882.4139871297,260.35396790172643,1271498.4426821482
SAN MARTIN,AGRO SERVICIOS PERU FERTIL S.A.C.S.,padron:canal,canal,-5.989784628999947,-77.16786541466662,37,Bellavista,3.774667494082822,True,False,220.64791460076984,1013126.9579065507,504.2664673577376,2292463.137821242,1080.3974346125906,4937826.069380222
ICA,AGROSERVICIOS M & R E.I.R.L.,padron:canal,canal,-14.011633399999937,-75.69780896066662,62,Pisco,0.965020306000256,True,False,805.5363974417562,5925805.654245421,1232.0737868445465,9063562.90754556,1382.7462207428846,10171961.688245278
LIMA,IMPORTACIONES Y COMERCIALIZADORA AGRO WONG E.I.R.L.,padron:canal,canal,-12.113436342999933,-77.01298608199994,66,Pisco,3.012573270609794,True,False,39.099997571109895,190953.8249837918,120.04413860663423,586263.1421429671,261.59807449061105,1277574.3231576646
AREQUIPA,AGROSERVICIOS INTEGRALES DE MAJES E.I.R.L.,padron:canal,canal,-16.355911164285665,-72.25542138499996,10,Juliaca,6.501308314101161,False,False,250.7903825207732,1300099.0339385096,630.2635782723963,3267290.639307904,660.1036240595179,3421981.6378644537
SAN MARTIN,AGROSERVICIOS VELA E.I.R.L.,padron:canal,canal,-7.0102373106666205,-76.12003006166663,9,Bellavista,1.3721325570829843,True,False,236.84704387540972,1087506.8793866409,277.402404075553,1273720.870036486,392.4314002097722,1775981.7757584217
SAN MARTIN,AGROCOMERCIALIZADORA EL CAUTIVO DE AYABA S.A.C.,padron:canal,canal,-6.499138567499969,-76.41090773149996,51,Bellavista,1.643692585136887,True,False,248.6570347268601,1141733.6330175693,633.4079170167527,2908355.7723271977,973.8929092941305,4471726.652414419
AREQUIPA,N & C AGROSERVICIOS S.A.C.,padron:canal,canal,-16.406658033999975,-71.53845913699996,33,Juliaca,4.437874042686684,False,False,262.84633235331523,1362597.1591574892,378.90674701372006,1964255.1312928314,521.1139273688896,2701458.113084054
SAN MARTIN,AGROPECUARIA & AGROVETERINARIA EL CORRAL E.I.R.L.,padron:canal,canal,-6.46626801849996,-76.43875776274996,51,Bellavista,1.643692585136887,True,True,386.32256449716414,1773838.6752842835,731.2546762361833,3357628.9489550395,973.8929092941305,4471726.652414419
SAN MARTIN,AGRO COMERCIALIZADORA EL EMPERADOR II E.I.R.L.,padron:canal,canal,-5.903089736999945,-77.35914823124997,38,Bellavista,4.209830409302858,False,False,493.57395047289066,2243367.377621061,752.3390974846347,3431513.4186955644,986.4871804464171,4505459.6338259075
LIMA,DISTRIBUIDORA AGROMAR S.A.C.,padron:canal,canal,-11.945962191999968,-76.97148873299994,55,Pisco,3.3757308752389563,True,False,5.880932965091482,28720.88782397367,35.906249918607514,175356.42426351787,147.33931689865582,719565.4189269231
LAMBAYEQUE,COMERCIALIZADORA AGRONORTE S.A.C.,padron:canal,canal,-6.659179089166618,-79.90060426241662,139,Chiclayo,0.5471842990721545,True,False,1686.5460894090816,7508720.825058359,3069.3797681306837,13665274.806128021,3786.7984154169035,16859315.20086793
TACNA,AGROSERVICIOS PINTO E.I.R.L.,padron:canal,canal,-17.833332841999948,-70.27886115699994,10,Juliaca,9.04058028925242,False,False,4.393006217662023,14467.964280580629,166.2320940675639,547470.2015185416,368.0392534880558,1212103.627786491
JUNIN,AGROSERVICIOS RAICES M & T E.I.R.L.,padron:canal,canal,-11.34937627812495,-74.38681988274996,3,Satipo,1.7446566623015412,True,False,189.85661789375297,555108.0123877096,189.85661789375297,555108.0123877096,413.3519698401054,1208569.8825778742
PIURA,AGROVETERINARIA RABANAL SIMBILA S.A.C.,padron:canal,canal,-5.288880271272686,-80.62994413381814,89,Chiclayo,2.889506193810368,True,False,467.09048387893483,1826180.7683324437,1047.5431060080296,4095572.7856081286,1509.1447302241622,5900293.793354048
JUNIN,AGRO SERVICIOS HUARIBAMBA J.T E.I.R.L.,padron:canal,canal,-12.01999116233327,-75.13048408966664,114,Tarma,2.085889930192646,True,False,142.1235088811493,415544.632596016,1012.9212894199801,2961607.1850062297,1686.2160469818741,4975370.4720538985
SAN MARTIN,AGROCOMERCIALIZADORA PERALTA E.I.R.L.,padron:canal,canal,-6.60860632316663,-76.7158019123333,21,Bellavista,1.605475537743294,True,False,234.48304219678832,1076652.3293516627,437.7393138277512,2009923.8199320068,614.6165623227547,2822073.3886911697
HUANCAVELICA,SEMILLEROS AGRO-BIOORGANIC S.R.L.,padron:canal,canal,-12.260903772999955,-75.02855420790905,63,Tarma,2.8290772866878275,True,False,134.2876656371683,450802.999333698,430.83271776544046,1365942.5856175714,835.3372604351991,2584032.720076206
HUANUCO,AGROSERVICIOS INTEGRALES CAMPO SANO E.I.R.L.,padron:canal,canal,-8.897235273749956,-76.13537083762496,14,Bellavista,5.917386096603188,False,False,163.23311892816704,485801.07624779624,426.7893359270174,1270175.5629362676,730.944088422445,2399879.7653915696
PIURA,EMPRESA DE SERVICIOS EDUCATIVOS SEMILLERO DE JESUS S.A.C.,padron:canal,canal,-4.498848869999961,-81.04352188899998,1,Chiclayo,5.727001812374136,False,False,2.1831147551925763,8535.310220597004,2.1831147551925763,8535.310220597004,2.1831147551925763,8535.310220597004
HUANUCO,AGRO SERVICIOS AUCAYACU S.A.C.,padron:canal,canal,-8.897235273749956,-76.13537083762496,14,Bellavista,5.917386096603188,False,False,163.23311892816704,485801.07624779624,426.7893359270174,1270175.5629362676,730.944088422445,2399879.7653915696
JUNIN,AGROSERVICIOS DIEVAL E.I.R.L,padron:canal,canal,-10.98927795066662,-74.83262394833329,21,Satipo,0.9141231059591476,True,False,603.8340057626167,1765506.5094363727,1280.6073184107365,3744274.974759935,2818.158454539538,8183951.423577742
JUNIN,AGROSERVICIOS ASBAG S.A.C.,padron:canal,canal,-10.98927795066662,-74.83262394833329,21,Satipo,0.9141231059591476,True,False,603.8340057626167,1765506.5094363727,1280.6073184107365,3744274.974759935,2818.158454539538,8183951.423577742
HUANCAVELICA,SEMILLEROS DE CAMPO VERDE MULLACA S.R.L.,padron:canal,canal,-12.260903772999955,-75.02855420790905,63,Tarma,2.8290772866878275,True,False,134.2876656371683,450802.999333698,430.83271776544046,1365942.5856175714,835.3372604351991,2584032.720076206
CAJAMARCA,AGROSERVICIOS A & L E.I.R.L.,padron:canal,canal,-5.77777052999996,-78.8564451898333,2,Chiclayo,4.408750112942358,False,False,23.59621671197964,43230.343663194246,23.59621671197964,43230.343663194246,63.59196425281655,116506.06969850053
LAMBAYEQUE,AGROSERVICIOS MIS TRES AMORES S.A.C.,padron:canal,canal,-7.025682739749946,-79.65379419212496,77,Chiclayo,0.426511952948192,True,False,256.940309174519,1143931.4124949968,1000.0904193493633,4274614.572226875,2352.625580857906,9996617.868807629
SAN MARTIN,AGROVETERINARIA MONTEZA E.I.R.L.,padron:canal,canal,-5.903089736999945,-77.35914823124997,38,Bellavista,4.209830409302858,False,False,493.57395047289066,2243367.377621061,752.3390974846347,3431513.4186955644,986.4871804464171,4505459.6338259075
CAJAMARCA,INSUMOS AGRICOLAS CUBAS E.I.R.L.,padron:canal,canal,-6.683780526687457,-78.50303553493745,21,Huamachuco,5.542075257930722,False,False,163.399053585404,299361.43268049683,347.2002800171694,636101.4398329051,510.2236594967327,934774.6045211602
ICA,AGROSERVICIOS POMA LC E.I.R.L.,padron:canal,canal,-14.03510407449997,-75.82007296199995,59,Pisco,0.965020306000256,True,False,371.50906797085077,2732949.7991359113,1043.3326656468998,7675117.634639685,1296.9724774784438,9540980.227399537
LIMA,COMERCIALIZADORA AGROINDUSTRIAL ESPINOZA E.I.R.L.,padron:canal,canal,-11.972420735999949,-77.07436708199998,68,Pisco,3.0485938718071464,True,False,44.3999042555989,216837.13742184968,127.74643207399355,623879.0626060073,388.46720783483767,1897168.8957762306
AREQUIPA,YESI MULTIAGROSERVICIOS E.I.R.L.,padron:canal,canal,-16.993306169428518,-71.65869372914281,18,Juliaca,6.766896745349363,False,False,10.03830517926678,52038.64173245825,222.27077553541383,1152253.1990333355,350.32889419999714,1816107.3496206985
JUNIN,AGROSERVICIOS SANGANI S.A.C.,padron:canal,canal,-10.92146133808329,-75.05654672149997,3,Satipo,2.1634640714850333,True,False,79.29271246323847,231838.2182333544,168.03686320852532,491310.81222436106,259.58668158662874,758986.6945724
CAJAMARCA,AGROSERVICIOS NEYCOR S.A.C.,padron:canal,canal,-5.059054689599952,-79.16165349799996,1,Chiclayo,8.822748905993656,False,False,43.10563474635083,78973.31282598374,43.10563474635083,78973.31282598374,43.10563474635083,78973.31282598374
SAN MARTIN,AGROSERVICIOS PIZARRO E.I.R.L.,padron:canal,canal,-6.510808337999947,-76.37202386166662,51,Bellavista,1.643692585136887,True,False,363.19349556422065,1667639.2430818896,700.711041284285,3217384.7956476556,964.190442945554,4427176.80822618
AREQUIPA,DONCA AGROSERVICIOS S.R.L.,padron:canal,canal,-16.596673738999982,-72.73662099899997,16,Juliaca,8.185695700890799,False,False,178.5650000800801,925682.1643872753,187.76598671901107,973380.1411610236,272.2048272180544,1411111.6596358242
JUNIN,AGROSERVICIOS SECCE S.A.C.,padron:canal,canal,-10.92146133808329,-75.05654672149997,3,Satipo,2.1634640714850333,True,False,79.29271246323847,231838.2182333544,168.03686320852532,491310.81222436106,259.58668158662874,758986.6945724
LIMA,AGROCOMERCIAL CELESTIAL S.A.C.,padron:canal,canal,-11.963301258499948,-76.81614178249997,0,Pisco,3.593587810388605,True,False,0.0,0.0,0.0,0.0,0.0,0.0
SAN MARTIN,AGROVETERINARIA CARRION S.A.C.,padron:canal,canal,-6.288707473499954,-77.09286929499996,8,Bellavista,4.563879016372145,False,False,254.86619351956597,1170243.6063395233,269.8248761914821,1238927.893236631,328.1345004910688,1486708.2254604902
LIMA,AGROCOMERCIAL & NEGOCIACIONES LHASMAR S.A.C.,padron:canal,canal,-12.043207248999977,-76.96314006599994,64,Pisco,3.012573270609794,True,False,22.35849964791668,109192.87196639228,121.6752932856931,594229.2609269909,246.86038104106365,1205599.4098469536
LIMA,AGROSERVICIOS CARLUZ L Y S E.I.R.L.,padron:canal,canal,-12.185408900399954,-76.84220434319997,25,Pisco,2.713858820494706,True,False,26.06880677042108,127313.00958579492,60.693359141658604,296409.969288029,82.22193058840553,401549.69613114954
AMAZONAS,AGRO VETERINARIA EL APU E.I.R.L.,padron:canal,canal,-4.797135414399963,-77.93287190039997,6,Chiclayo,9.003533831347113,False,False,218.74643394179031,765154.8850648707,323.5847688577557,1131884.937994338,472.88713602598506,1654152.5327437974
HUANCAVELICA,ASOCIACION DE PRODUCTORES AGROPECUARIOS SEMILLEROS DE QUICLLO,padron:canal,canal,-13.059081116285666,-74.74265441228567,38,Pisco,5.777975151822659,False,False,46.920542742054295,182433.12853471714,73.67393517286386,286453.7726884152,109.51463572603271,425807.04416986695
LIMA,AGRO COMERCIAL R & H S.A.C.,padron:canal,canal,-12.044540457999972,-77.05082250599997,65,Pisco,3.0485938718071464,True,False,35.90114725484098,175331.5042322045,104.58001899138137,510740.5596883516,251.29183742061977,1227241.445613992
LAMBAYEQUE,AGRO SERVICIOS MIGUEL ANGEL E.I.R.L.,padron:canal,canal,-6.794128027666621,-79.90091932733328,132,Chiclayo,0.2255086737093366,True,False,729.8306102660265,3249300.05558854,2149.9122194708752,9571686.62971107,3436.840644518767,15301258.04563506
CAJAMARCA,AGROVETERINARIA EL BUEN PASTORCITO E.I.R.L.,padron:canal,canal,-7.1339595449999536,-78.54251182749995,13,Huamachuco,2.974150965951349,True,False,85.89191016604086,157361.53128653968,160.84354829592655,294679.52230284153,414.68759196623347,759744.1290010394
ICA,VYR AGROSERVICIOS S.A.C.,padron:canal,canal,-14.140398188499972,-75.83562266299995,56,Pisco,1.2800623915581704,True,False,90.94850027530622,669048.7715864119,791.8960357890811,5825462.414059034,1208.0384782015503,8886750.825173452
ICA,AGRO SERVICIOS JOSE ANTONIO E.I.R.L.,padron:canal,canal,-14.140398188499972,-75.83562266299995,56,Pisco,1.2800623915581704,True,False,90.94850027530622,669048.7715864119,791.8960357890811,5825462.414059034,1208.0384782015503,8886750.825173452
UCAYALI,AGRO SERVICIOS CHOTA S.A.C.,padron:canal,canal,-8.504587933499948,-74.82641630649995,35,Tarma,9.778074403429358,False,False,281.15831574090106,1381592.7828587682,667.2397163817286,3278770.4470361597,1040.0010601241474,4712887.659749054
CAJAMARCA,AGROSERVICIOS AMJ S.A.C.,padron:canal,canal,-5.77777052999996,-78.8564451898333,2,Chiclayo,4.408750112942358,False,False,23.59621671197964,43230.343663194246,23.59621671197964,43230.343663194246,63.59196425281655,116506.06969850053
CAJAMARCA,EMPRESA AGRO SERVICIOS VIDAL E.I.R.L.,padron:canal,canal,-5.146278133166628,-79.0100132408333,12,Chiclayo,6.762531516369946,False,False,137.34882315619393,251635.1201234331,137.34882315619393,251635.1201234331,443.26417856809854,812098.9481908662
LIMA,AGROTIENDA PERU S.A.C.,padron:canal,canal,-12.126991046999931,-76.98430619899995,64,Pisco,3.012573270609794,True,False,36.75289590887829,179491.21455232473,110.31061256653024,538727.2305471436,228.6503670146741,1116666.620912029
ICA,GMC AGROSERVICIOS S.A.C.,padron:canal,canal,-14.140398188499972,-75.83562266299995,56,Pisco,1.2800623915581704,True,False,90.94850027530622,669048.7715864119,791.8960357890811,5825462.414059034,1208.0384782015503,8886750.825173452
JUNIN,AGROVETERINARIA PRIME HUANCAYO S.A.C.,padron:canal,canal,-12.01999116233327,-75.13048408966664,114,Tarma,2.085889930192646,True,False,142.1235088811493,415544.632596016,1012.9212894199801,2961607.1850062297,1686.2160469818741,4975370.4720538985
AREQUIPA,AGROSERVICIOS ORO VERDE DEL COLCA R & P E.I.R.L.,padron:canal,canal,-16.375383703999944,-71.46287320599998,24,Juliaca,5.007712689329355,False,False,17.746842003881476,91999.74860596794,216.6889470413044,1123316.9624844678,359.6617760261304,1864489.071934205
SAN MARTIN,AGROSERVICIOS LOS TITANES EN EL AGRO S.A.C.,padron:canal,canal,-8.255198821499931,-76.52505808574996,13,Bellavista,3.843320181043184,True,False,559.7224196013524,2570021.444656943,775.0170998053982,3558568.49167185,1091.4608868315263,5011551.774465546
UCAYALI,AGRO DISTRIBUIDORA ELMI E.I.R.L.,padron:canal,canal,-8.779942925799947,-73.97564209199996,8,,,False,False,150.99453730439777,607754.4698509659,191.19148524472558,727385.3431658434,191.19148524472558,727385.3431658434
AMAZONAS,AGROSERVICIOS L&N E.I.R.L.,padron:canal,canal,-5.58864530733329,-78.52011989433329,30,Chiclayo,5.06929364361305,False,False,149.167289507505,509699.9003355233,295.9197889973267,1023047.9227795361,620.9288655680457,2124372.3727900903
ICA,AGROSERVICIOS VALVERDE E.I.R.L.,padron:canal,canal,-14.140398188499972,-75.83562266299995,56,Pisco,1.2800623915581704,True,False,90.94850027530622,669048.7715864119,791.8960357890811,5825462.414059034,1208.0384782015503,8886750.825173452
CAJAMARCA,AGROVETERINARIA NATH & MULTISERVICIOS GENERALES E.I.R.L.,padron:canal,canal,-7.270747798999963,-78.94832930249996,2,Chiclayo,3.293295772790218,True,False,2.8623636254732028,5244.101829061891,2.8623636254732028,5244.101829061891,3.402161212605207,6233.058469235155
LA LIBERTAD,AGROVETERINARIA CASA GRANDE E.I.R.L.,padron:canal,canal,-7.630586066999939,-79.19929836349996,16,Chiclayo,2.7749423314959256,True,False,65.67295120135385,251878.6232161465,845.7725764287666,3243832.1745537627,1207.0943767058156,4629627.025050543
SAN MARTIN,ASOCIACIÓN DEPORTIVA SEMILLEROS DEL ALTO MAYO,padron:canal,canal,-5.874582397249959,-77.07746978587497,6,Bellavista,4.805022509666425,False,False,269.1040118690063,1235617.9726356836,308.4081992166561,1416087.0780544332,316.2535412697846,1452109.7503847098
SAN MARTIN,COMERCIALIZADORA AGROVALLE S.A.C.S.,padron:canal,canal,-8.255198821499931,-76.52505808574996,13,Bellavista,3.843320181043184,True,False,559.7224196013524,2570021.444656943,775.0170998053982,3558568.49167185,1091.4608868315263,5011551.774465546
ICA,AGROSERVICIOS FUENTE DE VIDA S.A.C.,padron:canal,canal,-13.532068524066627,-76.09022220366663,71,Pisco,0.3324523879337658,True,False,376.9941463413423,2773299.941631102,719.6109785789974,5293708.414992915,1119.6213815011452,8236323.937917742
JUNIN,DISTRIBUIDORA AGROPECUARIA MAURICIO S.A.C.,padron:canal,canal,-12.137899050999962,-75.22377150974997,175,Tarma,1.9855974247691868,True,False,1261.8959161885064,3726961.897628676,1826.6416491992898,5414929.266825342,2350.3775504071655,6987912.869089307
LIMA,AGROSERVICIOS KAISER S.A.C.,padron:canal,canal,-12.09898090799993,-77.03667219399995,64,Pisco,3.0485938718071464,True,False,16.261980714201048,79419.12051380203,120.04413860663422,586263.1421429672,243.50195950716983,1189197.786377831
SAN MARTIN,GM AGROCOMERCIAL Y SERVICIOS GENERALES COMPANY S.A.C.,padron:canal,canal,-5.874582397249959,-77.07746978587497,6,Bellavista,4.805022509666425,False,False,269.1040118690063,1235617.9726356836,308.4081992166561,1416087.0780544332,316.2535412697846,1452109.7503847098
AMAZONAS,La Casa del Ganadero,pet,comercio,-6.300619,-77.972176,4,Chiclayo,8.469744925138404,False,False,14.139535759251967,49460.84561095892,14.139535759251967,49460.84561095892,21.05497148688579,73651.4063677501
ANCASH,Vivero Municipal,plant_nursery,comercio,-9.330107,-77.602385,42,Huamachuco,8.86647630287745,False,False,250.9687386362678,394119.27361986594,491.2741886971451,771493.0052627975,697.909140964703,1095990.859994402
ANCASH,Veterinaria Belén,veterinary,comercio,-9.533196,-77.528962,30,Huamachuco,7.938338548467628,False,False,149.6449121040471,235001.15743432578,311.5979860201152,489330.95244840975,497.81041202721576,781757.4374190196
ANCASH,Ferreteria Chilca,hardware,comercio,-9.280548,-77.64676,44,Huamachuco,7.879722620612915,False,False,306.8743109601373,481912.931408933,513.1473066059161,805842.372394536,738.5022870356528,1159738.007668498
ANCASH,Sodimac,doityourself,comercio,-9.102471,-78.558213,23,Huamachuco,4.633802710677776,False,False,232.61938601176607,405226.9064337962,491.34512429856807,844860.2656422367,767.8307461557974,1466908.163612021
ANCASH,Veterinaria & Spa Canino,veterinary,comercio,-9.12653,-78.519406,25,,,False,True,232.61938601176607,405226.9064337962,627.6551678564167,1058920.4535605903,706.417551564775,1182608.26274505
ANCASH,D'Patas,pet,comercio,-9.126532,-78.519351,25,,,False,False,232.61938601176607,405226.9064337962,627.6551678564167,1058920.4535605903,706.417551564775,1182608.26274505
ANCASH,Veterinaria Clinivet,veterinary,comercio,-9.1265,-78.519668,25,,,False,False,232.61938601176607,405226.9064337962,627.6551678564167,1058920.4535605903,706.417551564775,1182608.26274505
ANCASH,Veterinaria Primar,veterinary,comercio,-9.123207,-78.526046,25,,,False,False,232.61938601176607,405226.9064337962,627.6551678564167,1058920.4535605903,785.0764958927571,1493990.7492611094
ANCASH,Ferretería Casa Blanca,hardware,comercio,-9.117093,-78.539421,23,,,False,False,232.61938601176607,405226.9064337962,627.6551678564167,1058920.4535605903,767.8307461557974,1466908.163612021
ANCASH,Ferretería Chávez,hardware,comercio,-9.117237,-78.540152,23,,,False,False,232.61938601176607,405226.9064337962,627.6551678564167,1058920.4535605903,767.8307461557974,1466908.163612021
ANCASH,Ferretería Romero,hardware,comercio,-9.114458,-78.543204,23,,,False,False,232.61938601176607,405226.9064337962,491.34512429856807,844860.2656422367,767.8307461557974,1466908.163612021
ANCASH,Ferretería ¨Pardo,hardware,comercio,-9.084315,-78.57405,23,Huamachuco,4.633802710677776,False,False,130.25226450192434,244470.40826894838,491.34512429856807,844860.2656422367,879.5240479213453,1943846.3034954087
ANCASH,Agromen Group,trade,comercio,-9.071215,-78.588798,24,Huamachuco,4.633802710677776,False,False,188.9322305216216,336620.9514377516,484.2293681898602,833685.7399062461,918.3442702832992,2004809.2661424384
ANCASH,Econoagro,trade,comercio,-9.071276,-78.588826,24,Huamachuco,4.633802710677776,False,False,188.9322305216216,336620.9514377516,484.2293681898602,833685.7399062461,918.3442702832992,2004809.2661424384
ANCASH,Agropecuaria Chimbote,trade,comercio,-9.0713,-78.588838,24,Huamachuco,4.633802710677776,False,False,188.9322305216216,336620.9514377516,484.2293681898602,833685.7399062461,918.3442702832992,2004809.2661424384
ANCASH,Agropecuaria Chimu,trade,comercio,-9.071676,-78.588944,24,Huamachuco,4.633802710677776,False,False,188.9322305216216,336620.9514377516,484.2293681898602,833685.7399062461,918.3442702832992,2004809.2661424384
ANCASH,Mi Fiel Amigo,veterinary,comercio,-9.072163,-78.589113,24,Huamachuco,4.633802710677776,False,False,188.9322305216216,336620.9514377516,484.2293681898602,833685.7399062461,918.3442702832992,2004809.2661424384
ANCASH,Agrícola Manrique Jacto,trade,comercio,-9.070619,-78.588596,24,Huamachuco,4.633802710677776,False,False,188.9322305216216,336620.9514377516,484.2293681898602,833685.7399062461,918.3442702832992,2004809.2661424384
ANCASH,Procampo,trade,comercio,-9.069938,-78.588108,24,Huamachuco,4.633802710677776,False,False,188.9322305216216,336620.9514377516,484.2293681898602,833685.7399062461,918.3442702832992,2004809.2661424384
ANCASH,Agro Tokape,trade,comercio,-9.070867,-78.588397,24,Huamachuco,4.633802710677776,False,False,188.9322305216216,336620.9514377516,484.2293681898602,833685.7399062461,918.3442702832992,2004809.2661424384
ANCASH,Agroveterinaria El Ganadero,trade,comercio,-9.071262,-78.588495,24,Huamachuco,4.633802710677776,False,False,188.9322305216216,336620.9514377516,484.2293681898602,833685.7399062461,918.3442702832992,2004809.2661424384
ANCASH,Agrofer,trade,comercio,-9.07171,-78.58866,24,Huamachuco,4.633802710677776,False,False,188.9322305216216,336620.9514377516,484.2293681898602,833685.7399062461,918.3442702832992,2004809.2661424384
ANCASH,Agrícola Nuevo Amanecer,trade,comercio,-9.071785,-78.588678,24,Huamachuco,4.633802710677776,False,False,188.9322305216216,336620.9514377516,484.2293681898602,833685.7399062461,918.3442702832992,2004809.2661424384
ANCASH,Evagro,trade,comercio,-9.071956,-78.588716,24,Huamachuco,4.633802710677776,False,False,188.9322305216216,336620.9514377516,484.2293681898602,833685.7399062461,918.3442702832992,2004809.2661424384
ANCASH,Agropecuaria Aritsa,trade,comercio,-9.071116,-78.588135,24,Huamachuco,4.633802710677776,False,False,188.9322305216216,336620.9514377516,484.2293681898602,833685.7399062461,918.3442702832992,2004809.2661424384
ANCASH,Veterinaria La Granja,veterinary,comercio,-9.072142,-78.589145,24,Huamachuco,4.633802710677776,False,False,188.9322305216216,336620.9514377516,484.2293681898602,833685.7399062461,918.3442702832992,2004809.2661424384
ANCASH,Veterinaria Cotos,veterinary,comercio,-9.072131,-78.589181,24,Huamachuco,4.633802710677776,False,False,188.9322305216216,336620.9514377516,484.2293681898602,833685.7399062461,918.3442702832992,2004809.2661424384
ANCASH,Mi Mascota II,pet,comercio,-9.072122,-78.589213,24,Huamachuco,4.633802710677776,False,False,188.9322305216216,336620.9514377516,484.2293681898602,833685.7399062461,918.3442702832992,2004809.2661424384
ANCASH,Veterinaria Olaya,veterinary,comercio,-9.072087,-78.58934,24,Huamachuco,4.633802710677776,False,False,188.9322305216216,336620.9514377516,484.2293681898602,833685.7399062461,918.3442702832992,2004809.2661424384
ANCASH,Spa & Clínica Veterinaria Mascotas,veterinary,comercio,-9.072099,-78.589292,24,Huamachuco,4.633802710677776,False,False,188.9322305216216,336620.9514377516,484.2293681898602,833685.7399062461,918.3442702832992,2004809.2661424384
ANCASH,Veterinaria Ramírez,veterinary,comercio,-9.071936,-78.589813,24,Huamachuco,4.633802710677776,False,False,188.9322305216216,336620.9514377516,484.2293681898602,833685.7399062461,918.3442702832992,2004809.2661424384
ANCASH,Cipa Ancash,agrarian,comercio,-9.474599,-78.297412,18,Huamachuco,5.679473109297311,False,False,147.96272002311804,232359.45662080045,255.62186729989847,401426.50917013804,453.4161311950017,712041.018515442
ANCASH,Ferretería Susan,hardware,comercio,-9.47468,-78.298102,18,Huamachuco,5.679473109297311,False,False,147.96272002311804,232359.45662080045,255.62186729989847,401426.50917013804,453.4161311950017,712041.018515442
ANCASH,El Huerfanito,hardware,comercio,-9.476467,-78.294822,18,Huamachuco,5.679473109297311,False,False,147.96272002311804,232359.45662080045,255.62186729989847,401426.50917013804,453.4161311950017,712041.018515442
ANCASH,Agricola Serrano,agrarian,comercio,-9.474604,-78.295729,18,Huamachuco,5.679473109297311,False,False,147.96272002311804,232359.45662080045,255.62186729989847,401426.50917013804,453.4161311950017,712041.018515442
ANCASH,Agrosavet,agrarian,comercio,-9.474264,-78.296534,18,Huamachuco,5.679473109297311,False,False,147.96272002311804,232359.45662080045,255.62186729989847,401426.50917013804,453.4161311950017,712041.018515442
ANCASH,La Casa Del Agricultor,agrarian,comercio,-9.47444,-78.297878,18,Huamachuco,5.679473109297311,False,False,147.96272002311804,232359.45662080045,255.62186729989847,401426.50917013804,453.4161311950017,712041.018515442
ANCASH,Cipa Ancash,agrarian,comercio,-9.474449,-78.298004,18,Huamachuco,5.679473109297311,False,False,147.96272002311804,232359.45662080045,255.62186729989847,401426.50917013804,453.4161311950017,712041.018515442
ANCASH,Agrofernand A,agrarian,comercio,-9.474457,-78.298082,18,Huamachuco,5.679473109297311,False,False,147.96272002311804,232359.45662080045,255.62186729989847,401426.50917013804,453.4161311950017,712041.018515442
ANCASH,Agromen,agrarian,comercio,-9.474497,-78.29841,18,Huamachuco,5.679473109297311,False,False,147.96272002311804,232359.45662080045,255.62186729989847,401426.50917013804,453.4161311950017,712041.018515442
ANCASH,Mendez,agrarian,comercio,-9.474521,-78.298715,18,Huamachuco,5.679473109297311,False,False,147.96272002311804,232359.45662080045,255.62186729989847,401426.50917013804,453.4161311950017,712041.018515442
ANCASH,Dino,hardware,comercio,-9.47463,-78.299598,18,Huamachuco,5.679473109297311,False,False,147.96272002311804,232359.45662080045,255.62186729989847,401426.50917013804,453.4161311950017,712041.018515442
ANCASH,Maria Claudia,hardware,comercio,-10.067853,-78.152115,3,,,False,False,28.605192108984383,44921.36190750431,28.605192108984383,44921.36190750431,88.75020315066016,139372.59990794316
ANCASH,Ferreteria Saavedra,hardware,comercio,-10.070843,-78.149605,3,,,False,False,28.605192108984383,44921.36190750431,28.605192108984383,44921.36190750431,88.75020315066016,139372.59990794316
ANCASH,Agromen Group,agrarian,comercio,-10.067547,-78.148739,3,,,False,False,28.605192108984383,44921.36190750431,28.605192108984383,44921.36190750431,88.75020315066016,139372.59990794316
ANCASH,Agropecuaria Villasol,agrarian,comercio,-10.067562,-78.148847,3,,,False,False,28.605192108984383,44921.36190750431,28.605192108984383,44921.36190750431,88.75020315066016,139372.59990794316
ANCASH,Veterinaria Don Kike,veterinary,comercio,-10.06758,-78.14896,3,,,False,False,28.605192108984383,44921.36190750431,28.605192108984383,44921.36190750431,88.75020315066016,139372.59990794316
ANCASH,Nuarmeycoop,agrarian,comercio,-10.06763,-78.149299,3,,,False,False,28.605192108984383,44921.36190750431,28.605192108984383,44921.36190750431,88.75020315066016,139372.59990794316
ANCASH,Santa Maria,hardware,comercio,-10.067618,-78.149213,3,,,False,False,28.605192108984383,44921.36190750431,28.605192108984383,44921.36190750431,88.75020315066016,139372.59990794316
ANCASH,Arianna,hardware,comercio,-10.069068,-78.153434,3,,,False,False,28.605192108984383,44921.36190750431,28.605192108984383,44921.36190750431,88.75020315066016,139372.59990794316
ANCASH,Agro Marina,agrarian,comercio,-10.067325,-78.148681,3,,,False,False,28.605192108984383,44921.36190750431,28.605192108984383,44921.36190750431,88.75020315066016,139372.59990794316
ANCASH,Pa Mar,hardware,comercio,-10.067407,-78.149944,3,,,False,False,28.605192108984383,44921.36190750431,28.605192108984383,44921.36190750431,88.75020315066016,139372.59990794316
ANCASH,La Solución,hardware,comercio,-10.067418,-78.150012,3,,,False,False,28.605192108984383,44921.36190750431,28.605192108984383,44921.36190750431,88.75020315066016,139372.59990794316
ANCASH,Ferretería El Yanamino,hardware,comercio,-9.021034,-77.4714,4,Huamachuco,10.835365265995906,False,False,48.511072327634814,76181.39491069378,65.43433431416288,102757.54840953945,65.43433431416288,102757.54840953945
ANCASH,Ferretería Señor de Chanchá,hardware,comercio,-9.020785,-77.470129,4,Huamachuco,10.835365265995906,False,False,48.511072327634814,76181.39491069378,65.43433431416288,102757.54840953945,65.43433431416288,102757.54840953945
ANCASH,El Constructor,hardware,comercio,-9.520909,-77.526944,29,Huamachuco,7.938338548467628,False,False,158.4702587598594,248860.41031312087,284.16902438108656,446256.73334023386,473.94852652801933,744284.9257777444
ANCASH,Ferretería La Unión,hardware,comercio,-9.527877,-77.527355,30,Huamachuco,7.938338548467628,False,False,158.4702587598594,248860.41031312087,284.16902438108656,446256.73334023386,497.81041202721576,781757.4374190196
ANCASH,Ferretería El Sol,hardware,comercio,-9.527815,-77.527462,30,Huamachuco,7.938338548467628,False,False,158.4702587598594,248860.41031312087,284.16902438108656,446256.73334023386,497.81041202721576,781757.4374190196
ANCASH,Ferretería Señor de los Milagros,hardware,comercio,-9.899697,-76.9406,19,Tarma,7.459887103004866,False,False,14.863807625348198,44236.45023110775,80.97533937660243,227570.85009672822,177.15454750389486,461380.85868063953
ANCASH,Ferretería Progreso,hardware,comercio,-9.897981,-76.939851,18,Tarma,7.459887103004866,False,False,14.863807625348198,44236.45023110775,80.97533937660243,227570.85009672822,177.15454750389486,461380.8586806396
ANCASH,Ferretería El Fierrito,hardware,comercio,-9.526611,-77.157449,9,Tarma,9.754987835925562,False,False,49.70848307035567,78061.79903875428,179.91972634929658,282544.48041610606,235.32707604589675,369555.73342827806
ANCASH,"Ferretería, vidriería, llaves",hardware,comercio,-8.817512,-77.460849,11,Huamachuco,11.424310829566434,False,False,92.62210777263248,145453.00755325065,182.83189235700036,287117.72231807903,214.44258137326688,336758.8922160181
ANCASH,Ferretería Perales,hardware,comercio,-8.818452,-77.461864,11,Huamachuco,11.424310829566434,False,False,92.62210777263248,145453.00755325065,182.83189235700036,287117.72231807903,214.44258137326688,336758.8922160181
ANCASH,Ferretería Pumapampa,hardware,comercio,-8.818863,-77.462626,11,Huamachuco,11.424310829566434,False,False,92.62210777263248,145453.00755325065,182.83189235700036,287117.72231807903,214.44258137326688,336758.8922160181
ANCASH,Ferretería Cecisa,hardware,comercio,-8.555492,-77.630436,7,Huamachuco,7.893990448785088,False,False,52.26727590666331,82080.10657565777,84.12222272177289,132104.85694174244,119.1991922839902,187189.44572267134
ANCASH,Taller de soldadura,hardware,comercio,-8.55519,-77.629395,7,Huamachuco,7.893990448785088,False,False,52.26727590666331,82080.10657565777,84.12222272177289,132104.85694174244,119.1991922839902,187189.44572267134
ANCASH,Agrovet Tahua,veterinary,comercio,-9.4538,-77.175929,4,Tarma,9.754987835925562,False,False,42.15381842718178,66198.01489660014,83.57767076858968,131249.69696682665,115.80147892506713,181853.7041946078
ANCASH,CAF materiales de construcción,hardware,comercio,-9.520171,-77.156149,9,Tarma,9.754987835925562,False,False,91.86230149753746,144259.8139353544,179.91972634929658,282544.48041610606,235.32707604589675,369555.73342827806
ANCASH,Ferretería Truval,hardware,comercio,-9.348718,-77.172034,7,Tarma,11.569565959493204,False,False,41.502833094272525,65175.71280456459,45.43242021197161,71346.70457377507,174.33533183357235,273774.79251751164
ANCASH,Cerrajero,hardware,comercio,-9.348246,-77.171081,7,Tarma,11.569565959493204,False,False,41.502833094272525,65175.71280456459,45.43242021197161,71346.70457377507,174.33533183357235,273774.79251751164
ANCASH,Ferretería Sánchez,hardware,comercio,-9.349635,-77.172719,7,Tarma,11.569565959493204,False,False,41.502833094272525,65175.71280456459,45.43242021197161,71346.70457377507,174.33533183357235,273774.79251751164
ANCASH,Ferretería Trujillo,hardware,comercio,-9.349534,-77.172778,7,Tarma,11.569565959493204,False,False,41.502833094272525,65175.71280456459,45.43242021197161,71346.70457377507,174.33533183357235,273774.79251751164
ANCASH,Ferricentro Dayana,hardware,comercio,-9.347571,-77.170549,6,Tarma,11.569565959493204,False,False,41.502833094272525,65175.71280456459,45.43242021197161,71346.70457377507,142.11152367709488,223170.78528973053
ANCASH,Negociaciones y ferretería Abihail,hardware,comercio,-9.583562,-77.176671,9,Tarma,9.422297641871316,False,False,96.34205558070688,151294.78344927944,138.49587400788866,217492.7983458796,220.76307811170685,346684.5490807202
ANCASH,Ferretería Nacional,hardware,comercio,-9.527391,-77.527869,31,Huamachuco,7.938338548467628,False,False,173.83833202143325,272994.3080395888,290.805620819995,456678.7906132778,524.3570073896167,823445.9956759643
ANCASH,Luhars,hardware,comercio,-9.048109,-77.808887,33,Huamachuco,7.142206109637501,False,False,62.54109124545974,98214.02293764544,291.1550805755907,457227.5793818838,619.5547872396879,972943.8177896228
ANCASH,Progresol,hardware,comercio,-9.047998,-77.807056,33,Huamachuco,7.142206109637501,False,False,62.54109124545974,98214.02293764544,306.52315383716456,481361.47710835165,619.5547872396879,972943.8177896228
ANCASH,Villón,hardware,comercio,-9.0476,-77.807202,33,Huamachuco,7.142206109637501,False,False,62.54109124545974,98214.02293764544,306.52315383716456,481361.47710835165,619.5547872396879,972943.8177896228
ANCASH,Venta de maderas,hardware,comercio,-9.727036,-77.454921,14,Pisco,8.560197712910293,False,False,73.4862372989362,115402.19161434815,169.90317532876483,266814.56985497527,281.6442537934272,442291.8540669341
ANCASH,Ferretería Castillo,hardware,comercio,-9.807097,-77.429507,8,Pisco,8.560197712910293,False,False,63.14340972077247,99159.89899084633,206.5906193786874,324428.23472213984,235.75828178749595,370232.8954309373
ANCASH,Ferretería El Progreso,hardware,comercio,-9.023878,-78.615678,26,Huamachuco,4.633802710677776,False,False,192.45383580667178,375483.8080330708,520.4745297086841,1078461.9655666735,921.6313940321961,2407231.757129848
ANCASH,Ladrillera,hardware,comercio,-9.520851,-77.53462,32,Huamachuco,7.938338548467628,False,False,173.83833202143325,272994.3080395888,297.9086642439698,467833.3524521712,545.2261397715982,856218.7120714667
ANCASH,La casa del perno,hardware,comercio,-9.522405,-77.532974,32,Huamachuco,7.938338548467628,False,False,173.83833202143325,272994.3080395888,297.9086642439698,467833.3524521712,545.2261397715982,856218.7120714667
ANCASH,Melacentro,hardware,comercio,-9.522631,-77.530809,31,Huamachuco,7.938338548467628,False,False,173.83833202143325,272994.3080395888,290.805620819995,456678.7906132778,518.6795444091972,814530.1538145221
ANCASH,Aserradero Gómez,hardware,comercio,-9.535361,-77.531148,30,Huamachuco,7.938338548467628,False,False,158.4702587598594,248860.41031312087,318.3737374584468,499971.53760501096,497.81041202721576,781757.4374190196
ANCASH,FECOPE,hardware,comercio,-9.533149,-77.52821,30,Huamachuco,7.938338548467628,False,False,149.6449121040471,235001.15743432578,311.5979860201152,489330.95244840975,497.81041202721576,781757.4374190196
ANCASH,Ingetec,hardware,comercio,-9.533036,-77.521521,30,Huamachuco,7.938338548467628,False,False,136.93485726831216,215041.39030656198,277.39327294275495,435616.14818363264,497.81041202721576,781757.4374190196
ANCASH,Aserradero Chávez,hardware,comercio,-9.734715,-77.450568,14,Pisco,8.560197712910293,False,False,73.4862372989362,115402.19161434815,206.5906193786874,324428.23472213984,281.6442537934272,442291.8540669341
ANCASH,BioFarmer,agrarian,comercio,-9.279409,-77.649223,44,Huamachuco,7.879722620612915,False,False,306.8743109601373,481912.931408933,527.5561423830404,828469.8913478767,738.5022870356528,1159738.007668498
ANCASH,El Aca De Noé,pet,comercio,-9.527328,-77.528222,31,Huamachuco,7.938338548467628,False,False,173.83833202143325,272994.3080395888,290.805620819995,456678.7906132778,524.3570073896167,823445.9956759643
ANCASH,Dino Miranda,hardware,comercio,-9.130996,-78.493499,22,Huamachuco,5.150906301534969,False,False,212.4058871730464,367655.0780665073,627.6551678564167,1058920.4535605903,684.8900145499924,1148801.593049079
ANCASH,Ferrecentro Real,hardware,comercio,-9.471717,-78.298586,18,Huamachuco,5.679473109297311,False,False,147.96272002311804,232359.45662080045,255.62186729989847,401426.50917013804,453.4161311950017,712041.018515442
ANCASH,Ferretería HEC Inversiones,hardware,comercio,-9.14131,-77.741577,41,Huamachuco,8.706710368467366,False,False,182.7913738237322,287054.09234174585,437.87880719768407,687641.3308049568,691.2501947205852,1085533.7047683513
ANCASH,Ferretería Yuli,hardware,comercio,-9.129634,-78.494794,22,Huamachuco,5.150906301534969,False,False,212.4058871730464,367655.0780665073,627.6551678564167,1058920.4535605903,684.8900145499924,1148801.593049079
ANCASH,Ferretería E,hardware,comercio,-9.897317,-76.94042,18,Tarma,7.459887103004866,False,False,14.863807625348198,44236.45023110775,80.97533937660243,227570.85009672822,177.15454750389486,461380.8586806396
ANCASH,Ferretería Alpamayo,hardware,comercio,-9.525934,-77.529512,32,Huamachuco,7.938338548467628,False,False,173.83833202143325,272994.3080395888,290.805620819995,456678.7906132778,545.2261397715982,856218.7120714667
ANCASH,Ferretería Progresol,hardware,comercio,-9.365549,-77.092301,8,Tarma,11.569565959493204,False,False,3.929587117699089,6170.991769210492,138.75712084085848,217903.0582555601,184.1636306008734,289209.0732655281
ANCASH,Ferretería Central,hardware,comercio,-8.470159,-78.037376,7,Huamachuco,5.976487939321386,False,False,52.18488253504042,81950.7166924733,64.9908013121821,102061.0277770616,93.6460004111489,147060.92025644067
ANCASH,Ferretería Adriana,hardware,comercio,-9.132706,-78.170105,10,Huamachuco,6.210079042004497,False,False,193.05161726631627,303166.6955078912,193.05161726631627,303166.6955078912,214.98243241052367,337606.66991065344
ANCASH,Ferretería Raymondi,hardware,comercio,-9.526024,-77.53149,32,Huamachuco,7.938338548467628,False,False,173.83833202143325,272994.3080395888,332.11337732133,521548.1567169483,545.2261397715982,856218.7120714667
ANCASH,Ferretería Cristian,hardware,comercio,-9.441511,-78.209755,16,Huamachuco,5.889633276652207,False,False,172.48302098210178,270865.93856515613,236.36678149787625,371188.4784456033,279.1053630824522,438304.80066639127
ANCASH,Ferretería Ximena,hardware,comercio,-9.28079,-77.646462,44,Huamachuco,7.879722620612915,False,False,306.8743109601373,481912.931408933,513.1473066059161,805842.372394536,738.5022870356528,1159738.007668498
ANCASH,Ferretería Virgen de la Asunción,hardware,comercio,-9.131353,-78.52568,26,,,False,False,278.2605961978411,476901.4930911323,627.6551678564167,1058920.4535605903,789.35828317058,1500714.8333079917
ANCASH,MIELERL,agrarian,comercio,-9.404936,-77.535681,27,Huamachuco,8.86647630287745,False,False,59.685561153166006,93729.7216183263,205.92221095610327,323378.57155125367,381.4505173945539,599026.8017219027
ANCASH,Santa Dionisia,agrarian,comercio,-9.057748,-77.807215,28,Huamachuco,7.142206109637501,False,False,34.37512154361073,53982.41233940139,209.37517440854194,328801.07737849705,512.9482490121785,805529.7739622423
ANCASH,De Pelos,veterinary,comercio,-9.050841,-77.809749,33,Huamachuco,7.142206109637501,False,False,69.17768768436817,108636.0802106894,326.98554682364727,513495.4532528666,619.5547872396879,972943.8177896228
ANCASH,Pipo Pet´s,veterinary,comercio,-9.046984,-77.810356,32,Huamachuco,7.142206109637501,False,False,62.54109124545974,98214.02293764544,280.1710711700642,439978.38001202117,592.1976277708128,929982.3562276615
ANCASH,H&N Constructor,hardware,comercio,-9.051685,-77.805309,34,Huamachuco,7.142206109637501,False,False,69.17768768436817,108636.0802106894,326.98554682364727,513495.4532528666,638.4920280112292,1002682.707253706
ANCASH,HYN S.R.L,hardware,comercio,-9.051528,-77.805472,34,Huamachuco,7.142206109637501,False,False,69.17768768436817,108636.0802106894,326.98554682364727,513495.4532528666,638.4920280112292,1002682.707253706
ANCASH,Dismad Caraz E.I.R.L.,hardware,comercio,-9.02721,-77.820765,29,Huamachuco,7.142206109637501,False,False,25.59547778362029,40194.93091788629,182.25970341203643,286219.1614352062,536.6160532999138,842697.5020416288
ANCASH,Jumar,hardware,comercio,-9.048288,-77.809578,33,Huamachuco,7.142206109637501,False,False,62.54109124545974,98214.02293764544,291.1550805755907,457227.5793818838,619.5547872396879,972943.8177896228
ANCASH,Progresol SAC,hardware,comercio,-9.051408,-77.812494,33,Huamachuco,7.142206109637501,False,False,62.54109124545974,98214.02293764544,306.52315383716456,481361.47710835165,619.5547872396879,972943.8177896228
ANCASH,C&S S.R.L,hardware,comercio,-9.048255,-77.812328,33,Huamachuco,7.142206109637501,False,False,62.54109124545974,98214.02293764544,306.52315383716456,481361.47710835165,619.5547872396879,972943.8177896228
ANCASH,Comercial Mezanine,hardware,comercio,-9.047322,-77.806216,33,Huamachuco,7.142206109637501,False,False,62.54109124545974,98214.02293764544,306.52315383716456,481361.47710835165,619.5547872396879,972943.8177896228
ANCASH,J&D,hardware,comercio,-9.045345,-77.806593,33,Huamachuco,7.142206109637501,False,False,62.54109124545974,98214.02293764544,280.1710711700642,439978.38001202117,619.5547872396879,972943.8177896228
ANCASH,Segura Corp.,hardware,comercio,-9.047835,-77.812335,33,Huamachuco,7.142206109637501,False,False,62.54109124545974,98214.02293764544,306.52315383716456,481361.47710835165,619.5547872396879,972943.8177896228
ANCASH,Acabados Gaela,hardware,comercio,-9.047603,-77.808781,33,Huamachuco,7.142206109637501,False,False,62.54109124545974,98214.02293764544,291.1550805755907,457227.5793818838,619.5547872396879,972943.8177896228
ANCASH,Regional,hardware,comercio,-9.050553,-77.808101,34,Huamachuco,7.142206109637501,False,False,69.17768768436817,108636.0802106894,326.98554682364727,513495.4532528666,638.4920280112292,1002682.707253706
ANCASH,Yaem,agrarian,comercio,-9.047274,-77.807076,33,Huamachuco,7.142206109637501,False,False,62.54109124545974,98214.02293764544,306.52315383716456,481361.47710835165,619.5547872396879,972943.8177896228
ANCASH,Forza Const.,hardware,comercio,-9.046483,-77.809624,32,Huamachuco,7.142206109637501,False,False,62.54109124545974,98214.02293764544,280.1710711700642,439978.38001202117,592.1976277708128,929982.3562276615
ANCASH,Ferrelectricos Daniel,hardware,comercio,-9.046515,-77.809415,33,Huamachuco,7.142206109637501,False,False,62.54109124545974,98214.02293764544,291.1550805755907,457227.5793818838,619.5547872396879,972943.8177896228
ANCASH,Ferreteria Anthony,hardware,comercio,-9.047227,-77.809631,33,Huamachuco,7.142206109637501,False,False,62.54109124545974,98214.02293764544,291.1550805755907,457227.5793818838,619.5547872396879,972943.8177896228
ANCASH,VetCan,veterinary,comercio,-9.04743,-77.809774,33,Huamachuco,7.142206109637501,False,False,62.54109124545974,98214.02293764544,291.1550805755907,457227.5793818838,619.5547872396879,972943.8177896228
ANCASH,Grecofer,hardware,comercio,-9.047359,-77.810264,33,Huamachuco,7.142206109637501,False,False,62.54109124545974,98214.02293764544,291.1550805755907,457227.5793818838,619.5547872396879,972943.8177896228
ANCASH,Azumi,hardware,comercio,-9.047461,-77.810452,33,Huamachuco,7.142206109637501,False,False,62.54109124545974,98214.02293764544,291.1550805755907,457227.5793818838,619.5547872396879,972943.8177896228
ANCASH,XVMAK,hardware,comercio,-9.053483,-77.802976,34,Huamachuco,7.142206109637501,False,False,69.17768768436817,108636.0802106894,374.2427963707965,587707.8550284861,638.4920280112292,1002682.707253706
ANCASH,Santa Isabel,veterinary,comercio,-9.04563,-77.814611,31,Huamachuco,7.142206109637501,False,False,25.59547778362029,40194.93091788629,251.64471103638564,395180.8151997821,571.1924345782079,896995.9710376216
ANCASH,Fecope,hardware,comercio,-9.05059,-77.814566,33,Huamachuco,7.142206109637501,False,False,62.54109124545974,98214.02293764544,306.52315383716456,481361.47710835165,619.5547872396879,972943.8177896228
ANCASH,A.G. Electromatiz,hardware,comercio,-9.039469,-77.812306,31,Huamachuco,7.142206109637501,False,False,25.59547778362029,40194.93091788629,189.03545485036798,296859.7465918074,571.1924345782079,896995.9710376216
ANCASH,Aluzinc,hardware,comercio,-9.046019,-77.813274,32,Huamachuco,7.142206109637501,False,False,62.54109124545974,98214.02293764544,280.1710711700642,439978.38001202117,592.1976277708128,929982.3562276615
ANCASH,El Constructor,hardware,comercio,-9.046486,-77.809751,32,Huamachuco,7.142206109637501,False,False,62.54109124545974,98214.02293764544,280.1710711700642,439978.38001202117,592.1976277708128,929982.3562276615
ANCASH,Maquicentro,hardware,comercio,-9.046544,-77.809741,32,Huamachuco,7.142206109637501,False,False,62.54109124545974,98214.02293764544,280.1710711700642,439978.38001202117,592.1976277708128,929982.3562276615
ANCASH,Agro Veterinaria,agrarian,comercio,-9.046815,-77.807077,33,Huamachuco,7.142206109637501,False,False,62.54109124545974,98214.02293764544,306.52315383716456,481361.47710835165,619.5547872396879,972943.8177896228
ANCASH,El Cumpa,hardware,comercio,-9.045449,-77.807109,33,Huamachuco,7.142206109637501,False,False,62.54109124545974,98214.02293764544,280.1710711700642,439978.38001202117,619.5547872396879,972943.8177896228
ANCASH,Agroveterinaria California,agrarian,comercio,-9.045599,-77.807107,33,Huamachuco,7.142206109637501,False,False,62.54109124545974,98214.02293764544,280.1710711700642,439978.38001202117,619.5547872396879,972943.8177896228
ANCASH,Ferretería Caraz,hardware,comercio,-9.045279,-77.80709,33,Huamachuco,7.142206109637501,False,False,62.54109124545974,98214.02293764544,280.1710711700642,439978.38001202117,619.5547872396879,972943.8177896228
ANCASH,Cargo & Logística Géminis SAC,agrarian,comercio,-9.045278,-77.806904,33,Huamachuco,7.142206109637501,False,False,62.54109124545974,98214.02293764544,280.1710711700642,439978.38001202117,619.5547872396879,972943.8177896228
ANCASH,Misky Pets,veterinary,comercio,-9.045747,-77.80754,33,Huamachuco,7.142206109637501,False,False,62.54109124545974,98214.02293764544,280.1710711700642,439978.38001202117,619.5547872396879,972943.8177896228
ANCASH,Virgen de Fátima,agrarian,comercio,-9.045748,-77.807406,33,Huamachuco,7.142206109637501,False,False,62.54109124545974,98214.02293764544,280.1710711700642,439978.38001202117,619.5547872396879,972943.8177896228
ANCASH,Casa Agrícola,agrarian,comercio,-9.045708,-77.80723,33,Huamachuco,7.142206109637501,False,False,62.54109124545974,98214.02293764544,280.1710711700642,439978.38001202117,619.5547872396879,972943.8177896228
ANCASH,Agro Solución,agrarian,comercio,-9.045667,-77.807216,33,Huamachuco,7.142206109637501,False,False,62.54109124545974,98214.02293764544,280.1710711700642,439978.38001202117,619.5547872396879,972943.8177896228
ANCASH,Agrofertilizantes,agrarian,comercio,-9.046211,-77.808684,33,Huamachuco,7.142206109637501,False,False,62.54109124545974,98214.02293764544,280.1710711700642,439978.38001202117,619.5547872396879,972943.8177896228
ANCASH,Galarza,hardware,comercio,-9.046559,-77.807946,33,Huamachuco,7.142206109637501,False,False,62.54109124545974,98214.02293764544,306.52315383716456,481361.47710835165,619.5547872396879,972943.8177896228
ANCASH,Miranda,hardware,comercio,-9.046609,-77.807513,33,Huamachuco,7.142206109637501,False,False,62.54109124545974,98214.02293764544,306.52315383716456,481361.47710835165,619.5547872396879,972943.8177896228
ANCASH,Karyto,pet,comercio,-9.048401,-77.808796,33,Huamachuco,7.142206109637501,False,False,62.54109124545974,98214.02293764544,326.98554682364727,513495.4532528666,619.5547872396879,972943.8177896228
ANCASH,Jhoseph,hardware,comercio,-9.050285,-77.806891,34,Huamachuco,7.142206109637501,False,False,69.17768768436817,108636.0802106894,326.98554682364727,513495.4532528666,638.4920280112292,1002682.707253706
ANCASH,Edcomac S.A.C,hardware,comercio,-9.05274,-77.804365,34,Huamachuco,7.142206109637501,False,False,69.17768768436817,108636.0802106894,374.2427963707965,587707.8550284861,638.4920280112292,1002682.707253706
ANCASH,Paredes Group,hardware,comercio,-9.048745,-77.811829,33,Huamachuco,7.142206109637501,False,False,62.54109124545974,98214.02293764544,306.52315383716456,481361.47710835165,619.5547872396879,972943.8177896228
ANCASH,Zelaya,hardware,comercio,-9.014866,-77.819577,30,Huamachuco,7.142206109637501,False,False,0.0,0.0,176.52676063851698,277216.1945562181,561.4166693588264,881644.1885475924
ANCASH,Mundo Patas,pet,comercio,-9.051286,-77.809885,33,Huamachuco,7.142206109637501,False,False,69.17768768436817,108636.0802106894,326.98554682364727,513495.4532528666,619.5547872396879,972943.8177896228
ANCASH,Express M&R,hardware,comercio,-9.049976,-77.815089,33,Huamachuco,7.142206109637501,False,False,62.54109124545974,98214.02293764544,306.52315383716456,481361.47710835165,619.5547872396879,972943.8177896228
ANCASH,Chapulin,hardware,comercio,-9.046902,-77.811843,32,Huamachuco,7.142206109637501,False,False,62.54109124545974,98214.02293764544,280.1710711700642,439978.38001202117,592.1976277708128,929982.3562276615
ANCASH,Multimetales Caraz,hardware,comercio,-9.043798,-77.81384,31,Huamachuco,7.142206109637501,False,False,25.59547778362029,40194.93091788629,251.64471103638564,395180.8151997821,571.1924345782079,896995.9710376216
ANCASH,Marilyn,agrarian,comercio,-9.045801,-77.808783,33,Huamachuco,7.142206109637501,False,False,62.54109124545974,98214.02293764544,280.1710711700642,439978.38001202117,619.5547872396879,972943.8177896228
ANCASH,San Lorenzo,hardware,comercio,-9.05126,-77.81356,33,Huamachuco,7.142206109637501,False,False,62.54109124545974,98214.02293764544,306.52315383716456,481361.47710835165,619.5547872396879,972943.8177896228
ANCASH,Central,hardware,comercio,-9.051141,-77.813356,33,Huamachuco,7.142206109637501,False,False,62.54109124545974,98214.02293764544,306.52315383716456,481361.47710835165,619.5547872396879,972943.8177896228
ANCASH,Tu Amigo Parlo,hardware,comercio,-9.050839,-77.814618,33,Huamachuco,7.142206109637501,False,False,62.54109124545974,98214.02293764544,306.52315383716456,481361.47710835165,619.5547872396879,972943.8177896228
ANCASH,Ferretería Vecor,hardware,comercio,-9.137269,-78.506033,25,,,False,False,258.04709735912144,439329.6647238434,627.6551678564167,1058920.4535605903,706.417551564775,1182608.26274505
ANCASH,Ancashino,trade,comercio,-9.046563,-77.80709,33,Huamachuco,7.142206109637501,False,False,62.54109124545974,98214.02293764544,306.52315383716456,481361.47710835165,619.5547872396879,972943.8177896228
ANCASH,Milla,hardware,comercio,-9.046222,-77.807204,33,Huamachuco,7.142206109637501,False,False,62.54109124545974,98214.02293764544,280.1710711700642,439978.38001202117,619.5547872396879,972943.8177896228
ANCASH,Yara,agrarian,comercio,-9.04632,-77.807203,33,Huamachuco,7.142206109637501,False,False,62.54109124545974,98214.02293764544,280.1710711700642,439978.38001202117,619.5547872396879,972943.8177896228
ANCASH,GsLadrillos S.R.L,trade,comercio,-9.037387,-77.820171,31,Huamachuco,7.142206109637501,False,False,25.59547778362029,40194.93091788629,189.03545485036798,296859.7465918074,571.1924345782079,896995.9710376216
ANCASH,Ladrillo Artesanal JH,trade,comercio,-9.013262,-77.821455,30,Huamachuco,7.142206109637501,False,False,0.0,0.0,176.52676063851698,277216.1945562181,561.4166693588264,881644.1885475924
ANCASH,Patitas,pet,comercio,-9.039575,-77.819065,31,Huamachuco,7.142206109637501,False,False,25.59547778362029,40194.93091788629,251.64471103638564,395180.8151997821,571.1924345782079,896995.9710376216
ANCASH,Angel,hardware,comercio,-9.0372,-77.81486,29,Huamachuco,7.142206109637501,False,False,25.59547778362029,40194.93091788629,189.03545485036798,296859.7465918074,536.6160532999138,842697.5020416288
ANCASH,Los Angeles,hardware,comercio,-9.036568,-77.819951,31,Huamachuco,7.142206109637501,False,False,25.59547778362029,40194.93091788629,189.03545485036798,296859.7465918074,571.1924345782079,896995.9710376216
ANCASH,Virgen de Lourdes,hardware,comercio,-9.045972,-77.806324,33,Huamachuco,7.142206109637501,False,False,62.54109124545974,98214.02293764544,280.1710711700642,439978.38001202117,619.5547872396879,972943.8177896228
ANCASH,Central,agrarian,comercio,-9.047107,-77.806622,33,Huamachuco,7.142206109637501,False,False,62.54109124545974,98214.02293764544,306.52315383716456,481361.47710835165,619.5547872396879,972943.8177896228
ANCASH,Huascaran Product's,agrarian,comercio,-9.036249,-77.819066,31,Huamachuco,7.142206109637501,False,False,25.59547778362029,40194.93091788629,189.03545485036798,296859.7465918074,571.1924345782079,896995.9710376216
ANCASH,Bloquetas Caraz,trade,comercio,-9.020967,-77.820229,29,Huamachuco,7.142206109637501,False,False,0.0,0.0,176.52676063851698,277216.1945562181,536.6160532999138,842697.5020416288
ANCASH,F&A,trade,comercio,-9.062461,-77.790399,37,Huamachuco,7.142206109637501,False,False,105.27635558334205,165325.13578110447,433.5704466126782,680875.5162517907,700.2556073858574,1099675.731849374
ANCASH,Aguilar,hardware,comercio,-9.168761,-77.671544,1,Huamachuco,8.706710368467366,False,False,12.66707463952438,19892.27137589209,12.66707463952438,19892.27137589209,12.66707463952438,19892.27137589209
ANCASH,Tapia,hardware,comercio,-8.862986,-77.91839,3,Huamachuco,9.178118067194934,False,False,40.70655888339665,63925.2502358083,65.50717494230923,102871.93674177179,65.50717494230923,102871.93674177179
ANCASH,Salinas,hardware,comercio,-9.047759,-77.814731,32,Huamachuco,7.142206109637501,False,False,62.54109124545974,98214.02293764544,280.1710711700642,439978.38001202117,592.1976277708128,929982.3562276615
ANCASH,Salmat,hardware,comercio,-9.042134,-77.810847,31,Huamachuco,7.142206109637501,False,False,25.59547778362029,40194.93091788629,251.64471103638564,395180.8151997821,571.1924345782079,896995.9710376216
ANCASH,Refugio Huellitas - Caraz,veterinary,comercio,-9.050859,-77.805639,34,Huamachuco,7.142206109637501,False,False,69.17768768436817,108636.0802106894,326.98554682364727,513495.4532528666,638.4920280112292,1002682.707253706
ANCASH,Aceros Arequipa,hardware,comercio,-9.052622,-77.803961,34,Huamachuco,7.142206109637501,False,False,69.17768768436817,108636.0802106894,374.2427963707965,587707.8550284861,638.4920280112292,1002682.707253706
ANCASH,Pyramide,trade,comercio,-9.056787,-77.797604,36,Huamachuco,7.142206109637501,False,False,105.27635558334205,165325.13578110447,380.44586359337603,597449.1015329818,669.1441457112463,1050818.5445236613
ANCASH,V&R,agrarian,comercio,-9.047145,-77.816097,32,Huamachuco,7.142206109637501,False,False,62.54109124545974,98214.02293764544,280.1710711700642,439978.38001202117,592.1976277708128,929982.3562276615
ANCASH,Chemayolic,hardware,comercio,-9.050795,-77.807549,34,Huamachuco,7.142206109637501,False,False,69.17768768436817,108636.0802106894,326.98554682364727,513495.4532528666,638.4920280112292,1002682.707253706
ANCASH,Cadenas,hardware,comercio,-9.050633,-77.801605,34,Huamachuco,7.142206109637501,False,False,69.17768768436817,108636.0802106894,326.98554682364727,513495.4532528666,638.4920280112292,1002682.707253706
ANCASH,A'la Leña,trade,comercio,-9.047557,-77.803064,33,Huamachuco,7.142206109637501,False,False,62.54109124545974,98214.02293764544,306.52315383716456,481361.47710835165,619.5547872396879,972943.8177896228
ANCASH,Shumac Chakra,agrarian,comercio,-9.045663,-77.805976,33,Huamachuco,7.142206109637501,False,False,62.54109124545974,98214.02293764544,280.1710711700642,439978.38001202117,619.5547872396879,972943.8177896228
ANCASH,Ferreteria Miky,hardware,comercio,-9.280338,-77.646904,44,Huamachuco,7.879722620612915,False,False,306.8743109601373,481912.931408933,513.1473066059161,805842.372394536,738.5022870356528,1159738.007668498
ANCASH,Multiservicios El Progreso,hardware,comercio,-9.281476,-77.647992,44,Huamachuco,7.879722620612915,False,False,306.8743109601373,481912.931408933,513.1473066059161,805842.372394536,738.5022870356528,1159738.007668498
ANCASH,Dino Casa Del Cemento,trade,comercio,-9.128329,-78.52253,26,,,False,False,235.61300363123794,409928.0592869085,627.6551678564167,1058920.4535605903,789.35828317058,1500714.8333079917
ANCASH,Vale Ancash,agrarian,comercio,-9.126565,-78.5267,24,,,False,False,232.61938601176607,405226.9064337962,627.6551678564167,1058920.4535605903,702.135764286952,1175884.1786981677
ANCASH,Depósito Pakatnamú,trade,comercio,-9.111939,-78.544639,23,,,False,False,232.61938601176607,405226.9064337962,491.34512429856807,844860.2656422367,767.8307461557974,1466908.163612021
ANCASH,SiderPeru,trade,comercio,-9.094428,-78.565641,22,Huamachuco,4.633802710677776,False,False,130.25226450192434,244470.40826894838,491.34512429856807,844860.2656422367,746.3930432753652,1433242.5687127302
ANCASH,Hipermercado Cerámica,trade,comercio,-9.084014,-78.575239,23,Huamachuco,4.633802710677776,False,False,130.25226450192434,244470.40826894838,484.2293681898602,833685.7399062461,879.5240479213453,1943846.3034954087
ANCASH,Grupo Ferretero Construya,trade,comercio,-9.076957,-78.585836,24,Huamachuco,4.633802710677776,False,False,188.9322305216216,336620.9514377516,484.2293681898602,833685.7399062461,918.3442702832992,2004809.2661424384
ANCASH,Maderera Pucallpa,trade,comercio,-9.07907,-78.578648,24,Huamachuco,4.633802710677776,False,False,130.25226450192434,244470.40826894838,484.2293681898602,833685.7399062461,918.3442702832992,2004809.2661424384
ANCASH,Maderera Los Cedros,trade,comercio,-9.082009,-78.575825,23,Huamachuco,4.633802710677776,False,False,130.25226450192434,244470.40826894838,484.2293681898602,833685.7399062461,879.5240479213453,1943846.3034954087
ANCASH,Maderera Pardo,trade,comercio,-9.082342,-78.575708,23,Huamachuco,4.633802710677776,False,False,130.25226450192434,244470.40826894838,484.2293681898602,833685.7399062461,879.5240479213453,1943846.3034954087
ANCASH,3A Amseq,trade,comercio,-9.082489,-78.575371,23,Huamachuco,4.633802710677776,False,False,130.25226450192434,244470.40826894838,484.2293681898602,833685.7399062461,879.5240479213453,1943846.3034954087
ANCASH,Repalsa,trade,comercio,-9.084754,-78.573516,23,Huamachuco,4.633802710677776,False,False,130.25226450192434,244470.40826894838,491.34512429856807,844860.2656422367,879.5240479213453,1943846.3034954087
ANCASH,Ferreteria Lesmar,hardware,comercio,-9.13068,-78.517941,25,,,False,False,278.2605961978411,476901.4930911323,627.6551678564167,1058920.4535605903,706.417551564775,1182608.26274505
ANCASH,Maderera Fruto de la Montaña,trade,comercio,-9.096121,-78.562232,22,Huamachuco,4.633802710677776,False,False,130.25226450192434,244470.40826894838,491.34512429856807,844860.2656422367,746.3930432753652,1433242.5687127302
ANCASH,Agrícola e Inversiones L&F,trade,comercio,-9.070744,-78.588697,24,Huamachuco,4.633802710677776,False,False,188.9322305216216,336620.9514377516,484.2293681898602,833685.7399062461,918.3442702832992,2004809.2661424384
ANCASH,Agromen Group,trade,comercio,-9.070278,-78.588597,24,Huamachuco,4.633802710677776,False,False,188.9322305216216,336620.9514377516,484.2293681898602,833685.7399062461,918.3442702832992,2004809.2661424384
ANCASH,Isrrariego Motors,trade,comercio,-9.070942,-78.588358,24,Huamachuco,4.633802710677776,False,False,188.9322305216216,336620.9514377516,484.2293681898602,833685.7399062461,918.3442702832992,2004809.2661424384
ANCASH,Mi Mascota,yes,comercio,-9.072064,-78.589449,24,Huamachuco,4.633802710677776,False,False,188.9322305216216,336620.9514377516,484.2293681898602,833685.7399062461,918.3442702832992,2004809.2661424384
ANCASH,Canilandia,yes,comercio,-9.071888,-78.589207,24,Huamachuco,4.633802710677776,False,False,188.9322305216216,336620.9514377516,484.2293681898602,833685.7399062461,918.3442702832992,2004809.2661424384
ANCASH,Surpass,trade,comercio,-9.071625,-78.589776,24,Huamachuco,4.633802710677776,False,False,188.9322305216216,336620.9514377516,484.2293681898602,833685.7399062461,918.3442702832992,2004809.2661424384
ANCASH,Depósito Miramar,trade,comercio,-9.079951,-78.58309,24,Huamachuco,4.633802710677776,False,False,130.25226450192434,244470.40826894838,484.2293681898602,833685.7399062461,918.3442702832992,2004809.2661424384
ANCASH,Movisa,trade,comercio,-9.080063,-78.582723,24,Huamachuco,4.633802710677776,False,False,130.25226450192434,244470.40826894838,484.2293681898602,833685.7399062461,918.3442702832992,2004809.2661424384
ANCASH,El Chino,hardware,comercio,-9.472697,-78.308183,19,Huamachuco,5.679473109297311,False,False,147.96272002311804,232359.45662080045,255.62186729989847,401426.50917013804,483.04871489171313,758575.7878476257
ANCASH,Ferreteria Palma,hardware,comercio,-9.475033,-78.30014,18,Huamachuco,5.679473109297311,False,False,147.96272002311804,232359.45662080045,255.62186729989847,401426.50917013804,453.4161311950017,712041.018515442
ANCASH,Ferreteria Palma,hardware,comercio,-9.475058,-78.30024,18,Huamachuco,5.679473109297311,False,False,147.96272002311804,232359.45662080045,255.62186729989847,401426.50917013804,453.4161311950017,712041.018515442
ANCASH,Inversiones Generales Luzcar,hardware,comercio,-9.069938,-78.586238,24,Huamachuco,4.633802710677776,False,False,188.9322305216216,336620.9514377516,484.2293681898602,833685.7399062461,918.3442702832992,2004809.2661424384
ANCASH,El Baratero,agrarian,comercio,-9.474142,-78.296471,18,Huamachuco,5.679473109297311,False,False,147.96272002311804,232359.45662080045,255.62186729989847,401426.50917013804,453.4161311950017,712041.018515442
ANCASH,Grupo JJ,trade,comercio,-9.064687,-78.587393,24,Huamachuco,4.633802710677776,False,False,186.86885594388713,354063.4665866353,484.2293681898602,833685.7399062461,918.3442702832992,2004809.2661424384
ANCASH,Maderas Acasia,trade,comercio,-9.066261,-78.583658,24,Huamachuco,4.633802710677776,False,False,177.7371903549645,319040.3510705371,484.2293681898602,833685.7399062461,918.3442702832992,2004809.2661424384
ANCASH,Yeriko,hardware,comercio,-10.070601,-78.151326,3,,,False,False,28.605192108984383,44921.36190750431,28.605192108984383,44921.36190750431,88.75020315066016,139372.59990794316
ANCASH,Ferretería El Progreso,hardware,comercio,-9.023889,-78.615617,26,Huamachuco,4.633802710677776,False,False,192.45383580667178,375483.8080330708,520.4745297086841,1078461.9655666735,921.6313940321961,2407231.757129848
ANCASH,Tito Mallqui,agrarian,comercio,-10.067311,-78.149559,3,,,False,False,28.605192108984383,44921.36190750431,28.605192108984383,44921.36190750431,88.75020315066016,139372.59990794316
ANCASH,Melacentro Blas,trade,comercio,-9.078904,-78.578753,24,Huamachuco,4.633802710677776,False,False,130.25226450192434,244470.40826894838,484.2293681898602,833685.7399062461,918.3442702832992,2004809.2661424384
APURIMAC,Importadora Constructora Samaniego,doityourself,comercio,-13.657115,-73.382989,75,Sicuani,9.65591072803736,False,False,91.99681288871236,513579.41801835166,157.15508853212515,877330.5984478771,238.12660939831645,1329360.4596651858
APURIMAC,Madecon S.R.L.,doityourself,comercio,-13.657188,-73.385046,75,Sicuani,9.65591072803736,False,False,95.20678624464237,531499.3458531041,151.53907635130136,845978.7703046507,238.12660939831645,1329360.4596651858
APURIMAC,Rios,doityourself,comercio,-13.657148,-73.383681,76,Sicuani,9.65591072803736,False,False,99.33524739008308,554546.8037574525,157.15508853212515,877330.5984478771,240.8276996109499,1344439.5074697817
APURIMAC,Centro Electrónico Chino,hardware,comercio,-13.656976,-73.38733,75,Sicuani,9.65591072803736,False,False,95.20678624464237,531499.3458531041,151.53907635130136,845978.7703046507,238.12660939831645,1329360.4596651858
APURIMAC,Electrónica Andrada,hardware,comercio,-13.656502,-73.387436,75,Sicuani,9.65591072803736,False,False,95.20678624464237,531499.3458531041,151.53907635130136,845978.7703046507,238.12660939831645,1329360.4596651858
APURIMAC,Electrotécnica Industrial Blas,hardware,comercio,-13.657405,-73.389987,75,Sicuani,9.65591072803736,False,False,90.61467601209343,505863.5305823997,151.53907635130136,845978.7703046507,238.12660939831645,1329360.4596651858
APURIMAC,Multiservicios Campos,doityourself,comercio,-13.654443,-73.425191,72,Sicuani,9.65591072803736,False,False,89.81707889275178,501410.8821535881,155.8987790602495,870317.1523603767,228.42345684543446,1275191.8500734526
APURIMAC,La Casa del Constructor,doityourself,comercio,-13.653872,-73.428591,74,Sicuani,9.65591072803736,False,False,97.13989617284935,542291.083530963,164.45348680618417,918074.4788102509,236.12011872319007,1318159.0682165793
APURIMAC,El Constructor,doityourself,comercio,-13.652007,-73.366075,74,Sicuani,9.65591072803736,False,False,76.24811230531343,425661.06273846264,175.20560364551451,978099.0137415705,233.0921563600586,1301255.231013874
APURIMAC,Electrónica Chino,hardware,comercio,-13.651974,-73.365997,74,Sicuani,9.65591072803736,False,False,76.24811230531343,425661.06273846264,175.20560364551451,978099.0137415705,233.0921563600586,1301255.231013874
APURIMAC,Electrónica Huaman,hardware,comercio,-13.65143,-73.365935,74,Sicuani,9.65591072803736,False,False,76.24811230531343,425661.06273846264,175.20560364551451,978099.0137415705,233.0921563600586,1301255.231013874
APURIMAC,San José,veterinary,comercio,-13.650952,-73.365536,74,Sicuani,9.65591072803736,False,False,76.24811230531343,425661.06273846264,175.20560364551451,978099.0137415705,233.0921563600586,1301255.231013874
APURIMAC,El Maestro,doityourself,comercio,-13.654048,-73.370212,74,Sicuani,9.65591072803736,False,False,82.39784209243486,459992.4112479006,164.55243238112078,918626.850236997,233.0921563600586,1301255.231013874
APURIMAC,Vargas Hermanos,doityourself,comercio,-13.654174,-73.370088,74,Sicuani,9.65591072803736,False,False,82.39784209243486,459992.4112479006,164.55243238112078,918626.850236997,233.0921563600586,1301255.231013874
APURIMAC,Consur E.I.R.L.,doityourself,comercio,-13.656506,-73.378541,75,Sicuani,9.65591072803736,False,False,91.99681288871236,513579.41801835166,157.15508853212515,877330.5984478771,238.12660939831645,1329360.4596651858
APURIMAC,Carovi Distribuciones,doityourself,comercio,-13.656685,-73.378158,75,Sicuani,9.65591072803736,False,False,91.99681288871236,513579.41801835166,157.15508853212515,877330.5984478771,238.12660939831645,1329360.4596651858
APURIMAC,Carovi Distribuciones,doityourself,comercio,-13.656669,-73.377832,74,Sicuani,9.65591072803736,False,False,95.08169114716146,530800.9926673376,164.55243238112078,918626.850236997,233.0921563600586,1301255.231013874
APURIMAC,Vargas Hermanos,doityourself,comercio,-13.65667,-73.377772,74,Sicuani,9.65591072803736,False,False,95.08169114716146,530800.9926673376,164.55243238112078,918626.850236997,233.0921563600586,1301255.231013874
AREQUIPA,Vivero,plant_nursery,comercio,-16.357782,-72.192294,19,Juliaca,6.024416933241459,False,False,489.8080004670684,2539167.976945217,770.8752462889269,3996222.4743779013,1103.2067655434464,5719031.310934182
AREQUIPA,Multiservicios El Pitbull,agricultural_engines,comercio,-16.326469,-71.553719,27,Juliaca,4.479349199315209,False,False,165.9986926762832,860538.3420778315,326.1331692543121,1690676.5483629138,398.9369768015332,2068091.9775664127
AREQUIPA,Pampa Chacra,village,pueblo,-15.812472,-72.66093,4,,,False,False,24.840281440217563,128772.18647135537,63.283370734159035,328061.4205731666,100.36570890280983,520296.5116666246
AREQUIPA,Abas Chacra,hamlet,pueblo,-15.428871,-73.498552,3,,,False,False,21.33766371244436,66278.49958194517,50.06625650337392,155514.51205940364,69.13767946878664,214753.67320069642
AREQUIPA,Pampa Chacra,hamlet,pueblo,-15.672826,-73.61382,2,Pisco,8.755917659061966,False,False,24.03526713413104,124598.98688080451,24.03526713413104,124598.98688080451,45.3729308465754,190877.4864627497
AREQUIPA,Representaciones Panchito,hardware,comercio,-16.398799,-71.520438,33,Juliaca,4.437874042686684,False,False,262.84633235331523,1362597.1591574892,386.7642470176977,2004988.4642925407,521.1139273688896,2701458.113084054
AREQUIPA,Veterinaria Dr. Mascota,veterinary,comercio,-16.397827,-71.545555,33,Juliaca,4.437874042686684,False,False,262.84633235331523,1362597.1591574892,367.23391009947966,1903743.066025461,521.1139273688896,2701458.113084054
AREQUIPA,Viveros Arcoiris,garden_centre,comercio,-16.411824,-71.56008,33,Juliaca,4.437874042686684,False,False,278.2759664306422,1442584.4862484548,367.23391009947966,1903743.066025461,521.1139273688896,2701458.113084054
AREQUIPA,Santa Rosa,hardware,comercio,-16.49336,-71.843929,34,Juliaca,5.395672030251448,False,False,284.994337124686,1477412.565224903,602.4797407401735,3123259.0382087054,1214.3362897804732,6295127.513868269
AREQUIPA,Saúl Paredes,hardware,comercio,-16.407952,-71.53923,33,Juliaca,4.437874042686684,False,False,262.84633235331523,1362597.1591574892,378.90674701372006,1964255.1312928314,521.1139273688896,2701458.113084054
AREQUIPA,Niño Jesús,hardware,comercio,-16.403439,-71.516789,33,Juliaca,4.437874042686684,False,False,262.84633235331523,1362597.1591574892,386.7642470176977,2004988.4642925407,521.1139273688896,2701458.113084054
AREQUIPA,Marqués,veterinary,comercio,-16.420946,-71.531157,36,Juliaca,4.437874042686684,False,False,276.139890101036,1431511.0521533098,446.49773698346746,2314647.2790273535,582.3561932207681,2991706.324487636
AREQUIPA,Vida Animal,veterinary,comercio,-16.380125,-71.544829,33,Juliaca,4.437874042686684,False,False,262.84633235331523,1362597.1591574892,367.23391009947966,1903743.066025461,521.1139273688896,2701458.113084054
AREQUIPA,Porvenir,hardware,comercio,-16.354822,-71.566732,30,Juliaca,4.437874042686684,False,False,262.8463323533153,1362597.1591574892,328.6780470231559,1703869.2118754045,475.5722112050934,2465369.549426518
AREQUIPA,San Pedro,hardware,comercio,-16.354592,-71.567578,30,Juliaca,4.437874042686684,False,False,262.8463323533153,1362597.1591574892,328.6780470231559,1703869.2118754045,475.5722112050934,2465369.549426518
AREQUIPA,Soldamundo Importaciones SAC,hardware,comercio,-16.406308,-71.542146,33,Juliaca,4.437874042686684,False,False,262.84633235331523,1362597.1591574892,378.90674701372006,1964255.1312928314,521.1139273688896,2701458.113084054
AREQUIPA,Celima,hardware,comercio,-16.407611,-71.538909,35,Juliaca,4.437874042686684,False,False,262.84633235331523,1362597.1591574892,410.92793570235625,2130253.1893571606,536.611547917754,2754565.774804148
AREQUIPA,Vallecito,veterinary,comercio,-16.402971,-71.541632,33,Juliaca,4.437874042686684,False,False,262.84633235331523,1362597.1591574892,378.90674701372006,1964255.1312928314,521.1139273688896,2701458.113084054
AREQUIPA,Davetsur,veterinary,comercio,-16.403951,-71.532669,33,Juliaca,4.437874042686684,False,False,262.84633235331523,1362597.1591574892,437.16632761021145,2266273.1899194904,521.1139273688896,2701458.113084054
AREQUIPA,A Construir,hardware,comercio,-16.404018,-71.514311,33,Juliaca,4.437874042686684,False,False,262.84633235331523,1362597.1591574892,386.7642470176977,2004988.4642925407,521.1139273688896,2701458.113084054
AREQUIPA,Universal,hardware,comercio,-16.404303,-71.514554,33,Juliaca,4.437874042686684,False,False,262.84633235331523,1362597.1591574892,386.7642470176977,2004988.4642925407,521.1139273688896,2701458.113084054
AREQUIPA,Depósito San Luis,hardware,comercio,-16.404182,-71.514846,33,Juliaca,4.437874042686684,False,False,262.84633235331523,1362597.1591574892,386.7642470176977,2004988.4642925407,521.1139273688896,2701458.113084054
AREQUIPA,Dimasa,hardware,comercio,-16.403882,-71.515168,33,Juliaca,4.437874042686684,False,False,262.84633235331523,1362597.1591574892,386.7642470176977,2004988.4642925407,521.1139273688896,2701458.113084054
AREQUIPA,Promser,hardware,comercio,-16.403543,-71.515036,33,Juliaca,4.437874042686684,False,False,262.84633235331523,1362597.1591574892,386.7642470176977,2004988.4642925407,521.1139273688896,2701458.113084054
AREQUIPA,Buscal,hardware,comercio,-16.403504,-71.515716,33,Juliaca,4.437874042686684,False,False,262.84633235331523,1362597.1591574892,386.7642470176977,2004988.4642925407,521.1139273688896,2701458.113084054
AREQUIPA,Jesús Cautivo,hardware,comercio,-16.40367,-71.515411,33,Juliaca,4.437874042686684,False,False,262.84633235331523,1362597.1591574892,386.7642470176977,2004988.4642925407,521.1139273688896,2701458.113084054
AREQUIPA,Aluminio Arequipa,hardware,comercio,-16.406581,-71.539722,33,Juliaca,4.437874042686684,False,False,262.84633235331523,1362597.1591574892,378.90674701372006,1964255.1312928314,521.1139273688896,2701458.113084054
AREQUIPA,Baterias Record,hardware,comercio,-16.437678,-71.530595,36,Juliaca,4.437874042686684,False,False,276.139890101036,1431511.0521533098,416.7535297034805,2160453.107937979,582.3561932207681,2991706.324487636
AREQUIPA,Corresur,hardware,comercio,-16.443661,-71.529002,35,Juliaca,4.437874042686684,False,False,240.71804502203008,1247883.9684324237,366.3514491109668,1899168.3823110291,566.1664753076254,2907778.7176669464
AREQUIPA,Ferreteria Leo,hardware,comercio,-16.429446,-71.526508,36,Juliaca,4.437874042686684,False,False,276.139890101036,1431511.0521533098,475.01311029997186,2462471.166564638,582.3561932207681,2991706.324487636
AREQUIPA,Ferreteria Cornejo,hardware,comercio,-16.449203,-71.589844,32,Juliaca,4.437874042686684,False,False,227.42448727430934,1178970.0754366028,358.9979476181685,1861047.7809914765,504.9242094557469,2617530.506263364
AREQUIPA,Vivero Municipal,garden_centre,comercio,-16.44335,-71.592638,31,Juliaca,4.437874042686684,False,False,273.86541285814786,1419720.1467905454,341.97160477087664,1772783.104871225,492.0394531472637,2550735.842684889
AREQUIPA,Revestir,doityourself,comercio,-16.407791,-71.538642,35,Juliaca,4.437874042686684,False,False,262.84633235331523,1362597.1591574892,410.92793570235625,2130253.1893571606,536.611547917754,2754565.774804148
AREQUIPA,San Mateo,hardware,comercio,-16.420624,-71.531323,36,Juliaca,4.437874042686684,False,False,262.84633235331523,1362597.1591574892,446.49773698346746,2314647.2790273535,582.3561932207681,2991706.324487636
AREQUIPA,Yura,hardware,comercio,-16.43234,-71.532102,36,Juliaca,4.437874042686684,False,False,276.139890101036,1431511.0521533098,475.01311029997186,2462471.166564638,582.3561932207681,2991706.324487636
AREQUIPA,Gema,hardware,comercio,-16.441596,-71.529353,35,Juliaca,4.437874042686684,False,False,276.139890101036,1431511.0521533098,366.3514491109668,1899168.3823110291,566.1664753076254,2907778.7176669464
AREQUIPA,Yura,hardware,comercio,-16.437185,-71.530418,36,Juliaca,4.437874042686684,False,False,276.139890101036,1431511.0521533098,416.7535297034805,2160453.107937979,582.3561932207681,2991706.324487636
AREQUIPA,El Nazareno,hardware,comercio,-16.437173,-71.561833,33,Juliaca,4.437874042686684,False,False,262.84633235331523,1362597.1591574892,378.90674701372006,1964255.1312928314,521.1139273688896,2701458.113084054
AREQUIPA,Virgen del Rosario,hardware,comercio,-16.448989,-71.515458,33,Juliaca,4.946747892247475,False,False,229.36752366531442,1189042.7891884702,366.3514491109668,1899168.3823110291,536.2553761518506,2752719.3779682205
AREQUIPA,Carlitos,hardware,comercio,-16.444611,-71.530142,35,Juliaca,4.437874042686684,False,False,240.71804502203008,1247883.9684324237,366.3514491109668,1899168.3823110291,566.1664753076254,2907778.7176669464
AREQUIPA,El volante,hardware,comercio,-16.442374,-71.527226,35,Juliaca,4.437874042686684,False,False,276.139890101036,1431511.0521533098,366.3514491109668,1899168.3823110291,566.1664753076254,2907778.7176669464
AREQUIPA,Lara,hardware,comercio,-16.447542,-71.53133,35,Juliaca,4.437874042686684,False,False,240.71804502203008,1247883.9684324237,366.3514491109668,1899168.3823110291,566.1664753076254,2907778.7176669464
AREQUIPA,APPAI,hardware,comercio,-16.642932,-71.877336,0,Juliaca,5.395672030251448,False,False,0.0,0.0,0.0,0.0,0.0,0.0
AREQUIPA,APPAI,hardware,comercio,-16.645194,-71.87668,18,Juliaca,5.395672030251448,False,False,238.2501107483606,1235090.180517707,637.0240933482414,3302337.195043768,796.7537183994594,4130376.6482841563
AREQUIPA,Oxivet,veterinary,comercio,-16.404776,-71.567218,34,Juliaca,4.437874042686684,False,False,278.2759664306422,1442584.4862484548,367.23391009947966,1903743.066025461,627.4899696460822,3252912.2334880717
AREQUIPA,Santa Monica,hardware,comercio,-16.437921,-71.530426,36,Juliaca,4.437874042686684,False,False,276.139890101036,1431511.0521533098,416.7535297034805,2160453.107937979,582.3561932207681,2991706.324487636
AREQUIPA,APPAI,hardware,comercio,-16.644028,-71.876701,18,Juliaca,5.395672030251448,False,False,238.2501107483606,1235090.180517707,637.0240933482414,3302337.195043768,796.7537183994594,4130376.6482841563
AREQUIPA,Fraddy,hardware,comercio,-16.443639,-71.517332,35,Juliaca,4.437874042686684,False,False,240.71804502203008,1247883.9684324237,366.3514491109668,1899168.3823110291,566.1664753076254,2907778.7176669464
AREQUIPA,De 4 Patas,veterinary,comercio,-16.443138,-71.520338,35,Juliaca,4.437874042686684,False,False,240.71804502203008,1247883.9684324237,366.3514491109668,1899168.3823110291,566.1664753076254,2907778.7176669464
AREQUIPA,Gavilán,hardware,comercio,-16.447582,-71.531245,35,Juliaca,4.437874042686684,False,False,240.71804502203008,1247883.9684324237,366.3514491109668,1899168.3823110291,566.1664753076254,2907778.7176669464
AREQUIPA,El Arte,hardware,comercio,-16.41747,-71.533452,35,Juliaca,4.437874042686684,False,False,262.84633235331523,1362597.1591574892,446.49773698346746,2314647.2790273535,536.611547917754,2754565.774804148
AREQUIPA,Proplan,veterinary,comercio,-16.430089,-71.533147,36,Juliaca,4.437874042686684,False,False,276.139890101036,1431511.0521533098,475.01311029997186,2462471.166564638,582.3561932207681,2991706.324487636
AREQUIPA,Aceros Habilitados,hardware,comercio,-16.399343,-71.515445,33,Juliaca,4.437874042686684,False,False,262.84633235331523,1362597.1591574892,386.7642470176977,2004988.4642925407,521.1139273688896,2701458.113084054
AREQUIPA,Teran,veterinary,comercio,-16.421663,-71.516285,34,Juliaca,4.437874042686684,False,False,240.71804502203008,1247883.9684324237,403.8860394756697,2093747.951838126,520.4218300046114,2670638.167983458
AREQUIPA,CV Milan,veterinary,comercio,-16.413281,-71.538495,35,Juliaca,4.437874042686684,False,False,262.84633235331523,1362597.1591574892,437.16632761021145,2266273.1899194904,536.611547917754,2754565.774804148
AREQUIPA,Seseser,hardware,comercio,-16.436114,-71.531186,36,Juliaca,4.437874042686684,False,False,276.139890101036,1431511.0521533098,416.7535297034805,2160453.107937979,582.3561932207681,2991706.324487636
AREQUIPA,El Maestro,hardware,comercio,-16.433468,-71.531604,36,Juliaca,4.437874042686684,False,False,276.139890101036,1431511.0521533098,448.7747183921167,2326451.166002308,582.3561932207681,2991706.324487636
AREQUIPA,General Prosisma EIRL,hardware,comercio,-16.421835,-71.53732,35,Juliaca,4.437874042686684,False,False,262.84633235331523,1362597.1591574892,446.49773698346746,2314647.2790273535,536.611547917754,2754565.774804148
AREQUIPA,Bettos,hardware,comercio,-16.423465,-71.537531,36,Juliaca,4.437874042686684,False,False,276.139890101036,1431511.0521533098,446.49773698346746,2314647.2790273535,582.3561932207681,2991706.324487636
AREQUIPA,Cristo Salvador,hardware,comercio,-16.423931,-71.53745,36,Juliaca,4.437874042686684,False,False,276.139890101036,1431511.0521533098,446.49773698346746,2314647.2790273535,582.3561932207681,2991706.324487636
AREQUIPA,Mistican,veterinary,comercio,-16.426625,-71.517615,35,Juliaca,4.437874042686684,False,False,276.139890101036,1431511.0521533098,463.6195294414395,2403406.7665729383,536.611547917754,2754565.774804148
AREQUIPA,Luces,hardware,comercio,-16.439924,-71.529687,35,Juliaca,4.437874042686684,False,False,276.139890101036,1431511.0521533098,366.3514491109668,1899168.3823110291,566.1664753076254,2907778.7176669464
AREQUIPA,Alvares,hardware,comercio,-16.435524,-71.531303,36,Juliaca,4.437874042686684,False,False,276.139890101036,1431511.0521533098,416.7535297034805,2160453.107937979,582.3561932207681,2991706.324487636
AREQUIPA,Moselu,hardware,comercio,-16.440271,-71.529608,35,Juliaca,4.437874042686684,False,False,276.139890101036,1431511.0521533098,366.3514491109668,1899168.3823110291,566.1664753076254,2907778.7176669464
AREQUIPA,Victoria,hardware,comercio,-16.434637,-71.530766,36,Juliaca,4.437874042686684,False,False,276.139890101036,1431511.0521533098,448.7747183921167,2326451.166002308,582.3561932207681,2991706.324487636
AREQUIPA,Diffor,hardware,comercio,-16.435181,-71.531037,36,Juliaca,4.437874042686684,False,False,276.139890101036,1431511.0521533098,416.7535297034805,2160453.107937979,582.3561932207681,2991706.324487636
AREQUIPA,San Lorenzo,doityourself,comercio,-16.400644,-71.519542,33,Juliaca,4.437874042686684,False,False,262.84633235331523,1362597.1591574892,386.7642470176977,2004988.4642925407,521.1139273688896,2701458.113084054
AREQUIPA,Emmel,hardware,comercio,-16.403581,-71.515583,33,Juliaca,4.437874042686684,False,False,262.84633235331523,1362597.1591574892,386.7642470176977,2004988.4642925407,521.1139273688896,2701458.113084054
AREQUIPA,Flores Alvares,hardware,comercio,-16.434939,-71.531156,36,Juliaca,4.437874042686684,False,False,276.139890101036,1431511.0521533098,448.7747183921167,2326451.166002308,582.3561932207681,2991706.324487636
AREQUIPA,Buscal,hardware,comercio,-16.404532,-71.514373,33,Juliaca,4.437874042686684,False,False,262.84633235331523,1362597.1591574892,386.7642470176977,2004988.4642925407,521.1139273688896,2701458.113084054
AREQUIPA,Femaco,hardware,comercio,-16.403796,-71.515289,33,Juliaca,4.437874042686684,False,False,262.84633235331523,1362597.1591574892,386.7642470176977,2004988.4642925407,521.1139273688896,2701458.113084054
AREQUIPA,Spa Pequeños,veterinary,comercio,-16.454037,-71.530344,35,Juliaca,4.437874042686684,False,False,240.71804502203008,1247883.9684324237,366.3514491109668,1899168.3823110291,566.1664753076254,2907778.7176669464
AREQUIPA,Pimentel,hardware,comercio,-16.44906,-71.533169,35,Juliaca,4.437874042686684,False,False,240.71804502203008,1247883.9684324237,366.3514491109668,1899168.3823110291,566.1664753076254,2907778.7176669464
AREQUIPA,Ferresur,hardware,comercio,-16.434585,-71.531282,36,Juliaca,4.437874042686684,False,False,276.139890101036,1431511.0521533098,448.7747183921167,2326451.166002308,582.3561932207681,2991706.324487636
AREQUIPA,Virgen del Carmen,hardware,comercio,-16.434404,-71.531336,36,Juliaca,4.437874042686684,False,False,276.139890101036,1431511.0521533098,448.7747183921167,2326451.166002308,582.3561932207681,2991706.324487636
AREQUIPA,Femaco,hardware,comercio,-16.43713,-71.529676,36,Juliaca,4.437874042686684,False,False,276.139890101036,1431511.0521533098,416.7535297034805,2160453.107937979,582.3561932207681,2991706.324487636
AREQUIPA,Victoria,hardware,comercio,-16.434691,-71.530665,36,Juliaca,4.437874042686684,False,False,276.139890101036,1431511.0521533098,448.7747183921167,2326451.166002308,582.3561932207681,2991706.324487636
AREQUIPA,HuellitasPet,veterinary,comercio,-16.4412,-71.529388,35,Juliaca,4.437874042686684,False,False,276.139890101036,1431511.0521533098,366.3514491109668,1899168.3823110291,566.1664753076254,2907778.7176669464
AREQUIPA,Laboratorio Diesel,hardware,comercio,-16.446554,-71.530659,35,Juliaca,4.437874042686684,False,False,240.71804502203008,1247883.9684324237,366.3514491109668,1899168.3823110291,566.1664753076254,2907778.7176669464
AREQUIPA,DifeSur,hardware,comercio,-16.442892,-71.528787,35,Juliaca,4.437874042686684,False,False,240.71804502203008,1247883.9684324237,366.3514491109668,1899168.3823110291,566.1664753076254,2907778.7176669464
AREQUIPA,AQPET SHOP,veterinary,comercio,-16.408042,-71.509274,31,Juliaca,4.437874042686684,False,False,227.42448727430934,1178970.0754366028,375.0914101034573,1944476.3990251706,487.89786660845505,2529265.830143113
AREQUIPA,Metusa,hardware,comercio,-16.414614,-71.506585,32,Juliaca,4.437874042686684,False,False,227.42448727430934,1178970.0754366028,386.7642470176977,2004988.4642925407,504.9242094557469,2617530.506263364
AREQUIPA,Precisa,hardware,comercio,-16.423993,-71.506428,34,Juliaca,4.437874042686684,False,False,227.42448727430934,1178970.0754366028,386.7642470176977,2004988.4642925407,520.4218300046114,2670638.167983458
AREQUIPA,Aly,hardware,comercio,-16.443856,-71.517658,35,Juliaca,4.437874042686684,False,False,240.71804502203008,1247883.9684324237,366.3514491109668,1899168.3823110291,566.1664753076254,2907778.7176669464
AREQUIPA,Balanzas Fertow,hardware,comercio,-16.402496,-71.532014,33,Juliaca,4.437874042686684,False,False,262.84633235331523,1362597.1591574892,437.16632761021145,2266273.1899194904,521.1139273688896,2701458.113084054
AREQUIPA,Titán Ferrocentro,hardware,comercio,-16.404093,-71.533942,33,Juliaca,4.437874042686684,False,False,262.84633235331523,1362597.1591574892,437.16632761021145,2266273.1899194904,521.1139273688896,2701458.113084054
AREQUIPA,Sika,hardware,comercio,-16.403935,-71.534495,33,Juliaca,4.437874042686684,False,False,262.84633235331523,1362597.1591574892,410.92793570235625,2130253.1893571606,521.1139273688896,2701458.113084054
AREQUIPA,Cuz,hardware,comercio,-16.40395,-71.534375,33,Juliaca,4.437874042686684,False,False,262.84633235331523,1362597.1591574892,410.92793570235625,2130253.1893571606,521.1139273688896,2701458.113084054
AREQUIPA,Home Depot Perú Yura,hardware,comercio,-16.444464,-71.505161,33,Juliaca,4.946747892247475,False,False,229.36752366531442,1189042.7891884702,366.3514491109668,1899168.3823110291,536.2553761518506,2752719.3779682205
AREQUIPA,Bey and Dog,veterinary,comercio,-16.424727,-71.505919,34,Juliaca,4.437874042686684,False,False,227.42448727430934,1178970.0754366028,386.7642470176977,2004988.4642925407,520.4218300046114,2670638.167983458
AREQUIPA,Mi Amiga Vet,veterinary,comercio,-16.442245,-71.53146,35,Juliaca,4.437874042686684,False,False,276.139890101036,1431511.0521533098,366.3514491109668,1899168.3823110291,566.1664753076254,2907778.7176669464
AREQUIPA,Sideperu,hardware,comercio,-16.405328,-71.579733,34,Juliaca,4.437874042686684,False,False,278.2759664306422,1442584.4862484548,367.23391009947966,1903743.066025461,627.4899696460822,3252912.2334880717
AREQUIPA,Escorpio,hardware,comercio,-16.40485,-71.572187,34,Juliaca,4.437874042686684,False,False,278.2759664306422,1442584.4862484548,367.23391009947966,1903743.066025461,627.4899696460822,3252912.2334880717
AREQUIPA,Ladrillera El Diamante,hardware,comercio,-16.405194,-71.583464,34,Juliaca,4.437874042686684,False,False,278.2759664306422,1442584.4862484548,367.23391009947966,1903743.066025461,627.4899696460822,3252912.2334880717
AREQUIPA,Repuestos Rosas sac,hardware,comercio,-16.413365,-71.507191,32,Juliaca,4.437874042686684,False,False,227.42448727430934,1178970.0754366028,386.7642470176977,2004988.4642925407,504.9242094557469,2617530.506263364
AREQUIPA,Jerico,hardware,comercio,-16.414087,-71.509045,33,Juliaca,4.437874042686684,False,False,227.42448727430934,1178970.0754366028,386.7642470176977,2004988.4642925407,503.39548715731956,2582373.491863207
AREQUIPA,Montenegro,hardware,comercio,-16.412882,-71.50692,32,Juliaca,4.437874042686684,False,False,227.42448727430934,1178970.0754366028,386.7642470176977,2004988.4642925407,504.9242094557469,2617530.506263364
AREQUIPA,Arequipa Autoparts,hardware,comercio,-16.412467,-71.506693,32,Juliaca,4.437874042686684,False,False,227.42448727430934,1178970.0754366028,386.7642470176977,2004988.4642925407,504.9242094557469,2617530.506263364
AREQUIPA,Mauro,hardware,comercio,-16.412482,-71.507606,32,Juliaca,4.437874042686684,False,False,227.42448727430934,1178970.0754366028,386.7642470176977,2004988.4642925407,504.9242094557469,2617530.506263364
AREQUIPA,Hydrasur,hardware,comercio,-16.41387,-71.509691,33,Juliaca,4.437874042686684,False,False,227.42448727430934,1178970.0754366028,386.7642470176977,2004988.4642925407,503.39548715731956,2582373.491863207
AREQUIPA,La Luz,veterinary,comercio,-16.439415,-71.529509,35,Juliaca,4.437874042686684,False,False,276.139890101036,1431511.0521533098,366.3514491109668,1899168.3823110291,566.1664753076254,2907778.7176669464
AREQUIPA,F. Emanuel,hardware,comercio,-16.363447,-72.192406,18,Juliaca,6.024416933241459,False,False,489.8080004670684,2539167.976945217,770.8752462889269,3996222.4743779013,1072.7445110014448,5561114.7779971
AREQUIPA,Perno centro Condorito,hardware,comercio,-16.394429,-71.583407,34,Juliaca,4.437874042686684,False,False,278.2759664306422,1442584.4862484548,341.97160477087664,1772783.104871225,627.4899696460822,3252912.2334880717
AREQUIPA,Infesur,hardware,comercio,-16.39161,-71.566689,33,Juliaca,4.437874042686684,False,False,262.84633235331523,1362597.1591574892,341.97160477087664,1772783.104871225,521.1139273688896,2701458.113084054
AREQUIPA,Inter tool Eirl,hardware,comercio,-16.405304,-71.514704,33,Juliaca,4.437874042686684,False,False,262.84633235331523,1362597.1591574892,386.7642470176977,2004988.4642925407,521.1139273688896,2701458.113084054
AREQUIPA,Puerto Carmelo,hardware,comercio,-16.412501,-71.506211,32,Juliaca,4.437874042686684,False,False,227.42448727430934,1178970.0754366028,386.7642470176977,2004988.4642925407,504.9242094557469,2617530.506263364
AREQUIPA,R&M Repuesto e Insumos Industriales,hardware,comercio,-16.413816,-71.506489,32,Juliaca,4.437874042686684,False,False,227.42448727430934,1178970.0754366028,386.7642470176977,2004988.4642925407,504.9242094557469,2617530.506263364
AREQUIPA,Ferretería & Autoservicios Aqp,hardware,comercio,-16.451061,-71.556663,32,Juliaca,4.437874042686684,False,False,223.01393370181506,1156105.7359786935,312.5737704658594,1620384.5336195088,504.9242094557469,2617530.506263364
AREQUIPA,Ferretería shalom,hardware,comercio,-16.448918,-71.553301,35,Juliaca,4.437874042686684,False,False,240.71804502203008,1247883.9684324237,337.83607579446243,1751344.4947737446,566.1664753076254,2907778.7176669464
AREQUIPA,Distribuciones Condorito,hardware,comercio,-16.405731,-71.515252,35,Juliaca,4.437874042686684,False,False,262.84633235331523,1362597.1591574892,386.7642470176977,2004988.4642925407,536.611547917754,2754565.774804148
AREQUIPA,Veterinaria San Francisco,veterinary,comercio,-16.434381,-71.522092,35,Juliaca,4.437874042686684,False,False,240.71804502203008,1247883.9684324237,424.61102970745816,2201186.440937688,566.1664753076254,2907778.7176669464
AREQUIPA,Shalon,hardware,comercio,-16.348024,-72.188796,19,Juliaca,6.024416933241459,False,True,489.8080004670684,2539167.976945217,779.3325658619638,4040065.2760678898,1103.2067655434464,5719031.310934182
AREQUIPA,El Vivero,garden_centre,comercio,-16.347603,-72.18961,19,Juliaca,6.024416933241459,False,False,489.8080004670684,2539167.976945217,779.3325658619638,4040065.2760678898,1103.2067655434464,5719031.310934182
AREQUIPA,Las Malvinas,hardware,comercio,-16.349552,-72.191946,19,Juliaca,6.024416933241459,False,False,489.8080004670684,2539167.976945217,770.8752462889269,3996222.4743779013,1103.2067655434464,5719031.310934182
AREQUIPA,4 Patas,veterinary,comercio,-16.400035,-71.51865,33,Juliaca,4.437874042686684,False,False,262.84633235331523,1362597.1591574892,386.7642470176977,2004988.4642925407,521.1139273688896,2701458.113084054
AREQUIPA,Aceros Industriales Mersur s.r.l.,hardware,comercio,-16.480265,-71.499695,33,Juliaca,4.946747892247475,False,False,224.95697009282014,1166178.4497305606,325.6595097050369,1688221.0940658276,536.2553761518506,2752719.3779682205
AREQUIPA,Happy Pets,veterinary,comercio,-16.422424,-71.527935,35,Juliaca,4.437874042686684,False,False,276.139890101036,1431511.0521533098,463.6195294414395,2403406.7665729383,536.611547917754,2754565.774804148
AREQUIPA,Luchito,hardware,comercio,-17.000519,-72.096842,17,,,False,False,129.71406346022695,672438.5795731656,318.0611570007305,1648831.1824149112,360.19575200076054,1867257.2069870138
AREQUIPA,David,hardware,comercio,-17.000384,-72.096574,17,,,False,False,129.71406346022695,672438.5795731656,318.0611570007305,1648831.1824149112,360.19575200076054,1867257.2069870138
AREQUIPA,Petter,hardware,comercio,-17.027206,-72.016763,19,Juliaca,6.4500747282212645,False,False,157.23123896405184,815087.802919184,318.0611570007305,1648831.1824149112,436.7745217996935,2264242.0659560203
AREQUIPA,Sodimac,doityourself,comercio,-16.417996,-71.514485,34,Juliaca,4.437874042686684,False,False,240.71804502203008,1247883.9684324237,403.8860394756697,2093747.951838126,520.4218300046114,2670638.167983458
AREQUIPA,Clínica Veterinaria Dr Percy Cersso,veterinary,comercio,-17.02283,-72.015273,18,Juliaca,6.4500747282212645,False,False,104.37013316735924,541055.4740538262,318.0611570007305,1648831.1824149112,408.0059808801073,2115105.7558573806
AREQUIPA,Bio Pet's,veterinary,comercio,-16.381979,-71.546729,33,Juliaca,4.437874042686684,False,False,262.84633235331523,1362597.1591574892,367.23391009947966,1903743.066025461,521.1139273688896,2701458.113084054
AREQUIPA,Natty's,garden_centre,comercio,-16.326317,-71.554091,27,Juliaca,4.479349199315209,False,False,165.9986926762832,860538.3420778315,326.1331692543121,1690676.5483629138,398.9369768015332,2068091.9775664127
AREQUIPA,Ferreteria Peñafiel,hardware,comercio,-17.165398,-71.799437,20,Juliaca,6.563329217479544,False,False,279.8138580016081,1450556.9265215555,362.90266843040405,1881289.880009634,369.80803050901045,1912951.6553738997
AREQUIPA,Veterinaria Altacor,veterinary,comercio,-16.333429,-71.548238,27,Juliaca,4.479349199315209,False,False,173.87266741774175,901357.0802277226,326.1331692543121,1690676.5483629138,398.9369768015332,2068091.9775664127
AREQUIPA,Ferreteria Juanita,hardware,comercio,-16.304478,-71.545828,24,Juliaca,4.479349199315209,False,False,51.57411675533581,267360.5689974577,244.43731552717549,1267164.691808229,357.7525212447818,1854591.482274569
AREQUIPA,Ferreteria Rosario 2,hardware,comercio,-16.308448,-71.549067,24,Juliaca,4.479349199315209,False,False,51.57411675533581,267360.5689974577,244.43731552717549,1267164.691808229,357.7525212447818,1854591.482274569
AREQUIPA,Ferreteria GAMA Los Angeles,hardware,comercio,-16.308876,-71.547991,24,Juliaca,4.479349199315209,False,False,54.33880191806212,281692.71552188386,244.43731552717549,1267164.691808229,357.7525212447818,1854591.482274569
AREQUIPA,Ferretería Montañez,hardware,comercio,-16.30719,-71.551685,24,Juliaca,4.479349199315209,False,False,54.33880191806212,281692.71552188386,244.43731552717549,1267164.691808229,357.7525212447818,1854591.482274569
AREQUIPA,JM Agregados,trade,comercio,-16.31257,-71.558283,25,Juliaca,4.479349199315209,False,False,103.55825694121792,536846.7022234449,313.24841294582893,1623881.8847844389,371.04607899250254,1923505.37527039
AREQUIPA,Ferreteria  JyF,hardware,comercio,-16.313458,-71.551862,25,Juliaca,4.479349199315209,False,False,114.11694049069429,591582.988935714,313.24841294582893,1623881.8847844389,371.04607899250254,1923505.37527039
AREQUIPA,ferretería la Rinconada,hardware,comercio,-16.311389,-71.541233,24,Juliaca,4.479349199315209,False,False,51.57411675533581,267360.5689974577,244.43731552717549,1267164.691808229,357.7525212447818,1854591.482274569
AREQUIPA,Ferreteria Rodri,hardware,comercio,-16.311901,-71.541612,24,Juliaca,4.479349199315209,False,False,51.57411675533581,267360.5689974577,244.43731552717549,1267164.691808229,357.7525212447818,1854591.482274569
AREQUIPA,FERRETERIA Y TRANSPORTE ESCORPION,hardware,comercio,-16.316468,-71.536709,27,Juliaca,4.479349199315209,False,False,145.7619220438852,755630.7866733234,275.7310886617984,1429391.822735964,398.9369768015332,2068091.9775664127
AREQUIPA,Ferreteria la Quinta Grande,hardware,comercio,-16.317621,-71.543267,0,Juliaca,4.479349199315209,False,False,0.0,0.0,0.0,0.0,0.0,0.0
AREQUIPA,Ferreteria Altair,hardware,comercio,-16.315542,-71.552381,25,Juliaca,4.479349199315209,False,False,114.11694049069429,591582.988935714,313.24841294582893,1623881.8847844389,371.04607899250254,1923505.37527039
AREQUIPA,Ferreteria Angeles,hardware,comercio,-16.319358,-71.556039,25,Juliaca,4.479349199315209,False,False,124.08930203501994,643279.7784200133,313.24841294582893,1623881.8847844389,371.04607899250254,1923505.37527039
AREQUIPA,Ferreteria San Juan,hardware,comercio,-16.323475,-71.55624,26,Juliaca,4.479349199315209,False,False,134.053061407778,694931.9741889061,313.24841294582893,1623881.8847844389,396.30838432110556,2054465.3364246262
AREQUIPA,Ferreteria Lyss,hardware,comercio,-16.32709,-71.554389,27,Juliaca,4.479349199315209,False,False,165.9986926762832,860538.3420778315,326.1331692543121,1690676.5483629138,398.9369768015332,2068091.9775664127
AREQUIPA,FERRIMAX AV 54,hardware,comercio,-16.32706,-71.554668,27,Juliaca,4.479349199315209,False,False,165.9986926762832,860538.3420778315,326.1331692543121,1690676.5483629138,398.9369768015332,2068091.9775664127
AREQUIPA,San Luis,hardware,comercio,-16.326787,-71.576058,26,Juliaca,4.479349199315209,False,False,187.62448066338476,972646.572814554,344.8677649362986,1787796.8186960942,396.30838432110556,2054465.3364246262
AREQUIPA,Petconza tienda productos  Mascotas,pet,comercio,-16.45281,-71.528646,35,Juliaca,4.437874042686684,False,False,240.71804502203008,1247883.9684324237,366.3514491109668,1899168.3823110291,566.1664753076254,2907778.7176669464
AREQUIPA,Frabcois,garden_centre,comercio,-16.369613,-71.538788,33,Juliaca,4.437874042686684,False,False,262.84633235331523,1362597.1591574892,354.85636107935983,1839577.7684497002,506.71617700202535,2626820.078105589
AREQUIPA,Maestro Home Center,doityourself,comercio,-16.410097,-71.518318,35,Juliaca,4.437874042686684,False,False,262.84633235331523,1362597.1591574892,437.16632761021145,2266273.1899194904,536.611547917754,2754565.774804148
AREQUIPA,Comercial Ferretera Acari,hardware,comercio,-15.432144,-74.616191,7,Pisco,5.331960083663811,False,False,55.101752303918865,285647.855466348,117.35202391400314,608353.683214654,288.87019616212194,1497505.044607899
AREQUIPA,Vivero Municipal,garden_centre,comercio,-16.441125,-71.521933,35,Juliaca,4.437874042686684,False,False,240.71804502203008,1247883.9684324237,366.3514491109668,1899168.3823110291,566.1664753076254,2907778.7176669464
AREQUIPA,F. El Colca,hardware,comercio,-16.360012,-72.191035,19,Juliaca,6.024416933241459,False,False,489.8080004670684,2539167.976945217,770.8752462889269,3996222.4743779013,1103.2067655434464,5719031.310934182
AREQUIPA,Tiendas Comerciales,trade,comercio,-16.364095,-72.19135,18,Juliaca,6.024416933241459,False,False,489.8080004670684,2539167.976945217,770.8752462889269,3996222.4743779013,1072.7445110014448,5561114.7779971
AREQUIPA,Tiendas Comerciales,trade,comercio,-16.362571,-72.191658,19,Juliaca,6.024416933241459,False,False,489.8080004670684,2539167.976945217,770.8752462889269,3996222.4743779013,1103.2067655434464,5719031.310934182
AREQUIPA,Promart,doityourself,comercio,-16.392309,-71.556945,33,Juliaca,4.437874042686684,False,False,262.84633235331523,1362597.1591574892,367.23391009947966,1903743.066025461,521.1139273688896,2701458.113084054
AREQUIPA,JM Agregados,trade,comercio,-16.312568,-71.558333,25,Juliaca,4.479349199315209,False,False,103.55825694121792,536846.7022234449,313.24841294582893,1623881.8847844389,371.04607899250254,1923505.37527039
AYACUCHO,Pampa Chacra,hamlet,pueblo,-13.662161,-74.119584,40,Pisco,8.304098879491685,False,False,40.46429259109199,125689.1399042097,171.78576372378237,533596.4997194409,400.1277583689629,1242866.50231137
AYACUCHO,Clinica Veterinaria San Martin de Porres,veterinary,comercio,-13.154541,-74.226809,56,Pisco,6.257969869011292,False,False,100.44079544331282,311986.60305614327,232.14318706232137,724246.828793722,411.84004923589885,1286797.0359421636
AYACUCHO,ZooMedivet,veterinary,comercio,-13.144824,-74.226388,57,Pisco,6.257969869011292,False,False,82.51856208764617,256317.02498146854,212.05262510863795,661842.0444652641,418.30102395501314,1306865.9486399505
AYACUCHO,Ferreteria DANFER,doityourself,comercio,-13.148217,-74.227174,57,Pisco,6.257969869011292,False,False,82.51856208764617,256317.02498146854,225.432931478216,703403.6063154102,418.30102395501314,1306865.9486399505
AYACUCHO,Electronica Gutierrez,hardware,comercio,-13.156049,-74.225457,56,Pisco,6.257969869011292,False,False,100.44079544331282,311986.60305614327,232.14318706232137,724246.828793722,411.84004923589885,1286797.0359421636
AYACUCHO,S.O.S Animal,veterinary,comercio,-13.15083,-74.226096,57,Pisco,6.257969869011292,False,False,100.44079544331282,311986.60305614327,232.14318706232137,724246.828793722,418.30102395501314,1306865.9486399505
AYACUCHO,Electrónica Pérez,hardware,comercio,-13.162124,-74.229318,58,Pisco,6.257969869011292,False,False,96.02991855963595,298285.65127292206,250.71583778983737,781936.7164997208,419.1549119048131,1309518.2733220963
AYACUCHO,Electrónica Gonzales,hardware,comercio,-13.156214,-74.227969,56,Pisco,6.257969869011292,False,False,100.44079544331282,311986.60305614327,232.14318706232137,724246.828793722,411.84004923589885,1286797.0359421636
AYACUCHO,Ferretería La Económica,hardware,comercio,-13.171535,-74.209061,62,Pisco,6.257969869011292,False,False,72.87678279409074,226367.97931793483,263.36826438048524,821237.3569915746,504.6904192874913,1575206.4558103222
AYACUCHO,San Cristobal,veterinary,comercio,-13.155935,-74.226143,56,Pisco,6.257969869011292,False,False,100.44079544331282,311986.60305614327,232.14318706232137,724246.828793722,411.84004923589885,1286797.0359421636
AYACUCHO,Hipermercado Ceramico Celima - Trebol,hardware,comercio,-13.171972,-74.20829,62,Pisco,6.257969869011292,False,False,72.87678279409074,226367.97931793483,263.36826438048524,821237.3569915746,504.6904192874913,1575206.4558103222
AYACUCHO,Enver,doityourself,comercio,-13.164151,-74.222525,60,Pisco,6.257969869011292,False,False,79.74274955539691,247694.86783073304,279.37290912134443,870950.5708682919,455.43287578187466,1422203.9471645118
AYACUCHO,Ferreteria Huayanay,hardware,comercio,-13.164196,-74.221596,60,Pisco,6.257969869011292,False,False,79.74274955539691,247694.86783073304,279.37290912134443,870950.5708682919,455.43287578187466,1422203.9471645118
AYACUCHO,Mundo Vet,veterinary,comercio,-13.151834,-74.225379,57,Pisco,6.257969869011292,False,False,100.44079544331282,311986.60305614327,232.14318706232137,724246.828793722,418.30102395501314,1306865.9486399505
AYACUCHO,Electronica Jhon Car,hardware,comercio,-13.143081,-74.228283,54,Pisco,6.257969869011292,False,False,82.51856208764617,256317.02498146854,194.0483013881571,605917.4794209126,381.313963726226,1191977.698035395
AYACUCHO,Nancy,doityourself,comercio,-13.13731,-74.22945,52,Pisco,6.257969869011292,False,False,82.51856208764617,256317.02498146854,188.70442054667103,589318.4548561082,363.7231870245256,1135297.7920133844
AYACUCHO,Corporacion Medina,doityourself,comercio,-13.153389,-74.216256,59,Pisco,6.257969869011292,False,False,109.0487352955389,338724.36336513347,276.63889960545225,862458.2611666252,437.1195645902499,1365319.6132226358
AYACUCHO,Distribuidora Negociaciones Cavi E.I.R.L.,doityourself,comercio,-13.152995,-74.215747,59,Pisco,6.257969869011292,False,False,109.0487352955389,338724.36336513347,276.63889960545225,862458.2611666252,437.1195645902499,1365319.6132226358
AYACUCHO,Ferreteria Wilpar,doityourself,comercio,-13.135539,-74.226754,53,Pisco,6.257969869011292,False,False,82.51856208764617,256317.02498146854,196.7297585545834,614246.5523728093,366.3318923034196,1145440.774972256
AYACUCHO,Ferreteria Ñaño,hardware,comercio,-13.135539,-74.227557,53,Pisco,6.257969869011292,False,False,82.51856208764617,256317.02498146854,196.7297585545834,614246.5523728093,366.3318923034196,1145440.774972256
AYACUCHO,Ferreteria Arce,doityourself,comercio,-13.155087,-74.198825,54,Pisco,6.257969869011292,False,False,69.15181313369584,214797.57482537287,249.08274015268498,776864.0308242898,387.04284879680125,1209772.612786708
AYACUCHO,Ferreteria Inti Perú,doityourself,comercio,-13.155005,-74.198685,54,Pisco,6.257969869011292,False,False,69.15181313369584,214797.57482537287,249.08274015268498,776864.0308242898,387.04284879680125,1209772.612786708
AYACUCHO,Ferreteria La Economica,doityourself,comercio,-13.155099,-74.198632,54,Pisco,6.257969869011292,False,False,69.15181313369584,214797.57482537287,249.08274015268498,776864.0308242898,387.04284879680125,1209772.612786708
AYACUCHO,Nicoll,hardware,comercio,-13.137486,-74.229415,52,Pisco,6.257969869011292,False,False,82.51856208764617,256317.02498146854,188.70442054667103,589318.4548561082,363.7231870245256,1135297.7920133844
AYACUCHO,Las Palmas,doityourself,comercio,-13.154096,-74.221757,58,Pisco,6.257969869011292,False,False,100.44079544331282,311986.60305614327,264.0206824288667,823263.881072638,422.55160734975567,1320069.0009304017
AYACUCHO,Distribuidora Electrica Gnaeluz,hardware,comercio,-13.153971,-74.22219,56,Pisco,6.257969869011292,False,False,100.44079544331282,311986.60305614327,232.14318706232137,724246.828793722,411.84004923589885,1286797.0359421636
AYACUCHO,Electrocomercial Sielsa,hardware,comercio,-13.154049,-74.221862,58,Pisco,6.257969869011292,False,False,100.44079544331282,311986.60305614327,264.0206824288667,823263.881072638,422.55160734975567,1320069.0009304017
AYACUCHO,Negomont,hardware,comercio,-13.153962,-74.222232,56,Pisco,6.257969869011292,False,False,100.44079544331282,311986.60305614327,232.14318706232137,724246.828793722,411.84004923589885,1286797.0359421636
AYACUCHO,SIE Instel S.A.C.,hardware,comercio,-13.154032,-74.221936,58,Pisco,6.257969869011292,False,False,100.44079544331282,311986.60305614327,264.0206824288667,823263.881072638,422.55160734975567,1320069.0009304017
AYACUCHO,Comercial Juscamaita,doityourself,comercio,-13.155573,-74.224046,56,Pisco,6.257969869011292,False,False,100.44079544331282,311986.60305614327,232.14318706232137,724246.828793722,411.84004923589885,1286797.0359421636
AYACUCHO,ACEROS AREQUIPA,doityourself,comercio,-13.136994,-74.229472,52,Pisco,6.257969869011292,False,False,82.51856208764617,256317.02498146854,188.70442054667103,589318.4548561082,363.7231870245256,1135297.7920133844
AYACUCHO,MULTISERVICIOS MULTIPLES ORBITEL J&M,hardware,comercio,-13.136917,-74.229482,52,Pisco,6.257969869011292,False,False,82.51856208764617,256317.02498146854,188.70442054667103,589318.4548561082,363.7231870245256,1135297.7920133844
AYACUCHO,MIGUELITO,doityourself,comercio,-13.141478,-74.228866,54,Pisco,6.257969869011292,False,False,82.51856208764617,256317.02498146854,194.0483013881571,605917.4794209126,381.313963726226,1191977.698035395
AYACUCHO,TREBOL CELIMA,doityourself,comercio,-13.14057,-74.228989,54,Pisco,6.257969869011292,False,False,82.51856208764617,256317.02498146854,194.0483013881571,605917.4794209126,381.313963726226,1191977.698035395
AYACUCHO,Ferreteria Marcos,hardware,comercio,-13.15431,-74.220495,58,Pisco,6.257969869011292,False,False,100.44079544331282,311986.60305614327,264.0206824288667,823263.881072638,422.55160734975567,1320069.0009304017
AYACUCHO,Agrocrop,pet,comercio,-13.164184,-74.2199,60,Pisco,6.257969869011292,False,False,79.74274955539691,247694.86783073304,279.37290912134443,870950.5708682919,455.43287578187466,1422203.9471645118
AYACUCHO,Ferretería Renzo,hardware,comercio,-13.157876,-74.217356,60,Pisco,6.257969869011292,False,False,109.98088232567369,341619.7743801205,276.63889960545225,862458.2611666252,447.61267749424434,1397913.0493454055
AYACUCHO,Sider Perú,doityourself,comercio,-13.158486,-74.219775,60,Pisco,6.257969869011292,False,False,109.98088232567369,341619.7743801205,276.63889960545225,862458.2611666252,447.61267749424434,1397913.0493454055
AYACUCHO,Hidrosol,trade,comercio,-13.164129,-74.220621,60,Pisco,6.257969869011292,False,False,79.74274955539691,247694.86783073304,279.37290912134443,870950.5708682919,455.43287578187466,1422203.9471645118
AYACUCHO,San Pedro,trade,comercio,-13.164131,-74.220569,60,Pisco,6.257969869011292,False,False,79.74274955539691,247694.86783073304,279.37290912134443,870950.5708682919,455.43287578187466,1422203.9471645118
AYACUCHO,Veterinaria Medina,veterinary,comercio,-13.166658,-74.214044,62,Pisco,6.257969869011292,False,False,79.74274955539691,247694.86783073304,279.37290912134443,870950.5708682919,504.6904192874913,1575206.4558103222
AYACUCHO,Agroandina,agrarian,comercio,-13.164176,-74.221798,60,Pisco,6.257969869011292,False,False,79.74274955539691,247694.86783073304,279.37290912134443,870950.5708682919,455.43287578187466,1422203.9471645118
AYACUCHO,Agroinversiones Damaris,agrarian,comercio,-13.164156,-74.222065,60,Pisco,6.257969869011292,False,False,79.74274955539691,247694.86783073304,279.37290912134443,870950.5708682919,455.43287578187466,1422203.9471645118
AYACUCHO,Agropecuaria Santa Rosa,agrarian,comercio,-13.164164,-74.221885,60,Pisco,6.257969869011292,False,False,79.74274955539691,247694.86783073304,279.37290912134443,870950.5708682919,455.43287578187466,1422203.9471645118
AYACUCHO,Ferreteria Fierro Central,hardware,comercio,-13.164159,-74.222029,60,Pisco,6.257969869011292,False,False,79.74274955539691,247694.86783073304,279.37290912134443,870950.5708682919,455.43287578187466,1422203.9471645118
AYACUCHO,Retama,pet,comercio,-13.164042,-74.221485,60,Pisco,6.257969869011292,False,False,79.74274955539691,247694.86783073304,279.37290912134443,870950.5708682919,455.43287578187466,1422203.9471645118
AYACUCHO,San Juan,agrarian,comercio,-13.164204,-74.221416,60,Pisco,6.257969869011292,False,False,79.74274955539691,247694.86783073304,279.37290912134443,870950.5708682919,455.43287578187466,1422203.9471645118
AYACUCHO,El Pacifico,pet,comercio,-13.16405,-74.221422,60,Pisco,6.257969869011292,False,False,79.74274955539691,247694.86783073304,279.37290912134443,870950.5708682919,455.43287578187466,1422203.9471645118
AYACUCHO,Cofesur,doityourself,comercio,-13.163962,-74.222463,60,Pisco,6.257969869011292,False,False,79.74274955539691,247694.86783073304,279.37290912134443,870950.5708682919,455.43287578187466,1422203.9471645118
AYACUCHO,Multinegocios La Solución,hardware,comercio,-13.163993,-74.222029,60,Pisco,6.257969869011292,False,False,79.74274955539691,247694.86783073304,279.37290912134443,870950.5708682919,455.43287578187466,1422203.9471645118
AYACUCHO,Pepe,hardware,comercio,-13.163991,-74.222057,60,Pisco,6.257969869011292,False,False,79.74274955539691,247694.86783073304,279.37290912134443,870950.5708682919,455.43287578187466,1422203.9471645118
AYACUCHO,Multicervicios,hardware,comercio,-13.144777,-74.229553,52,Pisco,6.257969869011292,False,False,82.51856208764617,256317.02498146854,194.0483013881571,605917.4794209126,363.7231870245256,1135297.7920133844
AYACUCHO,Ferreteria Chovi,doityourself,comercio,-13.14532,-74.230336,52,Pisco,6.257969869011292,False,False,82.51856208764617,256317.02498146854,194.0483013881571,605917.4794209126,363.7231870245256,1135297.7920133844
AYACUCHO,Inversiones y Multiservicios,hardware,comercio,-13.144907,-74.229759,52,Pisco,6.257969869011292,False,False,82.51856208764617,256317.02498146854,194.0483013881571,605917.4794209126,363.7231870245256,1135297.7920133844
AYACUCHO,ANTONIA SAC,hardware,comercio,-13.16749,-74.21271,62,Pisco,6.257969869011292,False,False,84.47844292986879,262404.75620324025,279.37290912134443,870950.5708682919,504.6904192874913,1575206.4558103222
AYACUCHO,JAC Construcciones,hardware,comercio,-13.147151,-74.224187,57,Pisco,6.257969869011292,False,False,82.51856208764617,256317.02498146854,225.432931478216,703403.6063154102,418.30102395501314,1306865.9486399505
AYACUCHO,CONSTRUCCIONES ANDY ANTHONY S.A.C.,hardware,comercio,-13.156735,-74.235188,50,Pisco,6.257969869011292,False,False,63.5988017420205,197548.95435025296,154.51866265474968,483131.5371746395,339.6584553064089,1060548.5442694237
AYACUCHO,Inversiones Y&R,hardware,comercio,-13.160764,-74.227603,59,Pisco,6.257969869011292,False,False,100.44079544331282,311986.60305614327,271.3704804945148,846093.6338790497,433.72286914530736,1354768.8856143306
AYACUCHO,Camifer,hardware,comercio,-13.154728,-74.230184,50,Pisco,6.257969869011292,False,False,63.5988017420205,197548.95435025296,157.27900124554333,491705.6295683277,339.6584553064089,1060548.5442694237
AYACUCHO,La Casa Del Perno,hardware,comercio,-13.158845,-74.218921,60,Pisco,6.257969869011292,False,False,109.98088232567369,341619.7743801205,276.63889960545225,862458.2611666252,447.61267749424434,1397913.0493454055
AYACUCHO,Perno Centro,hardware,comercio,-13.158944,-74.218347,60,Pisco,6.257969869011292,False,False,109.98088232567369,341619.7743801205,276.63889960545225,862458.2611666252,447.61267749424434,1397913.0493454055
AYACUCHO,Inversiones Sendezo,hardware,comercio,-13.158084,-74.217978,60,Pisco,6.257969869011292,False,False,109.98088232567369,341619.7743801205,276.63889960545225,862458.2611666252,447.61267749424434,1397913.0493454055
AYACUCHO,Santa Cruz,agrarian,comercio,-13.158402,-74.218602,60,Pisco,6.257969869011292,False,False,109.98088232567369,341619.7743801205,276.63889960545225,862458.2611666252,447.61267749424434,1397913.0493454055
AYACUCHO,Huascar,agrarian,comercio,-13.158438,-74.218724,60,Pisco,6.257969869011292,False,False,109.98088232567369,341619.7743801205,276.63889960545225,862458.2611666252,447.61267749424434,1397913.0493454055
AYACUCHO,Happy Pets,pet,comercio,-13.158666,-74.223461,61,Pisco,6.257969869011292,False,False,109.98088232567369,341619.7743801205,276.63889960545225,862458.2611666252,448.83138790886306,1401698.5761394526
AYACUCHO,Clinica Veterinaria Animalvet,veterinary,comercio,-13.158991,-74.223647,61,Pisco,6.257969869011292,False,False,109.98088232567369,341619.7743801205,276.63889960545225,862458.2611666252,448.83138790886306,1401698.5761394526
AYACUCHO,Gilcar,hardware,comercio,-13.15857,-74.219564,60,Pisco,6.257969869011292,False,False,109.98088232567369,341619.7743801205,276.63889960545225,862458.2611666252,447.61267749424434,1397913.0493454055
AYACUCHO,Ferremax,hardware,comercio,-13.158614,-74.219368,60,Pisco,6.257969869011292,False,False,109.98088232567369,341619.7743801205,276.63889960545225,862458.2611666252,447.61267749424434,1397913.0493454055
AYACUCHO,Vilma,hardware,comercio,-13.158628,-74.219303,60,Pisco,6.257969869011292,False,False,109.98088232567369,341619.7743801205,276.63889960545225,862458.2611666252,447.61267749424434,1397913.0493454055
AYACUCHO,Piero Import,trade,comercio,-13.1588,-74.218372,60,Pisco,6.257969869011292,False,False,109.98088232567369,341619.7743801205,276.63889960545225,862458.2611666252,447.61267749424434,1397913.0493454055
AYACUCHO,Mundo Accesorios Loryz,hardware,comercio,-13.158847,-74.218149,60,Pisco,6.257969869011292,False,False,109.98088232567369,341619.7743801205,276.63889960545225,862458.2611666252,447.61267749424434,1397913.0493454055
AYACUCHO,San Cristobal Del Peru,hardware,comercio,-13.156125,-74.217555,59,Pisco,6.257969869011292,False,False,109.0487352955389,338724.36336513347,276.63889960545225,862458.2611666252,437.1195645902499,1365319.6132226358
AYACUCHO,Ferreteria Aguilar,hardware,comercio,-12.933806,-74.251733,24,Tarma,6.631550095397668,False,False,85.47050927119658,265486.28703412536,132.3129009993703,416524.54971169133,190.5405318065133,613797.8785587782
AYACUCHO,Articulos de Ferreteria,hardware,comercio,-13.157128,-74.219184,60,Pisco,6.257969869011292,False,False,109.98088232567369,341619.7743801205,276.63889960545225,862458.2611666252,447.61267749424434,1397913.0493454055
AYACUCHO,Omer,hardware,comercio,-13.155052,-74.218346,59,Pisco,6.257969869011292,False,False,109.0487352955389,338724.36336513347,276.63889960545225,862458.2611666252,437.1195645902499,1365319.6132226358
AYACUCHO,Ferreteria Maquinarias,hardware,comercio,-13.153313,-74.216181,59,Pisco,6.257969869011292,False,False,109.0487352955389,338724.36336513347,276.63889960545225,862458.2611666252,437.1195645902499,1365319.6132226358
AYACUCHO,Hiltom,hardware,comercio,-13.151935,-74.214244,56,Pisco,6.257969869011292,False,False,100.44079544331282,311986.60305614327,249.00471497261472,776621.6710264058,412.6585084763178,1289339.312882835
AYACUCHO,Ferreteria Jurr,hardware,comercio,-13.151106,-74.213007,56,Pisco,6.257969869011292,False,False,100.44079544331282,311986.60305614327,249.00471497261472,776621.6710264058,412.6585084763178,1289339.312882835
AYACUCHO,Medina,pet,comercio,-13.149448,-74.228585,51,Pisco,6.257969869011292,False,False,82.51856208764617,256317.02498146854,194.0483013881571,605917.4794209126,354.97504650987986,1108124.5440300736
AYACUCHO,Multiventas A&V,hardware,comercio,-13.158216,-74.218606,60,Pisco,6.257969869011292,False,False,109.98088232567369,341619.7743801205,276.63889960545225,862458.2611666252,447.61267749424434,1397913.0493454055
AYACUCHO,Vilma,hardware,comercio,-13.154501,-74.21803,59,Pisco,6.257969869011292,False,False,109.0487352955389,338724.36336513347,276.63889960545225,862458.2611666252,437.1195645902499,1365319.6132226358
AYACUCHO,Vidanimal,veterinary,comercio,-13.146853,-74.227873,52,Pisco,6.257969869011292,False,False,82.51856208764617,256317.02498146854,194.0483013881571,605917.4794209126,363.7231870245256,1135297.7920133844
AYACUCHO,Amílcar,hardware,comercio,-13.150847,-74.214284,56,Pisco,6.257969869011292,False,False,100.44079544331282,311986.60305614327,249.00471497261472,776621.6710264058,412.6585084763178,1289339.312882835
AYACUCHO,Corporación,hardware,comercio,-13.150394,-74.214613,56,Pisco,6.257969869011292,False,False,100.44079544331282,311986.60305614327,249.00471497261472,776621.6710264058,412.6585084763178,1289339.312882835
AYACUCHO,Danfer,hardware,comercio,-13.148135,-74.227115,57,Pisco,6.257969869011292,False,False,82.51856208764617,256317.02498146854,225.432931478216,703403.6063154102,418.30102395501314,1306865.9486399505
AYACUCHO,Mantilla,hardware,comercio,-13.154638,-74.231809,50,Pisco,6.257969869011292,False,False,63.5988017420205,197548.95435025296,157.27900124554333,491705.6295683277,339.6584553064089,1060548.5442694237
AYACUCHO,El Pacifico,hardware,comercio,-13.156581,-74.222816,56,Pisco,6.257969869011292,False,False,100.44079544331282,311986.60305614327,232.14318706232137,724246.828793722,411.84004923589885,1286797.0359421636
AYACUCHO,Ferretería Rotivica,hardware,comercio,-13.150298,-74.228399,51,Pisco,6.257969869011292,False,False,82.51856208764617,256317.02498146854,194.0483013881571,605917.4794209126,354.97504650987986,1108124.5440300736
AYACUCHO,Palomino,hardware,comercio,-13.145963,-74.231374,51,Pisco,6.257969869011292,False,False,82.51856208764617,256317.02498146854,194.0483013881571,605917.4794209126,354.97504650987986,1108124.5440300736
AYACUCHO,Ferrosa,hardware,comercio,-13.154119,-74.221586,58,Pisco,6.257969869011292,False,False,100.44079544331282,311986.60305614327,264.0206824288667,823263.881072638,422.55160734975567,1320069.0009304017
AYACUCHO,Servyagro,agrarian,comercio,-13.164129,-74.222774,60,Pisco,6.257969869011292,False,False,79.74274955539691,247694.86783073304,279.37290912134443,870950.5708682919,455.43287578187466,1422203.9471645118
AYACUCHO,Resistem,agrarian,comercio,-13.164143,-74.222661,60,Pisco,6.257969869011292,False,False,79.74274955539691,247694.86783073304,279.37290912134443,870950.5708682919,455.43287578187466,1422203.9471645118
AYACUCHO,Resistem,hardware,comercio,-13.164143,-74.222628,60,Pisco,6.257969869011292,False,False,79.74274955539691,247694.86783073304,279.37290912134443,870950.5708682919,455.43287578187466,1422203.9471645118
AYACUCHO,Ferreteria Femac,hardware,comercio,-13.16415,-74.222161,60,Pisco,6.257969869011292,False,False,79.74274955539691,247694.86783073304,279.37290912134443,870950.5708682919,455.43287578187466,1422203.9471645118
AYACUCHO,Manantíal,agrarian,comercio,-13.164163,-74.221921,60,Pisco,6.257969869011292,False,False,79.74274955539691,247694.86783073304,279.37290912134443,870950.5708682919,455.43287578187466,1422203.9471645118
AYACUCHO,Agropecuaria San Miguel,agrarian,comercio,-13.164215,-74.221379,60,Pisco,6.257969869011292,False,False,79.74274955539691,247694.86783073304,279.37290912134443,870950.5708682919,455.43287578187466,1422203.9471645118
AYACUCHO,Gropec Ayacucho,veterinary,comercio,-13.164197,-74.221559,60,Pisco,6.257969869011292,False,False,79.74274955539691,247694.86783073304,279.37290912134443,870950.5708682919,455.43287578187466,1422203.9471645118
AYACUCHO,Asroandina,agrarian,comercio,-13.164187,-74.221636,60,Pisco,6.257969869011292,False,False,79.74274955539691,247694.86783073304,279.37290912134443,870950.5708682919,455.43287578187466,1422203.9471645118
AYACUCHO,Menusaa,agrarian,comercio,-13.164187,-74.221676,60,Pisco,6.257969869011292,False,False,79.74274955539691,247694.86783073304,279.37290912134443,870950.5708682919,455.43287578187466,1422203.9471645118
AYACUCHO,La Mar,agrarian,comercio,-13.164272,-74.221061,60,Pisco,6.257969869011292,False,False,79.74274955539691,247694.86783073304,279.37290912134443,870950.5708682919,455.43287578187466,1422203.9471645118
AYACUCHO,Agrovet Ayala,agrarian,comercio,-13.164255,-74.220977,60,Pisco,6.257969869011292,False,False,79.74274955539691,247694.86783073304,279.37290912134443,870950.5708682919,455.43287578187466,1422203.9471645118
AYACUCHO,Sierra Perú,agrarian,comercio,-13.164293,-74.220425,60,Pisco,6.257969869011292,False,False,79.74274955539691,247694.86783073304,279.37290912134443,870950.5708682919,455.43287578187466,1422203.9471645118
AYACUCHO,Hercofer,hardware,comercio,-13.163905,-74.223018,60,Pisco,6.257969869011292,False,False,79.74274955539691,247694.86783073304,255.36583575365566,796380.4200023322,455.43287578187466,1422203.9471645118
AYACUCHO,Victoria,veterinary,comercio,-13.163908,-74.222979,60,Pisco,6.257969869011292,False,False,79.74274955539691,247694.86783073304,255.36583575365566,796380.4200023322,455.43287578187466,1422203.9471645118
AYACUCHO,Maza,hardware,comercio,-13.163973,-74.222242,60,Pisco,6.257969869011292,False,False,79.74274955539691,247694.86783073304,279.37290912134443,870950.5708682919,455.43287578187466,1422203.9471645118
AYACUCHO,San Isidro,hardware,comercio,-13.163998,-74.221975,60,Pisco,6.257969869011292,False,False,79.74274955539691,247694.86783073304,279.37290912134443,870950.5708682919,455.43287578187466,1422203.9471645118
AYACUCHO,Sebas,agrarian,comercio,-13.164016,-74.221745,60,Pisco,6.257969869011292,False,False,79.74274955539691,247694.86783073304,279.37290912134443,870950.5708682919,455.43287578187466,1422203.9471645118
AYACUCHO,Agroveterinaria San Jacinto,agrarian,comercio,-13.164037,-74.221516,60,Pisco,6.257969869011292,False,False,79.74274955539691,247694.86783073304,279.37290912134443,870950.5708682919,455.43287578187466,1422203.9471645118
AYACUCHO,Señor de Quinuapata,pet,comercio,-13.164054,-74.221381,60,Pisco,6.257969869011292,False,False,79.74274955539691,247694.86783073304,279.37290912134443,870950.5708682919,455.43287578187466,1422203.9471645118
AYACUCHO,La Esperanza,veterinary,comercio,-13.164065,-74.221276,60,Pisco,6.257969869011292,False,False,79.74274955539691,247694.86783073304,279.37290912134443,870950.5708682919,455.43287578187466,1422203.9471645118
AYACUCHO,Agro ECS,agrarian,comercio,-13.164072,-74.221183,60,Pisco,6.257969869011292,False,False,79.74274955539691,247694.86783073304,279.37290912134443,870950.5708682919,455.43287578187466,1422203.9471645118
AYACUCHO,Corporación Agricola Garcia,agrarian,comercio,-13.164097,-74.220932,60,Pisco,6.257969869011292,False,False,79.74274955539691,247694.86783073304,279.37290912134443,870950.5708682919,455.43287578187466,1422203.9471645118
AYACUCHO,Top Agroveterinaria,agrarian,comercio,-13.164241,-74.219459,60,Pisco,6.257969869011292,False,False,79.74274955539691,247694.86783073304,279.37290912134443,870950.5708682919,455.43287578187466,1422203.9471645118
AYACUCHO,Pavco,agrarian,comercio,-13.164315,-74.218552,63,Pisco,6.257969869011292,False,False,91.53674764331532,284329.0798922753,279.37290912134443,870950.5708682919,509.57640518271114,1590383.17892668
AYACUCHO,Señor de Amancaes,hardware,comercio,-13.16297,-74.215476,62,Pisco,6.257969869011292,False,False,91.53674764331532,284329.0798922753,284.64132823228186,887315.1981558675,470.1765318411515,1468000.310586962
AYACUCHO,Rex,trade,comercio,-13.162922,-74.215404,62,Pisco,6.257969869011292,False,False,91.53674764331532,284329.0798922753,284.64132823228186,887315.1981558675,470.1765318411515,1468000.310586962
AYACUCHO,Calamino Triplano,hardware,comercio,-13.161929,-74.214542,62,Pisco,6.257969869011292,False,False,91.53674764331532,284329.0798922753,284.64132823228186,887315.1981558675,470.1765318411515,1468000.310586962
AYACUCHO,Lark,hardware,comercio,-13.161766,-74.214276,62,Pisco,6.257969869011292,False,False,91.53674764331532,284329.0798922753,284.64132823228186,887315.1981558675,470.1765318411515,1468000.310586962
AYACUCHO,Arce,hardware,comercio,-13.160777,-74.211749,62,Pisco,6.257969869011292,False,False,91.53674764331532,284329.0798922753,284.64132823228186,887315.1981558675,470.1765318411515,1468000.310586962
AYACUCHO,Qori Inti,veterinary,comercio,-13.159607,-74.209493,62,Pisco,6.257969869011292,False,False,91.53674764331532,284329.0798922753,284.64132823228186,887315.1981558675,470.1765318411515,1468000.310586962
AYACUCHO,Ferreteria Señor de Huanca,hardware,comercio,-15.018295,-73.784138,12,Pisco,8.240588829068038,False,False,42.74598477215653,132776.47318993474,87.63093263341402,272196.9382487681,175.00780889523853,543604.7331618313
AYACUCHO,El ecónomico copia de llaves,hardware,comercio,-13.162767,-74.228498,58,Pisco,6.257969869011292,False,False,96.02991855963595,298285.65127292206,250.71583778983737,781936.7164997208,419.1549119048131,1309518.2733220963
AYACUCHO,Luminarias Alfredo,hardware,comercio,-13.162289,-74.228006,59,Pisco,6.257969869011292,False,False,100.44079544331282,311986.60305614327,271.3704804945148,846093.6338790497,433.72286914530736,1354768.8856143306
AYACUCHO,Chimpapampa,garden_centre,comercio,-13.854843,-73.950722,10,Pisco,7.712003332926756,False,False,34.25554628158602,106403.69257386305,38.13309865596463,118448.04554931738,50.99917007586777,158412.3040884562
AYACUCHO,Ferretodo,hardware,comercio,-13.161525,-74.22781,59,Pisco,6.257969869011292,False,False,100.44079544331282,311986.60305614327,271.3704804945148,846093.6338790497,433.72286914530736,1354768.8856143306
AYACUCHO,Simón Bolívar,veterinary,comercio,-13.144776,-74.226314,57,Pisco,6.257969869011292,False,False,82.51856208764617,256317.02498146854,212.05262510863795,661842.0444652641,418.30102395501314,1306865.9486399505
AYACUCHO,Genio,hardware,comercio,-13.156302,-74.224127,56,Pisco,6.257969869011292,False,False,100.44079544331282,311986.60305614327,232.14318706232137,724246.828793722,411.84004923589885,1286797.0359421636
AYACUCHO,Lujan Trading,hardware,comercio,-13.156643,-74.221494,58,Pisco,6.257969869011292,False,False,100.44079544331282,311986.60305614327,264.0206824288667,823263.881072638,422.55160734975567,1320069.0009304017
AYACUCHO,Centro del Peru,doityourself,comercio,-13.151779,-74.218069,59,Pisco,6.257969869011292,False,False,100.44079544331282,311986.60305614327,273.4534594304947,852563.7292183546,437.1195645902499,1365319.6132226358
AYACUCHO,GrupoMark,doityourself,comercio,-13.136509,-74.229567,52,Pisco,6.257969869011292,False,False,82.51856208764617,256317.02498146854,188.70442054667103,589318.4548561082,363.7231870245256,1135297.7920133844
AYACUCHO,Ferretera Bellota,hardware,comercio,-13.156251,-74.219362,59,Pisco,6.257969869011292,False,False,109.0487352955389,338724.36336513347,276.63889960545225,862458.2611666252,437.1195645902499,1365319.6132226358
AYACUCHO,Amazon Luren,yes,comercio,-13.147907,-74.228597,52,Pisco,6.257969869011292,False,False,82.51856208764617,256317.02498146854,194.0483013881571,605917.4794209126,363.7231870245256,1135297.7920133844
AYACUCHO,Peludos en Apuros,yes,comercio,-13.148245,-74.227826,57,Pisco,6.257969869011292,False,False,82.51856208764617,256317.02498146854,212.05262510863795,661842.0444652641,418.30102395501314,1306865.9486399505
CAJAMARCA,La Hacienda,hamlet,pueblo,-5.402135,-78.5316,0,Chiclayo,,False,False,0.0,0.0,0.0,0.0,0.0,0.0
CAJAMARCA,Sodimac,doityourself,comercio,-7.151483,-78.505599,27,Huamachuco,2.974150965951349,True,True,414.68759196623347,759744.1290010394,551.400468521975,1010214.1390382003,781.9544273463061,1432609.2625677122
CAJAMARCA,Promart,doityourself,comercio,-7.154175,-78.504609,27,Huamachuco,2.974150965951349,True,False,414.68759196623347,759744.1290010394,551.400468521975,1010214.1390382003,781.9544273463061,1432609.2625677122
CAJAMARCA,El Dorado,hardware,comercio,-7.158062,-78.514956,27,Huamachuco,2.974150965951349,True,False,356.72867062698066,653558.2891934286,457.0490751262389,837354.0906929031,781.9544273463061,1432609.2625677122
CAJAMARCA,Ferretería Mejía,hardware,comercio,-7.159527,-78.506577,27,Huamachuco,2.974150965951349,True,False,414.68759196623347,759744.1290010394,551.400468521975,1010214.1390382003,781.9544273463061,1432609.2625677122
CAJAMARCA,Ferretería Mejía,hardware,comercio,-7.167857,-78.507417,27,Huamachuco,2.974150965951349,True,False,346.6130403910672,635025.5652060988,551.400468521975,1010214.1390382003,770.5621141797253,1411737.5432017858
CAJAMARCA,Vetcan,veterinary,comercio,-7.158627,-78.51386,27,Huamachuco,2.974150965951349,True,False,356.72867062698066,653558.2891934286,466.4840269840225,854639.7520443095,781.9544273463061,1432609.2625677122
CAJAMARCA,Dr. Valdivia,veterinary,comercio,-7.150507,-78.512569,28,Huamachuco,2.974150965951349,True,False,356.72867062698066,653558.2891934286,466.4840269840225,854639.7520443095,792.6925964282851,1452282.5324564294
CAJAMARCA,Ferretería Marrufo,hardware,comercio,-6.678761,-78.518578,26,Huamachuco,5.542075257930722,False,False,314.28241564767524,575793.0180752268,479.1868809863424,877912.4974478078,644.183997986518,1180201.722810471
CAJAMARCA,Maestro,doityourself,comercio,-7.161401,-78.50319,27,Huamachuco,2.974150965951349,True,False,418.5176311197288,766761.0974782374,551.400468521975,1010214.1390382003,781.9544273463061,1432609.2625677122
CAJAMARCA,CFC CENTRO FERRETERO SAC,hardware,comercio,-7.152834,-78.510699,27,Huamachuco,2.974150965951349,True,False,356.72867062698066,653558.2891934286,466.4840269840225,854639.7520443095,781.9544273463061,1432609.2625677122
CAJAMARCA,Celis,hardware,comercio,-7.151789,-78.510088,27,Huamachuco,2.974150965951349,True,False,356.72867062698066,653558.2891934286,466.4840269840225,854639.7520443095,781.9544273463061,1432609.2625677122
CALLAO,Ferretería 998,hardware,comercio,-12.039906,-77.088952,63,Pisco,3.0485938718071464,True,False,34.25498436042109,167292.08937893796,104.58001899138137,510740.5596883516,243.36518153663133,1188529.7997213013
CALLAO,Patitas,veterinary,comercio,-12.040253,-77.09365,63,Pisco,3.0485938718071464,True,False,34.25498436042109,167292.08937893796,104.58001899138137,510740.5596883516,243.36518153663133,1188529.7997213013
CALLAO,Sodimac,doityourself,comercio,-12.055908,-77.103756,63,Pisco,3.0485938718071464,True,False,25.54097436466218,124735.21871389647,77.84541480774708,380175.97540651844,243.36518153663133,1188529.7997213013
CALLAO,Canis,veterinary,comercio,-12.040442,-77.094133,63,Pisco,3.0485938718071464,True,False,34.25498436042109,167292.08937893796,104.58001899138137,510740.5596883516,243.36518153663133,1188529.7997213013
CALLAO,El Constructor,hardware,comercio,-12.038816,-77.08617,63,Pisco,3.0485938718071464,True,False,34.25498436042109,167292.08937893796,104.58001899138137,510740.5596883516,243.36518153663133,1188529.7997213013
CALLAO,Etna Ferreterías,hardware,comercio,-12.045872,-77.126604,60,Pisco,3.0485938718071464,True,False,13.404634881865904,65464.615401785384,77.84541480774708,380175.97540651844,205.67147407034267,1004443.9156897843
CALLAO,Ferretería Maderas Triplay,hardware,comercio,-12.054874,-77.122307,60,Pisco,3.0485938718071464,True,False,11.891284191114963,58073.81947103891,75.30917507531632,367789.66573724715,204.87747393433776,1000566.2335305449
CALLAO,Veterinaria Faucett,veterinary,comercio,-12.057377,-77.097856,63,Pisco,3.0485938718071464,True,False,33.52064992903077,163705.79840190502,94.05518569971515,459340.11725340434,243.36518153663133,1188529.7997213013
CALLAO,Ferretería Olenka,hardware,comercio,-12.068244,-77.104287,62,Pisco,3.0485938718071464,True,False,13.404634881865904,65464.615401785384,77.84541480774708,380175.97540651844,216.09428301783421,1055346.0987904137
CALLAO,Ferretería Osifer,hardware,comercio,-12.044941,-77.126704,61,Pisco,3.0485938718071464,True,False,18.344264227110447,89588.43064656093,70.26072306536074,343134.38999727054,222.3209682640412,1085755.5473478197
CALLAO,Ferretería y Matizados los Andes,hardware,comercio,-12.05277,-77.095371,63,Pisco,3.0485938718071464,True,False,33.52064992903077,163705.79840190502,94.05518569971515,459340.11725340434,243.36518153663133,1188529.7997213013
CALLAO,Ferretería Rony,hardware,comercio,-12.05279,-77.09545,63,Pisco,3.0485938718071464,True,False,33.52064992903077,163705.79840190502,94.05518569971515,459340.11725340434,243.36518153663133,1188529.7997213013
CALLAO,Mitutoyo,hardware,comercio,-12.051121,-77.098084,63,Pisco,3.0485938718071464,True,False,34.25498436042109,167292.08937893796,94.18831155017651,459990.26794212445,243.36518153663133,1188529.7997213013
CALLAO,Baterias Record,hardware,comercio,-12.049887,-77.098101,63,Pisco,3.0485938718071464,True,False,34.25498436042109,167292.08937893796,94.18831155017651,459990.26794212445,243.36518153663133,1188529.7997213013
CALLAO,Ferretería Dorita,hardware,comercio,-11.877749,-77.131936,62,Pisco,3.341094771641284,True,False,39.90163937359644,194868.8269776745,80.53638339098327,393317.9389819802,400.9840709564591,1958297.873739089
CALLAO,Ferretería Naval D'Salas,hardware,comercio,-12.055312,-77.142131,59,Pisco,3.0485938718071464,True,False,7.2883920284623605,35594.53765400217,67.72448333292998,330748.0803279993,195.60039327331035,955259.4778540367
CALLAO,Ferretería Naval Diego EIRL,hardware,comercio,-12.055441,-77.142264,59,Pisco,3.0485938718071464,True,False,7.2883920284623605,35594.53765400217,67.72448333292998,330748.0803279993,195.60039327331035,955259.4778540367
CALLAO,Ferretería Naval Carga y Maniobra,hardware,comercio,-12.055482,-77.142296,59,Pisco,3.0485938718071464,True,False,7.2883920284623605,35594.53765400217,67.72448333292998,330748.0803279993,195.60039327331035,955259.4778540367
CALLAO,Jt Maderas,trade,comercio,-11.846923,-77.133661,61,Pisco,3.341094771641284,True,False,59.572625726015985,290936.61006045114,99.10466289235052,484000.3997086282,398.44783122402845,1945911.5640698175
CALLAO,Veterinaría Mundo Animal,veterinary,comercio,-11.838094,-77.138656,60,Pisco,3.341094771641284,True,False,59.572625726015985,290936.61006045114,166.0911840698854,811144.4722356119,455.80362128772225,2226021.747650036
CALLAO,Cemento Nacional,hardware,comercio,-11.834909,-77.141569,60,Pisco,3.341094771641284,True,False,59.572625726015985,290936.61006045114,218.4288320487906,1066747.4055619186,455.80362128772225,2226021.747650036
CALLAO,Sarita Ferretería,hardware,comercio,-11.832484,-77.144179,59,,,False,False,59.572625726015985,290936.61006045114,88.6773044933582,433075.998315937,393.43206287103345,1921415.906480705
CALLAO,Veterinaría San Bernardo,veterinary,comercio,-11.832493,-77.144119,59,,,False,False,59.572625726015985,290936.61006045114,88.6773044933582,433075.998315937,393.43206287103345,1921415.906480705
CALLAO,Ferretería Chincha,hardware,comercio,-11.877618,-77.130592,62,Pisco,3.341094771641284,True,False,39.90163937359644,194868.8269776745,80.95054712022342,395340.60274619446,400.9840709564591,1958297.873739089
CALLAO,Veterinaria Car-val,veterinary,comercio,-12.056825,-77.105384,63,Pisco,3.0485938718071464,True,False,18.344264227110443,89588.43064656093,77.84541480774708,380175.97540651844,243.36518153663133,1188529.7997213013
CALLAO,La Perro Manial,veterinary,comercio,-12.056884,-77.105687,63,Pisco,3.0485938718071464,True,False,18.344264227110443,89588.43064656093,77.84541480774708,380175.97540651844,243.36518153663133,1188529.7997213013
CALLAO,Veterinaria Vargas,veterinary,comercio,-12.063772,-77.126849,60,Pisco,3.0485938718071464,True,False,7.2883920284623605,35594.53765400217,74.63928945507944,364518.12534256483,204.87747393433776,1000566.2335305449
CALLAO,Charlipet,pet,comercio,-12.060315,-77.137667,60,Pisco,3.0485938718071464,True,False,7.2883920284623605,35594.53765400217,75.30917507531632,367789.66573724715,204.87747393433776,1000566.2335305449
CALLAO,Vallejo Soldaduras,hardware,comercio,-12.039841,-77.091636,63,Pisco,3.0485938718071464,True,False,34.25498436042109,167292.08937893796,104.58001899138137,510740.5596883516,243.36518153663133,1188529.7997213013
CALLAO,Ferretería 72,hardware,comercio,-12.012355,-77.100407,63,Pisco,3.0485938718071464,True,False,33.52064992903077,163705.79840190502,81.60887628401117,398555.7045296417,243.36518153663133,1188529.7997213013
CALLAO,Clinica de Mascotas,veterinary,comercio,-12.014915,-77.099543,63,Pisco,3.0485938718071464,True,False,33.52064992903077,163705.79840190502,81.60887628401117,398555.7045296417,243.36518153663133,1188529.7997213013
CALLAO,Mi Hermano Menor,veterinary,comercio,-12.007458,-77.103233,63,Pisco,3.0485938718071464,True,False,33.52064992903077,163705.79840190502,81.60887628401117,398555.7045296417,243.36518153663133,1188529.7997213013
CALLAO,Ferretería San Miguel,hardware,comercio,-12.027936,-77.096929,63,Pisco,3.0485938718071464,True,False,34.25498436042109,167292.08937893796,96.99532724899503,473698.97427910374,243.36518153663133,1188529.7997213013
CALLAO,Inu Pets,veterinary,comercio,-12.021708,-77.09998,63,Pisco,3.0485938718071464,True,False,34.25498436042109,167292.08937893796,81.60887628401117,398555.7045296417,243.36518153663133,1188529.7997213013
CALLAO,Ferreteria Repuestos Renzo,hardware,comercio,-12.001643,-77.116622,62,Pisco,3.0485938718071464,True,False,33.52064992903077,163705.79840190502,81.60887628401117,398555.7045296417,230.33351455727953,1124886.6587953577
CALLAO,Veterinaria mi Hermano Menor,veterinary,comercio,-12.016133,-77.093637,63,Pisco,3.0485938718071464,True,False,34.25498436042109,167292.08937893796,96.99532724899503,473698.97427910374,243.36518153663133,1188529.7997213013
CALLAO,Ferretería Promilsa,hardware,comercio,-12.008112,-77.098504,64,Pisco,3.0485938718071464,True,False,33.52064992903077,163705.79840190502,114.55658375994815,559463.4067752776,256.26008941200547,1251505.0461299012
CALLAO,Central Vet,veterinary,comercio,-12.007614,-77.098772,64,Pisco,3.0485938718071464,True,False,33.52064992903077,163705.79840190502,114.55658375994815,559463.4067752776,256.26008941200547,1251505.0461299012
CALLAO,Ferretería Torres,hardware,comercio,-11.998977,-77.102963,64,Pisco,3.0485938718071464,True,False,33.52064992903077,163705.79840190502,114.55658375994815,559463.4067752776,256.26008941200547,1251505.0461299012
CALLAO,Promilsa,hardware,comercio,-12.007728,-77.098165,64,Pisco,3.0485938718071464,True,False,33.52064992903077,163705.79840190502,114.55658375994815,559463.4067752776,256.26008941200547,1251505.0461299012
CALLAO,Ferretería Vasquez,hardware,comercio,-12.004424,-77.099775,64,Pisco,3.0485938718071464,True,False,33.52064992903077,163705.79840190502,114.55658375994815,559463.4067752776,256.26008941200547,1251505.0461299012
CALLAO,Ferretería Vicky Mix,hardware,comercio,-12.018507,-77.097764,63,Pisco,3.0485938718071464,True,False,33.52064992903077,163705.79840190502,81.60887628401117,398555.7045296417,243.36518153663133,1188529.7997213013
CALLAO,Lassy,veterinary,comercio,-12.026557,-77.094292,63,Pisco,3.0485938718071464,True,False,34.25498436042109,167292.08937893796,96.99532724899503,473698.97427910374,243.36518153663133,1188529.7997213013
CALLAO,Punto Can,pet,comercio,-12.015787,-77.091431,64,Pisco,3.0485938718071464,True,False,34.25498436042109,167292.08937893796,116.66631360141457,569766.7573618804,256.26008941200547,1251505.0461299012
CALLAO,Ferretería 333,hardware,comercio,-12.038682,-77.088458,63,Pisco,3.0485938718071464,True,False,34.25498436042109,167292.08937893796,104.58001899138137,510740.5596883516,243.36518153663133,1188529.7997213013
CALLAO,Servet,veterinary,comercio,-12.03751,-77.084872,63,Pisco,3.0485938718071464,True,False,34.25498436042109,167292.08937893796,104.58001899138137,510740.5596883516,243.36518153663133,1188529.7997213013
CALLAO,Mascotas mimadas,veterinary,comercio,-12.038109,-77.088143,63,Pisco,3.0485938718071464,True,False,34.25498436042109,167292.08937893796,104.58001899138137,510740.5596883516,243.36518153663133,1188529.7997213013
CALLAO,Innova fer,hardware,comercio,-12.040379,-77.094795,63,Pisco,3.0485938718071464,True,False,34.25498436042109,167292.08937893796,104.58001899138137,510740.5596883516,243.36518153663133,1188529.7997213013
CALLAO,Guillén,hardware,comercio,-12.041547,-77.096457,63,Pisco,3.0485938718071464,True,False,34.25498436042109,167292.08937893796,104.58001899138137,510740.5596883516,243.36518153663133,1188529.7997213013
CALLAO,La luz,hardware,comercio,-12.041492,-77.096013,63,Pisco,3.0485938718071464,True,False,34.25498436042109,167292.08937893796,104.58001899138137,510740.5596883516,243.36518153663133,1188529.7997213013
CALLAO,Ferretería Forlam,hardware,comercio,-11.846152,-77.138542,59,Pisco,3.341094771641284,True,False,59.572625726015985,290936.61006045114,99.09520320971498,483954.2011742395,393.43206287103345,1921415.906480705
CALLAO,Patitas y Colitas,pet,comercio,-11.845751,-77.14746,59,Pisco,3.341094771641284,True,False,59.572625726015985,290936.61006045114,88.6773044933582,433075.998315937,393.43206287103345,1921415.906480705
CALLAO,Dominguez marquez,hardware,comercio,-12.04154,-77.125138,63,Pisco,3.0485938718071464,True,False,18.344264227110443,89588.43064656093,70.26072306536074,343134.38999727054,243.36518153663133,1188529.7997213013
CALLAO,Repuestos Ferreteria,hardware,comercio,-11.832588,-77.167368,53,,,False,False,47.10541076116304,230050.10028243376,72.4675336013901,353911.8564690511,369.942583904252,1806699.637063404
CALLAO,DOMINGUEZ VENTOCILLA,hardware,comercio,-12.024919,-77.101587,63,Pisco,3.0485938718071464,True,False,34.25498436042109,167292.08937893796,81.60887628401117,398555.7045296417,243.36518153663133,1188529.7997213013
CALLAO,Aceros Arequipa,hardware,comercio,-12.059835,-77.132945,60,Pisco,3.0485938718071464,True,False,7.2883920284623605,35594.53765400217,75.30917507531632,367789.66573724715,204.87747393433776,1000566.2335305449
CALLAO,Cable y estrobos Atarama,hardware,comercio,-12.05467,-77.141116,59,Pisco,3.0485938718071464,True,False,7.2883920284623605,35594.53765400217,67.72448333292998,330748.0803279993,195.60039327331035,955259.4778540367
CALLAO,LOPEZ MACCO,hardware,comercio,-12.041139,-77.095169,63,Pisco,3.0485938718071464,True,False,34.25498436042109,167292.08937893796,104.58001899138137,510740.5596883516,243.36518153663133,1188529.7997213013
CALLAO,FAJARDO LUNA,hardware,comercio,-12.041549,-77.092429,63,Pisco,3.0485938718071464,True,False,34.25498436042109,167292.08937893796,94.18831155017651,459990.26794212445,243.36518153663133,1188529.7997213013
CALLAO,Ramos echevarria,hardware,comercio,-12.042886,-77.11539,63,Pisco,3.0485938718071464,True,False,33.52064992903077,163705.79840190502,86.47049395732883,422298.53184415645,243.36518153663133,1188529.7997213013
CALLAO,Salgar,hardware,comercio,-12.04567,-77.10644,63,Pisco,3.0485938718071464,True,False,33.52064992903077,163705.79840190502,86.47049395732883,422298.53184415645,243.36518153663133,1188529.7997213013
CALLAO,Los olivos,hardware,comercio,-12.04308,-77.113696,63,Pisco,3.0485938718071464,True,False,33.52064992903077,163705.79840190502,86.47049395732883,422298.53184415645,243.36518153663133,1188529.7997213013
CALLAO,Surichaqui,hardware,comercio,-12.050809,-77.134158,59,Pisco,3.0485938718071464,True,False,11.891284191114963,58073.81947103891,75.30917507531632,367789.66573724715,195.60039327331035,955259.4778540367
CALLAO,Colon,hardware,comercio,-12.060477,-77.131999,60,Pisco,3.0485938718071464,True,False,11.891284191114963,58073.81947103891,75.30917507531632,367789.66573724715,204.87747393433776,1000566.2335305449
CALLAO,Chambilla,hardware,comercio,-12.063092,-77.106956,61,Pisco,3.0485938718071464,True,False,13.404634881865904,65464.615401785384,77.84541480774708,380175.97540651844,214.94855473137002,1049750.6713662925
CALLAO,INGA,hardware,comercio,-12.042645,-77.118599,63,Pisco,3.0485938718071464,True,False,25.54097436466218,124735.21871389647,86.47049395732883,422298.53184415645,243.36518153663133,1188529.7997213013
CALLAO,MONTENEGRO,hardware,comercio,-12.044035,-77.110528,63,Pisco,3.0485938718071464,True,False,25.54097436466218,124735.21871389647,70.26072306536074,343134.38999727054,243.36518153663133,1188529.7997213013
CALLAO,INGA ZEDANO,hardware,comercio,-12.044686,-77.107536,63,Pisco,3.0485938718071464,True,False,33.52064992903077,163705.79840190502,86.47049395732883,422298.53184415645,243.36518153663133,1188529.7997213013
CALLAO,CENTRO CERAMICO,hardware,comercio,-12.059959,-77.136375,60,Pisco,3.0485938718071464,True,False,7.2883920284623605,35594.53765400217,75.30917507531632,367789.66573724715,204.87747393433776,1000566.2335305449
CALLAO,FERMATCONS,hardware,comercio,-12.059819,-77.132844,60,Pisco,3.0485938718071464,True,False,11.891284191114963,58073.81947103891,75.30917507531632,367789.66573724715,204.87747393433776,1000566.2335305449
CALLAO,ROCHA RAMÍREZ,hardware,comercio,-12.053501,-77.113413,62,Pisco,3.0485938718071464,True,False,18.344264227110443,89588.43064656093,77.84541480774708,380175.97540651844,231.59804892506855,1131062.3030243278
CALLAO,LOGISMINSA,hardware,comercio,-11.946894,-77.103867,58,Pisco,3.0485938718071464,True,False,28.35249942679144,138465.94756304755,93.72785455100501,457741.5203540346,185.45069606533292,905691.098706038
CALLAO,Veterinaria Coquetos,veterinary,comercio,-12.068771,-77.125644,61,Pisco,3.0485938718071464,True,False,13.537447085534847,66113.23432430545,74.63928945507944,364518.12534256483,206.0232022208019,1006161.6609546661
CALLAO,Ferretería Tarma Javier,hardware,comercio,-11.827041,-77.161459,53,,,False,False,47.10541076116304,230050.10028243376,72.4675336013901,353911.8564690511,369.942583904252,1806699.637063404
CALLAO,Ferretería Jenifer,hardware,comercio,-11.837091,-77.16655,53,,,False,False,26.644075829824153,130122.46825872871,59.572625726015985,290936.6100604511,369.942583904252,1806699.637063404
CALLAO,Veterinaria San Martin,veterinary,comercio,-12.052806,-77.124707,61,Pisco,3.0485938718071464,True,False,12.875027500066635,62878.15602642867,75.30917507531632,367789.66573724715,214.94855473137002,1049750.6713662925
CALLAO,ferreteria,hardware,comercio,-12.069626,-77.12377,61,Pisco,3.0485938718071464,True,False,13.537447085534847,66113.23432430545,74.63928945507944,364518.12534256483,206.0232022208019,1006161.6609546661
CALLAO,"Clinicas Veterinarias ""Conceited Pet's""",veterinary,comercio,-12.06913,-77.124645,61,Pisco,3.0485938718071464,True,False,13.537447085534847,66113.23432430545,74.63928945507944,364518.12534256483,206.0232022208019,1006161.6609546661
CALLAO,Veterinaria Municipal,veterinary,comercio,-12.068378,-77.124603,61,Pisco,3.0485938718071464,True,False,13.537447085534847,66113.23432430545,74.63928945507944,364518.12534256483,206.0232022208019,1006161.6609546661
CALLAO,Ferreteria,hardware,comercio,-12.06655,-77.126747,60,Pisco,3.0485938718071464,True,False,7.2883920284623605,35594.53765400217,74.63928945507944,364518.12534256483,204.87747393433776,1000566.2335305449
CALLAO,ferreteria,hardware,comercio,-12.069496,-77.124113,61,Pisco,3.0485938718071464,True,False,13.537447085534847,66113.23432430545,74.63928945507944,364518.12534256483,206.0232022208019,1006161.6609546661
CALLAO,Sodimac,doityourself,comercio,-11.99886,-77.112719,62,Pisco,3.0485938718071464,True,False,33.405206276471624,163142.0027907627,101.27986263643072,494623.48761241836,230.33351455727953,1124886.6587953577
CALLAO,Veterinaria Master in Pets,yes,comercio,-12.062498,-77.099582,64,Pisco,3.0485938718071464,True,False,18.344264227110443,89588.43064656093,77.84541480774708,380175.97540651844,244.5109098230955,1194125.2271454223
CALLAO,Maderera Pucallpa,hardware,comercio,-12.049801,-77.107671,63,Pisco,3.0485938718071464,True,False,33.52064992903077,163705.79840190502,94.05518569971515,459340.11725340434,243.36518153663133,1188529.7997213013
CALLAO,Chavez Center Sac,trade,comercio,-12.056632,-77.111483,62,Pisco,3.0485938718071464,True,False,18.344264227110443,89588.43064656093,77.84541480774708,380175.97540651844,231.59804892506855,1131062.3030243278
CALLAO,Fesepsa S.A.,hardware,comercio,-12.050895,-77.097941,63,Pisco,3.0485938718071464,True,False,34.25498436042109,167292.08937893796,94.18831155017651,459990.26794212445,243.36518153663133,1188529.7997213013
CALLAO,Ferretería Colon,trade,comercio,-12.060362,-77.131999,60,Pisco,3.0485938718071464,True,False,7.2883920284623605,35594.53765400217,75.30917507531632,367789.66573724715,204.87747393433776,1000566.2335305449
CALLAO,Ferretería Callao,hardware,comercio,-12.051378,-77.134741,59,Pisco,3.0485938718071464,True,False,11.891284191114963,58073.81947103891,75.30917507531632,367789.66573724715,195.60039327331035,955259.4778540367
CALLAO,Relisac,trade,comercio,-11.878237,-77.132283,62,Pisco,3.341094771641284,True,False,39.90163937359644,194868.8269776745,80.53638339098327,393317.9389819802,400.9840709564591,1958297.873739089
CALLAO,Maderera Ronald,trade,comercio,-11.876691,-77.134708,61,Pisco,3.341094771641284,True,False,39.90163937359644,194868.8269776745,80.42093973842414,392754.1433708379,398.44783122402845,1945911.5640698175
CALLAO,Dimfort,trade,comercio,-11.877364,-77.13417,61,Pisco,3.341094771641284,True,False,39.90163937359644,194868.8269776745,80.42093973842414,392754.1433708379,398.44783122402845,1945911.5640698175
CALLAO,La Casa del Roble,trade,comercio,-11.836935,-77.140303,60,Pisco,3.341094771641284,True,False,59.572625726015985,290936.61006045114,166.06499279473348,811016.5611235364,455.80362128772225,2226021.747650036
CALLAO,Ferretería Ruiz,hardware,comercio,-11.833071,-77.143022,59,,,False,False,59.572625726015985,290936.61006045114,88.6773044933582,433075.998315937,393.43206287103345,1921415.906480705
CALLAO,Ferretería Hiroshima,trade,comercio,-11.837578,-77.139066,60,Pisco,3.341094771641284,True,False,59.572625726015985,290936.61006045114,166.06499279473348,811016.5611235364,455.80362128772225,2226021.747650036
CALLAO,Ferretería Melendez Asís,hardware,comercio,-11.836152,-77.140131,60,Pisco,3.341094771641284,True,False,59.572625726015985,290936.61006045114,166.06499279473348,811016.5611235364,455.80362128772225,2226021.747650036
CALLAO,Ferretería Gabriel,hardware,comercio,-11.83165,-77.147399,58,,,False,False,59.572625726015985,290936.61006045114,88.6773044933582,433075.998315937,393.42696020726686,1921390.9864493913
CALLAO,Ferretería Emanuel,hardware,comercio,-11.877545,-77.130146,62,Pisco,3.341094771641284,True,False,39.90163937359644,194868.8269776745,80.95054712022342,395340.60274619446,400.9840709564591,1958297.873739089
CALLAO,Maderera Ferretería Romero Lazo,trade,comercio,-11.877495,-77.129696,62,Pisco,3.341094771641284,True,False,39.90163937359644,194868.8269776745,80.95054712022342,395340.60274619446,400.9840709564591,1958297.873739089
CALLAO,Ferretería Paul,hardware,comercio,-11.87756,-77.130366,62,Pisco,3.341094771641284,True,False,39.90163937359644,194868.8269776745,80.95054712022342,395340.60274619446,400.9840709564591,1958297.873739089
CALLAO,Progresol,hardware,comercio,-11.868355,-77.114494,60,Pisco,3.341094771641284,True,False,39.90163937359644,194868.82697767453,86.2097550169764,421025.1533000282,363.4907019850759,1775190.3887937637
CALLAO,Ferreteria Wilmer,trade,comercio,-12.066654,-77.127325,60,Pisco,3.0485938718071464,True,False,7.2883920284623605,35594.53765400217,74.63928945507944,364518.12534256483,204.87747393433776,1000566.2335305449
CALLAO,Veterinaria Municipal,yes,comercio,-11.872454,-77.124225,61,Pisco,3.341094771641284,True,False,39.90163937359644,194868.8269776745,90.812647179629,443504.435117065,398.44783122402845,1945911.5640698175
CALLAO,Hipermercado Cerámico,trade,comercio,-11.868629,-77.127626,61,Pisco,3.341094771641284,True,False,59.572625726015985,290936.6100604511,103.70755505500313,506479.6815256649,398.44783122402845,1945911.5640698175
CALLAO,Clinica Veterinaria,yes,comercio,-12.059274,-77.132661,60,Pisco,3.0485938718071464,True,False,11.891284191114963,58073.81947103891,75.30917507531632,367789.66573724715,204.87747393433776,1000566.2335305449
CALLAO,Ferretería El Condor,hardware,comercio,-12.012202,-77.089643,64,Pisco,3.0485938718071464,True,False,34.25498436042109,167292.08937893796,114.6897096104095,560113.5574639977,256.26008941200547,1251505.0461299012
CALLAO,Ind. Maderera Miami,trade,comercio,-12.018552,-77.099318,63,Pisco,3.0485938718071464,True,False,33.52064992903077,163705.79840190502,81.60887628401117,398555.7045296417,243.36518153663133,1188529.7997213013
CALLAO,Ferretería Yadira,hardware,comercio,-11.846555,-77.147591,59,Pisco,3.341094771641284,True,False,59.572625726015985,290936.61006045114,88.6773044933582,433075.998315937,393.43206287103345,1921415.906480705
CALLAO,La Encantada,hardware,comercio,-11.982196,-77.117308,59,Pisco,3.0485938718071464,True,False,28.388150384578903,138640.05720951158,79.07263655158043,386169.39486037043,190.99585158295443,932772.1401893292
CALLAO,Maestro,doityourself,comercio,-11.862032,-77.127546,61,Pisco,3.341094771641284,True,False,59.572625726015985,290936.61006045114,99.10466289235052,484000.3997086282,398.44783122402845,1945911.5640698175
CALLAO,Ferretería Las Malvinas Pachacútec,hardware,comercio,-11.840776,-77.135728,59,Pisco,3.341094771641284,True,False,59.572625726015985,290936.61006045114,88.6773044933582,433075.998315937,393.43206287103345,1921415.906480705
CUSCO,Vivero de Pucyura,plant_nursery,comercio,-13.475444,-72.113055,21,Sicuani,2.85466213676564,True,False,77.3318049501062,163673.70417208024,92.75329324772085,196313.47140815473,681.2395232853958,1441851.7229292954
CUSCO,John Deere,agricultural_engines,comercio,-13.58225,-71.810472,87,Sicuani,1.972288544737404,True,False,527.035734304062,1115477.5311432797,1051.1438131892608,2224758.6440437166,2007.2109795701526,4248286.410657034
CUSCO,Pampa Chacra,neighbourhood,pueblo,-13.550808,-71.877431,85,Sicuani,2.806293669204864,True,False,447.31787731605004,946753.7188605284,937.4121071581766,1984044.1072508944,1993.3159148282487,4218877.337411095
CUSCO,Sodimac,doityourself,comercio,-13.542677,-71.899403,94,Sicuani,2.806293669204864,True,False,459.10471650706677,971700.7071290559,978.5311574229894,2071073.07642111,2317.94704865667,4905963.073966208
CUSCO,Ferretería Don Bosco,hardware,comercio,-13.527721,-71.946421,93,Sicuani,2.806293669204864,True,False,444.091960527391,939926.0268068981,1335.0579274566624,2825666.314294818,2201.169674405908,4658802.343404659
CUSCO,Veterinaria Anubis,veterinary,comercio,-13.53018,-71.948096,93,Sicuani,2.806293669204864,True,False,444.091960527391,939926.0268068981,1314.3695379730693,2781879.0867456985,2201.169674405908,4658802.343404659
CUSCO,Clínica Veterinaria Doggy,veterinary,comercio,-13.527529,-71.948504,94,Sicuani,2.806293669204864,True,False,444.091960527391,939926.0268068981,1314.3695379730693,2781879.0867456985,2260.2353472671102,4783815.557215543
CUSCO,Provemat,hardware,comercio,-13.527726,-71.946268,93,Sicuani,2.806293669204864,True,False,444.091960527391,939926.0268068981,1335.0579274566624,2825666.314294818,2201.169674405908,4658802.343404659
CUSCO,KusiWasi,veterinary,comercio,-13.526343,-71.948084,93,Sicuani,2.806293669204864,True,False,444.091960527391,939926.0268068981,1314.3695379730693,2781879.0867456985,2201.169674405908,4658802.343404659
CUSCO,Comercial Punto Azul,hardware,comercio,-13.524285,-71.970879,97,Sicuani,2.806293669204864,True,False,463.3872249028914,980764.6881488301,1291.2558957244328,2732958.78227093,2316.8619073294,4903666.359170801
CUSCO,Daylum EIRL,hardware,comercio,-13.524622,-71.965461,94,Sicuani,2.806293669204864,True,False,435.3346490402973,921391.0707095185,1291.2558957244328,2732958.78227093,2244.701287196289,4750937.530454584
CUSCO,Promart Homecenter,hardware,comercio,-13.52207,-71.950223,90,Sicuani,2.806293669204864,True,False,444.091960527391,939926.0268068981,1229.0129493137213,2601220.8304127213,2134.4798107139804,4517652.437124425
CUSCO,Pet Shop,veterinary,comercio,-13.526206,-71.952498,94,Sicuani,2.806293669204864,True,False,444.091960527391,939926.0268068981,1319.6261627725999,2793004.796962046,2260.2353472671102,4783815.557215543
CUSCO,Centro de eventos Casablanca,veterinary,comercio,-13.52861,-71.96858,98,Sicuani,2.806293669204864,True,False,463.3872249028914,980764.6881488301,1325.3344265923006,2805086.406648574,2341.3631191356726,4955523.471462757
CUSCO,Dr. Patitas,veterinary,comercio,-13.532575,-71.938187,95,Sicuani,2.806293669204864,True,False,458.71392709340034,970873.596589902,1335.0579274566624,2825666.314294818,2320.04833000351,4910410.461451432
CUSCO,Clinica Veterinaria Los Peques,veterinary,comercio,-13.520798,-71.970573,95,Sicuani,2.806293669204864,True,False,450.7561373379119,954030.8379455929,1291.2558957244328,2732958.78227093,2263.1103686489705,4789900.574879966
CUSCO,Promart,doityourself,comercio,-13.541748,-71.900415,94,Sicuani,2.806293669204864,True,False,459.10471650706677,971700.7071290559,978.5311574229894,2071073.07642111,2317.94704865667,4905963.073966208
CUSCO,Totty's,hardware,comercio,-14.186565,-71.343061,50,Sicuani,0.2990169330524693,True,False,535.6253043448206,1133657.460432704,928.8300950154099,1965880.1743443415,1588.030891307806,3361086.6639894955
CUSCO,Ferreteria de huyro,hardware,comercio,-13.006568,-72.554591,9,Sicuani,6.187193417195209,False,False,0.0,0.0,17.579866471593295,37208.0008492325,59.52778902976959,125991.28829286601
CUSCO,Agrovetarina Altiplano,veterinary,comercio,-13.317197,-71.596548,31,Sicuani,4.462880391245783,False,False,118.11478009404318,249991.3662681966,320.5208722482931,678386.3180122527,555.380800385945,1175470.207683255
CUSCO,Consutech Importaciones Perú S.A.C,hardware,comercio,-13.524362,-71.965621,94,Sicuani,2.806293669204864,True,False,435.3346490402973,921391.0707095185,1291.2558957244328,2732958.78227093,2244.701287196289,4750937.530454584
CUSCO,El Granjerito,agrarian,comercio,-13.542826,-71.887466,87,Sicuani,2.806293669204864,True,False,449.9374474277877,952298.0708099391,870.2665108120208,1841929.637274289,2149.051901909458,4548494.445080089
CUSCO,Import Export Torbellino,agrarian,comercio,-13.542843,-71.887402,87,Sicuani,2.806293669204864,True,False,449.9374474277877,952298.0708099391,870.2665108120208,1841929.637274289,2149.051901909458,4548494.445080089
CUSCO,Mik'Una Center,agrarian,comercio,-13.54286,-71.887334,87,Sicuani,2.806293669204864,True,False,449.9374474277877,952298.0708099391,870.2665108120208,1841929.637274289,2149.051901909458,4548494.445080089
CUSCO,Monterrico,agrarian,comercio,-13.542881,-71.887276,87,Sicuani,2.806293669204864,True,False,449.9374474277877,952298.0708099391,870.2665108120208,1841929.637274289,2149.051901909458,4548494.445080089
CUSCO,InkAve,agrarian,comercio,-13.542817,-71.887496,87,Sicuani,2.806293669204864,True,False,449.9374474277877,952298.0708099391,870.2665108120208,1841929.637274289,2149.051901909458,4548494.445080089
CUSCO,Nutricentro,agrarian,comercio,-13.542758,-71.887664,87,Sicuani,2.806293669204864,True,False,449.9374474277877,952298.0708099391,870.2665108120208,1841929.637274289,2149.051901909458,4548494.445080089
CUSCO,Cresta Roja,agrarian,comercio,-13.542356,-71.888099,87,Sicuani,2.806293669204864,True,False,449.9374474277877,952298.0708099391,870.2665108120208,1841929.637274289,2149.051901909458,4548494.445080089
CUSCO,Comercial Ferretera Solorio,hardware,comercio,-13.308102,-72.114359,69,Sicuani,2.739454037330924,True,False,836.2092694077761,1769847.072304909,1356.4450773644355,2870932.4767663553,1978.7861026210123,4188124.813447412
CUSCO,Agro Tocre,agrarian,comercio,-13.336646,-72.063629,68,Sicuani,2.739454037330924,True,False,575.5406730829834,1218138.8230361592,1109.211564286755,2347659.7443245295,1953.4716711295614,4134546.511817322
CUSCO,Agroservicios Paraccay,agrarian,comercio,-13.337516,-72.065142,68,Sicuani,2.739454037330924,True,False,575.5406730829834,1218138.8230361592,1109.211564286755,2347659.7443245295,1953.4716711295614,4134546.511817322
CUSCO,Multiservicios Alex,hardware,comercio,-13.322787,-72.08221,70,Sicuani,2.739454037330924,True,False,854.7229204223778,1809031.439477822,1251.9928544510092,2649858.0786674293,1987.8275448052054,4207261.135615237
CUSCO,Criadores Alimento para Gallos,agrarian,comercio,-13.32218,-72.083282,70,Sicuani,2.739454037330924,True,False,854.7229204223778,1809031.439477822,1251.9928544510092,2649858.0786674293,1987.8275448052054,4207261.135615237
CUSCO,Viveros Misme Urubamba,garden_centre,comercio,-13.327412,-72.076016,69,Sicuani,2.739454037330924,True,False,675.1317776603591,1428924.605151099,1244.1333245828928,2633223.288267855,1977.6917333878812,4185808.5676772003
CUSCO,Vivero Eterna Primavera Yucay,garden_centre,comercio,-13.327339,-72.075805,69,Sicuani,2.739454037330924,True,False,675.1317776603591,1428924.605151099,1244.1333245828928,2633223.288267855,1977.6917333878812,4185808.5676772003
CUSCO,Vivero Tu Semilla,garden_centre,comercio,-13.327838,-72.075501,69,Sicuani,2.739454037330924,True,False,675.1317776603591,1428924.605151099,1244.1333245828928,2633223.288267855,1977.6917333878812,4185808.5676772003
CUSCO,Virgen de Lourdes Materiales de Construcción,hardware,comercio,-13.312494,-72.110585,71,Sicuani,2.739454037330924,True,False,851.6307577053907,1802486.8395409833,1400.078871657243,2963283.932206897,2029.3409626257362,4295124.788505705
CUSCO,Ferreteria Benja,hardware,comercio,-13.307139,-72.115942,69,Sicuani,2.739454037330924,True,False,836.2092694077761,1769847.072304909,1356.4450773644355,2870932.4767663553,1978.7861026210123,4188124.813447412
CUSCO,Verito,hardware,comercio,-13.382651,-72.11743,77,Sicuani,2.739454037330924,True,False,983.6912394142381,2081994.4526114657,1583.807974987581,3352148.810321319,2065.567887507378,4371799.514900203
CUSCO,Agroveterinaria Andino,agrarian,comercio,-13.429852,-72.129865,87,Sicuani,2.85466213676564,True,False,990.1610020129187,2095687.7837101417,1787.2945305758244,3782830.576042862,2192.114864530478,4639637.728356017
CUSCO,Ferretería Ferroluz,hardware,comercio,-13.310612,-72.110331,70,Sicuani,2.739454037330924,True,False,851.6307577053907,1802486.8395409833,1400.078871657243,2963283.932206897,1999.0794840585613,4231076.001670726
CUSCO,Plantinera Tocre,garden_centre,comercio,-13.33886,-72.067409,68,Sicuani,2.739454037330924,True,False,575.5406730829834,1218138.8230361592,1109.211564286755,2347659.7443245295,1953.4716711295614,4134546.511817322
CUSCO,Ferretería Valle Sagrado,hardware,comercio,-13.304862,-72.118217,69,Sicuani,2.739454037330924,True,False,836.2092694077761,1769847.072304909,1383.38313540937,2927947.203711648,1978.7861026210123,4188124.813447412
CUSCO,Ferretería Gallegos,hardware,comercio,-13.304658,-72.118829,68,Sicuani,2.739454037330924,True,False,836.2092694077761,1769847.072304909,1403.3142279134227,2970131.6030081534,1962.496512721451,4153647.6986299646
CUSCO,Agroveterinaria Líder Andino,agrarian,comercio,-13.304605,-72.118718,68,Sicuani,2.739454037330924,True,False,836.2092694077761,1769847.072304909,1403.3142279134227,2970131.6030081534,1962.496512721451,4153647.6986299646
CUSCO,Mercantil Urubamba,hardware,comercio,-13.304634,-72.118628,68,Sicuani,2.739454037330924,True,False,836.2092694077761,1769847.072304909,1403.3142279134227,2970131.6030081534,1962.496512721451,4153647.6986299646
CUSCO,Ferretería Multiservicios Yanaccocha,hardware,comercio,-13.328416,-72.051113,68,Sicuani,2.739454037330924,True,False,575.5406730829834,1218138.8230361592,1160.1573242604552,2455487.0639136317,1953.4716711295614,4134546.511817322
CUSCO,Korianca,hardware,comercio,-13.312858,-72.100499,70,Sicuani,2.739454037330924,True,False,864.7793234502977,1830315.9385954738,1359.0500464972022,2876445.9255664833,1989.7797391902711,4211392.978735591
CUSCO,Ferretería Union,hardware,comercio,-13.304921,-72.118255,69,Sicuani,2.739454037330924,True,False,836.2092694077761,1769847.072304909,1383.38313540937,2927947.203711648,1978.7861026210123,4188124.813447412
CUSCO,Eterna Primavera,garden_centre,comercio,-13.315886,-72.092016,70,Sicuani,2.739454037330924,True,False,870.5163693865771,1842458.4659812255,1288.0787162826134,2726234.243403675,1989.7797391902711,4211392.978735591
CUSCO,Materiales de Construcción Siwar,hardware,comercio,-13.310973,-72.107483,71,Sicuani,2.739454037330924,True,False,851.6307577053907,1802486.8395409833,1377.71341510514,2915947.1718436256,2006.069329089832,4245870.093553037
CUSCO,Los Jazmines,garden_centre,comercio,-13.295919,-72.13419,65,Sicuani,2.739454037330924,True,False,868.3492971381521,1837871.8312539342,1370.3757233529834,2900416.858152859,1934.2955613306106,4093960.0425834814
CUSCO,Agroveterinaria Agrosol,agrarian,comercio,-13.304434,-72.118747,68,Sicuani,2.739454037330924,True,False,836.2092694077761,1769847.072304909,1403.3142279134227,2970131.6030081534,1962.496512721451,4153647.6986299646
CUSCO,Servi Agro,agrarian,comercio,-13.304733,-72.118341,69,Sicuani,2.739454037330924,True,False,836.2092694077761,1769847.072304909,1383.38313540937,2927947.203711648,1978.7861026210123,4188124.813447412
CUSCO,Ferretería La Económica,hardware,comercio,-13.305037,-72.117771,69,Sicuani,2.739454037330924,True,False,836.2092694077761,1769847.072304909,1383.38313540937,2927947.203711648,1978.7861026210123,4188124.813447412
CUSCO,Acuña Materiales de Construcción,hardware,comercio,-13.311056,-72.110518,71,Sicuani,2.739454037330924,True,False,851.6307577053907,1802486.8395409833,1400.078871657243,2963283.932206897,2029.3409626257362,4295124.788505705
CUSCO,Eco Vivero,garden_centre,comercio,-13.299406,-72.128833,65,Sicuani,2.739454037330924,True,False,868.3492971381521,1837871.8312539342,1370.3757233529834,2900416.858152859,1934.2955613306106,4093960.0425834814
CUSCO,Vivero Valle Sagrado,garden_centre,comercio,-13.297891,-72.130789,65,Sicuani,2.739454037330924,True,False,868.3492971381521,1837871.8312539342,1370.3757233529834,2900416.858152859,1934.2955613306106,4093960.0425834814
CUSCO,Ferretería Gamarra,hardware,comercio,-13.297061,-72.13248,65,Sicuani,2.739454037330924,True,False,868.3492971381521,1837871.8312539342,1370.3757233529834,2900416.858152859,1934.2955613306106,4093960.0425834814
CUSCO,Mercantil Urubamba EIRL,hardware,comercio,-13.306637,-72.119108,69,Sicuani,2.739454037330924,True,False,836.2092694077761,1769847.072304909,1383.38313540937,2927947.203711648,1978.7861026210123,4188124.813447412
CUSCO,Picaq Materiales de Construcción,hardware,comercio,-13.310484,-72.111713,70,Sicuani,2.739454037330924,True,False,851.6307577053907,1802486.8395409833,1400.078871657243,2963283.932206897,1999.0794840585613,4231076.001670726
CUSCO,Pacocha,agrarian,comercio,-13.305884,-72.117344,69,Sicuani,2.739454037330924,True,False,836.2092694077761,1769847.072304909,1383.38313540937,2927947.203711648,1978.7861026210123,4188124.813447412
CUSCO,Nutrivalle,agrarian,comercio,-13.304556,-72.118241,69,Sicuani,2.739454037330924,True,False,836.2092694077761,1769847.072304909,1383.38313540937,2927947.203711648,1978.7861026210123,4188124.813447412
CUSCO,El Zorro,hardware,comercio,-13.304617,-72.118205,69,Sicuani,2.739454037330924,True,False,836.2092694077761,1769847.072304909,1383.38313540937,2927947.203711648,1978.7861026210123,4188124.813447412
CUSCO,Decorados y Acabados Cusco,hardware,comercio,-13.304694,-72.118267,69,Sicuani,2.739454037330924,True,False,836.2092694077761,1769847.072304909,1383.38313540937,2927947.203711648,1978.7861026210123,4188124.813447412
CUSCO,Sr. De Torrechayoc,hardware,comercio,-13.310922,-72.109275,70,Sicuani,2.739454037330924,True,False,851.6307577053907,1802486.8395409833,1400.078871657243,2963283.932206897,1999.0794840585613,4231076.001670726
CUSCO,Inversiones Dugin,agrarian,comercio,-13.32769,-72.044488,68,Sicuani,2.739454037330924,True,False,375.5319600856423,794817.9533876826,1144.7309403031243,2422836.934954323,1961.5415803259236,4151626.572619642
CUSCO,Mascotitas,veterinary,comercio,-12.861228,-72.695194,9,Sicuani,6.8103412451111724,False,False,77.92502551016747,164929.26269058255,77.92502551016747,164929.26269058255,77.92502551016747,164929.26269058255
CUSCO,Vivero Midaye,garden_centre,comercio,-13.329519,-72.073191,69,Sicuani,2.739454037330924,True,False,675.1317776603591,1428924.605151099,1244.1333245828928,2633223.288267855,1977.6917333878812,4185808.5676772003
CUSCO,Plantinería Tocre,garden_centre,comercio,-13.313132,-72.099305,70,Sicuani,2.739454037330924,True,False,864.7793234502977,1830315.9385954738,1359.0500464972022,2876445.9255664833,1989.7797391902711,4211392.978735591
CUSCO,Ferresur,hardware,comercio,-13.50759,-71.996146,97,Sicuani,2.85466213676564,True,False,493.09851539966496,1043648.9952521904,1575.5971605697,3334770.5219067247,2267.970803701189,4800187.744685426
CUSCO,L&J,agrarian,comercio,-13.3197,-72.086384,70,Sicuani,2.739454037330924,True,False,854.7229204223778,1809031.439477822,1251.9928544510092,2649858.0786674293,1987.8275448052054,4207261.135615237
CUSCO,Allin Ayllu,agrarian,comercio,-13.288707,-72.12747,60,Sicuani,2.739454037330924,True,False,416.89374679956063,882360.677199837,1051.2374731758382,2224956.8765425663,1795.1340181995283,3799422.946788776
CUSCO,Pacocha,agrarian,comercio,-13.305585,-72.119003,69,Sicuani,2.739454037330924,True,False,836.2092694077761,1769847.072304909,1383.38313540937,2927947.203711648,1978.7861026210123,4188124.813447412
CUSCO,Agrosoluciones Del Valle,agrarian,comercio,-13.305761,-72.118978,69,Sicuani,2.739454037330924,True,False,836.2092694077761,1769847.072304909,1383.38313540937,2927947.203711648,1978.7861026210123,4188124.813447412
CUSCO,Gonzales,hardware,comercio,-13.275832,-72.186555,58,Sicuani,3.259237768493378,True,False,486.6760159125518,1030055.6971030358,1232.4367559629375,2608467.3587590824,1716.3529038909849,3632681.7617614414
CUSCO,Sr. De Torrechayoc,hardware,comercio,-13.304763,-72.120185,68,Sicuani,2.739454037330924,True,False,836.2092694077761,1769847.072304909,1403.3142279134227,2970131.6030081534,1962.496512721451,4153647.6986299646
CUSCO,Agroveterinaria Ramos,agrarian,comercio,-13.304561,-72.119076,68,Sicuani,2.739454037330924,True,False,836.2092694077761,1769847.072304909,1403.3142279134227,2970131.6030081534,1962.496512721451,4153647.6986299646
CUSCO,Fuji,hardware,comercio,-13.307012,-72.116082,69,Sicuani,2.739454037330924,True,False,836.2092694077761,1769847.072304909,1356.4450773644355,2870932.4767663553,1978.7861026210123,4188124.813447412
CUSCO,San José,hardware,comercio,-13.284552,-72.156282,61,Sicuani,3.259237768493378,True,False,693.538441091088,1467882.5318036568,1246.0813187495985,2637346.2415750492,1829.2125490673964,3871550.57116642
CUSCO,Scrappy-Doo,veterinary,comercio,-13.305277,-72.119133,69,Sicuani,2.739454037330924,True,False,836.2092694077761,1769847.072304909,1383.38313540937,2927947.203711648,1978.7861026210123,4188124.813447412
CUSCO,Uyhuachay,veterinary,comercio,-13.307511,-72.114882,69,Sicuani,2.739454037330924,True,False,836.2092694077761,1769847.072304909,1356.4450773644355,2870932.4767663553,1978.7861026210123,4188124.813447412
CUSCO,JQD,hardware,comercio,-13.27805,-72.186124,58,Sicuani,3.259237768493378,True,False,486.6760159125518,1030055.6971030358,1232.4367559629375,2608467.3587590824,1716.3529038909849,3632681.7617614414
CUSCO,Cachito,hardware,comercio,-13.333984,-72.063287,68,Sicuani,2.739454037330924,True,False,575.5406730829834,1218138.8230361592,1207.7782719493864,2556277.377930756,1953.4716711295614,4134546.511817322
CUSCO,Campoverde,agrarian,comercio,-13.306012,-72.116983,69,Sicuani,2.739454037330924,True,False,836.2092694077761,1769847.072304909,1383.38313540937,2927947.203711648,1978.7861026210123,4188124.813447412
CUSCO,Electro Tools,hardware,comercio,-13.309723,-72.111583,70,Sicuani,2.739454037330924,True,False,851.6307577053907,1802486.8395409833,1400.078871657243,2963283.932206897,1999.0794840585613,4231076.001670726
CUSCO,Romero,hardware,comercio,-13.305839,-72.118566,69,Sicuani,2.739454037330924,True,False,836.2092694077761,1769847.072304909,1383.38313540937,2927947.203711648,1978.7861026210123,4188124.813447412
CUSCO,Trigal del Valle,agrarian,comercio,-13.305257,-72.118421,69,Sicuani,2.739454037330924,True,False,836.2092694077761,1769847.072304909,1383.38313540937,2927947.203711648,1978.7861026210123,4188124.813447412
CUSCO,Patitas Blue,veterinary,comercio,-13.307182,-72.114244,69,Sicuani,2.739454037330924,True,False,836.2092694077761,1769847.072304909,1356.4450773644355,2870932.4767663553,1978.7861026210123,4188124.813447412
CUSCO,Chacón,hardware,comercio,-13.478066,-72.067901,95,Sicuani,2.85466213676564,True,False,833.2054530509274,1763489.4585120417,1693.021633687503,3583300.8450777126,2332.120826686715,4935962.047270752
CUSCO,Acuarios,pet,comercio,-13.522448,-71.977159,98,Sicuani,2.806293669204864,True,False,444.7006281701304,941214.2792634534,1333.8890293222958,2823192.32720018,2332.265227689675,4936267.673746894
CUSCO,Gallegos,hardware,comercio,-13.295128,-72.135089,65,Sicuani,2.739454037330924,True,False,868.3492971381521,1837871.8312539342,1370.3757233529834,2900416.858152859,1934.2955613306106,4093960.0425834814
CUSCO,Vivero Huincho,garden_centre,comercio,-13.298854,-72.129757,65,Sicuani,2.739454037330924,True,False,868.3492971381521,1837871.8312539342,1370.3757233529834,2900416.858152859,1934.2955613306106,4093960.0425834814
CUSCO,Miriam,agrarian,comercio,-13.335856,-72.156346,60,Sicuani,2.739454037330924,True,False,656.4691991691635,1389425.031165635,1246.88600246439,2639049.3644282124,1787.5296147793617,3783328.13461414
CUSCO,House Vet,veterinary,comercio,-13.305457,-72.113623,68,Sicuani,2.739454037330924,True,False,836.2092694077761,1769847.072304909,1339.7164651138003,2835526.1658120668,1962.496512721451,4153647.6986299646
CUSCO,Alex,hardware,comercio,-13.310731,-72.10942,70,Sicuani,2.739454037330924,True,False,851.6307577053907,1802486.8395409833,1400.078871657243,2963283.932206897,1999.0794840585613,4231076.001670726
CUSCO,JC,hardware,comercio,-13.31067,-72.110033,70,Sicuani,2.739454037330924,True,False,851.6307577053907,1802486.8395409833,1400.078871657243,2963283.932206897,1999.0794840585613,4231076.001670726
CUSCO,Candy,hardware,comercio,-13.277639,-72.179366,60,Sicuani,3.259237768493378,True,False,528.8199499240385,1119253.8451676539,1198.08293387711,2535757.077175926,1768.4083204841481,3742857.6830595527
CUSCO,El Zorro,hardware,comercio,-13.302521,-72.12384,67,Sicuani,2.739454037330924,True,False,836.2092694077761,1769847.072304909,1381.9735315605592,2924963.7600496397,1960.428685110873,4149271.1163837467
CUSCO,JBH,hardware,comercio,-13.541438,-71.884296,82,Sicuani,2.806293669204864,True,False,433.90403698291055,918363.1629189685,736.5780744546754,1558976.4384229528,1948.3921122086924,4123795.5636831694
CUSCO,Mis dos Reyes,hardware,comercio,-13.541458,-71.883878,82,Sicuani,2.806293669204864,True,False,433.90403698291055,918363.1629189685,736.5780744546754,1558976.4384229528,1948.3921122086924,4123795.5636831694
CUSCO,Inkasferro,hardware,comercio,-13.541227,-71.884431,82,Sicuani,2.806293669204864,True,False,433.90403698291055,918363.1629189685,736.5780744546754,1558976.4384229528,1948.3921122086924,4123795.5636831694
CUSCO,Vivero Sr. De Torrechayoc,garden_centre,comercio,-13.299494,-72.117446,65,Sicuani,2.739454037330924,True,False,836.2092694077761,1769847.072304909,1257.147326691636,2660767.581752477,1934.2955613306106,4093960.0425834814
CUSCO,Pernería - Ferretería Pekasur,hardware,comercio,-13.459854,-72.148479,93,Sicuani,2.85466213676564,True,True,1199.9788138077677,2539769.7300697314,1899.3864602653214,4020074.5062978636,2311.575769957188,4892478.185236021
CUSCO,Kenjha,hardware,comercio,-13.313779,-72.030367,70,Sicuani,2.739454037330924,True,False,332.77594073025705,704324.3192605062,1134.0089668079856,2400143.7478611665,2007.5719785251376,4249050.4693286605
CUSCO,Ylla,hardware,comercio,-13.323,-71.965537,59,Sicuani,2.832298332479171,True,False,255.1191481307514,539962.7747823359,1123.958722016785,2378872.282726307,1782.9986840750826,3773738.364762074
CUSCO,Megafer,hardware,comercio,-13.299656,-72.128216,65,Sicuani,2.739454037330924,True,False,868.3492971381521,1837871.8312539342,1370.3757233529834,2900416.858152859,1934.2955613306106,4093960.0425834814
CUSCO,FerreCusco,hardware,comercio,-13.322883,-71.958899,57,Sicuani,2.832298332479171,True,False,245.68917213731322,520004.1160895041,1120.4530416125476,2371452.4675832978,1753.9379538427395,3712230.976357756
CUSCO,Agro Paraccay,agrarian,comercio,-13.327609,-72.042013,68,Sicuani,2.739454037330924,True,False,375.5319600856423,794817.9533876826,1144.7309403031243,2422836.934954323,1961.5415803259236,4151626.572619642
CUSCO,Rosa Ventura,agrarian,comercio,-13.311538,-72.016502,68,Sicuani,2.739454037330924,True,False,332.77594073025705,704324.3192605062,1130.276023130143,2392242.9272400457,1952.5382842901404,4132570.987238113
CUSCO,El Kantu,garden_centre,comercio,-13.321374,-71.952005,57,Sicuani,2.832298332479171,True,False,245.68917213731322,520004.1160895041,1120.4530416125476,2371452.4675832978,1753.9379538427395,3712230.976357756
CUSCO,Santa Rosita de Lima,hardware,comercio,-13.393994,-72.051008,79,Sicuani,2.739454037330924,True,False,722.1519600868289,1528443.3921954802,1322.930524585884,2799998.518862808,2028.2536166102784,4292823.407460977
CUSCO,Sol Imperium,hardware,comercio,-13.394481,-72.051141,79,Sicuani,2.739454037330924,True,False,722.1519600868289,1528443.3921954802,1322.930524585884,2799998.518862808,2028.2536166102784,4292823.407460977
CUSCO,Gato,hardware,comercio,-13.303712,-72.129963,66,Sicuani,2.739454037330924,True,False,836.2092694077761,1769847.072304909,1381.9735315605592,2924963.7600496397,1948.535524275638,4124099.0970642297
CUSCO,Ferraso,hardware,comercio,-13.303651,-72.128237,66,Sicuani,2.739454037330924,True,False,836.2092694077761,1769847.072304909,1381.9735315605592,2924963.7600496397,1948.535524275638,4124099.0970642297
CUSCO,Agrovet Sura Andina,agrarian,comercio,-13.422212,-71.848957,71,Sicuani,3.2080566631666327,True,False,341.483869416398,722754.7560600427,772.5564955612589,1635125.2035601018,1431.5515691615085,3029896.278629356
CUSCO,Pachatu-Zan,hardware,comercio,-13.422533,-71.848917,71,Sicuani,3.2080566631666327,True,False,341.483869416398,722754.7560600427,772.5564955612589,1635125.2035601018,1431.5515691615085,3029896.278629356
CUSCO,El Punto,hardware,comercio,-13.422786,-71.852128,72,Sicuani,3.2080566631666327,True,False,341.483869416398,722754.7560600427,779.4547630269926,1649725.4704129817,1525.626270156189,3229006.525579038
CUSCO,Tornillo,hardware,comercio,-13.422189,-71.85028,72,Sicuani,3.2080566631666327,True,False,341.483869416398,722754.7560600427,779.4547630269926,1649725.4704129817,1525.626270156189,3229006.525579038
CUSCO,Yoel,hardware,comercio,-13.421712,-71.850388,72,Sicuani,3.2080566631666327,True,False,341.483869416398,722754.7560600427,779.4547630269926,1649725.4704129817,1525.626270156189,3229006.525579038
CUSCO,Pernocentro Gladys,hardware,comercio,-13.325008,-71.953905,57,Sicuani,2.832298332479171,True,False,245.68917213731322,520004.1160895041,1120.4530416125476,2371452.4675832978,1753.9379538427395,3712230.976357756
CUSCO,El Mundo Pet,pet,comercio,-13.422527,-71.849067,71,Sicuani,3.2080566631666327,True,False,341.483869416398,722754.7560600427,772.5564955612589,1635125.2035601018,1431.5515691615085,3029896.278629356
CUSCO,El Torito,hardware,comercio,-13.42252,-71.850713,72,Sicuani,3.2080566631666327,True,False,341.483869416398,722754.7560600427,779.4547630269926,1649725.4704129817,1525.626270156189,3229006.525579038
CUSCO,J&N,hardware,comercio,-13.32505,-71.953825,57,Sicuani,2.832298332479171,True,False,245.68917213731322,520004.1160895041,1120.4530416125476,2371452.4675832978,1753.9379538427395,3712230.976357756
CUSCO,Lubricentro RJF,hardware,comercio,-13.324971,-71.953993,57,Sicuani,2.832298332479171,True,False,245.68917213731322,520004.1160895041,1120.4530416125476,2371452.4675832978,1753.9379538427395,3712230.976357756
CUSCO,La Económica,hardware,comercio,-13.312534,-72.009736,68,Sicuani,2.739454037330924,True,False,332.77594073025705,704324.3192605062,1098.1359953997667,2324218.16829102,1952.5382842901404,4132570.987238113
CUSCO,Sumaq Parway,agrarian,comercio,-13.319959,-72.086335,70,Sicuani,2.739454037330924,True,False,854.7229204223778,1809031.439477822,1251.9928544510092,2649858.0786674293,1987.8275448052054,4207261.135615237
CUSCO,Paraccay,agrarian,comercio,-13.305448,-72.118979,69,Sicuani,2.739454037330924,True,False,836.2092694077761,1769847.072304909,1383.38313540937,2927947.203711648,1978.7861026210123,4188124.813447412
CUSCO,Ciagro,agrarian,comercio,-13.305247,-72.118949,69,Sicuani,2.739454037330924,True,False,836.2092694077761,1769847.072304909,1383.38313540937,2927947.203711648,1978.7861026210123,4188124.813447412
CUSCO,Clínica Veterinaria Valle Sagrado,veterinary,comercio,-13.307674,-72.114966,69,Sicuani,2.739454037330924,True,False,836.2092694077761,1769847.072304909,1356.4450773644355,2870932.4767663553,1978.7861026210123,4188124.813447412
CUSCO,Ferretería D'Hankgo,hardware,comercio,-13.54295,-71.911668,92,Sicuani,2.806293669204864,True,False,446.5806592189357,945193.3878063749,902.1441826234395,1909399.1167352055,2280.0483776363753,4825750.07657021
CUSCO,Centro Veterinario Municipal,veterinary,comercio,-13.534685,-71.902762,91,Sicuani,2.806293669204864,True,False,459.10471650706677,971700.7071290559,876.0035567483004,1854072.1646600403,2247.813439047524,4757524.437636775
CUSCO,Ausangate,hardware,comercio,-13.364406,-71.920851,61,Sicuani,3.2080566631666327,True,False,291.66874616113563,617320.4428141791,728.6954154185555,1542292.6948584556,1698.4104264210232,3594706.2903311877
CUSCO,Jorge's,hardware,comercio,-13.364765,-71.921576,61,Sicuani,3.2080566631666327,True,False,291.66874616113563,617320.4428141791,728.6954154185555,1542292.6948584556,1698.4104264210232,3594706.2903311877
CUSCO,Agregados Cueva,hardware,comercio,-13.308346,-72.110463,70,Sicuani,2.739454037330924,True,False,851.6307577053907,1802486.8395409833,1400.078871657243,2963283.932206897,1999.0794840585613,4231076.001670726
CUSCO,Los Chancas,hardware,comercio,-13.309032,-72.113126,69,Sicuani,2.739454037330924,True,False,836.2092694077761,1769847.072304909,1377.71341510514,2915947.1718436256,1978.7861026210123,4188124.813447412
CUSCO,Patitas Blue,veterinary,comercio,-13.306578,-72.114261,69,Sicuani,2.739454037330924,True,False,836.2092694077761,1769847.072304909,1356.4450773644355,2870932.4767663553,1978.7861026210123,4188124.813447412
CUSCO,Maestrito,hardware,comercio,-12.864816,-72.695699,9,Sicuani,6.8103412451111724,False,False,77.92502551016747,164929.26269058255,77.92502551016747,164929.26269058255,77.92502551016747,164929.26269058255
CUSCO,A construir,hardware,comercio,-13.591351,-71.787566,84,Sicuani,1.972288544737404,True,True,524.207742845315,1109492.0528821845,1050.9532170788802,2224355.2450617985,1854.9529377051394,3926030.416268788
CUSCO,"Agroveterinaria ""Sur Andino""",agrarian,comercio,-14.218079,-71.431085,43,Sicuani,1.2142785170015418,True,True,434.0561434945404,918685.098197774,982.0324923750384,2078483.6943617975,1336.3067188491948,2828309.396440461
CUSCO,Cia Electrica Ingenieros SRL,hardware,comercio,-13.526954,-71.959519,95,Sicuani,2.806293669204864,True,False,444.091960527391,939926.0268068981,1317.355361817328,2788198.6191671966,2277.9026827387083,4821208.687265372
CUSCO,River Home,hardware,comercio,-13.309623,-72.111981,69,Sicuani,2.739454037330924,True,False,851.6307577053907,1802486.8395409833,1400.078871657243,2963283.932206897,1978.7861026210123,4188124.813447412
CUSCO,Señor del Calvario,hardware,comercio,-13.322012,-72.083634,70,Sicuani,2.739454037330924,True,False,854.7229204223778,1809031.439477822,1251.9928544510092,2649858.0786674293,1987.8275448052054,4207261.135615237
CUSCO,Veterinaria Dr. Bull,veterinary,comercio,-13.532663,-71.956838,96,Sicuani,2.806293669204864,True,False,432.19879969215606,914754.0074873809,1370.5719227463,2900832.1165511487,2296.0303763852294,4859576.170982286
CUSCO,Dogtor Walter,veterinary,comercio,-13.530634,-71.959069,96,Sicuani,2.806293669204864,True,False,447.96573660527673,948124.9209127557,1327.6052275475727,2809892.584443424,2296.0303763852294,4859576.170982286
CUSCO,Ferretería La Solución Truper,hardware,comercio,-13.526067,-71.962209,95,Sicuani,2.806293669204864,True,False,444.091960527391,939926.0268068981,1317.355361817328,2788198.6191671966,2271.5291645789566,4807719.058690329
CUSCO,Hidrozel Maquinarias Distribuidor Autorizado Total,hardware,comercio,-13.52446,-71.965408,94,Sicuani,2.806293669204864,True,False,435.3346490402973,921391.0707095185,1291.2558957244328,2732958.78227093,2244.701287196289,4750937.530454584
CUSCO,Ingco - M&D S.A.C.,hardware,comercio,-13.526256,-71.961741,95,Sicuani,2.806293669204864,True,False,444.091960527391,939926.0268068981,1317.355361817328,2788198.6191671966,2271.5291645789566,4807719.058690329
CUSCO,Perno Loco,hardware,comercio,-13.52422,-71.967149,94,Sicuani,2.806293669204864,True,False,435.3346490402973,921391.0707095185,1291.2558957244328,2732958.78227093,2244.701287196289,4750937.530454584
CUSCO,"DON BOSCO SERVICE - SERVICIO TECNICO AUTORIZADO DEWALT , STANLEY , BLACK&DECKER, ESAB , EINHELL , TOTAL, INCCO , BOSCH",hardware,comercio,-13.524092,-71.967211,94,Sicuani,2.806293669204864,True,False,435.3346490402973,921391.0707095185,1291.2558957244328,2732958.78227093,2244.701287196289,4750937.530454584
CUSCO,"Tecser - Servicio y Distribución Autorizado DeWALT, Makita, Milwaukee, Hilti, Kärcher",hardware,comercio,-13.526428,-71.953373,94,Sicuani,2.806293669204864,True,False,444.091960527391,939926.0268068981,1319.6261627725999,2793004.796962046,2260.2353472671102,4783815.557215543
CUSCO,Ferreteria El Ovalo,hardware,comercio,-13.391478,-72.050736,79,Sicuani,2.739454037330924,True,False,722.1519600868289,1528443.3921954802,1322.930524585884,2799998.518862808,2028.2536166102784,4292823.407460977
CUSCO,Lazzy Vet,veterinary,comercio,-13.536022,-71.908272,93,Sicuani,2.806293669204864,True,False,459.10471650706677,971700.7071290559,932.0909984590278,1972781.9160780143,2308.8407244611967,4886689.428233685
CUSCO,SOLEMAN - estufas y chimeneas,hardware,comercio,-13.535799,-71.90782,93,Sicuani,2.806293669204864,True,False,459.10471650706677,971700.7071290559,932.0909984590278,1972781.9160780143,2308.8407244611967,4886689.428233685
CUSCO,Veterinaria Goofy,veterinary,comercio,-13.539437,-71.903129,94,Sicuani,2.806293669204864,True,False,459.10471650706677,971700.7071290559,932.0909984590278,1972781.9160780143,2317.94704865667,4905963.073966208
CUSCO,Veterinaria - Makicha's Pets,veterinary,comercio,-13.538906,-71.909683,94,Sicuani,2.806293669204864,True,False,459.10471650706677,971700.7071290559,939.8174030665454,1989134.945247068,2317.94704865667,4905963.073966208
CUSCO,Ferreterería FG JB,hardware,comercio,-13.543587,-71.885339,82,Sicuani,2.806293669204864,True,False,433.90403698291055,918363.1629189685,736.5780744546754,1558976.4384229528,1948.3921122086924,4123795.5636831694
CUSCO,Inversiones Agropec San Jerónimo,agrarian,comercio,-13.542896,-71.887108,87,Sicuani,2.806293669204864,True,False,449.9374474277877,952298.0708099391,870.2665108120208,1841929.637274289,2149.051901909458,4548494.445080089
CUSCO,Maestrito,hardware,comercio,-13.545338,-71.880701,83,Sicuani,2.806293669204864,True,False,433.90403698291055,918363.1629189685,736.5780744546754,1558976.4384229528,1961.4162029097968,4151361.2097960226
CUSCO,Meprosa,agrarian,comercio,-13.542669,-71.887824,87,Sicuani,2.806293669204864,True,False,449.9374474277877,952298.0708099391,870.2665108120208,1841929.637274289,2149.051901909458,4548494.445080089
CUSCO,Casinelli - Cusco,hardware,comercio,-13.54102,-71.899619,94,Sicuani,2.806293669204864,True,False,459.10471650706677,971700.7071290559,978.5311574229894,2071073.07642111,2317.94704865667,4905963.073966208
HUANCAVELICA,Agroceterinaria Huaytará,veterinary,comercio,-13.604131,-75.349613,11,Pisco,2.546770954093949,True,False,12.170432670283429,47320.21366135901,36.10879321262828,183716.88268021928,44.991738526123086,218254.9210198992
HUANUCO,La Hacienda,hamlet,pueblo,-9.87315,-76.197239,44,Tarma,4.353281398118592,False,False,125.40532708412061,373221.09180234605,343.4430847930268,1022127.257739515,795.7309929034195,2368189.5885743797
HUANUCO,Promart,doityourself,comercio,-9.91974,-76.241979,48,Tarma,5.015590688861649,False,False,207.0167243153908,616106.2665105782,467.61522011265663,1391678.2249351435,839.3633270705172,2498044.5777871227
HUANUCO,Ferretería Balvín,hardware,comercio,-9.830153,-76.802085,30,Tarma,7.459887103004866,False,False,69.19341447707612,205927.78869229244,141.19307887027952,420207.3091803539,286.08000656466913,823195.8672440257
HUANUCO,Ferretería Setiesdo,hardware,comercio,-8.604658,-77.149815,10,Bellavista,9.322022885521426,False,False,68.9557929675175,205220.59896363202,93.56123211635571,278449.2972727999,119.26800076176846,354955.6824769587
HUANUCO,Agro Veterinaria Nuñez,veterinary,comercio,-8.605994,-77.148183,10,Bellavista,9.322022885521426,False,False,68.9557929675175,205220.59896363202,93.56123211635571,278449.2972727999,119.26800076176846,354955.6824769587
HUANUCO,Hojalatería Torres,hardware,comercio,-8.60478,-77.150546,10,Bellavista,9.322022885521426,False,False,68.9557929675175,205220.59896363202,93.56123211635571,278449.2972727999,119.26800076176846,354955.6824769587
HUANUCO,Comercial Baratillo,hardware,comercio,-8.606617,-77.148396,10,Bellavista,9.322022885521426,False,False,68.9557929675175,205220.59896363202,93.56123211635571,278449.2972727999,119.26800076176846,354955.6824769587
HUANUCO,Ferretería Eléctrica,hardware,comercio,-8.60642,-77.14873,10,Bellavista,9.322022885521426,False,False,68.9557929675175,205220.59896363202,93.56123211635571,278449.2972727999,119.26800076176846,354955.6824769587
HUANUCO,TableOriente,trade,comercio,-9.926746,-76.244921,44,Tarma,5.015590688861649,False,False,198.86158946697634,591835.6202574174,441.2198650078216,1313122.5249517688,727.6037909415422,2165434.9744853396
HUANUCO,Centro Comercial „Sta. Rita De Casia“,agrarian,comercio,-9.928725,-76.246097,41,Tarma,5.015590688861649,False,False,109.02919541543201,324483.78627474984,319.12856216561244,949764.3614203723,665.7236524613687,1981272.3604924036
HUANUCO,La Económica,hardware,comercio,-9.930038,-76.241593,49,Tarma,5.015590688861649,False,False,207.0167243153908,616106.2665105782,539.6388737996315,1606029.1403999666,848.3966311294655,2524928.759518906
HUANUCO,Ferretera Jireh,hardware,comercio,-9.933907,-76.2401,51,Tarma,5.015590688861649,False,False,207.0167243153908,616106.2665105782,541.848006664677,1612603.7811987237,873.5554647585884,2599804.425280986
HUANUCO,Pet Shop El Acuario,pet,comercio,-9.926321,-76.240795,49,Tarma,5.015590688861649,False,False,207.0167243153908,616106.2665105782,539.6388737996315,1606029.1403999666,848.3966311294655,2524928.759518906
HUANUCO,TableOriente Placacentro Masisa,trade,comercio,-9.93412,-76.239455,51,Tarma,5.015590688861649,False,False,207.0167243153908,616106.2665105782,541.848006664677,1612603.7811987237,873.5554647585884,2599804.425280986
HUANUCO,Maderera,trade,comercio,-9.932405,-76.243595,49,Tarma,5.015590688861649,False,False,207.0167243153908,616106.2665105782,541.848006664677,1612603.7811987237,804.1439190575842,2393227.4522562283
HUANUCO,Maderera Povis,trade,comercio,-9.935321,-76.244373,49,Tarma,5.015590688861649,False,False,207.0167243153908,616106.2665105782,541.848006664677,1612603.7811987237,804.1439190575842,2393227.4522562283
HUANUCO,Maderera Pillcotorres,trade,comercio,-9.9341,-76.246346,49,Tarma,5.015590688861649,False,False,207.0167243153908,616106.2665105782,541.848006664677,1612603.7811987237,804.1439190575842,2393227.4522562283
HUANUCO,Maderera Huánuco,trade,comercio,-9.91857,-76.234386,52,Tarma,5.015590688861649,False,False,207.0167243153908,616106.2665105782,500.1958823149628,1488642.130707914,940.7339243992947,2799735.4699636875
HUANUCO,Maderera Burgos,trade,comercio,-9.940405,-76.249246,49,Tarma,5.015590688861649,False,False,185.93343285568324,553359.8964771834,496.22515166241584,1476824.7664550978,804.1439190575842,2393227.4522562283
HUANUCO,Maderera,trade,comercio,-9.923924,-76.23743,50,Tarma,5.015590688861649,False,False,207.0167243153908,616106.2665105782,529.3974297894623,1575549.3912219761,881.7590223054048,2624219.1832141345
HUANUCO,Maderera Don Carlitos,trade,comercio,-9.918183,-76.234467,52,Tarma,5.015590688861649,False,False,207.0167243153908,616106.2665105782,500.1958823149628,1488642.130707914,940.7339243992947,2799735.4699636875
HUANUCO,Ferretería V&R,hardware,comercio,-9.94481,-76.244042,50,Tarma,5.015590688861649,False,False,185.93343285568324,553359.8964771834,513.4027834887424,1527947.4312881464,808.664748859806,2406681.9766681464
HUANUCO,Ferretería El Hermano,hardware,comercio,-9.944843,-76.24359,49,Tarma,5.015590688861649,False,False,207.0167243153908,616106.2665105782,541.848006664677,1612603.7811987237,804.1439190575842,2393227.4522562283
HUANUCO,Pernos Mosquera,hardware,comercio,-9.932614,-76.237501,51,Tarma,5.015590688861649,False,False,207.0167243153908,616106.2665105782,541.848006664677,1612603.7811987237,873.5554647585884,2599804.425280986
HUANUCO,Pernos,hardware,comercio,-9.93539,-76.244401,49,Tarma,5.015590688861649,False,False,207.0167243153908,616106.2665105782,541.848006664677,1612603.7811987237,804.1439190575842,2393227.4522562283
HUANUCO,Don Perro,veterinary,comercio,-9.934151,-76.243432,49,Tarma,5.015590688861649,False,False,207.0167243153908,616106.2665105782,541.848006664677,1612603.7811987237,804.1439190575842,2393227.4522562283
HUANUCO,Animal Planet,veterinary,comercio,-9.933392,-76.244447,49,Tarma,5.015590688861649,False,False,207.0167243153908,616106.2665105782,541.848006664677,1612603.7811987237,804.1439190575842,2393227.4522562283
HUANUCO,Portella,veterinary,comercio,-9.932473,-76.243673,49,Tarma,5.015590688861649,False,False,207.0167243153908,616106.2665105782,541.848006664677,1612603.7811987237,804.1439190575842,2393227.4522562283
HUANUCO,Veterinaria Huánuco,veterinary,comercio,-9.927143,-76.241373,49,Tarma,5.015590688861649,False,False,207.0167243153908,616106.2665105782,539.6388737996315,1606029.1403999666,848.3966311294655,2524928.759518906
HUANUCO,Como Perro y Gato,veterinary,comercio,-9.928463,-76.242275,49,Tarma,5.015590688861649,False,False,207.0167243153908,616106.2665105782,539.6388737996315,1606029.1403999666,848.3966311294655,2524928.759518906
HUANUCO,Veterinaria Tasayco,veterinary,comercio,-9.938651,-76.244422,49,Tarma,5.015590688861649,False,False,207.0167243153908,616106.2665105782,541.848006664677,1612603.7811987237,804.1439190575842,2393227.4522562283
HUANUCO,Veterinaria Huellitas,veterinary,comercio,-9.935586,-76.236737,52,Tarma,5.015590688861649,False,False,207.0167243153908,616106.2665105782,531.6065626545079,1582124.0320207328,883.8287231572481,2630378.8578435145
HUANUCO,Señor de Burgos,hardware,comercio,-9.93081,-76.240503,49,Tarma,5.015590688861649,False,False,207.0167243153908,616106.2665105782,539.6388737996315,1606029.1403999666,848.3966311294655,2524928.759518906
HUANUCO,Kanino,veterinary,comercio,-9.939454,-76.242918,49,Tarma,5.015590688861649,False,False,207.0167243153908,616106.2665105782,541.848006664677,1612603.7811987237,804.1439190575842,2393227.4522562283
HUANUCO,Como Perro y Gato,veterinary,comercio,-9.940388,-76.24446,50,Tarma,5.015590688861649,False,False,207.0167243153908,616106.2665105782,548.2415789940765,1631631.8089610143,808.664748859806,2406681.9766681464
HUANUCO,Wish Huánuco,pet,comercio,-9.91998,-76.236733,50,Tarma,5.015590688861649,False,False,207.0167243153908,616106.2665105782,480.28365118106035,1429380.9747680977,881.7590223054048,2624219.1832141345
HUANUCO,Maderera Clesi del Perú,trade,comercio,-9.935338,-76.247684,49,Tarma,5.015590688861649,False,False,207.0167243153908,616106.2665105782,541.848006664677,1612603.7811987237,804.1439190575842,2393227.4522562283
HUANUCO,Lucas,veterinary,comercio,-9.937039,-76.245549,49,Tarma,5.015590688861649,False,False,207.0167243153908,616106.2665105782,541.848006664677,1612603.7811987237,804.1439190575842,2393227.4522562283
HUANUCO,Materiales San Sebastián,trade,comercio,-9.936613,-76.245259,49,Tarma,5.015590688861649,False,False,207.0167243153908,616106.2665105782,541.848006664677,1612603.7811987237,804.1439190575842,2393227.4522562283
HUANUCO,Maderera Junín,trade,comercio,-9.935872,-76.245112,49,Tarma,5.015590688861649,False,False,207.0167243153908,616106.2665105782,541.848006664677,1612603.7811987237,804.1439190575842,2393227.4522562283
HUANUCO,Inversiones Ferroviltrosa,trade,comercio,-9.934219,-76.246432,49,Tarma,5.015590688861649,False,False,207.0167243153908,616106.2665105782,541.848006664677,1612603.7811987237,804.1439190575842,2393227.4522562283
HUANUCO,Pecuaria El Granero,agrarian,comercio,-9.933834,-76.246154,49,Tarma,5.015590688861649,False,False,207.0167243153908,616106.2665105782,541.848006664677,1612603.7811987237,804.1439190575842,2393227.4522562283
HUANUCO,Pecuaria Grano de Oro,agrarian,comercio,-9.932974,-76.245375,49,Tarma,5.015590688861649,False,False,207.0167243153908,616106.2665105782,541.848006664677,1612603.7811987237,804.1439190575842,2393227.4522562283
HUANUCO,Inversiones Dafri,trade,comercio,-9.931825,-76.245086,49,Tarma,5.015590688861649,False,False,207.0167243153908,616106.2665105782,541.848006664677,1612603.7811987237,804.1439190575842,2393227.4522562283
HUANUCO,Maderera Pucallpa,trade,comercio,-9.929411,-76.236283,52,Tarma,5.015590688861649,False,False,207.0167243153908,616106.2665105782,541.848006664677,1612603.7811987237,883.8287231572481,2630378.8578435145
HUANUCO,Maryale,hardware,comercio,-9.919474,-76.238468,49,Tarma,5.015590688861649,False,False,207.0167243153908,616106.2665105782,467.61522011265663,1391678.2249351435,848.3966311294655,2524928.759518906
HUANUCO,Maderera Torremasa,trade,comercio,-9.934605,-76.243869,49,Tarma,5.015590688861649,False,False,207.0167243153908,616106.2665105782,541.848006664677,1612603.7811987237,804.1439190575842,2393227.4522562283
HUANUCO,Boby,veterinary,comercio,-9.931822,-76.239043,51,Tarma,5.015590688861649,False,False,207.0167243153908,616106.2665105782,541.848006664677,1612603.7811987237,873.5554647585884,2599804.425280986
HUANUCO,Grupo Morales,hardware,comercio,-9.930732,-76.24063,49,Tarma,5.015590688861649,False,False,207.0167243153908,616106.2665105782,539.6388737996315,1606029.1403999666,848.3966311294655,2524928.759518906
HUANUCO,Inversiones G y S,hardware,comercio,-9.930774,-76.240755,49,Tarma,5.015590688861649,False,False,207.0167243153908,616106.2665105782,539.6388737996315,1606029.1403999666,848.3966311294655,2524928.759518906
HUANUCO,Clínica Veterinaria K9,veterinary,comercio,-9.919146,-76.230075,50,Tarma,5.015590688861649,False,False,207.0167243153908,616106.2665105782,500.1958823149628,1488642.130707914,881.7590223054048,2624219.1832141345
HUANUCO,Fernández,hardware,comercio,-10.138305,-76.196919,47,Tarma,3.8969716942257207,True,False,158.14162263066035,470648.1808226412,313.31152086435185,926274.3197868556,654.8597604204249,1936413.1812697733
ICA,Molle Chacra,hamlet,pueblo,-14.080581,-75.255126,2,Pisco,3.7486292252528943,True,False,0.0,0.0,8.670252842689926,33711.0625504605,16.124344043281454,62693.53160634762
ICA,Pampa Chacra,hamlet,pueblo,-13.135627,-75.967529,1,Pisco,4.217104440551358,False,False,6.45598919915002,47492.49993118614,6.45598919915002,47492.49993118614,6.45598919915002,47492.49993118614
ICA,Condominio Hacienda Macacona,neighbourhood,pueblo,-14.036671,-75.779189,62,Pisco,0.965020306000256,True,False,779.5685118460851,5734776.864261102,1208.0384782015503,8886750.825173452,1450.114732280306,10667547.868900035
ICA,Condominio Fundo Hass,neighbourhood,pueblo,-13.478291,-76.141606,99,Pisco,0.3324523879337658,True,False,739.1099314512547,5437149.487983839,1119.6213815011452,8236323.937917742,1813.957926325823,12882202.247972619
ICA,Sodimac,doityourself,comercio,-14.070564,-75.728283,65,Pisco,1.304193835475294,True,False,909.3883793928904,6689776.920851188,1285.0314758799273,9453138.07027968,1573.9896890372147,11578815.09593129
ICA,C&S,hardware,comercio,-14.07361,-75.750864,65,Pisco,1.2800623915581704,True,False,909.3883793928904,6689776.920851188,1221.4362524802239,8985309.508340353,1573.9896890372147,11578815.09593129
ICA,Ferretería LED,hardware,comercio,-14.079216,-75.726452,65,Pisco,1.304193835475294,True,True,909.3883793928904,6689776.920851188,1296.9724774784438,9540980.227399537,1573.9896890372147,11578815.09593129
ICA,Ferreteria Rosita II,hardware,comercio,-14.035076,-75.706912,64,Pisco,1.304193835475294,True,False,835.9854637793408,6149799.566926192,1218.465910041677,8963458.637202457,1542.6895799721665,11348560.617219705
ICA,Ferretería Independencia,hardware,comercio,-14.061765,-75.72712,65,Pisco,1.304193835475294,True,False,909.3883793928904,6689776.920851188,1285.0314758799273,9453138.07027968,1573.9896890372147,11578815.09593129
ICA,Ferreteria Santi,hardware,comercio,-14.03875,-75.705495,64,Pisco,1.304193835475294,True,False,849.5235095050734,6249390.135600379,1218.465910041677,8963458.637202457,1542.6895799721665,11348560.617219705
ICA,Perno Centro Ica,hardware,comercio,-14.067632,-75.724559,65,Pisco,1.304193835475294,True,False,909.3883793928904,6689776.920851188,1296.9724774784438,9540980.227399537,1573.9896890372147,11578815.09593129
ICA,Gran Fiesta Espiritual Del Pacio,hardware,comercio,-14.062462,-75.724811,65,Pisco,1.304193835475294,True,False,909.3883793928904,6689776.920851188,1285.0314758799273,9453138.07027968,1573.9896890372147,11578815.09593129
ICA,Muebles & Acabados Benaute,doityourself,comercio,-13.414252,-76.148273,111,Pisco,0.7618700061726205,True,False,618.5537650505639,4550296.436054522,1147.1392535752057,8117384.344789763,1797.9124581713825,12334960.008010665
ICA,Veterinaria Spa Kenbor,veterinary,comercio,-13.41609,-76.141167,110,Pisco,0.7618700061726205,True,False,615.8591608341613,4530473.991094589,1153.9000911906503,8187579.7406552,1801.055204858589,12424243.481516037
ICA,Ferretería Rocío,hardware,comercio,-13.414081,-76.147996,111,Pisco,0.7618700061726205,True,False,618.5537650505639,4550296.436054522,1147.1392535752057,8117384.344789763,1797.9124581713825,12334960.008010665
ICA,Aceros Arequipa,hardware,comercio,-13.414076,-76.147952,111,Pisco,0.7618700061726205,True,False,618.5537650505639,4550296.436054522,1147.1392535752057,8117384.344789763,1797.9124581713825,12334960.008010665
ICA,Multiservis F&R,hardware,comercio,-14.059794,-75.728566,65,Pisco,1.304193835475294,True,False,909.3883793928904,6689776.920851188,1285.0314758799273,9453138.07027968,1573.9896890372147,11578815.09593129
ICA,G & B Chang,hardware,comercio,-13.417255,-76.136359,108,Pisco,0.7618700061726205,True,False,613.3312217841119,4511877.593012584,1131.8161231449865,8079727.606867468,1660.0596234324944,11398303.999521198
ICA,Comercial Benacides,hardware,comercio,-13.417299,-76.1361,108,Pisco,0.7618700061726205,True,False,613.3312217841119,4511877.593012584,1131.8161231449865,8079727.606867468,1660.0596234324944,11398303.999521198
ICA,Comercial el Carmen,veterinary,comercio,-13.417492,-76.134639,107,Pisco,0.7618700061726205,True,False,615.8591608341613,4530473.991094589,1149.7963467739648,8211996.379803828,1653.9000197882874,11368222.15938537
ICA,Ferreteria Don Vito,hardware,comercio,-13.416402,-76.131785,107,Pisco,0.7618700061726205,True,False,615.8591608341613,4530473.991094589,1114.7507213983686,7996384.795081476,1653.9000197882874,11368222.15938537
ICA,Veterinaria Pet Shop Huellitas,veterinary,comercio,-13.420952,-76.131953,107,Pisco,0.7618700061726205,True,False,615.8591608341613,4530473.991094589,1149.7963467739648,8211996.379803828,1653.9000197882874,11368222.15938537
ICA,Inversiones & Comercios A & Neirl,trade,comercio,-13.714595,-76.205706,90,Pisco,0.0585481433853602,True,False,636.3043639243341,4680876.009499601,1455.9058199562169,10710149.12218062,1848.709394211212,13599748.709139518
ICA,Entre Patas,veterinary,comercio,-13.715669,-76.204936,90,Pisco,0.0585481433853602,True,False,636.3043639243341,4680876.009499601,1455.9058199562169,10710149.12218062,1848.709394211212,13599748.709139518
ICA,Ferretería Virgen del Carmen,trade,comercio,-13.714805,-76.205499,90,Pisco,0.0585481433853602,True,False,636.3043639243341,4680876.009499601,1455.9058199562169,10710149.12218062,1848.709394211212,13599748.709139518
ICA,Ferretería Toto,trade,comercio,-13.714802,-76.205626,90,Pisco,0.0585481433853602,True,False,636.3043639243341,4680876.009499601,1455.9058199562169,10710149.12218062,1848.709394211212,13599748.709139518
ICA,Inversiones y Comercios Ochoa,trade,comercio,-13.714801,-76.205591,90,Pisco,0.0585481433853602,True,False,636.3043639243341,4680876.009499601,1455.9058199562169,10710149.12218062,1848.709394211212,13599748.709139518
ICA,Aceros Arequipa,hardware,comercio,-13.41239,-76.12125,99,Pisco,0.7618700061726205,True,False,621.1506506367566,4569400.028814528,944.6436820653398,6888366.245425933,1534.8608590661938,10614874.234378772
ICA,Ferreteria Maquera,hardware,comercio,-13.407617,-76.125859,97,Pisco,0.7618700061726205,True,False,621.1506506367566,4569400.028814528,930.6954380063793,6785758.115273304,1503.0951542005928,10459739.113555271
ICA,Virgin de Chapi,hardware,comercio,-13.411903,-76.127534,102,Pisco,0.7618700061726205,True,False,621.1506506367566,4569400.028814528,978.2744857895284,7092470.792276326,1577.7987006669048,10895383.682054868
ICA,Santa Maria,hardware,comercio,-13.399897,-76.128664,95,Pisco,0.7618700061726205,True,False,602.9403093923446,4435438.430735806,930.6954380063793,6785758.115273304,1475.0745879133653,10322894.237771662
ICA,Ferreteria En Gral,hardware,comercio,-13.403012,-76.129503,97,Pisco,0.7618700061726205,True,False,593.4114748343405,4365341.012566351,930.6954380063793,6785758.115273304,1503.0951542005928,10459739.113555271
ICA,Progresol,hardware,comercio,-13.403133,-76.129548,97,Pisco,0.7618700061726205,True,False,593.4114748343405,4365341.012566351,930.6954380063793,6785758.115273304,1503.0951542005928,10459739.113555271
ICA,Prado,veterinary,comercio,-13.422408,-76.134634,109,Pisco,0.7618700061726205,True,False,615.8591608341613,4530473.991094589,1149.7963467739648,8211996.379803828,1679.7693646646176,11543295.704933831
ICA,Ferreteria Rosita,hardware,comercio,-14.048829,-75.701347,64,Pisco,1.304193835475294,True,False,861.1659728863415,6335036.141855549,1282.0611334413804,9431287.199141784,1542.6895799721665,11348560.617219705
ICA,Ferreteria Virgen Del Carmen,hardware,comercio,-14.04621,-75.698222,64,Pisco,1.304193835475294,True,False,849.5235095050734,6249390.135600379,1282.0611334413804,9431287.199141784,1542.6895799721665,11348560.617219705
ICA,Ferreteria Leonel,hardware,comercio,-14.050683,-75.703393,64,Pisco,1.304193835475294,True,False,861.1659728863415,6335036.141855549,1282.0611334413804,9431287.199141784,1542.6895799721665,11348560.617219705
ICA,Clinica Veterinaria,veterinary,comercio,-13.400792,-76.128556,93,Pisco,0.7618700061726205,True,False,602.9403093923446,4435438.430735806,930.6954380063793,6785758.115273304,1443.9022762719173,10093579.881316219
ICA,La Oferta,hardware,comercio,-13.404286,-76.129504,97,Pisco,0.7618700061726205,True,False,593.4114748343405,4365341.012566351,930.6954380063793,6785758.115273304,1503.0951542005928,10459739.113555271
ICA,Agro Fértil,agrarian,comercio,-13.419334,-76.136208,108,Pisco,0.7618700061726205,True,False,615.8591608341613,4530473.991094589,1131.8161231449865,8079727.606867468,1660.0596234324944,11398303.999521198
ICA,Veterinaria CityVet,veterinary,comercio,-13.419553,-76.135927,108,Pisco,0.7618700061726205,True,False,615.8591608341613,4530473.991094589,1131.8161231449865,8079727.606867468,1660.0596234324944,11398303.999521198
ICA,Clínica Veterinaria,veterinary,comercio,-13.71134,-76.204797,90,Pisco,0.0585481433853602,True,False,636.3043639243341,4680876.009499601,1455.9058199562169,10710149.12218062,1848.709394211212,13599748.709139518
ICA,Ferretería y Rep. Álex,hardware,comercio,-13.710727,-76.197364,92,Pisco,0.0585481433853602,True,False,657.067059985058,4833613.616521155,1457.6377428272467,10722889.748643262,1887.3087451186695,13822938.014549414
ICA,Promart,doityourself,comercio,-13.711186,-76.195788,92,Pisco,0.0585481433853602,True,False,657.067059985058,4833613.616521155,1457.6377428272467,10722889.748643262,1887.3087451186695,13822938.014549414
ICA,Purina Gripa,pet,comercio,-13.415544,-76.138581,110,Pisco,0.7618700061726205,True,False,615.8591608341613,4530473.991094589,1131.8161231449865,8079727.606867468,1801.055204858589,12424243.481516037
ICA,Aceros Arequipa,hardware,comercio,-13.414419,-76.13943,109,Pisco,0.7618700061726205,True,False,615.8591608341613,4530473.991094589,1131.8161231449865,8079727.606867468,1665.3467523527513,11425924.947751543
ICA,Agrovet Center Del Sur,veterinary,comercio,-13.418624,-76.136031,108,Pisco,0.7618700061726205,True,False,615.8591608341613,4530473.991094589,1131.8161231449865,8079727.606867468,1660.0596234324944,11398303.999521198
ICA,Aceros Arequipa,hardware,comercio,-13.438406,-76.135102,108,Pisco,0.7618700061726205,True,False,654.0098823426238,4811123.9554492235,1128.1752489558287,8195192.894924453,1820.9106123464576,12633795.293999983
ICA,Ferreteria el Progreso,hardware,comercio,-13.434822,-76.13454,108,Pisco,0.7618700061726205,True,False,626.9534892074629,4612087.725760527,1168.639495591563,8392809.343777893,1807.5102207246325,12504502.689102823
ICA,Aceros Arequipa,hardware,comercio,-13.422054,-76.136478,108,Pisco,0.7618700061726205,True,False,615.8591608341613,4530473.991094589,1149.7963467739648,8211996.379803828,1673.6097610204106,11513213.864798004
ICA,Magdalena,hardware,comercio,-14.07085,-75.72153,65,Pisco,1.304193835475294,True,False,909.3883793928904,6689776.920851188,1296.9724774784438,9540980.227399537,1573.9896890372147,11578815.09593129
ICA,INKA,hardware,comercio,-14.070839,-75.721464,65,Pisco,1.304193835475294,True,False,909.3883793928904,6689776.920851188,1296.9724774784438,9540980.227399537,1573.9896890372147,11578815.09593129
ICA,Fatima Nicoll,hardware,comercio,-14.070753,-75.72107,65,Pisco,1.304193835475294,True,False,909.3883793928904,6689776.920851188,1296.9724774784438,9540980.227399537,1573.9896890372147,11578815.09593129
ICA,Cementos Sol,hardware,comercio,-14.070614,-75.721575,65,Pisco,1.304193835475294,True,False,909.3883793928904,6689776.920851188,1296.9724774784438,9540980.227399537,1573.9896890372147,11578815.09593129
ICA,Clinica Veterinaria,veterinary,comercio,-14.049879,-75.70292,64,Pisco,1.304193835475294,True,False,861.1659728863415,6335036.141855549,1282.0611334413804,9431287.199141784,1542.6895799721665,11348560.617219705
ICA,Ferreteria Patin,hardware,comercio,-14.0484,-75.705017,64,Pisco,1.304193835475294,True,False,861.1659728863415,6335036.141855549,1282.0611334413804,9431287.199141784,1542.6895799721665,11348560.617219705
ICA,Veterinaria Brown,veterinary,comercio,-14.038428,-75.71087,64,Pisco,1.304193835475294,True,False,849.5235095050734,6249390.135600379,1218.465910041677,8963458.637202457,1542.6895799721665,11348560.617219705
ICA,Ferreteria Diany Sur,hardware,comercio,-14.037609,-75.710737,64,Pisco,1.304193835475294,True,False,849.5235095050734,6249390.135600379,1218.465910041677,8963458.637202457,1542.6895799721665,11348560.617219705
ICA,Ferreteria Patin,hardware,comercio,-14.049559,-75.703757,64,Pisco,1.304193835475294,True,False,861.1659728863415,6335036.141855549,1282.0611334413804,9431287.199141784,1542.6895799721665,11348560.617219705
ICA,Posta Vet Guau Guau,pet,comercio,-14.04913,-75.704372,64,Pisco,1.304193835475294,True,False,861.1659728863415,6335036.141855549,1282.0611334413804,9431287.199141784,1542.6895799721665,11348560.617219705
ICA,Veterineria,veterinary,comercio,-14.04714,-75.706782,64,Pisco,1.304193835475294,True,False,861.1659728863415,6335036.141855549,1218.465910041677,8963458.637202457,1542.6895799721665,11348560.617219705
ICA,Ferrteria Carlitos,hardware,comercio,-14.047609,-75.700066,64,Pisco,1.304193835475294,True,False,849.5235095050734,6249390.135600379,1282.0611334413804,9431287.199141784,1542.6895799721665,11348560.617219705
ICA,Inox,hardware,comercio,-14.061947,-75.723746,65,Pisco,1.304193835475294,True,False,909.3883793928904,6689776.920851188,1285.0314758799273,9453138.07027968,1573.9896890372147,11578815.09593129
ICA,Global Vet,veterinary,comercio,-13.458638,-76.161875,98,Pisco,0.3324523879337658,True,False,607.4545363352054,4468646.652769603,1059.559147459689,7794485.2733709775,1775.4872913472695,12586829.415094955
ICA,maestro,doityourself,comercio,-14.073656,-75.73937,65,Pisco,1.2800623915581704,True,False,1005.3581220780251,7395763.696428472,1296.9724774784438,9540980.227399537,1573.9896890372147,11578815.09593129
ICA,Mangueras e Hidráulica del Sur SAC,hardware,comercio,-13.716225,-76.218952,89,Pisco,0.0585481433853602,True,False,574.2567208312352,4224431.986062073,1351.731817864145,9943808.963519808,1841.1460385862629,13544110.036983019
ICA,Filita,hardware,comercio,-14.035146,-75.708768,64,Pisco,1.304193835475294,True,False,835.9854637793408,6149799.566926192,1218.465910041677,8963458.637202457,1542.6895799721665,11348560.617219705
ICA,Veterinaria Premier Can,veterinary,comercio,-14.058114,-75.738352,65,Pisco,0.965020306000256,True,False,1005.3581220780251,7395763.696428472,1221.4362524802239,8985309.508340353,1573.9896890372147,11578815.09593129
ICA,San Isidro,veterinary,comercio,-14.078652,-75.724779,65,Pisco,1.304193835475294,True,False,909.3883793928904,6689776.920851188,1296.9724774784438,9540980.227399537,1573.9896890372147,11578815.09593129
ICA,Colors Fish,pet,comercio,-14.085013,-75.723631,65,Pisco,1.304193835475294,True,False,909.3883793928904,6689776.920851188,1296.9724774784438,9540980.227399537,1573.9896890372147,11578815.09593129
ICA,Santa Natalia,hardware,comercio,-14.081941,-75.724258,65,Pisco,1.304193835475294,True,False,909.3883793928904,6689776.920851188,1296.9724774784438,9540980.227399537,1573.9896890372147,11578815.09593129
ICA,La Moderna,hardware,comercio,-14.081596,-75.724035,65,Pisco,1.304193835475294,True,False,909.3883793928904,6689776.920851188,1296.9724774784438,9540980.227399537,1573.9896890372147,11578815.09593129
ICA,Bravos,veterinary,comercio,-14.079526,-75.725047,65,Pisco,1.304193835475294,True,False,909.3883793928904,6689776.920851188,1296.9724774784438,9540980.227399537,1573.9896890372147,11578815.09593129
ICA,Mi Mascota,veterinary,comercio,-14.077708,-75.726293,65,Pisco,1.304193835475294,True,False,909.3883793928904,6689776.920851188,1296.9724774784438,9540980.227399537,1573.9896890372147,11578815.09593129
ICA,Martinez,veterinary,comercio,-14.07767,-75.726297,65,Pisco,1.304193835475294,True,False,909.3883793928904,6689776.920851188,1296.9724774784438,9540980.227399537,1573.9896890372147,11578815.09593129
ICA,Nicolás de Rivera,veterinary,comercio,-14.076403,-75.725094,65,Pisco,1.304193835475294,True,False,909.3883793928904,6689776.920851188,1296.9724774784438,9540980.227399537,1573.9896890372147,11578815.09593129
ICA,Yupanqui,hardware,comercio,-14.114749,-75.670162,62,Pisco,1.304193835475294,True,False,858.8207986801968,6317784.225473995,1159.6891401479859,8531076.293610714,1448.105314829006,10652765.89587874
ICA,Distribuidora Idalina S.R.L.,hardware,comercio,-14.055039,-75.744044,66,Pisco,0.965020306000256,True,False,1005.3581220780251,7395763.696428472,1221.4362524802239,8985309.508340353,1608.1692402426022,11830251.751600347
ICA,Ferretería Dominguez,hardware,comercio,-14.055009,-75.744067,66,Pisco,0.965020306000256,True,False,1005.3581220780251,7395763.696428472,1221.4362524802239,8985309.508340353,1608.1692402426022,11830251.751600347
ICA,Coliseo de Gallos Santa María,agrarian,comercio,-14.531066,-75.190981,34,Pisco,2.3914228485005604,True,False,181.53180030258127,1335411.0032454068,370.1197289095831,2707999.7355390447,485.55502205806,3545681.3738507093
ICA,Ferreteria Rerromar,hardware,comercio,-14.531164,-75.190899,34,Pisco,2.3914228485005604,True,False,181.53180030258127,1335411.0032454068,370.1197289095831,2707999.7355390447,485.55502205806,3545681.3738507093
ICA,Grupo Fortaleza GyA,trade,comercio,-13.716949,-76.205804,90,Pisco,0.0585481433853602,True,False,636.3043639243341,4680876.009499601,1455.9058199562169,10710149.12218062,1848.709394211212,13599748.709139518
ICA,Ferretería Díaz,hardware,comercio,-13.734356,-76.224293,87,Pisco,0.0585481433853602,True,False,457.8743764063188,3368283.018941847,1251.5960604824006,9207175.536191909,1827.8490847817438,13446293.024257962
ICA,Ferretería José de San Martín,hardware,comercio,-13.836837,-76.248182,69,,,False,False,218.83149148337094,1609800.4927863963,967.5329809537288,7117508.814515215,1545.0515021896667,11365935.737792533
ICA,El Nazareno,hardware,comercio,-14.031385,-75.704461,63,Pisco,1.304193835475294,True,False,833.1793637835735,6129156.920269747,1218.465910041677,8963458.637202457,1461.7131916318754,10752870.166221846
ICA,Cemento Inka,trade,comercio,-14.043809,-75.750252,65,Pisco,0.965020306000256,True,False,957.135715571476,7041022.917432834,1208.0384782015503,8886750.825173452,1576.869131177554,11599997.272888763
ICA,Grupo AYG Fortaleza SRL,hardware,comercio,-14.061949,-75.740932,66,Pisco,0.965020306000256,True,False,1005.3581220780251,7395763.696428472,1221.4362524802239,8985309.508340353,1608.1692402426022,11830251.751600347
ICA,Megafer J&C,hardware,comercio,-14.035286,-75.706621,64,Pisco,1.304193835475294,True,False,835.9854637793408,6149799.566926192,1218.465910041677,8963458.637202457,1542.6895799721665,11348560.617219705
ICA,Maderera Luisa de la Torre,trade,comercio,-13.71733,-76.208163,90,Pisco,0.0585481433853602,True,False,613.5792127785068,4513701.900941382,1425.4196730140397,10485882.431687376,1848.709394211212,13599748.709139518
ICA,Ferreteria Arana,hardware,comercio,-14.071073,-75.723905,65,Pisco,1.304193835475294,True,False,909.3883793928904,6689776.920851188,1296.9724774784438,9540980.227399537,1573.9896890372147,11578815.09593129
ICA,Cemasur,trade,comercio,-13.716156,-76.206035,90,Pisco,0.0585481433853602,True,False,636.3043639243341,4680876.009499601,1455.9058199562169,10710149.12218062,1848.709394211212,13599748.709139518
ICA,Afesur,trade,comercio,-13.716335,-76.205732,90,Pisco,0.0585481433853602,True,False,636.3043639243341,4680876.009499601,1455.9058199562169,10710149.12218062,1848.709394211212,13599748.709139518
ICA,Ferretería Paco,trade,comercio,-13.716437,-76.205737,90,Pisco,0.0585481433853602,True,False,636.3043639243341,4680876.009499601,1455.9058199562169,10710149.12218062,1848.709394211212,13599748.709139518
ICA,S&G Eirl,trade,comercio,-13.714865,-76.204583,90,Pisco,0.0585481433853602,True,False,636.3043639243341,4680876.009499601,1455.9058199562169,10710149.12218062,1848.709394211212,13599748.709139518
ICA,Cemento Sol,hardware,comercio,-13.405044,-76.13007,101,Pisco,0.7618700061726205,True,False,593.4114748343405,4365341.012566351,962.1535998380027,6973879.9533938365,1561.1171954765248,10772668.733242609
ICA,Ferreteria Mi Casa,hardware,comercio,-14.036664,-75.708952,64,Pisco,1.304193835475294,True,False,849.5235095050734,6249390.135600379,1218.465910041677,8963458.637202457,1542.6895799721665,11348560.617219705
ICA,Aceros Arequipa,hardware,comercio,-14.061259,-75.720322,65,Pisco,1.304193835475294,True,False,909.3883793928904,6689776.920851188,1295.458907720054,9529845.88230868,1573.9896890372147,11578815.09593129
ICA,Ferremar,hardware,comercio,-14.059752,-75.722083,65,Pisco,1.304193835475294,True,False,909.3883793928904,6689776.920851188,1295.458907720054,9529845.88230868,1573.9896890372147,11578815.09593129
ICA,Industrias Acerinox,trade,comercio,-14.059827,-75.716841,65,Pisco,1.304193835475294,True,False,909.3883793928904,6689776.920851188,1295.458907720054,9529845.88230868,1573.9896890372147,11578815.09593129
ICA,Prohresol Yessica,trade,comercio,-14.05256,-75.70482,64,Pisco,1.304193835475294,True,False,909.3883793928904,6689776.920851188,1218.465910041677,8963458.637202457,1542.6895799721665,11348560.617219705
ICA,Ferreteria Eric,hardware,comercio,-14.040579,-75.710435,64,Pisco,1.304193835475294,True,False,849.5235095050734,6249390.135600379,1218.465910041677,8963458.637202457,1542.6895799721665,11348560.617219705
ICA,Vet House,yes,comercio,-13.985313,-75.77297,71,Pisco,0.965020306000256,True,False,965.9061504715937,7105541.2841836875,1260.0175064930281,9269126.619402036,1600.90824402275,11776837.340294173
ICA,Facasa,hardware,comercio,-13.444535,-76.135845,106,Pisco,0.7618700061726205,True,False,654.0098823426238,4811123.9554492235,1128.1752489558287,8195192.894924453,1798.151491901595,12522645.898291977
ICA,Ica Verde,garden_centre,comercio,-14.034926,-75.754915,67,Pisco,0.965020306000256,True,False,957.135715571476,7041022.917432834,1208.0384782015503,8886750.825173452,1587.9634595508558,11681611.007554697
ICA,Distribuidora Kassandra,trade,comercio,-14.035984,-75.754534,67,Pisco,0.965020306000256,True,False,957.135715571476,7041022.917432834,1208.0384782015503,8886750.825173452,1587.9634595508558,11681611.007554697
ICA,Ferreteria Martha,hardware,comercio,-13.833634,-76.139933,107,,,False,False,677.4250918870775,4983374.373375123,1392.5781213052942,10244288.565255105,2057.4531587302095,15135340.377006508
ICA,Ferreteria Luis,hardware,comercio,-14.080658,-75.748341,65,Pisco,1.2800623915581704,True,False,909.3883793928904,6689776.920851188,1285.0314758799273,9453138.07027968,1573.9896890372147,11578815.09593129
ICA,Veterinaria Vet Salud,yes,comercio,-14.083086,-75.726619,65,Pisco,1.304193835475294,True,False,909.3883793928904,6689776.920851188,1296.9724774784438,9540980.227399537,1573.9896890372147,11578815.09593129
ICA,Ferreteria Yovanna,hardware,comercio,-14.048816,-75.704968,64,Pisco,1.304193835475294,True,False,861.1659728863415,6335036.141855549,1282.0611334413804,9431287.199141784,1542.6895799721665,11348560.617219705
ICA,Ferreteria Huaman,hardware,comercio,-14.032923,-75.709895,64,Pisco,1.304193835475294,True,False,835.9854637793408,6149799.566926192,1218.465910041677,8963458.637202457,1542.6895799721665,11348560.617219705
ICA,Distribuidora Gabriel,trade,comercio,-13.712841,-76.205185,90,Pisco,0.0585481433853602,True,False,636.3043639243341,4680876.009499601,1455.9058199562169,10710149.12218062,1848.709394211212,13599748.709139518
ICA,Comercial Santa Rosa,hardware,comercio,-14.061555,-75.722755,65,Pisco,1.304193835475294,True,False,909.3883793928904,6689776.920851188,1295.458907720054,9529845.88230868,1573.9896890372147,11578815.09593129
ICA,El Amigo,hardware,comercio,-14.061931,-75.723814,65,Pisco,1.304193835475294,True,False,909.3883793928904,6689776.920851188,1285.0314758799273,9453138.07027968,1573.9896890372147,11578815.09593129
ICA,Ferreteria Max,hardware,comercio,-14.061716,-75.722048,65,Pisco,1.304193835475294,True,False,909.3883793928904,6689776.920851188,1295.458907720054,9529845.88230868,1573.9896890372147,11578815.09593129
ICA,Comercial El Gallito,hardware,comercio,-14.061826,-75.722262,65,Pisco,1.304193835475294,True,False,909.3883793928904,6689776.920851188,1295.458907720054,9529845.88230868,1573.9896890372147,11578815.09593129
ICA,Ferreteria Carlos,hardware,comercio,-14.06189,-75.722613,65,Pisco,1.304193835475294,True,False,909.3883793928904,6689776.920851188,1295.458907720054,9529845.88230868,1573.9896890372147,11578815.09593129
ICA,Aceros Arequipa,hardware,comercio,-14.056342,-75.732733,65,Pisco,0.965020306000256,True,False,909.3883793928904,6689776.920851188,1208.0384782015503,8886750.825173452,1573.9896890372147,11578815.09593129
ICA,Huesitos,yes,comercio,-14.083708,-75.726494,65,Pisco,1.304193835475294,True,False,909.3883793928904,6689776.920851188,1296.9724774784438,9540980.227399537,1573.9896890372147,11578815.09593129
ICA,Maestro Home Center,doityourself,comercio,-14.073665,-75.739426,65,Pisco,1.2800623915581704,True,False,1005.3581220780251,7395763.696428472,1296.9724774784438,9540980.227399537,1573.9896890372147,11578815.09593129
ICA,Promart,doityourself,comercio,-14.076033,-75.737584,65,Pisco,1.2800623915581704,True,False,909.3883793928904,6689776.920851188,1296.9724774784438,9540980.227399537,1573.9896890372147,11578815.09593129
ICA,Ferretería Rivera,hardware,comercio,-15.36422,-75.165207,3,,,False,False,0.0,0.0,0.4172032666691947,3069.092202971163,17.157786794462325,126218.64179428796
ICA,Aceros Pacífico,hardware,comercio,-15.363961,-75.165352,3,,,False,False,0.0,0.0,0.4172032666691947,3069.092202971163,17.157786794462325,126218.64179428796
ICA,Cassoli,trade,comercio,-13.716732,-76.205675,90,Pisco,0.0585481433853602,True,False,636.3043639243341,4680876.009499601,1455.9058199562169,10710149.12218062,1848.709394211212,13599748.709139518
ICA,Ferretería Méndez,hardware,comercio,-14.534852,-75.186015,33,Pisco,2.3914228485005604,True,False,152.3297237003494,1120590.3803725275,370.1197289095831,2707999.7355390447,480.7921535170008,3510644.0578204594
ICA,Ferretería Jesús,hardware,comercio,-14.534137,-75.187948,34,Pisco,2.3914228485005604,True,False,181.53180030258127,1335411.0032454068,370.1197289095831,2707999.7355390447,485.55502205806,3545681.3738507093
ICA,Progresol,hardware,comercio,-13.417586,-76.15795,106,Pisco,0.7618700061726205,True,False,613.3312217841119,4511877.593012584,1100.6596365606451,7850529.665031129,1731.4961997966934,11912543.269323863
JUNIN,Maestro,doityourself,comercio,-12.066197,-75.217487,195,Tarma,1.9855974247691868,True,False,1353.3661340309081,3963699.0730422507,2029.969531515267,5993548.933044799,2705.929697204511,8011967.088976211
JUNIN,Veterinaria La Vida,veterinary,comercio,-12.076568,-75.2054,185,Tarma,1.9855974247691868,True,False,1272.3277795150439,3732628.829072099,1960.0448888293304,5795247.712753262,2523.0475033447524,7484637.179478748
JUNIN,Sodimac,doityourself,comercio,-12.060958,-75.209975,183,Tarma,1.9855974247691868,True,False,1320.2253939650584,3866801.26378439,1964.054507556314,5797152.4954685485,2520.8727094132655,7469801.570865708
JUNIN,Consultorio Veterinario FIFO,veterinary,comercio,-12.076534,-75.205263,185,Tarma,1.9855974247691868,True,False,1272.3277795150439,3732628.829072099,1960.0448888293304,5795247.712753262,2523.0475033447524,7484637.179478748
JUNIN,Clinica Veterinaria Central,veterinary,comercio,-12.076108,-75.205769,186,Tarma,1.9855974247691868,True,False,1272.3277795150439,3732628.829072099,1960.0448888293304,5795247.712753262,2527.2295338039726,7496864.715404104
JUNIN,Agroveterinaria Huascaran,veterinary,comercio,-12.072704,-75.204575,185,Tarma,1.9855974247691868,True,False,1266.2384700334742,3708952.8075596034,1960.0448888293304,5795247.712753262,2523.0475033447524,7484637.179478748
JUNIN,Promart,doityourself,comercio,-12.066714,-75.205767,183,Tarma,1.9855974247691868,True,False,1297.5955765375452,3800635.5798475062,1967.8627288476125,5811959.35156447,2519.5700111014803,7467083.502143633
JUNIN,Veterinaria Entrepatas,veterinary,comercio,-12.060124,-75.20691,181,Tarma,1.9855974247691868,True,False,1315.1000150227633,3851815.5395628433,1964.054507556314,5797152.4954685485,2514.2568028477563,7450457.800896214
JUNIN,Mianca,hardware,comercio,-12.056548,-75.204581,179,Tarma,1.9855974247691868,True,False,1269.9270234093974,3713047.633855625,1959.1799896731454,5782900.245726122,2499.120158915236,7391604.574851779
JUNIN,Ferreteria Cosmos,hardware,comercio,-12.073953,-75.206849,189,Tarma,1.9855974247691868,True,False,1293.076272699573,3787421.914721139,1974.236645050807,5836741.960758898,2558.2240590288884,7587487.362554241
JUNIN,Matizados Ferreteria,hardware,comercio,-12.074228,-75.206698,189,Tarma,1.9855974247691868,True,False,1293.076272699573,3787421.914721139,1974.236645050807,5836741.960758898,2558.2240590288884,7587487.362554241
JUNIN,Ferreteria Difencenter,hardware,comercio,-12.075139,-75.206167,187,Tarma,1.9855974247691868,True,False,1293.076272699573,3787421.914721139,1974.236645050807,5836741.960758898,2543.872008265988,7545524.440950214
JUNIN,Merver,hardware,comercio,-12.053397,-75.233153,191,Tarma,1.715449670031545,True,False,1325.9407834243916,3876822.209286471,2036.1208849793059,6007862.156132823,2677.861302761056,7909536.17790303
JUNIN,Huellitos Veterinaría,veterinary,comercio,-12.051338,-75.201828,175,Tarma,1.9855974247691868,True,False,1216.9764124806145,3558229.178152171,1903.4732878814061,5620023.455591828,2454.551745029686,7256617.53795965
JUNIN,Ferreteria Maciel,hardware,comercio,-12.045019,-75.197602,174,Tarma,1.9855974247691868,True,False,1153.1922486219346,3371735.281788662,1898.7718409052572,5606277.235337676,2437.0526345086255,7205453.15629277
JUNIN,Rocio,hardware,comercio,-12.05299,-75.233055,201,Tarma,1.715449670031545,True,False,1451.7993676956908,4244811.007000489,2139.728497259519,6310792.948639044,2784.7399632159677,8226707.631162792
JUNIN,Juanita,hardware,comercio,-12.052975,-75.233187,201,Tarma,1.715449670031545,True,False,1451.7993676956908,4244811.007000489,2139.728497259519,6310792.948639044,2784.7399632159677,8226707.631162792
JUNIN,Ferreteria Yoser,hardware,comercio,-12.05297,-75.233261,201,Tarma,1.715449670031545,True,False,1451.7993676956908,4244811.007000489,2139.728497259519,6310792.948639044,2784.7399632159677,8226707.631162792
JUNIN,Ferretería Edu,hardware,comercio,-12.06509,-75.21796,195,Tarma,1.9855974247691868,True,False,1353.3661340309081,3963699.0730422507,2029.969531515267,5993548.933044799,2705.929697204511,8011967.088976211
JUNIN,Bevam,hardware,comercio,-12.055265,-75.223977,200,Tarma,1.9855974247691868,True,False,1439.257212992205,4214829.777112431,2110.472599354869,6225253.747969429,2772.824692581996,8206465.72376979
JUNIN,Caja Cusco,hardware,comercio,-12.055032,-75.218602,195,Tarma,1.9855974247691868,True,False,1389.622752035914,4069707.172101101,2036.1208849793059,6007862.156132823,2707.0822787651837,8008900.077802552
JUNIN,Invertec,hardware,comercio,-12.055231,-75.218479,195,Tarma,1.9855974247691868,True,False,1389.622752035914,4069707.172101101,2036.1208849793059,6007862.156132823,2707.0822787651837,8008900.077802552
JUNIN,Servicio Tecnico La Industrial,hardware,comercio,-12.055248,-75.218466,195,Tarma,1.9855974247691868,True,False,1389.622752035914,4069707.172101101,2036.1208849793059,6007862.156132823,2707.0822787651837,8008900.077802552
JUNIN,El Pacifico,hardware,comercio,-12.056301,-75.21782,195,Tarma,1.9855974247691868,True,False,1350.6944398167798,3955887.4998594695,2036.1208849793059,6007862.156132823,2691.2056987921487,7967825.860074748
JUNIN,Ferretería Noemi,hardware,comercio,-12.05079,-75.188409,168,Tarma,1.9855974247691868,True,False,1028.0989176186013,3005983.952672086,1829.8396342083154,5404731.349428912,2346.850473599726,6941717.591998475
JUNIN,Casa Agropecuaria,trade,comercio,-12.070006,-75.206957,182,Tarma,1.9855974247691868,True,False,1293.076272699573,3787421.914721139,1967.3382706470495,5814620.695545229,2515.38798064226,7454855.966218275
JUNIN,Ferretería San Juan,hardware,comercio,-12.051258,-75.198116,175,Tarma,1.9855974247691868,True,False,1177.7916844097085,3443659.7901755767,1903.4732878814061,5620023.455591828,2454.551745029686,7256617.53795965
JUNIN,San Antonio,veterinary,comercio,-12.052076,-75.198943,175,Tarma,1.9855974247691868,True,False,1216.9764124806145,3558229.178152171,1903.4732878814061,5620023.455591828,2454.551745029686,7256617.53795965
JUNIN,La Unica,veterinary,comercio,-12.052975,-75.199863,175,Tarma,1.9855974247691868,True,False,1216.9764124806145,3558229.178152171,1903.4732878814061,5620023.455591828,2454.551745029686,7256617.53795965
JUNIN,Ferretería Coni Cruz,hardware,comercio,-12.058487,-75.200871,179,Tarma,1.9855974247691868,True,False,1263.820247237852,3695192.473365091,1944.9882334516687,5741405.997720486,2499.120158915236,7391604.574851779
JUNIN,Que tal Raza,veterinary,comercio,-12.055972,-75.193009,168,Tarma,1.9855974247691868,True,False,1039.200508349457,3038443.08964247,1829.8396342083154,5404731.349428912,2346.850473599726,6941717.591998475
JUNIN,Ferretería El Iman,hardware,comercio,-12.06654,-75.206511,184,Tarma,1.9855974247691868,True,False,1297.5955765375452,3800635.5798475062,1964.054507556314,5797152.4954685485,2543.97156805113,7537338.650421528
JUNIN,Veterinaria Lucky Pet,veterinary,comercio,-12.058945,-75.216385,191,Tarma,1.9855974247691868,True,False,1341.530394044837,3929093.4102442213,2027.692850163111,5983220.035636552,2617.4244206381163,7752102.1253855005
JUNIN,Puricentro D&R,pet,comercio,-12.052523,-75.226284,201,Tarma,1.9855974247691868,True,False,1458.736894329285,4271785.00632137,2110.472599354869,6225253.747969429,2777.7187745025053,8220775.175383832
JUNIN,Victoria,hardware,comercio,-12.05559,-75.221298,200,Tarma,1.9855974247691868,True,False,1427.0642826490312,4179179.751303119,2097.062789705037,6186045.776902648,2772.824692581996,8206465.72376979
JUNIN,David,hardware,comercio,-12.05492,-75.218906,195,Tarma,1.9855974247691868,True,False,1389.622752035914,4069707.172101101,2036.1208849793059,6007862.156132823,2707.0822787651837,8008900.077802552
JUNIN,Clinicas Veterinarías G&A,veterinary,comercio,-12.071807,-75.218202,193,Tarma,1.9855974247691868,True,False,1363.869444514596,3994408.9417356546,2003.8016255563653,5917038.488340028,2686.931264193906,7956418.946888797
JUNIN,Nerma,hardware,comercio,-12.053508,-75.234415,182,Tarma,1.715449670031545,True,False,1151.1998190741447,3365909.7613597927,1956.7349367614424,5775751.332630252,2523.3379831601114,7457736.636950323
JUNIN,Centro de Radiologia Veterinaria,veterinary,comercio,-12.06374,-75.207765,186,Tarma,1.9855974247691868,True,False,1315.1000150227633,3851815.5395628433,1977.8664672314985,5837536.283863859,2559.9669121860334,7584106.27848047
JUNIN,La Unica,pet,comercio,-12.054317,-75.21343,185,Tarma,1.9855974247691868,True,False,1320.0020753388537,3859458.4508982403,1992.1754429096754,5879373.261347899,2543.6252779933066,7517053.188759334
JUNIN,Sabuesos,pet,comercio,-12.064611,-75.208498,190,Tarma,1.9855974247691868,True,False,1315.1000150227633,3851815.5395628433,1977.8664672314985,5837536.283863859,2628.9466781440287,7785791.219467573
JUNIN,Chachi,hardware,comercio,-11.779951,-75.496621,182,Tarma,1.290334264876605,True,False,916.8915135700313,2680832.6795216026,1579.4553586881489,4618055.112027486,2418.235269339767,7070502.933957644
JUNIN,Ferretería Balazo,hardware,comercio,-12.074641,-75.219389,193,Tarma,1.9855974247691868,True,False,1363.869444514596,3994408.9417356546,2003.8016255563653,5917038.488340028,2686.931264193906,7956418.946888797
JUNIN,Electroferreteria,hardware,comercio,-12.02918,-75.231611,190,Tarma,1.715449670031545,True,False,1302.811167525615,3809195.200803437,2009.1704763271473,5929063.808485502,2612.0582743824343,7717139.469810451
JUNIN,Mateco,hardware,comercio,-12.038813,-75.228727,193,Tarma,1.715449670031545,True,False,1344.832414417856,3932058.0806923993,2090.930707473661,6168116.625856873,2702.272479722584,7980910.249944815
JUNIN,Edu,hardware,comercio,-12.039975,-75.227999,193,Tarma,1.715449670031545,True,False,1323.0670933496003,3868420.035038701,2029.1811107307265,5987571.452904852,2692.4816110692805,7952283.438312018
JUNIN,Dogo,pet,comercio,-12.042482,-75.226362,194,Tarma,1.715449670031545,True,False,1336.9722994090905,3909076.459782581,2029.1811107307265,5987571.452904852,2709.124085531296,8000943.163858127
JUNIN,Gp Filtros y Mantenimiento,hardware,comercio,-12.043604,-75.22568,194,Tarma,1.715449670031545,True,False,1336.9722994090905,3909076.459782581,2029.1811107307265,5987571.452904852,2709.124085531296,8000943.163858127
JUNIN,Truper,hardware,comercio,-12.044156,-75.225337,194,Tarma,1.715449670031545,True,False,1336.9722994090905,3909076.459782581,2029.1811107307265,5987571.452904852,2709.124085531296,8000943.163858127
JUNIN,Corazon de Jesus,hardware,comercio,-12.039199,-75.229062,193,Tarma,1.715449670031545,True,False,1344.832414417856,3932058.0806923993,2090.930707473661,6168116.625856873,2702.272479722584,7980910.249944815
JUNIN,Ferre Peru,hardware,comercio,-12.039377,-75.228959,193,Tarma,1.715449670031545,True,False,1344.832414417856,3932058.0806923993,2090.930707473661,6168116.625856873,2702.272479722584,7980910.249944815
JUNIN,Patitas,pet,comercio,-12.045058,-75.225132,194,Tarma,1.715449670031545,True,False,1376.1570274799965,4023645.8477591746,2029.1811107307265,5987571.452904852,2709.124085531296,8000943.163858127
JUNIN,A Unica,veterinary,comercio,-12.04512,-75.22507,194,Tarma,1.715449670031545,True,False,1376.1570274799965,4023645.8477591746,2029.1811107307265,5987571.452904852,2709.124085531296,8000943.163858127
JUNIN,San Miguel,hardware,comercio,-12.046284,-75.224347,194,Tarma,1.715449670031545,True,False,1376.1570274799965,4023645.8477591746,2029.1811107307265,5987571.452904852,2709.124085531296,8000943.163858127
JUNIN,Edipesa,hardware,comercio,-12.052377,-75.220257,195,Tarma,1.9855974247691868,True,False,1389.622752035914,4069707.172101101,2036.1208849793059,6007862.156132823,2707.0822787651837,8008900.077802552
JUNIN,Cotas Exotic,pet,comercio,-12.070528,-75.209784,190,Tarma,1.9855974247691868,True,False,1310.5807111847912,3838601.8744364753,1986.0247482054028,5869256.733682966,2622.534643394425,7768134.332040716
JUNIN,Charito SAC,hardware,comercio,-12.049013,-75.222608,194,Tarma,1.9855974247691868,True,False,1398.0788775260337,4087741.557152498,2057.313764835366,6069826.482392192,2721.0113250717823,8035699.402472831
JUNIN,ElectroBaes,hardware,comercio,-12.05151,-75.221052,194,Tarma,1.9855974247691868,True,False,1398.0788775260337,4087741.557152498,2057.313764835366,6069826.482392192,2721.0113250717823,8035699.402472831
JUNIN,Veterinaria Mis Huellitas,veterinary,comercio,-12.055058,-75.216547,195,Tarma,1.9855974247691868,True,False,1350.6944398167798,3955887.4998594695,2036.1208849793059,6007862.156132823,2691.2056987921487,7967825.860074748
JUNIN,Ferretería Aron,trade,comercio,-11.99774,-75.253501,196,Tarma,1.715449670031545,True,False,1316.2334883825956,3848439.7524825265,2036.3349630019839,5989653.185311025,2668.354186969549,7876835.117176669
JUNIN,La Economica,hardware,comercio,-12.07303,-75.207723,186,Tarma,1.9855974247691868,True,False,1293.076272699573,3787421.914721139,1974.236645050807,5836741.960758898,2540.9224998104246,7534056.371236142
JUNIN,Distribuidores Pianto's,hardware,comercio,-12.073053,-75.207702,186,Tarma,1.9855974247691868,True,False,1293.076272699573,3787421.914721139,1974.236645050807,5836741.960758898,2540.9224998104246,7534056.371236142
JUNIN,Ferrecentro Adelita,hardware,comercio,-12.07684,-75.205274,185,Tarma,1.9855974247691868,True,False,1272.3277795150439,3732628.829072099,1960.0448888293304,5795247.712753262,2523.0475033447524,7484637.179478748
JUNIN,Ferretería Profer San Jerónimo,hardware,comercio,-11.947962,-75.285811,199,Tarma,1.715449670031545,True,False,1102.6516175702795,3223963.191675875,2195.758003300755,6426707.639136268,2717.7727243800887,8000894.592441935
JUNIN,Romero,hardware,comercio,-12.087474,-75.198666,182,Tarma,1.9855974247691868,True,False,1219.3946352762366,3571989.512346684,1917.6332453148993,5675079.198418847,2483.328900090589,7368506.832526222
JUNIN,Maderera Iroko,trade,comercio,-12.082458,-75.202378,185,Tarma,1.9855974247691868,True,False,1247.810200688245,3660943.6563238963,1959.148190885162,5796461.740547502,2523.0475033447524,7484637.179478748
JUNIN,Ferrotóm,hardware,comercio,-11.993953,-75.256128,195,Tarma,1.715449670031545,True,False,1316.2334883825956,3848439.7524825265,2069.628630620314,6086998.128361952,2661.32595239794,7849508.433680629
JUNIN,Cachorros Veterinaria,veterinary,comercio,-12.048092,-75.216076,188,Tarma,1.9855974247691868,True,False,1305.840453427592,3818052.3104193974,1992.1754429096754,5879373.261347899,2586.8858656308216,7643539.687279097
JUNIN,El Universo,hardware,comercio,-12.053864,-75.218433,195,Tarma,1.9855974247691868,True,False,1389.622752035914,4069707.172101101,2036.1208849793059,6007862.156132823,2707.0822787651837,8008900.077802552
JUNIN,Ferrecolor Economico,hardware,comercio,-12.054033,-75.218694,195,Tarma,1.9855974247691868,True,False,1389.622752035914,4069707.172101101,2036.1208849793059,6007862.156132823,2707.0822787651837,8008900.077802552
JUNIN,Ferrocris,hardware,comercio,-12.082906,-75.203049,185,Tarma,1.9855974247691868,True,False,1247.810200688245,3660943.6563238963,1959.148190885162,5796461.740547502,2523.0475033447524,7484637.179478748
JUNIN,Agroveterinaria,veterinary,comercio,-12.086358,-75.207977,188,Tarma,1.9855974247691868,True,False,1312.3379741209446,3854422.909710716,1974.236645050807,5836741.960758898,2563.3523184445776,7602481.50878329
JUNIN,Ferretería Corporación Venecia,hardware,comercio,-12.083531,-75.208299,192,Tarma,1.9855974247691868,True,False,1304.154862579985,3830496.9026373615,1988.0486047259913,5877125.74915421,2627.760289990628,7790799.311257051
JUNIN,Señor de los Milagros,hardware,comercio,-12.085621,-75.207017,188,Tarma,1.9855974247691868,True,False,1312.3379741209446,3854422.909710716,1974.236645050807,5836741.960758898,2563.3523184445776,7602481.50878329
JUNIN,Ferretería Manrique,hardware,comercio,-12.085744,-75.207223,188,Tarma,1.9855974247691868,True,False,1312.3379741209446,3854422.909710716,1974.236645050807,5836741.960758898,2563.3523184445776,7602481.50878329
JUNIN,Ferretería Corsaas,hardware,comercio,-12.083187,-75.208541,192,Tarma,1.9855974247691868,True,False,1304.154862579985,3830496.9026373615,1988.0486047259913,5877125.74915421,2627.760289990628,7790799.311257051
JUNIN,Maderera Mantaro,trade,comercio,-12.082061,-75.209262,192,Tarma,1.9855974247691868,True,False,1304.154862579985,3830496.9026373615,1988.0486047259913,5877125.74915421,2627.760289990628,7790799.311257051
JUNIN,El Rayo,hardware,comercio,-12.086289,-75.209185,188,Tarma,1.9855974247691868,True,False,1312.3379741209446,3854422.909710716,1974.236645050807,5836741.960758898,2563.3523184445776,7602481.50878329
JUNIN,Meza,hardware,comercio,-12.087598,-75.210696,186,Tarma,1.9855974247691868,True,False,1311.6201007277868,3860871.068507163,1955.1703709461613,5780995.463010835,2542.5278135233416,7541594.247311824
JUNIN,Rocio,hardware,comercio,-12.089007,-75.212991,186,Tarma,1.9855974247691868,True,False,1311.6201007277868,3860871.068507163,1955.1703709461613,5780995.463010835,2542.5278135233416,7541594.247311824
JUNIN,Cristian,hardware,comercio,-12.055239,-75.223988,200,Tarma,1.9855974247691868,True,False,1439.257212992205,4214829.777112431,2110.472599354869,6225253.747969429,2772.824692581996,8206465.72376979
JUNIN,Cielo,hardware,comercio,-12.055755,-75.224999,200,Tarma,1.9855974247691868,True,False,1439.257212992205,4214829.777112431,2110.472599354869,6225253.747969429,2772.824692581996,8206465.72376979
JUNIN,Ferreteria Pilar,hardware,comercio,-12.044899,-75.218541,188,Tarma,1.9855974247691868,True,False,1294.7975507635297,3785764.7672363142,1985.235668661096,5859082.558119928,2586.8858656308216,7643539.687279097
JUNIN,Ferreteria Arenas,hardware,comercio,-11.521423,-75.90144,14,Tarma,0.8526222413082463,True,False,15.952572320288283,46642.57064845669,63.893048129972804,186812.2551970757,115.79642324045922,338568.77395018813
JUNIN,Ferretería Rosario,hardware,comercio,-12.072313,-75.203445,182,Tarma,1.9855974247691868,True,False,1266.2384700334742,3708952.8075596034,1955.1703709461613,5780995.463010835,2515.38798064226,7454855.966218275
JUNIN,A&R,trade,comercio,-12.072126,-75.203081,182,Tarma,1.9855974247691868,True,False,1266.2384700334742,3708952.8075596034,1955.1703709461613,5780995.463010835,2515.38798064226,7454855.966218275
JUNIN,Ibercon Ferretería,hardware,comercio,-12.07201,-75.202824,182,Tarma,1.9855974247691868,True,False,1266.2384700334742,3708952.8075596034,1955.1703709461613,5780995.463010835,2515.38798064226,7454855.966218275
JUNIN,Ferretería San Luis,hardware,comercio,-12.071359,-75.202969,182,Tarma,1.9855974247691868,True,False,1266.2384700334742,3708952.8075596034,1955.1703709461613,5780995.463010835,2515.38798064226,7454855.966218275
JUNIN,Ferretería San Luis,hardware,comercio,-12.071123,-75.203036,182,Tarma,1.9855974247691868,True,False,1266.2384700334742,3708952.8075596034,1955.1703709461613,5780995.463010835,2515.38798064226,7454855.966218275
JUNIN,Ferretera Yuri,hardware,comercio,-11.557243,-75.947434,9,Tarma,1.3797103109789906,True,False,0.5146748579750354,1504.820535654603,17.661903572825118,51640.36047866907,64.18822765842499,187675.309238354
JUNIN,Clinica Veterinaria,veterinary,comercio,-11.920342,-75.316012,193,Tarma,1.7694882419143738,True,False,1019.8951802245869,2981997.639161063,2084.728046500909,6095385.323411001,2602.491979222901,7644998.674240071
JUNIN,Ferretería Hermanos Quintana,hardware,comercio,-11.917092,-75.314935,193,Tarma,1.7694882419143738,True,False,958.3489610630335,2802047.1071871524,1966.744210086208,5750420.930530619,2602.491979222901,7644998.674240071
JUNIN,Veterinarias Vital Vets,veterinary,comercio,-11.921227,-75.311008,192,Tarma,1.7694882419143738,True,False,950.8790934176446,2780206.502274705,1949.2450995651473,5699256.548863739,2596.766972059731,7628259.740498866
JUNIN,Ferretería Virgen del Carmen,hardware,comercio,-11.917119,-75.32111,194,Tarma,1.7694882419143738,True,False,1013.5767612146818,2963523.6715062517,2117.795759820868,6192069.615056403,2609.1157562273283,7664365.456015805
JUNIN,Ferretería Inmaculada Concepción,hardware,comercio,-11.916956,-75.320755,194,Tarma,1.7694882419143738,True,False,1013.5767612146818,2963523.6715062517,2117.795759820868,6192069.615056403,2609.1157562273283,7664365.456015805
JUNIN,La Hacienda,veterinary,comercio,-11.779161,-75.496508,182,Tarma,1.290334264876605,True,False,915.4878266992882,2676728.5411593094,1569.9169840106397,4590166.5492405705,2429.19925616737,7102559.740842942
JUNIN,La Pradera,veterinary,comercio,-11.778818,-75.496813,182,Tarma,1.290334264876605,True,False,915.4878266992882,2676728.5411593094,1569.9169840106397,4590166.5492405705,2429.19925616737,7102559.740842942
JUNIN,Ferretería El Buen Constructor,hardware,comercio,-11.77814,-75.497623,181,Tarma,1.290334264876605,True,False,911.2178628478548,2664243.903158105,1569.9169840106397,4590166.5492405705,2414.0471290013584,7058257.533799111
JUNIN,Ferretería Meléndez,hardware,comercio,-11.778028,-75.496092,182,Tarma,1.290334264876605,True,False,915.4878266992882,2676728.5411593094,1569.9169840106397,4590166.5492405705,2429.19925616737,7102559.740842942
JUNIN,Ferretería El Sol,hardware,comercio,-11.778045,-75.496141,182,Tarma,1.290334264876605,True,False,915.4878266992882,2676728.5411593094,1569.9169840106397,4590166.5492405705,2429.19925616737,7102559.740842942
JUNIN,Ferretería Unión Maco,hardware,comercio,-11.777806,-75.496642,182,Tarma,1.290334264876605,True,False,915.4878266992882,2676728.5411593094,1569.9169840106397,4590166.5492405705,2429.19925616737,7102559.740842942
JUNIN,Maestrlto,hardware,comercio,-11.780543,-75.496188,183,Tarma,1.290334264876605,True,False,916.8915135700313,2680832.6795216026,1579.4553586881489,4618055.112027486,2469.279629599351,7219747.841412788
JUNIN,El Águila Ferretería,hardware,comercio,-11.913777,-75.315465,192,Tarma,1.7694882419143738,True,False,948.4892502698036,2773219.013008153,1954.518992181891,5714676.501460098,2602.4845396672895,7644976.922262318
JUNIN,Agropecuarios,garden_centre,comercio,-11.778665,-75.497133,181,Tarma,1.290334264876605,True,False,911.2178628478548,2664243.903158105,1569.9169840106397,4590166.5492405705,2414.0471290013584,7058257.533799111
JUNIN,San Lorenz,hardware,comercio,-12.071483,-75.204012,184,Tarma,1.9855974247691868,True,False,1266.2384700334742,3708952.8075596034,1955.1703709461613,5780995.463010835,2520.097994889189,7473169.109764676
JUNIN,Comercial Cielo,trade,comercio,-11.914342,-75.314445,192,Tarma,1.7694882419143738,True,False,948.4892502698036,2773219.013008153,1954.518992181891,5714676.501460098,2602.4845396672895,7644976.922262318
JUNIN,Agroservicios Campo Alto,trade,comercio,-11.91438,-75.314426,192,Tarma,1.7694882419143738,True,False,948.4892502698036,2773219.013008153,1954.518992181891,5714676.501460098,2602.4845396672895,7644976.922262318
JUNIN,D' Agro,trade,comercio,-11.914456,-75.31438,192,Tarma,1.7694882419143738,True,False,948.4892502698036,2773219.013008153,1954.518992181891,5714676.501460098,2602.4845396672895,7644976.922262318
JUNIN,La Económica,hardware,comercio,-11.123631,-75.35536,22,Tarma,1.3543956220344628,True,True,548.026322700142,1602334.4674793724,755.1795645826775,2208014.82582978,954.5179009643414,2790845.748075652
JUNIN,Veterniria Rodriguez,veterinary,comercio,-12.070744,-75.198768,180,Tarma,1.9855974247691868,True,False,1219.3946352762366,3571989.512346684,1903.4732878814061,5620023.455591828,2489.7927868202137,7380020.0330448225
JUNIN,Sodimac,doityourself,comercio,-12.061825,-75.209592,184,Tarma,1.9855974247691868,True,False,1315.1000150227633,3851815.5395628433,1964.054507556314,5797152.4954685485,2532.790884069877,7504648.258425597
JUNIN,Ferreteria Maranatha,hardware,comercio,-11.418857,-75.692109,42,Tarma,0.0670175773165809,True,False,563.3885345346807,1647250.9258675757,840.994609935438,2458923.2207396184,1105.1978520481764,3231407.942223835
JUNIN,Matizados Zavala,hardware,comercio,-11.418786,-75.692136,42,Tarma,0.0670175773165809,True,False,563.3885345346807,1647250.9258675757,840.994609935438,2458923.2207396184,1105.1978520481764,3231407.942223835
JUNIN,Ferreteria Rosales,hardware,comercio,-11.417741,-75.68826,41,Tarma,0.0670175773165809,True,True,651.711177607151,1905491.104106847,846.2546871357393,2474302.779440591,1091.1237876924263,3190257.804939132
JUNIN,Ferreteria Jorge,hardware,comercio,-11.416477,-75.688764,41,Tarma,0.0670175773165809,True,False,651.711177607151,1905491.104106847,846.2546871357393,2474302.779440591,1091.1237876924263,3190257.804939132
JUNIN,Ferrecolor,hardware,comercio,-12.074353,-75.206612,189,Tarma,1.9855974247691868,True,False,1293.076272699573,3787421.914721139,1974.236645050807,5836741.960758898,2558.2240590288884,7587487.362554241
JUNIN,Santa Rocio,hardware,comercio,-12.053456,-75.232395,202,Tarma,1.715449670031545,True,False,1451.7993676956908,4244811.007000489,2139.728497259519,6310792.948639044,2794.3325277422746,8264004.760627512
JUNIN,Ferreteria Matecofer,hardware,comercio,-12.052879,-75.233581,201,Tarma,1.715449670031545,True,False,1451.7993676956908,4244811.007000489,2139.728497259519,6310792.948639044,2784.7399632159677,8226707.631162792
JUNIN,La Industrial,hardware,comercio,-12.055346,-75.218333,195,Tarma,1.9855974247691868,True,False,1389.622752035914,4069707.172101101,2036.1208849793059,6007862.156132823,2707.0822787651837,8008900.077802552
JUNIN,Ferreteria Dorita,hardware,comercio,-12.047252,-75.195155,174,Tarma,1.9855974247691868,True,False,1149.4056962896893,3360664.0557114603,1898.7718409052572,5606277.235337676,2437.0526345086255,7205453.15629277
JUNIN,Yolanda,hardware,comercio,-12.047183,-75.195132,174,Tarma,1.9855974247691868,True,False,1149.4056962896893,3360664.0557114603,1898.7718409052572,5606277.235337676,2437.0526345086255,7205453.15629277
JUNIN,Dorita,hardware,comercio,-12.052297,-75.241737,203,Tarma,1.715449670031545,True,False,1476.0285471700415,4315652.949772894,2193.9471221191598,6469318.858423622,2840.103546168161,8383904.5210357485
JUNIN,Mi Casa,hardware,comercio,-12.052929,-75.233917,201,Tarma,1.715449670031545,True,False,1451.7993676956908,4244811.007000489,2139.728497259519,6310792.948639044,2784.7399632159677,8226707.631162792
JUNIN,O&H,hardware,comercio,-12.052903,-75.233749,201,Tarma,1.715449670031545,True,False,1451.7993676956908,4244811.007000489,2139.728497259519,6310792.948639044,2784.7399632159677,8226707.631162792
JUNIN,Rosario,hardware,comercio,-12.049928,-75.227872,199,Tarma,1.715449670031545,True,False,1439.257212992205,4214829.777112431,2097.062789705037,6186045.776902648,2767.2806131757825,8184909.627190074
JUNIN,Ferreteria A.C.E.R,hardware,comercio,-12.091071,-75.201836,181,Tarma,1.9855974247691868,True,False,1225.483944757806,3595665.5338591794,1913.6554253758989,5659612.92088218,2465.8297895695277,7317342.450859342
JUNIN,Maysa,hardware,comercio,-12.071512,-75.217712,193,Tarma,1.9855974247691868,True,False,1363.869444514596,3994408.9417356546,2003.8016255563653,5917038.488340028,2686.931264193906,7956418.946888797
JUNIN,Ferreandino,hardware,comercio,-12.05026,-75.215005,189,Tarma,1.9855974247691868,True,False,1343.7569131831856,3928913.500538589,1992.1754429096754,5879373.261347899,2595.5740924586285,7668942.564350553
JUNIN,Ferre Construye,hardware,comercio,-12.076506,-75.226307,193,Tarma,1.9855974247691868,True,False,1360.5381686732767,3984668.8656113422,1999.4522246335255,5904321.590039933,2677.929587581415,7930099.596697311
JUNIN,Jhojan,hardware,comercio,-12.03911,-75.228452,193,Tarma,1.715449670031545,True,False,1344.832414417856,3932058.0806923993,2090.930707473661,6168116.625856873,2702.272479722584,7980910.249944815
JUNIN,Los Angeles,hardware,comercio,-12.039263,-75.228384,193,Tarma,1.715449670031545,True,False,1344.832414417856,3932058.0806923993,2090.930707473661,6168116.625856873,2702.272479722584,7980910.249944815
JUNIN,Orocentro,hardware,comercio,-12.041731,-75.226719,193,Tarma,1.715449670031545,True,False,1323.0670933496003,3868420.035038701,2029.1811107307265,5987571.452904852,2692.4816110692805,7952283.438312018
JUNIN,Purina,pet,comercio,-12.04674,-75.224107,194,Tarma,1.715449670031545,True,False,1376.1570274799965,4023645.8477591746,2029.1811107307265,5987571.452904852,2709.124085531296,8000943.163858127
JUNIN,Ferreteria Femacop,hardware,comercio,-12.050837,-75.221505,194,Tarma,1.9855974247691868,True,False,1398.0788775260337,4087741.557152498,2057.313764835366,6069826.482392192,2721.0113250717823,8035699.402472831
JUNIN,Ferretería Fernandez,hardware,comercio,-12.073453,-75.215141,196,Tarma,1.9855974247691868,True,False,1353.3661340309081,3963699.0730422507,2021.541496699072,5968906.8125485275,2699.9384852190296,7998614.631065479
JUNIN,Ferretería Nuñez,hardware,comercio,-12.014174,-75.244314,194,Tarma,1.715449670031545,True,False,1331.5943004236738,3893352.118116026,2010.8393023549124,5915108.269977985,2665.305846707989,7872826.189430889
JUNIN,Ferretería Señor de la Divina Misericordia,hardware,comercio,-11.964199,-75.272262,198,Tarma,1.715449670031545,True,False,1192.0170354544628,3485252.263651481,2144.9518935939004,6278159.335214058,2715.848498952605,7998940.762818897
JUNIN,Inversiones Soledad - Mateco,trade,comercio,-11.954401,-75.27999,198,Tarma,1.715449670031545,True,False,1191.6946959024676,3484309.7983847596,2147.0280790614033,6284229.743509537,2712.0477172169185,7984155.65870073
JUNIN,Ferretería Zahudio,hardware,comercio,-11.954539,-75.279765,198,Tarma,1.715449670031545,True,False,1191.6946959024676,3484309.7983847596,2147.0280790614033,6284229.743509537,2712.0477172169185,7984155.65870073
JUNIN,Inversiones y Ferretería Corazón de Jesús,trade,comercio,-11.977165,-75.265507,199,Tarma,1.715449670031545,True,False,1296.5665196833866,3790936.927322021,2052.8797649175394,6014828.238231156,2715.7226267134247,8004719.111412801
JUNIN,Ferretería El Óvalo,trade,comercio,-11.995736,-75.255139,195,Tarma,1.715449670031545,True,False,1316.2334883825956,3848439.7524825265,2069.628630620314,6086998.128361952,2661.32595239794,7849508.433680629
JUNIN,Maderera Soto,trade,comercio,-12.082942,-75.203166,185,Tarma,1.9855974247691868,True,False,1247.810200688245,3660943.6563238963,1959.148190885162,5796461.740547502,2523.0475033447524,7484637.179478748
JUNIN,Maderba,trade,comercio,-12.085411,-75.206108,185,Tarma,1.9855974247691868,True,False,1277.3170599138866,3752027.7954758257,1955.1703709461613,5780995.463010835,2523.0475033447524,7484637.179478748
JUNIN,Cristina,trade,comercio,-12.000672,-75.252652,196,Tarma,1.715449670031545,True,False,1279.0135855252072,3739615.174621402,2031.2319464065436,5974732.844735583,2668.354186969549,7876835.117176669
JUNIN,Ferretería Efecenteck,hardware,comercio,-12.073843,-75.202907,183,Tarma,1.9855974247691868,True,False,1266.2384700334742,3708952.8075596034,1955.1703709461613,5780995.463010835,2518.728509147436,7467844.372373524
JUNIN,Tu Mejorpata,yes,comercio,-12.061009,-75.212673,185,Tarma,1.9855974247691868,True,False,1320.2253939650584,3866801.26378439,1964.054507556314,5797152.4954685485,2535.224760176166,7511764.492469734
JUNIN,Agrotec A&J,trade,comercio,-11.913773,-75.314885,192,Tarma,1.7694882419143738,True,False,948.4892502698036,2773219.013008153,1954.518992181891,5714676.501460098,2602.4845396672895,7644976.922262318
JUNIN,Corporación Sánchez,trade,comercio,-11.91395,-75.314828,192,Tarma,1.7694882419143738,True,False,948.4892502698036,2773219.013008153,1954.518992181891,5714676.501460098,2602.4845396672895,7644976.922262318
JUNIN,Tecnología Agrovet,trade,comercio,-11.914143,-75.314715,192,Tarma,1.7694882419143738,True,False,948.4892502698036,2773219.013008153,1954.518992181891,5714676.501460098,2602.4845396672895,7644976.922262318
JUNIN,Agro Meza,trade,comercio,-11.91411,-75.314537,192,Tarma,1.7694882419143738,True,False,948.4892502698036,2773219.013008153,1954.518992181891,5714676.501460098,2602.4845396672895,7644976.922262318
JUNIN,Hunnis <inversiones,trade,comercio,-11.913709,-75.314746,192,Tarma,1.7694882419143738,True,False,948.4892502698036,2773219.013008153,1954.518992181891,5714676.501460098,2602.4845396672895,7644976.922262318
JUNIN,Siderperu,trade,comercio,-11.91519,-75.31607,194,Tarma,1.7694882419143738,True,False,975.5000995321383,2852194.07857742,2006.4628133403717,5866551.277483146,2609.1157562273283,7664365.456015805
JUNIN,Ferretería J&L,trade,comercio,-11.914589,-75.325396,194,Tarma,1.7694882419143738,True,False,977.5320519753897,2858135.1571374047,2025.8866272766516,5923343.160045758,2609.1157562273283,7664365.456015805
JUNIN,Ferretería Los Angeles,trade,comercio,-11.866464,-75.372799,189,Tarma,1.7694882419143738,True,False,899.7983087732605,2630855.0961993216,2004.2981720632672,5860222.239653459,2570.6891260036605,7522941.589866254
JUNIN,Grupo Ferretero H&B - Cisneros,hardware,comercio,-12.070875,-75.19963,181,Tarma,1.9855974247691868,True,False,1241.7208912066753,3637267.6348114,1921.9708305766094,5677779.354488087,2501.744081258581,7414963.557135487
JUNIN,Veterinaria Rodriguez,yes,comercio,-12.070749,-75.198775,180,Tarma,1.9855974247691868,True,False,1219.3946352762366,3571989.512346684,1903.4732878814061,5620023.455591828,2489.7927868202137,7380020.0330448225
LA LIBERTAD,Veterinaria P4tas,veterinary,comercio,-8.112142,-79.006831,49,Huamachuco,2.795084166722603,True,False,481.0284910347561,1844911.669617142,1058.7356727234994,4060619.763801908,1934.2849021234551,7418655.765306781
LA LIBERTAD,El Constructor,trade,comercio,-8.112783,-79.009952,50,Huamachuco,2.795084166722603,True,False,481.0284910347561,1844911.669617142,1058.7356727234994,4060619.763801908,1970.4090588618687,7557204.478249779
LA LIBERTAD,Sodimac,doityourself,comercio,-8.101727,-79.048813,49,Huamachuco,2.795084166722603,True,False,467.80179384354614,1794182.6827621984,1118.9391629809963,4291521.100828352,2150.715400549116,8248742.048444856
LA LIBERTAD,Ferreteria La Esmeralda,hardware,comercio,-8.079919,-79.054731,45,Huamachuco,2.795084166722603,True,False,448.7714428883264,1721194.663947201,1145.320181899977,4392701.489447997,2008.4145101338702,7702968.610453154
LA LIBERTAD,Dinabinse,hardware,comercio,-8.09784,-79.007185,50,Huamachuco,2.795084166722603,True,False,481.0284910347561,1844911.669617142,967.4100570201288,3710354.244635508,2166.198184078117,8308123.911563532
LA LIBERTAD,Veterinaría Animal Pets,veterinary,comercio,-8.103858,-79.031872,49,Huamachuco,2.795084166722603,True,False,467.80179384354614,1794182.6827621984,1097.990032259773,4211173.893841132,2150.715400549116,8248742.048444856
LA LIBERTAD,Somos Red Inka,trade,comercio,-8.10999,-79.043199,49,Huamachuco,2.795084166722603,True,False,467.80179384354614,1794182.6827621984,1097.990032259773,4211173.893841132,2150.715400549116,8248742.048444856
LA LIBERTAD,Java Vet,veterinary,comercio,-8.119801,-79.040061,49,Huamachuco,2.795084166722603,True,False,467.80179384354614,1794182.6827621984,1058.7356727234994,4060619.763801908,2150.715400549116,8248742.048444856
LA LIBERTAD,Antojitos Selváticos,pet,comercio,-8.101782,-79.043509,49,Huamachuco,2.795084166722603,True,False,467.80179384354614,1794182.6827621984,1118.9391629809963,4291521.100828352,2150.715400549116,8248742.048444856
LA LIBERTAD,Animal Nutrition,pet,comercio,-8.102604,-79.039329,49,Huamachuco,2.795084166722603,True,False,467.80179384354614,1794182.6827621984,1097.990032259773,4211173.893841132,2150.715400549116,8248742.048444856
LA LIBERTAD,Ferreteria y Llaves,hardware,comercio,-8.102346,-79.039912,49,Huamachuco,2.795084166722603,True,False,467.80179384354614,1794182.6827621984,1097.990032259773,4211173.893841132,2150.715400549116,8248742.048444856
LA LIBERTAD,Proplan,pet,comercio,-8.102185,-79.040368,49,Huamachuco,2.795084166722603,True,False,467.80179384354614,1794182.6827621984,1097.990032259773,4211173.893841132,2150.715400549116,8248742.048444856
LA LIBERTAD,Pernos Herramientas,hardware,comercio,-8.097051,-79.042204,50,Huamachuco,2.795084166722603,True,False,467.80179384354614,1794182.6827621984,1145.320181899977,4392701.489447997,2193.54055391719,8412991.415529007
LA LIBERTAD,Veterinaría El Ovalo,veterinary,comercio,-8.120603,-79.020284,50,Huamachuco,2.795084166722603,True,False,481.0284910347561,1844911.669617142,1058.7356727234994,4060619.763801908,1970.4090588618687,7557204.478249779
LA LIBERTAD,Ferretería Central,hardware,comercio,-8.113596,-79.017603,51,Huamachuco,2.795084166722603,True,False,481.0284910347561,1844911.669617142,1058.7356727234994,4060619.763801908,2202.3223408165304,8446672.62450653
LA LIBERTAD,Froldan,hardware,comercio,-8.113738,-79.017718,51,Huamachuco,2.795084166722603,True,False,481.0284910347561,1844911.669617142,1058.7356727234994,4060619.763801908,2202.3223408165304,8446672.62450653
LA LIBERTAD,Ferretería El Emprendedor,hardware,comercio,-8.113798,-79.016287,50,Huamachuco,2.795084166722603,True,False,481.0284910347561,1844911.669617142,1058.7356727234994,4060619.763801908,1970.4090588618687,7557204.478249779
LA LIBERTAD,Megas Construcciones,hardware,comercio,-8.113687,-79.016397,50,Huamachuco,2.795084166722603,True,False,481.0284910347561,1844911.669617142,1058.7356727234994,4060619.763801908,1970.4090588618687,7557204.478249779
LA LIBERTAD,Lider Grupo Ferretero,hardware,comercio,-8.113493,-79.016623,50,Huamachuco,2.795084166722603,True,False,481.0284910347561,1844911.669617142,1058.7356727234994,4060619.763801908,1970.4090588618687,7557204.478249779
LA LIBERTAD,Distribuidora Ferretera Treboly,hardware,comercio,-8.11324,-79.016946,51,Huamachuco,2.795084166722603,True,False,481.0284910347561,1844911.669617142,1058.7356727234994,4060619.763801908,2202.3223408165304,8446672.62450653
LA LIBERTAD,Ferretería Torres,hardware,comercio,-8.113185,-79.01752,51,Huamachuco,2.795084166722603,True,False,481.0284910347561,1844911.669617142,1058.7356727234994,4060619.763801908,2202.3223408165304,8446672.62450653
LA LIBERTAD,Solano,hardware,comercio,-8.113329,-79.017642,51,Huamachuco,2.795084166722603,True,False,481.0284910347561,1844911.669617142,1058.7356727234994,4060619.763801908,2202.3223408165304,8446672.62450653
LA LIBERTAD,Inversiones Ferretera Balboa E.I.R.L.,hardware,comercio,-8.113959,-79.018118,51,Huamachuco,2.795084166722603,True,False,481.0284910347561,1844911.669617142,1058.7356727234994,4060619.763801908,2202.3223408165304,8446672.62450653
LA LIBERTAD,Clinica Veterinaria,veterinary,comercio,-8.097291,-79.025509,49,Huamachuco,2.795084166722603,True,False,481.0284910347561,1844911.669617142,1097.990032259773,4211173.893841132,2150.715400549116,8248742.048444856
LA LIBERTAD,Veterinaria Pocavet,veterinary,comercio,-8.098092,-79.030422,49,Huamachuco,2.795084166722603,True,False,467.80179384354614,1794182.6827621984,1097.990032259773,4211173.893841132,2150.715400549116,8248742.048444856
LA LIBERTAD,Clinica Veterinaria,veterinary,comercio,-8.098339,-79.030643,49,Huamachuco,2.795084166722603,True,False,467.80179384354614,1794182.6827621984,1097.990032259773,4211173.893841132,2150.715400549116,8248742.048444856
LA LIBERTAD,Veterinaría Medical Pets,veterinary,comercio,-8.122897,-79.034713,50,Huamachuco,2.795084166722603,True,False,467.80179384354614,1794182.6827621984,1058.7356727234994,4060619.763801908,2186.83955728753,8387290.761387854
LA LIBERTAD,Ferreteria Benites,hardware,comercio,-8.104954,-79.028718,49,Huamachuco,2.795084166722603,True,False,467.80179384354614,1794182.6827621984,1097.990032259773,4211173.893841132,2150.715400549116,8248742.048444856
LA LIBERTAD,El Duke de Can,pet,comercio,-8.129495,-79.037492,49,Huamachuco,2.795084166722603,True,False,467.80179384354614,1794182.6827621984,1058.7356727234994,4060619.763801908,1954.9262753328683,7497822.6151311025
LA LIBERTAD,Grandez,veterinary,comercio,-8.130503,-79.03481,49,Huamachuco,2.795084166722603,True,False,467.80179384354614,1794182.6827621984,1058.7356727234994,4060619.763801908,1954.9262753328683,7497822.6151311025
LA LIBERTAD,Deniel,veterinary,comercio,-8.095408,-79.02228,50,Huamachuco,2.795084166722603,True,False,481.0284910347561,1844911.669617142,1097.990032259773,4211173.893841132,2166.198184078117,8308123.911563532
LA LIBERTAD,Miller,veterinary,comercio,-8.096548,-79.022727,50,Huamachuco,2.795084166722603,True,False,481.0284910347561,1844911.669617142,1097.990032259773,4211173.893841132,2166.198184078117,8308123.911563532
LA LIBERTAD,Medivet,veterinary,comercio,-8.101378,-79.027217,49,Huamachuco,2.795084166722603,True,False,467.80179384354614,1794182.6827621984,1097.990032259773,4211173.893841132,2150.715400549116,8248742.048444856
LA LIBERTAD,Veterinaria San Juan,veterinary,comercio,-8.101872,-79.027665,49,Huamachuco,2.795084166722603,True,False,467.80179384354614,1794182.6827621984,1097.990032259773,4211173.893841132,2150.715400549116,8248742.048444856
LA LIBERTAD,Huellitas,veterinary,comercio,-8.137178,-79.050023,48,Huamachuco,2.795084166722603,True,False,467.80179384354614,1794182.6827621984,988.3591877413521,3790701.4516227283,1918.8021185944547,7359273.902188105
LA LIBERTAD,San Matriín,veterinary,comercio,-8.096402,-79.017395,50,Huamachuco,2.795084166722603,True,False,481.0284910347561,1844911.669617142,967.4100570201288,3710354.244635508,2166.198184078117,8308123.911563532
LA LIBERTAD,Oh My Can!,veterinary,comercio,-8.142051,-79.053591,47,Huamachuco,2.795084166722603,True,False,467.80179384354614,1794182.6827621984,988.3591877413521,3790701.4516227283,1860.3178902983134,7134966.533117302
LA LIBERTAD,Depostito de Materiales,trade,comercio,-8.142511,-79.050145,47,Huamachuco,2.795084166722603,True,False,467.80179384354614,1794182.6827621984,1079.6848034447228,4140966.9707891284,1860.3178902983134,7134966.533117302
LA LIBERTAD,Ferretería La Esquina,hardware,comercio,-8.144788,-79.049209,47,Huamachuco,2.795084166722603,True,False,467.80179384354614,1794182.6827621984,1079.6848034447228,4140966.9707891284,1860.3178902983134,7134966.533117302
LA LIBERTAD,Agromen Group,trade,comercio,-8.538654,-78.677713,38,Huamachuco,3.834136827785757,True,False,798.0124210581629,3060655.357321146,1128.7033010917366,4328969.968577344,1428.9442588406366,5117854.901100762
LA LIBERTAD,Marmoleria Trujillo,doityourself,comercio,-8.103261,-79.023679,49,Huamachuco,2.795084166722603,True,False,467.80179384354614,1794182.6827621984,967.4100570201288,3710354.244635508,2150.715400549116,8248742.048444856
LA LIBERTAD,Marmoleria El Angel,doityourself,comercio,-8.103297,-79.023643,49,Huamachuco,2.795084166722603,True,False,467.80179384354614,1794182.6827621984,967.4100570201288,3710354.244635508,2150.715400549116,8248742.048444856
LA LIBERTAD,Heldy,doityourself,comercio,-8.104168,-79.019245,50,Huamachuco,2.795084166722603,True,False,481.0284910347561,1844911.669617142,967.4100570201288,3710354.244635508,2166.198184078117,8308123.911563532
LA LIBERTAD,Sani Peru,doityourself,comercio,-8.104218,-79.01929,49,Huamachuco,2.795084166722603,True,False,481.0284910347561,1844911.669617142,967.4100570201288,3710354.244635508,2150.715400549116,8248742.048444856
LA LIBERTAD,Sanitarios A. Chon,doityourself,comercio,-8.10429,-79.019368,49,Huamachuco,2.795084166722603,True,False,481.0284910347561,1844911.669617142,967.4100570201288,3710354.244635508,2150.715400549116,8248742.048444856
LA LIBERTAD,Rey,doityourself,comercio,-8.104306,-79.019393,49,Huamachuco,2.795084166722603,True,False,481.0284910347561,1844911.669617142,967.4100570201288,3710354.244635508,2150.715400549116,8248742.048444856
LA LIBERTAD,Agropec Mendoza,trade,comercio,-8.423457,-78.782585,42,Huamachuco,3.645772398887248,True,False,1029.4765986637422,3948401.0321028377,1176.8438809897843,4513605.846267233,1416.777967856142,5433836.570743578
LA LIBERTAD,Agrotecnología Integral,trade,comercio,-8.423412,-78.782625,42,Huamachuco,3.645772398887248,True,False,1029.4765986637422,3948401.0321028377,1176.8438809897843,4513605.846267233,1416.777967856142,5433836.570743578
LA LIBERTAD,Lavaropas de Granito y Ferreteria,hardware,comercio,-8.104092,-79.018743,50,Huamachuco,2.795084166722603,True,False,481.0284910347561,1844911.669617142,967.4100570201288,3710354.244635508,2166.198184078117,8308123.911563532
LA LIBERTAD,Tarraco,doityourself,comercio,-8.104122,-79.018781,50,Huamachuco,2.795084166722603,True,False,481.0284910347561,1844911.669617142,967.4100570201288,3710354.244635508,2166.198184078117,8308123.911563532
LA LIBERTAD,Inversiones F&M,doityourself,comercio,-8.104313,-79.018983,50,Huamachuco,2.795084166722603,True,False,481.0284910347561,1844911.669617142,967.4100570201288,3710354.244635508,2166.198184078117,8308123.911563532
LA LIBERTAD,San Lorenzo,hardware,comercio,-8.104462,-79.01916,49,Huamachuco,2.795084166722603,True,False,481.0284910347561,1844911.669617142,967.4100570201288,3710354.244635508,2150.715400549116,8248742.048444856
LA LIBERTAD,Mi Casa,doityourself,comercio,-8.10464,-79.019355,49,Huamachuco,2.795084166722603,True,False,481.0284910347561,1844911.669617142,967.4100570201288,3710354.244635508,2150.715400549116,8248742.048444856
LA LIBERTAD,Celima,doityourself,comercio,-8.104669,-79.019395,49,Huamachuco,2.795084166722603,True,False,481.0284910347561,1844911.669617142,967.4100570201288,3710354.244635508,2150.715400549116,8248742.048444856
LA LIBERTAD,Top Veterinaria del Sur,veterinary,comercio,-8.108923,-79.021321,50,Huamachuco,2.795084166722603,True,False,481.0284910347561,1844911.669617142,1058.7356727234994,4060619.763801908,2166.198184078117,8308123.911563532
LA LIBERTAD,Kennth Plast,hardware,comercio,-8.106889,-79.018277,49,Huamachuco,2.795084166722603,True,False,481.0284910347561,1844911.669617142,967.4100570201288,3710354.244635508,2150.715400549116,8248742.048444856
LA LIBERTAD,Dar Luz,hardware,comercio,-8.106978,-79.020098,49,Huamachuco,2.795084166722603,True,False,481.0284910347561,1844911.669617142,967.4100570201288,3710354.244635508,2150.715400549116,8248742.048444856
LA LIBERTAD,Industrial MV,doityourself,comercio,-8.106486,-79.019369,49,Huamachuco,2.795084166722603,True,False,481.0284910347561,1844911.669617142,967.4100570201288,3710354.244635508,2150.715400549116,8248742.048444856
LA LIBERTAD,Ferretera Ecular,hardware,comercio,-8.11067,-79.019772,50,Huamachuco,2.795084166722603,True,False,481.0284910347561,1844911.669617142,1058.7356727234994,4060619.763801908,2166.198184078117,8308123.911563532
LA LIBERTAD,Veterinaria Top San Martin,veterinary,comercio,-8.109559,-79.020514,50,Huamachuco,2.795084166722603,True,False,481.0284910347561,1844911.669617142,1058.7356727234994,4060619.763801908,2166.198184078117,8308123.911563532
LA LIBERTAD,Agroveterinaria Angelita,veterinary,comercio,-8.109522,-79.020554,50,Huamachuco,2.795084166722603,True,False,481.0284910347561,1844911.669617142,1058.7356727234994,4060619.763801908,2166.198184078117,8308123.911563532
LA LIBERTAD,Veterinaria Santa Fe,veterinary,comercio,-8.109054,-79.021047,50,Huamachuco,2.795084166722603,True,False,481.0284910347561,1844911.669617142,1058.7356727234994,4060619.763801908,2166.198184078117,8308123.911563532
LA LIBERTAD,Ferretería Agüita,hardware,comercio,-8.141052,-79.046382,47,Huamachuco,2.795084166722603,True,False,467.80179384354614,1794182.6827621984,1079.6848034447228,4140966.9707891284,1860.3178902983134,7134966.533117302
LA LIBERTAD,Veterinaria Amigo Fiel,veterinary,comercio,-8.080794,-79.046288,50,Huamachuco,2.795084166722603,True,False,602.3466419952174,2310208.9994319724,1145.320181899977,4392701.489447997,2305.569705723065,8842662.200848533
LA LIBERTAD,Ferretería Aguito,hardware,comercio,-8.137862,-79.048011,48,Huamachuco,2.795084166722603,True,False,467.80179384354614,1794182.6827621984,988.3591877413521,3790701.4516227283,1918.8021185944547,7359273.902188105
LA LIBERTAD,Ferretería Seoane,hardware,comercio,-8.13826,-79.044984,47,Huamachuco,2.795084166722603,True,False,467.80179384354614,1794182.6827621984,1058.7356727234994,4060619.763801908,1860.3178902983134,7134966.533117302
LA LIBERTAD,Clinican,veterinary,comercio,-8.132315,-79.039534,49,Huamachuco,2.795084166722603,True,False,467.80179384354614,1794182.6827621984,1058.7356727234994,4060619.763801908,1954.9262753328683,7497822.6151311025
LA LIBERTAD,El Duke de Can,veterinary,comercio,-8.129579,-79.037649,49,Huamachuco,2.795084166722603,True,False,467.80179384354614,1794182.6827621984,1058.7356727234994,4060619.763801908,1954.9262753328683,7497822.6151311025
LA LIBERTAD,Veterinaria Mi Mascota,veterinary,comercio,-8.118136,-79.024749,50,Huamachuco,2.795084166722603,True,False,481.0284910347561,1844911.669617142,1058.7356727234994,4060619.763801908,2186.83955728753,8387290.761387854
LA LIBERTAD,Trujillo Pets,pet,comercio,-8.130727,-79.03757,49,Huamachuco,2.795084166722603,True,False,467.80179384354614,1794182.6827621984,1058.7356727234994,4060619.763801908,1954.9262753328683,7497822.6151311025
LA LIBERTAD,Ferreteria Parchel,hardware,comercio,-8.066009,-79.013951,41,Huamachuco,2.795084166722603,True,False,314.22659473665516,1205168.3472774269,924.8048443888126,3546948.426820123,1633.6792405409622,6265728.4370033685
LA LIBERTAD,Katu,pet,comercio,-8.112257,-79.031,49,Huamachuco,2.795084166722603,True,False,467.80179384354614,1794182.6827621984,1189.3156479631436,4561439.413007532,2150.715400549116,8248742.048444856
LA LIBERTAD,Anima Scotas,veterinary,comercio,-8.110205,-79.017695,50,Huamachuco,2.795084166722603,True,False,481.0284910347561,1844911.669617142,1058.7356727234994,4060619.763801908,2166.198184078117,8308123.911563532
LA LIBERTAD,Emergencias Veterinarias,veterinary,comercio,-8.110259,-79.01775,50,Huamachuco,2.795084166722603,True,False,481.0284910347561,1844911.669617142,1058.7356727234994,4060619.763801908,2166.198184078117,8308123.911563532
LA LIBERTAD,Inversiones Agro Veterinarias Trujillo,veterinary,comercio,-8.110326,-79.017818,50,Huamachuco,2.795084166722603,True,False,481.0284910347561,1844911.669617142,1058.7356727234994,4060619.763801908,2166.198184078117,8308123.911563532
LA LIBERTAD,Animascotas,veterinary,comercio,-8.110791,-79.018234,50,Huamachuco,2.795084166722603,True,False,481.0284910347561,1844911.669617142,1058.7356727234994,4060619.763801908,2166.198184078117,8308123.911563532
LA LIBERTAD,Zoo Mundo,veterinary,comercio,-8.110812,-79.018257,50,Huamachuco,2.795084166722603,True,False,481.0284910347561,1844911.669617142,1058.7356727234994,4060619.763801908,2166.198184078117,8308123.911563532
LA LIBERTAD,Veterinaria Dr,veterinary,comercio,-8.110835,-79.018276,50,Huamachuco,2.795084166722603,True,False,481.0284910347561,1844911.669617142,1058.7356727234994,4060619.763801908,2166.198184078117,8308123.911563532
LA LIBERTAD,Emergencias Veterinarias,veterinary,comercio,-8.111001,-79.018443,50,Huamachuco,2.795084166722603,True,False,481.0284910347561,1844911.669617142,1058.7356727234994,4060619.763801908,2166.198184078117,8308123.911563532
LA LIBERTAD,Collantes,hardware,comercio,-8.107042,-79.012472,50,Huamachuco,2.795084166722603,True,False,481.0284910347561,1844911.669617142,1058.7356727234994,4060619.763801908,2166.198184078117,8308123.911563532
LA LIBERTAD,Bichitos,veterinary,comercio,-8.125405,-79.045245,49,Huamachuco,2.795084166722603,True,False,467.80179384354614,1794182.6827621984,1058.7356727234994,4060619.763801908,2150.715400549116,8248742.048444856
LA LIBERTAD,Kevin & Hnos,hardware,comercio,-8.111626,-79.015598,50,Huamachuco,2.795084166722603,True,False,481.0284910347561,1844911.669617142,1058.7356727234994,4060619.763801908,1970.4090588618687,7557204.478249779
LA LIBERTAD,Industrial V&V,hardware,comercio,-8.111694,-79.013739,50,Huamachuco,2.795084166722603,True,False,481.0284910347561,1844911.669617142,1058.7356727234994,4060619.763801908,1970.4090588618687,7557204.478249779
LA LIBERTAD,Medi Can Vet,veterinary,comercio,-8.130248,-79.049938,48,Huamachuco,2.795084166722603,True,False,467.80179384354614,1794182.6827621984,967.4100570201288,3710354.244635508,1918.8021185944547,7359273.902188105
LA LIBERTAD,El Mundo de las Maquinarias,hardware,comercio,-8.104737,-79.013027,50,Huamachuco,2.795084166722603,True,False,481.0284910347561,1844911.669617142,967.4100570201288,3710354.244635508,2166.198184078117,8308123.911563532
LA LIBERTAD,Agrosermaq,hardware,comercio,-8.104938,-79.013255,50,Huamachuco,2.795084166722603,True,False,481.0284910347561,1844911.669617142,967.4100570201288,3710354.244635508,2166.198184078117,8308123.911563532
LA LIBERTAD,TEC - Hidraulica e Infistrial,hardware,comercio,-8.104963,-79.013292,50,Huamachuco,2.795084166722603,True,False,481.0284910347561,1844911.669617142,967.4100570201288,3710354.244635508,2166.198184078117,8308123.911563532
LA LIBERTAD,Ferreteria Industrial Kou,hardware,comercio,-8.10599,-79.01402,50,Huamachuco,2.795084166722603,True,False,481.0284910347561,1844911.669617142,1058.7356727234994,4060619.763801908,2166.198184078117,8308123.911563532
LA LIBERTAD,Clínica Veterinaria,veterinary,comercio,-8.122824,-79.03916,49,Huamachuco,2.795084166722603,True,False,467.80179384354614,1794182.6827621984,1058.7356727234994,4060619.763801908,2150.715400549116,8248742.048444856
LA LIBERTAD,Canes,veterinary,comercio,-8.129905,-79.030356,49,Huamachuco,2.795084166722603,True,False,467.80179384354614,1794182.6827621984,1058.7356727234994,4060619.763801908,1954.9262753328683,7497822.6151311025
LA LIBERTAD,Ferreteria Benites,hardware,comercio,-8.076402,-78.998948,47,Huamachuco,2.795084166722603,True,False,481.0284910347561,1844911.669617142,924.8048443888126,3546948.426820123,1862.3296478669836,7142682.323520685
LA LIBERTAD,Andrade,hardware,comercio,-8.079856,-79.00001,48,Huamachuco,2.795084166722603,True,False,481.0284910347561,1844911.669617142,924.8048443888126,3546948.426820123,1920.8138761631246,7366989.692591488
LA LIBERTAD,Ibañez,hardware,comercio,-8.077091,-78.999391,48,Huamachuco,2.795084166722603,True,False,481.0284910347561,1844911.669617142,924.8048443888126,3546948.426820123,1920.8138761631246,7366989.692591488
LA LIBERTAD,Family Vet,veterinary,comercio,-8.079508,-79.000094,48,Huamachuco,2.795084166722603,True,False,481.0284910347561,1844911.669617142,924.8048443888126,3546948.426820123,1920.8138761631246,7366989.692591488
LA LIBERTAD,Milagros,hardware,comercio,-8.080629,-79.000435,48,Huamachuco,2.795084166722603,True,False,481.0284910347561,1844911.669617142,967.4100570201288,3710354.244635508,1920.8138761631246,7366989.692591488
LA LIBERTAD,Saldana,hardware,comercio,-8.082634,-79.001011,48,Huamachuco,2.795084166722603,True,False,481.0284910347561,1844911.669617142,967.4100570201288,3710354.244635508,1920.8138761631246,7366989.692591488
LA LIBERTAD,Dino,hardware,comercio,-8.074278,-78.995023,43,Huamachuco,2.795084166722603,True,False,327.4532919278651,1255897.3341323703,924.8048443888126,3546948.426820123,1674.268168424441,6421401.101107725
LA LIBERTAD,Ferretería Xiomi,hardware,comercio,-8.072476,-78.997746,47,Huamachuco,2.795084166722603,True,False,481.0284910347561,1844911.669617142,924.8048443888126,3546948.426820123,1862.3296478669836,7142682.323520685
LA LIBERTAD,Ferreteria William,hardware,comercio,-7.156094,-79.444427,70,Chiclayo,1.1251901204746066,True,True,757.781546565866,2923029.885075482,1573.5814207380854,6239701.805040678,2207.8133697567487,8912736.495013384
LA LIBERTAD,Santa Ines,hardware,comercio,-8.084372,-79.001337,48,Huamachuco,2.795084166722603,True,False,481.0284910347561,1844911.669617142,967.4100570201288,3710354.244635508,1920.8138761631246,7366989.692591488
LA LIBERTAD,Proteino Real,agrarian,comercio,-8.083938,-79.001201,48,Huamachuco,2.795084166722603,True,False,481.0284910347561,1844911.669617142,967.4100570201288,3710354.244635508,1920.8138761631246,7366989.692591488
LA LIBERTAD,Veterinaría Vargas Vet,veterinary,comercio,-8.125234,-79.017699,50,Huamachuco,2.795084166722603,True,False,481.0284910347561,1844911.669617142,1016.1304600921833,3897213.9459865233,1970.4090588618687,7557204.478249779
LA LIBERTAD,El Buen Pastor,veterinary,comercio,-8.08126,-79.000444,48,Huamachuco,2.795084166722603,True,False,481.0284910347561,1844911.669617142,967.4100570201288,3710354.244635508,1920.8138761631246,7366989.692591488
LA LIBERTAD,Ferreteria Anypsa,hardware,comercio,-8.078753,-78.999436,48,Huamachuco,2.795084166722603,True,False,481.0284910347561,1844911.669617142,924.8048443888126,3546948.426820123,1920.8138761631246,7366989.692591488
LA LIBERTAD,Technomaq,hardware,comercio,-8.105143,-79.012969,50,Huamachuco,2.795084166722603,True,False,481.0284910347561,1844911.669617142,967.4100570201288,3710354.244635508,2166.198184078117,8308123.911563532
LA LIBERTAD,carsalsi Machinery,doityourself,comercio,-8.105229,-79.013032,50,Huamachuco,2.795084166722603,True,False,481.0284910347561,1844911.669617142,967.4100570201288,3710354.244635508,2166.198184078117,8308123.911563532
LA LIBERTAD,Inversiones Alta Sierra,doityourself,comercio,-8.114754,-79.015525,50,Huamachuco,2.795084166722603,True,False,481.0284910347561,1844911.669617142,1058.7356727234994,4060619.763801908,1970.4090588618687,7557204.478249779
LA LIBERTAD,Ferreteria Bodega,hardware,comercio,-8.110679,-79.012889,51,Huamachuco,2.795084166722603,True,False,481.0284910347561,1844911.669617142,1058.7356727234994,4060619.763801908,2202.3223408165304,8446672.62450653
LA LIBERTAD,Ferreteria Ferremaco - Car Colores,hardware,comercio,-8.109943,-79.012519,51,Huamachuco,2.795084166722603,True,False,481.0284910347561,1844911.669617142,1058.7356727234994,4060619.763801908,2202.3223408165304,8446672.62450653
LA LIBERTAD,RY Perez Ferreteria,hardware,comercio,-8.074487,-78.994839,43,Huamachuco,2.795084166722603,True,False,327.4532919278651,1255897.3341323703,924.8048443888126,3546948.426820123,1674.268168424441,6421401.101107725
LA LIBERTAD,Hosanna,hardware,comercio,-8.072329,-78.993986,41,Huamachuco,2.795084166722603,True,False,297.179431217558,1139786.5424645771,793.4538375199875,3043171.6029838244,1582.5642629741944,6069684.709110472
LA LIBERTAD,Pelos & Patas,veterinary,comercio,-8.10708,-79.011139,50,Huamachuco,2.795084166722603,True,False,481.0284910347561,1844911.669617142,1058.7356727234994,4060619.763801908,2166.198184078117,8308123.911563532
LA LIBERTAD,Ferretería Distribuciones Global Cargo,hardware,comercio,-8.101348,-79.003359,49,Huamachuco,2.795084166722603,True,False,481.0284910347561,1844911.669617142,967.4100570201288,3710354.244635508,1934.2849021234551,7418655.765306781
LA LIBERTAD,Ferretería Pelaez,hardware,comercio,-8.087975,-78.998935,49,Huamachuco,2.795084166722603,True,False,481.0284910347561,1844911.669617142,967.4100570201288,3710354.244635508,1934.2849021234551,7418655.765306781
LA LIBERTAD,Sánchez Carrión,veterinary,comercio,-8.085381,-79.001793,49,Huamachuco,2.795084166722603,True,False,481.0284910347561,1844911.669617142,967.4100570201288,3710354.244635508,1934.2849021234551,7418655.765306781
LA LIBERTAD,Nutri Health Vet,veterinary,comercio,-8.087611,-78.998886,49,Huamachuco,2.795084166722603,True,False,481.0284910347561,1844911.669617142,967.4100570201288,3710354.244635508,1934.2849021234551,7418655.765306781
LA LIBERTAD,Cruz,hardware,comercio,-8.090932,-79.036802,50,Huamachuco,2.795084166722603,True,False,467.80179384354614,1794182.6827621984,1145.320181899977,4392701.489447997,2193.54055391719,8412991.415529007
LA LIBERTAD,Rafessa,hardware,comercio,-8.11284,-79.01786,51,Huamachuco,2.795084166722603,True,False,481.0284910347561,1844911.669617142,1058.7356727234994,4060619.763801908,2202.3223408165304,8446672.62450653
LA LIBERTAD,El Amigo Fiel,pet,comercio,-8.112923,-79.017751,51,Huamachuco,2.795084166722603,True,False,481.0284910347561,1844911.669617142,1058.7356727234994,4060619.763801908,2202.3223408165304,8446672.62450653
LA LIBERTAD,Ferretería Jorza,hardware,comercio,-8.086081,-79.041386,49,Huamachuco,2.795084166722603,True,False,602.3466419952174,2310208.9994319724,1145.320181899977,4392701.489447997,2180.0695279568604,8361325.342813716
LA LIBERTAD,Ferretería Kong,hardware,comercio,-8.081714,-79.043911,50,Huamachuco,2.795084166722603,True,False,602.3466419952174,2310208.9994319724,1145.320181899977,4392701.489447997,2305.569705723065,8842662.200848533
LA LIBERTAD,Euro Tubo,hardware,comercio,-8.113533,-79.015943,50,Huamachuco,2.795084166722603,True,False,481.0284910347561,1844911.669617142,1058.7356727234994,4060619.763801908,1970.4090588618687,7557204.478249779
LA LIBERTAD,Tejada,hardware,comercio,-8.113288,-79.02008,51,Huamachuco,2.795084166722603,True,False,481.0284910347561,1844911.669617142,1058.7356727234994,4060619.763801908,2202.3223408165304,8446672.62450653
LA LIBERTAD,Anderson,hardware,comercio,-8.092282,-79.018567,50,Huamachuco,2.795084166722603,True,False,481.0284910347561,1844911.669617142,1097.990032259773,4211173.893841132,2166.198184078117,8308123.911563532
LA LIBERTAD,Ferreteria Payolp,hardware,comercio,-8.08804,-79.002685,49,Huamachuco,2.795084166722603,True,False,481.0284910347561,1844911.669617142,967.4100570201288,3710354.244635508,1934.2849021234551,7418655.765306781
LA LIBERTAD,Veterinaría Guarniz,veterinary,comercio,-8.083115,-79.042486,50,Huamachuco,2.795084166722603,True,False,602.3466419952174,2310208.9994319724,1145.320181899977,4392701.489447997,2305.569705723065,8842662.200848533
LA LIBERTAD,Ferretería Moresa,hardware,comercio,-8.082347,-79.043123,50,Huamachuco,2.795084166722603,True,False,602.3466419952174,2310208.9994319724,1145.320181899977,4392701.489447997,2305.569705723065,8842662.200848533
LA LIBERTAD,Ferretería El Trebol,hardware,comercio,-8.081966,-79.043352,50,Huamachuco,2.795084166722603,True,False,602.3466419952174,2310208.9994319724,1145.320181899977,4392701.489447997,2305.569705723065,8842662.200848533
LA LIBERTAD,Ferretera Oliva,hardware,comercio,-8.115385,-79.024013,50,Huamachuco,2.795084166722603,True,False,481.0284910347561,1844911.669617142,1058.7356727234994,4060619.763801908,2186.83955728753,8387290.761387854
LA LIBERTAD,Ferretería Villa Del Mar,hardware,comercio,-8.098537,-79.06208,48,Huamachuco,2.795084166722603,True,False,467.80179384354614,1794182.6827621984,1118.9391629809963,4291521.100828352,2137.2443745887863,8197075.975729564
LA LIBERTAD,Centro Veterinario Olano,veterinary,comercio,-8.096671,-79.062573,48,Huamachuco,2.795084166722603,True,False,467.80179384354614,1794182.6827621984,988.3591877413521,3790701.4516227283,2137.2443745887863,8197075.975729564
LA LIBERTAD,Tekno,hardware,comercio,-8.092927,-79.008485,50,Huamachuco,2.795084166722603,True,False,481.0284910347561,1844911.669617142,967.4100570201288,3710354.244635508,2166.198184078117,8308123.911563532
LA LIBERTAD,La Casa Del Perno,hardware,comercio,-8.092875,-79.008451,50,Huamachuco,2.795084166722603,True,False,481.0284910347561,1844911.669617142,967.4100570201288,3710354.244635508,2166.198184078117,8308123.911563532
LA LIBERTAD,Home Vet,veterinary,comercio,-8.073324,-79.049121,47,Huamachuco,2.795084166722603,True,False,448.7714428883264,1721194.663947201,1269.410382971362,4868630.596161126,2179.103463317073,8357620.148712399
LA LIBERTAD,Veterinaría Amigo Fiel,veterinary,comercio,-8.081222,-79.045581,50,Huamachuco,2.795084166722603,True,False,602.3466419952174,2310208.9994319724,1145.320181899977,4392701.489447997,2305.569705723065,8842662.200848533
LA LIBERTAD,CatDog,pet,comercio,-8.101389,-79.045286,49,Huamachuco,2.795084166722603,True,False,467.80179384354614,1794182.6827621984,1118.9391629809963,4291521.100828352,2150.715400549116,8248742.048444856
LA LIBERTAD,Clinica Veterinaria & Spa para Mascotas,veterinary,comercio,-8.098808,-79.04866,49,Huamachuco,2.795084166722603,True,False,467.80179384354614,1794182.6827621984,1118.9391629809963,4291521.100828352,2150.715400549116,8248742.048444856
LA LIBERTAD,Ferretería Gamboa S.R.L.,hardware,comercio,-8.091221,-79.047201,49,Huamachuco,2.795084166722603,True,False,467.80179384354614,1794182.6827621984,1145.320181899977,4392701.489447997,2180.0695279568604,8361325.342813716
LA LIBERTAD,Ángeles Vet,veterinary,comercio,-8.09131,-79.043667,49,Huamachuco,2.795084166722603,True,False,467.80179384354614,1794182.6827621984,1145.320181899977,4392701.489447997,2180.0695279568604,8361325.342813716
LA LIBERTAD,Ferretería Emarba,hardware,comercio,-8.074195,-79.040371,45,Huamachuco,2.795084166722603,True,False,314.22659473665516,1205168.3472774269,1145.320181899977,4392701.489447997,2008.4145101338702,7702968.610453154
LA LIBERTAD,El Cortijo,hardware,comercio,-8.100888,-79.050865,49,Huamachuco,2.795084166722603,True,False,467.80179384354614,1794182.6827621984,1118.9391629809963,4291521.100828352,2150.715400549116,8248742.048444856
LA LIBERTAD,Ferretería Oriental,hardware,comercio,-8.11253,-79.024869,50,Huamachuco,2.795084166722603,True,False,481.0284910347561,1844911.669617142,1058.7356727234994,4060619.763801908,2186.83955728753,8387290.761387854
LA LIBERTAD,Clínica Veterinaria,veterinary,comercio,-8.11481,-79.028921,49,Huamachuco,2.795084166722603,True,False,467.80179384354614,1794182.6827621984,1058.7356727234994,4060619.763801908,2150.715400549116,8248742.048444856
LA LIBERTAD,Happy Dog,veterinary,comercio,-8.115525,-79.031597,50,Huamachuco,2.795084166722603,True,False,467.80179384354614,1794182.6827621984,1058.7356727234994,4060619.763801908,2186.83955728753,8387290.761387854
LA LIBERTAD,Inversiones La Cruz,hardware,comercio,-8.116057,-79.025776,50,Huamachuco,2.795084166722603,True,False,481.0284910347561,1844911.669617142,1058.7356727234994,4060619.763801908,2186.83955728753,8387290.761387854
LA LIBERTAD,Ferretería Los Rosales de San Luis,hardware,comercio,-8.133053,-79.052086,48,Huamachuco,2.795084166722603,True,False,467.80179384354614,1794182.6827621984,967.4100570201288,3710354.244635508,1918.8021185944547,7359273.902188105
LA LIBERTAD,Aceros Suárez-Vértiz,hardware,comercio,-8.114573,-79.01855,51,Huamachuco,2.795084166722603,True,False,481.0284910347561,1844911.669617142,1058.7356727234994,4060619.763801908,2202.3223408165304,8446672.62450653
LA LIBERTAD,Lopez,hardware,comercio,-7.980918,-78.548283,23,Chiclayo,,False,True,364.8677773582358,1399394.9066664353,549.7341014629242,2108421.5963876504,993.1865867271857,3809216.206754392
LA LIBERTAD,D' Mars,hardware,comercio,-8.540779,-78.677406,38,Huamachuco,3.834136827785757,True,False,798.0124210581629,3060655.357321146,1128.7033010917366,4328969.968577344,1428.9442588406366,5117854.901100762
LA LIBERTAD,Dog Time Spa & Boutique,pet,comercio,-8.084852,-79.014405,50,Huamachuco,2.795084166722603,True,False,481.0284910347561,1844911.669617142,967.4100570201288,3710354.244635508,2166.198184078117,8308123.911563532
LA LIBERTAD,Ferretería Caleb,hardware,comercio,-8.133753,-79.052643,48,Huamachuco,2.795084166722603,True,False,467.80179384354614,1794182.6827621984,988.3591877413521,3790701.4516227283,1918.8021185944547,7359273.902188105
LA LIBERTAD,Promart,doityourself,comercio,-8.090321,-79.006462,49,Huamachuco,2.795084166722603,True,False,481.0284910347561,1844911.669617142,967.4100570201288,3710354.244635508,1934.2849021234551,7418655.765306781
LA LIBERTAD,Al Kosto,hardware,comercio,-7.401072,-79.566387,43,Chiclayo,1.4878224871801011,True,False,676.0322602985781,2592818.9895354533,1208.9524107439024,4604444.937919473,1933.3834837029,7399564.150152656
LA LIBERTAD,Ferretería Maru,hardware,comercio,-7.400077,-79.570965,41,Chiclayo,1.4878224871801011,True,False,519.9879774126042,1994334.8584726832,1208.9524107439024,4604444.937919473,1817.878091500188,6956560.773117572
LA LIBERTAD,Ferretería La Wincha,hardware,comercio,-8.170094,-79.008399,47,Huamachuco,2.795084166722603,True,False,560.6360324962345,2150234.29596694,972.5293329528,3729988.44943668,1832.33331799965,7027635.959221381
LA LIBERTAD,Veterinaria Alak,veterinary,comercio,-8.170051,-79.008614,47,Huamachuco,2.795084166722603,True,False,560.6360324962345,2150234.29596694,972.5293329528,3729988.44943668,1832.33331799965,7027635.959221381
LA LIBERTAD,Ferretería Don Beto,hardware,comercio,-8.171851,-79.011478,47,Huamachuco,2.795084166722603,True,False,560.6360324962345,2150234.29596694,972.5293329528,3729988.44943668,1832.33331799965,7027635.959221381
LA LIBERTAD,Vivero Shalom,garden_centre,comercio,-8.171636,-79.011425,47,Huamachuco,2.795084166722603,True,False,560.6360324962345,2150234.29596694,972.5293329528,3729988.44943668,1832.33331799965,7027635.959221381
LA LIBERTAD,Ferreteria Errezeta,hardware,comercio,-7.988696,-79.071448,44,Chiclayo,3.1050709786113244,True,False,541.7615945034988,2077844.2576235624,1602.9480757352808,6147863.724979831,2277.21708804401,8733920.044832448
LA LIBERTAD,J&P S.A.C.,hardware,comercio,-8.11494,-79.014639,50,Huamachuco,2.795084166722603,True,False,481.0284910347561,1844911.669617142,1058.7356727234994,4060619.763801908,1970.4090588618687,7557204.478249779
LA LIBERTAD,Promart,doityourself,comercio,-8.132741,-79.029659,48,Huamachuco,2.795084166722603,True,False,467.80179384354614,1794182.6827621984,1016.1304600921833,3897213.9459865233,1896.4420470367268,7273515.246060301
LA LIBERTAD,Ferretería Ferri Casa,hardware,comercio,-8.110301,-79.041652,49,Huamachuco,2.795084166722603,True,False,467.80179384354614,1794182.6827621984,1097.990032259773,4211173.893841132,2150.715400549116,8248742.048444856
LA LIBERTAD,Clinica Veterinaria,yes,comercio,-8.118062,-79.038865,49,Huamachuco,2.795084166722603,True,False,467.80179384354614,1794182.6827621984,1058.7356727234994,4060619.763801908,2150.715400549116,8248742.048444856
LA LIBERTAD,Dino Vaskevel S.A.C.,trade,comercio,-8.116733,-79.044662,49,Huamachuco,2.795084166722603,True,False,467.80179384354614,1794182.6827621984,967.4100570201288,3710354.244635508,2150.715400549116,8248742.048444856
LA LIBERTAD,Ferreteria Yomona Ingenieros,hardware,comercio,-8.107018,-79.047086,49,Huamachuco,2.795084166722603,True,False,467.80179384354614,1794182.6827621984,1097.990032259773,4211173.893841132,2150.715400549116,8248742.048444856
LA LIBERTAD,Glorisa Sistema Drywall,trade,comercio,-8.123589,-79.038227,50,Huamachuco,2.795084166722603,True,False,467.80179384354614,1794182.6827621984,1058.7356727234994,4060619.763801908,2186.83955728753,8387290.761387854
LA LIBERTAD,El Duke de Can,yes,comercio,-8.10259,-79.033308,49,Huamachuco,2.795084166722603,True,False,467.80179384354614,1794182.6827621984,1097.990032259773,4211173.893841132,2150.715400549116,8248742.048444856
LA LIBERTAD,Adia Grupo Ferretero,hardware,comercio,-8.114148,-79.016541,50,Huamachuco,2.795084166722603,True,False,481.0284910347561,1844911.669617142,1058.7356727234994,4060619.763801908,1970.4090588618687,7557204.478249779
LA LIBERTAD,Ferretería Wiroma,hardware,comercio,-8.113827,-79.016847,50,Huamachuco,2.795084166722603,True,False,481.0284910347561,1844911.669617142,1058.7356727234994,4060619.763801908,1970.4090588618687,7557204.478249779
LA LIBERTAD,Dema Fer,hardware,comercio,-8.113571,-79.017091,50,Huamachuco,2.795084166722603,True,False,481.0284910347561,1844911.669617142,1058.7356727234994,4060619.763801908,1970.4090588618687,7557204.478249779
LA LIBERTAD,Carden-Can,yes,comercio,-8.114828,-79.018435,50,Huamachuco,2.795084166722603,True,False,481.0284910347561,1844911.669617142,1058.7356727234994,4060619.763801908,1970.4090588618687,7557204.478249779
LA LIBERTAD,Davisa,hardware,comercio,-8.114069,-79.015838,50,Huamachuco,2.795084166722603,True,False,481.0284910347561,1844911.669617142,1058.7356727234994,4060619.763801908,1970.4090588618687,7557204.478249779
LA LIBERTAD,Vía Solutec S.A.C.,hardware,comercio,-8.113323,-79.016724,50,Huamachuco,2.795084166722603,True,False,481.0284910347561,1844911.669617142,1058.7356727234994,4060619.763801908,1970.4090588618687,7557204.478249779
LA LIBERTAD,Maderba,trade,comercio,-8.120496,-79.03384,49,Huamachuco,2.795084166722603,True,False,467.80179384354614,1794182.6827621984,1058.7356727234994,4060619.763801908,2150.715400549116,8248742.048444856
LA LIBERTAD,Dino Futura Plaza,trade,comercio,-8.131722,-79.033946,49,Huamachuco,2.795084166722603,True,False,467.80179384354614,1794182.6827621984,1058.7356727234994,4060619.763801908,1954.9262753328683,7497822.6151311025
LA LIBERTAD,Ferretería y Materiales de Construcción Rocky,trade,comercio,-8.174263,-78.997495,48,Huamachuco,2.795084166722603,True,False,560.6360324962345,2150234.29596694,1017.7181083697982,3903303.1296611084,1965.4643226456296,7538239.694004059
LA LIBERTAD,Ferretería R.C. Distribuciones,hardware,comercio,-8.137606,-79.050526,48,Huamachuco,2.795084166722603,True,False,467.80179384354614,1794182.6827621984,988.3591877413521,3790701.4516227283,1918.8021185944547,7359273.902188105
LA LIBERTAD,Ferretería San Antonio,hardware,comercio,-8.145474,-79.04918,46,Huamachuco,2.795084166722603,True,False,467.80179384354614,1794182.6827621984,967.4100570201288,3710354.244635508,1798.722653261763,6898727.362840473
LA LIBERTAD,Maderera Selva,trade,comercio,-8.541919,-78.67509,38,Huamachuco,3.834136827785757,True,False,798.0124210581629,3060655.357321146,1128.7033010917366,4328969.968577344,1428.9442588406366,5117854.901100762
LA LIBERTAD,Ferretería San Carlos,hardware,comercio,-8.539661,-78.676941,38,Huamachuco,3.834136827785757,True,False,798.0124210581629,3060655.357321146,1128.7033010917366,4328969.968577344,1428.9442588406366,5117854.901100762
LA LIBERTAD,Inversiones Emmanuel,trade,comercio,-8.513363,-78.685846,35,Huamachuco,3.834136827785757,True,False,788.8807554692403,3025632.2418050477,1128.7033010917366,4328969.968577344,1302.6309845695268,4919493.558669077
LA LIBERTAD,Veterinario & Spa Canino,pet,comercio,-8.09769,-79.016506,50,Huamachuco,2.795084166722603,True,False,481.0284910347561,1844911.669617142,967.4100570201288,3710354.244635508,2166.198184078117,8308123.911563532
LA LIBERTAD,Casa Ideal,doityourself,comercio,-8.104688,-79.019804,49,Huamachuco,2.795084166722603,True,False,481.0284910347561,1844911.669617142,967.4100570201288,3710354.244635508,2150.715400549116,8248742.048444856
LA LIBERTAD,Treboly,hardware,comercio,-8.104819,-79.019985,49,Huamachuco,2.795084166722603,True,False,481.0284910347561,1844911.669617142,967.4100570201288,3710354.244635508,2150.715400549116,8248742.048444856
LA LIBERTAD,Alface Eirl,hardware,comercio,-8.090207,-79.088897,43,Huamachuco,2.795084166722603,True,False,284.712877351038,1091972.9698032613,1137.3665625231408,4362196.591136355,1987.2870481457437,7621937.440994899
LA LIBERTAD,Agrotecnología Integral,trade,comercio,-8.426488,-78.780181,43,Huamachuco,3.645772398887248,True,False,1029.4765986637422,3948401.0321028377,1176.8438809897843,4513605.846267233,1419.3514011879056,5443706.5831716135
LA LIBERTAD,Depósito San José,trade,comercio,-8.425669,-78.780285,43,Huamachuco,3.645772398887248,True,False,1029.4765986637422,3948401.0321028377,1176.8438809897843,4513605.846267233,1419.3514011879056,5443706.5831716135
LA LIBERTAD,Centro Veterinario La Esperanza,yes,comercio,-8.082089,-79.04466,50,Huamachuco,2.795084166722603,True,False,602.3466419952174,2310208.9994319724,1145.320181899977,4392701.489447997,2305.569705723065,8842662.200848533
LA LIBERTAD,Agroveterinaria Horizonte,trade,comercio,-8.423301,-78.782851,42,Huamachuco,3.645772398887248,True,False,1029.4765986637422,3948401.0321028377,1176.8438809897843,4513605.846267233,1416.777967856142,5433836.570743578
LA LIBERTAD,Ferretería Los Ángeles,trade,comercio,-8.408201,-78.815177,40,Huamachuco,3.645772398887248,True,True,878.2797087012689,3368508.3398809303,1209.8234265318376,4640093.880891377,1407.5317850057183,5398374.2416755725
LA LIBERTAD,Las Ofertas,trade,comercio,-8.408872,-78.815653,40,Huamachuco,3.645772398887248,True,False,878.2797087012689,3368508.3398809303,1209.8234265318376,4640093.880891377,1407.5317850057183,5398374.2416755725
LA LIBERTAD,Ferretería Valderrama,hardware,comercio,-8.138452,-79.045224,47,Huamachuco,2.795084166722603,True,False,467.80179384354614,1794182.6827621984,1058.7356727234994,4060619.763801908,1860.3178902983134,7134966.533117302
LA LIBERTAD,Ferretería Gutierrez,hardware,comercio,-8.137852,-79.044703,47,Huamachuco,2.795084166722603,True,False,467.80179384354614,1794182.6827621984,1058.7356727234994,4060619.763801908,1860.3178902983134,7134966.533117302
LA LIBERTAD,Bremen Import,trade,comercio,-8.071269,-79.020989,43,Huamachuco,2.795084166722603,True,False,314.22659473665516,1205168.3472774269,967.4100570201288,3710354.244635508,1733.6760748111344,6649251.097112252
LA LIBERTAD,Davisa,trade,comercio,-8.148697,-79.012046,47,Huamachuco,2.795084166722603,True,False,560.6360324962345,2150234.29596694,972.5293329528,3729988.44943668,1832.33331799965,7027635.959221381
LA LIBERTAD,Omega Ferreteros,hardware,comercio,-8.075644,-79.020209,45,Huamachuco,2.795084166722603,True,False,314.22659473665516,1205168.3472774269,967.4100570201288,3710354.244635508,2010.7781321827947,7712033.923593432
LA LIBERTAD,Dog Tor,yes,comercio,-8.136385,-79.041279,48,Huamachuco,2.795084166722603,True,False,467.80179384354614,1794182.6827621984,1058.7356727234994,4060619.763801908,1918.8021185944547,7359273.902188105
LA LIBERTAD,BH Rock Tools,hardware,comercio,-8.129814,-79.037652,49,Huamachuco,2.795084166722603,True,False,467.80179384354614,1794182.6827621984,1058.7356727234994,4060619.763801908,1954.9262753328683,7497822.6151311025
LA LIBERTAD,Pet Care,pet,comercio,-8.132553,-79.034756,49,Huamachuco,2.795084166722603,True,False,467.80179384354614,1794182.6827621984,1058.7356727234994,4060619.763801908,1954.9262753328683,7497822.6151311025
LA LIBERTAD,Claumar,hardware,comercio,-8.063522,-79.008029,40,Huamachuco,2.795084166722603,True,False,283.952734026348,1089057.5556096337,793.4538375199875,3043171.6029838244,1567.0814794451937,6010302.845991796
LA LIBERTAD,Ferretería Santo Tomas,hardware,comercio,-8.130674,-79.050505,48,Huamachuco,2.795084166722603,True,False,467.80179384354614,1794182.6827621984,967.4100570201288,3710354.244635508,1918.8021185944547,7359273.902188105
LA LIBERTAD,Ferretería T&M,hardware,comercio,-8.131309,-79.050876,48,Huamachuco,2.795084166722603,True,False,467.80179384354614,1794182.6827621984,967.4100570201288,3710354.244635508,1918.8021185944547,7359273.902188105
LA LIBERTAD,Mi Ferreteria,hardware,comercio,-7.155774,-79.444873,70,Chiclayo,1.1251901204746066,True,False,757.781546565866,2923029.885075482,1573.5814207380854,6239701.805040678,2207.8133697567487,8912736.495013384
LA LIBERTAD,Dino,trade,comercio,-8.124108,-79.01771,50,Huamachuco,2.795084166722603,True,False,481.0284910347561,1844911.669617142,1016.1304600921833,3897213.9459865233,1970.4090588618687,7557204.478249779
LA LIBERTAD,Dino,trade,comercio,-8.113115,-79.014627,50,Huamachuco,2.795084166722603,True,False,481.0284910347561,1844911.669617142,1058.7356727234994,4060619.763801908,1970.4090588618687,7557204.478249779
LA LIBERTAD,Trimafor,trade,comercio,-8.114069,-79.014337,50,Huamachuco,2.795084166722603,True,False,481.0284910347561,1844911.669617142,1058.7356727234994,4060619.763801908,1970.4090588618687,7557204.478249779
LA LIBERTAD,Dino Materiales Alca,trade,comercio,-8.113167,-79.013261,50,Huamachuco,2.795084166722603,True,False,481.0284910347561,1844911.669617142,1058.7356727234994,4060619.763801908,1970.4090588618687,7557204.478249779
LA LIBERTAD,Yo Ferretero,hardware,comercio,-8.112719,-79.00979,50,Huamachuco,2.795084166722603,True,False,481.0284910347561,1844911.669617142,1058.7356727234994,4060619.763801908,1970.4090588618687,7557204.478249779
LA LIBERTAD,Davisa,trade,comercio,-8.112606,-79.009373,50,Huamachuco,2.795084166722603,True,False,481.0284910347561,1844911.669617142,1058.7356727234994,4060619.763801908,1970.4090588618687,7557204.478249779
LA LIBERTAD,Dino Inversiones Shilco,hardware,comercio,-8.112249,-79.013556,50,Huamachuco,2.795084166722603,True,False,481.0284910347561,1844911.669617142,1058.7356727234994,4060619.763801908,1970.4090588618687,7557204.478249779
LA LIBERTAD,Grupo D'mat,trade,comercio,-8.112536,-79.005208,49,Huamachuco,2.795084166722603,True,False,481.0284910347561,1844911.669617142,1016.1304600921833,3897213.9459865233,1934.2849021234551,7418655.765306781
LA LIBERTAD,Diana's,hardware,comercio,-8.10681,-79.003512,49,Huamachuco,2.795084166722603,True,False,481.0284910347561,1844911.669617142,967.4100570201288,3710354.244635508,1934.2849021234551,7418655.765306781
LA LIBERTAD,Dino,hardware,comercio,-8.114121,-79.015696,50,Huamachuco,2.795084166722603,True,False,481.0284910347561,1844911.669617142,1058.7356727234994,4060619.763801908,1970.4090588618687,7557204.478249779
LA LIBERTAD,Ferretería Kong,hardware,comercio,-8.081843,-79.043331,50,Huamachuco,2.795084166722603,True,False,602.3466419952174,2310208.9994319724,1145.320181899977,4392701.489447997,2305.569705723065,8842662.200848533
LA LIBERTAD,Ferretería Carmez SAC,hardware,comercio,-8.075826,-79.046798,46,Huamachuco,2.795084166722603,True,False,448.7714428883264,1721194.663947201,1145.320181899977,4392701.489447997,2133.914687900075,8184305.4684879705
LA LIBERTAD,Dino Inversiones Shilico S.R.L.,trade,comercio,-8.09046,-79.040771,50,Huamachuco,2.795084166722603,True,False,602.3466419952174,2310208.9994319724,1145.320181899977,4392701.489447997,2193.54055391719,8412991.415529007
LA LIBERTAD,Dino Oblitas,trade,comercio,-8.092282,-79.039957,50,Huamachuco,2.795084166722603,True,False,602.3466419952174,2310208.9994319724,1145.320181899977,4392701.489447997,2193.54055391719,8412991.415529007
LA LIBERTAD,Cementos Inka,trade,comercio,-8.095203,-79.039368,50,Huamachuco,2.795084166722603,True,False,467.80179384354614,1794182.6827621984,1145.320181899977,4392701.489447997,2193.54055391719,8412991.415529007
LA LIBERTAD,Vivero Pablo Casals,garden_centre,comercio,-8.100132,-79.044155,49,Huamachuco,2.795084166722603,True,False,467.80179384354614,1794182.6827621984,1145.320181899977,4392701.489447997,2150.715400549116,8248742.048444856
LA LIBERTAD,Distribuidor Maderas Chang,trade,comercio,-8.101081,-79.045291,49,Huamachuco,2.795084166722603,True,False,467.80179384354614,1794182.6827621984,1118.9391629809963,4291521.100828352,2150.715400549116,8248742.048444856
LA LIBERTAD,Ferretería Carmez S.A.C.,hardware,comercio,-8.087225,-79.038285,49,Huamachuco,2.795084166722603,True,False,602.3466419952174,2310208.9994319724,1145.320181899977,4392701.489447997,2180.0695279568604,8361325.342813716
LA LIBERTAD,Fremar,hardware,comercio,-8.11261,-79.018467,51,Huamachuco,2.795084166722603,True,False,481.0284910347561,1844911.669617142,1058.7356727234994,4060619.763801908,2202.3223408165304,8446672.62450653
LA LIBERTAD,Veterinaria Trinidad,yes,comercio,-8.125613,-79.040732,49,Huamachuco,2.795084166722603,True,False,467.80179384354614,1794182.6827621984,1058.7356727234994,4060619.763801908,2150.715400549116,8248742.048444856
LA LIBERTAD,Vivero MSM,garden_centre,comercio,-8.144252,-79.000043,47,Huamachuco,2.795084166722603,True,False,437.527933133239,1678071.8910944052,931.0167269787694,3570773.1583985994,1832.33331799965,7027635.959221381
LA LIBERTAD,Vivero Moche,garden_centre,comercio,-8.167786,-79.00659,47,Huamachuco,2.795084166722603,True,False,560.6360324962345,2150234.29596694,972.5293329528,3729988.44943668,1832.33331799965,7027635.959221381
LA LIBERTAD,Elder,hardware,comercio,-8.010925,-78.769069,30,Huamachuco,2.163386212921147,True,False,103.19810081153469,395800.63139289216,279.1240535455044,1070537.8854986231,576.5737602399424,2211361.0284777246
LA LIBERTAD,Maestro,doityourself,comercio,-8.115659,-79.015027,50,Huamachuco,2.795084166722603,True,False,481.0284910347561,1844911.669617142,1058.7356727234994,4060619.763801908,1970.4090588618687,7557204.478249779
LAMBAYEQUE,Vivero Las Palmeras Piscoya,plant_nursery,comercio,-5.992352,-79.726365,18,Chiclayo,1.375512819675237,True,False,224.2499682776979,998389.7964006388,762.1180240567091,3360765.7144815116,1161.3950513475058,5138398.563422056
LAMBAYEQUE,Villa La Hacienda,neighbourhood,pueblo,-6.826709,-79.907527,128,Chiclayo,0.2255086737093366,True,False,646.342558728238,2877600.476690591,1848.957068073112,8231795.4598819995,3294.2763936658635,14666543.604084808
LAMBAYEQUE,Veterinaria Yanapaqui,veterinary,comercio,-6.778452,-79.883284,143,Chiclayo,0.2255086737093366,True,False,1430.594127751664,6369189.663247678,2729.9139317183754,12153929.097124578,3969.2524439565323,17557049.782787904
LAMBAYEQUE,Venus,hardware,comercio,-6.764798,-79.832098,153,Chiclayo,0.2764130371427082,True,False,1711.024155287179,7617700.333042286,2963.5910213767806,13194289.654405208,4206.290400144597,18580953.317978475
LAMBAYEQUE,Ferretería Inversiones San Miguel,hardware,comercio,-6.764031,-79.831573,153,Chiclayo,0.2764130371427082,True,False,1736.9152578925732,7732970.862876998,2963.5910213767806,13194289.654405208,4206.290400144597,18580953.317978475
LAMBAYEQUE,Centro Veterinario,veterinary,comercio,-6.770844,-79.831867,155,Chiclayo,0.2764130371427082,True,False,1731.1449096709616,7707280.527978037,2917.46528573946,12988931.9271981,4288.687327122454,18915872.372225754
LAMBAYEQUE,Ferropark,hardware,comercio,-6.77017,-79.829752,156,Chiclayo,0.2764130371427082,True,False,1702.3604819811967,7579128.541507715,2917.46528573946,12988931.9271981,4293.819066352289,18938719.53748605
LAMBAYEQUE,Los Leones,hardware,comercio,-6.777845,-79.844065,152,Chiclayo,0.2255086737093366,True,False,1583.9577694234388,7051984.386296793,2897.4527605245003,12899833.582488041,4191.385763427606,18514595.951992698
LAMBAYEQUE,Negocios Agricolas SRL,agrarian,comercio,-6.76546,-79.841293,151,Chiclayo,0.2764130371427082,True,False,1597.3047073082573,7111406.676073418,2927.33292324469,13032863.922709472,4160.7457745968,18378182.767877445
LAMBAYEQUE,Agrotec El Valle,agrarian,comercio,-6.76629,-79.840927,151,Chiclayo,0.2764130371427082,True,False,1567.995360814195,6980917.683349877,2909.450182622502,12953247.653837755,4160.7457745968,18378182.767877445
LAMBAYEQUE,Ferreteria Carvic,hardware,comercio,-6.767952,-79.839704,153,Chiclayo,0.2764130371427082,True,False,1717.8074033579055,7647900.228775967,2941.136852613444,13094320.797543598,4206.290400144597,18580953.317978475
LAMBAYEQUE,Panoramicos,doityourself,comercio,-6.762657,-79.845538,151,Chiclayo,0.2764130371427082,True,False,1633.4886316064662,7272502.17628918,3103.5200423158867,13817271.712324318,4160.7457745968,18378182.767877445
LAMBAYEQUE,Fierro Cemento avos Mallas Yeso,hardware,comercio,-6.763743,-79.84002,153,Chiclayo,0.2764130371427082,True,False,1657.017433310436,7377255.437675097,2959.019593235632,13173937.066415315,4206.290400144597,18580953.317978475
LAMBAYEQUE,Ferretería Garay,hardware,comercio,-6.763833,-79.839191,153,Chiclayo,0.2764130371427082,True,False,1657.017433310436,7377255.437675097,2959.019593235632,13173937.066415315,4206.290400144597,18580953.317978475
LAMBAYEQUE,Acrlmsa Pernos y Tuercas,hardware,comercio,-6.762922,-79.844246,151,Chiclayo,0.2764130371427082,True,False,1662.7979781005288,7402991.169012723,3081.0658735525503,13717302.855462708,4160.7457745968,18378182.767877445
LAMBAYEQUE,Agromar,hardware,comercio,-6.763267,-79.841336,151,Chiclayo,0.2764130371427082,True,False,1657.017433310436,7377255.437675097,3021.0550247363935,13450126.812622879,4160.7457745968,18378182.767877445
LAMBAYEQUE,Maveco,hardware,comercio,-6.763451,-79.84097,151,Chiclayo,0.2764130371427082,True,False,1657.017433310436,7377255.437675097,3021.0550247363935,13450126.812622879,4160.7457745968,18378182.767877445
LAMBAYEQUE,Pavco,hardware,comercio,-6.763446,-79.841051,151,Chiclayo,0.2764130371427082,True,False,1657.017433310436,7377255.437675097,3021.0550247363935,13450126.812622879,4160.7457745968,18378182.767877445
LAMBAYEQUE,Comercial Sican,hardware,comercio,-6.764423,-79.844147,151,Chiclayo,0.2764130371427082,True,False,1567.995360814195,6980917.683349877,2940.814351984723,13092884.98312846,4160.7457745968,18378182.767877445
LAMBAYEQUE,Negocids & Distribuciones,hardware,comercio,-6.765531,-79.841551,151,Chiclayo,0.2764130371427082,True,False,1597.3047073082573,7111406.676073418,2927.33292324469,13032863.922709472,4160.7457745968,18378182.767877445
LAMBAYEQUE,Naylamp,veterinary,comercio,-6.765615,-79.841571,151,Chiclayo,0.2764130371427082,True,False,1597.3047073082573,7111406.676073418,2927.33292324469,13032863.922709472,4160.7457745968,18378182.767877445
LAMBAYEQUE,Sarita Colonia,hardware,comercio,-6.768968,-79.840385,151,Chiclayo,0.2764130371427082,True,False,1598.7537647696795,7117858.066880709,2909.450182622502,12953247.653837755,4160.7457745968,18378182.767877445
LAMBAYEQUE,Zoo Planet,veterinary,comercio,-6.767217,-79.84171,151,Chiclayo,0.2764130371427082,True,False,1627.7080868163732,7246766.444951557,2909.450182622502,12953247.653837755,4160.7457745968,18378182.767877445
LAMBAYEQUE,Silver Import Ferreteria,hardware,comercio,-6.768154,-79.84027,151,Chiclayo,0.2764130371427082,True,False,1627.7080868163732,7246766.444951557,2909.450182622502,12953247.653837755,4160.7457745968,18378182.767877445
LAMBAYEQUE,Pintel Distribudor,hardware,comercio,-6.769458,-79.840274,151,Chiclayo,0.2764130371427082,True,False,1598.7537647696795,7117858.066880709,2909.450182622502,12953247.653837755,4160.7457745968,18378182.767877445
LAMBAYEQUE,Ferreteria Jomy,hardware,comercio,-6.76968,-79.842115,151,Chiclayo,0.2764130371427082,True,False,1598.7537647696795,7117858.066880709,2909.450182622502,12953247.653837755,4160.7457745968,18378182.767877445
LAMBAYEQUE,Bull Pet's Vet,veterinary,comercio,-6.766924,-79.841845,151,Chiclayo,0.2764130371427082,True,False,1627.7080868163732,7246766.444951557,2909.450182622502,12953247.653837755,4160.7457745968,18378182.767877445
LAMBAYEQUE,Zoomat,veterinary,comercio,-6.769982,-79.85603,150,Chiclayo,0.2255086737093366,True,False,1609.5084487873821,7165739.307931724,3080.509570727577,13714826.123499585,4160.337520546251,18376365.168162547
LAMBAYEQUE,Suazo,hardware,comercio,-6.771292,-79.829778,156,Chiclayo,0.2764130371427082,True,False,1702.3604819811967,7579128.541507715,2917.46528573946,12988931.9271981,4293.819066352289,18938719.53748605
LAMBAYEQUE,H&C Ferromateriales,hardware,comercio,-6.771655,-79.795114,151,Chiclayo,0.2764130371427082,True,False,1372.8444553870106,6112080.669756311,2573.7039805985382,11458462.23711968,4037.7512090133355,17862015.12402741
LAMBAYEQUE,Casa Blanca,hardware,comercio,-6.47824,-79.682359,85,Chiclayo,1.077143435887015,True,False,384.56923473727124,1712151.8585716484,1051.932293869794,4683338.315586147,1944.0913643981376,8603681.4762179
LAMBAYEQUE,Kelima,hardware,comercio,-6.755906,-79.850703,149,Chiclayo,0.2764130371427082,True,False,1633.3584733203395,7271922.69480348,3019.01781358244,13441056.885680003,4141.481187455589,18292414.339987017
LAMBAYEQUE,Natural Barf Cix,pet,comercio,-6.776871,-79.857264,150,Chiclayo,0.2255086737093366,True,False,1578.1838635347817,7026278.212205059,2974.8790275706415,13244545.314605352,4160.337520546251,18376365.168162547
LAMBAYEQUE,Corporación BIM s.a.c.,hardware,comercio,-6.760483,-79.842276,151,Chiclayo,0.2764130371427082,True,False,1657.017433310436,7377255.437675097,3021.0550247363935,13450126.812622879,4160.7457745968,18378182.767877445
LAMBAYEQUE,Negocios El Triunfo,hardware,comercio,-6.705136,-79.901813,141,Chiclayo,0.2255086737093366,True,True,1773.9984889030698,7898070.192624059,3129.8909076223354,13934678.207613582,3896.860287924006,17349324.859856
LAMBAYEQUE,Sodimac,doityourself,comercio,-6.778394,-79.835741,155,Chiclayo,0.3393847730159745,True,False,1666.9188134468752,7421337.659734829,2958.7875577759564,13172904.014606562,4288.687327122454,18915872.372225754
LAMBAYEQUE,Sodimac,doityourself,comercio,-6.767733,-79.851425,150,Chiclayo,0.2255086737093366,True,False,1609.5084487873821,7165739.307931724,3034.889876386798,13511721.357445179,4160.337520546251,18376365.168162547
LAMBAYEQUE,Y&L,hardware,comercio,-6.779954,-79.834772,155,Chiclayo,0.3393847730159745,True,False,1666.9188134468752,7421337.659734829,2958.7875577759564,13172904.014606562,4288.687327122454,18915872.372225754
LAMBAYEQUE,Ferreteria A&B,hardware,comercio,-6.777761,-79.843154,152,Chiclayo,0.3393847730159745,True,False,1643.670495425617,7317833.147898473,2897.4527605245003,12899833.582488041,4191.385763427606,18514595.951992698
LAMBAYEQUE,El Sol,hardware,comercio,-6.762202,-79.843999,151,Chiclayo,0.2764130371427082,True,False,1662.7979781005288,7402991.169012723,3081.0658735525503,13717302.855462708,4160.7457745968,18378182.767877445
LAMBAYEQUE,La Casa Tornillo,hardware,comercio,-6.762729,-79.844026,151,Chiclayo,0.2764130371427082,True,False,1662.7979781005288,7402991.169012723,3081.0658735525503,13717302.855462708,4160.7457745968,18378182.767877445
LAMBAYEQUE,Sodimac,doityourself,comercio,-6.748317,-79.872119,147,Chiclayo,0.2255086737093366,True,False,1738.7762962604577,7741256.445842633,3079.787605466501,13711611.840993548,4135.5573575599055,18297460.718442023
LIMA,Vivero de Árboles de Lima,plant_nursery,comercio,-11.793347,-77.139845,63,,,False,False,59.572625726015985,290936.61006045114,302.6520512518944,1478070.8546243347,537.3685450438071,2624362.799907386
LIMA,Vivero Municipal Los Olivos,plant_nursery,comercio,-11.930682,-77.073862,64,Pisco,3.341094771641284,True,False,39.93729033138389,195042.93662413853,135.28127313859508,660677.1907724835,336.0978778811608,1641411.2362442585
LIMA,Vivero de plantas Huáscar,plant_nursery,comercio,-12.233922,-76.925594,59,Pisco,2.5406712627521184,True,False,52.423177623543786,256020.63700425572,64.34137929429345,314225.9141738743,208.4802674865023,1018161.303917994
LIMA,Vivero Costa Verde,plant_nursery,comercio,-11.479721,-77.207039,25,Pisco,4.57272988343412,False,True,436.96346838295204,2134011.530669778,653.191838321769,3190012.4737576973,731.4859430529999,3572379.729533611
LIMA,Vivero Municipal,plant_nursery,comercio,-11.977507,-77.005886,60,Pisco,3.0485938718071464,True,False,10.808124342072947,52783.95939196148,58.84470896901708,287381.6612713638,208.3371198139909,1017462.2093578505
LIMA,Vivero Las Begonias Preservando El Medio Ambiente,plant_nursery,comercio,-11.912402,-77.039367,61,Pisco,3.341094771641284,True,False,65.94867573909167,322075.51578724757,142.0326373971629,693649.0298803443,253.7232650201028,1239115.8811417192
LIMA,Vivero La Alameda,plant_nursery,comercio,-12.200623,-77.013971,61,,,False,False,28.635121538640146,139846.19760486294,72.6169562744878,354641.5964368201,211.3028150707548,1031945.8637873791
LIMA,Vivero de plantas,plant_nursery,comercio,-12.258417,-76.881515,63,Pisco,2.5406712627521184,True,False,52.423177623543786,256020.63700425572,141.23606623626918,689758.7915301295,271.4790828580432,1325830.4985967176
LIMA,Vivero de plantas,plant_nursery,comercio,-12.256515,-76.879774,63,Pisco,2.5406712627521184,True,False,52.423177623543786,256020.63700425572,141.23606623626918,689758.7915301295,271.4790828580432,1325830.4985967176
LIMA,Vivero de plantas,plant_nursery,comercio,-12.254198,-76.87763,63,Pisco,2.5406712627521184,True,False,52.41371794090825,255974.438469867,140.3862881523197,685608.7049419542,271.4790828580432,1325830.4985967176
LIMA,Vivero de plantas,plant_nursery,comercio,-12.253927,-76.877371,63,Pisco,2.5406712627521184,True,False,52.41371794090825,255974.438469867,140.3862881523197,685608.7049419542,271.4790828580432,1325830.4985967176
LIMA,Vivero de plantas,plant_nursery,comercio,-12.253659,-76.877099,63,Pisco,2.5406712627521184,True,False,52.41371794090825,255974.438469867,140.3862881523197,685608.7049419542,271.4790828580432,1325830.4985967176
LIMA,Vivero de plantas,plant_nursery,comercio,-12.256725,-76.879982,63,Pisco,2.5406712627521184,True,False,52.423177623543786,256020.63700425572,141.23606623626918,689758.7915301295,271.4790828580432,1325830.4985967176
LIMA,Vivero de plantas,plant_nursery,comercio,-12.258647,-76.881684,63,Pisco,2.5406712627521184,True,False,52.423177623543786,256020.63700425572,141.23606623626918,689758.7915301295,271.4790828580432,1325830.4985967176
LIMA,Casa Hacienda Rontoy,village,pueblo,-11.041604,-77.564099,35,Pisco,5.312492602796364,False,False,414.8456242802303,2025993.955371243,844.4519091641691,4124074.9894293738,1338.6779858055181,6537741.628916053
LIMA,La Hacienda,neighbourhood,pueblo,-11.954328,-77.057958,68,Pisco,3.0485938718071464,True,False,44.3999042555989,216837.13742184965,149.5846454825886,730530.9971387282,373.98351235480686,1826434.4399292087
LIMA,Agrupación Pachacámac Parcela 3A,neighbourhood,pueblo,-12.213607,-76.926271,58,Pisco,2.5406712627521184,True,False,50.962585808067175,248887.50116714876,64.34137929429345,314225.9141738743,204.3731673246511,998103.3362909955
LIMA,Sodimac,doityourself,comercio,-12.146761,-76.981373,65,Pisco,3.012573270609794,True,False,35.96254732995895,175631.36561139626,110.31061256653024,538727.2305471436,261.32061472161155,1276219.2846036798
LIMA,Sodimac,doityourself,comercio,-11.994499,-77.059766,65,Pisco,3.0485938718071464,True,False,45.13423868698922,220423.42839888256,150.71757478136374,736063.9177647171,313.0897789920803,1529045.897078061
LIMA,Sodimac,doityourself,comercio,-12.005644,-77.058845,64,Pisco,3.0485938718071464,True,False,45.13423868698922,220423.42839888256,137.52772646731836,671648.2619339874,256.26008941200547,1251505.0461299012
LIMA,Sodimac,doityourself,comercio,-12.079084,-77.088812,61,Pisco,3.0485938718071464,True,False,14.067054467334117,68699.69369966218,77.84541480774708,380175.97540651844,206.0232022208019,1006161.6609546661
LIMA,Sodimac,doityourself,comercio,-12.111063,-77.011774,67,Pisco,3.012573270609794,True,False,39.099997571109895,190953.8249837918,120.04413860663423,586263.1421429671,274.78792280465643,1341989.9789883946
LIMA,MundoCan,veterinary,comercio,-12.078369,-76.98792,66,Pisco,3.012573270609794,True,False,31.520408492490102,153937.1596058573,129.32121926766158,631569.8978194754,255.40458235385063,1247326.9807794318
LIMA,Ferretería Salamanca,hardware,comercio,-12.076154,-76.988058,66,Pisco,3.012573270609794,True,False,31.520408492490102,153937.1596058573,129.32121926766158,631569.8978194754,255.40458235385063,1247326.9807794318
LIMA,Entre Patas y Plumas,pet,comercio,-12.076353,-76.987099,65,Pisco,3.012573270609794,True,False,31.520408492490102,153937.1596058573,129.32121926766158,631569.8978194754,250.28288710469414,1222314.0048464006
LIMA,viPets,veterinary,comercio,-12.075542,-76.986794,65,Pisco,3.012573270609794,True,False,31.520408492490102,153937.1596058573,129.32121926766158,631569.8978194754,250.28288710469414,1222314.0048464006
LIMA,Full's Home Service - Grifería,hardware,comercio,-12.109725,-77.01401,67,Pisco,3.012573270609794,True,False,39.099997571109895,190953.8249837918,120.04413860663423,586263.1421429671,274.78792280465643,1341989.9789883946
LIMA,Veterinaria Ingenieria,veterinary,comercio,-12.02464,-77.051648,65,Pisco,3.0485938718071464,True,False,35.90114725484098,175331.5042322045,117.8567401148988,575580.4788512108,251.29183742061977,1227241.445613992
LIMA,Ferreteria Huascar,hardware,comercio,-12.024448,-77.052397,65,Pisco,3.0485938718071464,True,False,35.90114725484098,175331.5042322045,117.8567401148988,575580.4788512108,251.29183742061977,1227241.445613992
LIMA,Promart,doityourself,comercio,-12.062971,-77.095279,64,Pisco,3.0485938718071464,True,False,18.344264227110443,89588.43064656093,77.84541480774708,380175.97540651844,244.5109098230955,1194125.2271454223
LIMA,Sodimac,doityourself,comercio,-12.086799,-76.978995,66,Pisco,3.012573270609794,True,False,37.130247143605224,181334.09603850427,129.32121926766158,631569.8978194754,254.61456506681603,1243468.7497785673
LIMA,Promart,doityourself,comercio,-12.065513,-77.048892,65,Pisco,3.0485938718071464,True,False,28.704437117289242,140184.71616486894,110.48104001988817,539559.5521871069,244.51090982309546,1194125.2271454223
LIMA,Promart,doityourself,comercio,-12.01595,-76.887065,63,Pisco,3.3757308752389563,True,False,17.708012362807185,86481.14842945039,100.71519415323557,491865.79928985995,225.5621122940783,1101584.4191714914
LIMA,Sodimac,doityourself,comercio,-12.057089,-76.968384,66,Pisco,3.012573270609794,True,False,22.35849964791668,109192.87196639228,131.46855419094555,642056.9014663841,260.050229355109,1270015.0656776833
LIMA,Promart Homecenter,doityourself,comercio,-11.940661,-77.070612,68,Pisco,3.341094771641284,True,False,44.954346223276616,219544.88220538964,149.5846454825886,730530.9971387282,373.98351235480686,1826434.4399292087
LIMA,Promart,doityourself,comercio,-12.171872,-76.992767,64,Pisco,3.012573270609794,True,False,33.65217743053288,164348.1431861141,93.88475824635722,458507.79561344103,240.49135162894214,1174494.7908385503
LIMA,MultiTop,doityourself,comercio,-12.067032,-77.030679,67,Pisco,3.0485938718071464,True,False,22.185353368397262,108347.27231396732,120.71402422687106,589534.6825376495,272.1211005132892,1328965.9393791216
LIMA,gordo,hardware,comercio,-12.073975,-77.04633,64,Pisco,3.0485938718071464,True,False,15.785132207676112,77090.32123208484,94.27126912792009,460395.41034022096,232.74377721153274,1136657.730448449
LIMA,Martin,hardware,comercio,-11.847288,-77.095106,65,Pisco,3.341094771641284,True,False,59.572625726015985,290936.61006045114,198.43404716592596,969098.2779330157,478.74208033813187,2338046.9846578822
LIMA,Emerg. Veter Q-Q,veterinary,comercio,-12.158504,-76.949493,60,Pisco,3.012573270609794,True,False,29.122722871768797,142227.51078675705,71.63927160377652,349866.8486338105,164.5701313951332,803716.0618957509
LIMA,Maestro,doityourself,comercio,-12.173807,-77.013137,63,,,False,False,29.425470117559495,143706.04654579138,91.34851851392648,446121.4859441698,223.84185743524364,1093183.159180515
LIMA,Guadalupe,hardware,comercio,-13.053684,-76.429216,66,Pisco,1.3603158680328946,True,False,469.7402494572647,2294084.4745469126,540.7012400639126,2640638.782033374,913.9443994386147,4906835.293273805
LIMA,comercial IVAN,hardware,comercio,-12.054323,-77.061284,64,Pisco,3.0485938718071464,True,False,35.90114725484098,175331.5042322045,94.18831155017651,459990.26794212445,244.5109098230955,1194125.2271454223
LIMA,La Solución,hardware,comercio,-11.134988,-77.195868,26,Pisco,5.237208683140843,False,False,283.3801160067462,1383951.9293428636,385.007812167333,1880274.1419174613,824.1682521592983,4025015.0883975313
LIMA,Mascota,pet,comercio,-12.09083,-77.082649,61,Pisco,3.0485938718071464,True,False,13.537447085534847,66113.23432430545,74.63928945507944,364518.12534256483,206.0232022208019,1006161.6609546661
LIMA,Consorcio Vet,veterinary,comercio,-11.862678,-77.077482,65,Pisco,3.341094771641284,True,False,59.572625726015985,290936.6100604511,141.50914710278784,691092.4447073911,423.9552136638293,2070482.7288977983
LIMA,Veterinaria San Lorenzo,veterinary,comercio,-11.862916,-77.077182,65,Pisco,3.341094771641284,True,False,59.572625726015985,290936.6100604511,141.50914710278784,691092.4447073911,423.9552136638293,2070482.7288977983
LIMA,Dr. Tarazona,veterinary,comercio,-11.863086,-77.07697,65,Pisco,3.341094771641284,True,False,59.572625726015985,290936.6100604511,141.50914710278784,691092.4447073911,423.9552136638293,2070482.7288977983
LIMA,Veterinaria Cajamarquinos,veterinary,comercio,-11.863154,-77.076904,65,Pisco,3.341094771641284,True,False,59.572625726015985,290936.6100604511,141.50914710278784,691092.4447073911,423.9552136638293,2070482.7288977983
LIMA,Ferretería Duran,hardware,comercio,-11.936831,-77.080115,66,Pisco,3.341094771641284,True,False,44.54018249403649,217522.21844117527,135.28127313859508,660677.1907724835,362.54063298011175,1770550.508441687
LIMA,Ferretería Rivera,hardware,comercio,-11.935985,-77.077701,67,Pisco,3.341094771641284,True,False,44.54018249403649,217522.21844117527,135.28127313859508,660677.1907724835,366.75543765174405,1791134.4757972863
LIMA,Ferretería Cassiany,hardware,comercio,-11.93651,-77.077101,67,Pisco,3.341094771641284,True,False,44.54018249403649,217522.21844117527,135.28127313859508,660677.1907724835,366.75543765174405,1791134.4757972863
LIMA,Veterinaría Pro,veterinary,comercio,-11.933851,-77.075574,68,Pisco,3.341094771641284,True,False,44.54018249403649,217522.21844117527,147.04840575015783,718144.6874694568,373.98351235480686,1826434.4399292087
LIMA,Ferretería Gonzales,hardware,comercio,-11.886217,-77.035034,63,Pisco,3.341094771641284,True,False,79.2253968626091,386915.4349501068,140.38137183897646,685584.6949957644,316.25339555425546,1544496.145693314
LIMA,ZID,veterinary,comercio,-12.332378,-76.825005,60,Pisco,2.32626128361434,True,False,52.0988544118958,254436.73005688115,184.63103244782417,901688.0830363134,322.5421568683677,1575208.7569960607
LIMA,El Milter,veterinary,comercio,-12.332043,-76.824989,60,Pisco,2.32626128361434,True,False,52.0988544118958,254436.73005688115,184.63103244782417,901688.0830363134,322.5421568683677,1575208.7569960607
LIMA,Ferretería Los Amigos,hardware,comercio,-12.067087,-77.052542,63,Pisco,3.0485938718071464,True,False,15.785132207676112,77090.32123208484,77.9785406582084,380826.12609523855,232.74377721153274,1136657.730448449
LIMA,Ferretería Chino Julian,hardware,comercio,-12.06687,-77.05237,63,Pisco,3.0485938718071464,True,False,15.785132207676112,77090.32123208484,77.9785406582084,380826.12609523855,232.74377721153274,1136657.730448449
LIMA,Ferreteria Santa Cruz,hardware,comercio,-12.332576,-76.824704,60,Pisco,2.32626128361434,True,False,52.0988544118958,254436.73005688115,184.63103244782417,901688.0830363134,322.5421568683677,1575208.7569960607
LIMA,Centro Carpintero S.A.C.,trade,comercio,-12.062983,-77.059783,64,Pisco,3.0485938718071464,True,False,35.90114725484098,175331.5042322045,94.18831155017651,459990.26794212445,244.5109098230955,1194125.2271454223
LIMA,El Amigo,hardware,comercio,-12.182063,-76.977608,65,Pisco,3.012573270609794,True,False,33.65217743053288,164348.1431861141,110.1774867160689,538077.0798584234,261.32061472161155,1276219.2846036798
LIMA,Ferretería D'H,hardware,comercio,-12.197849,-76.966037,61,Pisco,3.012573270609794,True,False,24.519830709116192,119748.22896972031,71.2325034667616,347880.30294405017,197.24037910207068,963268.7255874018
LIMA,Ferretería Juan,hardware,comercio,-11.872039,-77.01646,59,Pisco,3.341094771641284,True,False,92.29980152409536,450767.29516969423,140.38137183897646,685584.6949957644,230.8852481631939,1127581.1766717294
LIMA,Novopan,trade,comercio,-12.05998,-77.058541,64,Pisco,3.0485938718071464,True,False,35.90114725484098,175331.5042322045,94.18831155017651,459990.26794212445,244.5109098230955,1194125.2271454223
LIMA,Ferretería & Matizados Union,hardware,comercio,-12.193063,-76.963103,61,Pisco,3.012573270609794,True,False,29.122722871768797,142227.51078675705,78.7083725444369,384390.42785809695,197.24037910207068,963268.7255874018
LIMA,Veterinaria Medican's,veterinary,comercio,-12.054176,-77.050527,65,Pisco,3.0485938718071464,True,False,35.90114725484098,175331.5042322045,94.18831155017651,459990.26794212445,251.29183742061977,1227241.445613992
LIMA,Epp y Ferreteria,hardware,comercio,-12.059659,-77.032384,66,Pisco,3.0485938718071464,True,False,20.729864216687186,101239.05650817379,136.9237951188392,668698.8243845354,251.29183742061977,1227241.445613992
LIMA,El Progreso,hardware,comercio,-12.205749,-76.931031,58,Pisco,3.012573270609794,True,False,24.519830709116192,119748.22896972031,64.34648195805998,314250.83420518774,204.3731673246511,998103.3362909955
LIMA,Ferreteriía Gómez,hardware,comercio,-12.204381,-76.931853,58,Pisco,3.012573270609794,True,False,24.519830709116192,119748.22896972031,64.34648195805998,314250.83420518774,204.3731673246511,998103.3362909955
LIMA,Ferretería M&N,hardware,comercio,-11.897897,-77.043605,61,Pisco,3.341094771641284,True,False,65.94867573909168,322075.5157872475,142.02753473339635,693624.1098490309,253.7232650201028,1239115.8811417192
LIMA,Ferretería Diego,hardware,comercio,-11.915496,-77.040875,62,Pisco,3.341094771641284,True,False,65.94867573909167,322075.51578724757,142.0326373971629,693649.0298803443,270.0159934898145,1318685.1653867017
LIMA,Happy Can,veterinary,comercio,-11.916114,-77.041181,62,Pisco,3.341094771641284,True,False,65.94867573909167,322075.51578724757,142.0326373971629,693649.0298803443,270.0159934898145,1318685.1653867017
LIMA,Grupo Comercial San Isidro,trade,comercio,-12.205518,-76.930946,58,Pisco,3.012573270609794,True,False,24.519830709116192,119748.22896972031,64.34648195805998,314250.83420518774,204.3731673246511,998103.3362909955
LIMA,Infecom,trade,comercio,-12.205364,-76.931044,58,Pisco,3.012573270609794,True,False,24.519830709116192,119748.22896972031,64.34648195805998,314250.83420518774,204.3731673246511,998103.3362909955
LIMA,Pernos El Chato,trade,comercio,-12.205151,-76.931165,58,Pisco,3.012573270609794,True,False,24.519830709116192,119748.22896972031,64.34648195805998,314250.83420518774,204.3731673246511,998103.3362909955
LIMA,Fabrimac,trade,comercio,-12.205048,-76.931234,58,Pisco,3.012573270609794,True,False,24.519830709116192,119748.22896972031,64.34648195805998,314250.83420518774,204.3731673246511,998103.3362909955
LIMA,Distribuidora Kevin,trade,comercio,-12.204073,-76.93182,58,Pisco,3.012573270609794,True,False,24.519830709116192,119748.22896972031,64.34648195805998,314250.83420518774,204.3731673246511,998103.3362909955
LIMA,Bazar Perfumes,trade,comercio,-12.207785,-76.939621,59,Pisco,3.012573270609794,True,False,24.519830709116192,119748.22896972031,64.34648195805998,314250.83420518774,215.25242165121924,1051234.6753109402
LIMA,Fereteria Electro Bimcay,trade,comercio,-12.208424,-76.940689,58,Pisco,3.012573270609794,True,False,24.519830709116192,119748.22896972031,64.34648195805998,314250.83420518774,204.3731673246511,998103.3362909955
LIMA,Ferreteria Electro Yago,trade,comercio,-12.208504,-76.940822,58,Pisco,3.012573270609794,True,False,24.519830709116192,119748.22896972031,64.34648195805998,314250.83420518774,204.3731673246511,998103.3362909955
LIMA,Ferreteria Alex,trade,comercio,-12.208545,-76.940889,58,Pisco,3.012573270609794,True,False,24.519830709116192,119748.22896972031,64.34648195805998,314250.83420518774,204.3731673246511,998103.3362909955
LIMA,San Diego,veterinary,comercio,-12.110635,-77.047179,62,Pisco,3.0485938718071464,True,False,11.604509152543368,56673.28765705278,109.03175842960475,532481.6524343024,209.48284810045504,1023057.6367819717
LIMA,SOS Veterinaria,veterinary,comercio,-12.11301,-77.044922,62,Pisco,3.0485938718071464,True,False,11.719952805102508,57237.083268195114,109.03175842960475,532481.6524343024,209.48284810045504,1023057.6367819717
LIMA,Edipesa,doityourself,comercio,-12.054095,-77.035241,66,Pisco,3.0485938718071464,True,False,35.90114725484098,175331.5042322045,110.48104001988817,539559.5521871069,251.29183742061977,1227241.445613992
LIMA,Espumadoras,doityourself,comercio,-12.053675,-77.035059,66,Pisco,3.0485938718071464,True,False,35.90114725484098,175331.5042322045,110.48104001988817,539559.5521871069,251.29183742061977,1227241.445613992
LIMA,Landa Pets,veterinary,comercio,-11.883014,-77.023967,63,Pisco,3.341094771641284,True,False,92.4152451766545,451331.09078083653,140.38137183897646,685584.6949957644,316.25339555425546,1544496.145693314
LIMA,Ferretería San Cristy,hardware,comercio,-11.876966,-77.01762,60,Pisco,3.341094771641284,True,False,92.41524517665448,451331.0907808364,140.38137183897646,685584.6949957644,246.1385732777164,1202074.2957324714
LIMA,Sistema Drywall,hardware,comercio,-12.140162,-76.993526,64,Pisco,3.012573270609794,True,False,34.44252600945222,168207.9921270425,110.31061256653024,538727.2305471436,240.49135162894214,1174494.7908385503
LIMA,Clinica Veterinaría Santa Rita,veterinary,comercio,-11.908072,-77.034664,60,Pisco,3.341094771641284,True,False,79.2253968626091,386915.4349501068,142.02753473339635,693624.1098490309,196.89357544002797,961575.0301935594
LIMA,Ferretería Cerón,hardware,comercio,-12.147396,-76.987389,65,Pisco,3.012573270609794,True,False,36.75289590887829,179491.21455232473,110.31061256653024,538727.2305471436,261.32061472161155,1276219.2846036798
LIMA,Ferretería Libertad,hardware,comercio,-11.88048,-77.019923,63,Pisco,3.341094771641284,True,False,92.4152451766545,451331.09078083653,140.38137183897646,685584.6949957644,316.25339555425546,1544496.145693314
LIMA,Dr. Veterinario,veterinary,comercio,-11.880322,-77.019789,63,Pisco,3.341094771641284,True,False,92.4152451766545,451331.09078083653,140.38137183897646,685584.6949957644,316.25339555425546,1544496.145693314
LIMA,Ferretería Perú,hardware,comercio,-12.240353,-76.932491,60,Pisco,2.5406712627521184,True,False,50.96258580806718,248887.5011671488,64.34137929429345,314225.9141738743,226.48962158757027,1106114.123987411
LIMA,Ferreteria Pinturas Zegarra,hardware,comercio,-12.101871,-77.036632,64,Pisco,3.0485938718071464,True,False,16.261980714201048,79419.12051380203,120.04413860663422,586263.1421429672,243.50195950716983,1189197.786377831
LIMA,Ferretería Javi,hardware,comercio,-11.877621,-77.017309,60,Pisco,3.341094771641284,True,False,92.41524517665448,451331.0907808364,140.38137183897646,685584.6949957644,246.1385732777164,1202074.2957324714
LIMA,Ferretería Benetom's,hardware,comercio,-11.941632,-77.064704,68,Pisco,3.341094771641284,True,False,60.86539703856373,297250.15589920356,147.04840575015783,718144.6874694568,373.98351235480686,1826434.4399292087
LIMA,Anubis,veterinary,comercio,-11.926771,-77.052562,65,Pisco,3.341094771641284,True,False,65.98432669687912,322249.62543371157,147.04840575015783,718144.6874694568,345.39342233257184,1686808.1640848713
LIMA,Ferretería Rijean,hardware,comercio,-12.08228,-77.06707,62,Pisco,3.0485938718071464,True,False,14.067054467334115,68699.69369966218,93.4682576572219,456473.7192568185,222.67269641450042,1087473.2926127014
LIMA,El Huron Azul,veterinary,comercio,-12.078306,-77.065315,62,Pisco,3.0485938718071464,True,False,14.067054467334115,68699.69369966218,77.84541480774708,380175.97540651844,222.67269641450042,1087473.2926127014
LIMA,Veterinaria Charlie Pett,veterinary,comercio,-12.055138,-77.048444,65,Pisco,3.0485938718071464,True,False,35.90114725484098,175331.5042322045,94.18831155017651,459990.26794212445,251.29183742061977,1227241.445613992
LIMA,Dog Lovers,pet,comercio,-12.05515,-77.048619,65,Pisco,3.0485938718071464,True,False,35.90114725484098,175331.5042322045,94.18831155017651,459990.26794212445,251.29183742061977,1227241.445613992
LIMA,Ferremax S.A.C.,hardware,comercio,-12.055261,-77.050111,65,Pisco,3.0485938718071464,True,False,35.90114725484098,175331.5042322045,94.18831155017651,459990.26794212445,251.29183742061977,1227241.445613992
LIMA,Ferretería Enriquez,hardware,comercio,-12.055279,-77.050232,65,Pisco,3.0485938718071464,True,False,35.90114725484098,175331.5042322045,94.18831155017651,459990.26794212445,251.29183742061977,1227241.445613992
LIMA,Commercial Ivan Ferreteria,hardware,comercio,-12.054625,-77.060617,64,Pisco,3.0485938718071464,True,False,35.90114725484098,175331.5042322045,94.18831155017651,459990.26794212445,244.5109098230955,1194125.2271454223
LIMA,Animal World,veterinary,comercio,-11.94201,-77.061643,68,Pisco,3.341094771641284,True,False,60.86539703856373,297250.15589920356,147.04840575015783,718144.6874694568,373.98351235480686,1826434.4399292087
LIMA,Happy Pets,veterinary,comercio,-11.942426,-77.060677,68,Pisco,3.341094771641284,True,False,60.86539703856373,297250.15589920356,147.04840575015783,718144.6874694568,373.98351235480686,1826434.4399292087
LIMA,Ferretería Mana,hardware,comercio,-11.938912,-77.058171,68,Pisco,3.341094771641284,True,False,60.86539703856373,297250.15589920356,147.04840575015783,718144.6874694568,373.98351235480686,1826434.4399292087
LIMA,Dr. Vet,veterinary,comercio,-11.936156,-77.056589,66,Pisco,3.341094771641284,True,False,71.25710447976859,348000.4476454307,147.04840575015783,718144.6874694568,347.5407572558558,1697295.16773178
LIMA,Maderera,trade,comercio,-11.911556,-77.045479,61,Pisco,3.341094771641284,True,False,65.94867573909168,322075.5157872475,142.02753473339635,693624.1098490309,253.7232650201028,1239115.8811417192
LIMA,Ferretería Rodriguez,hardware,comercio,-11.90514,-77.041878,61,Pisco,3.341094771641284,True,False,65.94867573909168,322075.5157872475,142.0326373971629,693649.0298803443,253.7232650201028,1239115.8811417192
LIMA,Clinica Veterinaría Letrel,veterinary,comercio,-11.897979,-77.037848,61,Pisco,3.341094771641284,True,False,79.2253968626091,386915.4349501068,140.38137183897646,685584.6949957644,253.7232650201028,1239115.8811417192
LIMA,Alpamayo,hardware,comercio,-11.896072,-77.03663,61,Pisco,3.341094771641284,True,False,79.2253968626091,386915.4349501068,140.38137183897646,685584.6949957644,253.7232650201028,1239115.8811417192
LIMA,Veterinaría Allquimishi,veterinary,comercio,-12.067568,-77.068911,63,Pisco,3.0485938718071464,True,False,15.785132207676112,77090.32123208484,77.9785406582084,380826.12609523855,232.74377721153274,1136657.730448449
LIMA,Ferreteria Charito,hardware,comercio,-11.876258,-77.031886,64,Pisco,3.341094771641284,True,False,79.77983883028683,389623.1797336468,140.38137183897646,685584.6949957644,329.1006938628602,1607238.8798398888
LIMA,Ferreteria Petit Thouars SAC,hardware,comercio,-12.094107,-77.032042,64,Pisco,3.0485938718071464,True,False,16.261980714201048,79419.12051380203,120.04413860663422,586263.1421429672,243.50195950716983,1189197.786377831
LIMA,Veterinaría D'Angelo,veterinary,comercio,-12.297268,-76.850211,64,Pisco,2.713858820494706,True,False,53.559446227372405,261569.86589398808,126.65746363584873,618560.834946985,332.63854161598425,1624516.7724904118
LIMA,Huamani,hardware,comercio,-12.297315,-76.850159,64,Pisco,2.713858820494706,True,False,53.559446227372405,261569.86589398808,126.65746363584873,618560.834946985,332.63854161598425,1624516.7724904118
LIMA,Veterinaria Del Rio,veterinary,comercio,-12.069742,-77.054862,63,Pisco,3.0485938718071464,True,False,15.785132207676112,77090.32123208484,77.9785406582084,380826.12609523855,232.74377721153274,1136657.730448449
LIMA,Posta Veterinaria San Francisco de Asís,veterinary,comercio,-12.237651,-76.937842,58,Pisco,2.5406712627521184,True,False,50.96258580806719,248887.5011671488,64.34137929429345,314225.9141738743,204.3731673246511,998103.3362909955
LIMA,Ferretería Los Andes,hardware,comercio,-12.069716,-77.097613,63,Pisco,3.0485938718071464,True,False,19.990427121530328,97627.84549982748,77.84541480774708,380175.97540651844,232.74377721153274,1136657.730448449
LIMA,Ferretería Yenny,hardware,comercio,-12.238846,-76.930257,63,Pisco,2.5406712627521184,True,False,50.96258580806718,248887.5011671488,64.34137929429345,314225.9141738743,271.4790828580432,1325830.4985967176
LIMA,Veterinaría Lince,veterinary,comercio,-12.084677,-77.043702,63,Pisco,3.0485938718071464,True,False,14.80138889872444,72285.9846766951,120.04413860663422,586263.1421429672,222.67269641450042,1087473.2926127014
LIMA,Alvavet,veterinary,comercio,-12.087108,-77.043485,64,Pisco,3.0485938718071464,True,False,16.261980714201048,79419.12051380203,120.04413860663422,586263.1421429672,243.50195950716983,1189197.786377831
LIMA,Ferrevilla,hardware,comercio,-12.088861,-77.071049,62,Pisco,3.0485938718071464,True,False,14.067054467334115,68699.69369966218,77.1755291875102,376904.435011836,222.67269641450042,1087473.2926127014
LIMA,Habu,veterinary,comercio,-12.095158,-77.075836,60,Pisco,3.0485938718071464,True,False,13.537447085534847,66113.23432430545,77.17552918751021,376904.4350118361,192.8333539067565,941746.0051239363
LIMA,Ferretería Julia Esther,hardware,comercio,-11.912918,-77.020084,59,Pisco,3.341094771641284,True,False,65.94867573909167,322075.51578724757,120.71038548655693,589516.9119129878,183.99866756465383,898599.7837849593
LIMA,Ferretería y Matizados Greco,hardware,comercio,-12.08875,-77.071866,62,Pisco,3.0485938718071464,True,False,14.067054467334115,68699.69369966218,77.1755291875102,376904.435011836,222.67269641450042,1087473.2926127014
LIMA,La Economica,trade,comercio,-12.073631,-77.047628,64,Pisco,3.0485938718071464,True,False,15.785132207676112,77090.32123208484,94.27126912792009,460395.41034022096,232.74377721153274,1136657.730448449
LIMA,Hospital Canino,veterinary,comercio,-12.072107,-77.048393,65,Pisco,3.0485938718071464,True,False,20.72476155292065,101214.1364768604,94.27126912792009,460395.41034022096,244.51090982309546,1194125.2271454223
LIMA,Clinica Veterinaria Dogtoras,veterinary,comercio,-12.087721,-77.073585,62,Pisco,3.0485938718071464,True,False,14.067054467334115,68699.69369966218,77.1755291875102,376904.435011836,222.67269641450042,1087473.2926127014
LIMA,Ferretería Sanchez,hardware,comercio,-12.090642,-77.07468,61,Pisco,3.0485938718071464,True,False,13.537447085534847,66113.23432430545,77.17552918751021,376904.4350118361,206.0232022208019,1006161.6609546661
LIMA,Consultorio Veterinaria,veterinary,comercio,-12.08977,-77.077952,61,Pisco,3.0485938718071464,True,False,13.537447085534847,66113.23432430545,74.63928945507944,364518.12534256483,206.0232022208019,1006161.6609546661
LIMA,Veterinaria Celivet,veterinary,comercio,-12.090021,-77.077439,61,Pisco,3.0485938718071464,True,False,13.537447085534847,66113.23432430545,74.63928945507944,364518.12534256483,206.0232022208019,1006161.6609546661
LIMA,Pet Center,pet,comercio,-12.127279,-77.010129,65,Pisco,3.012573270609794,True,False,34.55796966201136,168771.78773818482,109.16488428006608,533131.8031230225,240.76881139794168,1175849.8293925351
LIMA,Ferretería San Judas Tadeo Eirl,hardware,comercio,-11.835416,-77.108963,63,Pisco,3.341094771641284,True,False,59.572625726015985,290936.6100604511,249.72100198315206,1219569.9097102103,463.355629373148,2262903.7149084206
LIMA,Ferreteria Global,hardware,comercio,-12.086965,-77.033112,64,Pisco,3.0485938718071464,True,False,16.261980714201048,79419.12051380203,120.04413860663422,586263.1421429672,243.50195950716983,1189197.786377831
LIMA,Ferreteria de Pacifico1,hardware,comercio,-11.928269,-77.042854,63,Pisco,3.341094771641284,True,False,65.9748670142436,322203.42689932283,142.0326373971629,693649.0298803443,280.1822847699101,1368334.5854999144
LIMA,Ferretería Santa Rita SRL,hardware,comercio,-12.130166,-77.008513,65,Pisco,3.012573270609794,True,False,34.55796966201136,168771.78773818482,109.16488428006608,533131.8031230225,240.76881139794168,1175849.8293925351
LIMA,El Amigo,hardware,comercio,-11.926251,-77.085325,63,Pisco,3.341094771641284,True,False,39.927830648748355,194996.73808974982,120.19442398856783,586997.0953476235,333.95054295787685,1630924.2325973501
LIMA,Corporación Ferretería Lince,hardware,comercio,-12.086633,-77.031162,64,Pisco,3.0485938718071464,True,False,16.261980714201048,79419.12051380203,120.71402422687106,589534.6825376495,243.50195950716983,1189197.786377831
LIMA,Kinder Pets,veterinary,comercio,-12.08454,-77.031487,64,Pisco,3.0485938718071464,True,False,16.261980714201048,79419.12051380203,120.71402422687106,589534.6825376495,243.50195950716983,1189197.786377831
LIMA,Ferretería Bolognesi,hardware,comercio,-12.143244,-77.018471,65,Pisco,3.012573270609794,True,False,34.55796966201136,168771.78773818482,109.03175842960475,532481.6524343024,240.76881139794168,1175849.8293925351
LIMA,Ferretería Juan,hardware,comercio,-12.132782,-77.018116,65,Pisco,3.012573270609794,True,False,34.55796966201136,168771.78773818482,121.18986689309837,591858.5695670883,240.76881139794168,1175849.8293925351
LIMA,Clinica Veterinaria,veterinary,comercio,-11.92468,-77.042792,63,Pisco,3.341094771641284,True,False,65.9748670142436,322203.42689932283,142.0326373971629,693649.0298803443,280.1822847699101,1368334.5854999144
LIMA,Veterinaria Gran Dames,veterinary,comercio,-11.924761,-77.042796,63,Pisco,3.341094771641284,True,False,65.9748670142436,322203.42689932283,142.0326373971629,693649.0298803443,280.1822847699101,1368334.5854999144
LIMA,Ferretería Independencia,hardware,comercio,-12.084023,-77.031317,64,Pisco,3.0485938718071464,True,False,16.261980714201048,79419.12051380203,120.71402422687106,589534.6825376495,243.50195950716983,1189197.786377831
LIMA,Ferreteria El Condor,trade,comercio,-12.109996,-77.048783,62,Pisco,3.0485938718071464,True,False,11.190345423303238,54650.6238928384,92.73902995989306,452912.36818931985,209.48284810045504,1023057.6367819717
LIMA,Veterinaria Argos,veterinary,comercio,-11.936546,-77.048986,65,Pisco,3.341094771641284,True,False,65.98432669687912,322249.62543371157,147.04840575015783,718144.6874694568,334.6934589472511,1634552.433585205
LIMA,Ferreteria Balata,hardware,comercio,-12.142101,-77.017518,65,Pisco,3.012573270609794,True,False,34.55796966201136,168771.78773818482,119.91101275617287,585612.9914542469,240.76881139794168,1175849.8293925351
LIMA,Veterinaría San Bernado,veterinary,comercio,-12.169774,-77.023797,63,,,False,False,29.425470117559495,143706.04654579138,91.34851851392648,446121.4859441698,223.84185743524364,1093183.159180515
LIMA,Ferretería El Toto,hardware,comercio,-12.167848,-77.021508,63,,,False,False,29.425470117559495,143706.04654579138,91.34851851392648,446121.4859441698,223.84185743524364,1093183.159180515
LIMA,Petland,veterinary,comercio,-12.122238,-77.011426,65,Pisco,3.012573270609794,True,False,34.55796966201136,168771.78773818482,109.16488428006608,533131.8031230225,240.76881139794168,1175849.8293925351
LIMA,Ferretería Muaylas,hardware,comercio,-12.172724,-77.020941,63,,,False,False,29.425470117559495,143706.04654579138,91.34851851392648,446121.4859441698,223.84185743524364,1093183.159180515
LIMA,Vets Unidas,veterinary,comercio,-12.085538,-77.048083,63,Pisco,3.0485938718071464,True,False,14.80138889872444,72285.9846766951,120.04413860663422,586263.1421429672,222.67269641450042,1087473.2926127014
LIMA,Ferretería Taboada,hardware,comercio,-12.115306,-77.018585,67,Pisco,3.012573270609794,True,False,39.099997571109895,190953.8249837918,120.04413860663423,586263.1421429671,274.78792280465643,1341989.9789883946
LIMA,Patas y Colitas,veterinary,comercio,-12.076905,-77.053365,63,Pisco,3.0485938718071464,True,False,15.785132207676112,77090.32123208484,94.27126912792009,460395.41034022096,232.74377721153274,1136657.730448449
LIMA,Animal's Point,veterinary,comercio,-12.081376,-77.059308,62,Pisco,3.0485938718071464,True,False,14.80138889872444,72285.9846766951,77.1755291875102,376904.435011836,222.67269641450042,1087473.2926127014
LIMA,Ferreteria Richards,hardware,comercio,-12.117778,-77.024713,67,Pisco,3.012573270609794,True,False,39.099997571109895,190953.8249837918,120.04413860663423,586263.1421429671,274.78792280465643,1341989.9789883946
LIMA,Drywall Tec,hardware,comercio,-12.115538,-77.018176,65,Pisco,3.012573270609794,True,False,39.099997571109895,190953.8249837918,120.04413860663423,586263.1421429671,247.83363746929172,1210352.5313099977
LIMA,Veterinaria Cossío,veterinary,comercio,-12.100846,-77.061666,62,Pisco,3.0485938718071464,True,False,14.067054467334115,68699.69369966218,119.91101275617287,585612.9914542469,209.48284810045504,1023057.6367819717
LIMA,Ferretería Kalifa,hardware,comercio,-12.102068,-77.059409,63,Pisco,3.0485938718071464,True,False,14.067054467334115,68699.69369966218,119.91101275617287,585612.9914542469,222.67269641450042,1087473.2926127014
LIMA,Pernos Lupita,hardware,comercio,-11.850799,-77.092361,65,Pisco,3.341094771641284,True,False,59.572625726015985,290936.61006045114,198.43404716592596,969098.2779330157,478.74208033813187,2338046.9846578822
LIMA,Pet Center,veterinary,comercio,-12.120769,-77.01845,65,Pisco,3.012573270609794,True,False,34.93021823297176,170589.74919305102,120.04413860663423,586263.1421429671,240.76881139794168,1175849.8293925351
LIMA,Ferretería Emark GM,hardware,comercio,-12.199423,-76.941438,59,Pisco,3.012573270609794,True,False,24.519830709116192,119748.22896972031,66.69358362029158,325713.4446366548,215.25242165121924,1051234.6753109402
LIMA,Ferreteria Santuario,trade,comercio,-12.240284,-76.912852,63,Pisco,2.5406712627521184,True,False,52.423177623543786,256020.63700425572,64.34137929429345,314225.9141738743,271.4790828580432,1325830.4985967176
LIMA,Posm Pet,pet,comercio,-12.119493,-77.021649,66,Pisco,3.012573270609794,True,False,36.90507132424297,180234.39816965192,120.04413860663423,586263.1421429671,253.95865971198702,1240265.4852232651
LIMA,SOS Mascotas,veterinary,comercio,-12.167455,-77.025463,63,,,False,False,29.425470117559495,143706.04654579138,91.34851851392648,446121.4859441698,223.84185743524364,1093183.159180515
LIMA,Petises,veterinary,comercio,-12.169627,-77.02708,63,,,False,False,29.425470117559495,143706.04654579138,91.34851851392648,446121.4859441698,223.84185743524364,1093183.159180515
LIMA,Ferretería Llaves,hardware,comercio,-12.242723,-76.917714,63,Pisco,2.5406712627521184,True,False,52.423177623543786,256020.63700425572,64.34137929429345,314225.9141738743,271.4790828580432,1325830.4985967176
LIMA,Ferretería Posso,hardware,comercio,-12.240103,-76.919705,63,Pisco,2.5406712627521184,True,False,52.423177623543786,256020.63700425572,63.607044862903116,310639.6231968414,271.4790828580432,1325830.4985967176
LIMA,Ferretería Cristofer,hardware,comercio,-12.237298,-76.922152,60,Pisco,2.5406712627521184,True,False,52.423177623543786,256020.63700425572,64.34137929429345,314225.9141738743,226.48962158757027,1106114.123987411
LIMA,El Sapo,hardware,comercio,-12.228129,-76.927705,58,Pisco,2.5406712627521184,True,False,50.962585808067175,248887.50116714876,64.34137929429345,314225.9141738743,204.3731673246511,998103.3362909955
LIMA,El Dorado,hardware,comercio,-12.296575,-76.850921,63,Pisco,2.713858820494706,True,False,53.55944622737241,261569.8658939881,126.65746363584873,618560.834946985,278.59582401217335,1360586.7397532342
LIMA,Ferreteria JR,hardware,comercio,-12.038629,-76.933132,63,Pisco,3.3757308752389563,True,False,20.144523836146416,98380.41222364535,110.79603895912497,541097.9219070463,221.38246654646218,1081172.1585023433
LIMA,Ferretería Chavez,hardware,comercio,-12.222912,-76.93084,58,Pisco,2.5406712627521184,True,False,24.519830709116192,119748.22896972031,64.34137929429345,314225.9141738743,204.3731673246511,998103.3362909955
LIMA,Ferreteria Moises,hardware,comercio,-12.220493,-76.932283,58,Pisco,2.5406712627521184,True,False,24.519830709116192,119748.22896972031,64.34137929429345,314225.9141738743,204.3731673246511,998103.3362909955
LIMA,Dr. Mascotas,veterinary,comercio,-12.217576,-76.934036,58,Pisco,2.5406712627521184,True,False,24.519830709116192,119748.22896972031,64.34137929429345,314225.9141738743,204.3731673246511,998103.3362909955
LIMA,Comercial Uzurriaga,hardware,comercio,-12.277382,-76.869294,63,Pisco,2.5406712627521184,True,False,53.559446227372405,261569.86589398808,152.22727276658776,743436.8748684756,271.4790828580432,1325830.4985967176
LIMA,Extintores M&M,hardware,comercio,-12.214033,-76.936178,58,Pisco,2.5406712627521184,True,False,24.519830709116192,119748.22896972031,64.34137929429345,314225.9141738743,204.3731673246511,998103.3362909955
LIMA,Ferreteria San Antonio,hardware,comercio,-12.276352,-76.87015,63,Pisco,2.5406712627521184,True,False,53.559446227372405,261569.86589398808,152.22727276658776,743436.8748684756,271.4790828580432,1325830.4985967176
LIMA,Agroveterinary Pucallpa,veterinary,comercio,-12.274954,-76.871403,63,Pisco,2.5406712627521184,True,False,53.559446227372405,261569.86589398808,152.22727276658776,743436.8748684756,271.4790828580432,1325830.4985967176
LIMA,Agrivet S.A.C.,veterinary,comercio,-12.274649,-76.871659,63,Pisco,2.5406712627521184,True,False,53.559446227372405,261569.86589398808,152.22727276658776,743436.8748684756,271.4790828580432,1325830.4985967176
LIMA,Ferretería Velasquez,hardware,comercio,-12.204594,-76.94184,59,Pisco,3.012573270609794,True,False,24.519830709116192,119748.22896972031,64.71873052902038,316068.79566005385,215.25242165121924,1051234.6753109402
LIMA,Rossmary,hardware,comercio,-12.194329,-76.982818,62,Pisco,3.012573270609794,True,False,24.519830709116192,119748.22896972031,71.2325034667616,347880.30294405017,218.06964219474008,1064993.2193525312
LIMA,Ferretería Las Hermanitas,hardware,comercio,-12.142368,-76.975069,64,Pisco,3.012573270609794,True,False,35.96254732995895,175631.36561139626,110.31061256653024,538727.2305471436,228.6503670146741,1116666.620912029
LIMA,Ferretería Comercial Olivares,hardware,comercio,-12.110508,-77.01338,67,Pisco,3.012573270609794,True,False,39.099997571109895,190953.8249837918,120.04413860663423,586263.1421429671,274.78792280465643,1341989.9789883946
LIMA,Central Pets,pet,comercio,-12.093841,-77.004245,65,Pisco,3.012573270609794,True,False,31.515305828723566,153912.2395745439,129.32121926766158,631569.8978194754,250.28288710469414,1222314.0048464006
LIMA,Pernosur,hardware,comercio,-12.152187,-76.975514,65,Pisco,3.012573270609794,True,False,35.96254732995895,175631.36561139626,110.31061256653024,538727.2305471436,261.32061472161155,1276219.2846036798
LIMA,Ferretería El Candado,hardware,comercio,-12.173578,-76.962603,60,Pisco,3.012573270609794,True,False,29.122722871768797,142227.51078675705,73.76874319919236,360266.6126133214,164.5701313951332,803716.0618957509
LIMA,Jeto Pet's,pet,comercio,-12.045935,-77.012329,66,Pisco,3.0485938718071464,True,False,22.19045603216379,108372.19234528072,110.48104001988817,539559.5521871069,272.1211005132892,1328965.9393791214
LIMA,PoloVet,veterinary,comercio,-12.105553,-76.973189,65,Pisco,3.012573270609794,True,False,36.75289590887829,179491.21455232473,118.44196494109345,578438.5587995306,235.4312946121984,1149782.8393805986
LIMA,Pet Center,pet,comercio,-12.114288,-76.973442,65,Pisco,3.012573270609794,True,False,36.75289590887829,179491.21455232473,118.44196494109345,578438.5587995306,235.4312946121984,1149782.8393805986
LIMA,Ferretería Espinoza,hardware,comercio,-11.941289,-76.985579,56,Pisco,3.3757308752389563,True,False,5.916583922878938,28894.997470437702,40.92201827160246,199852.08185263042,149.48665182193983,730052.4225738316
LIMA,Ferretería Mafer,hardware,comercio,-12.161996,-76.959577,62,Pisco,3.012573270609794,True,False,33.65217743053288,164348.1431861141,102.98077657851717,502930.2917910879,197.42939648079982,964191.8354006724
LIMA,Ferretería Ferna,hardware,comercio,-12.162789,-76.959851,62,Pisco,3.012573270609794,True,False,33.65217743053288,164348.1431861141,95.00110101414859,463959.71210307936,213.8898732957692,1044580.3572454371
LIMA,Ferretería Yanina,hardware,comercio,-11.94278,-76.991896,55,Pisco,3.3757308752389563,True,False,5.126235343959596,25035.14852950928,33.725308134050735,164705.29378529487,136.29680350789442,665636.7667431021
LIMA,Veterinaria Ferrel,veterinary,comercio,-11.948295,-76.98367,55,Pisco,3.3757308752389563,True,False,9.65568990272368,47155.78092886631,33.725308134050735,164705.29378529487,136.29680350789442,665636.7667431021
LIMA,Ferretería Sair,hardware,comercio,-12.068333,-77.014779,66,Pisco,3.0485938718071464,True,False,16.261980714201048,79419.12051380203,120.71402422687106,589534.6825376495,260.35396790172643,1271498.4426821482
LIMA,Ferretería Arturo,hardware,comercio,-11.938472,-76.989698,54,Pisco,3.3757308752389563,True,False,5.09058438617214,24861.038883045247,31.28097300962245,152767.82139279816,134.14946858461045,655149.7630961933
LIMA,Ferretería El Paisa,hardware,comercio,-11.948328,-76.984164,55,Pisco,3.3757308752389563,True,False,9.65568990272368,47155.78092886631,33.725308134050735,164705.29378529487,136.29680350789442,665636.7667431021
LIMA,Pet Center,pet,comercio,-12.081735,-76.927913,61,Pisco,3.012573270609794,True,False,32.977538144046655,161053.38716970794,94.14654476542644,459786.2902490109,204.1453313147118,996990.6467700349
LIMA,Reino Animal,pet,comercio,-12.081733,-76.927835,61,Pisco,3.012573270609794,True,False,32.977538144046655,161053.38716970794,94.14654476542644,459786.2902490109,204.1453313147118,996990.6467700349
LIMA,Virgen de la Marced,trade,comercio,-12.162089,-76.959952,62,Pisco,3.012573270609794,True,False,33.65217743053288,164348.1431861141,95.00110101414859,463959.71210307936,213.8898732957692,1044580.3572454371
LIMA,Ferreteria Santa Ursula,hardware,comercio,-12.177695,-76.957921,59,Pisco,3.012573270609794,True,False,24.519830709116192,119748.22896972031,70.24876015780993,343075.96638866037,163.90024577489635,800444.5215010685
LIMA,Ferretería la Curva,hardware,comercio,-12.180011,-76.944128,60,Pisco,3.012573270609794,True,False,25.9804225245928,126881.36480682726,69.10303187134576,337480.5389645393,184.72950886756576,902169.0152661982
LIMA,Ferretería Faby,hardware,comercio,-12.0111,-76.979139,63,Pisco,3.3757308752389563,True,False,14.806491562490972,72310.90470800847,93.60138350768322,457123.86994553864,229.45362401202473,1120589.511081271
LIMA,Veterinaria La Alameda,veterinary,comercio,-12.197636,-77.011826,62,,,False,False,28.635121538640146,139846.19760486294,87.79334197640812,428758.9641921642,213.45014999403878,1042432.8674342879
LIMA,Animal Clinic,veterinary,comercio,-12.205184,-77.009288,60,,,False,False,24.519830709116192,119748.22896972031,67.67732692924325,330517.78119204455,195.0930441787867,952781.7219404931
LIMA,Ferreteria Doucett y Pilar,trade,comercio,-12.218325,-76.919869,58,Pisco,2.5406712627521184,True,False,50.96258580806719,248887.50116714882,64.34137929429345,314225.9141738743,204.3731673246511,998103.3362909955
LIMA,Misky Pet,veterinary,comercio,-12.162999,-76.955288,61,Pisco,3.012573270609794,True,False,33.65217743053288,164348.1431861141,95.00110101414859,463959.71210307936,181.21962558883172,885027.6935537863
LIMA,Veterinaría Petshop Mis Patas,veterinary,comercio,-12.23651,-76.909812,63,Pisco,2.5406712627521184,True,False,52.423177623543786,256020.63700425572,64.34137929429345,314225.9141738743,271.4790828580432,1325830.4985967176
LIMA,Tai Pets,pet,comercio,-12.03476,-76.935874,63,Pisco,3.3757308752389563,True,False,18.51001352925071,90397.90545981422,110.79603895912497,541097.9219070463,221.38246654646218,1081172.1585023433
LIMA,Ferretería Nicoll,hardware,comercio,-12.233245,-76.908551,63,Pisco,2.5406712627521184,True,False,52.423177623543786,256020.63700425572,63.5510307153741,310366.06523294584,271.4790828580432,1325830.4985967176
LIMA,Ferrecenter E&R Romero,hardware,comercio,-11.977975,-76.991655,58,Pisco,3.3757308752389563,True,False,10.808124342072947,52783.95939196148,43.59138385449456,212888.54221062182,175.38941233805392,856554.5071122146
LIMA,Ferretería Chavez,hardware,comercio,-11.975896,-76.99147,58,Pisco,3.3757308752389563,True,False,10.808124342072947,52783.95939196148,43.59138385449456,212888.54221062182,175.38941233805392,856554.5071122146
LIMA,Ferretería Villanueva,hardware,comercio,-12.198128,-76.995815,62,,,False,False,55.07787663759114,268985.4698022915,72.6169562744878,354641.5964368201,232.1320781634242,1133670.3575525084
LIMA,Pet Shop Manada,pet,comercio,-11.967567,-77.003568,58,Pisco,3.3757308752389563,True,False,11.180372913033345,54601.920846827634,43.59138385449456,212888.54221062182,175.38941233805392,856554.5071122146
LIMA,Espinoza,hardware,comercio,-12.210805,-76.903338,54,Pisco,3.012573270609794,True,False,52.41371794090825,255974.438469867,58.17179807266055,284095.3462454136,184.1240264270249,899212.0026021558
LIMA,Ferretería Altamirano,hardware,comercio,-12.206815,-76.906391,55,Pisco,3.012573270609794,True,False,52.413717940908256,255974.438469867,62.70125263142464,306215.9786447707,189.06365577226947,923335.8178469313
LIMA,Ferretería Fátima,hardware,comercio,-12.037727,-76.964779,64,Pisco,3.3757308752389563,True,False,22.35849964791668,109192.87196639228,121.6752932856931,594229.2609269909,246.86038104106365,1205599.4098469536
LIMA,José,hardware,comercio,-12.037448,-76.9641,64,Pisco,3.3757308752389563,True,False,22.35849964791668,109192.87196639228,121.6752932856931,594229.2609269909,246.86038104106365,1205599.4098469536
LIMA,Ferrecentro,hardware,comercio,-12.038225,-76.953655,64,Pisco,3.3757308752389563,True,False,20.011397985685075,97730.26153492522,110.79603895912497,541097.9219070463,246.86038104106365,1205599.4098469536
LIMA,Ferretería Makia,hardware,comercio,-11.998349,-77.000757,61,Pisco,3.0485938718071464,True,False,13.155226004304556,64246.569823428545,77.30865503797153,377554.58570055617,215.11804741151522,1050578.4278264202
LIMA,Clinica Veterinaria,veterinary,comercio,-12.128925,-76.99852,66,Pisco,3.012573270609794,True,False,36.75289590887829,179491.21455232473,109.16488428006608,533131.8031230225,261.59807449061105,1277574.3231576646
LIMA,Veterinaria Enciso,veterinary,comercio,-12.128326,-76.99082,64,Pisco,3.012573270609794,True,False,36.75289590887829,179491.21455232473,110.31061256653024,538727.2305471436,228.6503670146741,1116666.620912029
LIMA,Ferretería Roly,trade,comercio,-12.193383,-76.981592,62,Pisco,3.012573270609794,True,False,24.519830709116192,119748.22896972031,71.2325034667616,347880.30294405017,218.06964219474008,1064993.2193525312
LIMA,Ferretería El Pirotecnico,hardware,comercio,-12.082315,-77.01397,65,Pisco,3.0485938718071464,True,False,16.26708337796758,79444.04054511544,120.04413860663422,586263.1421429672,250.28288710469414,1222314.0048464006
LIMA,Veterinaria Mundocan,veterinary,comercio,-12.078552,-77.022761,65,Pisco,3.0485938718071464,True,False,16.261980714201048,79419.12051380203,120.04413860663422,586263.1421429672,250.28288710469414,1222314.0048464006
LIMA,Animal Hospital,veterinary,comercio,-12.070768,-76.941557,63,Pisco,3.012573270609794,True,False,20.011397985685075,97730.26153492522,120.58929986437742,588925.5624464394,213.91267356512668,1044691.7076013179
LIMA,Ferretería El Oriente,hardware,comercio,-12.080535,-77.023196,65,Pisco,3.0485938718071464,True,False,16.261980714201048,79419.12051380203,120.71402422687106,589534.6825376495,250.28288710469414,1222314.0048464006
LIMA,Canevaro,pet,comercio,-12.175123,-76.966833,62,Pisco,3.012573270609794,True,False,33.23801370129275,162325.4794218997,78.7083725444369,384390.42785809695,213.8898732957692,1044580.3572454371
LIMA,Medic Vet,veterinary,comercio,-12.084698,-77.011675,65,Pisco,3.0485938718071464,True,False,16.261980714201048,79419.12051380203,120.04413860663422,586263.1421429672,250.28288710469414,1222314.0048464006
LIMA,Ferretería Luz,hardware,comercio,-12.083962,-77.001723,65,Pisco,3.012573270609794,True,False,16.26708337796758,79444.04054511544,129.32121926766158,631569.8978194754,250.28288710469414,1222314.0048464006
LIMA,Ferremax,hardware,comercio,-12.032175,-76.927136,63,Pisco,3.3757308752389563,True,False,20.144523836146416,98380.41222364535,110.79603895912497,541097.9219070463,221.38246654646218,1081172.1585023433
LIMA,Ferreteria Fatima,hardware,comercio,-12.035657,-76.93005,63,Pisco,3.3757308752389563,True,False,20.144523836146416,98380.41222364535,110.79603895912497,541097.9219070463,221.38246654646218,1081172.1585023433
LIMA,Ferretería El Trebol,hardware,comercio,-12.004947,-77.067079,64,Pisco,3.0485938718071464,True,False,45.13423868698922,220423.42839888256,137.52772646731836,671648.2619339874,256.26008941200547,1251505.0461299012
LIMA,Ferretería Mary,hardware,comercio,-12.006722,-77.079056,64,Pisco,3.0485938718071464,True,False,34.25498436042109,167292.08937893796,129.943034724932,634606.6765247396,256.26008941200547,1251505.0461299012
LIMA,Vet Mas,veterinary,comercio,-12.006628,-77.074546,64,Pisco,3.0485938718071464,True,False,45.13423868698922,220423.42839888256,137.52772646731836,671648.2619339874,256.26008941200547,1251505.0461299012
LIMA,Valois,hardware,comercio,-12.005736,-77.068356,64,Pisco,3.0485938718071464,True,False,45.13423868698922,220423.42839888256,137.52772646731836,671648.2619339874,256.26008941200547,1251505.0461299012
LIMA,Ferretería Industrial,hardware,comercio,-12.005641,-77.067647,64,Pisco,3.0485938718071464,True,False,45.13423868698922,220423.42839888256,137.52772646731836,671648.2619339874,256.26008941200547,1251505.0461299012
LIMA,El Trebol,veterinary,comercio,-12.005472,-77.066192,64,Pisco,3.0485938718071464,True,False,45.13423868698922,220423.42839888256,137.52772646731836,671648.2619339874,256.26008941200547,1251505.0461299012
LIMA,Clínica Veterinaria Family Pets,veterinary,comercio,-12.167129,-76.990563,64,Pisco,3.012573270609794,True,False,33.65217743053288,164348.1431861141,110.17748671606891,538077.0798584234,240.49135162894214,1174494.7908385503
LIMA,Ferretería Herlid,hardware,comercio,-12.068026,-77.012319,66,Pisco,3.0485938718071464,True,False,16.26708337796758,79444.04054511544,120.71402422687106,589534.6825376495,260.35396790172643,1271498.4426821482
LIMA,Veterinaria PETS,veterinary,comercio,-11.993742,-77.053969,64,Pisco,3.0485938718071464,True,False,45.13423868698922,220423.42839888256,150.71757478136374,736063.9177647171,256.26008941200547,1251505.0461299012
LIMA,Maestro,doityourself,comercio,-12.06449,-76.992038,65,Pisco,3.012573270609794,True,False,16.26708337796758,79444.04054511544,131.46855419094555,642056.9014663841,250.28288710469414,1222314.0048464006
LIMA,Veterinaría Bryan,veterinary,comercio,-12.007981,-77.011137,63,Pisco,3.0485938718071464,True,False,13.171981255595272,64328.397944177355,77.30865503797155,377554.58570055617,229.45362401202473,1120589.511081271
LIMA,Zoo,veterinary,comercio,-12.010807,-77.011471,63,Pisco,3.0485938718071464,True,False,13.171981255595272,64328.397944177355,93.60138350768322,457123.86994553864,229.45362401202473,1120589.511081271
LIMA,Veterinaria A&R,veterinary,comercio,-12.188984,-76.927969,56,Pisco,3.012573270609794,True,False,24.519830709116192,119748.22896972031,63.20075367159582,308655.4067810666,150.87365652504423,736826.1788342153
LIMA,Ferretería 1010,hardware,comercio,-12.01828,-77.059453,66,Pisco,3.0485938718071464,True,False,34.25498436042109,167292.08937893796,137.52772646731836,671648.2619339874,264.18674529599394,1290216.6920225918
LIMA,Fecodi Ferretería,hardware,comercio,-12.012833,-77.008666,63,Pisco,3.0485938718071464,True,False,13.171981255595272,64328.397944177355,93.60138350768322,457123.86994553864,229.45362401202473,1120589.511081271
LIMA,Ferretería La Economica,hardware,comercio,-12.012841,-77.008594,63,Pisco,3.0485938718071464,True,False,13.171981255595272,64328.397944177355,93.60138350768322,457123.86994553864,229.45362401202473,1120589.511081271
LIMA,Promelsa,hardware,comercio,-12.066332,-77.017208,66,Pisco,3.0485938718071464,True,False,17.245724023152718,84223.45706919178,94.27126912792009,460395.41034022096,260.35396790172643,1271498.4426821482
LIMA,Ferretería N y R,hardware,comercio,-12.173898,-77.005264,63,Pisco,3.012573270609794,True,False,28.635121538640146,139846.19760486294,91.34851851392648,446121.4859441698,223.84185743524364,1093183.159180515
LIMA,Veterinaria Antares,veterinary,comercio,-12.012488,-77.080747,64,Pisco,3.0485938718071464,True,False,34.25498436042109,167292.08937893796,137.52772646731836,671648.2619339874,256.26008941200547,1251505.0461299012
LIMA,Corporación Solminsa,trade,comercio,-12.182214,-76.999095,62,Pisco,3.012573270609794,True,False,33.23801370129275,162325.4794218997,93.88475824635722,458507.79561344103,213.45014999403878,1042432.8674342879
LIMA,Pet Shop El Trigal,pet,comercio,-12.127478,-76.987657,64,Pisco,3.012573270609794,True,False,36.75289590887829,179491.21455232473,110.31061256653024,538727.2305471436,228.6503670146741,1116666.620912029
LIMA,Pet Shop Dog Tor Luis,pet,comercio,-12.16686,-76.990383,64,Pisco,3.012573270609794,True,False,33.65217743053288,164348.1431861141,110.17748671606891,538077.0798584234,240.49135162894214,1174494.7908385503
LIMA,Deposito y Ferretaria Nichar SAC,hardware,comercio,-12.190516,-76.930343,56,Pisco,3.012573270609794,True,False,24.519830709116192,119748.22896972031,63.20075367159582,308655.4067810666,150.87365652504423,736826.1788342153
LIMA,Matizados y Ferretería,hardware,comercio,-11.991252,-77.090478,64,Pisco,3.0485938718071464,True,False,44.3999042555989,216837.13742184968,114.55658375994815,559463.4067752776,256.26008941200547,1251505.0461299012
LIMA,Clínica Veterinaria,veterinary,comercio,-12.164387,-76.99058,64,Pisco,3.012573270609794,True,False,33.65217743053288,164348.1431861141,110.17748671606891,538077.0798584234,240.49135162894214,1174494.7908385503
LIMA,Comercial Ferretería Mayo Luren,hardware,comercio,-12.162151,-76.990067,64,Pisco,3.012573270609794,True,False,34.44252600945222,168207.9921270425,110.31061256653024,538727.2305471436,240.49135162894214,1174494.7908385503
LIMA,Veterinaria Los Viñedos,veterinary,comercio,-12.161923,-76.98992,64,Pisco,3.012573270609794,True,False,34.44252600945222,168207.9921270425,110.31061256653024,538727.2305471436,240.49135162894214,1174494.7908385503
LIMA,Perú Dog,veterinary,comercio,-12.030462,-77.087793,63,Pisco,3.0485938718071464,True,False,34.25498436042109,167292.08937893796,104.58001899138137,510740.5596883516,243.36518153663133,1188529.7997213013
LIMA,DiB,hardware,comercio,-12.11332,-76.992222,66,Pisco,3.012573270609794,True,False,36.75289590887829,179491.21455232473,109.16488428006608,533131.8031230225,261.59807449061105,1277574.3231576646
LIMA,Ferretería Sanitarios Luis Lau,hardware,comercio,-12.06822,-77.012327,66,Pisco,3.0485938718071464,True,False,16.26708337796758,79444.04054511544,120.71402422687106,589534.6825376495,260.35396790172643,1271498.4426821482
LIMA,Veterinary Clinic,veterinary,comercio,-12.112011,-76.993062,67,Pisco,3.012573270609794,True,False,36.75289590887829,179491.21455232473,109.16488428006608,533131.8031230225,268.3790020881354,1310690.5416262343
LIMA,Ferretería El Sol,hardware,comercio,-11.946308,-77.073917,66,Pisco,3.0485938718071464,True,False,45.06978987583576,220108.677816532,137.81751287102583,673063.5004417548,362.54063298011175,1770550.508441687
LIMA,Ferretería Los Andes,hardware,comercio,-11.947633,-77.077921,66,Pisco,3.0485938718071464,True,False,44.54018249403649,217522.21844117527,135.28127313859508,660677.1907724835,362.54063298011175,1770550.508441687
LIMA,Frenos,hardware,comercio,-11.947721,-77.078214,66,Pisco,3.0485938718071464,True,False,44.54018249403649,217522.21844117527,135.28127313859508,660677.1907724835,362.54063298011175,1770550.508441687
LIMA,Ferretería Doris,hardware,comercio,-11.991055,-77.107792,62,Pisco,3.0485938718071464,True,False,32.9910425472315,161119.33902654835,112.02034402751741,547077.0971060062,230.33351455727953,1124886.6587953577
LIMA,Veterinaria 911,veterinary,comercio,-11.943419,-77.089186,64,Pisco,3.341094771641284,True,False,39.93729033138389,195042.93662413853,125.2101923415628,611492.752936736,336.0978778811608,1641411.2362442585
LIMA,Ferretería Jokap,hardware,comercio,-11.987936,-77.004267,61,Pisco,3.0485938718071464,True,False,11.180372913033345,54601.92084682764,77.30865503797153,377554.58570055617,215.11804741151522,1050578.4278264202
LIMA,D'fashion Animal,veterinary,comercio,-11.935622,-77.077973,67,Pisco,3.341094771641284,True,False,44.54018249403649,217522.21844117527,135.28127313859508,660677.1907724835,373.98351235480686,1826434.4399292087
LIMA,Maskopets,veterinary,comercio,-11.936058,-77.075984,68,Pisco,3.341094771641284,True,False,44.54018249403649,217522.21844117527,135.28127313859508,660677.1907724835,373.98351235480686,1826434.4399292087
LIMA,Veterinaria Aviación,veterinary,comercio,-12.118113,-76.998817,66,Pisco,3.012573270609794,True,False,36.75289590887829,179491.21455232473,109.16488428006608,533131.8031230225,261.59807449061105,1277574.3231576646
LIMA,Ferretería Rolys,hardware,comercio,-11.995976,-77.002569,61,Pisco,3.0485938718071464,True,False,13.16032866807109,64271.48985474194,77.30865503797153,377554.58570055617,215.11804741151522,1050578.4278264202
LIMA,Ferretería Santa Beatriz,hardware,comercio,-12.10857,-77.015203,67,Pisco,3.012573270609794,True,False,39.099997571109895,190953.8249837918,120.04413860663423,586263.1421429671,274.78792280465643,1341989.9789883946
LIMA,Ferretería Candiotti Color,hardware,comercio,-12.108443,-77.014893,67,Pisco,3.012573270609794,True,False,39.099997571109895,190953.8249837918,120.04413860663423,586263.1421429671,274.78792280465643,1341989.9789883946
LIMA,Ferreteria Comercial,hardware,comercio,-12.101974,-76.994236,66,Pisco,3.012573270609794,True,False,29.168204166491957,142449.62914307683,109.16488428006608,533131.8031230225,254.61456506681603,1243468.7497785673
LIMA,La Franciscana,veterinary,comercio,-11.976271,-77.090312,65,Pisco,3.0485938718071464,True,False,44.3999042555989,216837.13742184968,127.74643207399355,623879.0626060073,313.0897789920803,1529045.897078061
LIMA,Ferretería Flores,hardware,comercio,-11.974871,-77.088637,65,Pisco,3.0485938718071464,True,False,44.3999042555989,216837.13742184968,127.74643207399355,623879.0626060073,313.0897789920803,1529045.897078061
LIMA,Ferretería en General,hardware,comercio,-11.965662,-77.08304,65,Pisco,3.0485938718071464,True,False,43.87029687379963,214250.67804649295,127.74643207399355,623879.0626060073,349.69333467150705,1707807.7742951121
LIMA,Ferretería Arena,hardware,comercio,-11.970284,-77.080018,67,Pisco,3.0485938718071464,True,False,44.3999042555989,216837.13742184968,127.74643207399355,623879.0626060073,375.61990952623296,1834426.1616296556
LIMA,Pet's Place,veterinary,comercio,-12.091617,-76.952403,62,Pisco,3.012573270609794,True,False,13.919981715735975,67981.43011364837,118.44196494109345,578438.5587995306,204.1453313147118,996990.6467700351
LIMA,Mendoza,trade,comercio,-12.07506,-76.978983,64,Pisco,3.012573270609794,True,False,31.520408492490102,153937.1596058573,129.32121926766158,631569.8978194754,237.09303879064873,1157898.349015671
LIMA,Ferretería Denisse,hardware,comercio,-12.028665,-77.072674,64,Pisco,3.0485938718071464,True,False,34.25498436042109,167292.08937893796,104.58001899138137,510740.5596883516,250.14610913415567,1221646.018189871
LIMA,Ferretería Malca,hardware,comercio,-12.025302,-77.077932,63,Pisco,3.0485938718071464,True,False,34.25498436042109,167292.08937893796,104.58001899138137,510740.5596883516,243.36518153663133,1188529.7997213013
LIMA,Ferretería Industrial la Molina,hardware,comercio,-12.066418,-76.959361,65,Pisco,3.012573270609794,True,False,17.84740682421472,87161.91332052012,131.46855419094555,642056.9014663841,246.86038104106362,1205599.4098469536
LIMA,Ferretería la Molina,hardware,comercio,-12.066287,-76.95941,65,Pisco,3.012573270609794,True,False,17.84740682421472,87161.91332052012,131.46855419094555,642056.9014663841,246.86038104106362,1205599.4098469536
LIMA,Ferretería El Asesor,hardware,comercio,-12.038562,-76.965992,64,Pisco,3.3757308752389563,True,False,22.35849964791668,109192.87196639228,121.6752932856931,594229.2609269909,246.86038104106365,1205599.4098469536
LIMA,Janeth,hardware,comercio,-12.037888,-76.964301,64,Pisco,3.3757308752389563,True,False,22.35849964791668,109192.87196639228,121.6752932856931,594229.2609269909,246.86038104106365,1205599.4098469536
LIMA,Ferretería el Trome,hardware,comercio,-12.035435,-76.957499,64,Pisco,3.3757308752389563,True,False,20.011397985685075,97730.26153492522,110.79603895912497,541097.9219070463,246.86038104106365,1205599.4098469536
LIMA,Ferretería Pancar,hardware,comercio,-12.071741,-77.011773,65,Pisco,3.0485938718071464,True,False,16.26708337796758,79444.04054511544,120.04413860663422,586263.1421429672,250.28288710469414,1222314.0048464006
LIMA,Ferretería Zurita,hardware,comercio,-12.021304,-77.086625,63,Pisco,3.0485938718071464,True,False,34.25498436042109,167292.08937893796,104.58001899138137,510740.5596883516,243.36518153663133,1188529.7997213013
LIMA,Ferretería Leo,hardware,comercio,-12.046358,-76.95805,64,Pisco,3.012573270609794,True,False,20.383646556645477,99548.22298979138,121.6752932856931,594229.2609269909,246.86038104106365,1205599.4098469536
LIMA,Rojas Veterinaria,veterinary,comercio,-11.947154,-77.077301,66,Pisco,3.0485938718071464,True,False,44.54018249403649,217522.21844117527,135.28127313859508,660677.1907724835,362.54063298011175,1770550.508441687
LIMA,Ferretería Sendy,hardware,comercio,-12.024833,-77.07816,63,Pisco,3.0485938718071464,True,False,34.25498436042109,167292.08937893796,104.58001899138137,510740.5596883516,243.36518153663133,1188529.7997213013
LIMA,Ferretería Femaco,hardware,comercio,-12.022352,-77.083747,63,Pisco,3.0485938718071464,True,False,34.25498436042109,167292.08937893796,104.58001899138137,510740.5596883516,243.36518153663133,1188529.7997213013
LIMA,Veterinaría José Granda,veterinary,comercio,-12.021578,-77.085316,63,Pisco,3.0485938718071464,True,False,34.25498436042109,167292.08937893796,104.58001899138137,510740.5596883516,243.36518153663133,1188529.7997213013
LIMA,Mascotas,pet,comercio,-12.10981,-76.975389,67,Pisco,3.012573270609794,True,False,36.75799857264482,179516.1345836381,118.44196494109345,578438.5587995306,268.3790020881354,1310690.5416262343
LIMA,Ferretería Amesat,hardware,comercio,-11.998865,-77.102553,64,Pisco,3.0485938718071464,True,False,33.52064992903077,163705.79840190502,114.55658375994815,559463.4067752776,256.26008941200547,1251505.0461299012
LIMA,Ferretería Quito,hardware,comercio,-11.995809,-77.104012,63,Pisco,3.0485938718071464,True,False,33.52064992903077,163705.79840190502,114.55658375994815,559463.4067752776,246.98300875097806,1206198.290453393
LIMA,Ferretería Flores,hardware,comercio,-11.967759,-77.075174,68,Pisco,3.0485938718071464,True,False,44.3999042555989,216837.13742184968,127.74643207399355,623879.0626060073,388.46720783483767,1897168.8957762306
LIMA,La Marina,hardware,comercio,-11.971232,-77.076895,68,Pisco,3.0485938718071464,True,False,44.3999042555989,216837.13742184968,127.74643207399355,623879.0626060073,388.46720783483767,1897168.8957762306
LIMA,Deposito y Ferretería,hardware,comercio,-11.971009,-77.077385,67,Pisco,3.0485938718071464,True,False,44.3999042555989,216837.13742184968,127.74643207399355,623879.0626060073,375.61990952623296,1834426.1616296556
LIMA,Kartna,hardware,comercio,-11.97099,-77.077432,67,Pisco,3.0485938718071464,True,False,44.3999042555989,216837.13742184968,127.74643207399355,623879.0626060073,375.61990952623296,1834426.1616296556
LIMA,Ferretería Mercury,hardware,comercio,-12.063738,-77.00327,65,Pisco,3.0485938718071464,True,False,16.26708337796758,79444.04054511544,120.04413860663422,586263.1421429672,250.28288710469414,1222314.0048464006
LIMA,Ferretería Leo,hardware,comercio,-12.063433,-77.003034,65,Pisco,3.0485938718071464,True,False,16.26708337796758,79444.04054511544,120.04413860663422,586263.1421429672,250.28288710469414,1222314.0048464006
LIMA,Ferretería Elena,hardware,comercio,-12.052033,-77.00736,66,Pisco,3.0485938718071464,True,False,17.25082668691925,84248.37710050518,94.27126912792009,460395.41034022096,260.35396790172643,1271498.4426821482
LIMA,Veterinaría Mascotas,veterinary,comercio,-12.068717,-77.008983,65,Pisco,3.0485938718071464,True,False,16.26708337796758,79444.04054511544,120.04413860663422,586263.1421429672,250.28288710469414,1222314.0048464006
LIMA,Remil,hardware,comercio,-12.062201,-77.003744,65,Pisco,3.0485938718071464,True,False,16.26708337796758,79444.04054511544,120.71402422687106,589534.6825376495,250.28288710469414,1222314.0048464006
LIMA,Ferretería El Caribe,hardware,comercio,-12.059643,-77.007327,66,Pisco,3.0485938718071464,True,False,17.25082668691925,84248.37710050518,120.71402422687106,589534.6825376495,260.35396790172643,1271498.4426821482
LIMA,Veterinaría Central,veterinary,comercio,-12.0596,-77.007376,66,Pisco,3.0485938718071464,True,False,17.25082668691925,84248.37710050518,120.71402422687106,589534.6825376495,260.35396790172643,1271498.4426821482
LIMA,Aceram,hardware,comercio,-12.002988,-77.083646,64,Pisco,3.0485938718071464,True,False,45.13423868698922,220423.42839888256,114.6897096104095,560113.5574639977,256.26008941200547,1251505.0461299012
LIMA,Ferretería y Matizados Juan Manuel,hardware,comercio,-12.108884,-76.972144,65,Pisco,3.012573270609794,True,False,36.75289590887829,179491.21455232473,118.44196494109345,578438.5587995306,235.4312946121984,1149782.8393805986
LIMA,Celima Trébol,trade,comercio,-12.177694,-76.996141,63,Pisco,3.012573270609794,True,False,33.23801370129275,162325.4794218997,93.88475824635722,458507.79561344103,230.0996441877373,1123744.4990923232
LIMA,Ferretería Pernos Asly,hardware,comercio,-12.038643,-76.956528,64,Pisco,3.3757308752389563,True,False,20.011397985685075,97730.26153492522,110.79603895912497,541097.9219070463,246.86038104106365,1205599.4098469536
LIMA,Centro Médico Veterinario,veterinary,comercio,-12.046228,-76.977757,65,Pisco,3.012573270609794,True,False,19.82225991548593,96806.56229712101,105.02579909199457,512917.6292689555,260.0502293551091,1270015.0656776833
LIMA,Comercial Ferreteria Cesar's,hardware,comercio,-11.974405,-77.082463,66,Pisco,3.0485938718071464,True,False,44.3999042555989,216837.13742184968,127.74643207399355,623879.0626060073,323.25607027217586,1578695.3171912734
LIMA,V&S ItherPlast,hardware,comercio,-12.039356,-76.933204,63,Pisco,3.3757308752389563,True,False,20.144523836146416,98380.41222364535,110.79603895912497,541097.9219070463,221.38246654646218,1081172.1585023433
LIMA,Ferreteria Beylim,hardware,comercio,-11.978193,-77.084182,66,Pisco,3.0485938718071464,True,False,44.3999042555989,216837.13742184968,127.74643207399355,623879.0626060073,323.25607027217586,1578695.3171912734
LIMA,Ferre Polis,hardware,comercio,-11.983058,-77.0818,66,Pisco,3.0485938718071464,True,False,44.3999042555989,216837.13742184968,127.74643207399355,623879.0626060073,323.25607027217586,1578695.3171912734
LIMA,Feria Ferretera,hardware,comercio,-12.034142,-77.008247,66,Pisco,3.0485938718071464,True,False,40.92201827160246,199852.08185263042,112.62837494317215,550046.5558340156,272.1211005132892,1328965.9393791214
LIMA,Ferreteria Diana,trade,comercio,-11.942147,-76.702982,46,Pisco,3.593587810388605,True,False,42.30907818048902,206626.10772313987,60.13076077043308,293662.3908330742,79.69024459598675,389185.6256978702
LIMA,Ferretena Sedano,hardware,comercio,-12.034289,-76.928314,63,Pisco,3.3757308752389563,True,False,20.144523836146416,98380.41222364535,110.79603895912497,541097.9219070463,221.38246654646218,1081172.1585023433
LIMA,Ferretería Sedano,hardware,comercio,-12.036404,-76.930104,63,Pisco,3.3757308752389563,True,False,20.144523836146416,98380.41222364535,110.79603895912497,541097.9219070463,221.38246654646218,1081172.1585023433
LIMA,Clinica Veterinaria,veterinary,comercio,-11.97997,-77.078233,67,Pisco,3.0485938718071464,True,False,44.3999042555989,216837.13742184968,127.74643207399355,623879.0626060073,375.61990952623296,1834426.1616296556
LIMA,Vyma's Vet,veterinary,comercio,-12.017612,-77.07743,64,Pisco,3.0485938718071464,True,False,34.25498436042109,167292.08937893796,124.25100534380091,606808.3427711282,256.26008941200547,1251505.0461299012
LIMA,San Martin,veterinary,comercio,-11.936826,-76.695067,44,Pisco,3.593587810388605,True,False,41.57474374909869,203039.81674610695,60.13076077043307,293662.3908330742,79.67859200846257,389128.7176084348
LIMA,Paz y Bien,trade,comercio,-11.922001,-76.677972,42,Pisco,3.918599529822023,True,False,49.04453673043418,239520.2676471325,60.13076077043307,293662.3908330742,78.88824342954324,385268.8686675064
LIMA,Ferreteria la Floresta,hardware,comercio,-11.973899,-76.760401,53,Pisco,3.5866136488818987,True,False,37.55879182196685,183426.9924731083,60.522904309064394,295577.5139352725,115.21982833564492,562702.5141025534
LIMA,Paws and Claws,yes,comercio,-11.943539,-76.707259,48,Pisco,3.593587810388605,True,False,42.30907818048902,206626.10772313987,60.13076077043308,293662.3908330742,81.69700347384287,398986.09391656757
LIMA,Ferreteria Fongo,trade,comercio,-11.936966,-76.694848,44,Pisco,3.918599529822023,True,False,41.57474374909869,203039.81674610695,60.13076077043307,293662.3908330742,79.67859200846257,389128.7176084348
LIMA,Ferretería Garma,hardware,comercio,-12.015997,-76.821393,55,Pisco,3.5866136488818987,True,False,11.990494790095568,58558.33723398316,44.07611765623335,215255.85114389268,140.13947582248,684403.3402011932
LIMA,Ferretería Lope,hardware,comercio,-12.000637,-76.833519,57,Pisco,3.5866136488818987,True,False,14.164020988531464,69173.25199296718,57.83672446329973,282458.937259909,151.0187301490481,737534.6792211378
LIMA,Ferretería Jhoshi,hardware,comercio,-12.015431,-76.821905,55,Pisco,3.5866136488818987,True,False,11.990494790095568,58558.33723398316,44.07611765623335,215255.85114389268,140.13947582248,684403.3402011932
LIMA,Castrovet,veterinary,comercio,-12.014382,-76.823418,55,Pisco,3.5866136488818987,True,False,11.990494790095568,58558.33723398316,44.08777024375753,215312.75923332808,140.13947582248,684403.3402011932
LIMA,Veterinaria Mayorga,veterinary,comercio,-12.012903,-76.825547,55,Pisco,3.5866136488818987,True,False,11.990494790095568,58558.33723398316,44.08777024375753,215312.75923332808,140.13947582248,684403.3402011932
LIMA,Centro Ferretero Marsano,hardware,comercio,-12.117445,-77.008501,66,Pisco,3.012573270609794,True,False,37.12514447983869,181309.17600719086,120.04413860663423,586263.1421429671,261.59807449061105,1277574.3231576646
LIMA,Scheiner Electric,hardware,comercio,-12.044225,-77.046887,65,Pisco,3.0485938718071464,True,False,35.90114725484098,175331.5042322045,104.58001899138137,510740.5596883516,251.29183742061977,1227241.445613992
LIMA,Arpesa,hardware,comercio,-12.045183,-77.046838,65,Pisco,3.0485938718071464,True,False,35.90114725484098,175331.5042322045,104.58001899138137,510740.5596883516,251.29183742061977,1227241.445613992
LIMA,Convexo,hardware,comercio,-12.044564,-77.046913,65,Pisco,3.0485938718071464,True,False,35.90114725484098,175331.5042322045,104.58001899138137,510740.5596883516,251.29183742061977,1227241.445613992
LIMA,Rebobinados Erick'son,hardware,comercio,-12.042238,-77.046087,65,Pisco,3.0485938718071464,True,False,35.90114725484098,175331.5042322045,104.58001899138137,510740.5596883516,251.29183742061977,1227241.445613992
LIMA,DeWalt,hardware,comercio,-12.043192,-77.0457,65,Pisco,3.0485938718071464,True,False,35.906249918607514,175356.42426351787,104.58001899138137,510740.5596883516,251.29183742061977,1227241.445613992
LIMA,DeWalt,hardware,comercio,-12.043496,-77.048963,65,Pisco,3.0485938718071464,True,False,35.90114725484098,175331.5042322045,104.58001899138137,510740.5596883516,251.29183742061977,1227241.445613992
LIMA,León,hardware,comercio,-12.044575,-77.048399,65,Pisco,3.0485938718071464,True,False,35.90114725484098,175331.5042322045,104.58001899138137,510740.5596883516,251.29183742061977,1227241.445613992
LIMA,Duco,hardware,comercio,-12.05478,-77.012963,67,Pisco,3.0485938718071464,True,False,22.19045603216379,108372.19234528072,120.71402422687106,589534.6825376495,272.1211005132892,1328965.9393791216
LIMA,Aceros Boehler del Perú S.A.,hardware,comercio,-12.045275,-77.068475,64,Pisco,3.0485938718071464,True,False,35.90114725484098,175331.5042322045,104.58001899138137,510740.5596883516,244.5109098230955,1194125.2271454223
LIMA,Farruro,hardware,comercio,-12.053896,-77.025583,65,Pisco,3.0485938718071464,True,False,20.729864216687186,101239.05650817379,110.48104001988817,539559.5521871069,251.29183742061977,1227241.445613992
LIMA,Santa Rosa,hardware,comercio,-12.054308,-77.025444,65,Pisco,3.0485938718071464,True,False,20.729864216687186,101239.05650817379,110.48104001988817,539559.5521871069,251.29183742061977,1227241.445613992
LIMA,Aceros Boehler del Perú S.A. Planta Tratamientos Térmicos,hardware,comercio,-12.04486,-77.068515,64,Pisco,3.0485938718071464,True,False,35.90114725484098,175331.5042322045,104.58001899138137,510740.5596883516,244.5109098230955,1194125.2271454223
LIMA,Tecno Color S.r.l,hardware,comercio,-12.075006,-77.007615,65,Pisco,3.0485938718071464,True,False,16.26708337796758,79444.04054511544,120.04413860663422,586263.1421429672,250.28288710469414,1222314.0048464006
LIMA,Autonics,hardware,comercio,-12.054927,-77.033181,66,Pisco,3.0485938718071464,True,False,35.906249918607514,175356.42426351787,110.48104001988817,539559.5521871069,251.29183742061977,1227241.445613992
LIMA,María Auxiliadora,veterinary,comercio,-12.061928,-77.048568,64,Pisco,3.0485938718071464,True,False,35.90114725484098,175331.5042322045,110.48104001988817,539559.5521871069,244.5109098230955,1194125.2271454223
LIMA,Veterinaria San Juan Bautista,veterinary,comercio,-12.02598,-76.911476,61,Pisco,3.3757308752389563,True,False,17.59256871024805,85917.35281830805,101.5189582980976,495791.16623053816,209.84503081879313,1024826.439331995
LIMA,SCI MERCO PERU S.A.C.,hardware,comercio,-12.079344,-77.026533,66,Pisco,3.0485938718071464,True,False,16.261980714201048,79419.12051380203,120.71402422687106,589534.6825376495,260.35396790172643,1271498.4426821482
LIMA,Centro Comercial Las Malvinas II,hardware,comercio,-12.018075,-77.001826,64,Pisco,3.0485938718071464,True,False,18.36166810000932,89673.42646001407,94.27126912792009,460395.41034022096,239.52470480905706,1169773.9489170187
LIMA,MACOFE,hardware,comercio,-12.206653,-76.936453,58,Pisco,3.012573270609794,True,False,24.519830709116192,119748.22896972031,64.34137929429345,314225.9141738743,204.3731673246511,998103.3362909955
LIMA,Veterinaria muncipal,veterinary,comercio,-12.069352,-77.040193,65,Pisco,3.0485938718071464,True,False,20.72476155292065,101214.1364768604,120.71402422687106,589534.6825376495,244.51090982309546,1194125.2271454223
LIMA,Alfredo Marmanillo Leiva,veterinary,comercio,-12.180173,-76.998274,62,Pisco,3.012573270609794,True,False,33.23801370129275,162325.4794218997,93.88475824635722,458507.79561344103,213.45014999403878,1042432.8674342879
LIMA,Cavero,veterinary,comercio,-12.078894,-77.059565,62,Pisco,3.0485938718071464,True,False,14.80138889872444,72285.9846766951,77.1755291875102,376904.435011836,222.67269641450042,1087473.2926127014
LIMA,Productos para mascotas y acuarios,pet,comercio,-12.050976,-77.030405,65,Pisco,3.0485938718071464,True,False,35.906249918607514,175356.42426351787,110.48104001988817,539559.5521871069,251.29183742061977,1227241.445613992
LIMA,Promart,doityourself,comercio,-12.180137,-76.942524,60,Pisco,3.012573270609794,True,False,25.9804225245928,126881.36480682726,69.10303187134576,337480.5389645393,184.72950886756576,902169.0152661982
LIMA,tuberias,hardware,comercio,-12.072966,-77.0193,65,Pisco,3.0485938718071464,True,False,16.261980714201048,79419.12051380203,120.71402422687106,589534.6825376495,250.28288710469414,1222314.0048464006
LIMA,Ferreteria Fabri Sur S.A.C.,hardware,comercio,-12.199831,-76.926782,58,Pisco,3.012573270609794,True,False,24.519830709116192,119748.22896972031,64.34137929429345,314225.9141738743,204.3731673246511,998103.3362909955
LIMA,Multiservice Mary,hardware,comercio,-12.120341,-77.034106,64,,,False,False,29.320379581856635,143192.81276040405,120.04413860663423,586263.1421429671,227.0043743766223,1108628.0375448682
LIMA,Ferreteria Jaén,hardware,comercio,-11.801238,-77.141098,63,,,False,False,59.572625726015985,290936.61006045114,302.6520512518944,1478070.8546243347,537.3685450438071,2624362.799907386
LIMA,Ferreteria Janampa,hardware,comercio,-11.911626,-76.966547,55,Pisco,3.3757308752389563,True,False,5.880932965091482,28720.88782397367,61.344009578957326,299587.5702457685,145.3001100951529,709606.4838054136
LIMA,Bon Ami,veterinary,comercio,-12.083687,-77.032727,64,Pisco,3.0485938718071464,True,False,16.261980714201048,79419.12051380203,120.71402422687106,589534.6825376495,243.50195950716983,1189197.786377831
LIMA,Chocho,hardware,comercio,-12.064283,-77.058577,64,Pisco,3.0485938718071464,True,False,35.90114725484098,175331.5042322045,94.18831155017651,459990.26794212445,244.5109098230955,1194125.2271454223
LIMA,Anyo electric,hardware,comercio,-12.044492,-77.046327,65,Pisco,3.0485938718071464,True,False,35.90114725484098,175331.5042322045,104.58001899138137,510740.5596883516,251.29183742061977,1227241.445613992
LIMA,333,hardware,comercio,-12.037954,-77.081116,63,Pisco,3.0485938718071464,True,False,34.25498436042109,167292.08937893796,104.58001899138137,510740.5596883516,243.36518153663133,1188529.7997213013
LIMA,Misi Vet,veterinary,comercio,-12.037407,-77.078229,63,Pisco,3.0485938718071464,True,False,34.25498436042109,167292.08937893796,104.58001899138137,510740.5596883516,243.36518153663133,1188529.7997213013
LIMA,Veterinaria The Pet's Corner,veterinary,comercio,-12.17122,-77.022945,63,,,False,False,29.425470117559495,143706.04654579138,91.34851851392648,446121.4859441698,223.84185743524364,1093183.159180515
LIMA,Gama Pets Care,veterinary,comercio,-12.166527,-77.023432,63,,,False,False,29.425470117559495,143706.04654579138,91.34851851392648,446121.4859441698,223.84185743524364,1093183.159180515
LIMA,Emanuel,hardware,comercio,-11.999825,-77.096825,64,Pisco,3.0485938718071464,True,False,33.52064992903077,163705.79840190502,114.55658375994815,559463.4067752776,256.26008941200547,1251505.0461299012
LIMA,veterinaria AgroSuni,pet,comercio,-12.065103,-77.033907,67,Pisco,3.0485938718071464,True,False,22.185353368397262,108347.27231396732,120.71402422687106,589534.6825376495,272.1211005132892,1328965.9393791216
LIMA,Ferretería Andina,hardware,comercio,-12.080984,-77.031796,65,Pisco,3.0485938718071464,True,False,16.261980714201048,79419.12051380203,120.71402422687106,589534.6825376495,253.57304030420212,1238382.2242135785
LIMA,Sodimac,doityourself,comercio,-13.075478,-76.372607,70,Pisco,1.3603158680328946,True,False,469.7402494572647,2294084.4745469126,554.0904260981731,2706027.9494370758,935.4428625565427,5084582.150005935
LIMA,Mis engreidos Veterinaria Pet shop,veterinary,comercio,-12.117079,-77.036246,64,Pisco,3.0485938718071464,True,False,27.345526490585428,133548.16378380315,120.04413860663423,586263.1421429671,227.0043743766223,1108628.0375448682
LIMA,Villavet Clinica Veterinaria,veterinary,comercio,-12.11687,-77.033348,64,Pisco,3.0485938718071464,True,False,29.320379581856635,143192.81276040405,120.04413860663423,586263.1421429671,227.0043743766223,1108628.0375448682
LIMA,Comercial del Acero,hardware,comercio,-12.046194,-77.068722,64,Pisco,3.0485938718071464,True,False,35.90114725484098,175331.5042322045,104.58001899138137,510740.5596883516,244.5109098230955,1194125.2271454223
LIMA,Clinica Veterinaria San Diego,veterinary,comercio,-12.117783,-77.035945,64,,,False,False,27.345526490585428,133548.16378380315,120.04413860663423,586263.1421429671,227.0043743766223,1108628.0375448682
LIMA,Agro Veterinaria,veterinary,comercio,-12.19208,-77.004728,63,,,False,False,28.635121538640146,139846.19760486294,91.34851851392646,446121.4859441698,234.2794130867082,1144157.3611994172
LIMA,Materiales Asia,trade,comercio,-12.660948,-76.633187,48,Pisco,1.8527076190590837,True,False,142.6228114723308,696531.2806235732,214.12387804650663,1045723.1732299249,643.4439094994739,3142406.222864671
LIMA,Mejor Alcaide del Peru,hardware,comercio,-12.184604,-77.021401,61,,,False,False,28.635121538640146,139846.19760486294,87.79334197640812,428758.9641921642,211.3028150707548,1031945.8637873791
LIMA,Ferreteria Copacabana,hardware,comercio,-12.192497,-77.019312,60,,,False,False,24.519830709116196,119748.22896972031,72.6169562744878,354641.5964368201,195.0930441787867,952781.7219404931
LIMA,Emergencia Animal,veterinary,comercio,-12.19318,-77.019679,60,,,False,False,24.519830709116196,119748.22896972031,72.6169562744878,354641.5964368201,195.0930441787867,952781.7219404931
LIMA,Ferreteria Rosita,hardware,comercio,-12.195229,-77.021868,60,,,False,False,24.519830709116196,119748.22896972031,72.6169562744878,354641.5964368201,195.0930441787867,952781.7219404931
LIMA,El Colorao,hardware,comercio,-12.34906,-76.812087,59,Pisco,2.32626128361434,True,False,52.0988544118958,254436.73005688115,184.63103244782417,901688.0830363134,318.9869803308494,1557846.2352440548
LIMA,Mundo Pets,pet,comercio,-12.187486,-77.009344,63,,,False,False,28.635121538640146,139846.19760486294,91.34851851392648,446121.4859441698,223.84185743524364,1093183.159180515
LIMA,Tinco,hardware,comercio,-12.363888,-76.794918,56,Pisco,2.32626128361434,True,False,78.25146987270173,382159.0386449782,180.52393228597293,881630.1154093149,295.8106155759484,1444659.1310474584
LIMA,Peterinaria,pet,comercio,-12.143708,-77.017984,65,Pisco,3.012573270609794,True,False,34.55796966201136,168771.78773818482,109.03175842960475,532481.6524343024,240.76881139794168,1175849.8293925351
LIMA,Matizados y Ferreteria Juan,hardware,comercio,-12.139797,-76.993783,64,Pisco,3.012573270609794,True,False,34.44252600945222,168207.9921270425,110.31061256653024,538727.2305471436,240.49135162894214,1174494.7908385503
LIMA,El Potito Con Jura,hardware,comercio,-12.162562,-76.990291,64,Pisco,3.012573270609794,True,False,34.44252600945222,168207.9921270425,110.31061256653024,538727.2305471436,240.49135162894214,1174494.7908385503
LIMA,M R Central,hardware,comercio,-12.516782,-76.733616,48,Pisco,2.3999133387703973,True,False,124.61356972016836,608579.009235859,248.76438348803748,1214898.0434176319,325.71146852301786,1590686.8189043892
LIMA,Rerreteria Ely,hardware,comercio,-12.512948,-76.73599,49,Pisco,2.3999133387703973,True,False,124.61356972016836,608579.009235859,248.7643834880375,1214898.0434176316,329.8185686848691,1610744.7865313878
LIMA,Ferreteria Central,hardware,comercio,-12.16268,-76.990817,64,Pisco,3.012573270609794,True,False,34.44252600945222,168207.9921270425,110.17748671606891,538077.0798584234,240.49135162894214,1174494.7908385503
LIMA,Ferreteria Fadem,hardware,comercio,-12.162532,-76.990733,64,Pisco,3.012573270609794,True,False,34.44252600945222,168207.9921270425,110.17748671606891,538077.0798584234,240.49135162894214,1174494.7908385503
LIMA,Bujama,hardware,comercio,-12.71069,-76.63256,53,Pisco,1.8527076190590837,True,False,153.01193362348985,747268.9465116519,310.64067980986437,1517085.158314375,729.794562551422,3564119.484102855
LIMA,Ferreteria Sarita,hardware,comercio,-12.179931,-76.944159,60,Pisco,3.012573270609794,True,False,25.9804225245928,126881.36480682726,69.10303187134576,337480.5389645393,184.72950886756576,902169.0152661982
LIMA,Veterinaria Barranco,veterinary,comercio,-12.147614,-77.018139,65,Pisco,3.012573270609794,True,False,34.02836228021209,166185.32836282815,109.03175842960475,532481.6524343024,240.76881139794168,1175849.8293925351
LIMA,Maderera Nino Jesus,trade,comercio,-12.163262,-76.954243,61,Pisco,3.012573270609794,True,False,29.122722871768797,142227.51078675705,93.85537272768441,458364.28467895824,181.21962558883172,885027.6935537863
LIMA,MAX,hardware,comercio,-12.728435,-76.619775,52,Pisco,1.85712694239569,True,False,192.87145084277685,941932.0602672906,332.89527696225815,1625770.598562661,674.312812731471,3293161.6067872453
LIMA,Tonito,hardware,comercio,-12.150768,-76.967877,62,Pisco,3.012573270609794,True,False,33.65217743053288,164348.1431861141,110.31061256653024,538727.2305471436,197.42939648079982,964191.8354006724
LIMA,El Rapido,hardware,comercio,-12.139885,-76.960167,61,Pisco,3.012573270609794,True,False,29.536886601008927,144250.17455097142,93.85537272768441,458364.28467895824,181.21962558883172,885027.6935537863
LIMA,Comercial Ferretero,hardware,comercio,-12.134965,-76.956499,59,Pisco,3.012573270609794,True,False,16.93513896672986,82706.64356047245,69.10303187134576,337480.5389645393,150.80569437381385,736494.270048084
LIMA,Veterinaría Moyano,veterinary,comercio,-12.151687,-76.971796,65,Pisco,3.012573270609794,True,False,35.22821289856863,172045.07463436335,110.31061256653024,538727.2305471436,261.32061472161155,1276219.2846036798
LIMA,Divino Niño Jesus,hardware,comercio,-12.65952,-76.633854,48,Pisco,1.8527076190590837,True,False,142.6228114723308,696531.2806235732,214.12387804650663,1045723.1732299249,643.4439094994739,3142406.222864671
LIMA,Ferreteria Miguelito,hardware,comercio,-12.652738,-76.633856,46,Pisco,1.8527076190590837,True,False,142.6228114723308,696531.2806235732,209.12129550361865,1021291.9115751308,596.3467229309266,2912396.287317146
LIMA,Chispa,hardware,comercio,-12.653227,-76.633528,49,Pisco,1.8527076190590837,True,False,142.6228114723308,696531.2806235732,214.12387804650663,1045723.1732299249,658.6972346139963,3216899.3419254133
LIMA,Ferreteria Jara,hardware,comercio,-12.209498,-76.945753,58,Pisco,2.5406712627521184,True,False,24.519830709116192,119748.22896972031,66.69358362029158,325713.4446366548,194.42315855854983,949510.1815458107
LIMA,Ferreteria Arias,hardware,comercio,-12.198449,-76.952407,59,Pisco,3.012573270609794,True,False,24.519830709116192,119748.22896972031,66.69358362029158,325713.4446366548,194.42315855854983,949510.1815458107
LIMA,Perno Centro,hardware,comercio,-12.149584,-76.967812,62,Pisco,3.012573270609794,True,False,33.65217743053288,164348.1431861141,110.31061256653024,538727.2305471436,197.42939648079982,964191.8354006724
LIMA,Ferretería y Matizados Toñito,hardware,comercio,-12.149616,-76.967783,62,Pisco,3.012573270609794,True,False,33.65217743053288,164348.1431861141,110.31061256653024,538727.2305471436,197.42939648079982,964191.8354006724
LIMA,Progresol,hardware,comercio,-12.130686,-76.954211,58,Pisco,3.012573270609794,True,False,16.93513896672986,82706.64356047245,69.10303187134576,337480.5389645393,150.135808753577,733222.7296534015
LIMA,Lucky Pets,pet,comercio,-12.139356,-76.96195,61,Pisco,3.012573270609794,True,False,33.65217743053288,164348.1431861141,93.85537272768441,458364.28467895824,181.21962558883172,885027.6935537863
LIMA,El Sur,veterinary,comercio,-12.150718,-76.971393,64,Pisco,3.012573270609794,True,False,35.22821289856863,172045.07463436335,110.31061256653024,538727.2305471436,228.6503670146741,1116666.620912029
LIMA,Mi Pequeño Boxer,veterinary,comercio,-12.210822,-76.938523,58,Pisco,2.5406712627521184,True,False,24.519830709116192,119748.22896972031,64.34137929429345,314225.9141738743,204.3731673246511,998103.3362909955
LIMA,Mundo Zoo,veterinary,comercio,-12.14333,-76.967559,62,Pisco,3.012573270609794,True,False,33.65217743053288,164348.1431861141,110.31061256653024,538727.2305471436,197.42939648079982,964191.8354006724
LIMA,Grupo el Álamo,hardware,comercio,-13.024107,-76.476398,72,Pisco,1.3603158680328946,True,False,462.7370430948697,2259882.7066409667,567.1034155929508,2769579.87457422,1003.3381597270004,5535789.631327968
LIMA,Happy Pet,veterinary,comercio,-12.211267,-76.934826,58,Pisco,2.5406712627521184,True,False,24.519830709116192,119748.22896972031,64.34137929429345,314225.9141738743,204.3731673246511,998103.3362909955
LIMA,González,veterinary,comercio,-12.212065,-76.935112,58,Pisco,2.5406712627521184,True,False,24.519830709116192,119748.22896972031,64.34137929429345,314225.9141738743,204.3731673246511,998103.3362909955
LIMA,Pet Shop Sur,pet,comercio,-12.142358,-76.974205,64,Pisco,3.012573270609794,True,False,35.96254732995895,175631.36561139626,110.31061256653024,538727.2305471436,228.6503670146741,1116666.620912029
LIMA,Ferretería Mauro,hardware,comercio,-12.140428,-76.969253,62,Pisco,3.012573270609794,True,False,33.65217743053288,164348.1431861141,101.05208286523616,493511.0727462938,197.42939648079982,964191.8354006724
LIMA,Vet-Sur,veterinary,comercio,-12.143691,-76.967523,62,Pisco,3.012573270609794,True,False,33.65217743053288,164348.1431861141,110.31061256653024,538727.2305471436,197.42939648079982,964191.8354006724
LIMA,La Solucion,hardware,comercio,-12.146911,-76.968079,63,Pisco,3.012573270609794,True,False,35.22821289856863,172045.07463436335,110.31061256653024,538727.2305471436,218.25865957346923,1065916.3291658016
LIMA,Rony & Yuvanna,hardware,comercio,-12.148689,-76.968592,62,Pisco,3.012573270609794,True,False,33.65217743053288,164348.1431861141,110.31061256653024,538727.2305471436,197.42939648079982,964191.8354006724
LIMA,My Baby Pet Store,pet,comercio,-12.146951,-77.013021,65,Pisco,3.012573270609794,True,False,34.02836228021209,166185.32836282815,110.17748671606891,538077.0798584234,240.76881139794168,1175849.8293925351
LIMA,Ferreteria PIO,hardware,comercio,-12.14695,-77.013161,65,Pisco,3.012573270609794,True,False,34.02836228021209,166185.32836282815,110.17748671606891,538077.0798584234,240.76881139794168,1175849.8293925351
LIMA,J&P Distrubuidores,hardware,comercio,-12.197527,-76.9676,61,Pisco,3.012573270609794,True,False,24.519830709116192,119748.22896972031,71.2325034667616,347880.30294405017,197.24037910207068,963268.7255874018
LIMA,Ferreteria Yire,hardware,comercio,-12.198717,-76.963269,61,Pisco,3.012573270609794,True,False,24.519830709116192,119748.22896972031,71.2325034667616,347880.30294405017,197.24037910207068,963268.7255874018
LIMA,Only Petshop,pet,comercio,-12.198646,-76.95273,59,Pisco,3.012573270609794,True,False,24.519830709116192,119748.22896972031,66.69358362029158,325713.4446366548,194.42315855854983,949510.1815458107
LIMA,Veterinaria Ruma Luma,veterinary,comercio,-12.135432,-77.00681,65,Pisco,3.012573270609794,True,False,34.44252600945222,168207.9921270425,110.17748671606891,538077.0798584234,240.76881139794168,1175849.8293925351
LIMA,Ferreteria 1 De Mayo,hardware,comercio,-12.192248,-76.948032,59,Pisco,3.012573270609794,True,False,24.519830709116192,119748.22896972031,66.69358362029158,325713.4446366548,194.42315855854983,949510.1815458107
LIMA,Consultorio Veterinario,veterinary,comercio,-12.192645,-76.948717,59,Pisco,3.012573270609794,True,False,24.519830709116192,119748.22896972031,66.69358362029158,325713.4446366548,194.42315855854983,949510.1815458107
LIMA,Clinica Veterinaria,veterinary,comercio,-12.192744,-76.948879,59,Pisco,3.012573270609794,True,False,24.519830709116192,119748.22896972031,66.69358362029158,325713.4446366548,194.42315855854983,949510.1815458107
LIMA,Ferreteria Aspur,hardware,comercio,-12.192628,-76.955596,60,Pisco,3.012573270609794,True,False,24.519830709116192,119748.22896972031,70.24876015780993,343075.96638866037,196.5704934818338,959997.1851927193
LIMA,Veterniaria,veterinary,comercio,-12.191928,-76.956293,61,Pisco,3.012573270609794,True,False,24.519830709116192,119748.22896972031,70.24876015780993,343075.96638866037,197.24037910207068,963268.7255874018
LIMA,Matizados Ferreteria,hardware,comercio,-12.193152,-76.981877,62,Pisco,3.012573270609794,True,False,24.519830709116192,119748.22896972031,71.2325034667616,347880.30294405017,218.06964219474008,1064993.2193525312
LIMA,Ferreteria Ochoa,hardware,comercio,-12.188986,-77.014458,62,,,False,False,28.635121538640146,139846.19760486294,91.34851851392648,446121.4859441698,213.45014999403878,1042432.8674342879
LIMA,Nicole,hardware,comercio,-12.188999,-76.987771,61,Pisco,3.012573270609794,True,False,24.519830709116192,119748.22896972031,71.2325034667616,347880.30294405017,197.24037910207068,963268.7255874018
LIMA,Matizados Ferreteria,hardware,comercio,-12.192707,-76.95583,60,Pisco,3.012573270609794,True,False,24.519830709116192,119748.22896972031,70.24876015780993,343075.96638866037,196.5704934818338,959997.1851927193
LIMA,Materials,hardware,comercio,-11.976957,-77.080621,67,Pisco,3.0485938718071464,True,False,44.3999042555989,216837.13742184968,127.74643207399355,623879.0626060073,375.61990952623296,1834426.1616296556
LIMA,La casita del Schanauzer,veterinary,comercio,-12.090526,-77.081158,61,Pisco,3.0485938718071464,True,False,13.537447085534847,66113.23432430545,74.63928945507944,364518.12534256483,206.0232022208019,1006161.6609546661
LIMA,Bertchi,veterinary,comercio,-12.076789,-77.085337,61,Pisco,3.0485938718071464,True,False,14.067054467334117,68699.69369966218,77.1755291875102,376904.435011836,206.0232022208019,1006161.6609546661
LIMA,La Economía,hardware,comercio,-10.752378,-77.761849,36,,,False,False,515.4548998506242,2517342.4769171923,868.4922658703138,4241481.596902028,1138.2032913821743,5434013.759222487
LIMA,El Palacio de las Mascotas,veterinary,comercio,-10.756689,-77.756417,36,Pisco,5.79940530506873,False,False,515.4548998506242,2517342.4769171923,868.4922658703138,4241481.596902028,1138.2032913821743,5434013.759222487
LIMA,Zoo Mania,veterinary,comercio,-11.969513,-77.080249,67,Pisco,3.0485938718071464,True,False,44.3999042555989,216837.13742184968,127.74643207399355,623879.0626060073,375.61990952623296,1834426.1616296556
LIMA,Pet Shop y Spa,pet,comercio,-11.969557,-77.080267,67,Pisco,3.0485938718071464,True,False,44.3999042555989,216837.13742184968,127.74643207399355,623879.0626060073,375.61990952623296,1834426.1616296556
LIMA,La Casa del Ganadero,veterinary,comercio,-11.564661,-77.268321,33,Pisco,4.119516323120637,False,False,334.1118558632158,1631712.0412471509,644.0398110222123,3145316.4449145226,837.2569089204582,4088936.552021615
LIMA,Veterinaria Chancay,veterinary,comercio,-11.564404,-77.268429,33,Pisco,4.119516323120637,False,False,334.1118558632158,1631712.0412471509,644.0398110222123,3145316.4449145226,837.2569089204582,4088936.552021615
LIMA,Ferretería Geraldine,hardware,comercio,-11.971083,-77.07867,67,Pisco,3.0485938718071464,True,False,44.3999042555989,216837.13742184968,127.74643207399355,623879.0626060073,375.61990952623296,1834426.1616296556
LIMA,Ferretería Las Palmeras,hardware,comercio,-11.974244,-77.072683,67,Pisco,3.0485938718071464,True,False,44.3999042555989,216837.13742184968,127.74643207399355,623879.0626060073,375.61990952623296,1834426.1616296556
LIMA,M' Stercan Pets,pet,comercio,-11.967273,-77.09002,63,Pisco,3.0485938718071464,True,False,43.87029687379963,214250.67804649295,112.02034402751741,547077.0971060062,287.1632041373543,1402427.5097435175
LIMA,Ferreteria Max,hardware,comercio,-11.97688,-77.099097,60,Pisco,3.0485938718071464,True,False,28.388150384578903,138640.05720951158,112.02034402751741,547077.0971060062,203.89075945832857,995747.386597929
LIMA,Veterinaria Pet Shop,veterinary,comercio,-11.970728,-77.072369,68,Pisco,3.0485938718071464,True,False,44.3999042555989,216837.13742184968,127.74643207399355,623879.0626060073,388.46720783483767,1897168.8957762306
LIMA,Ferreteria Alejos,hardware,comercio,-11.959991,-77.096462,61,Pisco,3.0485938718071464,True,False,39.26740471114703,191771.3962294562,112.02034402751741,547077.0971060062,260.7204490384034,1273288.2375460889
LIMA,Hapoy Dog,veterinary,comercio,-11.96212,-77.094386,64,Pisco,3.0485938718071464,True,False,43.87029687379963,214250.67804649292,125.2101923415628,611492.752936736,297.32949541745,1452076.92985673
LIMA,Kotas Vet Pet Shop,pet,comercio,-11.962955,-77.093625,64,Pisco,3.0485938718071464,True,False,43.87029687379963,214250.67804649292,125.2101923415628,611492.752936736,297.32949541745,1452076.92985673
LIMA,Cemento Nacional,hardware,comercio,-11.964275,-77.092551,63,Pisco,3.0485938718071464,True,False,43.87029687379963,214250.67804649295,112.02034402751741,547077.0971060062,287.1632041373543,1402427.5097435175
LIMA,Ferremarket,hardware,comercio,-11.971884,-77.073359,67,Pisco,3.0485938718071464,True,False,44.3999042555989,216837.13742184968,127.74643207399355,623879.0626060073,375.61990952623296,1834426.1616296556
LIMA,Ferretería Thiago,hardware,comercio,-11.967344,-77.078277,67,Pisco,3.0485938718071464,True,False,44.3999042555989,216837.13742184968,127.74643207399355,623879.0626060073,375.61990952623296,1834426.1616296556
LIMA,Ferreteria Andisa,hardware,comercio,-11.962505,-77.093677,64,Pisco,3.0485938718071464,True,False,43.87029687379963,214250.67804649292,125.2101923415628,611492.752936736,297.32949541745,1452076.92985673
LIMA,La Casa del Carpintero,hardware,comercio,-11.558411,-77.266504,34,Pisco,4.119516323120637,False,False,410.6610112663056,2005557.4359153877,644.0398110222123,3145316.4449145226,863.8813217915546,4218962.991702011
LIMA,Vidrieria Carabayllo Glass,hardware,comercio,-11.8494,-77.093271,65,Pisco,3.341094771641284,True,False,59.572625726015985,290936.61006045114,198.43404716592596,969098.2779330157,478.74208033813187,2338046.9846578822
LIMA,Pet Shop,pet,comercio,-11.964755,-77.094857,62,Pisco,3.0485938718071464,True,False,43.87029687379963,214250.67804649295,112.02034402751741,547077.0971060062,230.33351455727953,1124886.6587953577
LIMA,Pavco,hardware,comercio,-11.969746,-77.094451,62,Pisco,3.0485938718071464,True,False,43.87029687379963,214250.67804649295,114.55658375994815,559463.4067752776,230.33351455727953,1124886.6587953577
LIMA,Ferretería Sagrado Corazón de Jesús,hardware,comercio,-11.952182,-77.080238,66,Pisco,3.0485938718071464,True,False,44.54018249403649,217522.21844117527,127.74643207399355,623879.0626060073,362.54063298011175,1770550.508441687
LIMA,Roque's Vet,veterinary,comercio,-11.952291,-77.080226,66,Pisco,3.0485938718071464,True,False,44.54018249403649,217522.21844117527,127.74643207399355,623879.0626060073,362.54063298011175,1770550.508441687
LIMA,Ferretería Aguilar,hardware,comercio,-11.956468,-77.081703,66,Pisco,3.0485938718071464,True,False,44.399904255598905,216837.13742184962,127.74643207399355,623879.0626060073,362.54063298011175,1770550.508441687
LIMA,Veterinaria Laky,veterinary,comercio,-11.959098,-77.097381,61,Pisco,3.0485938718071464,True,False,39.26740471114703,191771.3962294562,112.02034402751741,547077.0971060062,260.7204490384034,1273288.2375460889
LIMA,Alkavet,veterinary,comercio,-11.958572,-77.097904,60,Pisco,3.0485938718071464,True,False,39.26740471114703,191771.3962294562,112.02034402751741,547077.0971060062,203.89075945832857,995747.386597929
LIMA,Ferreteria Bendicion de Dios,hardware,comercio,-11.960255,-77.098013,61,Pisco,3.0485938718071464,True,False,39.26740471114703,191771.3962294562,112.02034402751741,547077.0971060062,260.7204490384034,1273288.2375460889
LIMA,Ferreteria Ancashino,hardware,comercio,-11.960077,-77.09781,61,Pisco,3.0485938718071464,True,False,39.26740471114703,191771.3962294562,112.02034402751741,547077.0971060062,260.7204490384034,1273288.2375460889
LIMA,Veterinaría Agroval,veterinary,comercio,-11.958724,-77.077692,68,Pisco,3.0485938718071464,True,False,44.3999042555989,216837.13742184968,127.74643207399355,623879.0626060073,388.46720783483767,1897168.8957762306
LIMA,Ferreteria Torres,hardware,comercio,-11.928937,-77.079491,64,Pisco,3.341094771641284,True,False,39.93729033138389,195042.93662413853,125.2101923415628,611492.752936736,336.0978778811608,1641411.2362442585
LIMA,Estructuras Metalicas Castillo,hardware,comercio,-11.923217,-77.082511,63,Pisco,3.341094771641284,True,False,39.927830648748355,194996.73808974982,120.19442398856783,586997.0953476235,333.95054295787685,1630924.2325973501
LIMA,Clinica Veterinaria Portalino & Rondón,veterinary,comercio,-11.92967,-77.079078,64,Pisco,3.341094771641284,True,False,39.93729033138389,195042.93662413853,125.2101923415628,611492.752936736,336.0978778811608,1641411.2362442585
LIMA,Ferreteria Vipol,hardware,comercio,-11.966246,-77.090665,63,Pisco,3.0485938718071464,True,False,43.87029687379963,214250.67804649295,112.02034402751741,547077.0971060062,287.1632041373543,1402427.5097435175
LIMA,Patazas,veterinary,comercio,-11.922811,-77.082342,63,Pisco,3.341094771641284,True,False,39.927830648748355,194996.73808974982,120.19442398856783,586997.0953476235,333.95054295787685,1630924.2325973501
LIMA,Ferreteria Nieol,hardware,comercio,-11.920029,-77.088102,63,Pisco,3.341094771641284,True,False,39.90163937359644,194868.82697767453,120.19442398856783,586997.0953476235,333.95054295787685,1630924.2325973501
LIMA,Veterinaria Real,veterinary,comercio,-11.975249,-77.086804,66,Pisco,3.0485938718071464,True,False,44.3999042555989,216837.13742184968,127.74643207399355,623879.0626060073,323.25607027217586,1578695.3171912734
LIMA,Ferreteria Segovia,hardware,comercio,-11.924098,-77.080577,63,Pisco,3.341094771641284,True,False,39.927830648748355,194996.73808974982,120.19442398856783,586997.0953476235,333.95054295787685,1630924.2325973501
LIMA,Ferretería Hector,hardware,comercio,-11.933801,-77.084371,64,Pisco,3.341094771641284,True,False,39.93729033138389,195042.93662413853,135.28127313859508,660677.1907724835,336.0978778811608,1641411.2362442585
LIMA,Ferretería José,hardware,comercio,-11.934216,-77.084663,64,Pisco,3.341094771641284,True,False,39.93729033138389,195042.93662413853,135.28127313859508,660677.1907724835,336.0978778811608,1641411.2362442585
LIMA,Animal Vet,veterinary,comercio,-11.947059,-77.090784,64,Pisco,3.0485938718071464,True,False,39.93729033138389,195042.93662413853,125.2101923415628,611492.752936736,336.0978778811608,1641411.2362442585
LIMA,Ferreteria El Dorado,hardware,comercio,-11.955384,-77.089923,65,Pisco,3.0485938718071464,True,False,43.87029687379963,214250.67804649292,125.2101923415628,611492.752936736,349.69333467150705,1707807.7742951121
LIMA,Mory,hardware,comercio,-11.497169,-77.198957,25,Pisco,4.57272988343412,False,False,427.3163231207208,2086897.4794566794,653.1918383217688,3190012.4737576973,731.4859430529999,3572379.729533611
LIMA,Ferretería Anita,hardware,comercio,-11.494076,-77.201585,25,Pisco,4.57272988343412,False,False,436.96346838295204,2134011.530669778,653.1918383217688,3190012.4737576973,731.4859430529999,3572379.729533611
LIMA,Ferretería LDA Economia,hardware,comercio,-11.493986,-77.201608,25,Pisco,4.57272988343412,False,False,436.96346838295204,2134011.530669778,653.1918383217688,3190012.4737576973,731.4859430529999,3572379.729533611
LIMA,Zoolo + Cotas,veterinary,comercio,-11.776343,-77.166452,62,,,False,False,59.572625726015985,290936.61006045114,327.1818220918546,1597867.6285076975,549.6779741654642,2684478.726254247
LIMA,Ferreteria Aron,hardware,comercio,-10.749601,-77.75984,36,Pisco,5.79940530506873,False,False,515.4548998506242,2517342.4769171923,868.4922658703138,4241481.596902028,1138.2032913821743,5434013.759222487
LIMA,Ferretería Elvia,hardware,comercio,-10.749424,-77.759694,36,Pisco,5.79940530506873,False,False,515.4548998506242,2517342.4769171923,868.4922658703138,4241481.596902028,1138.2032913821743,5434013.759222487
LIMA,Ferrertariá Milla,hardware,comercio,-11.774549,-77.170379,60,,,False,False,59.572625726015985,290936.61006045114,327.18182209185466,1597867.6285076975,532.3476740270456,2599842.2222869596
LIMA,Ferretería Gabi,hardware,comercio,-11.492048,-77.20302,25,Pisco,4.57272988343412,False,False,436.96346838295204,2134011.530669778,697.6094470750209,3406936.075163084,731.4859430529999,3572379.729533611
LIMA,Ferretería Willy,hardware,comercio,-11.492575,-77.207832,25,Pisco,4.57272988343412,False,False,427.3163231207208,2086897.4794566794,697.6094470750209,3406936.075163084,731.4859430529999,3572379.729533611
LIMA,Murano decor,doityourself,comercio,-12.085514,-76.989315,66,Pisco,3.012573270609794,True,False,31.520408492490102,153937.1596058573,129.32121926766158,631569.8978194754,254.61456506681603,1243468.7497785673
LIMA,Ferretería Más Barato,hardware,comercio,-11.4929,-77.207864,25,Pisco,4.57272988343412,False,False,427.3163231207208,2086897.4794566794,697.6094470750209,3406936.075163084,731.4859430529999,3572379.729533611
LIMA,My Dog Beautiful,pet,comercio,-11.491694,-77.209188,26,Pisco,4.57272988343412,False,False,427.3163231207208,2086897.4794566794,697.6094470750209,3406936.075163084,786.87995453936,3842909.1165311225
LIMA,Palmar,hardware,comercio,-12.06653,-77.052191,63,Pisco,3.0485938718071464,True,False,15.785132207676112,77090.32123208484,77.9785406582084,380826.12609523855,232.74377721153274,1136657.730448449
LIMA,Ferreteria Cataño,hardware,comercio,-12.170043,-76.944987,60,Pisco,3.012573270609794,True,False,25.9804225245928,126881.36480682726,69.10303187134576,337480.5389645393,164.5701313951332,803716.0618957509
LIMA,Ferretería Paramonga,hardware,comercio,-10.6747,-77.820035,33,Pisco,5.6916977603058125,False,False,573.7565271087458,2802071.8738300833,797.4981421674296,3894765.4763247,1008.2357650534697,4704508.803872934
LIMA,Veterinaria Benavides,veterinary,comercio,-12.128769,-76.983928,65,Pisco,3.012573270609794,True,False,36.75289590887829,179491.21455232473,110.31061256653024,538727.2305471436,261.32061472161155,1276219.2846036798
LIMA,Clinivet,veterinary,comercio,-11.107281,-77.596921,39,Pisco,5.087355273652894,False,False,522.6755428131185,2552606.146435918,898.6836501336953,4388928.161218644,1486.2377378232702,7258383.5934124645
LIMA,Unidad Veterinaria,veterinary,comercio,-11.107308,-77.59759,39,Pisco,5.087355273652894,False,False,522.6755428131185,2552606.146435918,879.4090384031217,4294796.164705427,1486.2377378232702,7258383.5934124645
LIMA,Delterplast,hardware,comercio,-11.107187,-77.605326,39,Pisco,5.087355273652894,False,False,500.5966694131186,2444778.8935212526,879.4090384031217,4294796.164705427,1486.2377378232702,7258383.5934124645
LIMA,Ferreteria Gutierrez,hardware,comercio,-11.107162,-77.607605,39,Pisco,5.087355273652894,False,False,500.5966694131186,2444778.8935212526,879.4090384031217,4294796.164705427,1486.2377378232702,7258383.5934124645
LIMA,Salud Animal,veterinary,comercio,-12.071992,-76.98012,64,Pisco,3.012573270609794,True,False,14.29223028669637,69799.39156851452,129.32121926766158,631569.8978194754,237.09303879064873,1157898.349015671
LIMA,Pernos,hardware,comercio,-12.046382,-77.044944,65,Pisco,3.0485938718071464,True,False,35.90114725484098,175331.5042322045,104.58001899138137,510740.5596883516,251.29183742061977,1227241.445613992
LIMA,Productos Tippic,doityourself,comercio,-12.063781,-76.968056,66,Pisco,3.012573270609794,True,False,19.82225991548593,96806.56229712101,131.46855419094555,642056.9014663841,260.050229355109,1270015.0656776833
LIMA,Ferreteria Farfan,hardware,comercio,-11.122546,-77.610716,38,Pisco,5.087355273652894,False,False,448.703328558755,2191345.836158351,879.4090384031217,4294796.164705427,1472.7424347456197,7192476.179037151
LIMA,Veterinaria Sagrivet,veterinary,comercio,-11.105239,-77.607102,38,Pisco,5.087355273652894,False,False,485.8876459045786,2372943.996457025,879.4090384031217,4294796.164705427,1472.7424347456197,7192476.179037151
LIMA,Sani-Pe-Spa House Can,veterinary,comercio,-11.105244,-77.607055,38,Pisco,5.087355273652894,False,False,485.8876459045786,2372943.996457025,879.4090384031217,4294796.164705427,1472.7424347456197,7192476.179037151
LIMA,My Veterinaria,veterinary,comercio,-11.105235,-77.607148,38,Pisco,5.087355273652894,False,False,485.8876459045786,2372943.996457025,879.4090384031217,4294796.164705427,1472.7424347456197,7192476.179037151
LIMA,Master Groom,pet,comercio,-11.109772,-77.610616,38,Pisco,5.087355273652894,False,False,485.8876459045786,2372943.996457025,879.4090384031217,4294796.164705427,1472.7424347456197,7192476.179037151
LIMA,DIPROPOR,hardware,comercio,-12.118633,-76.996934,66,Pisco,3.012573270609794,True,False,36.75289590887829,179491.21455232473,109.16488428006608,533131.8031230225,261.59807449061105,1277574.3231576646
LIMA,Mena,hardware,comercio,-11.998967,-77.092204,64,Pisco,3.0485938718071464,True,False,44.3999042555989,216837.13742184968,114.55658375994815,559463.4067752776,256.26008941200547,1251505.0461299012
LIMA,Veterinaría Canicenter,veterinary,comercio,-11.105406,-77.607605,38,Pisco,5.087355273652894,False,False,485.8876459045786,2372943.996457025,879.4090384031217,4294796.164705427,1472.7424347456197,7192476.179037151
LIMA,LLANCACHAHUA,hardware,comercio,-12.037853,-77.081081,63,Pisco,3.0485938718071464,True,False,34.25498436042109,167292.08937893796,104.58001899138137,510740.5596883516,243.36518153663133,1188529.7997213013
LIMA,Casa de los colores,hardware,comercio,-12.082734,-77.095797,61,Pisco,3.0485938718071464,True,False,13.537447085534847,66113.23432430545,74.63928945507944,364518.12534256483,206.0232022208019,1006161.6609546661
LIMA,Benavente,hardware,comercio,-12.082666,-77.095841,61,Pisco,3.0485938718071464,True,False,13.537447085534847,66113.23432430545,74.63928945507944,364518.12534256483,206.0232022208019,1006161.6609546661
LIMA,DecorMadera,hardware,comercio,-12.088051,-77.084422,61,Pisco,3.0485938718071464,True,False,13.537447085534847,66113.23432430545,74.63928945507944,364518.12534256483,206.0232022208019,1006161.6609546661
LIMA,R. Y. E,hardware,comercio,-12.05685,-77.053174,64,Pisco,3.0485938718071464,True,False,35.90114725484098,175331.5042322045,94.18831155017651,459990.26794212445,244.5109098230955,1194125.2271454223
LIMA,RAYME CHALCCO,hardware,comercio,-12.039231,-77.055268,64,Pisco,3.0485938718071464,True,False,35.90114725484098,175331.5042322045,104.58001899138137,510740.5596883516,244.5109098230955,1194125.2271454223
LIMA,Pro Gallos Norte E.I.R.L,veterinary,comercio,-11.937287,-77.047975,65,Pisco,3.341094771641284,True,False,65.98432669687912,322249.62543371157,147.04840575015783,718144.6874694568,334.6934589472511,1634552.433585205
LIMA,Veterinaria Arce Barrera Elva,veterinary,comercio,-11.105245,-77.607157,38,Pisco,5.087355273652894,False,False,485.8876459045786,2372943.996457025,879.4090384031217,4294796.164705427,1472.7424347456197,7192476.179037151
LIMA,Agro. El olivar,veterinary,comercio,-11.015051,-77.602896,37,Pisco,5.312492602796364,False,True,447.1640432952183,2183828.382780535,1020.9662793985781,4986123.4869916905,1268.7444229150442,6196205.000828189
LIMA,Veterinaria Santa Ana Benitez Manrique,veterinary,comercio,-11.105037,-77.607862,38,Pisco,5.087355273652894,False,False,485.8876459045786,2372943.996457025,879.4090384031217,4294796.164705427,1472.7424347456197,7192476.179037151
LIMA,Nutrec sac,veterinary,comercio,-11.104662,-77.607904,38,Pisco,5.087355273652894,False,False,485.8876459045786,2372943.996457025,879.4090384031217,4294796.164705427,1472.7424347456197,7192476.179037151
LIMA,Camay,veterinary,comercio,-10.910057,-77.627448,40,Pisco,5.307795099276896,False,False,568.0579881206226,2774241.7489145407,978.628104158425,4779355.277089938,1358.0283215654479,6632243.44113124
LIMA,Granados,veterinary,comercio,-10.942348,-77.641685,39,Pisco,5.312492602796364,False,False,609.5142932844749,2976703.143607364,978.628104158425,4779355.277089938,1304.7240576818133,6371919.816864667
LIMA,health pet,veterinary,comercio,-12.105369,-77.001355,67,Pisco,3.012573270609794,True,False,36.75289590887829,179491.21455232473,120.04413860663423,586263.1421429671,268.3790020881354,1310690.5416262343
LIMA,Carval,veterinary,comercio,-12.029334,-76.924926,63,Pisco,3.3757308752389563,True,False,18.51001352925071,90397.90545981422,110.79603895912497,541097.9219070463,221.38246654646218,1081172.1585023433
LIMA,Agro veterinaria,veterinary,comercio,-11.932757,-76.692328,44,Pisco,3.593587810388605,True,False,41.57474374909869,203039.81674610695,60.13076077043307,293662.3908330742,79.67859200846257,389128.7176084348
LIMA,Veterinaria San Jose,veterinary,comercio,-11.922781,-76.678776,42,Pisco,3.918599529822023,True,False,49.04453673043418,239520.2676471325,60.13076077043307,293662.3908330742,78.88824342954324,385268.8686675064
LIMA,Veterinaria Las Mascotas,veterinary,comercio,-12.046854,-76.99951,65,Pisco,3.0485938718071464,True,False,20.8060032244376,101610.89885251077,94.27126912792009,460395.41034022096,260.3539679017265,1271498.442682148
LIMA,Villa Retriever,pet,comercio,-11.938662,-77.057393,66,Pisco,3.341094771641284,True,False,71.25710447976859,348000.4476454307,147.04840575015783,718144.6874694568,347.5407572558558,1697295.16773178
LIMA,Ferreteria Cataño,hardware,comercio,-12.170115,-76.945118,60,Pisco,3.012573270609794,True,False,25.9804225245928,126881.36480682726,69.10303187134576,337480.5389645393,164.5701313951332,803716.0618957509
LIMA,Veterinaria CielitoVet,veterinary,comercio,-12.038307,-77.022488,65,Pisco,3.0485938718071464,True,False,35.906249918607514,175356.42426351787,110.48104001988817,539559.5521871069,251.29183742061977,1227241.445613992
LIMA,Zoomed,veterinary,comercio,-11.985088,-77.098553,62,Pisco,3.0485938718071464,True,False,43.87029687379963,214250.67804649295,112.02034402751741,547077.0971060062,230.33351455727953,1124886.6587953577
LIMA,Pet World,veterinary,comercio,-11.986846,-77.0874,64,Pisco,3.0485938718071464,True,False,44.3999042555989,216837.13742184968,114.55658375994815,559463.4067752776,256.26008941200547,1251505.0461299012
LIMA,Vivero Flor de Amancaes,garden_centre,comercio,-12.18943,-76.923173,56,Pisco,3.012573270609794,True,False,24.519830709116192,119748.22896972031,63.195651007829284,308630.48674975324,150.87365652504423,736826.1788342153
LIMA,Yohersa S.A.C.,hardware,comercio,-12.195866,-76.936852,59,Pisco,3.012573270609794,True,False,24.519830709116192,119748.22896972031,64.71873052902038,316068.79566005385,215.25242165121924,1051234.6753109402
LIMA,All to pets,veterinary,comercio,-12.051386,-77.061091,64,Pisco,3.0485938718071464,True,False,35.90114725484098,175331.5042322045,94.18831155017651,459990.26794212445,244.5109098230955,1194125.2271454223
LIMA,Deposito y Ferreteria Jose,trade,comercio,-12.184061,-76.997601,62,Pisco,3.012573270609794,True,False,28.635121538640146,139846.19760486294,91.34851851392648,446121.4859441698,213.45014999403878,1042432.8674342879
LIMA,Promart,doityourself,comercio,-12.274946,-76.874093,63,Pisco,2.5406712627521184,True,False,53.559446227372405,261569.86589398808,152.22727276658776,743436.8748684756,271.4790828580432,1325830.4985967176
LIMA,Veterinaria Gardenias Pets,veterinary,comercio,-11.905983,-77.036066,60,Pisco,3.341094771641284,True,False,79.2253968626091,386915.4349501068,142.02753473339635,693624.1098490309,196.89357544002797,961575.0301935594
LIMA,Clini Pets,veterinary,comercio,-11.99569,-77.061825,66,Pisco,3.0485938718071464,True,False,45.13423868698922,220423.42839888256,150.71757478136374,736063.9177647171,323.25607027217586,1578695.3171912734
LIMA,Veterinaria Lima,veterinary,comercio,-12.026086,-77.060426,66,Pisco,3.0485938718071464,True,False,34.25498436042109,167292.08937893796,137.52772646731836,671648.2619339874,264.18674529599394,1290216.6920225918
LIMA,Clínica veterinaria PetCenter,veterinary,comercio,-12.099178,-76.995129,64,Pisco,3.012573270609794,True,False,29.168204166491957,142449.62914307683,118.44196494109345,578438.5587995306,237.09303879064873,1157898.349015671
LIMA,Veterinaria municipal,veterinary,comercio,-12.052281,-77.078145,64,Pisco,3.0485938718071464,True,False,34.25498436042109,167292.08937893796,94.18831155017651,459990.26794212445,244.5109098230955,1194125.2271454223
LIMA,Ades,hardware,comercio,-11.759957,-76.300247,8,Tarma,5.49739912612176,False,False,16.70093003904014,81562.8304309098,21.78477729994667,106390.96701424201,62.42571186729129,304870.3119921186
LIMA,Aguirres,hardware,comercio,-11.759583,-76.300343,8,Tarma,5.49739912612176,False,False,16.70093003904014,81562.8304309098,21.78477729994667,106390.96701424201,62.42571186729129,304870.3119921186
LIMA,Ferretería Palomino,hardware,comercio,-11.977036,-77.018736,58,Pisco,3.0485938718071464,True,False,10.808124342072947,52783.95939196148,43.59138385449456,212888.54221062182,175.38941233805392,856554.5071122146
LIMA,Cochachis,hardware,comercio,-11.759401,-76.300688,8,Tarma,5.49739912612176,False,False,16.70093003904014,81562.8304309098,21.78477729994667,106390.96701424201,62.42571186729129,304870.3119921186
LIMA,Veterinaria Fauna Urbana,veterinary,comercio,-12.030404,-77.093394,63,Pisco,3.0485938718071464,True,False,34.25498436042109,167292.08937893796,96.99532724899503,473698.97427910374,243.36518153663133,1188529.7997213013
LIMA,Veterinaria,veterinary,comercio,-12.121363,-77.034129,64,,,False,False,27.345526490585428,133548.16378380315,120.04413860663423,586263.1421429671,227.0043743766223,1108628.0375448682
LIMA,Ferretería GESMAT Valle Hermoso,hardware,comercio,-12.12721,-76.975752,65,Pisco,3.012573270609794,True,False,36.75289590887829,179491.21455232473,110.31061256653024,538727.2305471436,235.4312946121984,1149782.8393805986
LIMA,Caterpillar,trade,comercio,-12.085871,-76.975262,66,Pisco,3.012573270609794,True,False,29.173306830258493,142474.54917439024,129.32121926766158,631569.8978194754,254.61456506681603,1243468.7497785673
LIMA,Promart,doityourself,comercio,-12.081479,-76.928265,61,Pisco,3.012573270609794,True,False,32.977538144046655,161053.38716970794,94.14654476542644,459786.2902490109,204.1453313147118,996990.6467700349
LIMA,Alerta Vet,veterinary,comercio,-12.068951,-77.061568,64,Pisco,3.0485938718071464,True,False,20.72476155292065,101214.1364768604,77.9785406582084,380826.12609523855,244.5109098230955,1194125.2271454223
LIMA,Pet's San Roque,pet,comercio,-12.146146,-76.989045,65,Pisco,3.012573270609794,True,False,36.75289590887829,179491.21455232473,110.31061256653024,538727.2305471436,261.32061472161155,1276219.2846036798
LIMA,Pet Lima,veterinary,comercio,-12.146997,-76.990815,64,Pisco,3.012573270609794,True,False,34.44252600945222,168207.9921270425,110.31061256653024,538727.2305471436,240.49135162894214,1174494.7908385503
LIMA,Ferretería Rosales S.R.L.,trade,comercio,-12.146825,-76.9903,65,Pisco,3.012573270609794,True,False,36.75289590887829,179491.21455232473,110.31061256653024,538727.2305471436,261.32061472161155,1276219.2846036798
LIMA,Veterinaria San Roque,veterinary,comercio,-12.146102,-76.988986,65,Pisco,3.012573270609794,True,False,36.75289590887829,179491.21455232473,110.31061256653024,538727.2305471436,261.32061472161155,1276219.2846036798
LIMA,Clínica Veterinaria Bienestar Animal,veterinary,comercio,-12.15527,-76.961005,62,Pisco,3.012573270609794,True,False,33.65217743053288,164348.1431861141,109.03175842960475,532481.6524343024,197.42939648079982,964191.8354006724
LIMA,Ferretería Chavez,hardware,comercio,-11.973499,-77.111781,58,Pisco,3.0485938718071464,True,False,28.37869070194336,138593.85867512284,77.61204473610381,379036.2590232635,188.84851665967045,922285.1365424204
LIMA,Mr Pet,veterinary,comercio,-12.083046,-76.898053,60,Pisco,3.012573270609794,True,False,31.130155972411668,152031.27172739868,92.712457887647,452782.59736711206,205.14892691684338,1001891.9365620716
LIMA,Mendoza E.I.R.L.,hardware,comercio,-12.089685,-76.900157,60,Pisco,3.012573270609794,True,False,23.557116817549517,115046.59440758625,92.712457887647,452782.59736711206,205.14892691684338,1001891.9365620716
LIMA,Ferretería Warisa,hardware,comercio,-12.083695,-76.89777,60,Pisco,3.012573270609794,True,False,31.130155972411668,152031.27172739868,92.712457887647,452782.59736711206,205.14892691684338,1001891.9365620716
LIMA,FerreMatizados ZCR,hardware,comercio,-12.112019,-77.008174,66,Pisco,3.012573270609794,True,False,37.12514447983869,181309.17600719086,120.04413860663423,586263.1421429671,261.59807449061105,1277574.3231576646
LIMA,Ferreteria Alarcon,hardware,comercio,-12.11201,-77.008032,66,Pisco,3.012573270609794,True,False,37.12514447983869,181309.17600719086,120.04413860663423,586263.1421429671,261.59807449061105,1277574.3231576646
LIMA,Elyfer,hardware,comercio,-12.004884,-77.066773,64,Pisco,3.0485938718071464,True,False,45.13423868698922,220423.42839888256,137.52772646731836,671648.2619339874,256.26008941200547,1251505.0461299012
LIMA,Veterinaria Panda,veterinary,comercio,-12.190751,-76.944301,57,Pisco,3.012573270609794,True,False,24.519830709116192,119748.22896972031,66.69358362029158,325713.4446366548,161.75291085161234,789957.5178541598
LIMA,Veterinaria Zevallos,veterinary,comercio,-12.190782,-76.944368,57,Pisco,3.012573270609794,True,False,24.519830709116192,119748.22896972031,66.69358362029158,325713.4446366548,161.75291085161234,789957.5178541598
LIMA,Veterinaria Panda,veterinary,comercio,-12.221937,-76.933144,58,Pisco,2.5406712627521184,True,False,24.519830709116192,119748.22896972031,64.34137929429345,314225.9141738743,204.3731673246511,998103.3362909955
LIMA,Veterinaria Miraflores,veterinary,comercio,-12.117008,-77.044866,62,,,False,False,11.719952805102508,57237.083268195114,109.03175842960475,532481.6524343024,209.48284810045504,1023057.6367819717
LIMA,Farmascotas,pet,comercio,-12.655083,-76.635833,49,Pisco,1.8527076190590837,True,False,142.6228114723308,696531.2806235732,214.12387804650663,1045723.1732299249,658.6972346139963,3216899.3419254133
LIMA,Fertisem,agrarian,comercio,-12.654204,-76.635806,49,Pisco,1.8527076190590837,True,False,142.6228114723308,696531.2806235732,214.12387804650663,1045723.1732299249,658.6972346139963,3216899.3419254133
LIMA,Don Rufo,veterinary,comercio,-11.948318,-76.981734,55,Pisco,3.3757308752389563,True,False,9.65568990272368,47155.78092886631,33.725308134050735,164705.29378529487,136.29680350789442,665636.7667431021
LIMA,Clínica Veterinaria Gonzáles,veterinary,comercio,-12.215092,-76.947021,59,Pisco,2.5406712627521184,True,False,24.519830709116192,119748.22896972031,66.69358362029158,325713.4446366548,215.25242165121924,1051234.6753109402
LIMA,Distrysur S.R.L.,trade,comercio,-12.164546,-76.952304,61,Pisco,3.012573270609794,True,False,29.122722871768797,142227.51078675705,72.6230149127282,354671.1851892003,181.21962558883172,885027.6935537863
LIMA,Vivero Municipal De San Luis,garden_centre,comercio,-12.066738,-76.989173,65,Pisco,3.012573270609794,True,False,16.26708337796758,79444.04054511544,131.46855419094555,642056.9014663841,250.28288710469414,1222314.0048464006
LIMA,Ferreteria Huamani,hardware,comercio,-11.985749,-76.937813,57,Pisco,3.3757308752389563,True,False,12.132129717806627,59250.04395720079,47.21182726955674,230569.80976022183,165.33620385282015,807457.352818954
LIMA,Perno Sur,hardware,comercio,-12.192984,-76.963262,61,Pisco,3.012573270609794,True,False,29.122722871768797,142227.51078675705,78.7083725444369,384390.42785809695,197.24037910207068,963268.7255874018
LIMA,Distribuidora Atencio,trade,comercio,-11.920839,-76.673081,40,Pisco,3.918599529822023,True,False,49.04453673043418,239520.2676471325,67.31675111889872,328756.82634654356,77.42765161406663,378135.7328303995
LIMA,Importaciones Bengy,trade,comercio,-11.92088,-76.672264,40,Pisco,3.918599529822023,True,False,49.04453673043418,239520.2676471325,67.31675111889872,328756.82634654356,77.42765161406663,378135.7328303995
LIMA,Corporacion Ferrecop,trade,comercio,-11.920677,-76.671664,40,Pisco,3.918599529822023,True,False,49.04453673043418,239520.2676471325,67.31675111889872,328756.82634654356,77.42765161406663,378135.7328303995
LIMA,Aceros Arquipa,hardware,comercio,-12.066158,-77.051719,63,Pisco,3.0485938718071464,True,False,15.785132207676112,77090.32123208484,77.9785406582084,380826.12609523855,232.74377721153274,1136657.730448449
LIMA,Citoved,veterinary,comercio,-12.163801,-76.952828,61,Pisco,3.012573270609794,True,False,29.122722871768797,142227.51078675705,72.6230149127282,354671.1851892003,181.21962558883172,885027.6935537863
LIMA,Hospivet Sur,veterinary,comercio,-12.179254,-76.943754,60,Pisco,3.012573270609794,True,False,25.9804225245928,126881.36480682726,69.10303187134576,337480.5389645393,184.72950886756576,902169.0152661982
LIMA,Hospital Veterinario Oasis del Sur,veterinary,comercio,-12.237569,-76.937953,58,Pisco,2.5406712627521184,True,False,50.96258580806719,248887.5011671488,64.34137929429345,314225.9141738743,204.3731673246511,998103.3362909955
LIMA,Veterinaria Posta Oasis,veterinary,comercio,-12.237711,-76.937886,58,Pisco,2.5406712627521184,True,False,50.96258580806719,248887.5011671488,64.34137929429345,314225.9141738743,204.3731673246511,998103.3362909955
LIMA,Vale Vet,veterinary,comercio,-12.117485,-77.003357,66,Pisco,3.012573270609794,True,False,36.75289590887829,179491.21455232473,109.16488428006608,533131.8031230225,261.59807449061105,1277574.3231576646
LIMA,Adij,pet,comercio,-11.985838,-77.013866,60,Pisco,3.0485938718071464,True,False,11.180372913033345,54601.92084682764,77.30865503797153,377554.58570055617,208.3371198139909,1017462.2093578505
LIMA,Gala Pets,veterinary,comercio,-12.077321,-77.050829,63,Pisco,3.0485938718071464,True,False,14.80138889872444,72285.9846766951,94.27126912792009,460395.41034022096,232.74377721153274,1136657.730448449
LIMA,ACRIMSA Pernos & Tuercas,hardware,comercio,-12.075992,-77.048391,64,Pisco,3.0485938718071464,True,False,15.785132207676112,77090.32123208484,94.27126912792009,460395.41034022096,232.74377721153274,1136657.730448449
LIMA,Pet Love,veterinary,comercio,-12.078198,-77.049775,63,Pisco,3.0485938718071464,True,False,14.80138889872444,72285.9846766951,94.27126912792009,460395.41034022096,232.74377721153274,1136657.730448449
LIMA,De Todo Pet,pet,comercio,-12.078274,-77.05,63,Pisco,3.0485938718071464,True,False,14.80138889872444,72285.9846766951,94.27126912792009,460395.41034022096,232.74377721153274,1136657.730448449
LIMA,Acuario,pet,comercio,-12.078201,-77.050119,63,Pisco,3.0485938718071464,True,False,14.80138889872444,72285.9846766951,94.27126912792009,460395.41034022096,232.74377721153274,1136657.730448449
LIMA,Productos y Servicios Pacheco EIRL,hardware,comercio,-12.078601,-77.034083,65,Pisco,3.0485938718071464,True,False,17.245724023152718,84223.45706919178,120.71402422687106,589534.6825376495,253.57304030420212,1238382.2242135785
LIMA,Ferreteria Le & Se E.I.R.L.,hardware,comercio,-12.085923,-77.031514,64,Pisco,3.0485938718071464,True,False,16.261980714201048,79419.12051380203,120.71402422687106,589534.6825376495,243.50195950716983,1189197.786377831
LIMA,Ferretería Kadi,hardware,comercio,-12.062608,-77.080297,64,Pisco,3.0485938718071464,True,False,19.090251246024952,93231.62971302925,77.84541480774708,380175.97540651844,244.5109098230955,1194125.2271454223
LIMA,Alarcón,hardware,comercio,-11.982538,-77.012212,60,Pisco,3.0485938718071464,True,False,10.808124342072947,52783.95939196148,66.42940071140342,324423.2466806116,208.3371198139909,1017462.2093578505
LIMA,Yohel Repuestos Industriales,hardware,comercio,-12.045469,-77.043716,65,Pisco,3.0485938718071464,True,False,35.906249918607514,175356.42426351787,104.58001899138137,510740.5596883516,251.29183742061977,1227241.445613992
LIMA,Distribuidora Visu,hardware,comercio,-11.979331,-77.004339,60,Pisco,3.0485938718071464,True,False,10.808124342072947,52783.95939196148,66.42940071140342,324423.2466806116,208.3371198139909,1017462.2093578505
LIMA,San Juan,veterinary,comercio,-11.979212,-77.004281,60,Pisco,3.0485938718071464,True,False,10.808124342072947,52783.95939196148,66.42940071140342,324423.2466806116,208.3371198139909,1017462.2093578505
LIMA,Ferracom,hardware,comercio,-11.979455,-77.004393,60,Pisco,3.0485938718071464,True,False,10.808124342072947,52783.95939196148,66.42940071140342,324423.2466806116,208.3371198139909,1017462.2093578505
LIMA,Caterpillar,trade,comercio,-11.993935,-77.062263,66,Pisco,3.0485938718071464,True,False,45.13423868698922,220423.42839888256,150.71757478136374,736063.9177647171,323.25607027217586,1578695.3171912734
LIMA,Ferretería Alva,hardware,comercio,-11.956117,-76.980781,55,Pisco,3.3757308752389563,True,False,9.65568990272368,47155.78092886631,43.45825800403321,212238.39152190168,136.29680350789442,665636.7667431021
LIMA,Jumanji,veterinary,comercio,-11.98409,-77.014689,60,Pisco,3.0485938718071464,True,False,10.808124342072947,52783.95939196148,58.84470896901708,287381.6612713638,208.3371198139909,1017462.2093578505
LIMA,Sodimac,doityourself,comercio,-11.936231,-77.066456,68,Pisco,3.341094771641284,True,False,60.86539703856373,297250.15589920356,147.04840575015783,718144.6874694568,373.98351235480686,1826434.4399292087
LIMA,Asociación de Pequenos Comerciantes Ferretería Metal Mecánica Industrial,hardware,comercio,-12.045246,-77.05107,65,Pisco,3.0485938718071464,True,False,35.90114725484098,175331.5042322045,104.58001899138137,510740.5596883516,251.29183742061977,1227241.445613992
LIMA,Ferretería Polo Norte,hardware,comercio,-11.965609,-77.05545,69,Pisco,3.0485938718071464,True,False,44.3999042555989,216837.13742184968,149.5846454825886,730530.9971387282,387.062788900928,1890310.0931171775
LIMA,Malvinas Siglo XXI,hardware,comercio,-12.01807,-77.001846,64,Pisco,3.0485938718071464,True,False,18.36166810000932,89673.42646001407,94.27126912792009,460395.41034022096,239.52470480905706,1169773.9489170187
LIMA,Inversiones Sielisa,hardware,comercio,-12.064317,-77.032307,67,Pisco,3.0485938718071464,True,False,22.185353368397262,108347.27231396732,120.71402422687106,589534.6825376495,272.1211005132892,1328965.9393791216
LIMA,La Ferretería,hardware,comercio,-11.98001,-77.004777,60,Pisco,3.0485938718071464,True,False,10.808124342072947,52783.95939196148,66.42940071140342,324423.2466806116,208.3371198139909,1017462.2093578505
LIMA,Winny,trade,comercio,-11.980499,-77.004987,60,Pisco,3.0485938718071464,True,False,10.808124342072947,52783.95939196148,66.42940071140342,324423.2466806116,208.3371198139909,1017462.2093578505
LIMA,Veterinaria Gavet,veterinary,comercio,-11.85195,-77.068753,63,Pisco,3.341094771641284,True,False,39.90163937359644,194868.82697767453,118.54315843038141,578932.7604630436,401.1171968069205,1958948.024427809
LIMA,Pet Shop Chester,pet,comercio,-12.102164,-76.950584,62,Pisco,3.012573270609794,True,False,13.129633136816631,64121.58117271995,118.44196494109345,578438.5587995306,204.1453313147118,996990.6467700351
LIMA,Ferremax,hardware,comercio,-12.003718,-77.012009,62,Pisco,3.0485938718071464,True,False,13.155226004304556,64246.569823428545,77.30865503797155,377554.58570055617,228.3078957255606,1114994.08365715
LIMA,Hames,hardware,comercio,-12.003792,-77.011987,62,Pisco,3.0485938718071464,True,False,13.155226004304556,64246.569823428545,77.30865503797155,377554.58570055617,228.3078957255606,1114994.08365715
LIMA,Unidas,veterinary,comercio,-11.986633,-77.003326,61,Pisco,3.0485938718071464,True,False,10.808124342072947,52783.95939196147,66.42940071140342,324423.2466806116,215.11804741151522,1050578.4278264202
LIMA,Clínica Veterinaria Huellas,veterinary,comercio,-12.15853,-76.97465,63,Pisco,3.012573270609794,True,False,33.65217743053288,164348.1431861141,110.31061256653024,538727.2305471436,230.0996441877373,1123744.4990923232
LIMA,Petz Peru,pet,comercio,-12.067619,-77.013334,66,Pisco,3.0485938718071464,True,False,16.26708337796758,79444.04054511544,120.71402422687106,589534.6825376495,260.35396790172643,1271498.4426821482
LIMA,Ferreteria Servifer,hardware,comercio,-11.824241,-77.160312,53,,,False,False,47.10541076116304,230050.10028243376,72.4675336013901,353911.8564690511,369.942583904252,1806699.637063404
LIMA,Kaiser Pet,pet,comercio,-12.12207,-77.03298,65,,,False,False,36.90507132424297,180234.39816965192,120.04413860663423,586263.1421429671,240.76881139794168,1175849.8293925351
LIMA,Lucerito,hardware,comercio,-12.006489,-77.051657,64,Pisco,3.0485938718071464,True,False,34.25498436042109,167292.08937893796,137.52772646731836,671648.2619339874,256.26008941200547,1251505.0461299012
LIMA,Palao-Centro,veterinary,comercio,-12.006536,-77.051971,64,Pisco,3.0485938718071464,True,False,34.25498436042109,167292.08937893796,137.52772646731836,671648.2619339874,256.26008941200547,1251505.0461299012
LIMA,Ferrecentro,hardware,comercio,-12.006345,-77.050939,64,Pisco,3.0485938718071464,True,False,34.25498436042109,167292.08937893796,137.52772646731836,671648.2619339874,256.26008941200547,1251505.0461299012
LIMA,"Pet Shop ""Food&Pets""",pet,comercio,-11.941949,-76.996379,52,Pisco,3.3757308752389563,True,False,5.09058438617214,24861.038883045247,27.725796472104104,135405.29964079257,120.20286184085619,587038.3035386517
LIMA,Ferretería Gómez,hardware,comercio,-11.816325,-77.124842,63,Pisco,3.341094771641284,True,False,59.572625726015985,290936.61006045114,249.30683825391196,1217547.245945996,463.355629373148,2262903.7149084206
LIMA,Ferretería Súper Led,hardware,comercio,-11.817665,-77.123656,63,Pisco,3.341094771641284,True,False,59.572625726015985,290936.61006045114,249.30683825391196,1217547.245945996,463.355629373148,2262903.7149084206
LIMA,Pets Mundo Animal,veterinary,comercio,-11.977742,-77.003233,60,Pisco,3.3757308752389563,True,False,10.808124342072947,52783.95939196148,58.84470896901708,287381.6612713638,208.3371198139909,1017462.2093578505
LIMA,América,veterinary,comercio,-11.976408,-77.00186,60,Pisco,3.3757308752389563,True,False,10.808124342072947,52783.95939196148,58.84470896901708,287381.6612713638,208.3371198139909,1017462.2093578505
LIMA,La Casa del Perno,hardware,comercio,-11.812678,-77.128131,62,,,False,False,59.572625726015985,290936.61006045114,249.19139460135284,1216983.4503348535,460.81938964071725,2250517.405239149
LIMA,Ferretería Alvita,hardware,comercio,-11.813655,-77.127617,62,,,False,False,59.572625726015985,290936.61006045114,249.19139460135284,1216983.4503348535,460.81938964071725,2250517.405239149
LIMA,Ferretería Shaolin,hardware,comercio,-11.808953,-77.129425,62,,,False,False,59.572625726015985,290936.61006045114,231.3117813151828,1129664.2493549576,460.81938964071725,2250517.405239149
LIMA,Kusumura,hardware,comercio,-11.808816,-77.130363,62,,,False,False,59.572625726015985,290936.61006045114,231.3117813151828,1129664.2493549576,460.81938964071725,2250517.405239149
LIMA,Animal Club,veterinary,comercio,-12.026279,-76.990666,66,Pisco,3.0485938718071464,True,False,20.8060032244376,101610.89885251077,96.41860405120407,470882.4139871297,270.12131015214135,1319199.5035134307
LIMA,Los 4 Suyos,hardware,comercio,-11.986944,-77.011939,61,Pisco,3.0485938718071464,True,False,11.180372913033345,54601.92084682764,77.30865503797153,377554.58570055617,215.11804741151522,1050578.4278264202
LIMA,Huancayo,hardware,comercio,-12.032288,-76.998697,67,Pisco,3.0485938718071464,True,False,25.745632569682144,125734.71409728633,96.41860405120407,470882.4139871297,281.8884427637041,1376667.0002104042
LIMA,El Pacífico,hardware,comercio,-12.019553,-77.075944,64,Pisco,3.0485938718071464,True,False,34.25498436042109,167292.08937893796,137.52772646731836,671648.2619339874,256.26008941200547,1251505.0461299012
LIMA,Fierritos Julis,hardware,comercio,-12.008609,-77.034659,61,Pisco,3.0485938718071464,True,False,12.420891572914233,60660.27884639563,54.33751233060135,265369.73054184637,221.5269681280363,1081877.8651885802
LIMA,San Martín 33 Veterinaria,veterinary,comercio,-11.873194,-77.015127,59,Pisco,3.341094771641284,True,False,92.29980152409536,450767.29516969423,140.38137183897646,685584.6949957644,230.8852481631939,1127581.1766717294
LIMA,Veterinaria Municipal de Villa El Salvador,veterinary,comercio,-12.215288,-76.933408,58,Pisco,2.5406712627521184,True,False,24.519830709116192,119748.22896972031,64.34137929429345,314225.9141738743,204.3731673246511,998103.3362909955
LIMA,Veterinaria Prosapvet,veterinary,comercio,-12.163938,-76.991483,64,Pisco,3.012573270609794,True,False,34.44252600945222,168207.9921270425,110.17748671606891,538077.0798584234,240.49135162894214,1174494.7908385503
LIMA,Señor de Muruhuay,hardware,comercio,-11.939601,-76.712803,49,Pisco,3.593587810388605,True,False,42.30907818048902,206626.10772313987,60.13076077043308,293662.3908330742,83.67185656511408,408630.74289316847
LIMA,Quirio,hardware,comercio,-11.938015,-76.714687,49,Pisco,3.593587810388605,True,False,42.30907818048902,206626.10772313987,60.13076077043308,293662.3908330742,83.67185656511408,408630.74289316847
LIMA,Veterinaria Star Pets Cilvet,veterinary,comercio,-12.025154,-77.034367,65,Pisco,3.0485938718071464,True,False,35.90114725484098,175331.5042322045,104.58001899138137,510740.5596883516,251.29183742061977,1227241.445613992
LIMA,Vetrinaria Fox,veterinary,comercio,-12.024432,-77.032667,65,Pisco,3.0485938718071464,True,False,35.90114725484098,175331.5042322045,104.58001899138137,510740.5596883516,251.29183742061977,1227241.445613992
LIMA,El Azul,hardware,comercio,-11.958532,-77.103325,59,Pisco,3.0485938718071464,True,False,39.25794502851149,191725.19769506744,107.00457567452244,522581.43951689376,201.7434245350446,985260.3829510204
LIMA,Ferretería Cañon,hardware,comercio,-12.099442,-76.88331,56,Pisco,3.012573270609794,True,False,30.390718877254812,148420.0607190524,89.24848706600237,435865.499691535,186.81885937251408,912372.838678875
LIMA,Micaela Bastidas,hardware,comercio,-11.893652,-77.038022,61,Pisco,3.341094771641284,True,False,79.2253968626091,386915.4349501068,140.38137183897646,685584.6949957644,253.7232650201028,1239115.8811417192
LIMA,Promart,doityourself,comercio,-12.055949,-76.971786,66,Pisco,3.012573270609794,True,False,19.82225991548593,96806.56229712101,131.46855419094555,642056.9014663841,260.050229355109,1270015.0656776833
LIMA,Ferretería Ferrelider,hardware,comercio,-11.107612,-77.586357,38,Pisco,5.087355273652894,False,False,522.6755428131185,2552606.146435918,879.4090384031217,4294796.164705427,1472.7424347456197,7192476.179037151
LIMA,Promart,doityourself,comercio,-12.016076,-76.999534,63,Pisco,3.0485938718071464,True,False,18.36166810000932,89673.42646001407,94.27126912792009,460395.41034022096,229.45362401202473,1120589.511081271
LIMA,Vivero Forestal,garden_centre,comercio,-12.099978,-76.943778,61,Pisco,3.012573270609794,True,False,13.129633136816631,64121.58117271995,91.99920984214246,449299.28660210216,204.1453313147118,996990.6467700349
LIMA,Dionisio aira,pet,comercio,-12.155303,-77.021036,65,,,False,False,34.02836228021209,166185.32836282815,93.88475824635722,458507.79561344103,240.76881139794168,1175849.8293925351
LIMA,Wawow Vet,veterinary,comercio,-12.118375,-77.04361,62,,,False,False,11.719952805102508,57237.083268195114,109.03175842960475,532481.6524343024,209.48284810045504,1023057.6367819717
LIMA,Inversiones Nazaco,hardware,comercio,-13.292014,-76.248142,105,,,False,False,278.9282218802343,1805587.8363953242,994.5120793992884,6513527.654062783,1583.5296087220618,10445734.250740454
LIMA,Patitas,pet,comercio,-12.092476,-77.070244,62,Pisco,3.0485938718071464,True,False,14.067054467334115,68699.69369966218,77.1755291875102,376904.435011836,222.67269641450042,1087473.2926127014
LIMA,Ferretería Señor De Los Milagros,hardware,comercio,-12.092489,-77.071858,62,Pisco,3.0485938718071464,True,False,14.067054467334115,68699.69369966218,77.1755291875102,376904.435011836,222.67269641450042,1087473.2926127014
LIMA,Ferretería Ferrocentro,hardware,comercio,-12.092961,-77.069385,62,Pisco,3.0485938718071464,True,False,14.067054467334115,68699.69369966218,77.17552918751021,376904.4350118361,222.67269641450042,1087473.2926127014
LIMA,Ferretería,hardware,comercio,-12.092702,-77.069659,62,Pisco,3.0485938718071464,True,False,14.067054467334115,68699.69369966218,77.17552918751021,376904.4350118361,222.67269641450042,1087473.2926127014
LIMA,Ferretería,hardware,comercio,-12.093248,-77.069831,62,Pisco,3.0485938718071464,True,False,14.067054467334115,68699.69369966218,77.17552918751021,376904.4350118361,222.67269641450042,1087473.2926127014
LIMA,Animal Prints,veterinary,comercio,-12.097492,-77.07117,62,Pisco,3.0485938718071464,True,False,13.537447085534847,66113.23432430545,77.17552918751021,376904.4350118361,206.0232022208019,1006161.6609546661
LIMA,Eco pet,veterinary,comercio,-12.113606,-77.047572,62,Pisco,3.0485938718071464,True,False,11.190345423303238,54650.6238928384,109.03175842960475,532481.6524343024,209.48284810045504,1023057.6367819717
LIMA,Mirasur garden,garden_centre,comercio,-12.697871,-76.643027,53,Pisco,1.8527076190590837,True,False,154.157661909954,752864.3739357729,310.64067980986437,1517085.158314375,709.328328743298,3464167.9272883995
LIMA,Zoofarma,veterinary,comercio,-12.117516,-76.998996,66,Pisco,3.012573270609794,True,False,36.75289590887829,179491.21455232473,109.16488428006608,533131.8031230225,261.59807449061105,1277574.3231576646
LIMA,ConVet,veterinary,comercio,-12.111837,-77.005894,66,Pisco,3.012573270609794,True,False,37.12514447983869,181309.17600719086,120.04413860663423,586263.1421429671,261.59807449061105,1277574.3231576646
LIMA,El Chato,hardware,comercio,-11.992166,-77.075178,65,Pisco,3.0485938718071464,True,False,45.13423868698922,220423.42839888256,143.1328830389774,699022.3323554693,313.0897789920803,1529045.897078061
LIMA,Peluditos,veterinary,comercio,-12.121277,-77.004153,66,Pisco,3.012573270609794,True,False,36.75289590887829,179491.21455232473,109.16488428006608,533131.8031230225,261.59807449061105,1277574.3231576646
LIMA,Villarán,veterinary,comercio,-12.120741,-77.002296,66,Pisco,3.012573270609794,True,False,36.75289590887829,179491.21455232473,109.16488428006608,533131.8031230225,261.59807449061105,1277574.3231576646
LIMA,Deyanira Sánchez,veterinary,comercio,-11.980501,-77.07008,67,Pisco,3.0485938718071464,True,False,45.13423868698922,220423.42839888256,127.74643207399355,623879.0626060073,375.61990952623296,1834426.1616296556
LIMA,Fischer Agro,agrarian,comercio,-12.124359,-77.003829,66,Pisco,3.012573270609794,True,False,36.018561477487964,175904.92357529182,109.16488428006608,533131.8031230225,261.59807449061105,1277574.3231576646
LIMA,Papaya Pets,veterinary,comercio,-12.120379,-77.00006,66,Pisco,3.012573270609794,True,False,36.75289590887829,179491.21455232473,109.16488428006608,533131.8031230225,261.59807449061105,1277574.3231576646
LIMA,GatoPerro Petshop,pet,comercio,-11.982087,-77.06914,67,Pisco,3.0485938718071464,True,False,45.13423868698922,220423.42839888256,127.87955792445489,624529.2132947275,375.61990952623296,1834426.1616296556
LIMA,Ferretería y Matizados Colorín,hardware,comercio,-11.983902,-77.068414,66,Pisco,3.0485938718071464,True,False,45.13423868698922,220423.42839888256,127.87955792445489,624529.2132947275,323.25607027217586,1578695.3171912734
LIMA,Ferretería Los Jazmines,hardware,comercio,-12.00136,-77.053809,64,Pisco,3.0485938718071464,True,False,45.13423868698922,220423.42839888256,150.71757478136374,736063.9177647171,256.26008941200547,1251505.0461299012
LIMA,Pretty Pet,veterinary,comercio,-12.10374,-76.947525,62,Pisco,3.012573270609794,True,False,13.129633136816631,64121.58117271995,91.99920984214246,449299.28660210216,204.1453313147118,996990.6467700351
LIMA,Veterinaria Edsila,veterinary,comercio,-11.940378,-76.695219,43,Pisco,3.918599529822023,True,False,41.57474374909869,203039.81674610695,60.13076077043307,293662.3908330742,79.67859200846259,389128.71760843485
LIMA,Sodimac,doityourself,comercio,-12.060585,-76.964286,66,Pisco,3.012573270609794,True,False,19.82225991548593,96806.56229712101,131.46855419094555,642056.9014663841,260.050229355109,1270015.0656776833
LIMA,Ferretería Roncalli,hardware,comercio,-12.120299,-76.998666,66,Pisco,3.012573270609794,True,False,36.75289590887829,179491.21455232473,109.16488428006608,533131.8031230225,261.59807449061105,1277574.3231576646
LIMA,SuperPet,pet,comercio,-12.127616,-77.001591,66,Pisco,3.012573270609794,True,False,36.75289590887829,179491.21455232473,110.31061256653024,538727.2305471436,261.59807449061105,1277574.3231576646
LIMA,Vivero Chaclacayo,garden_centre,comercio,-11.977234,-76.774339,55,Pisco,3.5866136488818987,True,False,37.56825150460239,183473.19100749702,61.31325288798374,299437.36287620093,138.05784519255377,674237.2185725431
LIMA,Veterinaria,veterinary,comercio,-11.976541,-76.772733,54,Pisco,3.5866136488818987,True,False,37.56825150460239,183473.19100749702,61.31325288798374,299437.36287620093,130.47315345016744,637195.6331632951
LIMA,Ferreteria Chaclacayo,hardware,comercio,-11.976134,-76.772207,54,Pisco,3.5866136488818987,True,False,37.56825150460239,183473.19100749702,60.522904309064394,295577.5139352725,130.47315345016744,637195.6331632951
LIMA,Clinica Veterinaria,veterinary,comercio,-11.976148,-76.772275,54,Pisco,3.5866136488818987,True,False,37.56825150460239,183473.19100749702,60.522904309064394,295577.5139352725,130.47315345016744,637195.6331632951
LIMA,ConVet,veterinary,comercio,-11.976464,-76.769652,54,Pisco,3.5866136488818987,True,False,37.56825150460239,183473.19100749702,60.522904309064394,295577.5139352725,130.47315345016744,637195.6331632951
LIMA,Asty Pets,veterinary,comercio,-11.97586,-76.770521,54,Pisco,3.5866136488818987,True,False,37.56825150460239,183473.19100749702,60.522904309064394,295577.5139352725,130.47315345016744,637195.6331632951
LIMA,Miau 100% Gatos,pet,comercio,-12.112388,-77.046308,62,Pisco,3.0485938718071464,True,False,11.604509152543368,56673.28765705278,109.03175842960475,532481.6524343024,209.48284810045504,1023057.6367819717
LIMA,Ferretería y Construcciones Mariana,hardware,comercio,-12.108599,-77.015175,67,Pisco,3.012573270609794,True,False,39.099997571109895,190953.8249837918,120.04413860663423,586263.1421429671,274.78792280465643,1341989.9789883946
LIMA,Ferretería y Matizados Jeremy,hardware,comercio,-12.10863,-77.015153,67,Pisco,3.012573270609794,True,False,39.099997571109895,190953.8249837918,120.04413860663423,586263.1421429671,274.78792280465643,1341989.9789883946
LIMA,Artes de Pinturas y Construcciones E.I.R.L,hardware,comercio,-12.108647,-77.01513,67,Pisco,3.012573270609794,True,False,39.099997571109895,190953.8249837918,120.04413860663423,586263.1421429671,274.78792280465643,1341989.9789883946
LIMA,Madera & Estilo,trade,comercio,-12.108779,-77.015016,67,Pisco,3.012573270609794,True,False,39.099997571109895,190953.8249837918,120.04413860663423,586263.1421429671,274.78792280465643,1341989.9789883946
LIMA,Melalineal,trade,comercio,-12.108871,-77.01493,67,Pisco,3.012573270609794,True,False,39.099997571109895,190953.8249837918,120.04413860663423,586263.1421429671,274.78792280465643,1341989.9789883946
LIMA,BEA,hardware,comercio,-12.109097,-77.014787,67,Pisco,3.012573270609794,True,False,39.099997571109895,190953.8249837918,120.04413860663423,586263.1421429671,274.78792280465643,1341989.9789883946
LIMA,Guitérrez Group,hardware,comercio,-12.109227,-77.014684,67,Pisco,3.012573270609794,True,False,39.099997571109895,190953.8249837918,120.04413860663423,586263.1421429671,274.78792280465643,1341989.9789883946
LIMA,SuperPet,pet,comercio,-12.102359,-77.021185,66,Pisco,3.012573270609794,True,False,31.515305828723566,153912.2395745439,120.04413860663422,586263.1421429672,261.02348578333715,1274768.1871407274
LIMA,El Arca de Noe - Especialidades Veterinarias S.J.L.,veterinary,comercio,-11.943156,-76.991351,55,Pisco,3.3757308752389563,True,False,5.126235343959596,25035.14852950928,33.725308134050735,164705.29378529487,136.29680350789442,665636.7667431021
LIMA,Petisos Pet Shop,pet,comercio,-12.110198,-77.025122,67,Pisco,3.012573270609794,True,False,39.099997571109895,190953.8249837918,120.04413860663422,586263.1421429672,274.78792280465643,1341989.9789883946
LIMA,ReflexVet,veterinary,comercio,-12.125096,-77.003399,65,Pisco,3.012573270609794,True,False,36.018561477487964,175904.92357529182,109.16488428006608,533131.8031230225,240.76881139794168,1175849.8293925351
LIMA,Clínica Veterinaria Pet's Land,veterinary,comercio,-12.143875,-76.985419,65,Pisco,3.012573270609794,True,False,36.75289590887829,179491.21455232473,110.31061256653024,538727.2305471436,261.32061472161155,1276219.2846036798
LIMA,consultorio veterinario rojas,veterinary,comercio,-12.166122,-76.996456,63,Pisco,3.012573270609794,True,False,33.23801370129275,162325.4794218997,93.88475824635722,458507.79561344103,230.0996441877373,1123744.4990923232
LIMA,Superpet,pet,comercio,-12.092631,-76.951032,62,Pisco,3.012573270609794,True,False,13.919981715735975,67981.43011364837,118.44196494109345,578438.5587995306,204.1453313147118,996990.6467700351
LIMA,Mia Romina,veterinary,comercio,-12.10997,-76.938544,58,Pisco,3.012573270609794,True,False,8.893795990967003,43434.89689512156,76.82282414022212,375181.9188467581,170.7629253840145,833959.9947083523
LIMA,Ferretería GL,hardware,comercio,-12.109109,-76.938946,58,Pisco,3.012573270609794,True,False,8.893795990967003,43434.89689512156,76.82282414022212,375181.9188467581,170.7629253840145,833959.9947083523
LIMA,Walac Clínica Veterinaria,veterinary,comercio,-12.093316,-77.069986,62,Pisco,3.0485938718071464,True,False,14.067054467334115,68699.69369966218,77.17552918751021,376904.4350118361,222.67269641450042,1087473.2926127014
LIMA,AM Clínica Veterinaria,veterinary,comercio,-12.092692,-77.07151,62,Pisco,3.0485938718071464,True,False,13.652890738093987,66677.0299354478,77.17552918751021,376904.4350118361,222.67269641450042,1087473.2926127014
LIMA,FERRETERIA RODO,hardware,comercio,-12.07602,-77.002671,65,Pisco,3.012573270609794,True,False,16.26708337796758,79444.04054511544,120.04413860663422,586263.1421429672,250.28288710469414,1222314.0048464006
LIMA,Sodimac,doityourself,comercio,-12.047785,-77.039005,65,Pisco,3.0485938718071464,True,False,35.906249918607514,175356.42426351787,120.87274746109303,590309.8439333341,251.29183742061977,1227241.445613992
LIMA,Maestro,doityourself,comercio,-12.076429,-77.080195,63,Pisco,3.0485938718071464,True,False,14.067054467334115,68699.69369966218,77.84541480774708,380175.97540651844,232.74377721153274,1136657.730448449
LIMA,Veterinaria Artesanos en Surco,yes,comercio,-12.132669,-76.983773,65,Pisco,3.012573270609794,True,False,36.75289590887829,179491.21455232473,110.31061256653024,538727.2305471436,261.32061472161155,1276219.2846036798
LIMA,Sodimac,doityourself,comercio,-12.089815,-77.021101,65,Pisco,3.0485938718071464,True,False,16.261980714201048,79419.12051380203,120.04413860663422,586263.1421429672,250.28288710469414,1222314.0048464006
LIMA,Cassinelli,doityourself,comercio,-12.109309,-77.017871,67,Pisco,3.012573270609794,True,False,39.099997571109895,190953.8249837918,120.04413860663423,586263.1421429671,274.78792280465643,1341989.9789883946
LIMA,Maestro Surquillo,hardware,comercio,-12.11231,-77.017719,67,Pisco,3.012573270609794,True,False,39.099997571109895,190953.8249837918,120.04413860663423,586263.1421429671,274.78792280465643,1341989.9789883946
LIMA,Mañoco,hardware,comercio,-11.95649,-76.994864,57,Pisco,3.3757308752389563,True,False,9.655689902723681,47155.78092886631,43.45825800403321,212238.39152190168,179.38905280054396,876087.6705985658
LIMA,Torres,hardware,comercio,-11.956433,-76.995746,57,Pisco,3.3757308752389563,True,False,9.655689902723681,47155.78092886631,43.45825800403321,212238.39152190168,179.38905280054396,876087.6705985658
LIMA,Maderera Martín,hardware,comercio,-12.202627,-76.932085,58,Pisco,3.012573270609794,True,False,24.519830709116192,119748.22896972031,64.34648195805998,314250.83420518774,204.3731673246511,998103.3362909955
LIMA,Galería Norte,trade,comercio,-12.006391,-77.058695,64,Pisco,3.0485938718071464,True,False,45.13423868698922,220423.42839888256,137.52772646731836,671648.2619339874,256.26008941200547,1251505.0461299012
LIMA,Galería Sur,trade,comercio,-12.006637,-77.058531,64,Pisco,3.0485938718071464,True,False,45.13423868698922,220423.42839888256,137.52772646731836,671648.2619339874,256.26008941200547,1251505.0461299012
LIMA,Sodimac,doityourself,comercio,-11.107767,-77.614473,38,Pisco,5.087355273652894,False,False,485.8876459045786,2372943.996457025,879.4090384031217,4294796.164705427,1472.7424347456197,7192476.179037151
LIMA,Groomers,yes,comercio,-12.126264,-77.019561,65,Pisco,3.012573270609794,True,False,34.93021823297176,170589.74919305102,120.04413860663423,586263.1421429671,240.76881139794168,1175849.8293925351
LIMA,Veterinaría Missiego,yes,comercio,-12.128834,-77.003208,66,Pisco,3.012573270609794,True,False,36.75289590887829,179491.21455232473,110.31061256653024,538727.2305471436,261.59807449061105,1277574.3231576646
LIMA,Cerzaid's,trade,comercio,-12.020439,-77.059642,66,Pisco,3.0485938718071464,True,False,34.25498436042109,167292.08937893796,137.52772646731836,671648.2619339874,264.18674529599394,1290216.6920225918
LIMA,El Huron Azul,yes,comercio,-12.0927,-77.079015,61,Pisco,3.0485938718071464,True,False,13.537447085534847,66113.23432430545,74.63928945507944,364518.12534256483,206.0232022208019,1006161.6609546661
LIMA,Ferro & Agro Center,hardware,comercio,-12.045593,-77.068784,64,Pisco,3.0485938718071464,True,False,35.90114725484098,175331.5042322045,104.58001899138137,510740.5596883516,244.5109098230955,1194125.2271454223
LIMA,Chema,hardware,comercio,-12.045971,-77.073878,64,Pisco,3.0485938718071464,True,False,34.25498436042109,167292.08937893796,104.58001899138137,510740.5596883516,244.5109098230955,1194125.2271454223
LIMA,Ulma,hardware,comercio,-12.046188,-77.078017,64,Pisco,3.0485938718071464,True,False,34.25498436042109,167292.08937893796,104.58001899138137,510740.5596883516,244.5109098230955,1194125.2271454223
LIMA,Sodimac,doityourself,comercio,-11.976098,-77.065222,68,Pisco,3.0485938718071464,True,False,45.13423868698922,220423.42839888256,127.87955792445489,624529.2132947275,388.46720783483767,1897168.8957762306
LIMA,La Galeria Ferial Carbonwatt,hardware,comercio,-12.04457,-77.052029,65,Pisco,3.0485938718071464,True,False,35.90114725484098,175331.5042322045,104.58001899138137,510740.5596883516,251.29183742061977,1227241.445613992
LIMA,Ferretería La Piramide,hardware,comercio,-11.937973,-77.07301,68,Pisco,3.341094771641284,True,False,44.54018249403649,217522.21844117527,149.5846454825886,730530.9971387282,373.98351235480686,1826434.4399292087
LIMA,Mavegsa,trade,comercio,-11.953931,-77.070058,68,Pisco,3.0485938718071464,True,False,45.06978987583577,220108.677816532,137.81751287102583,673063.5004417548,388.46720783483767,1897168.8957762306
LIMA,Small Friends,yes,comercio,-12.064812,-77.10411,63,Pisco,3.0485938718071464,True,False,18.344264227110443,89588.43064656093,77.84541480774708,380175.97540651844,232.74377721153274,1136657.730448449
LIMA,Pet's Aztec Veterinary,yes,comercio,-12.067204,-77.103846,63,Pisco,3.0485938718071464,True,False,13.404634881865904,65464.615401785384,77.84541480774708,380175.97540651844,232.74377721153274,1136657.730448449
LIMA,Veterinaría Guernica,yes,comercio,-12.069401,-77.104171,62,Pisco,3.0485938718071464,True,False,13.404634881865904,65464.615401785384,77.84541480774708,380175.97540651844,216.09428301783421,1055346.0987904137
LIMA,Ferretería Transbel,trade,comercio,-12.056585,-77.052845,63,Pisco,3.0485938718071464,True,False,15.785132207676112,77090.32123208484,77.9785406582084,380826.12609523855,232.74377721153274,1136657.730448449
LIMA,Ferretería Elohim,hardware,comercio,-11.883528,-77.033543,63,Pisco,3.341094771641284,True,False,79.2253968626091,386915.4349501068,140.38137183897646,685584.6949957644,316.25339555425546,1544496.145693314
LIMA,Castor,trade,comercio,-12.056642,-77.060698,64,Pisco,3.0485938718071464,True,False,35.90114725484098,175331.5042322045,94.18831155017651,459990.26794212445,244.5109098230955,1194125.2271454223
LIMA,Maderera la Soberana S.A.,trade,comercio,-12.063815,-77.053333,64,Pisco,3.0485938718071464,True,False,20.72476155292065,101214.1364768604,77.9785406582084,380826.12609523855,244.5109098230955,1194125.2271454223
LIMA,Ferretería Palmar,hardware,comercio,-12.066568,-77.052044,63,Pisco,3.0485938718071464,True,False,15.785132207676112,77090.32123208484,77.9785406582084,380826.12609523855,232.74377721153274,1136657.730448449
LIMA,Ferretería Tingo María,hardware,comercio,-12.058454,-77.05822,64,Pisco,3.0485938718071464,True,False,35.90114725484098,175331.5042322045,94.18831155017651,459990.26794212445,244.5109098230955,1194125.2271454223
LIMA,Ferretería Daryl,hardware,comercio,-12.197978,-76.96733,61,Pisco,3.012573270609794,True,False,24.519830709116192,119748.22896972031,71.2325034667616,347880.30294405017,197.24037910207068,963268.7255874018
LIMA,Ferreterîa Cáceres,trade,comercio,-11.886507,-77.035677,63,Pisco,3.341094771641284,True,False,79.2253968626091,386915.4349501068,140.38137183897646,685584.6949957644,316.25339555425546,1544496.145693314
LIMA,Ferreteria Ramirez,hardware,comercio,-11.880616,-77.074285,65,Pisco,3.341094771641284,True,False,39.90163937359644,194868.8269776745,118.54315843038141,578932.7604630436,423.9552136638293,2070482.7288977983
LIMA,Pet Shop,pet,comercio,-11.881353,-77.074291,65,Pisco,3.341094771641284,True,False,39.90163937359644,194868.8269776745,118.54315843038141,578932.7604630436,423.9552136638293,2070482.7288977983
LIMA,Ferretería Toba S.A.,hardware,comercio,-11.899593,-77.042681,61,Pisco,3.341094771641284,True,False,65.94867573909168,322075.5157872475,140.39302442650063,685641.6030851997,253.7232650201028,1239115.8811417192
LIMA,Montana,pet,comercio,-11.868326,-77.075435,67,Pisco,3.341094771641284,True,False,59.572625726015985,290936.61006045114,141.50914710278784,691092.444707391,435.39809303852445,2126366.66038532
LIMA,Centro Comercial Electro Ferretero Paruro II,hardware,comercio,-12.055058,-77.03498,66,Pisco,3.0485938718071464,True,False,35.906249918607514,175356.42426351787,136.9237951188392,668698.8243845354,251.29183742061977,1227241.445613992
LIMA,Consultorio Veterinario Rodriguez,yes,comercio,-12.219852,-76.92535,58,Pisco,2.5406712627521184,True,False,50.962585808067175,248887.50116714876,64.34137929429345,314225.9141738743,204.3731673246511,998103.3362909955
LIMA,Aceros Arequipa,trade,comercio,-11.904811,-77.031559,60,Pisco,3.341094771641284,True,False,79.2253968626091,386915.4349501068,140.38137183897646,685584.6949957644,196.89357544002797,961575.0301935594
LIMA,Ferretería El Iman,hardware,comercio,-12.081098,-77.066226,62,Pisco,3.0485938718071464,True,False,14.067054467334115,68699.69369966218,77.1755291875102,376904.435011836,222.67269641450042,1087473.2926127014
LIMA,Maderera Union Perú,trade,comercio,-11.897831,-77.030336,61,Pisco,3.341094771641284,True,False,79.2253968626091,386915.4349501068,140.38137183897646,685584.6949957644,253.7232650201028,1239115.8811417192
LIMA,Ferretería Comercial El Huanuqueño,hardware,comercio,-11.896295,-77.029927,61,Pisco,3.341094771641284,True,False,79.22539686260912,386915.4349501068,140.38137183897646,685584.6949957644,253.7232650201028,1239115.8811417192
LIMA,Ferreteria Osorio,hardware,comercio,-11.885943,-77.068934,65,Pisco,3.341094771641284,True,False,39.90163937359644,194868.82697767453,133.08933186394194,649972.3417562235,423.9552136638293,2070482.7288977983
LIMA,"Clínica Veterinaria ""Salvador""",yes,comercio,-12.199673,-76.956175,60,Pisco,3.012573270609794,True,False,24.519830709116192,119748.22896972031,70.24876015780993,343075.96638866037,196.5704934818338,959997.1851927193
LIMA,Ferretería Sucre,hardware,comercio,-12.073912,-77.062797,63,Pisco,3.0485938718071464,True,False,15.785132207676112,77090.32123208484,77.9785406582084,380826.12609523855,232.74377721153274,1136657.730448449
LIMA,Ferretería La Real,trade,comercio,-11.882502,-77.02338,63,Pisco,3.341094771641284,True,False,92.4152451766545,451331.09078083653,140.38137183897646,685584.6949957644,316.25339555425546,1544496.145693314
LIMA,Ferretería Condori,hardware,comercio,-11.881405,-77.022313,62,Pisco,3.341094771641284,True,False,92.4152451766545,451331.09078083653,140.38137183897646,685584.6949957644,263.88955630019836,1288765.3012549316
LIMA,Construye Sac,hardware,comercio,-11.880251,-77.01971,63,Pisco,3.341094771641284,True,False,92.4152451766545,451331.09078083653,140.38137183897646,685584.6949957644,316.25339555425546,1544496.145693314
LIMA,SC Maestro3,hardware,comercio,-11.92306,-77.062686,66,Pisco,3.341094771641284,True,False,66.65421231711599,325521.16582839395,147.04840575015783,718144.6874694568,347.5407572558558,1697295.16773178
LIMA,Ferreteria Carol M.,hardware,comercio,-11.920948,-77.061505,66,Pisco,3.341094771641284,True,False,66.65421231711599,325521.16582839395,147.04840575015783,718144.6874694568,347.5407572558558,1697295.16773178
LIMA,Ferretería Bezaleel,hardware,comercio,-11.879037,-77.018577,60,Pisco,3.341094771641284,True,False,92.41524517665448,451331.0907808364,140.38137183897646,685584.6949957644,246.1385732777164,1202074.2957324714
LIMA,Ferretería Materiales de Construcción,trade,comercio,-11.926827,-77.052568,65,Pisco,3.341094771641284,True,False,65.98432669687912,322249.62543371157,147.04840575015783,718144.6874694568,345.39342233257184,1686808.1640848713
LIMA,Maderera Tochy,trade,comercio,-11.919761,-77.050954,64,Pisco,3.341094771641284,True,False,65.94867573909167,322075.51578724757,142.0326373971629,693649.0298803443,332.54612402396714,1624065.4299382963
LIMA,Ferretería Oscanda,hardware,comercio,-11.919708,-77.050868,64,Pisco,3.341094771641284,True,False,65.94867573909167,322075.51578724757,142.0326373971629,693649.0298803443,332.54612402396714,1624065.4299382963
LIMA,Ferretería Solis,hardware,comercio,-11.910628,-77.045719,61,Pisco,3.341094771641284,True,False,65.94867573909168,322075.5157872475,142.02753473339635,693624.1098490309,253.7232650201028,1239115.8811417192
LIMA,Lark,trade,comercio,-11.942698,-77.066554,68,Pisco,3.341094771641284,True,False,60.86539703856373,297250.15589920356,147.04840575015783,718144.6874694568,373.98351235480686,1826434.4399292087
LIMA,Ferretería Depósito Marroquín,hardware,comercio,-11.942516,-77.066549,68,Pisco,3.341094771641284,True,False,60.86539703856373,297250.15589920356,147.04840575015783,718144.6874694568,373.98351235480686,1826434.4399292087
LIMA,Ferretería Vasquez,hardware,comercio,-12.30862,-76.838504,64,Pisco,2.32626128361434,True,False,52.0988544118958,254436.73005688118,126.24329990660858,616538.1711827706,332.63854161598425,1624516.7724904118
LIMA,Ferretería Abarca,hardware,comercio,-12.306701,-76.840505,64,Pisco,2.32626128361434,True,False,53.559446227372405,261569.86589398808,126.65746363584873,618560.834946985,332.63854161598425,1624516.7724904118
LIMA,Ferretería Popular,hardware,comercio,-11.9311,-77.053843,66,Pisco,3.341094771641284,True,False,66.65421231711599,325521.16582839395,147.04840575015783,718144.6874694568,347.5407572558558,1697295.16773178
LIMA,maderera,trade,comercio,-11.909401,-77.044172,60,Pisco,3.341094771641284,True,False,65.94867573909168,322075.5157872475,140.38137183897646,685584.6949957644,196.89357544002797,961575.0301935594
LIMA,Ferretería Virgen del Transito,hardware,comercio,-12.312662,-76.834573,62,Pisco,2.32626128361434,True,False,52.09885441189581,254436.73005688112,126.24329990660858,616538.1711827706,317.4621559140639,1550399.4047350674
LIMA,E&G Inversiones Universal,trade,comercio,-11.895817,-77.036356,61,Pisco,3.341094771641284,True,False,79.2253968626091,386915.4349501068,140.38137183897646,685584.6949957644,253.7232650201028,1239115.8811417192
LIMA,Ferretería Miguelito,hardware,comercio,-11.897732,-77.030311,61,Pisco,3.341094771641284,True,False,79.2253968626091,386915.4349501068,140.38137183897646,685584.6949957644,253.7232650201028,1239115.8811417192
LIMA,Comercial Ferretería Charles S.A.,hardware,comercio,-11.898248,-77.031695,61,Pisco,3.341094771641284,True,False,79.2253968626091,386915.4349501068,140.38137183897646,685584.6949957644,253.7232650201028,1239115.8811417192
LIMA,Aceros Arequipa,trade,comercio,-11.949747,-77.060547,68,Pisco,3.0485938718071464,True,False,61.27956076780386,299272.81966341793,149.5846454825886,730530.9971387282,373.98351235480686,1826434.4399292087
LIMA,Pedro Luis,hardware,comercio,-12.308603,-76.837783,64,Pisco,2.32626128361434,True,False,52.0988544118958,254436.73005688118,126.24329990660858,616538.1711827706,332.63854161598425,1624516.7724904118
LIMA,Siderperu,trade,comercio,-12.070711,-77.09878,63,Pisco,3.0485938718071464,True,False,19.990427121530328,97627.84549982748,77.84541480774708,380175.97540651844,232.74377721153274,1136657.730448449
LIMA,Casinelli,doityourself,comercio,-12.072372,-77.099293,63,Pisco,3.0485938718071464,True,False,19.990427121530328,97627.84549982748,77.84541480774708,380175.97540651844,232.74377721153274,1136657.730448449
LIMA,Progresol,trade,comercio,-12.068763,-77.097571,64,Pisco,3.0485938718071464,True,False,19.990427121530328,97627.84549982748,77.84541480774708,380175.97540651844,244.5109098230955,1194125.2271454223
LIMA,Spatitas,pet,comercio,-12.070708,-77.055303,63,Pisco,3.0485938718071464,True,False,15.785132207676112,77090.32123208484,77.9785406582084,380826.12609523855,232.74377721153274,1136657.730448449
LIMA,Castor,trade,comercio,-12.066927,-77.097741,64,Pisco,3.0485938718071464,True,False,18.355916814634625,89645.33873599634,77.84541480774708,380175.97540651844,244.5109098230955,1194125.2271454223
LIMA,Ferreteria Basurto,hardware,comercio,-12.083624,-77.036282,65,Pisco,3.0485938718071464,True,False,16.261980714201048,79419.12051380203,120.71402422687106,589534.6825376495,253.57304030420212,1238382.2242135785
LIMA,Estación Central Veterinaria,yes,comercio,-12.080427,-77.048913,62,Pisco,3.0485938718071464,True,False,14.80138889872444,72285.9846766951,94.27126912792009,460395.41034022096,222.67269641450042,1087473.2926127014
LIMA,Veterinaria Animalia,yes,comercio,-12.090615,-77.058397,63,Pisco,3.0485938718071464,True,False,14.067054467334115,68699.69369966218,93.60138350768322,457123.86994553864,222.67269641450042,1087473.2926127014
LIMA,Fierro Charles,trade,comercio,-11.838394,-77.1066,63,Pisco,3.341094771641284,True,False,59.572625726015985,290936.61006045114,236.87370367454733,1156827.1755636353,463.355629373148,2262903.7149084206
LIMA,Veterinario Municipal,yes,comercio,-12.107865,-77.050184,62,Pisco,3.0485938718071464,True,False,11.604509152543368,56673.28765705278,119.91101275617287,585612.9914542469,209.48284810045504,1023057.6367819717
LIMA,Dermato Vet,yes,comercio,-12.118139,-77.028642,67,Pisco,3.012573270609794,True,False,39.099997571109895,190953.8249837918,120.04413860663423,586263.1421429671,274.78792280465643,1341989.9789883946
LIMA,Veterinaraia Clinican,yes,comercio,-11.913728,-77.025915,60,Pisco,3.341094771641284,True,False,65.94867573909167,322075.5157872475,140.38137183897646,685584.6949957644,196.89357544002797,961575.0301935594
LIMA,Clinico Veterinario,yes,comercio,-12.090601,-77.032041,64,Pisco,3.0485938718071464,True,False,16.261980714201048,79419.12051380203,120.04413860663422,586263.1421429672,243.50195950716983,1189197.786377831
LIMA,Animal Place Veterinaria,yes,comercio,-12.121002,-77.035689,64,,,False,False,27.345526490585428,133548.16378380315,120.04413860663423,586263.1421429671,227.0043743766223,1108628.0375448682
LIMA,Clinica Veterinaria Surco,yes,comercio,-12.13273,-77.003381,64,Pisco,3.012573270609794,True,False,34.44252600945222,168207.9921270425,110.31061256653024,538727.2305471436,221.0978250455221,1079782.0463097587
LIMA,Ferreteria Año Nuevo,hardware,comercio,-11.923749,-77.042101,62,Pisco,3.341094771641284,True,False,65.94867573909167,322075.51578724757,142.0326373971629,693649.0298803443,270.0159934898145,1318685.1653867017
LIMA,Dani Pets & Vet,yes,comercio,-12.130466,-77.009075,65,Pisco,3.012573270609794,True,False,34.55796966201136,168771.78773818482,109.16488428006608,533131.8031230225,240.76881139794168,1175849.8293925351
LIMA,Pancho Cavero,yes,comercio,-12.131986,-77.018248,65,Pisco,3.012573270609794,True,False,34.93021823297176,170589.74919305102,120.04413860663423,586263.1421429671,240.76881139794168,1175849.8293925351
LIMA,Vets & Pets,yes,comercio,-12.138167,-77.018122,65,Pisco,3.012573270609794,True,False,34.93021823297176,170589.74919305102,121.18986689309837,591858.5695670883,240.76881139794168,1175849.8293925351
LIMA,Pet S.O.S. A&P,yes,comercio,-12.142069,-77.018215,65,Pisco,3.012573270609794,True,False,34.55796966201136,168771.78773818482,119.91101275617287,585612.9914542469,240.76881139794168,1175849.8293925351
LIMA,Ferre Goyo,hardware,comercio,-12.088548,-77.031059,64,Pisco,3.0485938718071464,True,False,16.261980714201048,79419.12051380203,120.04413860663422,586263.1421429672,243.50195950716983,1189197.786377831
LIMA,Centro Ferretero Angamos,hardware,comercio,-12.112851,-77.013223,66,Pisco,3.012573270609794,True,False,39.099997571109895,190953.8249837918,120.04413860663423,586263.1421429671,261.59807449061105,1277574.3231576646
LIMA,La Perruquaria,yes,comercio,-12.121685,-77.025492,67,Pisco,3.012573270609794,True,False,39.099997571109895,190953.8249837918,120.04413860663423,586263.1421429671,274.78792280465643,1341989.9789883946
LIMA,Aurora Veterinaria,yes,comercio,-12.122329,-77.018385,65,Pisco,3.012573270609794,True,False,34.93021823297176,170589.74919305102,120.04413860663423,586263.1421429671,240.76881139794168,1175849.8293925351
LIMA,Edipesa,hardware,comercio,-12.114564,-77.01858,67,Pisco,3.012573270609794,True,False,39.099997571109895,190953.8249837918,120.04413860663423,586263.1421429671,274.78792280465643,1341989.9789883946
LIMA,Ekono Drywall,hardware,comercio,-12.116354,-77.018518,66,Pisco,3.012573270609794,True,False,39.099997571109895,190953.8249837918,120.04413860663423,586263.1421429671,261.59807449061105,1277574.3231576646
LIMA,La Estacion Centro Veterinario,yes,comercio,-12.119573,-77.023538,67,Pisco,3.012573270609794,True,False,39.099997571109895,190953.8249837918,120.04413860663423,586263.1421429671,274.78792280465643,1341989.9789883946
LIMA,Ferreteria Valdizan,hardware,comercio,-12.081044,-77.052236,63,Pisco,3.0485938718071464,True,False,14.80138889872444,72285.9846766951,93.60138350768322,457123.86994553864,222.67269641450042,1087473.2926127014
LIMA,Ferretería Jerusalen,hardware,comercio,-11.827801,-77.119523,63,Pisco,3.341094771641284,True,False,59.572625726015985,290936.61006045114,249.72100198315206,1219569.9097102103,463.355629373148,2262903.7149084206
LIMA,Jiska Vie,yes,comercio,-12.073547,-77.101876,62,Pisco,3.0485938718071464,True,False,15.050797776285789,73504.03025505194,77.84541480774708,380175.97540651844,216.09428301783421,1055346.0987904137
LIMA,Ferretería Diana y Caroline,hardware,comercio,-12.117377,-77.024956,67,Pisco,3.012573270609794,True,False,39.099997571109895,190953.8249837918,120.04413860663423,586263.1421429671,274.78792280465643,1341989.9789883946
LIMA,Ferretería Richard's,hardware,comercio,-12.117247,-77.024976,67,Pisco,3.012573270609794,True,False,39.099997571109895,190953.8249837918,120.04413860663423,586263.1421429671,274.78792280465643,1341989.9789883946
LIMA,Ferretería Fergo,hardware,comercio,-12.116907,-77.025035,67,Pisco,3.012573270609794,True,False,39.099997571109895,190953.8249837918,120.04413860663423,586263.1421429671,274.78792280465643,1341989.9789883946
LIMA,Ferretería Richard's,hardware,comercio,-12.116585,-77.025136,67,Pisco,3.012573270609794,True,False,39.099997571109895,190953.8249837918,120.04413860663423,586263.1421429671,274.78792280465643,1341989.9789883946
LIMA,Ekonodrywall,hardware,comercio,-12.114418,-77.01809,67,Pisco,3.012573270609794,True,False,39.099997571109895,190953.8249837918,120.04413860663423,586263.1421429671,274.78792280465643,1341989.9789883946
LIMA,Centro Veterinario La Aurora,pet,comercio,-12.120799,-77.017795,65,Pisco,3.012573270609794,True,False,34.93021823297176,170589.74919305102,120.04413860663423,586263.1421429671,240.76881139794168,1175849.8293925351
LIMA,Ferretería Altamirano,hardware,comercio,-12.242338,-76.916327,63,Pisco,2.5406712627521184,True,False,52.423177623543786,256020.63700425572,64.34137929429345,314225.9141738743,271.4790828580432,1325830.4985967176
LIMA,Aceros Arequipa,trade,comercio,-12.215304,-76.935754,58,Pisco,2.5406712627521184,True,False,24.519830709116192,119748.22896972031,64.34137929429345,314225.9141738743,204.3731673246511,998103.3362909955
LIMA,Ferretería Vasquez,hardware,comercio,-12.295831,-76.850985,63,Pisco,2.713858820494706,True,False,53.55944622737242,261569.86589398808,126.65746363584873,618560.834946985,278.59582401217335,1360586.7397532342
LIMA,Progresol,hardware,comercio,-12.295345,-76.851501,63,Pisco,2.713858820494706,True,False,53.55944622737242,261569.86589398808,126.65746363584873,618560.834946985,278.59582401217335,1360586.7397532342
LIMA,Rufigas,hardware,comercio,-12.239926,-76.911511,63,Pisco,2.5406712627521184,True,False,52.423177623543786,256020.63700425572,64.34137929429345,314225.9141738743,271.4790828580432,1325830.4985967176
LIMA,Ferretería Lastea,hardware,comercio,-11.814719,-77.131135,62,,,False,False,59.572625726015985,290936.61006045114,235.9146734778354,1152143.5311719943,460.81938964071725,2250517.405239149
LIMA,San Lorenzo,hardware,comercio,-12.294719,-76.852894,63,Pisco,2.713858820494706,True,False,53.55944622737242,261569.86589398808,126.24329990660858,616538.1711827706,278.59582401217335,1360586.7397532342
LIMA,Sodimac,doityourself,comercio,-12.112418,-76.993495,67,Pisco,3.012573270609794,True,False,36.75289590887829,179491.21455232473,109.16488428006608,533131.8031230225,268.3790020881354,1310690.5416262343
LIMA,Stanley,hardware,comercio,-12.277984,-76.868703,63,Pisco,2.5406712627521184,True,False,53.559446227372405,261569.86589398808,152.22727276658776,743436.8748684756,271.4790828580432,1325830.4985967176
LIMA,Alimentos Ramirez,pet,comercio,-12.268886,-76.876543,63,Pisco,2.5406712627521184,True,False,53.559446227372405,261569.86589398808,119.55702505965029,583884.2111768248,271.4790828580432,1325830.4985967176
LIMA,Agroveterinaria Piero,pet,comercio,-12.263954,-76.881038,63,Pisco,2.5406712627521184,True,False,53.55944622737241,261569.8658939881,119.67246871220944,584448.0067879672,271.4790828580432,1325830.4985967176
LIMA,El Comedero,pet,comercio,-12.255002,-76.889537,63,Pisco,2.5406712627521184,True,False,52.423177623543786,256020.63700425572,121.1971517225191,591894.1467059285,271.4790828580432,1325830.4985967176
LIMA,Progresol,trade,comercio,-12.202708,-77.014983,60,,,False,False,24.519830709116196,119748.22896972031,72.6169562744878,354641.5964368201,195.0930441787867,952781.7219404931
LIMA,Melanie Drywall,trade,comercio,-12.144264,-76.973461,64,Pisco,3.012573270609794,True,False,35.96254732995895,175631.36561139626,110.31061256653024,538727.2305471436,228.6503670146741,1116666.620912029
LIMA,Ladrillos,trade,comercio,-12.268911,-76.877178,63,Pisco,2.5406712627521184,True,False,53.559446227372405,261569.86589398808,119.55702505965029,583884.2111768248,271.4790828580432,1325830.4985967176
LIMA,Pet Shop Tito's,pet,comercio,-12.153983,-76.965479,63,Pisco,3.012573270609794,True,False,33.65217743053288,164348.1431861141,110.31061256653024,538727.2305471436,230.0996441877373,1123744.4990923232
LIMA,Ferretería Tello,hardware,comercio,-12.111286,-77.013378,67,Pisco,3.012573270609794,True,False,39.099997571109895,190953.8249837918,120.04413860663423,586263.1421429671,274.78792280465643,1341989.9789883946
LIMA,Fierrosol,trade,comercio,-12.177208,-76.997869,62,Pisco,3.012573270609794,True,False,33.23801370129275,162325.4794218997,93.88475824635722,458507.79561344103,213.45014999403878,1042432.8674342879
LIMA,Coripets,yes,comercio,-12.177632,-77.007969,63,,,False,False,28.635121538640146,139846.19760486294,91.34851851392648,446121.4859441698,223.84185743524364,1093183.159180515
LIMA,Placacentro,doityourself,comercio,-11.990808,-77.011468,61,Pisco,3.0485938718071464,True,False,13.155226004304556,64246.569823428545,77.30865503797153,377554.58570055617,215.11804741151522,1050578.4278264202
LIMA,Ferretería y Depósito Sara Sara,trade,comercio,-12.184231,-77.0054,63,,,False,False,28.635121538640146,139846.19760486294,91.34851851392648,446121.4859441698,223.84185743524364,1093183.159180515
LIMA,Maderas,trade,comercio,-11.980982,-77.005761,60,Pisco,3.0485938718071464,True,False,10.808124342072947,52783.95939196148,66.42940071140342,324423.2466806116,208.3371198139909,1017462.2093578505
LIMA,Ferretería JK,hardware,comercio,-12.220358,-76.920283,58,Pisco,2.5406712627521184,True,False,50.96258580806719,248887.50116714882,64.34137929429345,314225.9141738743,204.3731673246511,998103.3362909955
LIMA,Ferreteria Pardo,hardware,comercio,-12.001734,-77.00797,62,Pisco,3.0485938718071464,True,False,13.16032866807109,64271.48985474194,77.30865503797153,377554.58570055617,228.3078957255606,1114994.08365715
LIMA,Ferretería Pardo,hardware,comercio,-11.998926,-77.00872,62,Pisco,3.0485938718071464,True,False,13.155226004304556,64246.569823428545,77.30865503797153,377554.58570055617,228.3078957255606,1114994.08365715
LIMA,Cerámicos Cáceres Import,trade,comercio,-11.982571,-77.005447,60,Pisco,3.0485938718071464,True,False,10.808124342072947,52783.95939196147,66.42940071140342,324423.2466806116,208.3371198139909,1017462.2093578505
LIMA,Ferretería Sarita Colonia,trade,comercio,-11.965537,-76.991166,58,Pisco,3.3757308752389563,True,False,11.180372913033345,54601.920846827634,43.45825800403321,212238.39152190168,175.38941233805392,856554.5071122146
LIMA,Pet Center,yes,comercio,-12.102291,-76.971892,65,Pisco,3.012573270609794,True,False,36.75799857264482,179516.1345836381,118.44196494109345,578438.5587995306,235.4312946121984,1149782.8393805986
LIMA,Mascotas El Polo,yes,comercio,-12.107065,-76.973829,65,Pisco,3.012573270609794,True,False,36.75289590887829,179491.21455232473,118.44196494109345,578438.5587995306,235.4312946121984,1149782.8393805986
LIMA,Vet Zarate,yes,comercio,-12.02766,-77.001358,67,Pisco,3.0485938718071464,True,False,25.745632569682144,125734.71409728633,96.41860405120407,470882.4139871297,281.8884427637041,1376667.0002104042
LIMA,Cemento Quisqueya,trade,comercio,-11.954625,-76.982743,56,Pisco,3.3757308752389563,True,False,9.655689902723681,47155.780928866305,43.45825800403321,212238.39152190168,152.94629770159298,746948.3984011374
LIMA,Ferretería Cofeco,trade,comercio,-11.954476,-76.982818,56,Pisco,3.3757308752389563,True,False,9.655689902723681,47155.780928866305,43.45825800403321,212238.39152190168,152.94629770159298,746948.3984011374
LIMA,CEMFISUR E.I.R.L.,hardware,comercio,-12.14621,-76.987482,65,Pisco,3.012573270609794,True,False,36.75289590887829,179491.21455232473,110.31061256653024,538727.2305471436,261.32061472161155,1276219.2846036798
LIMA,Sodimac Villa El Salvador,doityourself,comercio,-12.19466,-76.935964,59,Pisco,3.012573270609794,True,False,24.519830709116192,119748.22896972031,66.69358362029158,325713.4446366548,215.25242165121924,1051234.6753109402
LIMA,Pet's Place,pet,comercio,-12.102597,-77.022809,66,Pisco,3.0485938718071464,True,False,31.515305828723566,153912.2395745439,120.04413860663422,586263.1421429672,261.02348578333715,1274768.1871407274
LIMA,Elias & Anthony,trade,comercio,-12.233966,-76.91141,63,Pisco,2.5406712627521184,True,False,52.423177623543786,256020.63700425572,63.5510307153741,310366.06523294584,271.4790828580432,1325830.4985967176
LIMA,Progresol,trade,comercio,-12.084614,-76.92557,61,Pisco,3.012573270609794,True,False,32.977538144046655,161053.38716970794,114.97580785809585,561510.7840141403,204.1453313147118,996990.6467700349
LIMA,Roatsa,trade,comercio,-12.188032,-77.008193,63,,,False,False,28.635121538640146,139846.19760486294,91.34851851392648,446121.4859441698,223.84185743524364,1093183.159180515
LIMA,Trimacentro,trade,comercio,-12.188227,-77.008252,63,,,False,False,28.635121538640146,139846.19760486294,91.34851851392648,446121.4859441698,223.84185743524364,1093183.159180515
LIMA,Casa del Carpintero,trade,comercio,-12.188685,-77.008058,63,,,False,False,28.635121538640146,139846.19760486294,91.34851851392648,446121.4859441698,223.84185743524364,1093183.159180515
LIMA,Castor,trade,comercio,-12.189522,-77.007621,63,,,False,False,28.635121538640146,139846.19760486294,91.34851851392648,446121.4859441698,223.84185743524364,1093183.159180515
LIMA,La Pesebrera,yes,comercio,-12.189725,-77.007206,63,,,False,False,28.635121538640146,139846.19760486294,91.34851851392646,446121.4859441698,234.2794130867082,1144157.3611994172
LIMA,Ferretería Chacralla,hardware,comercio,-12.189959,-77.006981,63,,,False,False,28.635121538640146,139846.19760486294,91.34851851392646,446121.4859441698,234.2794130867082,1144157.3611994172
LIMA,Mis Mascotas,pet,comercio,-12.1974,-77.0117,62,,,False,False,28.635121538640146,139846.19760486294,87.79334197640812,428758.9641921642,213.45014999403878,1042432.8674342879
LIMA,Ferretería Mafersa,hardware,comercio,-12.002553,-77.012451,62,Pisco,3.0485938718071464,True,False,13.155226004304556,64246.569823428545,77.30865503797155,377554.58570055617,228.3078957255606,1114994.08365715
LIMA,Ferretería Martinez,hardware,comercio,-11.988435,-76.998719,60,Pisco,3.3757308752389563,True,False,10.808124342072947,52783.95939196147,66.42940071140342,324423.2466806116,208.3371198139909,1017462.2093578505
LIMA,Distribuidora Luna,trade,comercio,-11.978164,-76.991352,58,Pisco,3.3757308752389563,True,False,10.808124342072947,52783.95939196148,43.59138385449456,212888.54221062182,175.38941233805392,856554.5071122146
LIMA,Veterinaria D' Pupy Pet,yes,comercio,-11.970117,-76.992692,58,Pisco,3.3757308752389563,True,False,11.180372913033345,54601.920846827634,43.59138385449456,212888.54221062182,175.38941233805392,856554.5071122146
LIMA,Demetrio's,yes,comercio,-12.223758,-76.903751,57,Pisco,2.5406712627521184,True,False,52.413717940908256,255974.438469867,78.99398110113633,385785.2628897531,204.24004147418975,997453.1856022755
LIMA,Acemas San Martin,hardware,comercio,-12.229403,-76.909219,63,Pisco,2.5406712627521184,True,False,52.423177623543786,256020.63700425572,64.34137929429345,314225.9141738743,271.4790828580432,1325830.4985967176
LIMA,Ferretería Rafo,hardware,comercio,-12.200382,-76.988591,61,Pisco,3.012573270609794,True,False,24.519830709116192,119748.22896972031,70.24876015780993,343075.96638866037,197.24037910207068,963268.7255874018
LIMA,Ferreteria Altamirano,hardware,comercio,-12.206766,-76.906385,55,Pisco,3.012573270609794,True,False,52.413717940908256,255974.438469867,62.70125263142464,306215.9786447707,189.06365577226947,923335.8178469313
LIMA,Ferretería Luren,hardware,comercio,-12.07859,-77.018384,65,Pisco,3.0485938718071464,True,False,16.261980714201048,79419.12051380203,120.04413860663422,586263.1421429672,250.28288710469414,1222314.0048464006
LIMA,Ferretería Huancayo,trade,comercio,-12.039226,-76.968536,65,Pisco,3.3757308752389563,True,False,22.35849964791668,109192.87196639228,105.02579909199457,512917.6292689555,260.0502293551091,1270015.0656776833
LIMA,Ferreteria Guadalupe,hardware,comercio,-12.041921,-76.951973,64,Pisco,3.012573270609794,True,False,20.011397985685075,97730.26153492522,110.79603895912497,541097.9219070463,246.86038104106365,1205599.4098469536
LIMA,Ferretería Tauro,hardware,comercio,-12.19595,-76.984071,62,Pisco,3.012573270609794,True,False,24.519830709116192,119748.22896972031,70.24876015780993,343075.96638866037,218.06964219474008,1064993.2193525312
LIMA,MAKRO DE San Juan de Miraflores,hardware,comercio,-12.160153,-76.978327,63,Pisco,3.012573270609794,True,False,33.65217743053288,164348.1431861141,110.31061256653024,538727.2305471436,230.0996441877373,1123744.4990923232
LIMA,Ferreteria López,trade,comercio,-12.045684,-76.968904,66,Pisco,3.012573270609794,True,False,22.35849964791668,109192.87196639228,105.02579909199457,512917.6292689555,260.050229355109,1270015.0656776833
LIMA,Zerpa,yes,comercio,-11.973526,-77.008026,58,Pisco,3.0485938718071464,True,False,10.808124342072947,52783.95939196148,43.59138385449456,212888.54221062182,175.38941233805392,856554.5071122146
LIMA,Pet's Canada,pet,comercio,-12.084164,-77.006995,65,Pisco,3.012573270609794,True,False,16.261980714201048,79419.12051380203,129.32121926766158,631569.8978194754,250.28288710469414,1222314.0048464006
LIMA,Acuaric Pet,yes,comercio,-12.128139,-76.993537,64,Pisco,3.012573270609794,True,False,36.75289590887829,179491.21455232473,110.31061256653024,538727.2305471436,228.6503670146741,1116666.620912029
LIMA,Pet's Place,pet,comercio,-12.129097,-76.9846,65,Pisco,3.012573270609794,True,False,36.75289590887829,179491.21455232473,110.31061256653024,538727.2305471436,261.32061472161155,1276219.2846036798
LIMA,Ferretería Vilma,hardware,comercio,-12.082768,-77.014219,65,Pisco,3.0485938718071464,True,False,16.261980714201048,79419.12051380203,120.04413860663422,586263.1421429672,250.28288710469414,1222314.0048464006
LIMA,Veterinaria Las Razas,yes,comercio,-12.082468,-77.01539,65,Pisco,3.0485938718071464,True,False,16.261980714201048,79419.12051380203,120.04413860663422,586263.1421429672,250.28288710469414,1222314.0048464006
LIMA,Ferretería Alice's,hardware,comercio,-12.075831,-77.016548,65,Pisco,3.0485938718071464,True,False,16.261980714201048,79419.12051380203,120.04413860663422,586263.1421429672,250.28288710469414,1222314.0048464006
LIMA,Pet's Place,yes,comercio,-12.073503,-76.939379,63,Pisco,3.012573270609794,True,False,33.767886722966004,164913.23611063638,120.58929986437742,588925.5624464394,213.91267356512668,1044691.7076013179
LIMA,Pet Center,yes,comercio,-12.072083,-76.940566,63,Pisco,3.012573270609794,True,False,20.011397985685075,97730.26153492522,94.14654476542644,459786.2902490109,213.91267356512668,1044691.7076013179
LIMA,Ferreteria Sr. de Chacos,hardware,comercio,-12.032378,-76.926125,63,Pisco,3.3757308752389563,True,False,18.51001352925071,90397.90545981422,110.79603895912497,541097.9219070463,221.38246654646218,1081172.1585023433
LIMA,Ferreteria Ysmael,hardware,comercio,-12.032257,-76.926177,63,Pisco,3.3757308752389563,True,False,18.51001352925071,90397.90545981422,110.79603895912497,541097.9219070463,221.38246654646218,1081172.1585023433
LIMA,Agrovet Market,pet,comercio,-12.079782,-76.991419,65,Pisco,3.012573270609794,True,False,31.520408492490102,153937.1596058573,129.32121926766158,631569.8978194754,250.28288710469414,1222314.0048464006
LIMA,Cat Dog Wasi,pet,comercio,-12.079514,-76.991109,65,Pisco,3.012573270609794,True,False,31.520408492490102,153937.1596058573,129.32121926766158,631569.8978194754,250.28288710469414,1222314.0048464006
LIMA,Ferretería Claudio,hardware,comercio,-12.031392,-77.083717,63,Pisco,3.0485938718071464,True,False,34.25498436042109,167292.08937893796,104.58001899138137,510740.5596883516,243.36518153663133,1188529.7997213013
LIMA,Comercial MCM,trade,comercio,-12.071448,-77.016996,65,Pisco,3.0485938718071464,True,False,16.261980714201048,79419.12051380203,120.71402422687106,589534.6825376495,250.28288710469414,1222314.0048464006
LIMA,Dansa,hardware,comercio,-12.069562,-77.017137,65,Pisco,3.0485938718071464,True,False,16.261980714201048,79419.12051380203,120.71402422687106,589534.6825376495,250.28288710469414,1222314.0048464006
LIMA,Covema,hardware,comercio,-12.057176,-77.015024,67,Pisco,3.0485938718071464,True,False,22.19045603216379,108372.19234528072,120.71402422687106,589534.6825376495,272.1211005132892,1328965.9393791216
LIMA,Ferretería El Diamante,hardware,comercio,-12.005935,-77.011815,62,Pisco,3.0485938718071464,True,False,13.171981255595272,64328.397944177355,77.30865503797155,377554.58570055617,228.3078957255606,1114994.08365715
LIMA,Clínica Veterinaria Rondón,yes,comercio,-12.120186,-76.997485,66,Pisco,3.012573270609794,True,False,36.75289590887829,179491.21455232473,109.16488428006608,533131.8031230225,261.59807449061105,1277574.3231576646
LIMA,Dog Shop,pet,comercio,-12.120395,-76.996926,66,Pisco,3.012573270609794,True,False,36.75289590887829,179491.21455232473,109.16488428006608,533131.8031230225,261.59807449061105,1277574.3231576646
LIMA,Ferreteria Suni,hardware,comercio,-12.191968,-76.933543,58,Pisco,3.012573270609794,True,False,24.519830709116192,119748.22896972031,64.71873052902038,316068.79566005385,182.58217394428178,891682.0116192894
LIMA,Ferretería Cassely,hardware,comercio,-12.191053,-76.931431,56,Pisco,3.012573270609794,True,False,24.519830709116192,119748.22896972031,64.34648195805998,314250.83420518774,150.87365652504423,736826.1788342153
LIMA,La Esquina del Drywall,hardware,comercio,-12.069626,-77.016716,65,Pisco,3.0485938718071464,True,False,16.261980714201048,79419.12051380203,120.71402422687106,589534.6825376495,250.28288710469414,1222314.0048464006
LIMA,Fierro Tradi,trade,comercio,-12.177578,-76.996606,63,Pisco,3.012573270609794,True,False,33.23801370129275,162325.4794218997,93.88475824635722,458507.79561344103,230.0996441877373,1123744.4990923232
LIMA,Distribuidora Gabriela,hardware,comercio,-12.184468,-77.004259,63,,,False,False,28.635121538640146,139846.19760486294,91.34851851392648,446121.4859441698,223.84185743524364,1093183.159180515
LIMA,Anypsa,hardware,comercio,-12.184847,-77.006107,63,,,False,False,28.635121538640146,139846.19760486294,91.34851851392648,446121.4859441698,223.84185743524364,1093183.159180515
LIMA,Tecmeing Perú,trade,comercio,-12.183234,-76.999806,62,Pisco,3.012573270609794,True,False,33.23801370129275,162325.4794218997,93.88475824635722,458507.79561344103,213.45014999403878,1042432.8674342879
LIMA,El Misti,trade,comercio,-12.182424,-76.999169,62,Pisco,3.012573270609794,True,False,33.23801370129275,162325.4794218997,93.88475824635722,458507.79561344103,213.45014999403878,1042432.8674342879
LIMA,El Sol,trade,comercio,-12.182175,-76.999003,62,Pisco,3.012573270609794,True,False,33.23801370129275,162325.4794218997,93.88475824635722,458507.79561344103,213.45014999403878,1042432.8674342879
LIMA,Depósito de Materiales Juanita,trade,comercio,-12.182129,-76.998984,62,Pisco,3.012573270609794,True,False,33.23801370129275,162325.4794218997,93.88475824635722,458507.79561344103,213.45014999403878,1042432.8674342879
LIMA,Placacentro Masisa,trade,comercio,-12.179731,-76.997285,62,Pisco,3.012573270609794,True,False,33.23801370129275,162325.4794218997,93.88475824635722,458507.79561344103,213.45014999403878,1042432.8674342879
LIMA,Kokovet,yes,comercio,-12.120593,-77.001106,66,Pisco,3.012573270609794,True,False,36.75289590887829,179491.21455232473,109.16488428006608,533131.8031230225,261.59807449061105,1277574.3231576646
LIMA,Progresol,trade,comercio,-12.159453,-76.988556,64,Pisco,3.012573270609794,True,False,34.44252600945222,168207.9921270425,110.31061256653024,538727.2305471436,240.49135162894214,1174494.7908385503
LIMA,Instituto Veterinario,yes,comercio,-12.110598,-76.989846,67,Pisco,3.012573270609794,True,False,36.75289590887829,179491.21455232473,118.44196494109345,578438.5587995306,268.3790020881354,1310690.5416262343
LIMA,Animal Hospital,yes,comercio,-12.110188,-76.938342,58,Pisco,3.012573270609794,True,False,8.893795990967003,43434.89689512156,76.82282414022212,375181.9188467581,170.7629253840145,833959.9947083523
LIMA,Cedi Vet,yes,comercio,-11.991261,-77.07767,65,Pisco,3.0485938718071464,True,False,45.13423868698922,220423.42839888256,114.55658375994815,559463.4067752776,313.0897789920803,1529045.897078061
LIMA,Prana Clinica Veterinaria,yes,comercio,-12.120039,-77.000469,66,Pisco,3.012573270609794,True,False,36.75289590887829,179491.21455232473,109.16488428006608,533131.8031230225,261.59807449061105,1277574.3231576646
LIMA,Ferretería Jehova Jireh,hardware,comercio,-11.99938,-76.999981,61,Pisco,3.0485938718071464,True,False,13.155226004304556,64246.569823428545,77.30865503797153,377554.58570055617,215.11804741151522,1050578.4278264202
LIMA,Ferretería Cofeco,hardware,comercio,-11.999221,-77.00005,61,Pisco,3.0485938718071464,True,False,13.155226004304556,64246.569823428545,77.30865503797153,377554.58570055617,215.11804741151522,1050578.4278264202
LIMA,Ferretería El Gato,hardware,comercio,-12.067354,-77.012357,66,Pisco,3.0485938718071464,True,False,16.26708337796758,79444.04054511544,120.71402422687106,589534.6825376495,260.35396790172643,1271498.4426821482
LIMA,Puppy Point,pet,comercio,-12.107133,-76.974159,65,Pisco,3.012573270609794,True,False,36.75289590887829,179491.21455232473,118.44196494109345,578438.5587995306,235.4312946121984,1149782.8393805986
LIMA,Clinica Veterinaria & Pet Shop,yes,comercio,-12.02406,-77.079981,63,Pisco,3.0485938718071464,True,False,34.25498436042109,167292.08937893796,104.58001899138137,510740.5596883516,243.36518153663133,1188529.7997213013
LIMA,Hospital Veterinario,yes,comercio,-11.994423,-77.104691,62,Pisco,3.0485938718071464,True,False,33.52064992903077,163705.79840190502,114.55658375994815,559463.4067752776,230.33351455727953,1124886.6587953577
LIMA,Distribuidor Chayna SAC,hardware,comercio,-12.055783,-77.011949,66,Pisco,3.0485938718071464,True,False,17.25082668691925,84248.37710050518,120.71402422687106,589534.6825376495,260.35396790172643,1271498.4426821482
LIMA,Dr. William Miranda - Veterinario,yes,comercio,-12.113942,-76.97405,65,Pisco,3.012573270609794,True,False,36.75289590887829,179491.21455232473,118.44196494109345,578438.5587995306,235.4312946121984,1149782.8393805986
LIMA,Veterinaria Widi,yes,comercio,-12.020142,-77.075565,64,Pisco,3.0485938718071464,True,False,34.25498436042109,167292.08937893796,137.52772646731836,671648.2619339874,256.26008941200547,1251505.0461299012
LIMA,Ferreteria la Solución,hardware,comercio,-11.974516,-76.76722,54,Pisco,3.5866136488818987,True,False,37.56825150460239,183473.19100749702,60.522904309064394,295577.5139352725,130.47315345016744,637195.6331632951
LIMA,Ferretería Aranda,hardware,comercio,-11.970992,-77.081003,67,Pisco,3.0485938718071464,True,False,44.3999042555989,216837.13742184968,127.74643207399355,623879.0626060073,375.61990952623296,1834426.1616296556
LIMA,Veterinaria Gran Danes,yes,comercio,-11.973653,-77.082205,66,Pisco,3.0485938718071464,True,False,44.3999042555989,216837.13742184968,127.74643207399355,623879.0626060073,323.25607027217586,1578695.3171912734
LIMA,Aceros Arequipa,hardware,comercio,-11.975575,-77.083086,66,Pisco,3.0485938718071464,True,False,44.3999042555989,216837.13742184968,127.74643207399355,623879.0626060073,323.25607027217586,1578695.3171912734
LIMA,Drywall,trade,comercio,-11.942387,-76.703663,46,Pisco,3.593587810388605,True,False,42.30907818048902,206626.10772313987,60.13076077043308,293662.3908330742,79.69024459598675,389185.6256978702
LIMA,Ferreteria La Rivera,trade,comercio,-11.942079,-76.702929,46,Pisco,3.593587810388605,True,False,42.30907818048902,206626.10772313987,60.13076077043308,293662.3908330742,79.69024459598675,389185.6256978702
LIMA,Maderas,trade,comercio,-11.941603,-76.702023,42,Pisco,3.593587810388605,True,False,41.57474374909869,203039.81674610695,60.13076077043307,293662.3908330742,78.88824342954324,385268.8686675064
LIMA,Veterinaria Dr. Vet,yes,comercio,-11.997266,-77.084985,64,Pisco,3.0485938718071464,True,False,45.13423868698922,220423.42839888256,114.55658375994815,559463.4067752776,256.26008941200547,1251505.0461299012
LIMA,Valois,hardware,comercio,-11.997385,-77.084965,64,Pisco,3.0485938718071464,True,False,45.13423868698922,220423.42839888256,114.55658375994815,559463.4067752776,256.26008941200547,1251505.0461299012
LIMA,Ferreteria Chillice,hardware,comercio,-12.014598,-77.079225,64,Pisco,3.0485938718071464,True,False,34.25498436042109,167292.08937893796,137.52772646731836,671648.2619339874,256.26008941200547,1251505.0461299012
LIMA,Pet Shop Ceroa,pet,comercio,-12.180924,-77.012388,63,,,False,False,28.635121538640146,139846.19760486294,91.34851851392648,446121.4859441698,223.84185743524364,1093183.159180515
LIMA,Ferreteria Armas,hardware,comercio,-11.922722,-76.679111,42,Pisco,3.918599529822023,True,False,49.04453673043418,239520.2676471325,60.13076077043307,293662.3908330742,78.88824342954324,385268.8686675064
LIMA,San Pedro,trade,comercio,-11.973994,-76.76083,53,Pisco,3.5866136488818987,True,False,37.55879182196685,183426.9924731083,60.522904309064394,295577.5139352725,115.21982833564492,562702.5141025534
LIMA,Animascotas,yes,comercio,-11.973976,-76.760791,53,Pisco,3.5866136488818987,True,False,37.55879182196685,183426.9924731083,60.522904309064394,295577.5139352725,115.21982833564492,562702.5141025534
LIMA,Animal World,yes,comercio,-11.973596,-76.759699,53,Pisco,3.593587810388605,True,False,37.55879182196685,183426.9924731083,60.522904309064394,295577.5139352725,115.21982833564492,562702.5141025534
LIMA,Los Mejores Precios,pet,comercio,-11.970604,-76.752061,52,Pisco,3.593587810388605,True,False,37.55879182196685,183426.9924731083,64.27224287510896,313888.27058029216,108.02311819809317,527555.7260352179
LIMA,Ferreteria Curo,trade,comercio,-11.965534,-76.743152,49,Pisco,3.593587810388605,True,False,37.55879182196685,183426.9924731083,60.15695204558499,293790.3019451495,78.81108481876838,384892.0468574513
LIMA,Sider Peru,trade,comercio,-11.942334,-76.702712,46,Pisco,3.593587810388605,True,False,42.30907818048902,206626.10772313987,60.13076077043308,293662.3908330742,79.69024459598675,389185.6256978702
LIMA,Inversiones Llerena,trade,comercio,-11.930819,-76.691159,44,Pisco,3.593587810388605,True,False,49.04453673043418,239520.2676471325,60.13076077043307,293662.3908330742,79.67859200846257,389128.7176084348
LIMA,Cemento Nacional,trade,comercio,-12.00277,-76.837239,57,Pisco,3.5866136488818987,True,False,14.164020988531464,69173.25199296718,57.83672446329973,282458.937259909,151.0187301490481,737534.6792211378
LIMA,Ferretería Lukas,trade,comercio,-12.002053,-76.837598,57,Pisco,3.5866136488818987,True,False,14.164020988531464,69173.25199296718,57.83672446329973,282458.937259909,151.0187301490481,737534.6792211378
LIMA,San Jose,trade,comercio,-12.002175,-76.836933,57,Pisco,3.5866136488818987,True,False,14.164020988531464,69173.25199296718,57.83672446329973,282458.937259909,151.0187301490481,737534.6792211378
LIMA,Maestro,doityourself,comercio,-11.909134,-77.056756,65,Pisco,3.341094771641284,True,False,66.64475263448045,325474.96729400515,142.0326373971629,693649.0298803443,345.39342233257184,1686808.1640848713
LIMA,"Ferretería ""Silvanita""",hardware,comercio,-12.06999,-76.756382,43,Pisco,3.5866136488818987,True,False,25.579268813374583,124922.2384558793,78.99126528307589,385771.9995680443,114.67270097642098,560030.4918906061
LIMA,"Ferretería ""Marujita Rio Seco""",hardware,comercio,-12.069668,-76.756361,43,Pisco,3.5866136488818987,True,False,25.579268813374583,124922.2384558793,78.99126528307589,385771.9995680443,114.67270097642098,560030.4918906061
LIMA,Nutrimentos Purima Multisabores,pet,comercio,-12.069636,-76.75661,43,Pisco,3.5866136488818987,True,False,25.579268813374583,124922.2384558793,78.99126528307589,385771.9995680443,114.67270097642098,560030.4918906061
LIMA,Centro Ferretero La Bailanta,hardware,comercio,-12.172526,-76.948964,60,Pisco,3.012573270609794,True,False,24.519830709116192,119748.22896972031,69.10303187134576,337480.5389645393,164.5701313951332,803716.0618957509
LIMA,Sodimac,doityourself,comercio,-12.021648,-76.991566,66,Pisco,3.0485938718071464,True,False,20.8060032244376,101610.89885251077,96.41860405120407,470882.4139871297,270.12131015214135,1319199.5035134307
LIMA,Negociación Ferretera Carolina,trade,comercio,-12.6608,-76.633343,48,Pisco,1.8527076190590837,True,False,142.6228114723308,696531.2806235732,214.12387804650663,1045723.1732299249,643.4439094994739,3142406.222864671
LIMA,Depósito Juan Pablo II,trade,comercio,-12.659715,-76.634145,48,Pisco,1.8527076190590837,True,False,142.6228114723308,696531.2806235732,214.12387804650663,1045723.1732299249,643.4439094994739,3142406.222864671
LIMA,Ferretería Sofemac,trade,comercio,-12.660573,-76.632908,47,Pisco,1.8527076190590837,True,False,142.6228114723308,696531.2806235732,209.12129550361865,1021291.9115751308,621.1946696031735,3033746.9460078417
LIMA,Carolina,trade,comercio,-12.660441,-76.633195,47,Pisco,1.8527076190590837,True,False,142.6228114723308,696531.2806235732,209.12129550361865,1021291.9115751308,621.1946696031735,3033746.9460078417
LIMA,Nvo Mileno,hardware,comercio,-12.180645,-77.023288,62,,,False,False,28.635121538640146,139846.19760486294,87.79334197640812,428758.9641921642,221.69452251195966,1082696.1555336062
LIMA,Ferretería Maderera El Oriente,hardware,comercio,-12.657407,-76.636514,49,Pisco,1.8527076190590837,True,False,142.6228114723308,696531.2806235732,214.12387804650663,1045723.1732299249,658.6972346139963,3216899.3419254133
LIMA,Deposito Ferreteria Ivet,hardware,comercio,-12.349362,-76.811899,59,Pisco,2.32626128361434,True,False,52.0988544118958,254436.73005688115,184.63103244782417,901688.0830363134,318.9869803308494,1557846.2352440548
LIMA,Ferreteria Pablo,hardware,comercio,-12.193812,-77.020301,60,,,False,False,24.519830709116196,119748.22896972031,72.6169562744878,354641.5964368201,195.0930441787867,952781.7219404931
LIMA,La Ponderosa,hardware,comercio,-12.463382,-76.752502,51,Pisco,2.3999133387703973,True,False,96.26885259461477,470151.0683296111,253.88607873719403,1239911.0193506628,333.53416913415765,1628890.775328773
LIMA,Progresor,hardware,comercio,-12.349448,-76.811194,59,Pisco,2.32626128361434,True,False,52.0988544118958,254436.73005688115,184.63103244782417,901688.0830363134,318.9869803308494,1557846.2352440548
LIMA,Menola,hardware,comercio,-12.360929,-76.797196,60,Pisco,2.32626128361434,True,False,78.26312246022592,382215.9467344136,180.52393228597293,881630.1154093149,329.37610248200843,1608583.9011321333
LIMA,Juan Pablo,hardware,comercio,-12.51587,-76.734307,48,Pisco,2.3999133387703973,True,False,124.61356972016836,608579.009235859,248.76438348803748,1214898.0434176319,325.71146852301786,1590686.8189043892
LIMA,Juan Pablo,hardware,comercio,-12.516133,-76.734135,48,Pisco,2.3999133387703973,True,False,124.61356972016836,608579.009235859,248.76438348803748,1214898.0434176319,325.71146852301786,1590686.8189043892
LIMA,San Carlos,hardware,comercio,-12.516948,-76.733535,48,Pisco,2.3999133387703973,True,False,124.61356972016836,608579.009235859,248.76438348803748,1214898.0434176319,325.71146852301786,1590686.8189043892
LIMA,Miguelito,hardware,comercio,-12.516781,-76.733063,48,Pisco,2.3999133387703973,True,False,124.61356972016836,608579.009235859,248.76438348803748,1214898.0434176319,325.71146852301786,1590686.8189043892
LIMA,USC Chilca,hardware,comercio,-12.522031,-76.730009,48,Pisco,2.3999133387703973,True,False,124.61356972016836,608579.009235859,248.7643834880375,1214898.0434176316,325.71146852301786,1590686.8189043892
LIMA,Manos en la Obra,hardware,comercio,-12.124729,-76.949982,55,Pisco,3.012573270609794,True,False,16.93513896672986,82706.64356047245,69.10303187134576,337480.5389645393,132.61428247740974,647652.328890505
LIMA,La Solucion,hardware,comercio,-12.125254,-76.950429,55,Pisco,3.012573270609794,True,False,16.93513896672986,82706.64356047245,69.10303187134576,337480.5389645393,132.61428247740974,647652.328890505
LIMA,Veterinaria San Pedro,yes,comercio,-12.65553,-76.636514,49,Pisco,1.8527076190590837,True,False,142.6228114723308,696531.2806235732,214.12387804650663,1045723.1732299249,658.6972346139963,3216899.3419254133
LIMA,Femacsur,hardware,comercio,-12.19711,-76.953236,60,Pisco,3.012573270609794,True,False,24.519830709116192,119748.22896972031,70.24876015780993,343075.96638866037,196.5704934818338,959997.1851927193
LIMA,Señor Quinuapata,hardware,comercio,-12.128925,-76.952739,54,Pisco,3.012573270609794,True,False,16.93513896672986,82706.64356047245,63.573002242556214,310473.3682359328,130.46694755412577,637165.3252435963
LIMA,Entre Patas,yes,comercio,-12.141108,-76.975114,64,Pisco,3.012573270609794,True,False,35.96254732995895,175631.36561139626,110.31061256653024,538727.2305471436,228.6503670146741,1116666.620912029
LIMA,Nazaret,hardware,comercio,-13.024378,-76.477119,71,Pisco,1.3603158680328946,True,False,462.7370430948697,2259882.7066409667,567.1034155929508,2769579.87457422,974.6855517357124,5325011.090491233
LIMA,Nazareth,hardware,comercio,-13.024287,-76.477007,71,Pisco,1.3603158680328946,True,False,462.7370430948697,2259882.7066409667,567.1034155929508,2769579.87457422,974.6855517357124,5325011.090491233
LIMA,Mascotitas,pet,comercio,-12.211459,-76.934713,58,Pisco,2.5406712627521184,True,False,24.519830709116192,119748.22896972031,64.34137929429345,314225.9141738743,204.3731673246511,998103.3362909955
LIMA,Zamora,hardware,comercio,-12.208668,-76.957317,60,Pisco,2.5406712627521184,True,False,24.519830709116192,119748.22896972031,66.69358362029158,325713.4446366548,215.25242165121924,1051234.6753109402
LIMA,Ferreteria De La Cruz,hardware,comercio,-12.20569,-76.95217,60,Pisco,3.012573270609794,True,False,24.519830709116192,119748.22896972031,66.69358362029158,325713.4446366548,215.25242165121924,1051234.6753109402
LIMA,Ferretería Immaculada,hardware,comercio,-12.134501,-76.976354,65,Pisco,3.012573270609794,True,False,36.75289590887829,179491.21455232473,110.31061256653024,538727.2305471436,261.32061472161155,1276219.2846036798
LIMA,Ferreteria Daryl,hardware,comercio,-12.197549,-76.967273,61,Pisco,3.012573270609794,True,False,24.519830709116192,119748.22896972031,71.2325034667616,347880.30294405017,197.24037910207068,963268.7255874018
LIMA,Prada,hardware,comercio,-12.188099,-76.95811,60,Pisco,3.012573270609794,True,False,24.519830709116192,119748.22896972031,70.24876015780993,343075.96638866037,196.5704934818338,959997.1851927193
LIMA,Siderperu,hardware,comercio,-12.187301,-76.959069,60,Pisco,3.012573270609794,True,False,24.519830709116192,119748.22896972031,70.24876015780993,343075.96638866037,196.5704934818338,959997.1851927193
LIMA,San Juan,trade,comercio,-11.594117,-77.258095,31,Pisco,3.983790316933098,True,False,334.1118558632158,1631712.0412471509,641.5893758975328,3133349.181768759,736.8412008283806,3598533.3617460765
LIMA,Inka,trade,comercio,-11.59321,-77.258688,31,Pisco,3.983790316933098,True,False,334.1118558632158,1631712.0412471509,641.5893758975328,3133349.181768759,736.8412008283806,3598533.3617460765
LIMA,La Merced,trade,comercio,-11.589948,-77.261052,31,Pisco,3.983790316933098,True,False,334.1118558632158,1631712.0412471509,651.2365211597642,3180463.232981858,736.8412008283806,3598533.3617460765
LIMA,Clínica Garro,yes,comercio,-10.754802,-77.757617,36,Pisco,5.79940530506873,False,False,515.4548998506242,2517342.4769171923,868.4922658703138,4241481.596902028,1138.2032913821743,5434013.759222487
LIMA,Pirámide,hardware,comercio,-11.564699,-77.265658,34,Pisco,4.119516323120637,False,False,334.1118558632158,1631712.0412471509,644.0398110222123,3145316.4449145226,863.8813217915546,4218962.991702011
LIMA,Ferreteria Coco,hardware,comercio,-11.564684,-77.26826,33,Pisco,4.119516323120637,False,False,334.1118558632158,1631712.0412471509,644.0398110222123,3145316.4449145226,837.2569089204582,4088936.552021615
LIMA,Ferreteria Valentin,hardware,comercio,-11.564043,-77.268608,33,Pisco,4.119516323120637,False,False,334.1118558632158,1631712.0412471509,644.0398110222123,3145316.4449145226,837.2569089204582,4088936.552021615
LIMA,Ferreteria V&S,hardware,comercio,-11.563294,-77.268916,33,Pisco,4.119516323120637,False,False,334.1118558632158,1631712.0412471509,644.0398110222123,3145316.4449145226,837.2569089204582,4088936.552021615
LIMA,Ferreteria Lucesita,hardware,comercio,-11.960343,-77.096172,61,Pisco,3.0485938718071464,True,False,39.26740471114703,191771.3962294562,112.02034402751741,547077.0971060062,260.7204490384034,1273288.2375460889
LIMA,Ferretería San Luis,hardware,comercio,-11.558428,-77.266166,34,Pisco,4.119516323120637,False,False,410.6610112663056,2005557.4359153877,644.0398110222123,3145316.4449145226,863.8813217915546,4218962.991702011
LIMA,Ferreteria Chankas,hardware,comercio,-11.959108,-77.096993,61,Pisco,3.0485938718071464,True,False,39.26740471114703,191771.3962294562,112.02034402751741,547077.0971060062,260.7204490384034,1273288.2375460889
LIMA,Kotas,yes,comercio,-10.750219,-77.765991,36,,,False,False,515.4548998506242,2517342.4769171923,868.4922658703138,4241481.596902028,1138.2032913821743,5434013.759222487
LIMA,Ace Mar,hardware,comercio,-11.503114,-77.230817,25,Pisco,4.119516323120637,False,False,427.3163231207208,2086897.4794566794,697.6094470750209,3406936.075163084,731.4859430529999,3572379.729533611
LIMA,El Ovalo,hardware,comercio,-11.776304,-77.164322,62,,,False,False,59.572625726015985,290936.61006045114,327.1818220918546,1597867.6285076975,549.6779741654642,2684478.726254247
LIMA,Ferretería Ñafesa SRL,hardware,comercio,-11.945614,-77.086245,64,Pisco,3.0485938718071464,True,False,39.26740471114703,191771.39622945618,125.2101923415628,611492.752936736,336.0978778811608,1641411.2362442585
LIMA,El Nero,hardware,comercio,-11.496366,-77.200061,25,Pisco,4.57272988343412,False,False,427.3163231207208,2086897.4794566794,653.1918383217688,3190012.4737576973,731.4859430529999,3572379.729533611
LIMA,La Casa del Constructor,hardware,comercio,-11.49374,-77.201737,25,Pisco,4.57272988343412,False,False,436.96346838295204,2134011.530669778,653.1918383217688,3190012.4737576973,731.4859430529999,3572379.729533611
LIMA,Ferreteria Shima,hardware,comercio,-10.750853,-77.760565,36,,,False,False,515.4548998506242,2517342.4769171923,868.4922658703138,4241481.596902028,1138.2032913821743,5434013.759222487
LIMA,Tecni Services S.A.C.,trade,comercio,-11.493161,-77.201388,25,Pisco,4.57272988343412,False,False,436.96346838295204,2134011.530669778,653.1918383217688,3190012.4737576973,731.4859430529999,3572379.729533611
LIMA,Génesis,hardware,comercio,-11.494584,-77.201099,25,Pisco,4.57272988343412,False,False,436.96346838295204,2134011.530669778,653.1918383217688,3190012.4737576973,731.4859430529999,3572379.729533611
LIMA,El Granjerito,yes,comercio,-11.493111,-77.203937,25,Pisco,4.57272988343412,False,False,436.96346838295204,2134011.530669778,653.1918383217688,3190012.4737576973,731.4859430529999,3572379.729533611
LIMA,Ferretería M&R,hardware,comercio,-11.492882,-77.207942,25,Pisco,4.57272988343412,False,False,427.3163231207208,2086897.4794566794,697.6094470750209,3406936.075163084,731.4859430529999,3572379.729533611
LIMA,Sandy SAC,trade,comercio,-11.496757,-77.211084,25,Pisco,4.57272988343412,False,False,427.3163231207208,2086897.4794566794,697.6094470750209,3406936.075163084,731.4859430529999,3572379.729533611
LIMA,San Luis,hardware,comercio,-11.488653,-77.304542,31,Pisco,4.119516323120637,False,False,377.85957899623094,1845364.102257855,633.4089224510294,3093398.0571460337,977.5334565974946,4774009.314129487
LIMA,Nuevo Ricocan,yes,comercio,-11.107506,-77.601256,39,Pisco,5.087355273652894,False,False,500.5966694131186,2444778.8935212526,879.4090384031217,4294796.164705427,1486.2377378232702,7258383.5934124645
LIMA,Animal Pets,yes,comercio,-11.107508,-77.602816,39,Pisco,5.087355273652894,False,False,500.5966694131186,2444778.8935212526,879.4090384031217,4294796.164705427,1486.2377378232702,7258383.5934124645
LIMA,Herbozo,trade,comercio,-11.107241,-77.599031,39,Pisco,5.087355273652894,False,False,522.6755428131185,2552606.146435918,879.4090384031217,4294796.164705427,1486.2377378232702,7258383.5934124645
LIMA,Veter Salud,yes,comercio,-11.107263,-77.600045,39,Pisco,5.087355273652894,False,False,522.6755428131185,2552606.146435918,879.4090384031217,4294796.164705427,1486.2377378232702,7258383.5934124645
LIMA,DTB,hardware,comercio,-11.107246,-77.602988,39,Pisco,5.087355273652894,False,False,500.5966694131186,2444778.8935212526,879.4090384031217,4294796.164705427,1486.2377378232702,7258383.5934124645
LIMA,Amper,trade,comercio,-11.114685,-77.610576,38,Pisco,5.087355273652894,False,False,485.8876459045786,2372943.996457025,879.4090384031217,4294796.164705427,1472.7424347456197,7192476.179037151
LIMA,Clinica Veterinaria San Sebastian,yes,comercio,-11.105135,-77.607399,38,Pisco,5.087355273652894,False,False,485.8876459045786,2372943.996457025,879.4090384031217,4294796.164705427,1472.7424347456197,7192476.179037151
LIMA,Ferremás,hardware,comercio,-11.105289,-77.604822,39,Pisco,5.087355273652894,False,False,500.5966694131186,2444778.8935212526,879.4090384031217,4294796.164705427,1486.2377378232702,7258383.5934124645
LIMA,Progresol Panacasa,hardware,comercio,-11.105334,-77.603012,39,Pisco,5.087355273652894,False,False,500.5966694131186,2444778.8935212526,879.4090384031217,4294796.164705427,1486.2377378232702,7258383.5934124645
LIMA,Sanchez,hardware,comercio,-12.13949,-76.960593,61,Pisco,3.012573270609794,True,False,29.536886601008927,144250.17455097142,93.85537272768441,458364.28467895824,181.21962558883172,885027.6935537863
LIMA,Promart,doityourself,comercio,-12.058282,-76.96402,66,Pisco,3.012573270609794,True,False,22.35849964791668,109192.87196639228,131.46855419094555,642056.9014663841,260.050229355109,1270015.0656776833
LIMA,Sodimac,doityourself,comercio,-12.058095,-76.968351,66,Pisco,3.012573270609794,True,False,22.35849964791668,109192.87196639228,131.46855419094555,642056.9014663841,260.050229355109,1270015.0656776833
LIMA,Marsano Home Center,hardware,comercio,-12.117674,-77.008241,66,Pisco,3.012573270609794,True,False,37.12514447983869,181309.17600719086,120.04413860663423,586263.1421429671,261.59807449061105,1277574.3231576646
LIMA,Maestro,doityourself,comercio,-11.862574,-77.064242,67,Pisco,3.341094771641284,True,False,75.78239661798408,370100.751907337,153.2762797143506,748559.9414043643,435.39809303852445,2126366.66038532
LIMA,Ferretería Iquitos,hardware,comercio,-12.067119,-77.030126,67,Pisco,3.0485938718071464,True,False,22.185353368397262,108347.27231396732,120.71402422687106,589534.6825376495,272.1211005132892,1328965.9393791216
LIMA,El Olimpo,hardware,comercio,-11.968882,-77.097799,62,Pisco,3.0485938718071464,True,False,43.87029687379963,214250.67804649295,112.02034402751741,547077.0971060062,230.33351455727953,1124886.6587953577
LIMA,Expomiliaria,trade,comercio,-12.005941,-77.057237,64,Pisco,3.0485938718071464,True,False,45.13423868698922,220423.42839888256,137.52772646731836,671648.2619339874,256.26008941200547,1251505.0461299012
LIMA,Veterinaria Municipal,yes,comercio,-12.11104,-77.022624,67,Pisco,3.012573270609794,True,False,39.099997571109895,190953.8249837918,120.04413860663423,586263.1421429671,274.78792280465643,1341989.9789883946
LIMA,Ferretería Román,hardware,comercio,-11.904931,-77.045221,61,Pisco,3.341094771641284,True,False,65.94867573909167,322075.51578724757,142.0326373971629,693649.0298803443,253.7232650201028,1239115.8811417192
LIMA,Feria de venta de plantas,garden_centre,comercio,-12.141084,-76.98086,65,Pisco,3.012573270609794,True,False,36.75289590887829,179491.21455232473,110.31061256653024,538727.2305471436,261.32061472161155,1276219.2846036798
LIMA,Pet Shop Panchitos,pet,comercio,-12.16138,-76.989289,64,Pisco,3.012573270609794,True,False,34.44252600945222,168207.9921270425,110.31061256653024,538727.2305471436,240.49135162894214,1174494.7908385503
LIMA,Promart,doityourself,comercio,-11.863175,-77.072429,67,Pisco,3.341094771641284,True,False,59.572625726015985,290936.61006045114,153.2762797143506,748559.9414043644,435.39809303852445,2126366.66038532
LIMA,Veterinaria Municipal de Surquillo,veterinary,comercio,-12.112938,-77.011369,66,Pisco,3.012573270609794,True,False,39.099997571109895,190953.8249837918,120.04413860663423,586263.1421429671,261.59807449061105,1277574.3231576646
LIMA,METALMEC PLATINIO,hardware,comercio,-12.056323,-77.012215,66,Pisco,3.0485938718071464,True,False,17.25082668691925,84248.37710050518,120.71402422687106,589534.6825376495,260.35396790172643,1271498.4426821482
LIMA,Paraíso,hardware,comercio,-12.146342,-76.935396,52,Pisco,3.012573270609794,True,False,16.93513896672986,82706.64356047245,36.75289590887829,179491.21455232473,110.31061256653022,538727.2305471437
LIMA,Unión,hardware,comercio,-12.146744,-76.935391,52,Pisco,3.012573270609794,True,False,16.93513896672986,82706.64356047245,36.75289590887829,179491.21455232473,110.31061256653022,538727.2305471437
LIMA,Clinica Veterinaria Municipal,yes,comercio,-12.090628,-77.076395,61,Pisco,3.0485938718071464,True,False,13.537447085534847,66113.23432430545,77.17552918751021,376904.4350118361,206.0232022208019,1006161.6609546661
LIMA,Ferretería Cascajal,hardware,comercio,-12.110463,-76.938816,58,Pisco,3.012573270609794,True,False,8.893795990967003,43434.89689512156,76.82282414022212,375181.9188467581,170.7629253840145,833959.9947083523
LIMA,Virgen de Chapi,hardware,comercio,-12.146552,-76.93498,52,Pisco,3.012573270609794,True,False,16.93513896672986,82706.64356047245,36.75289590887829,179491.21455232473,110.31061256653022,538727.2305471437
LIMA,Ferretería Altamirano,hardware,comercio,-12.040814,-77.067996,64,Pisco,3.0485938718071464,True,False,34.25498436042109,167292.08937893796,104.58001899138137,510740.5596883516,244.5109098230955,1194125.2271454223
LIMA,El Porvenir 1,hardware,comercio,-12.149016,-76.970566,64,Pisco,3.012573270609794,True,False,35.96254732995895,175631.36561139626,110.31061256653024,538727.2305471436,228.6503670146741,1116666.620912029
LIMA,Industrias FAMAR,trade,comercio,-12.032227,-77.04421,65,Pisco,3.0485938718071464,True,False,35.906249918607514,175356.42426351787,120.87274746109303,590309.8439333341,251.29183742061977,1227241.445613992
LIMA,Progresol,trade,comercio,-12.198633,-77.01273,61,,,False,False,28.635121538640146,139846.19760486294,72.6169562744878,354641.5964368201,211.3028150707548,1031945.8637873791
LIMA,Veterinaria Maskotopia,yes,comercio,-11.946978,-76.984927,55,Pisco,3.3757308752389563,True,False,9.65568990272368,47155.78092886631,33.725308134050735,164705.29378529487,136.29680350789442,665636.7667431021
LIMA,Maderera Criszac,trade,comercio,-12.657196,-76.636863,49,Pisco,1.8527076190590837,True,False,142.6228114723308,696531.2806235732,214.12387804650663,1045723.1732299249,658.6972346139963,3216899.3419254133
LIMA,Maestro,doityourself,comercio,-12.047852,-77.051264,65,Pisco,3.0485938718071464,True,False,35.90114725484098,175331.5042322045,104.58001899138137,510740.5596883516,251.29183742061977,1227241.445613992
LIMA,Hospital Veterinario Animal Surco,yes,comercio,-12.140563,-76.992369,65,Pisco,3.012573270609794,True,False,36.75289590887829,179491.21455232473,110.31061256653024,538727.2305471436,261.32061472161155,1276219.2846036798
LIMA,Huellitas Pet Shop,yes,comercio,-12.152765,-76.981995,65,Pisco,3.012573270609794,True,False,35.96254732995895,175631.36561139626,110.31061256653024,538727.2305471436,261.32061472161155,1276219.2846036798
LIMA,Promart,doityourself,comercio,-12.009981,-77.061974,64,Pisco,3.0485938718071464,True,False,45.13423868698922,220423.42839888256,137.52772646731836,671648.2619339874,256.26008941200547,1251505.0461299012
LIMA,Señor de Huamantanga,hardware,comercio,-11.90433,-77.029203,60,Pisco,3.341094771641284,True,False,79.2253968626091,386915.4349501068,140.38137183897646,685584.6949957644,196.89357544002797,961575.0301935594
LIMA,Los Mellizos,hardware,comercio,-11.904981,-77.02976,60,Pisco,3.341094771641284,True,False,79.2253968626091,386915.4349501068,140.38137183897646,685584.6949957644,196.89357544002797,961575.0301935594
LIMA,Ferreteria montoya,hardware,comercio,-12.048215,-76.967192,66,Pisco,3.012573270609794,True,False,22.35849964791668,109192.87196639228,131.46855419094558,642056.9014663841,260.050229355109,1270015.0656776833
LIMA,Ferreteria San Carlos,hardware,comercio,-12.17655,-76.951615,59,Pisco,3.012573270609794,True,False,25.9804225245928,126881.36480682726,69.10303187134576,337480.5389645393,163.90024577489635,800444.5215010685
LIMA,Centro Ferretero,hardware,comercio,-11.93819,-77.069572,68,Pisco,3.341094771641284,True,False,44.54018249403649,217522.21844117527,147.04840575015783,718144.6874694568,373.98351235480686,1826434.4399292087
LIMA,Speed Logística y Servicios,hardware,comercio,-11.937052,-77.069752,68,Pisco,3.341094771641284,True,False,44.54018249403649,217522.21844117527,147.04840575015783,718144.6874694568,373.98351235480686,1826434.4399292087
LIMA,CEMFINOR,hardware,comercio,-12.010761,-77.061554,64,Pisco,3.0485938718071464,True,False,45.13423868698922,220423.42839888256,137.52772646731836,671648.2619339874,256.26008941200547,1251505.0461299012
LIMA,Regepsa,hardware,comercio,-11.981732,-77.062071,66,Pisco,3.0485938718071464,True,False,45.13423868698922,220423.42839888256,143.1328830389774,699022.3323554693,323.25607027217586,1578695.3171912734
LIMA,Vivero Catalina,garden_centre,comercio,-11.500246,-77.111851,19,Pisco,4.57272988343412,False,False,220.92019540096533,1078914.5511137056,491.51684774471227,2400435.49747373,657.2643749081888,3209901.6422198946
LIMA,Vivero Galan de Noche,garden_centre,comercio,-13.213412,-76.223742,57,Pisco,1.3546836111220275,True,False,31.1748849201656,152249.71582437286,196.94134276718233,1050314.75944101,765.4146407991253,4650736.871452965
LIMA,Aderel,garden_centre,comercio,-13.212154,-76.219342,48,Pisco,1.3546836111220275,True,False,31.1748849201656,152249.71582437286,158.4086873441345,787315.4815456863,619.1709717987069,3716136.466803798
LIMA,Veternaria Municipal,yes,comercio,-11.991362,-77.070541,66,Pisco,3.0485938718071464,True,False,45.13423868698922,220423.42839888256,143.1328830389774,699022.3323554693,323.25607027217586,1578695.3171912734
LIMA,Century Metals & Supplies,trade,comercio,-12.194466,-77.009843,62,,,False,False,28.635121538640146,139846.19760486294,91.34851851392648,446121.4859441698,213.45014999403878,1042432.8674342879
LIMA,OASIS de la Panamericana Sur,garden_centre,comercio,-12.14016,-76.980394,65,Pisco,3.012573270609794,True,False,36.75289590887829,179491.21455232473,110.31061256653024,538727.2305471436,261.32061472161155,1276219.2846036798
LORETO,Cerámicas San Lorenzo,hardware,comercio,-5.89397,-76.10533,5,Bellavista,3.563566040244249,True,False,30.959309148346563,107851.68405890887,71.27512189786671,248298.23854772554,170.79034407863537,705232.3296576214
LORETO,port nord,hardware,comercio,-3.702615,-73.249341,0,,,False,False,0.0,0.0,0.0,0.0,0.0,0.0
LORETO,Husqvarna,hardware,comercio,-3.751025,-73.244858,0,,,False,False,0.0,0.0,0.0,0.0,0.0,0.0
LORETO,Comercio Ferretero,hardware,comercio,-3.770094,-73.279566,0,,,False,False,0.0,0.0,0.0,0.0,0.0,0.0
LORETO,Mascotas Felices,veterinary,comercio,-3.748299,-73.245665,0,,,False,False,0.0,0.0,0.0,0.0,0.0,0.0
MADRE DE DIOS,Veterinaria Razas,pet,comercio,-12.580609,-69.202801,11,Juliaca,10.052955645592036,False,False,32.11792032481819,57036.784968523425,87.93459707253325,156159.13651308988,127.93507403790181,227194.2029258158
MADRE DE DIOS,Ferretería Medina,hardware,comercio,-12.598573,-69.181318,11,Juliaca,10.052955645592036,False,False,32.11792032481819,57036.784968523425,87.93459707253325,156159.13651308988,127.93507403790181,227194.2029258158
MADRE DE DIOS,Todo Barato,hardware,comercio,-12.588382,-69.194841,11,Juliaca,10.052955645592036,False,False,32.11792032481819,57036.784968523425,87.93459707253325,156159.13651308988,127.93507403790181,227194.2029258158
MOQUEGUA,Esquino Hacienda,hamlet,pueblo,-16.88787,-71.20892,2,Juliaca,6.850904589376545,False,False,2.2981229059281203,7875.269206289419,6.095772780952445,20889.157645371608,6.095772780952445,20889.157645371608
MOQUEGUA,Yahuay Hacienda,hamlet,pueblo,-17.163719,-70.933264,9,Juliaca,5.849705041325501,False,False,41.73172705325848,143007.40144925952,102.40105259944785,350910.67329245707,145.5739149181503,498856.5957184548
MOQUEGUA,La Hacienda,neighbourhood,pueblo,-17.19558,-70.961947,10,Juliaca,5.849705041325501,False,False,75.56870229201972,258960.85565504112,145.5739149181503,498856.5957184548,148.47047709198637,508782.6126572666
MOQUEGUA,Promart,doityourself,comercio,-17.187273,-70.936541,9,Juliaca,5.849705041325501,False,False,41.73172705325848,143007.40144925952,145.5739149181503,498856.5957184548,145.5739149181503,498856.5957184548
MOQUEGUA,Veterinaria Ilo Pampa,veterinary,comercio,-17.64621,-71.324827,7,Juliaca,7.062420044359595,False,False,12.837750689597248,43992.748352584465,15.191333355853452,52058.06855291485,110.7649984117071,371335.66545712075
MOQUEGUA,Heleo Constructor,hardware,comercio,-17.187318,-70.938503,9,Juliaca,5.849705041325501,False,False,41.73172705325848,143007.40144925952,145.5739149181503,498856.5957184548,145.5739149181503,498856.5957184548
PASCO,Negociaciones Prusia,hardware,comercio,-10.070117,-75.550328,6,Tarma,4.863697183159374,False,False,402.4196242836032,1038739.7442812413,402.4196242836032,1038739.7442812413,691.8978488881377,1865323.4917471725
PASCO,Ferretería El Centro,hardware,comercio,-10.0713,-75.550988,6,Tarma,4.863697183159374,False,False,402.4196242836032,1038739.7442812413,402.4196242836032,1038739.7442812413,691.8978488881377,1865323.4917471725
PASCO,Ferretería Nicoll,hardware,comercio,-10.572139,-75.406513,7,Tarma,3.1900796766524,True,False,251.7938948253465,649939.2925682305,512.9040727548804,1323926.1040578429,556.4047082115765,1436211.4803756627
PASCO,Ferretería Loechle,hardware,comercio,-10.574262,-75.403681,7,Tarma,3.1900796766524,True,False,251.7938948253465,649939.2925682305,512.9040727548804,1323926.1040578429,556.4047082115765,1436211.4803756627
PIURA,Vivero Forestal de Marcavelica,plant_nursery,comercio,-4.880674,-80.698436,82,Chiclayo,3.5016477423964028,True,False,511.7802648494198,2000904.1278655867,959.0352919909818,3749534.333994178,1784.3675509767902,6976330.748957982
PIURA,Vivero Municipal,plant_nursery,comercio,-5.317837,-79.786147,27,Chiclayo,3.686483937473158,True,False,111.1474358055087,434552.4405290474,241.282745252289,943341.652887093,465.55829261420394,1820190.3696460428
PIURA,Vivero El Huerto,plant_nursery,comercio,-4.908126,-80.342295,70,Chiclayo,3.804758317032244,True,True,638.3788317102183,2495865.7596670208,950.0406728011146,3714368.127124362,1683.3171702823806,6581254.702183643
PIURA,Vivero OL & AS,plant_nursery,comercio,-5.119584,-80.919398,64,Chiclayo,3.361069548171282,True,False,161.66840549822098,632073.9624495205,339.2218675934582,1326253.6321710872,1013.5872173239753,3962815.6581849777
PIURA,Vivero Orgánico El Pionero,plant_nursery,comercio,-4.908924,-80.34164,70,Chiclayo,3.804758317032244,True,False,638.3788317102183,2495865.7596670208,950.0406728011146,3714368.127124362,1683.3171702823806,6581254.702183643
PIURA,Vivero para investigación con algarrobo y cacao,plant_nursery,comercio,-5.175746,-80.63695,96,Chiclayo,3.00883433913856,True,False,579.0312464317643,2263834.873525968,1169.368712492285,4571873.603823144,1846.2744512843644,7218367.773197738
PIURA,Pampa de la Hacienda,hamlet,pueblo,-5.205358,-79.956156,47,Chiclayo,3.47543366068543,True,False,224.40550425893053,877356.8084333327,427.7104241076697,1672216.7928456166,759.3861679615279,2968967.3918264867
PIURA,Papelillo / Hacienda Hualcuy,hamlet,pueblo,-4.753486,-79.620848,10,Chiclayo,6.792210167167471,False,False,190.6082495745472,745219.8913749845,317.95050803805196,1243089.129623791,462.7038601694068,1809030.4128173278
PIURA,Promart,doityourself,comercio,-5.183891,-80.642196,97,Chiclayo,3.00883433913856,True,False,579.0312464317643,2263834.873525968,1169.368712492285,4571873.603823144,1862.7270871832152,7282692.541746534
PIURA,Ferreteria pelikanos,hardware,comercio,-4.106256,-81.047953,4,,,False,False,5.021451647903301,33919.734370546554,5.021451647903301,33919.734370546554,9.34434554364659,63203.85206877492
PIURA,Ferretería Eleodoro Quiroga Ramos,hardware,comercio,-5.212731,-80.622587,93,Chiclayo,3.00883433913856,True,False,524.1772890803649,2049372.6966257475,1148.3646618892947,4489754.19742949,1632.1017735112066,6381018.183020741
PIURA,Corporation Pachas s.r.l.,hardware,comercio,-4.931807,-79.946576,4,Chiclayo,5.7736052007152106,False,False,80.027856455206,312884.4141197405,171.18221419457416,669270.0413132836,171.18221419457416,669270.0413132836
PIURA,Señor de los milagros,hardware,comercio,-4.929786,-80.343327,65,Chiclayo,3.804758317032244,True,False,591.9615771875268,2314388.5074991053,898.9047255509346,3514442.2312610135,1622.8223240901673,6344738.377162379
PIURA,El Martillo,hardware,comercio,-5.197939,-80.628782,96,Chiclayo,3.00883433913856,True,False,588.011691180857,2298945.6626725863,1162.632082190166,4545535.442105672,1771.6372303480919,6926559.093338339
PIURA,Ferretería Jonathan,trade,comercio,-4.638685,-79.714834,8,Chiclayo,6.111034562104583,False,False,241.28009054515405,943331.2737950694,273.0582476918501,1067574.1377310087,418.4043995240712,1635833.0862389938
PIURA,Ferretería Rivera,trade,comercio,-4.639032,-79.714703,8,Chiclayo,6.111034562104583,False,False,241.28009054515405,943331.2737950694,273.0582476918501,1067574.1377310087,418.4043995240712,1635833.0862389938
PIURA,Ferretería Villalta,trade,comercio,-4.641542,-79.715543,8,Chiclayo,6.111034562104583,False,False,241.28009054515405,943331.2737950694,273.0582476918501,1067574.1377310087,418.4043995240712,1635833.0862389938
PIURA,Ferretería Reyna del Cisne,trade,comercio,-4.63804,-79.714683,8,Chiclayo,6.111034562104583,False,False,241.28009054515405,943331.2737950694,273.0582476918501,1067574.1377310087,418.4043995240712,1635833.0862389938
PIURA,Grupo G&Z Ferreteria y materiales S.A.C.,hardware,comercio,-5.183589,-80.682777,93,Chiclayo,3.00883433913856,True,False,480.7728651711897,1879674.6896245412,1133.5583029441025,4431865.8676776355,1739.7700438961708,6801968.152079844
PIURA,Dino - Materiales de construcción,hardware,comercio,-4.660484,-80.241304,35,Chiclayo,,False,False,292.0063337550562,1141655.3523127718,597.219224955556,2334944.300374409,932.8462666883039,3647143.264169861
PIURA,Negocios Chamba,hardware,comercio,-4.66042,-80.241199,35,Chiclayo,,False,False,292.0063337550562,1141655.3523127718,597.219224955556,2334944.300374409,932.8462666883039,3647143.264169861
PIURA,Las Arenas - Agrícola SAC,agrarian,comercio,-4.736045,-80.278921,39,Chiclayo,,False,False,333.4587550747371,1303721.6268944556,717.0877758449185,2803593.630466027,1008.402946498093,3942546.746685366
PIURA,SuperPet,pet,comercio,-5.182796,-80.62127,100,Chiclayo,3.00883433913856,True,False,579.0312464317643,2263834.873525968,1162.632082190166,4545535.442105672,1925.760895412952,7529135.430901469
PIURA,Sodimac,doityourself,comercio,-5.182059,-80.622986,100,Chiclayo,3.00883433913856,True,False,579.0312464317643,2263834.873525968,1162.632082190166,4545535.442105672,1925.760895412952,7529135.430901469
PIURA,Vivero Municipal Hbba,garden_centre,comercio,-5.247168,-79.452533,15,Chiclayo,5.833546777020708,False,False,183.3175095762071,716715.3304143042,315.9337481307987,1235204.215920594,437.66286520227055,1711127.7900767918
PIURA,Vivero Pulache,garden_centre,comercio,-4.91856,-80.647933,82,Chiclayo,3.675244993160447,True,False,620.9154838873596,2427589.4169764887,976.5310261589212,3817937.297377241,1904.8509790725832,7447384.060650647
PIURA,VETERINARIA PEPETS,veterinary,comercio,-5.201377,-80.633039,95,Chiclayo,3.00883433913856,True,False,579.0312464317643,2263834.873525968,1162.632082190166,4545535.442105672,1757.6100426739351,6871717.084673109
PIURA,Ferretería El Pintor,hardware,comercio,-5.189862,-80.602587,98,Chiclayo,3.00883433913856,True,False,521.0724703917735,2037233.8062523478,1159.263512610632,4532365.366509507,1834.6182583590007,7172795.627999017
PIURA,Distribuciones Olano,hardware,comercio,-4.908527,-80.695689,87,Chiclayo,3.5016477423964028,True,False,689.031381600835,2693901.719871294,1063.872163942165,4159414.4021545984,1894.2919218019063,7406101.379917575
PIURA,Ladrillos cerámicos Tallán,trade,comercio,-5.156274,-80.743452,90,Chiclayo,3.00883433913856,True,False,517.4058176010361,2022898.3165737942,944.6698251909272,3693369.757528139,1674.0116141954375,6544872.827255488
PIURA,Promart,doityourself,comercio,-4.918377,-80.696246,90,Chiclayo,3.5016477423964028,True,False,689.031381600835,2693901.719871294,1149.500738634887,4494195.909636773,1902.6883337195811,7438928.779524862
PIURA,El Buen Amigo,hardware,comercio,-5.318637,-79.786447,27,Chiclayo,3.686483937473158,True,False,111.1474358055087,434552.4405290474,241.282745252289,943341.652887093,465.55829261420394,1820190.3696460428
PIURA,Jhosept,hardware,comercio,-5.318218,-79.781239,27,Chiclayo,3.686483937473158,True,False,111.1474358055087,434552.4405290474,227.47443186641107,889355.3756694789,465.55829261420394,1820190.3696460428
PIURA,Sodimac,doityourself,comercio,-5.178004,-80.664832,95,Chiclayo,3.00883433913856,True,False,549.8082037054594,2149581.7245948343,1176.4738911501006,4599652.676761465,1764.3145764171888,6897929.758673419
PIURA,"VETERINARIA ""MUNDO ANIMAL""",yes,comercio,-5.186474,-80.620353,98,Chiclayo,3.00883433913856,True,False,588.011691180857,2298945.6626725863,1151.9266863135497,4503680.622232421,1820.6438509036723,7118159.973828044
PIURA,Santa María,yes,comercio,-5.170915,-80.630469,95,Chiclayo,3.00883433913856,True,False,533.841991611378,2087158.7241791685,1116.1162767653673,4363672.886086913,1832.2472636102077,7163525.764532509
PIURA,Clínica Veterinaria MaskVet,yes,comercio,-5.185007,-80.633232,97,Chiclayo,3.00883433913856,True,True,588.011691180857,2298945.6626725863,1186.7576865113742,4639859.16771428,1862.7270871832152,7282692.541746534
PIURA,ARENERA JAEN S.A.,hardware,comercio,-5.182228,-80.652711,96,Chiclayo,3.00883433913856,True,False,579.0312464317643,2263834.873525968,1169.368712492285,4571873.603823144,1846.2744512843644,7218367.773197738
PIURA,Maestro Sullana,doityourself,comercio,-4.897677,-80.680395,78,Chiclayo,3.675244993160447,True,False,620.9154838873596,2427589.4169764887,939.7496343800827,3674133.3180257254,1792.4523469407866,7007939.825603546
PIURA,Ferretería San Martín,hardware,comercio,-4.657113,-80.238431,35,Chiclayo,4.421005113636523,False,False,292.0063337550562,1141655.3523127718,597.219224955556,2334944.300374409,932.8462666883039,3647143.264169861
PIURA,Martín,hardware,comercio,-5.185377,-80.64485,96,Chiclayo,3.00883433913856,True,False,579.0312464317643,2263834.873525968,1169.368712492285,4571873.603823144,1846.2744512843644,7218367.773197738
PIURA,Centro de Distribución Cementos Pacasmayo,trade,comercio,-5.181065,-80.655929,96,Chiclayo,3.00883433913856,True,False,618.0994095605566,2416579.428643831,1164.0026131531774,4550893.798512917,1846.2744512843644,7218367.773197738
PIURA,Depósito de Materiales DINO,trade,comercio,-5.402815,-80.749709,66,Chiclayo,3.3979000019751457,True,False,363.3174488478377,1420459.9767814921,576.8828343284245,2255435.240048124,925.8338181072346,3619726.7374375635
PIURA,DINO Experto,trade,comercio,-5.179771,-80.571261,100,Chiclayo,3.00883433913856,True,False,509.23902271460173,1990968.6492496622,1063.9526145187626,4159728.9392750384,1882.6917377825112,7360748.2123912005
PIURA,Oro Negro,trade,comercio,-5.181948,-80.574342,100,Chiclayo,3.00883433913856,True,False,509.23902271460173,1990968.6492496622,1063.9526145187626,4159728.9392750384,1882.6917377825112,7360748.2123912005
PIURA,Dino,trade,comercio,-5.178164,-80.561313,101,Chiclayo,3.00883433913856,True,False,497.4757260873619,1944977.7613718798,1056.4356769237245,4130340.014973228,1887.7402132785116,7380486.205731657
PIURA,Centro Veterinario Municipal de Piura,yes,comercio,-5.202247,-80.628281,95,Chiclayo,3.00883433913856,True,False,588.011691180857,2298945.6626725863,1151.9266863135497,4503680.622232421,1757.6100426739351,6871717.084673109
PIURA,Sodimac,doityourself,comercio,-4.906156,-80.704861,83,Chiclayo,3.5016477423964028,True,False,597.9415247657115,2337768.2714630985,1051.1346658142645,4109614.6847108346,1837.4366774169787,7183814.783512611
PUNO,Macho Hacienda,hamlet,pueblo,-14.300989,-70.202775,13,Juliaca,2.581284197650985,True,False,36.04725738512573,60520.027455137744,51.61789597748618,86661.69657120536,179.41255772017067,301217.17175358813
PUNO,Machu Hacienda,hamlet,pueblo,-15.620355,-70.131472,119,Juliaca,0.438886955584948,True,False,912.8794681085076,1532640.6079358293,2007.445440570975,3370316.1347353286,3524.9664665586665,5918094.268736175
PUNO,SebisVet,veterinary,comercio,-15.837336,-70.027342,65,Juliaca,0.7978992085333175,True,False,223.7359893224504,375632.1340020824,1025.7052579927151,1722064.7249633123,2237.7433715474112,3756965.164830652
PUNO,Ferretex,hardware,comercio,-14.914321,-69.864793,42,Juliaca,1.276819388563737,True,True,300.0042730358139,503679.5628251586,667.9600254408423,1121443.405436302,1253.2229187931032,2104045.937321784
PUNO,Ferreteria Vidreria San Antonio,hardware,comercio,-14.916517,-69.867645,43,Juliaca,1.276819388563737,True,False,300.0042730358139,503679.5628251586,667.9600254408423,1121443.405436302,1265.5922089279595,2124812.8370213704
PUNO,Ferreteria La Economica,hardware,comercio,-14.914067,-69.860803,41,Juliaca,1.276819388563737,True,False,348.9150614676688,585796.274982287,667.9600254408423,1121443.405436302,1220.800505686389,2049611.689788993
PUNO,Pernos,hardware,comercio,-14.914473,-69.862381,42,Juliaca,1.276819388563737,True,False,300.0042730358139,503679.5628251586,667.9600254408423,1121443.405436302,1253.2229187931032,2104045.937321784
PUNO,Agro Veterinaria El Altiplano,veterinary,comercio,-14.914105,-69.86283,42,Juliaca,1.276819388563737,True,False,300.0042730358139,503679.5628251586,667.9600254408423,1121443.405436302,1253.2229187931032,2104045.937321784
PUNO,Sebisvet,veterinary,comercio,-15.837397,-70.027504,65,Juliaca,0.7978992085333175,True,False,223.7359893224504,375632.1340020824,1025.7052579927151,1722064.7249633123,2237.7433715474112,3756965.164830652
PUNO,San Pedro,hardware,comercio,-15.489166,-70.132765,154,Juliaca,0.1430420172056596,True,False,1654.058355598304,2777011.7438813904,3219.7766538760065,5405708.662107354,4787.496251729426,8037765.57812661
PUNO,Veteniraria Pet Shop,veterinary,comercio,-15.490882,-70.133875,156,Juliaca,0.1430420172056596,True,True,1636.4798948579514,2747499.1261734986,3239.475232244787,5438780.76218334,4816.2605266662285,8086058.148357509
PUNO,El Altiplano,veterinary,comercio,-15.490689,-70.133265,156,Juliaca,0.1430420172056596,True,False,1654.058355598304,2777011.7438813904,3239.475232244787,5438780.76218334,4816.2605266662285,8086058.148357509
PUNO,Clínica,veterinary,comercio,-15.490863,-70.133787,156,Juliaca,0.1430420172056596,True,False,1636.4798948579514,2747499.1261734986,3239.475232244787,5438780.76218334,4816.2605266662285,8086058.148357509
PUNO,Vetermij,veterinary,comercio,-15.490677,-70.133666,154,Juliaca,0.1430420172056596,True,False,1654.058355598304,2777011.7438813904,3219.7766538760065,5405708.662107354,4787.496251729426,8037765.57812661
PUNO,RJ Maquicenters,hardware,comercio,-15.490839,-70.134132,156,Juliaca,0.1430420172056596,True,False,1636.4798948579514,2747499.1261734986,3239.475232244787,5438780.76218334,4816.2605266662285,8086058.148357509
PUNO,Promart,doityourself,comercio,-15.49614,-70.129356,156,Juliaca,0.1430420172056596,True,False,1710.263390966186,2871374.8253008607,3191.7832296611655,5358710.279291563,4816.2605266662285,8086058.148357509
PUNO,Solar,hardware,comercio,-15.833786,-70.026517,66,Juliaca,0.7978992085333175,True,False,223.7359893224504,375632.1340020824,1025.7052579927151,1722064.7249633123,2253.507901858979,3783432.3602979863
PUNO,Mundo Animal,veterinary,comercio,-15.045157,-70.367481,90,Juliaca,0.9880459004360606,True,False,752.3250989838314,1263084.59917614,1594.6359450169064,2677246.9855971565,3168.75528686195,5320048.482762793
PUNO,Comercial y Ferretería Hervas,hardware,comercio,-15.844867,-70.022983,62,Juliaca,0.7978992085333175,True,False,210.11935934697655,352771.0655119684,872.8149990565034,1465376.0518255685,2124.1565081274175,3566263.2753837844
PUNO,Ferretería Checa,hardware,comercio,-15.63941,-70.347169,86,Juliaca,0.6735542225461566,True,True,830.5098555789721,1394349.6095806113,1521.0109825603672,2553637.4498799713,3012.0318753126626,5056924.299180952
SAN MARTIN,Vivero Municipal,plant_nursery,comercio,-6.046843,-76.974805,45,Bellavista,3.182278874170449,True,False,393.57981710985956,1807161.0761579226,831.3203443936342,3794163.7095780387,1285.0085845736455,5859688.351394311
SAN MARTIN,Clínica Veterinaria Moyobamba,veterinary,comercio,-6.032614,-76.968844,42,Bellavista,3.182278874170449,True,False,308.9713056580181,1418672.6375733025,722.7484730842808,3295645.108607392,1231.8191052742852,5615463.539876392
SAN MARTIN,Pinturas Selva,hardware,comercio,-6.492633,-76.36276,50,Bellavista,1.643692585136887,True,False,292.8878544031097,1344823.8632850605,685.6504509727291,3148232.5896355063,935.2722418252328,4294395.996849961
SAN MARTIN,Promart,doityourself,comercio,-6.482678,-76.377459,51,Bellavista,1.643692585136887,True,False,274.29274947540426,1259442.5800699159,685.6504509727291,3148232.5896355063,973.8929092941305,4471726.652414419
SAN MARTIN,Agrooriente,garden_centre,comercio,-6.025725,-76.969437,39,Bellavista,3.182278874170449,True,False,293.0069167281382,1345370.5498530054,722.7484730842808,3295645.108607392,1112.157502504678,5066025.3282733215
SAN MARTIN,Conselva de la villa,hardware,comercio,-6.507594,-76.347321,52,Bellavista,1.643692585136887,True,False,378.01715197633587,1735703.5434086411,663.2016369616126,3045156.615911289,988.6566443830455,4539515.817995406
SAN MARTIN,Ferro selva,hardware,comercio,-6.511313,-76.359967,50,Bellavista,1.643692585136887,True,False,396.1684406742035,1819047.0000364888,646.3918620517326,2967972.8539511776,942.57759980935,4327939.278345544
SAN MARTIN,Cobos,hardware,comercio,-6.03496,-76.976408,43,Bellavista,3.182278874170449,True,False,315.29106241916094,1447690.4325237365,744.8177074417401,3396978.2044055313,1238.5046490545644,5646160.8824926615
SAN MARTIN,Rotermar,hardware,comercio,-6.04395,-76.971192,44,Bellavista,3.182278874170449,True,False,376.7156767014376,1729727.689576376,767.8870796167565,3502903.5329760583,1270.5246579838642,5793183.954509354
SAN MARTIN,Marrufo,hardware,comercio,-6.03286,-76.974073,41,Bellavista,3.182278874170449,True,False,308.9713056580181,1418672.6375733025,722.7484730842808,3295645.108607392,1210.84840756656,5519174.484925443
SAN MARTIN,Santa Rosa,hardware,comercio,-6.477878,-76.386476,51,Bellavista,1.643692585136887,True,False,328.48760514379313,1508283.6776929966,708.6665598038221,3253913.354237711,973.8929092941305,4471726.652414419
SAN MARTIN,El Lobito,hardware,comercio,-6.479962,-76.384204,51,Bellavista,1.643692585136887,True,False,328.48760514379313,1508283.6776929966,708.6665598038221,3253913.354237711,973.8929092941305,4471726.652414419
SAN MARTIN,Gaia Veterinario,veterinary,comercio,-6.038193,-76.969803,42,Bellavista,3.182278874170449,True,False,299.32667348928106,1374388.3448034395,722.7484730842808,3295645.108607392,1231.8191052742852,5615463.539876392
SAN MARTIN,Stihl Importaciones Tagle,hardware,comercio,-6.037819,-76.969671,42,Bellavista,3.182278874170449,True,False,299.32667348928106,1374388.3448034395,722.7484730842808,3295645.108607392,1231.8191052742852,5615463.539876392
SAN MARTIN,La casa del Tornill (Screw shop),hardware,comercio,-6.037863,-76.969864,42,Bellavista,3.182278874170449,True,False,299.32667348928106,1374388.3448034395,722.7484730842808,3295645.108607392,1231.8191052742852,5615463.539876392
TACNA,Vivero Vargas,plant_nursery,comercio,-17.966294,-70.187925,10,,,False,False,242.7022949613908,799317.8157132526,345.1338219250014,1136666.6834104087,1523.601254615067,5017841.413698297
TACNA,Mecanico de motos torito,agricultural_engines,comercio,-17.981963,-70.238047,14,,,False,False,233.32553973703583,768436.3297940462,1073.4532259298376,3535320.0428412845,1685.7181369924608,5551758.54181097
TACNA,MECANICO,agricultural_engines,comercio,-18.048797,-70.258239,13,Juliaca,8.708261565385229,False,True,288.89724548146233,951456.6611764128,1523.601254615067,5017841.413698297,1675.795642536724,5519079.713635703
TACNA,Mecanico de motores,agricultural_engines,comercio,-17.987375,-70.244986,14,,,False,False,210.34954383160934,692766.9882087775,1073.4532259298376,3535320.0428412845,1685.7181369924608,5551758.54181097
TACNA,ELECTRICISTA AUTOMOTRIZ ANQUISE,agricultural_engines,comercio,-17.994023,-70.254953,14,,,False,False,288.89724548146233,951456.6611764128,1073.4532259298376,3535320.0428412845,1685.7181369924608,5551758.54181097
TACNA,La Pradera,agrarian,comercio,-18.224943,-70.531952,8,,,False,False,1257.0151343399186,4139864.403255524,1395.9487906267664,4597429.696117403,1524.2375822765093,5019937.100665341
TACNA,El Olivar,agrarian,comercio,-18.224312,-70.535638,8,,,False,False,1257.0151343399186,4139864.403255524,1395.9487906267664,4597429.696117403,1524.2375822765093,5019937.100665341
TACNA,Veterinaria & Spa Bolognesi,veterinary,comercio,-18.011191,-70.2452,14,,,False,False,311.8732413868888,1027126.0027616816,1523.601254615067,5017841.413698297,1685.7181369924608,5551758.54181097
TACNA,Aceros Junior,hardware,comercio,-18.040846,-70.251894,13,Juliaca,8.708261565385229,False,False,288.89724548146233,951456.6611764128,1523.601254615067,5017841.413698297,1675.795642536724,5519079.713635703
TACNA,Animal Center,veterinary,comercio,-18.016064,-70.252856,14,,,False,False,288.89724548146233,951456.6611764128,1523.601254615067,5017841.413698297,1685.7181369924608,5551758.54181097
TACNA,Animal Spa,veterinary,comercio,-18.015963,-70.25272,14,,,False,False,288.89724548146233,951456.6611764128,1523.601254615067,5017841.413698297,1685.7181369924608,5551758.54181097
TACNA,City Can,veterinary,comercio,-18.015872,-70.252598,14,,,False,False,288.89724548146233,951456.6611764128,1523.601254615067,5017841.413698297,1685.7181369924608,5551758.54181097
TACNA,Linares,veterinary,comercio,-18.015799,-70.2525,14,,,False,False,288.89724548146233,951456.6611764128,1523.601254615067,5017841.413698297,1685.7181369924608,5551758.54181097
TACNA,Veterinaria Sebas,veterinary,comercio,-17.994132,-70.249068,14,,,False,False,311.8732413868888,1027126.0027616816,1073.4532259298376,3535320.0428412845,1685.7181369924608,5551758.54181097
TACNA,Ferretería Dayum,hardware,comercio,-18.041037,-70.251907,13,Juliaca,8.708261565385229,False,False,288.89724548146233,951456.6611764128,1523.601254615067,5017841.413698297,1675.795642536724,5519079.713635703
TACNA,Ferretería Rancés,hardware,comercio,-18.035066,-70.250933,14,Juliaca,8.708261565385229,False,False,288.89724548146233,951456.6611764128,1523.601254615067,5017841.413698297,1685.7181369924608,5551758.54181097
TACNA,Comercial Yolanda,hardware,comercio,-18.034224,-70.250885,14,Juliaca,8.708261565385229,False,False,288.89724548146233,951456.6611764128,1523.601254615067,5017841.413698297,1685.7181369924608,5551758.54181097
TACNA,Grupo Santa Fe,hardware,comercio,-17.996491,-70.254736,14,,,False,False,288.89724548146233,951456.6611764128,1073.4532259298376,3535320.0428412845,1685.7181369924608,5551758.54181097
TACNA,Ferretería Tuesta,hardware,comercio,-17.997253,-70.256785,14,,,False,False,288.89724548146233,951456.6611764128,1523.601254615067,5017841.413698297,1685.7181369924608,5551758.54181097
TACNA,Ferretería Wilson,hardware,comercio,-18.020834,-70.260476,14,,,False,False,288.89724548146233,951456.6611764128,1523.601254615067,5017841.413698297,1685.7181369924608,5551758.54181097
TACNA,Ferretería Bartartino,hardware,comercio,-17.964418,-70.187123,10,,,False,False,242.7022949613908,799317.8157132526,345.1338219250014,1136666.6834104087,1523.601254615067,5017841.413698297
TACNA,Animal Planet,veterinary,comercio,-18.038001,-70.251269,13,Juliaca,8.708261565385229,False,False,288.89724548146233,951456.6611764128,1523.601254615067,5017841.413698297,1675.795642536724,5519079.713635703
TACNA,Estética Canina,veterinary,comercio,-18.00776,-70.245618,14,,,False,False,288.89724548146233,951456.6611764128,1523.601254615067,5017841.413698297,1685.7181369924608,5551758.54181097
TACNA,Grupo Titanes,hardware,comercio,-18.012861,-70.259709,14,,,False,False,288.89724548146233,951456.6611764128,1523.601254615067,5017841.413698297,1685.7181369924608,5551758.54181097
TACNA,Las Gardenias,garden_centre,comercio,-18.015331,-70.261213,14,,,False,False,288.89724548146233,951456.6611764128,1523.601254615067,5017841.413698297,1685.7181369924608,5551758.54181097
TACNA,Venko,hardware,comercio,-18.016348,-70.261451,14,,,False,False,288.89724548146233,951456.6611764128,1523.601254615067,5017841.413698297,1685.7181369924608,5551758.54181097
TACNA,Kame House,doityourself,comercio,-18.020532,-70.260745,14,,,False,False,288.89724548146233,951456.6611764128,1523.601254615067,5017841.413698297,1685.7181369924608,5551758.54181097
TACNA,Drywall Are-llanos,hardware,comercio,-18.020888,-70.260973,14,,,False,False,288.89724548146233,951456.6611764128,1523.601254615067,5017841.413698297,1685.7181369924608,5551758.54181097
TACNA,Practicasa,doityourself,comercio,-18.020599,-70.26135,14,,,False,False,288.89724548146233,951456.6611764128,1523.601254615067,5017841.413698297,1685.7181369924608,5551758.54181097
TACNA,ferreteria yura,hardware,comercio,-18.054719,-70.251389,12,Juliaca,8.708261565385229,False,False,288.89724548146233,951456.6611764128,1523.601254615067,5017841.413698297,1662.8127054294064,5476321.597434888
TACNA,ferreteria diamante,hardware,comercio,-18.054887,-70.251397,12,Juliaca,8.708261565385229,False,False,288.89724548146233,951456.6611764128,1523.601254615067,5017841.413698297,1662.8127054294064,5476321.597434888
TACNA,ferreterua gomez,hardware,comercio,-18.0557,-70.251419,11,Juliaca,8.708261565385229,False,False,288.89724548146233,951456.6611764128,1523.601254615067,5017841.413698297,1652.6173543865207,5442744.1410399005
TACNA,Ferreteria Flores,hardware,comercio,-18.071544,-70.251307,10,Juliaca,8.708261565385229,False,False,241.3651832504582,794914.1605590346,1523.601254615067,5017841.413698297,1523.601254615067,5017841.413698297
TACNA,FERRETEIA,hardware,comercio,-18.076362,-70.254741,10,Juliaca,8.708261565385229,False,False,241.3651832504582,794914.1605590346,1523.601254615067,5017841.413698297,1523.601254615067,5017841.413698297
TACNA,Maderas y palos Flores,trade,comercio,-18.071244,-70.251336,10,Juliaca,8.708261565385229,False,False,241.3651832504582,794914.1605590346,1523.601254615067,5017841.413698297,1523.601254615067,5017841.413698297
TACNA,freco sur tu socio ferretero,hardware,comercio,-18.055397,-70.257056,12,Juliaca,8.708261565385229,False,False,288.89724548146233,951456.6611764128,1523.601254615067,5017841.413698297,1662.8127054294064,5476321.597434888
TACNA,tienda de acero guzman,hardware,comercio,-18.057327,-70.256904,12,Juliaca,8.708261565385229,False,False,288.89724548146233,951456.6611764128,1523.601254615067,5017841.413698297,1662.8127054294064,5476321.597434888
TACNA,aceros liz EIRL,hardware,comercio,-18.060907,-70.256627,11,Juliaca,8.708261565385229,False,False,288.89724548146233,951456.6611764128,1523.601254615067,5017841.413698297,1652.6173543865207,5442744.1410399005
TACNA,ferreteria,hardware,comercio,-18.061384,-70.256568,11,Juliaca,8.708261565385229,False,False,288.89724548146233,951456.6611764128,1523.601254615067,5017841.413698297,1652.6173543865207,5442744.1410399005
TACNA,el porton,hardware,comercio,-18.05657,-70.252678,11,Juliaca,8.708261565385229,False,False,288.89724548146233,951456.6611764128,1523.601254615067,5017841.413698297,1652.6173543865207,5442744.1410399005
TACNA,Ferreteria Pacco,hardware,comercio,-18.068964,-70.251559,11,Juliaca,8.708261565385229,False,False,245.75818946812018,809382.1248396152,1523.601254615067,5017841.413698297,1652.6173543865207,5442744.1410399005
TACNA,Ferreteria Rossel,hardware,comercio,-18.071545,-70.251594,10,Juliaca,8.708261565385229,False,False,241.3651832504582,794914.1605590346,1523.601254615067,5017841.413698297,1523.601254615067,5017841.413698297
TACNA,Comercial Rosa,hardware,comercio,-17.475199,-70.031238,7,Juliaca,7.240207993079942,False,False,3.818398958986711,12575.54781632595,32.007484228743394,105413.72253717456,80.81409413075187,266153.8293641341
TACNA,ferreteria tarata,hardware,comercio,-17.474908,-70.032278,7,Juliaca,7.240207993079942,False,False,3.818398958986711,12575.54781632595,32.007484228743394,105413.72253717456,80.81409413075187,266153.8293641341
TACNA,Ferreteria Viscacho,hardware,comercio,-17.476333,-70.032535,7,Juliaca,7.240207993079942,False,False,3.818398958986711,12575.54781632595,32.007484228743394,105413.72253717456,80.81409413075187,266153.8293641341
TACNA,VIKI,hardware,comercio,-17.475452,-70.032162,7,Juliaca,7.240207993079942,False,False,3.818398958986711,12575.54781632595,32.007484228743394,105413.72253717456,80.81409413075187,266153.8293641341
TACNA,ferreteria flores,hardware,comercio,-18.075654,-70.254833,10,Juliaca,8.708261565385229,False,False,241.3651832504582,794914.1605590346,1523.601254615067,5017841.413698297,1523.601254615067,5017841.413698297
TACNA,ferreteria,hardware,comercio,-18.072401,-70.255154,11,Juliaca,8.708261565385229,False,False,245.75818946812018,809382.1248396152,1523.601254615067,5017841.413698297,1652.6173543865207,5442744.1410399005
TACNA,peluditos,veterinary,comercio,-18.072621,-70.251209,10,Juliaca,8.708261565385229,False,False,241.3651832504582,794914.1605590346,1523.601254615067,5017841.413698297,1523.601254615067,5017841.413698297
TACNA,Ajrota,hardware,comercio,-17.983108,-70.237985,14,,,False,False,233.32553973703583,768436.3297940462,1073.4532259298376,3535320.0428412845,1685.7181369924608,5551758.54181097
TACNA,Ferreteria Iron Mano,hardware,comercio,-18.044717,-70.248681,13,Juliaca,8.708261565385229,False,False,288.89724548146233,951456.6611764128,1523.601254615067,5017841.413698297,1675.795642536724,5519079.713635703
TACNA,San Francisco,veterinary,comercio,-17.996969,-70.220648,14,,,False,False,266.5861202751484,877977.0104427733,1073.4532259298376,3535320.0428412845,1685.7181369924608,5551758.54181097
TACNA,Ferreplaza,hardware,comercio,-17.995845,-70.21984,14,,,False,False,266.5861202751484,877977.0104427733,1073.4532259298376,3535320.0428412845,1685.7181369924608,5551758.54181097
TACNA,Veterinaria El Amigo,veterinary,comercio,-18.044492,-70.248929,13,Juliaca,8.708261565385229,False,False,288.89724548146233,951456.6611764128,1523.601254615067,5017841.413698297,1675.795642536724,5519079.713635703
TACNA,Guardería canina Pet Camp,pet,comercio,-17.982376,-70.199699,12,,,False,False,266.5861202751484,877977.0104427733,1073.4532259298376,3535320.0428412845,1665.6002914938383,5485502.257240715
TACNA,YOLA,hardware,comercio,-17.985137,-70.240565,14,,,False,False,233.32553973703583,768436.3297940462,1073.4532259298376,3535320.0428412845,1685.7181369924608,5551758.54181097
TACNA,YURA,hardware,comercio,-17.973917,-70.230406,14,,,False,False,186.46571851785174,614107.7934792568,1073.4532259298376,3535320.0428412845,1685.7181369924608,5551758.54181097
TACNA,tu casa,hardware,comercio,-17.973496,-70.228846,14,,,False,False,186.46571851785174,614107.7934792568,1073.4532259298376,3535320.0428412845,1685.7181369924608,5551758.54181097
TACNA,ARON,hardware,comercio,-17.973781,-70.228814,14,,,False,False,186.46571851785174,614107.7934792568,1073.4532259298376,3535320.0428412845,1685.7181369924608,5551758.54181097
TACNA,Constructor Gomesur,hardware,comercio,-18.0566,-70.251515,11,Juliaca,8.708261565385229,False,False,288.89724548146233,951456.6611764128,1523.601254615067,5017841.413698297,1652.6173543865207,5442744.1410399005
TACNA,Ferreteria Cutipa,hardware,comercio,-18.069984,-70.243779,10,Juliaca,8.708261565385229,False,False,288.89724548146233,951456.6611764128,1523.601254615067,5017841.413698297,1523.601254615067,5017841.413698297
TACNA,lorsac,hardware,comercio,-18.045494,-70.257699,12,Juliaca,8.708261565385229,False,False,288.89724548146233,951456.6611764128,1523.601254615067,5017841.413698297,1662.8127054294064,5476321.597434888
TACNA,andrea,hardware,comercio,-18.045443,-70.257655,12,Juliaca,8.708261565385229,False,False,288.89724548146233,951456.6611764128,1523.601254615067,5017841.413698297,1662.8127054294064,5476321.597434888
TACNA,FERRETE,hardware,comercio,-18.048771,-70.258689,13,Juliaca,8.708261565385229,False,False,288.89724548146233,951456.6611764128,1523.601254615067,5017841.413698297,1675.795642536724,5519079.713635703
TACNA,Josconstruye,hardware,comercio,-18.065174,-70.244205,11,Juliaca,8.708261565385229,False,False,288.89724548146233,951456.6611764128,1523.601254615067,5017841.413698297,1652.6173543865207,5442744.1410399005
TACNA,FERRETERIA,hardware,comercio,-18.049371,-70.256644,12,Juliaca,8.708261565385229,False,False,288.89724548146233,951456.6611764128,1523.601254615067,5017841.413698297,1662.8127054294064,5476321.597434888
TACNA,Ferreteria Lucho,hardware,comercio,-18.055899,-70.267761,11,Juliaca,8.708261565385229,False,False,288.89724548146233,951456.6611764128,1523.601254615067,5017841.413698297,1652.6173543865207,5442744.1410399005
TACNA,Álex,veterinary,comercio,-17.98233,-70.236318,14,,,False,False,233.32553973703583,768436.3297940462,1073.4532259298376,3535320.0428412845,1685.7181369924608,5551758.54181097
TACNA,Solucion,hardware,comercio,-17.982134,-70.236024,14,,,False,False,233.32553973703583,768436.3297940462,1073.4532259298376,3535320.0428412845,1685.7181369924608,5551758.54181097
TACNA,Centro Constructor Tommy,hardware,comercio,-18.032373,-70.250874,14,Juliaca,8.708261565385229,False,False,288.89724548146233,951456.6611764128,1523.601254615067,5017841.413698297,1685.7181369924608,5551758.54181097
TACNA,Ladrillos del Sur,hardware,comercio,-18.032128,-70.250855,14,Juliaca,8.708261565385229,False,False,288.89724548146233,951456.6611764128,1523.601254615067,5017841.413698297,1685.7181369924608,5551758.54181097
TACNA,Ferretería Angelo,hardware,comercio,-18.021041,-70.260828,14,,,False,False,288.89724548146233,951456.6611764128,1523.601254615067,5017841.413698297,1685.7181369924608,5551758.54181097
TACNA,Ferretería Rojas,hardware,comercio,-18.008375,-70.230568,14,,,False,False,345.1338219250014,1136666.6834104087,1073.4532259298376,3535320.0428412845,1685.7181369924608,5551758.54181097
TACNA,Ferretería Ramírez,hardware,comercio,-17.969461,-70.190283,10,,,False,False,242.7022949613908,799317.8157132526,345.1338219250014,1136666.6834104087,1523.601254615067,5017841.413698297
TACNA,Ferreteria Vilca,hardware,comercio,-17.985112,-70.195349,10,Juliaca,9.05544853456093,False,False,242.7022949613908,799317.8157132526,1073.4532259298376,3535320.0428412845,1523.601254615067,5017841.413698297
TACNA,POSTA VETERINARIA,yes,comercio,-17.795701,-70.495339,6,Juliaca,8.01038561375126,False,False,139.21145081433937,458480.18373659044,197.63407247922132,650889.7460147054,405.1880790874251,1334449.88800263
TACNA,21,hardware,comercio,-18.050613,-70.246892,12,Juliaca,8.708261565385229,False,False,288.89724548146233,951456.6611764128,1523.601254615067,5017841.413698297,1662.8127054294064,5476321.597434888
TUMBES,Ferreteria Andysu,hardware,comercio,-3.681431,-80.6778,39,Chiclayo,6.97262036061414,False,False,166.82547378574603,1130107.9617556753,356.1853662251978,2412868.4252917133,520.5355868734553,3526208.544495782
TUMBES,Promart,doityourself,comercio,-3.557912,-80.453464,48,Chiclayo,6.974805135813187,False,False,437.8876822881591,2966335.6853050957,592.6464702547964,4014701.588089054,723.8984688909161,4903827.962431156
TUMBES,Socola,hardware,comercio,-3.682763,-80.199848,29,Chiclayo,7.835044338905437,False,False,206.62394833193918,1399710.5106334735,287.91592042930057,1950398.0214151621,549.2128672638014,3720473.977437109
TUMBES,Placacentro Masisa,doityourself,comercio,-3.553391,-80.423381,46,Chiclayo,6.974805135813187,False,False,471.7359988977346,3195630.7157609086,592.6464702547964,4014701.588089054,660.6855778558502,4475611.63657154
UCAYALI,Distribuidor Ferretero,hardware,comercio,-8.395032,-74.592923,27,Tarma,10.220548465980013,False,False,320.53731666885767,1575098.506973259,479.6676026855024,2357053.876550347,642.343241025029,3148541.703641474
UCAYALI,Sodimac,doityourself,comercio,-8.387023,-74.567369,24,Tarma,10.21031730281616,False,False,170.5331356913789,837988.1949734183,479.6676026855024,2357053.876550347,597.6824076246664,2936970.5770213027
UCAYALI,Vargas,hardware,comercio,-8.382438,-74.541151,24,Tarma,10.21031730281616,False,False,170.5331356913789,837988.1949734183,390.17006007132113,1917269.057689447,597.6824076246664,2936970.5770213027
UCAYALI,Caimán,hardware,comercio,-8.382862,-74.542482,24,Tarma,10.21031730281616,False,False,170.5331356913789,837988.1949734183,390.17006007132113,1917269.057689447,597.6824076246664,2936970.5770213027
UCAYALI,Pucallpa,hardware,comercio,-8.382123,-74.53485,24,Tarma,10.21031730281616,False,False,170.5331356913789,837988.1949734183,390.17006007132113,1917269.057689447,597.6824076246664,2936970.5770213027
UCAYALI,Clínica Dra Alfaro,veterinary,comercio,-8.382402,-74.536363,24,Tarma,10.21031730281616,False,False,170.5331356913789,837988.1949734183,390.17006007132113,1917269.057689447,597.6824076246664,2936970.5770213027
UCAYALI,Comisesa,doityourself,comercio,-8.3848,-74.529928,23,Tarma,10.21031730281616,False,False,170.5331356913789,837988.1949734183,390.17006007132113,1917269.057689447,582.6517785447891,2863111.0911161345
UCAYALI,Ferrocel,hardware,comercio,-8.380726,-74.544665,24,Tarma,10.21031730281616,False,False,170.5331356913789,837988.1949734183,390.17006007132113,1917269.057689447,597.6824076246664,2936970.5770213027
UCAYALI,El Peregrino,hardware,comercio,-8.382343,-74.53796,24,Tarma,10.21031730281616,False,False,170.5331356913789,837988.1949734183,390.17006007132113,1917269.057689447,597.6824076246664,2936970.5770213027
UCAYALI,Ferremal,hardware,comercio,-8.385897,-74.532688,24,Tarma,10.21031730281616,False,False,170.5331356913789,837988.1949734183,390.17006007132113,1917269.057689447,597.6824076246664,2936970.5770213027
UCAYALI,Ferretería Yancán,hardware,comercio,-8.386142,-74.53283,24,Tarma,10.21031730281616,False,False,170.5331356913789,837988.1949734183,390.17006007132113,1917269.057689447,597.6824076246664,2936970.5770213027
UCAYALI,Yumelsa,hardware,comercio,-8.385981,-74.532579,24,Tarma,10.21031730281616,False,False,170.5331356913789,837988.1949734183,390.17006007132113,1917269.057689447,597.6824076246664,2936970.5770213027
UCAYALI,El Rey,hardware,comercio,-8.38629,-74.532648,24,Tarma,10.21031730281616,False,False,170.5331356913789,837988.1949734183,390.17006007132113,1917269.057689447,597.6824076246664,2936970.5770213027
UCAYALI,"""Inga"" Parts",hardware,comercio,-8.383938,-74.542775,24,Tarma,10.21031730281616,False,False,170.5331356913789,837988.1949734183,390.17006007132113,1917269.057689447,597.6824076246664,2936970.5770213027
UCAYALI,Asociación de Productores Agropecuarios Grano de Oro,agrarian,comercio,-10.724928,-73.754738,2,,,False,False,76.69513704931221,376874.6712985068,76.69513704931221,376874.6712985068,76.69513704931221,376874.6712985068
UCAYALI,Miguel Angel's,hardware,comercio,-8.353551,-74.576698,20,Tarma,10.21031730281616,False,False,169.77888556247237,834281.861295108,390.17006007132113,1917269.057689447,499.0379341407749,2452238.363872603
UCAYALI,Commercial El Baratillo,hardware,comercio,-8.352598,-74.576271,20,Tarma,10.21031730281616,False,False,169.77888556247237,834281.861295108,390.17006007132113,1917269.057689447,499.0379341407749,2452238.363872603
UCAYALI,Ferreteria Maestrito,hardware,comercio,-8.385004,-74.559539,24,Tarma,10.21031730281616,False,False,170.5331356913789,837988.1949734183,479.6676026855024,2357053.876550347,597.6824076246664,2936970.5770213027
UCAYALI,Veterinaria D' Yarina,veterinary,comercio,-8.353869,-74.576054,23,Tarma,10.21031730281616,False,False,191.64994474925032,941754.7540896981,390.17006007132113,1917269.057689447,582.6517785447891,2863111.0911161345
UCAYALI,Besuto Calaminas,hardware,comercio,-8.383232,-74.545554,24,Tarma,10.21031730281616,False,False,170.5331356913789,837988.1949734183,390.17006007132113,1917269.057689447,597.6824076246664,2936970.5770213027
UCAYALI,Ferreteria MJL,hardware,comercio,-8.36332,-74.578429,23,Tarma,10.21031730281616,False,False,180.11561325483277,885075.8360011668,390.17006007132113,1917269.057689447,582.6517785447891,2863111.0911161345
UCAYALI,Miferreteria,hardware,comercio,-8.363134,-74.578635,23,Tarma,10.21031730281616,False,False,180.11561325483277,885075.8360011668,390.17006007132113,1917269.057689447,582.6517785447891,2863111.0911161345
UCAYALI,D'Pecos,veterinary,comercio,-8.400192,-74.580665,24,Tarma,10.220548465980013,False,False,170.5331356913789,837988.1949734183,479.6676026855024,2357053.876550347,597.6824076246664,2936970.5770213027
UCAYALI,Oh My Pet,veterinary,comercio,-8.362849,-74.571139,24,Tarma,10.21031730281616,False,False,180.11561325483277,885075.8360011668,390.17006007132113,1917269.057689447,597.6824076246664,2936970.5770213027
UCAYALI,Grupo Cafrapi,hardware,comercio,-8.359374,-74.591193,20,Tarma,10.21031730281616,False,False,169.77888556247237,834281.861295108,341.65412572672915,1678865.0660895384,499.0379341407749,2452238.363872603
UCAYALI,Jaimito,hardware,comercio,-8.362518,-74.59024,20,Tarma,10.21031730281616,False,False,169.77888556247237,834281.861295108,341.65412572672915,1678865.0660895384,499.0379341407749,2452238.363872603
UCAYALI,Mi Dogtora,veterinary,comercio,-8.359689,-74.571072,23,Tarma,10.21031730281616,False,False,180.11561325483277,885075.8360011668,390.17006007132113,1917269.057689447,582.6517785447891,2863111.0911161345
UCAYALI,Clínica Veterinaria Safari Blue,veterinary,comercio,-8.38152,-74.556722,24,Tarma,10.21031730281616,False,False,180.11561325483277,885075.8360011668,390.17006007132113,1917269.057689447,597.6824076246664,2936970.5770213027
UCAYALI,El Duro,hardware,comercio,-8.369774,-74.589191,23,Tarma,10.21031730281616,False,False,180.11561325483277,885075.8360011668,390.17006007132113,1917269.057689447,582.6517785447891,2863111.0911161345
UCAYALI,Uywa wai,veterinary,comercio,-8.355258,-74.578015,23,Tarma,10.21031730281616,False,False,191.64994474925032,941754.7540896981,390.17006007132113,1917269.057689447,582.6517785447891,2863111.0911161345
UCAYALI,Ferreteria Industrial/ Soluciones Logísticas integrales,doityourself,comercio,-8.382969,-74.537714,24,Tarma,10.21031730281616,False,False,170.5331356913789,837988.1949734183,390.17006007132113,1917269.057689447,597.6824076246664,2936970.5770213027
UCAYALI,Promart,doityourself,comercio,-8.384874,-74.556858,24,Tarma,10.21031730281616,False,False,170.5331356913789,837988.1949734183,390.17006007132113,1917269.057689447,597.6824076246664,2936970.5770213027
UCAYALI,Clínica Veterinaria Safari Blue,yes,comercio,-8.381513,-74.556709,24,Tarma,10.21031730281616,False,False,180.11561325483277,885075.8360011668,390.17006007132113,1917269.057689447,597.6824076246664,2936970.5770213027
