ubigeo,fob,kg,ops,empresas,familia_lider,pct_lider,mes_pico,dep,prov,dist,lat,lon,ha_agricola,h3,h3_ter,hub,horas_al_hub,cubierto_2h,km_al_nodo,promesa_h,cubierto_promesa,fob_mm,cluster
110108,1604005088.46,988508931.72,60620,198,Uva,61.0,Ene,ICA,ICA,SALAS,-13.944405358799964,-75.84350364639997,21741.258480942644,858e458ffffffff,868e458f7ffffff,Pisco,0.7986222046432881,True,0.9159394915515324,4.0,True,1604.0,
140308,1598639664.89,648987613.61,35804,118,"Arándano, fresa y otras bayas",60.8,Oct,LAMBAYEQUE,LAMBAYEQUE,OLMOS,-5.950887123666614,-79.95120309099997,56369.2285732649,858f56bbfffffff,868f56ba7ffffff,Chiclayo,2.4789393259472603,False,5.152662589819636,4.0,True,1598.6,
200104,1343000628.98,529331700.82,36180,62,Uva,85.0,Nov,PIURA,PIURA,CASTILLA,-5.1062157147499505,-80.52711383199997,13867.686602814592,858f0947fffffff,868f09447ffffff,Chiclayo,3.031376268275753,False,6.4332827409046685,4.0,True,1343.0,
060801,1213879595.39,277756963.91,9256,147,Café,98.3,Oct,CAJAMARCA,JAEN,JAEN,-5.77777052999996,-78.8564451898333,20173.010598625893,858f54affffffff,868f54ad7ffffff,Chiclayo,6.138677699620201,False,0.3747004655479719,6.0,False,1213.9,
070101,762604735.95,351738990.87,24174,227,Café,37.0,Set,CALLAO,CALLAO,CALLAO,-12.016749225999945,-77.12113309199998,0.0,858e62c3fffffff,868e62c17ffffff,Pisco,3.1418682698176448,False,0.9035825291978106,4.0,True,762.6,
150101,650641541.16,335840874.17,52563,363,Galletas y panadería,62.3,Oct,LIMA,LIMA,LIMA,-12.044540457999972,-77.05082250599997,0.0,858e62c3fffffff,868e62c07ffffff,Pisco,2.985987507007016,False,0.0087904948250752,4.0,True,650.6,
150125,631853975.76,184400408.42,13443,116,Cacao en grano,45.9,Ago,LIMA,LIMA,PUENTE PIEDRA,-11.870821251999956,-77.08703975999995,142.78464608021034,858e62d3fffffff,868e62d07ffffff,Pisco,3.358801603648442,False,0.0763377321125259,4.0,True,631.9,
110202,611048359.47,337388916.39,19238,50,Cítricos,29.9,Jul,ICA,CHINCHA,ALTO LARAN,-13.439829823777732,-76.05278446244441,4455.974338552634,858e6363fffffff,868e63637ffffff,Pisco,0.8588220015941723,True,1.6306743194145,4.0,True,611.0,
150601,531391894.5,352849937.54,20584,370,"Palta, mango, dátil y piña",57.7,Jul,LIMA,HUARAL,HUARAL,-11.426808909499954,-77.16120348124996,12480.776057805884,858e664ffffffff,868e664c7ffffff,Pisco,4.594466507100387,False,2.165321517748151,4.0,False,531.4,
150118,530555435.92,254337797.42,18109,157,Preparaciones de harina y malta,27.9,Ago,LIMA,LIMA,LURIGANCHO,-11.963301258499948,-76.81614178249997,577.9697681388598,858e629bfffffff,868e6299fffffff,Pisco,3.386978134841757,False,1.334960222867339,4.0,True,530.6,
150103,493566720.27,157223083.69,22089,188,Café,58.7,Set,LIMA,LIMA,ATE,-12.04034159349996,-76.90482929099994,0.0,858e62d7fffffff,868e62c67ffffff,Pisco,3.115832114906666,False,0.1390079859043846,4.0,True,493.6,
130109,402994749.24,131132094.85,10532,31,"Arándano, fresa y otras bayas",39.5,Nov,LA LIBERTAD,TRUJILLO,SALAVERRY,-8.224594965999955,-78.93221415799997,7338.939048451444,858f5edbfffffff,868f5ed87ffffff,Huamachuco,2.9923400561089992,False,1.504712040668297,4.0,True,403.0,
140304,380174317.88,152826110.44,15248,51,"Arándano, fresa y otras bayas",23.7,Oct,LAMBAYEQUE,LAMBAYEQUE,JAYANCA,-6.3518526279999605,-79.79381142449996,18914.512077622196,858f50dbfffffff,868f50d97ffffff,Chiclayo,0.8427437033452945,True,1.004940874178157,4.0,True,380.2,
110101,326641662.22,224568227.91,12058,249,Tomate preparado,28.3,Dic,ICA,ICA,ICA,-14.140398188499972,-75.83562266299995,1759.5950848303714,858e4517fffffff,868e45157ffffff,Pisco,1.5481818226809014,True,3.712407508346944,4.0,True,326.6,
200101,311479695.22,123859620.72,9553,216,Uva,24.3,Nov,PIURA,PIURA,PIURA,-5.115279066666612,-80.65308190899997,9063.440781113404,858f094ffffffff,868f094e7ffffff,Chiclayo,3.152193146801072,False,1.297343802970576,4.0,True,311.5,
020801,284203332.88,144666144.94,11543,139,"Palta, mango, dátil y piña",70.3,Mar,ANCASH,CASMA,CASMA,-9.486941018999943,-78.24837464433331,6381.1925603890195,858f5a87fffffff,868f58497ffffff,Huamachuco,5.687702263055143,False,0.8109822443064041,4.0,False,284.2,
140307,275171160.13,138300228.19,9183,58,Frutas congeladas,29.3,Nov,LAMBAYEQUE,LAMBAYEQUE,MOTUPE,-6.14811952324996,-79.69034406099995,16936.840092994367,858f56a7fffffff,868f56a67ffffff,Chiclayo,1.164680800637409,True,0.2178488273586303,4.0,True,275.2,
130201,269261239.13,276691485.98,2319,36,Azúcar de caña,53.6,Dic,LA LIBERTAD,ASCOPE,ASCOPE,-7.694241615999942,-79.08776584699999,4153.259818242715,858f5387fffffff,868f5386fffffff,Chiclayo,2.918438911137513,False,1.852571480497234,4.0,True,269.3,
200501,224198611.76,142760256.67,5226,80,Preparaciones alimenticias,45.2,Dic,PIURA,PAITA,PAITA,-5.167187442999932,-81.05541875299997,200.6817444584524,858f0b8ffffffff,868f0b8e7ffffff,Chiclayo,3.691541355096565,False,1.945522058333782,4.0,True,224.2,
221005,201411456.83,169985482.4,2129,5,Aceite de palma,71.7,Oct,SAN MARTIN,TOCACHE,UCHIZA,-8.397130707499969,-76.39598311149996,26653.17231979304,858f5d9bfffffff,868f5d9afffffff,Bellavista,4.409558410888044,False,0.9241401649824724,6.0,True,201.4,
130205,192601157.07,46413824.14,8801,63,Hortalizas frescas (espárrago y otras),80.1,Ago,LA LIBERTAD,ASCOPE,PAIJAN,-7.731538622333289,-79.2955613383333,5526.188514090634,858f538ffffffff,868f538e7ffffff,Chiclayo,2.2084381107673683,False,0.5212759423035904,4.0,True,192.6,
070103,167416312.24,122874777.92,6801,14,Jugos de fruta,30.5,Jul,CALLAO,CALLAO,CARMEN DE LA LEGUA REYNOSO,-12.042884683999944,-77.09041772499995,0.0,858e62c3fffffff,868e62c07ffffff,Pisco,3.081303896251987,False,0.1329034991914584,4.0,True,167.4,
250101,166931422.73,148220842.12,173,14,Aceite de palma,94.9,Feb,UCAYALI,CORONEL PORTILLO,CALLERIA,-8.195059035299959,-74.33146417789996,44005.387415029865,858f4c77fffffff,868f4c767ffffff,Tarma,10.21031730281616,False,28.4047442158102,6.0,False,166.9,
021201,161795124.94,33420575.2,5109,25,"Arándano, fresa y otras bayas",62.3,Set,ANCASH,HUAYLAS,CARAZ,-9.035460237999956,-77.77094787974997,7237.622086371043,858f58c3fffffff,868f58c0fffffff,Huamachuco,7.885530387933729,False,0.1134267229332671,6.0,False,161.8,
200603,150952369.72,144010694.62,454,8,Alcohol etílico,93.8,Ago,PIURA,SULLANA,IGNACIO ESCUDERO,-4.848388903333283,-80.88554595616662,8512.077098978649,858f082ffffffff,868f082cfffffff,Chiclayo,3.6980128460136727,False,0.2955019199331752,4.0,True,151.0,
150108,149867707.81,67961894.77,8601,92,Jugos de fruta,21.9,May,LIMA,LIMA,CHORRILLOS,-12.192644506999956,-77.00588969799998,0.0,858e62cffffffff,868e62cefffffff,Pisco,2.697474065535012,False,0.2653071410396269,4.0,True,149.9,
150115,129823462.36,51919041.96,29121,133,Salsas y condimentos,31.0,Jun,LIMA,LIMA,LA VICTORIA,-12.072332720999952,-77.01738574699993,0.0,858e62c3fffffff,868e62c0fffffff,Pisco,2.9229753854734013,False,0.1438247053205278,4.0,True,129.8,
021207,123870216.53,19094139.02,2779,5,"Arándano, fresa y otras bayas",99.7,Set,ANCASH,HUAYLAS,PUEBLO LIBRE,-9.150892691999957,-77.81688835249997,4310.278568796921,858f58cffffffff,868f58cc7ffffff,Huamachuco,8.069638442878995,False,1.2740403462087366,6.0,False,123.9,
221003,123495709.03,28356369.0,278,3,Cacao en grano,99.9,Ago,SAN MARTIN,TOCACHE,POLVORA,-8.016862480999956,-76.75821921266663,46094.57648132636,858f437bfffffff,868f43797ffffff,Bellavista,3.011473608627837,False,9.825086343174004,6.0,True,123.5,
150132,113422750.52,22073720.11,9228,124,Frutas preparadas,42.8,Set,LIMA,LIMA,SAN JUAN DE LURIGANCHO,-11.945962191999968,-76.97148873299994,5.571419295859967,858e62d7fffffff,868e62d57ffffff,Pisco,3.273203361965221,False,0.3327686731163986,4.0,True,113.4,
150140,110908120.06,32439484.7,12450,198,Preparaciones alimenticias,32.7,Oct,LIMA,LIMA,SANTIAGO DE SURCO,-12.126991046999931,-76.98430619899995,1.2640155827521895,858e62c7fffffff,868e62c57ffffff,Pisco,2.7775809233081263,False,0.2089836626878342,4.0,True,110.9,
110109,110560253.48,36803967.02,2351,18,Uva,76.3,Dic,ICA,ICA,SAN JOSE DE LOS MOLINOS,-13.912241466999944,-75.63583404174996,2906.6811026582577,858e4587fffffff,868e45847ffffff,Pisco,1.622596886870011,True,2.699692194288393,4.0,True,110.6,
130208,110163879.78,140346654.62,903,11,Alcohol etílico,54.2,Ago,LA LIBERTAD,ASCOPE,CASA GRANDE,-7.630586066999939,-79.19929836349996,13145.920218149655,858f5387fffffff,868f53877ffffff,Chiclayo,2.7254419988861174,False,3.8661444341526896,4.0,True,110.2,
150142,106944974.08,39109656.82,4112,70,"Productos vegetales diversos (tara, achiote)",25.9,May,LIMA,LIMA,VILLA EL SALVADOR,-12.219278058999976,-76.94527585299994,0.0,858e621bfffffff,868e621a7ffffff,Pisco,2.707063250927421,False,0.0766983521874138,4.0,True,106.9,
120606,105596217.36,35101181.33,1605,46,Cacao en grano,45.0,Set,JUNIN,SATIPO,PANGOA,-11.625696256714248,-74.37676050014282,58009.90894663609,858e6533fffffff,868e6530fffffff,Satipo,1.521814807026176,True,0.4237411071275192,6.0,True,105.6,
150810,98293266.31,25944383.82,4107,48,Legumbres frescas,33.7,Oct,LIMA,HUAURA,SANTA MARIA,-11.115008011333279,-77.47556169466662,3343.435077052044,858f5b2ffffffff,868f5b2dfffffff,Pisco,5.938192825361588,False,1.3032224886074275,4.0,False,98.3,
060101,96882346.76,28909433.19,1346,56,Café,41.9,Set,CAJAMARCA,CAJAMARCA,CAJAMARCA,-7.1339595449999536,-78.54251182749995,15280.080293804125,858f51d7fffffff,868f51d5fffffff,Huamachuco,3.3432600968352872,False,0.6440029309954441,6.0,True,96.9,
200404,96209875.6,7235009.38,2276,8,Semillas para siembra,89.7,Nov,PIURA,MORROPON,LA MATANZA,-5.223229427249954,-80.08547772874996,10857.180231433485,858f093bfffffff,868f09387ffffff,Chiclayo,2.9739585699444087,False,0.6419030512626486,4.0,True,96.2,
060901,90950523.61,19816731.77,1103,31,Café,99.7,Oct,CAJAMARCA,SAN IGNACIO,SAN IGNACIO,-5.146278133166628,-79.0100132408333,20367.034125092803,858f5493fffffff,868f5490fffffff,Chiclayo,6.46527792370709,False,0.1404418277901473,6.0,False,91.0,
150137,86509185.89,62194718.74,11015,85,Mezclas odoríferas,24.3,Jun,LIMA,LIMA,SANTA ANITA,-12.043207248999977,-76.96314006599994,0.0,858e62c7fffffff,868e62d5fffffff,,,,,,,86.5,
220101,85895095.23,17924188.49,7938,22,Café,79.5,Jul,SAN MARTIN,MOYOBAMBA,MOYOBAMBA,-5.874582397249959,-77.07746978587497,100694.86743825626,858f4617fffffff,868f4615fffffff,Bellavista,4.85190526221434,False,2.757469134831888,6.0,True,85.9,
021101,81732932.01,23881766.83,2421,28,Hortalizas frescas (espárrago y otras),98.0,Ago,ANCASH,HUARMEY,HUARMEY,-10.093330249499957,-77.94669889949995,4964.344769214876,858f5bd3fffffff,868f5bd1fffffff,Huamachuco,7.158190118937503,False,9.397084423896152,4.0,False,81.7,
050101,81460973.42,31430602.98,2698,49,Quinua y cereales andinos,65.8,Feb,AYACUCHO,HUAMANGA,AYACUCHO,-13.13708446449995,-74.25491730624996,2003.5279706483159,858e6c53fffffff,868e6c51fffffff,Pisco,6.116842476448213,False,2.1552677148299795,6.0,False,81.5,
221001,80732919.51,27258288.52,401,15,Cacao en grano,97.5,Jul,SAN MARTIN,TOCACHE,TOCACHE,-8.255198821499931,-76.52505808574996,45051.30325790944,858f436ffffffff,868f436e7ffffff,Bellavista,3.7425106351002295,False,3.228043773664464,6.0,True,80.7,
110112,79607495.78,35970337.21,2759,51,Hortalizas frescas (espárrago y otras),85.6,Oct,ICA,ICA,SUBTANJALLA,-14.03510407449997,-75.82007296199995,1758.323535332005,858e458ffffffff,868e458dfffffff,Pisco,1.3649552276769272,True,3.1465885380311835,4.0,True,79.6,
250102,75812643.19,15259247.79,124,3,Cacao en grano,96.5,Jul,UCAYALI,CORONEL PORTILLO,CAMPOVERDE,-8.504587933499948,-74.82641630649995,98030.82581386284,858f4ea7fffffff,868f4ea4fffffff,Tarma,9.617813238144516,False,1.375650305237358,6.0,False,75.8,
080907,65330878.44,14986828.0,236,4,Cacao en grano,100.0,Set,CUSCO,LA CONVENCION,KIMBIRI,-12.582783604749963,-73.66242333374997,1692.8284450822248,858b6d9bfffffff,868e6c937ffffff,Tarma,10.281681811564354,False,5.84601081991926,6.0,False,65.3,
150131,58884077.89,17007497.62,6923,174,Confitería sin cacao,11.7,Mar,LIMA,LIMA,SAN ISIDRO,-12.09898090799993,-77.03667219399995,0.0,858e62c3fffffff,868e62c0fffffff,Pisco,2.886385719477117,False,0.0341311478796459,4.0,True,58.9,
200605,58704132.88,79497928.04,3882,15,Banano y plátano,99.5,Ene,PIURA,SULLANA,MARCAVELICA,-4.7637486025999465,-80.75175085539996,8184.4862602334,858f0827fffffff,868f08247ffffff,Chiclayo,3.7989727955621366,False,0.4236664606295317,4.0,True,58.7,
220303,54529608.26,12732669.44,390,32,Cacao en grano,75.9,Dic,SAN MARTIN,EL DORADO,SAN MARTIN,-6.438486940499942,-76.81904095224998,21944.33559464728,858f405bfffffff,868f405a7ffffff,Bellavista,2.876209726250324,False,2.781743074184962,6.0,True,54.5,
200505,53605339.42,42038575.88,68,3,Alcohol etílico,99.4,Ago,PIURA,PAITA,LA HUACA,-5.01789499433329,-80.90239867666664,13487.75162588139,858f0b97fffffff,868f0b94fffffff,Chiclayo,3.771770507927408,False,10.393938823970318,4.0,True,53.6,
020803,50678316.46,18624630.75,4536,37,"Palta, mango, dátil y piña",87.3,Ene,ANCASH,CASMA,COMANDANTE NOEL,-9.460026460999927,-78.3706842853333,2183.5977009410376,858f5a83fffffff,868f5a82fffffff,Huamachuco,5.461408226476299,False,0.3904416489273158,4.0,False,50.7,
150122,50360381.67,22157722.6,4239,145,Aceite de coco y palmiste,16.0,Oct,LIMA,LIMA,MIRAFLORES,-12.12123578099994,-77.03185553199995,0.0,858e62cffffffff,868e62c57ffffff,Pisco,2.8371990993241294,False,0.1474481715851499,4.0,True,50.4,
150135,49226567.56,20009975.080000002,6239,92,Frutas congeladas,72.3,Nov,LIMA,LIMA,SAN MARTIN DE PORRES,-11.992827813999952,-77.08841318799995,198.60780759634773,858e62c3fffffff,868e62c37ffffff,Pisco,3.129634507548291,False,0.1825128346011292,4.0,True,49.2,
110301,44646606.84,21741671.1,1133,27,"Palta, mango, dátil y piña",86.7,May,ICA,NASCA,NASCA,-14.838560461249948,-74.99004563474995,7958.219222352419,858e6a03fffffff,868e6a037ffffff,Pisco,3.360540202324772,False,2.6866960458274267,4.0,True,44.6,
150117,43684407.19,11109971.62,7024,71,Café,34.0,Nov,LIMA,LIMA,LOS OLIVOS,-11.972420735999949,-77.07436708199998,0.0,858e62c3fffffff,868e62c27ffffff,Pisco,3.1306839207543096,False,0.1353402682382672,4.0,True,43.7,
120601,43489418.7,13629776.84,943,73,Cacao en grano,47.1,Ago,JUNIN,SATIPO,SATIPO,-11.196044039833291,-74.6180556923333,35251.45601639731,858e6513fffffff,868e65127ffffff,Satipo,0.0732539038930684,True,2.421653616581928,6.0,True,43.5,
140306,40877582.25,9009513.7,927,17,Hortalizas frescas (espárrago y otras),87.0,Dic,LAMBAYEQUE,LAMBAYEQUE,MORROPE,-6.532458367777729,-80.02091878088885,17201.598307811295,858f5623fffffff,868f5620fffffff,Chiclayo,0.5303754209372842,True,0.6511229770152301,4.0,True,40.9,
010601,40212648.34,8059505.0,378,9,Café,100.0,Oct,AMAZONAS,RODRIGUEZ DE MENDOZA,SAN NICOLAS,-6.3864220921666215,-77.45187008399996,1013.9157982290532,858f466ffffffff,868f466f7ffffff,Chiclayo,8.901163206247112,False,1.854429863772372,6.0,False,40.2,
200606,40053464.8,56093033.64,3061,11,Banano y plátano,97.2,Mar,PIURA,SULLANA,MIGUEL CHECA,-4.976787625999947,-80.77923930749998,4756.918905500374,858f095bfffffff,868f0959fffffff,Chiclayo,3.5016477423964028,False,6.818299843421584,4.0,True,40.1,
060902,40004754.96,8022910.0,448,5,Café,100.0,Oct,CAJAMARCA,SAN IGNACIO,CHIRINOS,-5.3169726588570825,-78.87626408228569,20060.84140535085,858f5487fffffff,868f54867ffffff,Chiclayo,6.524800668327529,False,0.6841367002366016,6.0,False,40.0,
200107,39067848.41,14313513.77,980,4,Uva,99.6,Nov,PIURA,PIURA,CURA MORI,-5.358341772199947,-80.61800724539998,6747.524562045181,858f0bb7fffffff,868f0bb6fffffff,Chiclayo,2.627914417115758,False,0.0926396779743719,4.0,True,39.1,
150114,38479977.99,14455754.61,3130,76,Frutas preparadas,26.3,Mar,LIMA,LIMA,LA MOLINA,-12.088085452999962,-76.92572938299998,0.4565331848049155,858e62c7fffffff,868e62c67ffffff,Pisco,2.993506103184845,False,0.31632857592001,4.0,True,38.5,
110305,38003758.72,31905042.1,735,12,Algarroba y otros frutos,92.7,Mar,ICA,NASCA,VISTA ALEGRE,-14.928155505199948,-74.88771253659996,5676.814016828752,858e6a07fffffff,868e6a077ffffff,Pisco,3.966258739639421,False,3.744875444167053,4.0,True,38.0,
010702,36708380.93,7890058.36,410,3,Café,97.2,Jun,AMAZONAS,UTCUBAMBA,CAJARURO,-5.709109547076878,-78.23828016461533,33053.32308356689,858f7367fffffff,868f73647ffffff,Chiclayo,5.683616299091986,False,3.639681895720654,6.0,True,36.7,
070106,35886089.19,15388925.5,6739,33,Frutas congeladas,42.1,Mar,CALLAO,CALLAO,VENTANILLA,-11.879115535999972,-77.13086870599994,70.94676158282427,858e62d3fffffff,868e62d17ffffff,Pisco,3.4067330979110158,False,0.1380549157060177,4.0,True,35.9,
220504,34651540.68,14230216.98,1326,3,Frutas preparadas,82.8,May,SAN MARTIN,LAMAS,CAYNARACHI,-6.228803217499944,-76.30090881499994,30033.0209868998,858f408bfffffff,868f40897ffffff,Bellavista,2.84772326541455,False,2.4025165319373443,6.0,True,34.7,
150121,32960539.74,13069031.6,5980,24,Hortalizas congeladas,18.6,Oct,LIMA,LIMA,PUEBLO LIBRE,-12.075084095999957,-77.06574321299996,0.0,858e62c3fffffff,868e62c0fffffff,Pisco,2.9865278151030576,False,0.2099099832330936,4.0,True,33.0,
080101,31742371.28,10364498.4,1052,59,Maíz,41.3,Nov,CUSCO,CUSCO,CUSCO,-13.488168709833294,-71.97455360566663,2147.425060533548,858b6117fffffff,868b61167ffffff,Sicuani,2.403286882831813,False,0.6800435210154933,6.0,True,31.7,
150120,31640875.77,9681579.3,2642,53,"Arándano, fresa y otras bayas",40.1,Oct,LIMA,LIMA,MAGDALENA DEL MAR,-12.093838644999948,-77.06669448899999,0.0,858e62c3fffffff,868e62c0fffffff,Pisco,2.965043103453345,False,0.2171120362504848,4.0,True,31.6,
040108,31028601.5,3526830.13,835,20,Hortalizas secas,79.2,Nov,AREQUIPA,AREQUIPA,LA JOYA,-16.572356766142807,-71.83152664071424,7361.745217857137,85b3308ffffffff,86b3308efffffff,Juliaca,5.152247690009412,False,0.2333906420249343,4.0,False,31.0,
170101,29023813.25,4205514.94,351,21,Coco y castaña,86.8,Set,MADRE DE DIOS,TAMBOPATA,TAMBOPATA,-12.579872001083288,-69.43257322249995,36976.767804432944,858b44cffffffff,868b44cf7ffffff,Juliaca,9.854397039016,False,5.48306497196771,6.0,False,29.0,
220601,28863951.31,6273328.04,134,7,Cacao en grano,99.9,Ago,SAN MARTIN,MARISCAL CACERES,JUANJUI,-7.263113707999963,-76.74737653624997,23901.27594195183,858f43dbfffffff,868f43d87ffffff,Bellavista,0.7725700630930664,True,1.0677433833029415,6.0,True,28.9,
200607,27059986.9,36167511.160000004,1880,18,Banano y plátano,100.0,Ene,PIURA,SULLANA,QUERECOTILLO,-4.7634382678570955,-80.61080881814281,5279.332489105018,858f0953fffffff,868f09527ffffff,Chiclayo,3.6331830999827535,False,1.182626248416071,4.0,True,27.1,
040303,26331992.49,16977986.0,292,8,Algarroba y otros frutos,100.0,Feb,AREQUIPA,CARAVELI,ATICO,-16.05301874199995,-73.53834168699996,144.71850402401674,85b33653fffffff,86b336517ffffff,Pisco,7.841913152952561,False,7.667843143430534,4.0,False,26.3,
150134,24124665.86,13215793.81,5059,43,Preparaciones alimenticias,20.0,Nov,LIMA,LIMA,SAN LUIS,-12.074086508999926,-76.99723940499996,0.0,858e62c7fffffff,868e62c77ffffff,Pisco,2.8844390826434805,False,0.0300600743157882,4.0,True,24.1,
020802,23941148.5,10604502.98,2060,20,"Palta, mango, dátil y piña",60.5,Ene,ANCASH,CASMA,BUENA VISTA ALTA,-9.379752408999934,-78.14625564299996,3890.0224429633117,858f585bfffffff,868f5859fffffff,Huamachuco,6.141741231089173,False,1.942434310631951,4.0,False,23.9,
150130,23110328.7,10243061.83,4630,67,Pimienta y ají,13.3,Jul,LIMA,LIMA,SAN BORJA,-12.097546260999934,-76.99520863399994,0.0,858e62c7fffffff,868e62c77ffffff,Pisco,2.869940094207906,False,0.0076606642920227,4.0,True,23.1,
220909,22185352.3,14077967.6,376,8,Aceite de coco y palmiste,77.8,Jun,SAN MARTIN,SAN MARTIN,LA BANDA DE SHILCAYO,-6.494636267749954,-76.30505668699996,8395.084890444985,858f4003fffffff,868f40037ffffff,Bellavista,1.623365568870074,True,1.1747877515670702,6.0,True,22.2,
150202,21040703.310000002,27624316.12,98,2,Azúcar de caña,99.6,Nov,LIMA,BARRANCA,PARAMONGA,-10.485872691999967,-77.74321683733329,4821.654817033097,858f5b1bfffffff,868f5b18fffffff,Pisco,5.965214032869995,False,0.236241566403098,4.0,False,21.0,
050401,19927463.55,4664386.1,893,29,Extractos vegetales (tara y otros),47.3,Mar,AYACUCHO,HUANTA,HUANTA,-12.92932586399995,-74.22886835774996,7073.744235241142,858e6ccbfffffff,868e6cc87ffffff,Tarma,6.508601867096403,False,0.3768698780567169,6.0,False,19.9,
080901,19562200.56,3883557.49,359,19,Café,95.4,Nov,CUSCO,LA CONVENCION,SANTA ANA,-12.86909445699994,-72.72381837133328,1180.0852746163,858b6c13fffffff,868b6c117ffffff,Sicuani,6.736169173126101,False,1.5480359109588244,6.0,False,19.6,
150806,19535338.93,10962824.76,918,52,"Palta, mango, dátil y piña",41.7,Set,LIMA,HUAURA,HUAURA,-11.034236304599949,-77.46680896179996,10149.061623853271,858f5b2ffffffff,868f5b2f7ffffff,Pisco,5.406717129984472,False,0.1853720028056463,4.0,False,19.5,
180101,18927744.51,10557193.82,802,27,"Arándano, fresa y otras bayas",73.5,Ago,MOQUEGUA,MARISCAL NIETO,MOQUEGUA,-17.116527623999957,-71.0584775763333,2937.126668041158,85b3318bfffffff,86b331887ffffff,Juliaca,6.187595429948958,False,9.281411484423646,4.0,False,18.9,
150141,18295546.38,5190352.93,1223,36,Aves vivas,28.6,Nov,LIMA,LIMA,SURQUILLO,-12.113436342999933,-77.01298608199994,0.0,858e62c7fffffff,868e62c57ffffff,Pisco,2.830198167775521,False,0.092077779139644,4.0,True,18.3,
040704,18042406.48,13311563.27,286,3,Algarroba y otros frutos,86.0,Abr,AREQUIPA,ISLAY,ISLAY,-16.87631950599996,-72.10223308199994,0.2743791172879952,85b33003fffffff,86b33001fffffff,Juliaca,6.248708087051071,False,5.8936206666891335,4.0,False,18.0,
040104,17751424.23,4237407.94,964,21,Coco y castaña,85.8,Set,AREQUIPA,AREQUIPA,CERRO COLORADO,-16.3435537773333,-71.58674548433329,2413.90102922032,85b3354bfffffff,86b3354a7ffffff,Juliaca,4.2609110953604254,False,0.1374129904244742,6.0,True,17.8,
120701,16792008.41,1432102.37,299,5,"Palta, mango, dátil y piña",89.9,Jul,JUNIN,TARMA,TARMA,-11.434149619499957,-75.72652522199995,8336.719525422353,858e609bfffffff,868e6099fffffff,Tarma,0.1224214959274169,True,1.53661144863067,6.0,True,16.8,
100601,14968358.24,2320049.45,381,11,Manteca de cacao,31.4,Oct,HUANUCO,LEONCIO PRADO,RUPA-RUPA,-9.232244244333287,-76.06163512399996,8649.960971106877,858f5d37fffffff,868f5d34fffffff,Tarma,6.704942460641583,False,2.296841109256809,6.0,False,15.0,
150104,14416749.58,2382890.04,722,19,Harinas de legumbres y frutas,35.2,Ago,LIMA,LIMA,BARRANCO,-12.144029411999952,-77.02086251199995,0.0,858e62cffffffff,868e62c57ffffff,Pisco,2.8129177093910465,False,0.1203879708095762,4.0,True,14.4,
150112,13927614.72,22186629.41,814,22,Pastas alimenticias,38.7,May,LIMA,LIMA,INDEPENDENCIA,-11.987472870999966,-77.04604435999994,0.0,858e62c3fffffff,868e62c27ffffff,Pisco,3.1596201235034664,False,0.60038799228893,4.0,True,13.9,
170103,13804905.48,2144605.9,137,3,Coco y castaña,100.0,May,MADRE DE DIOS,TAMBOPATA,LAS PIEDRAS,-12.234407062999955,-69.18799481599994,42079.610007061056,858b444bfffffff,868b444afffffff,Juliaca,10.73418683606334,False,1.811872948644308,6.0,False,13.8,
130202,13598262.46,6643569.57,303,6,"Palta, mango, dátil y piña",97.2,Jun,LA LIBERTAD,ASCOPE,CHICAMA,-7.8276065066666165,-79.06085971966662,11382.046310226848,858f53b3fffffff,868f53b1fffffff,Chiclayo,3.535046291099698,False,4.9312302822370295,4.0,True,13.6,
200506,13555110.59,4236666.7,270,8,"Arándano, fresa y otras bayas",88.0,Oct,PIURA,PAITA,TAMARINDO,-4.86309389799997,-80.96147493499996,2540.2651329804025,858f082ffffffff,868f082dfffffff,Chiclayo,4.056244759718097,False,1.1269560406512078,4.0,False,13.6,
110114,13018139.18,4015961.3,288,5,Uva,98.2,Dic,ICA,ICA,YAUCA DEL ROSARIO,-14.102658137999953,-75.43338418399998,5423.099820776538,858e45b7fffffff,868e45b57ffffff,Pisco,1.9135627501835013,True,2.5351571480383903,4.0,True,13.0,
150110,12948032.14,8642521.08,1768,35,"Palta, mango, dátil y piña",42.1,Feb,LIMA,LIMA,COMAS,-11.927920622999949,-77.03740747999996,56.10803236525751,858e62d3fffffff,868e62d0fffffff,Pisco,3.24291616288464,False,0.3432136566214178,4.0,True,12.9,
020107,12699227.3,24709883.58,784,28,Cebolla y ajo,45.6,Dic,ANCASH,HUARAZ,LA LIBERTAD,-9.636993575499957,-77.71981203999994,1791.615042741605,858f5873fffffff,868f58707ffffff,Huamachuco,9.182918323400266,False,0.6255335904374787,6.0,False,12.7,
010609,12511508.7,2528402.0,105,4,Café,100.0,Oct,AMAZONAS,RODRIGUEZ DE MENDOZA,OMIA,-6.418893472999962,-77.34419140049997,1743.814643763293,858f466ffffffff,868f466efffffff,Chiclayo,9.629952051510314,False,0.5054615870163583,6.0,False,12.5,
250301,12306314.79,2303162.54,107,6,Cacao en grano,95.5,Jul,UCAYALI,PADRE ABAD,PADRE ABAD,-9.018102952124949,-75.55121519962498,42833.903235446785,858f4e6ffffffff,868f4e6cfffffff,Bellavista,7.708394639187411,False,3.9535632879039166,6.0,False,12.3,
150502,12305170.43,4644441.5,485,1,Jugos de fruta,67.4,Set,LIMA,CAÑETE,ASIA,-12.76835399166661,-76.5357261873333,2471.4636760862118,858e6223fffffff,868e62207ffffff,Pisco,1.7289407839361657,True,0.4342386373000572,4.0,True,12.3,
210101,12174434.01,5461592.34,804,36,Quinua y cereales andinos,43.2,Dic,PUNO,PUNO,PUNO,-15.889851051249963,-70.01578390899996,5841.825598803743,85b3260ffffffff,86b3260f7ffffff,Juliaca,0.9512171404450542,True,0.3180987281694351,6.0,True,12.2,
010706,12066410.61,2396555.0,143,7,Café,100.0,Set,AMAZONAS,UTCUBAMBA,LONYA GRANDE,-6.071434659249952,-78.40581470337496,7974.353318365802,858f55c7fffffff,868f55c47ffffff,Chiclayo,7.43178136449365,False,0.3052049700301186,6.0,False,12.1,
050110,11365730.42,4976373.61,631,10,Quinua y cereales andinos,62.5,Feb,AYACUCHO,HUAMANGA,SAN JUAN BAUTISTA,-13.195303347999982,-74.21148063299995,252.0852445255712,858e6c43fffffff,868e6c427ffffff,Pisco,6.134955849153132,False,0.5243922534331401,6.0,False,11.4,
110201,10989365.99,4286811.19,896,43,"Arándano, fresa y otras bayas",18.8,Oct,ICA,CHINCHA,CHINCHA ALTA,-13.389922928999965,-76.09085121866663,786.8850047160673,858e637bfffffff,868e637afffffff,Pisco,0.8697462876858446,True,0.6911853754753143,4.0,True,11.0,
030201,10328835.35,2242207.81,116,8,Café,94.1,Nov,APURIMAC,ANDAHUAYLAS,ANDAHUAYLAS,-13.724958537222172,-73.39094786188883,10747.789344022764,858e6c27fffffff,868e6c24fffffff,Sicuani,10.461362949304048,False,0.4245043547331119,6.0,False,10.3,
150113,9428785.09,2632158.2,361,26,Pimienta y ají,60.2,Oct,LIMA,LIMA,JESUS MARIA,-12.078106398999978,-77.04820820199996,0.0,858e62c3fffffff,868e62c0fffffff,Pisco,2.944770794723848,False,0.0942826518475551,4.0,True,9.4,
150133,9374551.2,9460835.78,1721,28,Bebidas no alcohólicas,85.4,Oct,LIMA,LIMA,SAN JUAN DE MIRAFLORES,-12.157858249999949,-76.96650742299994,0.0,858e62c7fffffff,868e62c5fffffff,Pisco,2.7726300580175245,False,0.1580975067939165,4.0,True,9.4,
230111,9245268.66,5558330.99,801,33,Hortalizas preparadas,82.9,Feb,TACNA,TACNA,LA YARADA LOS PALOS,-18.188313389666632,-70.42481666666662,37109.003869493354,85b30447fffffff,86b304447ffffff,,,,,,,9.2,
050501,8937134.75,4042170.0,309,5,"Palta, mango, dátil y piña",100.0,Mar,AYACUCHO,LA MAR,SAN MIGUEL,-12.988652092749945,-73.93256213674995,8218.776036849484,858e6cc7fffffff,868e6cc47ffffff,Pisco,8.974871969231252,False,0.3037022431499264,6.0,False,8.9,
230108,8366961.43,9681470.41,913,15,Pastas alimenticias,87.1,Jul,TACNA,TACNA,POCOLLAY,-18.007762225999954,-70.07401110399996,678.2864403678477,85b30403fffffff,86b30402fffffff,Juliaca,9.159731096502965,False,7.511122155461252,4.0,False,8.4,
150805,8319849.59,6249257.6,403,24,"Palta, mango, dátil y piña",82.8,Jul,LIMA,HUAURA,HUALMAY,-11.092787236999982,-77.60695786799994,247.80279169601124,858e7593fffffff,868e75937ffffff,Pisco,4.954998166573659,False,0.097214911634781,4.0,False,8.3,
021801,8294128.26,2889032.76,232,19,"Arándano, fresa y otras bayas",37.5,Nov,ANCASH,SANTA,CHIMBOTE,-8.940753636166628,-78.49245460799996,23962.518122156995,858f5e0ffffffff,868f5e0cfffffff,Huamachuco,5.312783880242051,False,0.4287602941199899,4.0,False,8.3,
160105,8145739.74,1959348.3,74,10,Café,55.5,Jun,LORETO,MAYNAS,LAS AMAZONAS,-3.5182834087499657,-72.57591913549997,6554.04795987796,858a68a7fffffff,868a68a67ffffff,,inf,False,56.672927950184935,6.0,False,8.1,
150124,7859466.24,890765.34,225,7,Grasas y aceites hidrogenados,88.8,Ene,LIMA,LIMA,PUCUSANA,-12.465836826999976,-76.77562379499994,55.293925144553874,858e6203fffffff,868e6200fffffff,Pisco,2.260784148149778,False,0.5531474260404813,4.0,True,7.9,
150116,7649964.97,4150800.5,1971,29,Legumbres secas,48.4,Oct,LIMA,LIMA,LINCE,-12.08579145999994,-77.03566671499993,0.0,858e62c3fffffff,868e62c0fffffff,Pisco,2.905628828605476,False,0.1109435699217383,4.0,True,7.6,
060904,7416491.24,1528415.0,68,4,Café,100.0,Set,CAJAMARCA,SAN IGNACIO,LA COIPA,-5.3838870471666285,-78.9604262428333,20736.157042028706,858f5487fffffff,868f54857ffffff,Chiclayo,6.695228706229761,False,4.18208421193108,6.0,False,7.4,
130104,7217174.15,1299626.03,91,13,"Arándano, fresa y otras bayas",57.4,Oct,LA LIBERTAD,TRUJILLO,HUANCHACO,-8.057989199499929,-79.06454147199995,1693.435748436871,858f53affffffff,868f53af7ffffff,Huamachuco,2.913244997864872,False,0.3240933691141043,4.0,True,7.2,
150107,7035229.42,2292082.48,619,18,Cereales inflados y hojuelas,27.3,Jun,LIMA,LIMA,CHACLACAYO,-11.991637036999975,-76.76695168599997,0.2462593545763612,858e628bfffffff,868e628a7ffffff,Pisco,3.3868177092968903,False,1.3960789186703857,4.0,True,7.0,
160113,6873681.08,141279.62,1215,24,Otros animales vivos,87.9,May,LORETO,MAYNAS,SAN JUAN BAUTISTA,-4.135155792999967,-73.64769941549997,31383.116084818932,858a6db7fffffff,868a6db67ffffff,,inf,False,19.320369159433977,6.0,False,6.9,
070104,6650150.72,3217749.89,573,8,"Jengibre, cúrcuma y especias",56.9,Ene,CALLAO,CALLAO,LA PERLA,-12.070277372999954,-77.11609803899995,0.0,858e62c3fffffff,868e62c1fffffff,Pisco,3.033058752864401,False,0.0098273325135575,4.0,True,6.7,
210402,6629457.9,22103184.0,906,20,Papa,62.5,Oct,PUNO,CHUCUITO,DESAGUADERO,-16.60035128749996,-69.08428594349996,10380.298248517749,85b32073fffffff,86b32072fffffff,Juliaca,3.2583678996812586,False,0.0817562739906484,6.0,True,6.6,
150143,6622596.02,1318725.94,1133,17,Cochinilla y otros productos animales,58.4,May,LIMA,LIMA,VILLA MARIA DEL TRIUNFO,-12.17038942299996,-76.91898821199999,0.5623648380812194,858e62c7fffffff,868e62c4fffffff,Pisco,2.868720351689506,False,0.2114493025855378,4.0,True,6.6,
150105,6618640.63,3040215.86,984,25,Cebolla y ajo,18.4,Oct,LIMA,LIMA,BREÑA,-12.059163877999936,-77.05059241299995,0.0,858e62c3fffffff,868e62c0fffffff,Pisco,3.0079275106525096,False,0.1826473114866782,4.0,True,6.6,
070102,6489968.4,2249621.55,352,22,Frutas congeladas,77.5,Nov,CALLAO,CALLAO,BELLAVISTA,-12.06000665199997,-77.10990342399998,0.0,858e62c3fffffff,868e62c1fffffff,Pisco,3.04518628591754,False,0.221807111920924,4.0,True,6.5,
060415,6321469.11,1322360.4,86,1,Café,100.0,Ago,CAJAMARCA,CHOTA,QUEROCOTO,-6.35693243219996,-79.05928521599995,15641.504537981695,858f5097fffffff,868f50957ffffff,Chiclayo,4.335540407206575,False,0.6689560286570715,6.0,True,6.3,
110104,6060441.81,3415007.82,267,6,Uva,66.6,Ene,ICA,ICA,OCUCAJE,-14.414260191199958,-75.72089747959997,6382.68155268366,858e4533fffffff,868e45317ffffff,Pisco,1.970198489950857,True,3.6268803409926127,4.0,True,6.1,
010101,5550609.65,3076355.0,78,2,"Productos vegetales diversos (tara, achiote)",64.4,Nov,AMAZONAS,CHACHAPOYAS,CHACHAPOYAS,-6.248160420999952,-77.86916627199997,3971.810810937038,858f55a3fffffff,868f55a37ffffff,Chiclayo,7.184263592220004,False,0.6262288142042152,6.0,False,5.6,
010201,5440497.03,1376509.97,63,4,Café,87.9,Set,AMAZONAS,BAGUA,BAGUA,-5.58864530733329,-78.52011989433329,5695.286764150734,858f736bfffffff,868f736b7ffffff,Chiclayo,5.072050609350852,False,1.7769601822925627,6.0,True,5.4,
150136,5439341.96,1665121.22,1101,41,Pimienta y ají,20.0,Abr,LIMA,LIMA,SAN MIGUEL,-12.076444784999978,-77.09006733999996,0.0,858e62c3fffffff,868e62c1fffffff,Pisco,3.006296841528611,False,0.164826362206211,4.0,True,5.4,
080908,5416563.58,1088939.0,137,2,Café,100.0,Ene,CUSCO,LA CONVENCION,SANTA TERESA,-13.2046979213333,-72.72215606733329,801.8801847300057,858b6c9bfffffff,868b6c997ffffff,Sicuani,7.420162080565962,False,9.554214387496357,6.0,False,5.4,
140205,5161527.29,2080190.55,152,7,Uva,96.3,Dic,LAMBAYEQUE,FERREÑAFE,PITIPO,-6.504836878499954,-79.69760431291662,14914.084275114757,858f50cbfffffff,868f50cafffffff,Chiclayo,0.9463977063956888,True,0.5351615764996579,4.0,True,5.2,
170203,5118788.73,1131422.09,186,17,Coco y castaña,91.8,Ene,MADRE DE DIOS,MANU,MADRE DE DIOS,-12.644879979999956,-70.67260084574995,5181.929249541324,858b630ffffffff,868b630dfffffff,,inf,False,13.873019825146338,6.0,False,5.1,
021204,4838231.52,1258485.09,225,8,Legumbres frescas,87.4,Ago,ANCASH,HUAYLAS,HUAYLAS,-8.889692833999959,-77.89401811599998,1829.0630731454837,858f58dbfffffff,868f58dafffffff,Huamachuco,8.084781092550722,False,1.0888924971101888,6.0,False,4.8,
220801,4796561.9,923058.31,128,2,Café,99.7,Jun,SAN MARTIN,RIOJA,RIOJA,-6.078775626333292,-77.19874826499996,14687.835757060919,858f460ffffffff,868f460cfffffff,Bellavista,3.7152385975024425,False,1.5653423274680798,6.0,True,4.8,
130704,4562265.64,3502486.47,125,6,"Productos vegetales diversos (tara, achiote)",67.9,Abr,LA LIBERTAD,PACASMAYO,PACASMAYO,-7.3999051459999805,-79.54781665499996,653.9910530773685,858f506ffffffff,868f506c7ffffff,Chiclayo,1.4754236548934792,True,1.1584748241987826,4.0,True,4.6,
240301,4521357.04,10865324.52,426,25,Hortalizas secas,35.1,Mar,TUMBES,ZARUMILLA,ZARUMILLA,-3.4607664069999657,-80.29954540149996,1049.8154386423378,858f0dc3fffffff,868f0dc07ffffff,Chiclayo,7.38047672084482,False,0.5176240672280227,4.0,False,4.5,
021808,4518696.15,2114626.19,97,18,Raíces y tubérculos,32.1,Ago,ANCASH,SANTA,SANTA,-8.990527793499979,-78.61250742199996,2492.3941539961024,858f5e77fffffff,868f5e777ffffff,Huamachuco,4.502932705470903,False,0.2503696058122643,4.0,False,4.5,
060905,4420220.18,932390.25,205,2,Café,100.0,Dic,CAJAMARCA,SAN IGNACIO,NAMBALLE,-5.059054689599952,-79.16165349799996,25068.24618394513,858f7267fffffff,868f7264fffffff,Chiclayo,8.552844248278255,False,3.2914627609845515,6.0,False,4.4,
040112,4257098.56,5010890.94,196,12,Algarroba y otros frutos,93.0,May,AREQUIPA,AREQUIPA,PAUCARPATA,-16.420070625999927,-71.47799918099997,227.0363030739284,85b33543fffffff,86b33541fffffff,Juliaca,4.748063397924863,False,0.1120293471681224,6.0,True,4.3,
080401,3945037.16,1380771.53,111,14,Maíz,63.7,Jun,CUSCO,CALCA,CALCA,-13.290996992999945,-71.97564585166661,2015.4227470128026,858b6107fffffff,868b6106fffffff,Sicuani,2.6087089746572576,False,3.3782630049640883,6.0,True,3.9,
120101,3839177.11,4265769.53,464,15,Hortalizas secas,48.3,Ago,JUNIN,HUANCAYO,HUANCAYO,-12.01999116233327,-75.13048408966664,781.8164451650848,858e60a7fffffff,868e60a4fffffff,Tarma,2.157206084325572,False,1.0476515726184743,6.0,True,3.8,
080910,3828012.8,404627.07,37,3,Cacao en grano,99.9,Nov,CUSCO,LA CONVENCION,PICHARI,-12.422082972749948,-73.78225238224996,2014.4325002056978,858b6d8bfffffff,868b6d8afffffff,Tarma,10.63980379569938,False,4.526379907347738,6.0,False,3.8,
020804,3739845.33,1216164.76,358,11,"Palta, mango, dátil y piña",98.8,Feb,ANCASH,CASMA,YAUTAN,-9.509793592333287,-78.02624713166664,4158.473871286197,858f584ffffffff,868f584f7ffffff,Huamachuco,6.140549993754407,False,0.6184561457586719,4.0,False,3.7,
060611,3717476.78,802153.0,56,1,Café,100.0,Oct,CAJAMARCA,CUTERVO,SANTA CRUZ,-6.113850219999932,-78.83277438349995,6007.261197519075,858f5427fffffff,868f54247ffffff,Chiclayo,5.6109170991135,False,1.1573506377146872,6.0,True,3.7,
040204,3688678.5,2072390.0,24,4,Algarroba y otros frutos,94.2,Nov,AREQUIPA,CAMANA,MARISCAL CACERES,-16.542326122285676,-72.77969734657138,3387.7456460827293,85b33623fffffff,86b33621fffffff,Juliaca,7.899999898435673,False,1.474417898290781,4.0,False,3.7,
150126,3509909.94,687463.0,267,18,Aves vivas,20.0,Jun,LIMA,LIMA,PUNTA HERMOSA,-12.269274819999964,-76.74377993399997,247.1778318348572,858e6213fffffff,868e6210fffffff,Pisco,3.0303732316508243,False,1.7718263124528968,4.0,True,3.5,
050407,3395511.89,705128.0,29,1,Cacao en grano,95.6,Jul,AYACUCHO,HUANTA,SIVIA,-12.575246879833287,-73.94445953433329,11257.272163193289,858b6d93fffffff,868b6d90fffffff,Tarma,10.353654845125355,False,3.768092109049858,6.0,False,3.4,
150111,3339805.93,887708.43,6061,35,"Arándano, fresa y otras bayas",23.2,May,LIMA,LIMA,EL AGUSTINO,-12.035807503999932,-76.99106993299995,0.0,858e62c3fffffff,868e62c2fffffff,Pisco,2.9438862053391506,False,0.2053766303121961,4.0,True,3.3,
110502,3294524.31,1626554.0,87,7,"Palta, mango, dátil y piña",52.9,Ene,ICA,PISCO,HUANCANO,-13.57765812499997,-75.63326556399996,923.6483734796851,858e632ffffffff,868e632d7ffffff,Pisco,1.2881248499785014,True,3.14865122542005,4.0,True,3.3,
250303,3176760.05,828653.28,31,5,Cacao en grano,100.0,Jul,UCAYALI,PADRE ABAD,CURIMANA,-8.458684046499954,-75.20966584774996,49184.75603680754,858f4e07fffffff,868f4ea97ffffff,Tarma,10.033700252777331,False,6.006754750982177,6.0,False,3.2,
230104,3087299.35,2088643.21,1519,11,Bebidas no alcohólicas,29.4,Dic,TACNA,TACNA,CIUDAD NUEVA,-17.857822548999934,-70.19031625399998,0.0,85b30413fffffff,86b304117ffffff,Juliaca,8.919686424982658,False,4.1011974567318905,4.0,False,3.1,
200111,3082378.89,2944364.12,711,7,"Palta, mango, dátil y piña",100.0,Ene,PIURA,PIURA,LAS LOMAS,-4.7145207018332895,-80.20499253316662,14365.639761001017,858f098bfffffff,868f0989fffffff,Chiclayo,4.638921258553791,False,2.69932321968094,4.0,False,3.1,
060906,2888912.92,612345.0,34,1,Café,100.0,Dic,CAJAMARCA,SAN IGNACIO,SAN JOSE DE LOURDES,-5.003699957999954,-78.87456821842854,29057.38973488489,858f722ffffffff,868f722c7ffffff,Chiclayo,6.760371222969884,False,9.570322383356126,6.0,False,2.9,
021805,2829049.84,1485455.6,118,10,"Palta, mango, dátil y piña",100.0,Mar,ANCASH,SANTA,MORO,-9.147950555142797,-78.1391375788571,4184.731416985267,858f5e27fffffff,868f5e247ffffff,Huamachuco,6.0670110797146,False,0.3978891878978881,4.0,False,2.8,
020501,2751782.8,1822740.72,101,4,"Palta, mango, dátil y piña",98.8,Abr,ANCASH,BOLOGNESI,CHIQUIAN,-10.18721737149994,-77.17151086299995,2410.4354020286937,858f594bfffffff,868f59487ffffff,Pisco,9.00882521329804,False,2.884132212721964,6.0,False,2.8,
211201,2686024.7199999997,570275.0,29,1,Café,100.0,Feb,PUNO,SANDIA,SANDIA,-14.315285855499951,-69.44841680624997,1447.879192799068,858b75b7fffffff,868b75b67ffffff,Juliaca,3.782547897309607,False,0.5088967131777927,6.0,True,2.7,
150604,2645628.81,1032642.93,83,8,Raíces y tubérculos,40.0,Oct,LIMA,HUARAL,AUCALLAMA,-11.550896172799957,-77.13207127999995,7624.855472689629,858e75b7fffffff,868e75b67ffffff,Pisco,4.138632101460935,False,2.4562560258647363,4.0,False,2.6,
010509,2606544.11,849750.0,26,3,Café,71.5,Ago,AMAZONAS,LUYA,LUYA,-6.176246238199951,-77.97933878819995,4104.784036511041,858f55bbfffffff,868f55ba7ffffff,Chiclayo,7.82009184121428,False,0.7558554480212429,6.0,False,2.6,
150407,2590773.99,667267.69,5409,3,Lechuga,61.4,Abr,LIMA,CANTA,SANTA ROSA DE QUIVES,-11.675922962399955,-76.86557554179996,2695.5417008888035,858e6663fffffff,868e6660fffffff,Pisco,4.014224310925876,False,1.3269890806922384,4.0,False,2.6,
090413,2581867.73,1004505.2,57,4,"Palta, mango, dátil y piña",100.0,Abr,HUANCAVELICA,CASTROVIRREYNA,TICRAPO,-13.410926626999952,-75.40795336249997,1297.078872954915,858e6337fffffff,868e6334fffffff,Pisco,2.614793329922089,False,0.8890120784128867,6.0,True,2.6,
090101,2438615.06,1073421.4,90,10,"Palta, mango, dátil y piña",93.9,Feb,HUANCAVELICA,HUANCAVELICA,HUANCAVELICA,-12.835197509666614,-75.00109490533328,1234.1557198158043,858e6173fffffff,868e61717ffffff,Tarma,5.453904397037424,False,3.02854661160798,6.0,True,2.4,
160101,2253666.67,193352.05,174,10,Cacao en grano,60.0,May,LORETO,MAYNAS,IQUITOS,-3.777511387999965,-73.42215106249998,6012.560181371426,858a6daffffffff,868a6dadfffffff,,inf,False,7.987579551512862,6.0,False,2.3,
100301,2248530.88,1155796.0,66,7,"Palta, mango, dátil y piña",92.4,Mar,HUANUCO,DOS DE MAYO,LA UNION,-9.895372165249952,-76.80237846374996,3407.6245562777326,858f59cffffffff,868f59ccfffffff,Tarma,7.706649605093734,False,0.58740963904831,6.0,False,2.2,
190109,2232129.83,975241.0,76,4,"Palta, mango, dátil y piña",95.5,Feb,PASCO,PASCO,SIMON BOLIVAR,-10.712698407499943,-76.39894829649995,1073.010866223291,858e6697fffffff,868e66977ffffff,Tarma,3.065942578312499,False,4.369582037332956,6.0,True,2.2,
150106,2148833.38,761705.07,616,16,Pimienta y ají,33.5,May,LIMA,LIMA,CARABAYLLO,-11.823787532833308,-77.01082871966662,2764.1994947920502,858e62d3fffffff,868e62d27ffffff,Pisco,3.526265875974372,False,0.908395998634826,4.0,True,2.1,
020103,2137947.54,961802.32,78,1,"Palta, mango, dátil y piña",100.0,May,ANCASH,HUARAZ,COLCABAMBA,-9.576330749999954,-77.82164084199997,816.923541766547,858f5847fffffff,868f5844fffffff,Huamachuco,7.956755518281989,False,2.023285890621921,6.0,False,2.1,
060802,1855065.8599999999,371550.0,17,6,Café,100.0,Ene,CAJAMARCA,JAEN,BELLAVISTA,-5.560942802749956,-78.77268994724996,15906.647174870017,858f54a3fffffff,868f54a27ffffff,Chiclayo,4.937116918455819,False,3.6336354773106727,6.0,True,1.9,
081301,1807385.8900000001,820143.4,18,4,Maíz,96.6,Set,CUSCO,URUBAMBA,URUBAMBA,-13.251108785999955,-72.13922507366664,2360.3575453969916,858b61affffffff,868b61ad7ffffff,Sicuani,2.9641228741747696,False,3.9120480823366,6.0,True,1.8,
040505,1770534.1300000001,1063330.56,68,18,Quinua y cereales andinos,40.8,Oct,AREQUIPA,CAYLLOMA,CAYLLOMA,-15.151591122999946,-71.79669505699997,3.2626026743644627,85b33493fffffff,86b33491fffffff,Sicuani,4.994813672500088,False,0.6798139154226734,6.0,True,1.8,
150102,1618118.98,676047.53,369,6,Carne de equino,44.5,Dic,LIMA,LIMA,ANCON,-11.702526973999966,-77.09580085399995,32.32931034207186,858e666bfffffff,868e66697ffffff,Pisco,3.6140297772240406,False,4.516910658938917,4.0,True,1.6,
021511,1581888.88,802659.0,48,1,"Palta, mango, dátil y piña",100.0,Feb,ANCASH,PALLASCA,TAUCA,-8.454703583666628,-78.03200298499996,3848.6722021155397,858f5eb3fffffff,868f5eb27ffffff,Huamachuco,5.90283683534866,False,0.4772498815152919,6.0,True,1.6,
040511,1465095.68,718290.5,60,2,Legumbres frescas,61.7,Abr,AREQUIPA,CAYLLOMA,LLUTA,-15.960760511499956,-71.97928524749997,4231.176494806036,85b33477fffffff,86b334747ffffff,Juliaca,8.321151082154294,False,1.1545365435895352,6.0,False,1.5,
110207,1429723.52,294008.34,36,6,Hortalizas congeladas,61.8,Dic,ICA,CHINCHA,PUEBLO NUEVO,-13.314466992999968,-76.09572673449995,445.71333391606515,858e6373fffffff,868e63717ffffff,Pisco,1.119848257080439,True,3.1247741570728222,4.0,True,1.4,
200801,1381579.03,1085831.48,22,5,Legumbres secas,71.0,Set,PIURA,SECHURA,SECHURA,-5.617652616499967,-80.76249016074998,3515.297023072541,858f56dbfffffff,868f56db7ffffff,Chiclayo,3.3475376618969497,False,7.1218781621861975,4.0,True,1.4,
211207,1368382.5,451075.0,22,1,Café,100.0,Ago,PUNO,SANDIA,SAN JUAN DEL ORO,-14.197683133749948,-69.10578030499995,729.1871737779163,858b75bbfffffff,868b75b9fffffff,Juliaca,5.752771985601087,False,0.8854906754666848,6.0,True,1.4,
090501,1348946.16,643682.0,40,2,"Palta, mango, dátil y piña",100.0,Set,HUANCAVELICA,CHURCAMPA,CHURCAMPA,-12.714668043571391,-74.39698462571424,4883.4485061691075,858e61affffffff,868e61ad7ffffff,Tarma,6.093366785552424,False,0.2230227819044546,6.0,False,1.3,
250105,1333701.67,114447.3,168,11,Chocolate,61.3,Oct,UCAYALI,CORONEL PORTILLO,YARINACOCHA,-8.286410027749952,-74.63821764849997,23971.78148492986,858f4c7bfffffff,868f4c78fffffff,Tarma,10.634817855423329,False,0.7790899337288866,6.0,False,1.3,
160201,1093222.3399999999,137969.55,6,3,Extractos vegetales (tara y otros),84.2,May,LORETO,ALTO AMAZONAS,YURIMAGUAS,-5.86002590599996,-76.1473921215714,79812.62779373006,858f4467fffffff,868f4466fffffff,Bellavista,3.5974262522788685,False,0.3969188868209073,6.0,True,1.1,
120133,1003046.8099999999,97289.77,177,1,Hortalizas preparadas,97.3,Set,JUNIN,HUANCAYO,SAPALLANGA,-12.123258790999955,-75.14924206274996,3943.954396099082,858e61dbfffffff,868e61d87ffffff,Tarma,2.025628040092153,False,0.7354601629978978,6.0,True,1.0,
020101,970691.77,364900.35,57,19,Legumbres secas,34.1,Jul,ANCASH,HUARAZ,HUARAZ,-9.58072450849997,-77.48755910599996,7886.917231272755,858f583bfffffff,868f583b7ffffff,Huamachuco,8.802596373106482,False,1.0813350286166068,6.0,False,1.0,
150727,958082.77,426782.18,134,3,Alimento balanceado,94.0,Set,LIMA,HUAROCHIRI,SANTA CRUZ DE COCACHACRA,-11.925904831999958,-76.56064201599997,327.25394617363185,858e6283fffffff,868e62957ffffff,Tarma,3.747067310450141,False,0.9031716883666548,4.0,True,1.0,
230102,943894.53,1343470.63,276,11,Agua,18.8,Abr,TACNA,TACNA,ALTO DE LA ALIANZA,-17.833332841999948,-70.27886115699994,129.68824342400077,85b304c7fffffff,86b304c5fffffff,Juliaca,8.888256127554419,False,5.422925110638847,4.0,False,0.9,
040305,939551.85,725685.0,46,7,Hortalizas preparadas,100.0,Feb,AREQUIPA,CARAVELI,BELLA UNION,-15.474583545999963,-74.74414843849996,4704.533520610332,858e6a2ffffffff,868e6a2dfffffff,Pisco,5.095092406610351,False,2.451168551719894,4.0,False,0.9,
040110,936838.36,2870209.62,145,10,Pisco y licores,33.7,Set,AREQUIPA,AREQUIPA,MIRAFLORES,-16.356469017999927,-71.47127210899998,0.0,85b33543fffffff,86b335407ffffff,Juliaca,4.986654963456735,False,2.003208648987528,6.0,True,0.9,
080904,913380.88,133850.0,4,1,Café,100.0,Dic,CUSCO,LA CONVENCION,MARANURA,-12.946426372999952,-72.64874303466662,494.5594510449574,858b6cc7fffffff,868b6cc4fffffff,Sicuani,6.4381251159406,False,1.8061869231497136,6.0,False,0.9,
100201,903370.1799999999,143733.44,86,4,Otros azúcares,71.9,Nov,HUANUCO,AMBO,AMBO,-10.159807937714236,-76.15909165699998,11703.086570697564,858f59affffffff,868f59ac7ffffff,Tarma,4.047402340894679,False,0.7100171802490134,6.0,True,0.9,
010514,869497.03,224395.0,4,1,Café,100.0,Ene,AMAZONAS,LUYA,PISUQUIA,-6.476538672999948,-78.08654747879996,5323.935913074365,858f5507fffffff,868f5506fffffff,Chiclayo,9.811340776182668,False,9.84319953964192,6.0,False,0.9,
050613,837574.8200000001,451786.0,22,4,"Palta, mango, dátil y piña",100.0,Mar,AYACUCHO,LUCANAS,OTOCA,-14.50231791866662,-74.69562827866662,1655.321437561023,858e6a87fffffff,868e6a877ffffff,Pisco,4.694634664325378,False,0.587880293377426,6.0,True,0.8,
020505,802332.73,467724.0,22,2,"Palta, mango, dátil y piña",100.0,Ene,ANCASH,BOLOGNESI,CAJACAY,-10.190445243999932,-77.34248940599997,2151.1358473997743,858f5b87fffffff,868f5b867ffffff,Pisco,7.6409822641967295,False,1.7448997463483142,6.0,False,0.8,
200201,791160.37,366223.99,64,13,"Productos vegetales diversos (tara, achiote)",65.5,Jun,PIURA,AYABACA,AYABACA,-4.6522907541499565,-79.61733040159996,84542.30174326882,858f724ffffffff,868f724f7ffffff,Chiclayo,6.576545568656294,False,1.119729586966176,6.0,False,0.8,
150709,741679.61,332725.7,78,7,Alimento balanceado,49.2,Dic,LIMA,HUAROCHIRI,HUAROCHIRI,-12.058707883249951,-76.27149956174996,1306.6696841945984,858e604bfffffff,868e6048fffffff,Tarma,6.196500944016232,False,2.608133395702963,6.0,False,0.7,
021205,681471.87,411442.8,25,1,"Palta, mango, dátil y piña",100.0,Feb,ANCASH,HUAYLAS,MATO,-8.958027930999947,-77.89096736899995,2574.169467623631,858f58dbfffffff,868f58d8fffffff,Huamachuco,9.105920688803169,False,4.605968206676924,6.0,False,0.7,
030101,677214.85,321947.5,20,4,Quinua y cereales andinos,83.9,Jul,APURIMAC,ABANCAY,ABANCAY,-13.631881480777736,-72.87862450422217,7983.7059190228265,858e6dc7fffffff,868e6d137ffffff,Sicuani,6.399666381787484,False,0.2651582993751554,6.0,False,0.7,
151008,647414.82,116579.79,28,2,"Arándano, fresa y otras bayas",82.8,Oct,LIMA,YAUYOS,CATAHUASI,-12.75727074699995,-75.87518951499996,582.2966456377432,858e638bfffffff,868e63897ffffff,Pisco,3.959217304459976,False,2.1552396116792947,4.0,True,0.6,
200405,645860.64,470277.5,39,13,Uva,52.3,Nov,PIURA,MORROPON,MORROPON,-5.17095254849995,-79.9811590353333,5150.293365690952,858f0933fffffff,868f09317ffffff,Chiclayo,3.296367837772621,False,0.1848890061664083,4.0,True,0.6,
090612,640196.5,240553.5,17,2,Legumbres secas,88.4,Set,HUANCAVELICA,HUAYTARA,SAN ISIDRO,-13.97374051899996,-75.23665725349997,1860.928946116738,858e6e7bfffffff,868e6e7b7ffffff,Pisco,4.332578414048905,False,0.1519050773929214,6.0,True,0.6,
160301,640000.0,20000.0,1,1,Extractos vegetales (tara y otros),100.0,Mar,LORETO,LORETO,NAUTA,-4.490981633999961,-73.86398645866662,14938.876183372855,858f61abfffffff,868f61a97ffffff,,inf,False,29.312294592396373,6.0,False,0.6,
170303,635890.3,106215.99,25,2,Coco y castaña,99.8,Nov,MADRE DE DIOS,TAHUAMANU,TAHUAMANU,-11.637824761874953,-69.31160635949996,24427.345173956586,858b40dbfffffff,868b40dafffffff,Juliaca,12.284699780918448,False,1.4797879816842634,6.0,False,0.6,
021510,600287.4,286800.0,22,1,"Palta, mango, dátil y piña",100.0,Ene,ANCASH,PALLASCA,SANTA ROSA,-8.530995464999961,-78.12328893049994,1378.5208172814166,858f5eb3fffffff,868f5ebafffffff,Huamachuco,7.096618528008477,False,3.7688386246556353,6.0,False,0.6,
150809,572922.09,413466.6,21,2,Cítricos,89.6,Jul,LIMA,HUAURA,SANTA LEONOR,-10.979808552749944,-76.69354678199996,1853.5317354274962,858e6613fffffff,868e6689fffffff,Tarma,5.146262519911878,False,1.6359695878306697,6.0,True,0.6,
100507,555554.89,81062.0,8,2,Café,99.6,Abr,HUANUCO,HUAMALIES,MONZON,-9.271135397999956,-76.21027974739997,18316.247084982962,858f5d23fffffff,868f5d207ffffff,Tarma,7.2955418032139105,False,5.976139516926542,6.0,False,0.6,
100103,539719.43,140541.21,459,1,Follaje y ramas,79.0,Mar,HUANUCO,HUANUCO,CHINCHAO,-9.677098836272684,-76.08890051190905,17967.519225592965,858f4a4bfffffff,868f4a487ffffff,Tarma,5.083837132506868,False,1.062977953309313,6.0,True,0.5,
130809,537600.0,320000.0,4,1,"Productos vegetales diversos (tara, achiote)",100.0,Jul,LA LIBERTAD,PATAZ,PATAZ,-7.744843769599958,-77.59888068899997,4179.717489576183,858f5cd7fffffff,868f5cd77ffffff,Huamachuco,4.489927652475765,False,1.616763338444183,6.0,True,0.5,
130403,536907.18,1620680.0,79,5,Forrajes,66.6,Mar,LA LIBERTAD,CHEPEN,PUEBLO NUEVO,-7.192265684599943,-79.56085170739996,10453.548098997555,858f5063fffffff,868f50637ffffff,Chiclayo,1.7117793843877016,True,2.6183215478828297,4.0,True,0.5,
010501,527978.69,95900.0,9,2,Café,100.0,Dic,AMAZONAS,LUYA,LAMUD,-6.1215154714999755,-77.95513605349996,2658.0786232142814,858f5587fffffff,868f5584fffffff,Chiclayo,7.69317062537507,False,0.7741567629923822,6.0,False,0.5,
100108,515081.85,192828.0,10,3,Uva,74.4,Dic,HUANUCO,HUANUCO,SAN PEDRO DE CHAULAN,-10.083597069714244,-76.43123201014282,2142.3542452738616,858f5907fffffff,868f59067ffffff,Tarma,6.818033729426899,False,2.311930962262457,6.0,False,0.5,
060410,514886.7,307482.0,14,1,"Palta, mango, dátil y piña",100.0,Abr,CAJAMARCA,CHOTA,LAJAS,-6.562276555999938,-78.72932915279998,11017.333581993005,858f554ffffffff,868f554c7ffffff,Chiclayo,4.152827048381922,False,0.40705178136712,6.0,True,0.5,
110304,512120.76,723265.0,27,6,Algarroba y otros frutos,39.0,Nov,ICA,NASCA,MARCONA,-15.142449750999958,-75.06933817299995,18.052093878240857,858e6a73fffffff,868e6a777ffffff,Pisco,4.0829199150590085,False,5.078993642686352,4.0,False,0.5,
150128,482765.89,52297.18,168,7,Follaje y ramas,76.9,Feb,LIMA,LIMA,RIMAC,-12.02358344299995,-77.03267751899995,0.0,858e62c3fffffff,868e62c2fffffff,Pisco,3.0273692939999672,False,0.1026555036897495,4.0,True,0.5,
050611,478567.91000000003,285040.0,12,3,"Palta, mango, dátil y piña",100.0,Mar,AYACUCHO,LUCANAS,LUCANAS,-14.542407040666623,-74.28190257299997,2922.023947526409,858e6847fffffff,868e68457ffffff,Pisco,6.390264685404457,False,3.829535405397199,6.0,False,0.5,
090502,476392.0,246144.0,20,1,"Palta, mango, dátil y piña",100.0,May,HUANCAVELICA,CHURCAMPA,ANCO,-12.661572543199952,-74.55319774699996,4954.180753276894,858e6107fffffff,868e6106fffffff,Tarma,5.296094105087599,False,1.0548298620677352,6.0,True,0.5,
080701,471428.68,222888.0,12,4,"Palta, mango, dátil y piña",100.0,Feb,CUSCO,CHUMBIVILCAS,SANTO TOMAS,-14.593761528499945,-72.09413606366662,4200.6113105095765,858b6517fffffff,868b6516fffffff,Sicuani,4.544467783464803,False,2.9677021469618903,6.0,True,0.5,
220904,463587.39,175444.9,9,2,Cacao en grano,98.9,Feb,SAN MARTIN,SAN MARTIN,CHAZUTA,-6.578969506199951,-76.01531639359996,13047.229693875332,858f40abfffffff,868f40a97ffffff,Bellavista,2.6649956955947838,False,4.577765525409934,6.0,True,0.5,
040413,460965.22,1737059.0,61,1,Papa,100.0,Set,AREQUIPA,CASTILLA,URACA,-16.271268264999964,-72.49312633266663,3970.975353554587,85b336a7fffffff,86b336a5fffffff,Juliaca,6.888058783146506,False,2.8160597991580385,4.0,False,0.5,
040308,446763.13,253464.0,11,1,"Palta, mango, dátil y piña",95.7,Abr,AREQUIPA,CARAVELI,CHAPARRA,-15.804737110499955,-73.93155662499996,895.1277184297659,858e6b3bfffffff,868e6b397ffffff,Pisco,6.766531357958101,False,1.874395391196168,4.0,False,0.4,
050116,443816.05,164449.26,15,4,"Jengibre, cúrcuma y especias",47.7,Nov,AYACUCHO,HUAMANGA,ANDRES AVELINO CACERES DORREGARAY,-13.15460055799997,-74.20020485999999,258.13827971237095,858e6c53fffffff,868e6c50fffffff,,,,,,,0.4,
100107,420262.98,215628.0,11,1,"Palta, mango, dátil y piña",100.0,Feb,HUANUCO,HUANUCO,SAN FRANCISCO DE CAYRAN,-9.99394709024996,-76.32037694549997,2121.6439500731835,858f59bbfffffff,868f59b9fffffff,Tarma,4.843863953656623,False,1.1164547396904387,6.0,True,0.4,
080604,419040.19,152304.0,7,1,"Palta, mango, dátil y piña",100.0,Feb,CUSCO,CANCHIS,MARANGANI,-14.378453904499949,-71.10746943249997,3799.103703921838,858b6087fffffff,868b60877ffffff,Sicuani,0.7539809910143285,True,0.2648085766290799,6.0,True,0.4,
090103,411623.7,201600.0,18,1,"Palta, mango, dátil y piña",100.0,Set,HUANCAVELICA,HUANCAVELICA,ACORIA,-12.617341072399958,-74.84666028966663,19599.38211612534,858e610bfffffff,868e610afffffff,Tarma,4.70644961464815,False,2.7131321328443136,6.0,True,0.4,
010307,410614.29000000004,113850.0,4,1,Café,100.0,Ago,AMAZONAS,BONGARA,JAZAN,-5.947708212999956,-78.00949791449996,2423.707738824592,858f5583fffffff,868f5582fffffff,Chiclayo,6.427636289804078,False,1.914060768782264,6.0,False,0.4,
080408,400474.1,39093.0,27,1,Café,100.0,Set,CUSCO,CALCA,YANATILE,-12.805863579499942,-72.13479409999997,1094.5914610841987,858b6c5bfffffff,868b6c5b7ffffff,Sicuani,5.392052421806643,False,2.159848343999268,6.0,True,0.4,
220104,386123.41000000003,58305.0,11,1,Café,100.0,Oct,SAN MARTIN,MOYOBAMBA,JEPELACIO,-6.16239966024996,-76.92762647199996,30908.627245275264,858f4623fffffff,868f46227ffffff,Bellavista,4.854159741864819,False,1.274470533935376,6.0,True,0.4,
050618,372155.47,173680.0,8,3,"Palta, mango, dátil y piña",100.0,Abr,AYACUCHO,LUCANAS,SAN PEDRO DE PALCO,-14.345047305499975,-74.55672683499995,1191.1876793506858,858e685bfffffff,868e68597ffffff,Pisco,6.39425572104922,False,5.317979117802686,6.0,False,0.4,
150508,369749.66000000003,264886.35,19,4,Cítricos,70.5,Jul,LIMA,CAÑETE,LUNAHUANA,-13.020165376999955,-76.15144942399996,1379.5134875124174,858e6357fffffff,868e63547ffffff,Pisco,1.8848879591124263,True,1.7185760949004785,4.0,True,0.4,
050201,368776.86,161139.3,112,3,Quinua y cereales andinos,81.9,Set,AYACUCHO,CANGALLO,CANGALLO,-13.588834082999957,-74.11766255849996,8837.404534017352,858e6c7bfffffff,868e6c79fffffff,Pisco,7.421911276844244,False,1.100895599171024,6.0,False,0.4,
060804,345072.32,82550.0,3,1,Café,100.0,Ene,CAJAMARCA,JAEN,COLASAY,-5.922540680999958,-78.97368214099995,27401.47524038511,858f5433fffffff,868f5431fffffff,Chiclayo,6.161544346355552,False,2.0063876372966805,6.0,False,0.3,
080906,343428.21,27136.75,44,4,Café,89.4,Feb,CUSCO,LA CONVENCION,QUELLOUNO,-12.539578164999966,-72.4640919333333,2339.368152232293,858b6c47fffffff,868b6c44fffffff,Sicuani,8.523971772316633,False,4.101529025947055,6.0,False,0.3,
010602,339489.87,65079.0,9,2,Café,100.0,Ene,AMAZONAS,RODRIGUEZ DE MENDOZA,CHIRIMOTO,-6.541860934166617,-77.39345110199996,2882.835041050817,858f42d7fffffff,868f42d67ffffff,Chiclayo,10.349417595519292,False,0.2199063965530361,6.0,False,0.3,
021001,336000.0,200000.0,9,1,"Productos vegetales diversos (tara, achiote)",100.0,Nov,ANCASH,HUARI,HUARI,-9.32491856799995,-77.22667084266662,5434.82594666797,858f58abfffffff,868f58aa7ffffff,Tarma,11.203929442727851,False,2.4312686007274444,6.0,False,0.3,
050610,326863.05,152736.0,11,3,"Palta, mango, dátil y piña",100.0,Mar,AYACUCHO,LUCANAS,LLAUTA,-14.260906003333295,-74.94931499499995,1506.4041580918902,858e6e67fffffff,868e6e65fffffff,Pisco,3.8469162107212407,False,0.6293290504335047,6.0,True,0.3,
050612,320747.25,232156.0,10,1,"Palta, mango, dátil y piña",100.0,Feb,AYACUCHO,LUCANAS,OCAÑA,-14.381812073333265,-74.78182782399996,3903.0709513182583,858e6a93fffffff,868e6a91fffffff,Pisco,5.463995186959557,False,3.628616569040018,6.0,True,0.3,
060109,316878.63,116674.0,14,3,"Palta, mango, dátil y piña",47.1,Feb,CAJAMARCA,CAJAMARCA,MAGDALENA,-7.222151049249959,-78.63548579299996,9891.986195630243,858f51c3fffffff,868f51c0fffffff,Chiclayo,3.901684709399939,False,0.1604833826536789,4.0,True,0.3,
080104,313857.22000000003,100306.92,16,4,Legumbres secas,85.7,May,CUSCO,CUSCO,SAN JERONIMO,-13.567701775999968,-71.87282521839997,2880.011369149929,858b618ffffffff,868b618d7ffffff,Sicuani,2.103106128781497,False,0.7863127250500113,6.0,True,0.3,
010513,300527.77,75900.0,4,1,Café,100.0,Ene,AMAZONAS,LUYA,OCUMAL,-6.3408991054999575,-78.15713301224996,11536.211615623037,858f5517fffffff,868f5515fffffff,Chiclayo,10.22764377511041,False,4.97779723583203,6.0,False,0.3,
150714,288917.6,40740.0,2,1,Pimienta y ají,100.0,Abr,LIMA,HUAROCHIRI,RICARDO PALMA,-11.937756125999954,-76.62295519399999,103.63240387018664,858e6283fffffff,868e62827ffffff,Pisco,3.7830063872732422,False,1.919123822340113,4.0,True,0.3,
060803,272540.88,61910.0,2,1,Café,100.0,Feb,CAJAMARCA,JAEN,CHONTALI,-5.644407466249945,-79.09640963849995,17493.53324023939,858f5417fffffff,868f5415fffffff,Chiclayo,7.582397351242775,False,0.8431249001959872,6.0,False,0.3,
050609,271977.31,113884.0,6,1,"Palta, mango, dátil y piña",100.0,Abr,AYACUCHO,LUCANAS,LEONCIO PRADO,-14.687522735666619,-74.61319614866663,1605.778720451277,858e6abbfffffff,868e6aba7ffffff,Pisco,5.016772961809782,False,6.5495520954716415,6.0,True,0.3,
090601,265006.44,115465.0,14,4,"Palta, mango, dátil y piña",88.4,Feb,HUANCAVELICA,HUAYTARA,HUAYTARA,-13.642429948999961,-75.39076668366663,1132.048406601686,858e6e5bfffffff,868e6e5afffffff,Pisco,3.3797946661779528,False,0.1252006229121082,6.0,True,0.3,
150509,244534.29,51898.96,17,5,Pisco y licores,55.0,Ene,LIMA,CAÑETE,MALA,-12.651851848333289,-76.61127553233331,3178.0849818711017,858e623bfffffff,868e623afffffff,Pisco,1.9303878605404143,True,0.940778310417266,4.0,True,0.2,
030207,236199.83000000002,144867.6,7,2,"Palta, mango, dátil y piña",100.0,Ene,APURIMAC,ANDAHUAYLAS,KISHUARA,-13.645134377499962,-73.16473699674997,9862.008067593775,858e6dcffffffff,868e6dcf7ffffff,Sicuani,8.67786304242476,False,1.0603229325659096,6.0,False,0.2,
090505,229362.53,137590.0,6,1,"Palta, mango, dátil y piña",100.0,Abr,HUANCAVELICA,CHURCAMPA,LA MERCED,-12.790937580499957,-74.32988291149996,1168.5795997697674,858e6137fffffff,868e61367ffffff,Tarma,6.311222248619021,False,0.7531820272120445,6.0,False,0.2,
210201,225715.17,103340.0,13,1,Quinua y cereales andinos,88.0,Ago,PUNO,AZANGARO,AZANGARO,-14.887583872199958,-70.16316598859996,23044.880639560484,858b6687fffffff,868b6685fffffff,Juliaca,1.189671247773374,True,0.5402717668943695,6.0,True,0.2,
040118,223928.5,66280.6,4,2,Uva,100.0,Set,AREQUIPA,AREQUIPA,SAN JUAN DE SIGUAS,-16.405118739999978,-72.16331972299997,338.6018333926484,85b330d7fffffff,86b330d47ffffff,Juliaca,6.117247842560345,False,0.4420368090769219,4.0,False,0.2,
090704,223292.8,112224.0,10,1,"Palta, mango, dátil y piña",100.0,Feb,HUANCAVELICA,TAYACAJA,AHUAYCHA,-12.42137512016661,-74.90016573949997,4603.417903374779,858e611bfffffff,868e611a7ffffff,Tarma,4.632849504255385,False,0.160634609921036,6.0,True,0.2,
160112,220725.0,3405.75,40,3,Otros animales vivos,100.0,Ene,LORETO,MAYNAS,BELEN,-3.779706107666622,-73.20262066966664,9287.139310506403,858a6d3bfffffff,868a6d3a7ffffff,,inf,False,5.560228693393364,6.0,False,0.2,
020108,220641.9,55900.0,3,2,Jugos de fruta,52.0,May,ANCASH,HUARAZ,OLLEROS,-9.621876038999943,-77.41331111099996,2204.3929162491463,858f583bfffffff,868f58387ffffff,Huamachuco,8.497178372733732,False,8.521366278981747,6.0,False,0.2,
021010,217605.47999999998,87648.0,4,2,"Palta, mango, dátil y piña",100.0,Ene,ANCASH,HUARI,PAUCAS,-9.155385797999967,-76.87707753099997,2668.9687001052444,858f5d7bfffffff,868f5d4cfffffff,Tarma,13.316571598043446,False,0.6425694273988592,6.0,False,0.2,
090407,216256.05,87196.0,4,2,"Palta, mango, dátil y piña",100.0,Feb,HUANCAVELICA,CASTROVIRREYNA,HUACHOS,-13.215256573666617,-75.50943809366662,945.2638038811447,858e6333fffffff,868e6332fffffff,Pisco,3.688577834664578,False,0.3312335582864776,6.0,True,0.2,
150716,215364.12,106880.44,32,6,Pimienta y ají,52.0,Oct,LIMA,HUAROCHIRI,SAN ANTONIO,-11.752589004666618,-76.70116950033328,1100.3958440766041,858e6667fffffff,868e6664fffffff,Pisco,7.846639650748404,False,0.8133903611452477,4.0,False,0.2,
030606,212048.19,144428.0,6,3,"Palta, mango, dátil y piña",100.0,Abr,APURIMAC,CHINCHEROS,ONGOY,-13.421798300666618,-73.66068139366662,2862.6554227714655,858e6c3bfffffff,868e6c3a7ffffff,Pisco,10.844930643102602,False,0.6657018114975238,6.0,False,0.2,
120107,211748.65,90318.65,122,7,Quinua y cereales andinos,39.1,Mar,JUNIN,HUANCAYO,CHILCA,-12.084632263999936,-75.19835197199995,321.3539785988326,858e61dbfffffff,868e61db7ffffff,Tarma,1.826111244019488,True,0.1911171961796575,6.0,True,0.2,
160601,208985.23,100726.68,2,2,Cacao en grano,98.1,Ago,LORETO,UCAYALI,CONTAMANA,-7.554990542666606,-75.07722378533329,24202.189629939465,858f4123fffffff,868f41237ffffff,,inf,False,71.84385750664208,6.0,False,0.2,
150129,206593.99,84372.42,91,5,Pisco y licores,46.8,Jun,LIMA,LIMA,SAN BARTOLO,-12.369376227999965,-76.72414038499994,0.0,858e6217fffffff,868e6202fffffff,Pisco,2.7410009181212738,False,3.236427905758919,4.0,True,0.2,
070107,206406.0,4560.62,166,2,Preparaciones alimenticias,98.9,Feb,CALLAO,CALLAO,MI PERU,-11.85433944099998,-77.12055565999998,0.0,858e62d3fffffff,868e62d17ffffff,,,,,,,0.2,
090409,204727.75,107328.0,6,2,"Palta, mango, dátil y piña",100.0,Feb,HUANCAVELICA,CASTROVIRREYNA,MOLLEPAMPA,-13.307992174999962,-75.44035015199995,1754.2118476346557,858e6337fffffff,868e63377ffffff,Pisco,2.6765161363829795,False,2.897299513200408,6.0,True,0.2,
100204,203659.88,129984.0,6,1,"Palta, mango, dátil y piña",100.0,Abr,HUANUCO,AMBO,CONCHAMARCA,-10.060036612666616,-76.23587384566663,4878.993124087363,858f59abfffffff,868f59aafffffff,Tarma,4.065932490727333,False,0.5724177466384706,6.0,True,0.2,
130105,203530.12,61880.090000000004,14,2,Hortalizas preparadas,99.1,Oct,LA LIBERTAD,TRUJILLO,LA ESPERANZA,-8.063402979999978,-79.05543985499997,1.1080597543185569,858f53affffffff,868f53ae7ffffff,Huamachuco,2.8574329117847856,False,0.0884582598632909,4.0,True,0.2,
021103,198974.1,94074.0,8,3,"Palta, mango, dátil y piña",52.5,Ene,ANCASH,HUARMEY,CULEBRAS,-9.818645420999957,-78.05269271549994,2234.2325763598337,858f5ab7fffffff,868f5ab5fffffff,Huamachuco,7.587066313644059,False,3.073095156786095,4.0,False,0.2,
050402,194470.52000000002,92424.0,4,3,Plantas para perfumería,73.5,Ago,AYACUCHO,HUANTA,AYAHUANCO,-12.543644466499956,-74.29463398549996,1530.7881805150423,858e61a3fffffff,868e61a0fffffff,Tarma,8.136101870878752,False,2.591459586489549,6.0,False,0.2,
061101,194243.64,77127.0,7,3,"Palta, mango, dátil y piña",57.6,Mar,CAJAMARCA,SAN MIGUEL,SAN MIGUEL,-7.04117437916662,-78.8979854703333,15858.323005221298,858f50affffffff,868f50acfffffff,Chiclayo,4.95568207147396,False,0.2464728295428828,6.0,True,0.2,
021011,190200.0,65000.0,3,1,Extractos vegetales (tara y otros),65.7,Nov,ANCASH,HUARI,PONTO,-9.348615417999952,-76.98617757199995,4373.937516919488,858f58a7fffffff,868f58b5fffffff,Tarma,11.696005215719987,False,0.7390204718194764,6.0,False,0.2,
050607,187927.29,109827.6,6,2,"Palta, mango, dátil y piña",100.0,Jul,AYACUCHO,LUCANAS,HUAC-HUAS,-14.159955983666615,-74.99287993466662,3594.2504030472737,858e6e63fffffff,868e6e60fffffff,Pisco,4.9321733422360445,False,2.602232138486495,6.0,True,0.2,
120806,184628.0,39966.0,3,1,Hortalizas frescas (espárrago y otras),100.0,Jul,JUNIN,YAULI,PACCHA,-11.44011874599994,-75.99227188599997,21.58171148136486,858e60d3fffffff,868e60d1fffffff,Tarma,3.203965047422972,False,0.8330384451466651,6.0,True,0.2,
200502,181831.66,125582.4,12,2,Banano y plátano,100.0,Ene,PIURA,PAITA,AMOTAPE,-4.872485688999973,-81.00557175266663,1019.5703427783482,858f0b93fffffff,868f0b92fffffff,Chiclayo,4.141720738354972,False,1.2429832655594644,4.0,False,0.2,
090713,179856.0,86352.0,8,1,"Palta, mango, dátil y piña",100.0,Mar,HUANCAVELICA,TAYACAJA,QUISHUAR,-12.250188826499965,-74.76384191499997,746.2389782119612,858e618bfffffff,868e61887ffffff,Tarma,5.045625967631088,False,1.7240916654882965,6.0,True,0.2,
220805,173186.66,31395.0,3,1,Café,100.0,Nov,SAN MARTIN,RIOJA,PARDO MIGUEL,-5.756643891249951,-77.56454123524996,15622.982983717928,858f4653fffffff,868f4652fffffff,Bellavista,4.434534025296787,False,3.1411608213530355,6.0,True,0.2,
220301,167160.32,50048.0,1,1,Cacao en grano,100.0,Nov,SAN MARTIN,EL DORADO,SAN JOSE DE SISA,-6.60860632316663,-76.7158019123333,21053.22401645774,858f4043fffffff,868f40407ffffff,Bellavista,1.5640626112102705,True,0.2650462688872532,6.0,True,0.2,
200210,161164.79,14787.15,13,3,Plantas para perfumería,100.0,Jun,PIURA,AYABACA,SUYO,-4.490003049833281,-80.0387422173333,18033.012074629518,858f0983fffffff,868f09837ffffff,Chiclayo,4.751328408612301,False,2.2405105877043523,4.0,False,0.2,
040125,159728.66,43399.09,22,2,Pisco y licores,59.1,Jul,AREQUIPA,AREQUIPA,VITOR,-16.454981560333295,-71.9393359053333,11764.05653662618,85b33083fffffff,86b3308afffffff,Juliaca,5.53911299093091,False,0.3065896477555408,4.0,False,0.2,
061002,159385.88,53372.38,17,2,Confitería sin cacao,40.2,Jul,CAJAMARCA,SAN MARCOS,CHANCAY,-7.408866811999957,-78.12041861099996,3038.997381410577,858f51bbfffffff,868f51b9fffffff,Huamachuco,1.5695689620473083,True,0.2670708457281198,6.0,True,0.2,
030216,158945.5,87072.0,10,1,"Palta, mango, dátil y piña",100.0,Feb,APURIMAC,ANDAHUAYLAS,TALAVERA,-13.64796774061534,-73.45143354261533,10719.237107184168,858e6c27fffffff,868e6c257ffffff,Sicuani,9.83912896264977,False,0.522101907655844,6.0,False,0.2,
061301,157500.0,85000.0,4,1,"Productos vegetales diversos (tara, achiote)",100.0,Abr,CAJAMARCA,SANTA CRUZ,SANTA CRUZ,-6.633445232166632,-78.9359095658333,4506.761181978381,858f50b3fffffff,868f50b17ffffff,Chiclayo,3.468135182425148,False,0.8553217558510718,6.0,True,0.2,
230105,151761.65,129122.5,10,1,Pimienta y ají,61.8,May,TACNA,TACNA,INCLAN,-17.66837407799996,-70.46431660799998,4301.789363367417,85b304c3fffffff,86b304d8fffffff,Juliaca,8.803962722024927,False,1.2413341391372272,4.0,False,0.2,
180301,148965.6,575900.0,22,3,Salvados y afrecho,87.1,May,MOQUEGUA,ILO,ILO,-17.717026817999965,-71.21348640499997,91.71560493278922,85b33173fffffff,86b33170fffffff,Juliaca,7.50426357696429,False,4.172913183595667,4.0,False,0.1,
200407,148100.0,20000.0,4,1,Cacao en grano,100.0,Jul,PIURA,MORROPON,SAN JUAN DE BIGOTE,-5.303474986999959,-79.73744868749996,5498.041119704878,858f0937fffffff,868f0934fffffff,Chiclayo,3.8734753205241352,False,0.8932548283173288,4.0,True,0.1,
170104,146126.5,11974.0,12,1,Otros aceites vegetales,49.8,Jun,MADRE DE DIOS,TAMBOPATA,LABERINTO,-12.644980320399963,-69.67818925099996,13927.984732599289,858b448bfffffff,868b44897ffffff,Juliaca,8.823258688609169,False,12.69609623883341,6.0,False,0.1,
040103,136491.76,27043.6,9,4,Plantas para perfumería,58.0,Ago,AREQUIPA,AREQUIPA,CAYMA,-16.25080225499994,-71.46406065599996,453.03263358281504,85b33553fffffff,86b33551fffffff,Juliaca,4.333757292956175,False,1.038884625220239,6.0,True,0.1,
040207,134771.5,46000.0,2,1,Cebolla y ajo,100.0,Dic,AREQUIPA,CAMANA,QUILCA,-16.68621814399998,-72.38099879499998,456.5762465474221,85b330cffffffff,86b330cdfffffff,Juliaca,7.2699585185561855,False,2.938681286503035,4.0,False,0.1,
150127,134672.75,6789.86,13,5,Confitería sin cacao,66.5,Set,LIMA,LIMA,PUNTA NEGRA,-12.303643136999938,-76.70944059199996,198.2125182676899,858e6217fffffff,868e62157ffffff,Pisco,3.2893500177387445,False,2.011242832326201,4.0,True,0.1,
021202,131300.0,48200.0,3,2,Frutas congeladas,89.0,Ene,ANCASH,HUAYLAS,HUALLANCA,-8.787889857999971,-77.91753369499997,1213.460212542887,858f5ea7fffffff,868f5ea4fffffff,Huamachuco,8.335721780975897,False,3.1579189740986497,4.0,False,0.1,
110404,130459.52,54972.5,3,3,Uva,59.4,Feb,ICA,PALPA,SANTA CRUZ,-14.483673586666631,-75.24917300366661,1949.0602525871197,858e6ac3fffffff,868e6ac37ffffff,Pisco,2.391856508315568,False,0.3495148612588509,4.0,True,0.1,
090401,126245.84,63952.0,3,1,"Palta, mango, dátil y piña",100.0,Feb,HUANCAVELICA,CASTROVIRREYNA,CASTROVIRREYNA,-13.214272764333279,-75.28469405266662,1003.4997179582531,858e6edbfffffff,868e6edb7ffffff,Pisco,3.4869345044425373,False,2.015365420532953,6.0,True,0.1,
220702,126014.4,166525.2,9,2,Banano y plátano,100.0,Set,SAN MARTIN,PICOTA,BUENOS AIRES,-6.730945220999942,-76.40952963274997,19444.650691292692,858f4073fffffff,868f40727ffffff,Bellavista,1.08271876848368,True,5.668936128930832,6.0,True,0.1,
120603,122534.19,11730.0,19,1,Café,100.0,Dic,JUNIN,SATIPO,LLAYLLA,-11.461214942999959,-74.64983708449995,8510.316999253526,858e6503fffffff,868e6500fffffff,Satipo,1.1190060056059656,True,12.233659888677389,6.0,True,0.1,
080106,121018.11,20822.54,14,3,"Arándano, fresa y otras bayas",54.3,Oct,CUSCO,CUSCO,SANTIAGO,-13.58262715899996,-71.9795015308333,860.5970662119474,858b618ffffffff,868b618cfffffff,Sicuani,2.622410338253252,False,0.4355132227888232,6.0,True,0.1,
100402,119800.54000000001,66356.0,3,2,"Palta, mango, dátil y piña",100.0,Abr,HUANUCO,HUACAYBAMBA,CANCHABAMBA,-8.86910405533329,-77.1125529903333,3162.830966089946,858f5d5bfffffff,868f5d59fffffff,Tarma,16.797496338793245,False,0.2377069286221345,6.0,False,0.1,
151003,119752.8,135504.0,7,2,"Palta, mango, dátil y piña",100.0,May,LIMA,YAUYOS,ALLAUCA,-12.655992726249949,-76.04405283499996,1534.1973318427818,858e63c3fffffff,868e63c27ffffff,Pisco,4.914195249446875,False,5.3274693394483945,6.0,True,0.1,
050106,117596.69,53748.0,9,2,Quinua y cereales andinos,64.2,Abr,AYACUCHO,HUAMANGA,OCROS,-13.405218350099961,-73.89493142489997,7674.58092719408,858e6c0ffffffff,868e6c0d7ffffff,Pisco,7.539593023616972,False,0.237522225816732,6.0,False,0.1,
021502,107984.59,46244.0,3,1,"Palta, mango, dátil y piña",100.0,Ene,ANCASH,PALLASCA,BOLOGNESI,-8.345598301999956,-78.05223891349996,2208.53709593047,858f5c4bfffffff,868f5c49fffffff,Huamachuco,6.210566634098813,False,0.3737122512888196,6.0,False,0.1,
040128,105339.1,53804.7,21,5,Plantas para perfumería,60.5,Mar,AREQUIPA,AREQUIPA,YURA,-16.13866168249993,-71.61948592699994,1367.4216748038482,85b33427fffffff,86b33425fffffff,Juliaca,3.652227796192058,False,1.8189916670071355,6.0,True,0.1,
050502,102524.0,44296.0,6,2,"Palta, mango, dátil y piña",99.4,Oct,AYACUCHO,LA MAR,ANCO,-13.064098180999954,-73.65059082849996,8910.519322435848,858e6c17fffffff,868e6c8dfffffff,Pisco,10.522270383531582,False,4.364038875578194,6.0,False,0.1,
130108,102288.0,45120.0,2,1,"Palta, mango, dátil y piña",100.0,Abr,LA LIBERTAD,TRUJILLO,POROTO,-8.028222095333282,-78.74663703599997,1312.911997097343,858f516bfffffff,868f5169fffffff,Huamachuco,2.4524674266584903,False,1.694753176750393,4.0,True,0.1,
010704,101500.0,29000.0,2,1,Cacao en grano,100.0,Mar,AMAZONAS,UTCUBAMBA,EL MILAGRO,-5.69511859939995,-78.59967012459997,10098.518096719708,858f54a7fffffff,868f54a6fffffff,Chiclayo,4.746003371945253,False,0.1526345943381733,6.0,True,0.1,
110302,100978.67,38000.0,2,2,Hortalizas frescas (espárrago y otras),56.6,Jul,ICA,NASCA,CHANGUILLO,-14.74474441779995,-75.30222361399996,3708.916339628733,858e6acffffffff,868e6acdfffffff,Pisco,3.409973307709747,False,3.6517392046514616,4.0,True,0.1,
090504,99227.57999999999,50845.0,6,4,"Palta, mango, dátil y piña",84.5,Jul,HUANCAVELICA,CHURCAMPA,EL CARMEN,-12.721279865599957,-74.50098145219997,3709.6941875011116,858e6133fffffff,868e61307ffffff,Tarma,5.830415034181704,False,0.2558142706331167,6.0,True,0.1,
050616,98195.11,42660.0,2,1,"Palta, mango, dátil y piña",100.0,Feb,AYACUCHO,LUCANAS,SAN JUAN,-14.655288387499978,-74.18616939699996,1315.7581024944902,858e687bfffffff,868e687a7ffffff,Pisco,6.171091615323404,False,0.249613517575021,6.0,False,0.1,
040706,97557.3,45576.0,4,1,Hortalizas preparadas,100.0,Jul,AREQUIPA,ISLAY,PUNTA DE BOMBON,-17.15882538766662,-71.64188645299997,2990.2996381061803,85b33027fffffff,86b330267ffffff,Juliaca,6.807881553299883,False,6.755859475511768,4.0,False,0.1,
220201,92153.12,19000.0,1,1,Café,100.0,Feb,SAN MARTIN,BELLAVISTA,BELLAVISTA,-6.999837139999954,-76.58720885099996,21163.1996935149,858f406bfffffff,868f40687ffffff,Bellavista,0.1725369982804729,True,0.8333854245279537,6.0,True,0.1,
150602,91022.49,91215.0,14,2,"Palta, mango, dátil y piña",100.0,Ago,LIMA,HUARAL,ATAVILLOS ALTO,-11.285839367166622,-76.63645465733329,1217.5427305175142,858e6607fffffff,868e6600fffffff,Tarma,5.18581011365345,False,4.677601764678328,6.0,True,0.1,
090410,90495.05,42816.0,2,2,"Palta, mango, dátil y piña",100.0,Mar,HUANCAVELICA,CASTROVIRREYNA,SAN JUAN,-13.265414384749945,-75.67533153124995,846.2035330975442,858e633bfffffff,868e633a7ffffff,Pisco,2.1001226155314563,False,4.95182418376052,4.0,True,0.1,
040501,84324.0,28332.0,5,2,"Arándano, fresa y otras bayas",53.4,Feb,AREQUIPA,CAYLLOMA,CHIVAY,-15.618324776499975,-71.54061406949995,1098.5716095193684,85b334a3fffffff,86b334a07ffffff,Juliaca,4.84492339131708,False,5.990596610193461,6.0,True,0.1,
220305,84000.0,8000.0,1,1,Cacao en grano,100.0,Oct,SAN MARTIN,EL DORADO,SHATOJA,-6.52361591166662,-76.70854514366663,3901.652029501728,858f4043fffffff,868f4051fffffff,Bellavista,1.88666942845546,True,0.1769802368707206,6.0,True,0.1,
030701,81103.93,42816.0,2,1,"Palta, mango, dátil y piña",100.0,Abr,APURIMAC,GRAU,CHUQUIBAMBILLA,-14.12088837274996,-72.76377555549996,4374.362014836737,858e6d3bfffffff,868e6d397ffffff,Sicuani,8.367116715879419,False,2.604208418374614,6.0,False,0.1,
021508,79127.18000000001,65968.0,6,1,"Palta, mango, dátil y piña",100.0,Dic,ANCASH,PALLASCA,PALLASCA,-8.25958946299994,-78.00147940966662,3581.517062874351,858f5c4bfffffff,868f5c4a7ffffff,Huamachuco,4.155571595954339,False,0.1634421495591384,6.0,True,0.1,
030702,76407.51999999999,66880.0,3,1,"Palta, mango, dátil y piña",100.0,Mar,APURIMAC,GRAU,CURPAHUASI,-13.976286015249954,-72.63102733599997,3571.8693665535243,858e6d07fffffff,868e6d06fffffff,Sicuani,9.220613342505048,False,1.386271781034764,6.0,False,0.1,
010502,74133.6,13110.0,2,1,Café,93.5,Mar,AMAZONAS,LUYA,CAMPORREDONDO,-6.191164341142813,-78.33834738742853,7639.076595022174,858f5513fffffff,868f55117ffffff,Chiclayo,8.689235643183855,False,0.4891180676704925,6.0,False,0.1,
021304,72576.0,21248.0,1,1,"Palta, mango, dátil y piña",100.0,Feb,ANCASH,MARISCAL LUZURIAGA,FIDEL OLIVAS ESCUDERO,-8.79091705899996,-77.26579375866663,3753.035203889499,858f5893fffffff,868f5892fffffff,Huamachuco,13.408233650821336,False,1.932547886503724,6.0,False,0.1,
021403,72515.11,20700.0,1,1,Café,100.0,Dic,ANCASH,OCROS,CAJAMARQUILLA,-10.333390104999978,-77.23670575099999,877.5445358059065,858f5bb3fffffff,868f5bb07ffffff,Pisco,10.374657876813536,False,1.5571956738719055,6.0,False,0.1,
020105,72510.76,76792.68,26,3,Cerveza,69.4,Mar,ANCASH,HUARAZ,INDEPENDENCIA,-9.482101135999955,-77.50995309299995,10363.337008171658,858f580ffffffff,868f58057ffffff,Huamachuco,8.645446455297705,False,0.2866611219831982,6.0,False,0.1,
021501,70990.08,23899.76,4,2,"Palta, mango, dátil y piña",93.0,Ene,ANCASH,PALLASCA,CABANA,-8.39225656749997,-77.99955558599999,2668.7582464713073,858f5c4bfffffff,868f5c48fffffff,Huamachuco,5.582057437311735,False,1.0761028848367111,6.0,True,0.1,
110405,70764.0,48960.0,2,2,"Palta, mango, dátil y piña",100.0,Mar,ICA,PALPA,TIBILLO,-14.150382434999926,-75.16092706999996,411.5218605007683,858e6e6bfffffff,868e6e6a7ffffff,Pisco,4.440407730794568,False,3.202686060949957,6.0,True,0.1,
030213,70600.0,22000.0,3,2,Quinua y cereales andinos,90.1,Oct,APURIMAC,ANDAHUAYLAS,SAN JERONIMO,-13.684047204199953,-73.28654466309995,10548.441560386173,858e6d53fffffff,868e6d537ffffff,Sicuani,9.352027029971314,False,0.5864780629914673,6.0,False,0.1,
020204,70590.4,50400.0,1,1,Frutas preparadas,100.0,Feb,ANCASH,AIJA,LA MERCED,-9.695064420999955,-77.61904691249998,3225.119599570539,858f5877fffffff,868f58747ffffff,Huamachuco,9.046355354748162,False,2.14926366410028,6.0,False,0.1,
120206,65980.8,44080.0,2,1,"Palta, mango, dátil y piña",62.4,Jun,JUNIN,CONCEPCION,COMAS,-11.672242425599938,-75.03504355959996,2518.086590538632,858e657bfffffff,868e657b7ffffff,Tarma,3.752253394066057,False,0.3136825801182277,6.0,True,0.1,
150610,65140.0,30000.0,2,2,Plantas para perfumería,100.0,Nov,LIMA,HUARAL,SANTA CRUZ DE ANDAMARCA,-11.174147656999954,-76.59058829366664,999.3411604924985,858e6617fffffff,868e66157ffffff,Tarma,4.425265389288074,False,4.341336236439101,6.0,True,0.1,
150138,64925.05,35470.5,6,3,Frutas congeladas,89.8,Oct,LIMA,LIMA,SANTA MARIA DEL MAR,-12.40857667199998,-76.76739979599995,0.0,858e6203fffffff,868e6202fffffff,Pisco,2.3344083731568577,False,0.8161912019624059,4.0,True,0.1,
060411,63553.7,5799.76,18,2,Plantas para perfumería,96.0,Ene,CAJAMARCA,CHOTA,LLAMA,-6.532078036428532,-79.16083775328568,8393.661209431013,858f508ffffffff,868f508e7ffffff,Chiclayo,1.829731127094533,True,2.7964605750460625,4.0,True,0.1,
060807,62330.03,18975.0,1,1,Café,100.0,Ene,CAJAMARCA,JAEN,POMAHUACA,-5.86863603216663,-79.18121657349997,11677.961028663993,858f540ffffffff,868f543b7ffffff,Chiclayo,4.934569471261123,False,0.1291622903954265,6.0,True,0.1,
090609,60720.0,21120.0,1,1,"Palta, mango, dátil y piña",100.0,Feb,HUANCAVELICA,HUAYTARA,QUITO-ARMA,-13.539726540999936,-75.38906522999997,1109.715490023426,858e6327fffffff,868e6324fffffff,Pisco,2.706909262685828,False,5.175398988525089,6.0,True,0.1,
030603,59017.04,49670.0,2,1,"Palta, mango, dátil y piña",100.0,Mar,APURIMAC,CHINCHEROS,COCHARCAS,-13.619764075499944,-73.7404682268333,3864.9282014161613,858e6c2bfffffff,868e6c2b7ffffff,Pisco,11.513288739718,False,1.0708015292122426,6.0,False,0.1,
030601,58364.0,44960.0,2,2,"Productos vegetales diversos (tara, achiote)",62.4,Oct,APURIMAC,CHINCHEROS,CHINCHEROS,-13.532108742142807,-73.7366650228571,5173.498644597723,858e6c3bfffffff,868e6c76fffffff,Pisco,8.830780854398975,False,0.3274958764290773,6.0,False,0.1,
120419,58020.6,17920.0,1,1,"Palta, mango, dátil y piña",100.0,Dic,JUNIN,JAUJA,MONOBAMBA,-11.386179935999962,-75.30246153233328,4550.474307976551,858e655bfffffff,868e65597ffffff,Tarma,2.4266119195687472,False,2.973586403028897,6.0,True,0.1,
030104,57725.0,10160.0,2,2,Semillas oleaginosas,82.7,Jun,APURIMAC,ABANCAY,CURAHUASI,-13.60229907779995,-72.65547453379995,14006.481387661872,858e6d8ffffffff,868e6d8e7ffffff,Sicuani,5.849169448727784,False,0.2776154074860117,6.0,True,0.1,
080902,56042.2,3725.72,9,1,Pasta de cacao,98.4,Nov,CUSCO,LA CONVENCION,ECHARATE,-12.49056179124996,-72.87788611312496,7271.529175754096,858b6c3bfffffff,868b6c3a7ffffff,Sicuani,10.209283898704149,False,5.162139130983028,6.0,False,0.1,
090402,52211.3,24000.0,1,1,"Palta, mango, dátil y piña",100.0,Mar,HUANCAVELICA,CASTROVIRREYNA,ARMA,-13.143147148666628,-75.52996063033329,1280.2296887925922,858e63abfffffff,868e63a8fffffff,Pisco,3.242469464422995,False,0.7186141709393353,6.0,True,0.1,
050608,51910.02,21120.0,1,1,"Palta, mango, dátil y piña",100.0,Mar,AYACUCHO,LUCANAS,LARAMATE,-14.296436865333286,-74.84164854266663,2049.8433166859368,858e6a93fffffff,868e6a917ffffff,Pisco,5.198298443846182,False,0.5340803189921083,6.0,True,0.1,
021007,51875.99,23280.0,1,1,"Palta, mango, dátil y piña",100.0,Feb,ANCASH,HUARI,HUACHIS,-9.42470185649998,-77.07434279699999,3384.855323576091,858f58affffffff,868f58ae7ffffff,Tarma,11.905645133109584,False,1.0732471270966386,6.0,False,0.1,
010303,50820.69,22627.2,1,1,"Palta, mango, dátil y piña",100.0,Feb,AMAZONAS,BONGARA,CHURUJA,-6.007796053999925,-77.93036500999995,1050.179005037024,858f5587fffffff,868f55867ffffff,Chiclayo,6.333217951906295,False,2.7756873979810512,6.0,False,0.1,
190303,50132.5,8369.22,143,2,Hortalizas frescas (espárrago y otras),100.0,Jun,PASCO,OXAPAMPA,HUANCABAMBA,-10.417229169749959,-75.59194268249995,19943.169032668462,858e648bfffffff,868e64887ffffff,Tarma,4.1920723733993634,False,0.9488962369379136,6.0,True,0.1,
100701,50000.0,40000.0,2,1,"Productos vegetales diversos (tara, achiote)",100.0,Abr,HUANUCO,MARAÑON,HUACRACHUCO,-8.60284857849995,-77.16586999228568,13280.485923467779,858f5c23fffffff,868f5c20fffffff,Bellavista,9.088640029923967,False,1.0703546027195003,6.0,False,0.0,
250204,49610.0,4883.25,4,3,Extractos vegetales (tara y otros),92.7,Jun,UCAYALI,ATALAYA,YURUA,-9.72884408799996,-72.71797138266663,3493.131465112673,858b4d97fffffff,868b4d957ffffff,,inf,False,30.89556545189481,6.0,False,0.0,
130701,48895.7,13587.42,1,1,Conservas en vinagre,100.0,Jul,LA LIBERTAD,PACASMAYO,SAN PEDRO DE LLOC,-7.45383239799996,-79.46245817799996,6854.747742157195,858f539bfffffff,868f539b7ffffff,Chiclayo,1.6915249809524435,True,0.4341191078737016,4.0,True,0.0,
021301,48625.5,16208.5,1,1,"Arándano, fresa y otras bayas",100.0,Nov,ANCASH,MARISCAL LUZURIAGA,PISCOBAMBA,-8.859527920666627,-77.35199576099996,2375.0295060383223,858f5893fffffff,868f5891fffffff,Huamachuco,11.36400548806986,False,0.1733142685516329,6.0,False,0.0,
160606,47894.0,20330.0,2,1,"Jengibre, cúrcuma y especias",100.0,Set,LORETO,UCAYALI,VARGAS GUERRA,-6.922776308499948,-75.13951084149997,13376.661432262805,858f418ffffffff,868f418e7ffffff,,inf,False,2.201999985109675,6.0,False,0.0,
050504,47736.0,22416.0,2,1,"Palta, mango, dátil y piña",100.0,Abr,AYACUCHO,LA MAR,CHILCAS,-13.165976996666624,-73.87099099799997,2569.434577486292,858e6c1bfffffff,868e6c18fffffff,Pisco,9.89803586370746,False,0.5092535220165791,6.0,False,0.0,
021405,46580.58,17533.45,2,2,"Arándano, fresa y otras bayas",100.0,Oct,ANCASH,OCROS,COCHAS,-10.64925276799994,-77.48703024499997,2167.7857189849287,858f5b07fffffff,868f5b06fffffff,Pisco,6.441021407468839,False,2.102991236285801,4.0,False,0.0,
100403,45549.3,16986.0,1,1,"Arándano, fresa y otras bayas",100.0,Ene,HUANUCO,HUACAYBAMBA,COCHABAMBA,-9.087816225999953,-76.77909200499995,3642.7350091330936,858f5d47fffffff,868f5d44fffffff,Tarma,11.28575975306526,False,1.7543823991029532,6.0,False,0.0,
080402,45309.6,22272.0,1,1,"Palta, mango, dátil y piña",100.0,Abr,CUSCO,CALCA,COYA,-13.394724477999972,-71.90330989249998,1051.4242872044722,858b6117fffffff,868b6115fffffff,Sicuani,2.34405555860724,False,0.2861111960281814,6.0,True,0.0,
030209,44753.9,8006.39,9,1,Hortalizas congeladas,100.0,Jun,APURIMAC,ANDAHUAYLAS,PACUCHA,-13.608860395066626,-73.3008566675333,10302.801489728885,858e6dcbfffffff,868e6dc97ffffff,Sicuani,9.712197832826607,False,0.479043601623956,6.0,False,0.0,
030706,43776.0,22848.0,1,1,"Palta, mango, dátil y piña",100.0,Abr,APURIMAC,GRAU,MICAELA BASTIDAS,-14.12183816749996,-72.59605743074995,1341.587856089477,858e6d33fffffff,868e6d31fffffff,Sicuani,7.825961486718493,False,0.3841773524291337,6.0,False,0.0,
021002,43422.0,20340.559999999998,3,1,Frutas preparadas,100.0,May,ANCASH,HUARI,ANRA,-9.251522584999975,-76.90283633899998,2275.61803806477,858f58b7fffffff,868f58b6fffffff,Tarma,12.44483811039436,False,0.8644727019586131,6.0,False,0.0,
030212,43266.75,22332.0,1,1,"Palta, mango, dátil y piña",100.0,Mar,APURIMAC,ANDAHUAYLAS,SAN ANTONIO DE CACHI,-13.790481787874945,-73.65039170874996,3880.2582768244715,858e6893fffffff,868e6892fffffff,Sicuani,11.939879245943796,False,0.3703445172495251,6.0,False,0.0,
210111,42400.0,21760.0,1,1,"Jengibre, cúrcuma y especias",100.0,Oct,PUNO,PUNO,PICHACANI,-16.194920938499962,-70.11515734449995,6493.172195358878,85b32663fffffff,86b32660fffffff,Juliaca,1.6983651554525736,True,0.0975997028848585,6.0,True,0.0,
020401,42255.32,42240.0,2,1,"Palta, mango, dátil y piña",100.0,Abr,ANCASH,ASUNCION,CHACAS,-9.191727638333305,-77.38639935899998,4557.876933474003,858f588ffffffff,868f588dfffffff,Huamachuco,10.509278767899552,False,1.341520450722125,6.0,False,0.0,
230203,42060.0,12000.0,2,1,Plantas para perfumería,100.0,Mar,TACNA,CANDARAVE,CAMILACA,-17.16827885766662,-70.43105125166663,1077.948449579136,85b3224ffffffff,86b3224cfffffff,Juliaca,5.952719508820806,False,1.4947801160715493,6.0,True,0.0,
160504,41910.0,22000.0,1,1,Frutas congeladas,100.0,Feb,LORETO,REQUENA,EMILIO SAN MARTIN,-5.828735471749951,-74.35741367624996,6293.59556736688,858f6e73fffffff,868f6e717ffffff,,inf,False,127.92727291261518,6.0,False,0.0,
190102,40114.81,6674.78,111,2,Hortalizas frescas (espárrago y otras),100.0,Set,PASCO,PASCO,HUACHON,-10.592981806666621,-75.7941577213333,5829.896884221088,858e641bfffffff,868e641b7ffffff,Tarma,4.346926240301289,False,1.960679268671655,6.0,True,0.0,
200604,39165.0,3448.5,1,1,Plantas para perfumería,100.0,Jul,PIURA,SULLANA,LANCONES,-4.480828686333287,-80.49132052099996,3567.943768255811,858f09d3fffffff,868f09dafffffff,Chiclayo,4.429883835855855,False,0.6157536972599794,4.0,False,0.0,
151010,39122.46,5199.6,3,1,Galletas y panadería,100.0,Set,LIMA,YAUYOS,COCHAS,-12.285833330999935,-76.19589933599997,272.5253205448799,858e62b7fffffff,868e62b47ffffff,Pisco,5.866385413113452,False,1.2701030723340998,6.0,True,0.0,
150726,38359.64,20536.0,1,1,"Palta, mango, dátil y piña",100.0,Feb,LIMA,HUAROCHIRI,SANGALLAYA,-12.22411994133328,-76.26362814399995,1064.440079337652,858e62b7fffffff,868e62b77ffffff,Pisco,7.564606781983681,False,1.5433013906590909,6.0,False,0.0,
150139,37442.46,7830.92,8,2,Chocolate,93.1,Set,LIMA,LIMA,SANTA ROSA,-11.805006531999936,-77.16325275499997,0.0,858e75a7fffffff,868e75a4fffffff,Pisco,3.572384720675834,False,0.351003485397799,4.0,True,0.0,
021401,37000.0,20000.0,1,1,"Productos vegetales diversos (tara, achiote)",100.0,May,ANCASH,OCROS,OCROS,-10.380607533999978,-77.36440914099995,2845.3319794691665,858f5bbbfffffff,868f5bb87ffffff,Pisco,9.559102520034449,False,1.930680475047972,6.0,False,0.0,
250104,36656.0,10075.0,3,2,Plantas para perfumería,89.4,Feb,UCAYALI,CORONEL PORTILLO,MASISEA,-8.779942925799947,-73.97564209199996,30466.317080161138,858f4d4bfffffff,868f48b27ffffff,Tarma,11.943257584847744,False,63.96639067249291,6.0,False,0.0,
040120,36386.0,12480.0,1,1,"Palta, mango, dátil y piña",100.0,Jun,AREQUIPA,AREQUIPA,SANTA ISABEL DE SIGUAS,-16.269202987333284,-72.06432687599995,779.7870151065132,85b3309bfffffff,86b3309b7ffffff,Juliaca,6.17980585517777,False,0.7876923888516842,4.0,False,0.0,
021802,34320.0,21120.0,1,1,"Palta, mango, dátil y piña",100.0,Mar,ANCASH,SANTA,CACERES DEL PERU,-8.998484345999941,-78.09870262549995,5569.539883575789,858f5e37fffffff,868f5e347ffffff,Huamachuco,7.33027617320248,False,1.9892963657920448,4.0,False,0.0,
051104,33300.8,4680.0,3,1,Semillas oleaginosas,94.6,May,AYACUCHO,VILCAS HUAMAN,CONCEPCION,-13.552428211333279,-73.87465043766662,4725.6363353215265,858e6c77fffffff,868e6c757ffffff,Pisco,8.432262918076136,False,0.1791897239137501,6.0,False,0.0,
090412,32020.92,21696.0,1,1,"Palta, mango, dátil y piña",100.0,Feb,HUANCAVELICA,CASTROVIRREYNA,TANTARA,-13.12229534499994,-75.62167006949997,717.2547020686571,858e63abfffffff,868e6306fffffff,Pisco,4.262561700674039,False,0.8240441729902381,6.0,True,0.0,
150722,29025.0,9675.0,2,1,Frutas congeladas,100.0,Jul,LIMA,HUAROCHIRI,SAN MATEO,-11.798543411999939,-76.27035409299997,1226.6304510637135,858e605bfffffff,868e605a7ffffff,Tarma,3.9716167358909127,False,0.2510871212931562,6.0,True,0.0,
150732,28340.17,16289.25,10,3,Hortalizas preparadas,83.7,Feb,LIMA,HUAROCHIRI,SURCO,-11.881594942999962,-76.45118146933329,964.7659882560919,858e6297fffffff,868e62967ffffff,Tarma,3.4877957989562813,False,0.5951092759069839,6.0,True,0.0,
100606,27431.25,1995.0,1,1,Cacao en grano,100.0,Nov,HUANUCO,LEONCIO PRADO,MARIANO DAMASO BERAUN,-9.380534043333284,-75.97580413799999,14077.59161197015,858f4a53fffffff,868f4a537ffffff,Tarma,6.150388269861357,False,0.292504927623492,6.0,False,0.0,
120105,26620.0,21120.0,1,1,"Palta, mango, dátil y piña",100.0,Ago,JUNIN,HUANCAYO,CHACAPAMPA,-12.373691396999979,-75.25228106866662,2205.915827941053,858e6027fffffff,868e61537ffffff,Tarma,4.2896671983447785,False,1.1149078874362182,6.0,True,0.0,
081305,24360.0,9240.55,3,1,Azúcar de caña,100.0,Nov,CUSCO,URUBAMBA,MARAS,-13.327991069799953,-72.16338940799997,10569.030277350967,858b61affffffff,868b61af7ffffff,Sicuani,3.1587451310518317,False,0.1830834641440954,6.0,True,0.0,
060508,23628.45,16295.5,8,3,"Palta, mango, dátil y piña",96.6,Mar,CAJAMARCA,CONTUMAZA,YONAN,-7.260322951999953,-79.12833907224996,1872.160101209486,858f5023fffffff,868f5021fffffff,Chiclayo,2.009728170669121,False,0.9973413743194672,4.0,True,0.0,
240303,19975.5,34500.0,1,1,Cebolla y ajo,100.0,Jul,TUMBES,ZARUMILLA,MATAPALO,-3.72726048566661,-80.2347052053333,4761.506618025201,858f0d1bfffffff,868f0d187ffffff,Chiclayo,7.7946878324387585,False,3.1976323338332397,4.0,False,0.0,
220803,19030.2,3105.0,1,1,Café,100.0,Mar,SAN MARTIN,RIOJA,ELIAS SOPLIN VARGAS,-6.0211265073332925,-77.28343985833328,7133.445995110483,858f460ffffffff,868f460d7ffffff,Bellavista,3.7684440703678304,False,3.054226716176712,6.0,True,0.0,
010403,18725.65,11700.0,1,1,"Arándano, fresa y otras bayas",100.0,Nov,AMAZONAS,CONDORCANQUI,RIO SANTIAGO,-3.8774151796666274,-77.89241282499997,22315.69834764835,858f708ffffffff,868f708dfffffff,Chiclayo,9.120431911177432,False,79.40619384909566,6.0,False,0.0,
050503,18415.83,6325.0,1,1,"Jengibre, cúrcuma y especias",100.0,Nov,AYACUCHO,LA MAR,AYNA,-12.658211687799952,-73.84552278919996,6461.828066064967,858b6d93fffffff,868b6d937ffffff,Tarma,9.446422623453634,False,0.9584962419441606,6.0,False,0.0,
180303,16818.5,8440.0,2,2,Hortalizas preparadas,63.3,Oct,MOQUEGUA,ILO,PACOCHA,-17.45902226299995,-71.35138583849997,147.86738547586754,85b33157fffffff,86b33154fffffff,Juliaca,7.638589803957965,False,2.348063324187437,4.0,False,0.0,
110303,15895.0,24960.0,1,1,"Palta, mango, dátil y piña",100.0,Set,ICA,NASCA,EL INGENIO,-14.67198524674997,-75.03900720674996,1869.5250718995894,858e6ac7fffffff,868e6ac4fffffff,Pisco,3.1456901844700487,False,3.322986579195724,4.0,True,0.0,
180201,14748.0,1405.0,1,1,"Productos vegetales diversos (tara, achiote)",100.0,May,MOQUEGUA,GENERAL SANCHEZ CERRO,OMATE,-16.67079376899995,-70.97618830511108,1243.8156043343913,85b33577fffffff,86b33574fffffff,Juliaca,7.861816805595017,False,0.1103408461910786,6.0,False,0.0,
080404,14700.0,3414.38,2,1,Maíz,100.0,Dic,CUSCO,CALCA,LARES,-13.089640311333293,-72.02112500166662,1551.1001252783033,858b6123fffffff,868b61237ffffff,Sicuani,4.08366865350068,False,2.918307526175851,6.0,True,0.0,
151021,14052.1,1614.0,6,2,Café,75.7,Dic,LIMA,YAUYOS,MIRAFLORES,-12.262224658999969,-75.86681555599995,356.20607429167626,858e6063fffffff,868e6062fffffff,Tarma,5.197197585191007,False,2.4157333868065924,6.0,True,0.0,
050104,13711.0,3687.44,44,2,Raíces y tubérculos,98.8,Nov,AYACUCHO,HUAMANGA,CARMEN ALTO,-13.2088357093333,-74.24050765366663,1200.0304674689805,858e6c43fffffff,868e6c427ffffff,Pisco,6.483265061044827,False,0.4497524633149054,6.0,False,0.0,
250103,13240.0,415.0,3,1,Harinas de legumbres y frutas,100.0,Ene,UCAYALI,CORONEL PORTILLO,IPARIA,-9.328520704666618,-74.28005324511108,38629.86345058918,858f483bfffffff,868f483afffffff,,inf,False,51.816085175594985,6.0,False,0.0,
080903,13137.6,3000.0,1,1,Té,100.0,May,CUSCO,LA CONVENCION,HUAYOPATA,-13.050757954999938,-72.48539949266664,0.0,858b6cc3fffffff,868b6cc07ffffff,Sicuani,5.809723184585025,False,2.5069098102974,6.0,True,0.0,
050505,12921.9,622.4,5,1,Chocolate,90.0,Dic,AYACUCHO,LA MAR,CHUNGUI,-13.208686271399973,-73.55905446539995,3054.807671351774,858e6cabfffffff,868e6cab7ffffff,Pisco,11.88174250289846,False,3.352820898574158,6.0,False,0.0,
210407,12876.0,29000.0,1,1,Uva,100.0,Dic,PUNO,CHUCUITO,ZEPITA,-16.474352062499957,-69.1605744118333,33524.90146194054,85b3200bfffffff,86b320087ffffff,Juliaca,3.3032388014429803,False,1.5476405054503175,6.0,True,0.0,
050405,12436.83,21120.0,1,1,"Palta, mango, dátil y piña",100.0,Abr,AYACUCHO,HUANTA,LURICOCHA,-12.870037053499942,-74.27963310624996,4762.135362621408,858e6137fffffff,868e6ccb7ffffff,Tarma,6.117626324843721,False,0.3553824136333671,6.0,False,0.0,
220106,11600.0,20.0,1,1,Semillas para siembra,100.0,Set,SAN MARTIN,MOYOBAMBA,YANTALO,-5.96023877166662,-77.07642999466664,4813.573458222039,858f4607fffffff,868f46047ffffff,Bellavista,3.7873172819096617,False,0.4556253977423688,6.0,True,0.0,
150731,10907.0,8390.0,1,1,Tripas y estómagos,100.0,Ene,LIMA,HUAROCHIRI,SANTO DOMINGO DE LOS OLLEROS,-12.267900061999947,-76.5217242393333,1300.1709417071781,858e62bbfffffff,868e62b87ffffff,Pisco,4.682047307111946,False,3.0321097202522656,4.0,False,0.0,
020106,10730.12,4049.1,1,1,Hortalizas congeladas,100.0,Oct,ANCASH,HUARAZ,JANGAS,-9.440983844999977,-77.60611533799997,2153.73047716186,858f5803fffffff,868f5801fffffff,Huamachuco,9.088484519006617,False,2.267912637815752,6.0,False,0.0,
070105,10455.22,1570.01,16,2,Plantas para perfumería,28.5,Dic,CALLAO,CALLAO,LA PUNTA,-12.071702941999945,-77.16278215099999,0.0,858e62cbfffffff,868e62cafffffff,,,,,,,0.0,
120608,10320.0,5440.0,1,1,"Jengibre, cúrcuma y especias",100.0,May,JUNIN,SATIPO,RIO TAMBO,-11.382030964818135,-73.9135935042727,44875.59688608883,858b6997fffffff,868b69947ffffff,Satipo,3.1927163222174397,False,17.325418791350522,6.0,True,0.0,
030301,10250.0,5000.0,1,1,Quinua y cereales andinos,100.0,Abr,APURIMAC,ANTABAMBA,ANTABAMBA,-14.471802793499947,-72.80112766474997,2030.0185969534543,858e6993fffffff,868e69917ffffff,Sicuani,10.259475991146616,False,2.5797853167904865,6.0,False,0.0,
060501,10135.17,2662.29,53,2,Raíces y tubérculos,99.3,Nov,CAJAMARCA,CONTUMAZA,CONTUMAZA,-7.334947390399952,-78.74136629639995,9310.371968315974,858f51cffffffff,868f51cd7ffffff,Chiclayo,3.592737711825461,False,5.313466176155745,6.0,True,0.0,
130110,9344.37,14671.8,1,1,"Arándano, fresa y otras bayas",100.0,Abr,LA LIBERTAD,TRUJILLO,SIMBAL,-7.932175655499975,-78.81697567649996,1705.1120276324584,858f53b7fffffff,868f53b4fffffff,Huamachuco,2.826422807830308,False,0.384744814994478,4.0,True,0.0,
120104,8334.41,2500.0,1,1,Hortalizas frescas (espárrago y otras),100.0,Jun,JUNIN,HUANCAYO,CARHUACALLANGA,-12.355429171999958,-75.20258109799994,683.6415070163358,858e61cbfffffff,868e61c9fffffff,Tarma,4.548197880798525,False,0.2433830874160039,6.0,True,0.0,
130903,8125.0,4000.0,1,1,Plantas para perfumería,100.0,May,LA LIBERTAD,SANCHEZ CARRION,COCHORCO,-7.8046706421999605,-77.71835705219998,10200.343976758466,858f5cc3fffffff,868f5cc37ffffff,Huamachuco,2.5478672331758405,False,0.0812663590018283,6.0,True,0.0,
210106,8080.8,28860.0,1,1,Papa,100.0,Set,PUNO,PUNO,CHUCUITO,-15.874301746999947,-69.8618124733333,5002.049471213582,85b32607fffffff,86b326057ffffff,Juliaca,1.616055504747738,True,2.635848537496557,6.0,True,0.0,
160108,7020.0,11.41,4,1,Otros animales vivos,100.0,Nov,LORETO,MAYNAS,PUNCHANA,-3.581376095999957,-73.34823244049997,12830.229370608811,858a6d23fffffff,868a6d20fffffff,,inf,False,10.930943277638333,6.0,False,0.0,
190305,6715.9,598.0,3,1,Café,100.0,Oct,PASCO,OXAPAMPA,POZUZO,-10.09791733524996,-75.58606790649998,17871.441656516232,858f4a67fffffff,868f4a65fffffff,Tarma,4.831771658191091,False,4.437087165526477,6.0,True,0.0,
022001,6300.0,1890.0,1,1,Legumbres frescas,100.0,Jun,ANCASH,YUNGAY,YUNGAY,-9.111069198499933,-77.68377403174998,7657.720533465581,858f58c7fffffff,868f58c47ffffff,Huamachuco,8.619841499937362,False,0.5844004524303971,6.0,False,0.0,
160501,6088.0,736.0,22,1,Extractos vegetales (tara y otros),52.6,Nov,LORETO,REQUENA,REQUENA,-5.1812256293332934,-73.97008221099998,10614.651170195986,858f6e83fffffff,868f6e807ffffff,,inf,False,45.47130327795287,6.0,False,0.0,
060412,6000.0,2000.0,2,1,Plantas para perfumería,100.0,Dic,CAJAMARCA,CHOTA,MIRACOSTA,-6.3638768333999565,-79.31400965939996,10362.357420252361,858f509bfffffff,868f5099fffffff,Chiclayo,3.837853018134809,False,2.9412518188640955,6.0,True,0.0,
250107,5390.0,190.0,6,2,Extractos vegetales (tara y otros),55.7,Mar,UCAYALI,CORONEL PORTILLO,MANANTAY,-8.517081145999953,-74.52785771899998,8939.49384303313,858f4c6ffffffff,868f4c6cfffffff,Tarma,10.220548465980013,False,9.95897448327982,6.0,False,0.0,
060105,5346.5,877.8,4,1,Follaje y ramas,100.0,May,CAJAMARCA,CAJAMARCA,ENCAÑADA,-6.978337593124955,-78.40012266887496,32212.32779463086,858f519bfffffff,868f519b7ffffff,Huamachuco,5.517135291553924,False,0.2084862491431377,6.0,True,0.0,
080905,5340.0,3000.0,1,1,"Productos vegetales diversos (tara, achiote)",100.0,Mar,CUSCO,LA CONVENCION,OCOBAMBA,-12.865082010999942,-72.37410375999997,145.2766230797448,858b6c53fffffff,868b6c52fffffff,Sicuani,7.542948033009728,False,6.303120716980094,6.0,False,0.0,
230202,5179.2,23904.0,1,1,Raíces y tubérculos,100.0,Dic,TACNA,CANDARAVE,CAIRANI,-17.23667592299995,-70.36096049349996,1784.2645188891258,85b3227bfffffff,86b322787ffffff,Juliaca,6.477010502459339,False,0.3185697322554859,6.0,False,0.0,
010519,5100.0,1500.0,1,1,Hortalizas frescas (espárrago y otras),100.0,Abr,AMAZONAS,LUYA,SAN JUAN DE LOPECANCHA,-6.48089276966662,-77.89590168866663,3830.093661244684,858f55affffffff,868f55ad7ffffff,Chiclayo,8.655447849014383,False,2.536784975910219,6.0,False,0.0,
131203,4212.0,1872.0,1,1,"Palta, mango, dátil y piña",100.0,May,LA LIBERTAD,VIRU,GUADALUPITO,-8.883275351999941,-78.62770079179995,1428.7648469753758,858f5e73fffffff,868f5e72fffffff,Huamachuco,4.290803863969706,False,1.857515869643171,4.0,False,0.0,
040601,3844.81,332.0,1,1,Plantas para perfumería,100.0,May,AREQUIPA,CONDESUYOS,CHUQUIBAMBA,-15.921403019999957,-72.67550688799997,1821.7118257445209,85b33687fffffff,86b33684fffffff,Juliaca,9.506658664826269,False,0.8324441628466451,6.0,False,0.0,
190105,2960.0,500.0,1,1,Raíces y tubérculos,100.0,Nov,PASCO,PASCO,NINACACA,-10.71614197699995,-75.96341782719996,4016.355253485078,858e6457fffffff,868e64557ffffff,Tarma,2.974271489184875,False,3.76736835998633,6.0,True,0.0,
190201,2775.26,160.0,2,1,Plantas para perfumería,100.0,Nov,PASCO,DANIEL ALCIDES CARRION,YANAHUANCA,-10.515568014454495,-76.54042481945451,3482.025296814823,858f592bfffffff,868f59297ffffff,Tarma,3.567552794406836,False,1.6157122313467778,6.0,True,0.0,
020602,2709.5,652.0,14,1,Hortalizas frescas (espárrago y otras),100.0,Feb,ANCASH,CARHUAZ,ACOPAMPA,-9.29040677699993,-77.60975246949994,1080.1193394476463,858f581bfffffff,868f581afffffff,,,,,,,0.0,
020609,2460.0,2000.0,1,1,Granos aplastados y copos,100.0,Mar,ANCASH,CARHUAZ,SHILLA,-9.177413639999969,-77.57982869749998,1539.113355805109,858f5813fffffff,868f58137ffffff,Huamachuco,8.604986450682963,False,0.6067804177812968,6.0,False,0.0,
160605,2061.6,120.0,1,1,Harinas de legumbres y frutas,100.0,Jul,LORETO,UCAYALI,SARAYACU,-6.25415909299996,-75.06783205799996,7072.519638527032,858f4507fffffff,868f453a7ffffff,,inf,False,67.45037774379928,6.0,False,0.0,
081306,1644.0,169.1,2,1,Pisco y licores,100.0,Mar,CUSCO,URUBAMBA,OLLANTAYTAMBO,-13.220245659833296,-72.30575547966663,4424.658112077001,858b6cdbfffffff,868b6cdb7ffffff,Sicuani,3.3659807768147325,False,0.7294649291586947,6.0,True,0.0,
021104,800.8,254.24,1,1,Hortalizas congeladas,100.0,Set,ANCASH,HUARMEY,HUAYAN,-9.905447170499968,-77.75924742699996,1894.5522416088006,858f586ffffffff,868f586e7ffffff,Huamachuco,8.427378077681523,False,1.9827599061907004,6.0,False,0.0,
060308,750.0,500.0,1,1,Plantas para perfumería,100.0,Nov,CAJAMARCA,CELENDIN,OXAMARCA,-7.0639097699999525,-78.06652356999999,9198.359725695609,858f5197fffffff,868f51947ffffff,Huamachuco,7.624794715501792,False,1.38326419482529,6.0,False,0.0,
060504,645.0,1800.0,1,1,Agua,100.0,Ene,CAJAMARCA,CONTUMAZA,GUZMANGO,-7.358604695999958,-78.92060851249994,2028.4225756173778,858f5027fffffff,868f5024fffffff,Chiclayo,5.468602657793007,False,0.1917973745089326,6.0,True,0.0,
211303,205.0,100.0,1,1,Legumbres secas,100.0,Nov,PUNO,YUNGUYO,COPANI,-16.371009401666623,-69.05826556666663,3413.481066997243,85b32003fffffff,86b320017ffffff,Juliaca,3.32000598172581,False,1.143769215245209,6.0,True,0.0,
040311,137.76,192.0,1,1,"Palta, mango, dátil y piña",100.0,Nov,AREQUIPA,CARAVELI,LOMAS,-15.386730665999949,-74.93514529999999,0.0,858e6a67fffffff,868e6a66fffffff,Pisco,4.71884448577644,False,3.6820523463828527,4.0,False,0.0,
020601,108.5,50.0,1,1,Quinua y cereales andinos,100.0,Jun,ANCASH,CARHUAZ,CARHUAZ,-9.286393272166634,-77.62767237116664,6374.424638428807,858f581bfffffff,868f581afffffff,Huamachuco,7.984837959688387,False,0.4668535133425097,6.0,False,0.0,
040206,13.5,6.0,1,1,Melón y sandía,100.0,Oct,AREQUIPA,CAMANA,OCOÑA,-16.30751523666663,-73.10620383333328,2089.511464831716,85b3360ffffffff,86b3360d7ffffff,Juliaca,8.390974592463426,False,2.76698857274368,4.0,False,0.0,
021008,1.35,6.6499999999999995,2,1,Flores cortadas,100.0,Nov,ANCASH,HUARI,HUANTAR,-9.468111132499928,-77.24098956099996,3108.874089824463,858f58abfffffff,868f58a8fffffff,Tarma,10.675280847454385,False,5.9544057325650845,6.0,False,0.0,
030502,0.01,651.7,1,1,Agua,100.0,Nov,APURIMAC,COTABAMBAS,COTABAMBAS,-13.748285973499947,-72.34592000949996,3831.7217249787927,858e6da3fffffff,868e6da27ffffff,Sicuani,5.019340583834269,False,0.7461720988750291,6.0,True,0.0,
