ubigeo,fob,kg,ops,empresas,familia_lider,pct_lider,mes_pico,dep,prov,dist,lat,lon,ha_agricola,h3,h3_ter,hub,horas_al_hub,cubierto_2h,km_al_nodo,promesa_h,cubierto_promesa,fob_mm,cluster
131201,1894466471.03,611264349.31,60244,68,"Arándano, fresa y otras bayas",40.9,Oct,LA LIBERTAD,VIRU,VIRU,-8.428038507437456,-78.77410531737496,28716.847871771202,858f5ecffffffff,868f5ece7ffffff,Huamachuco,3.462921808973969,False,0.1321788871181251,4.0,True,1894.5,12.0
110108,1604005088.46,988508931.72,60620,198,Uva,61.0,Ene,ICA,ICA,SALAS,-13.944405358799964,-75.84350364639997,21741.258480942644,858e458ffffffff,868e458f7ffffff,Pisco,0.7986222046432881,True,0.9159394915515324,4.0,True,1604.0,
131202,1602141969.62,352094757.77,32609,51,"Arándano, fresa y otras bayas",84.6,Oct,LA LIBERTAD,VIRU,CHAO,-8.531563946888834,-78.59765777899996,18214.087161109797,858f5e1bfffffff,868f5e1a7ffffff,Huamachuco,3.8768597654323984,False,5.599994692013438,4.0,True,1602.1,12.0
140308,1598639664.89,648987613.61,35804,118,"Arándano, fresa y otras bayas",60.8,Oct,LAMBAYEQUE,LAMBAYEQUE,OLMOS,-5.950887123666614,-79.95120309099997,56369.2285732649,858f56bbfffffff,868f56ba7ffffff,Chiclayo,2.4789393259472603,False,5.152662589819636,4.0,True,1598.6,
200104,1343000628.98,529331700.82,36180,62,Uva,85.0,Nov,PIURA,PIURA,CASTILLA,-5.1062157147499505,-80.52711383199997,13867.686602814592,858f0947fffffff,868f09447ffffff,Chiclayo,3.031376268275753,False,6.4332827409046685,4.0,True,1343.0,
060801,1213879595.39,277756963.91,9256,147,Café,98.3,Oct,CAJAMARCA,JAEN,JAEN,-5.77777052999996,-78.8564451898333,20173.010598625893,858f54affffffff,868f54ad7ffffff,Chiclayo,6.138677699620201,False,0.3747004655479719,6.0,False,1213.9,
200114,1177425390.4,650749292.68,38576,357,"Palta, mango, dátil y piña",50.5,Dic,PIURA,PIURA,TAMBO GRANDE,-4.8628883712499515,-80.2997042673333,66427.85911451193,858f091bfffffff,868f09187ffffff,Chiclayo,3.792121067593454,False,1.1519931058717734,4.0,True,1177.4,17.0
130107,1000532669.34,710523979.91,28360,37,Alimento balanceado,63.2,May,LA LIBERTAD,TRUJILLO,MOCHE,-8.15966629549996,-79.00172043149996,1699.3194654259587,858f53affffffff,868f53acfffffff,Huamachuco,2.8275160611749337,False,0.1905385395277695,4.0,True,1000.5,2.0
070101,762604735.95,351738990.87,24174,227,Café,37.0,Set,CALLAO,CALLAO,CALLAO,-12.016749225999945,-77.12113309199998,0.0,858e62c3fffffff,868e62c17ffffff,Pisco,3.1418682698176448,False,0.9035825291978106,4.0,True,762.6,
130402,740093200.79,270327625.96,16779,46,"Arándano, fresa y otras bayas",44.4,Nov,LA LIBERTAD,CHEPEN,PACANGA,-7.118824663166625,-79.46094220733329,21153.673297265734,858f5077fffffff,868f50777ffffff,Chiclayo,0.8294184450246733,True,2.0695499053598456,4.0,True,740.1,4.0
150101,650641541.16,335840874.17,52563,363,Galletas y panadería,62.3,Oct,LIMA,LIMA,LIMA,-12.044540457999972,-77.05082250599997,0.0,858e62c3fffffff,868e62c07ffffff,Pisco,2.985987507007016,False,0.0087904948250752,4.0,True,650.6,
150125,631853975.76,184400408.42,13443,116,Cacao en grano,45.9,Ago,LIMA,LIMA,PUENTE PIEDRA,-11.870821251999956,-77.08703975999995,142.78464608021034,858e62d3fffffff,868e62d07ffffff,Pisco,3.358801603648442,False,0.0763377321125259,4.0,True,631.9,
110202,611048359.47,337388916.39,19238,50,Cítricos,29.9,Jul,ICA,CHINCHA,ALTO LARAN,-13.439829823777732,-76.05278446244441,4455.974338552634,858e6363fffffff,868e63637ffffff,Pisco,0.8588220015941723,True,1.6306743194145,4.0,True,611.0,
200601,601890060.57,397436862.54,23967,209,Uva,29.7,Nov,PIURA,SULLANA,SULLANA,-4.8364109005555065,-80.57625466399996,26279.2568743192,858f0953fffffff,868f0952fffffff,Chiclayo,3.905464854940087,False,1.341691469660946,4.0,True,601.9,17.0
110501,595723792.38,108093348.44,9125,45,Manteca de cacao,44.3,Oct,ICA,PISCO,PISCO,-13.701264309666612,-76.17995265733329,1120.6328718759803,858e45d3fffffff,868e45d07ffffff,Pisco,0.071812848165409,True,0.7132364846056163,4.0,True,595.7,1.0
150601,531391894.5,352849937.54,20584,370,"Palta, mango, dátil y piña",57.7,Jul,LIMA,HUARAL,HUARAL,-11.426808909499954,-77.16120348124996,12480.776057805884,858e664ffffffff,868e664c7ffffff,Pisco,4.594466507100387,False,2.165321517748151,4.0,False,531.4,
150118,530555435.92,254337797.42,18109,157,Preparaciones de harina y malta,27.9,Ago,LIMA,LIMA,LURIGANCHO,-11.963301258499948,-76.81614178249997,577.9697681388598,858e629bfffffff,868e6299fffffff,Pisco,3.386978134841757,False,1.334960222867339,4.0,True,530.6,
150103,493566720.27,157223083.69,22089,188,Café,58.7,Set,LIMA,LIMA,ATE,-12.04034159349996,-76.90482929099994,0.0,858e62d7fffffff,868e62c67ffffff,Pisco,3.115832114906666,False,0.1390079859043846,4.0,True,493.6,
150119,415263560.14,148466694.61,22496,185,Quinua y cereales andinos,17.5,Jul,LIMA,LIMA,LURIN,-12.243244325666637,-76.86513057833328,2091.17506917515,858e6213fffffff,868e62117ffffff,Pisco,2.635010664079632,False,0.5184560223857252,4.0,True,415.3,-1.0
130109,402994749.24,131132094.85,10532,31,"Arándano, fresa y otras bayas",39.5,Nov,LA LIBERTAD,TRUJILLO,SALAVERRY,-8.224594965999955,-78.93221415799997,7338.939048451444,858f5edbfffffff,868f5ed87ffffff,Huamachuco,2.9923400561089992,False,1.504712040668297,4.0,True,403.0,
150605,399389817.55,205002841.95,12158,127,"Palta, mango, dátil y piña",32.4,Nov,LIMA,HUARAL,CHANCAY,-11.524083201999948,-77.2758532423333,5049.740945016605,858e75b3fffffff,868e75b0fffffff,Pisco,4.117161736243854,False,0.3768301798181324,4.0,False,399.4,24.0
110110,397568329.41,162056291.71,32595,48,Uva,76.1,Dic,ICA,ICA,SAN JUAN BAUTISTA,-13.993925760399952,-75.73599404579996,2218.6887096848463,858e458ffffffff,868e458efffffff,Pisco,1.1494248715528756,True,0.3575838785097427,4.0,True,397.6,6.0
150204,392937390.41,131941573.37,8852,60,"Arándano, fresa y otras bayas",40.2,Ago,LIMA,BARRANCA,SUPE,-10.799342093249948,-77.62793257949997,11744.527806296926,858f5b3bfffffff,868f5b397ffffff,Pisco,5.899966546729845,False,2.3331774733776744,4.0,False,392.9,10.0
140304,380174317.88,152826110.44,15248,51,"Arándano, fresa y otras bayas",23.7,Oct,LAMBAYEQUE,LAMBAYEQUE,JAYANCA,-6.3518526279999605,-79.79381142449996,18914.512077622196,858f50dbfffffff,868f50d97ffffff,Chiclayo,0.8427437033452945,True,1.004940874178157,4.0,True,380.2,
140101,356890041.49,119104836.3,3546,107,Café,77.3,Oct,LAMBAYEQUE,CHICLAYO,CHICLAYO,-6.778467846249953,-79.81662766524997,2471.9542297912367,858f5053fffffff,868f5051fffffff,Chiclayo,0.0945331181942098,True,0.578372172892923,4.0,True,356.9,4.0
110111,354794895.26,116102306.79,9292,41,"Arándano, fresa y otras bayas",48.2,Dic,ICA,ICA,SANTIAGO,-14.255783187526271,-75.67323701015785,16767.456136003628,858e45abfffffff,868e45a87ffffff,Pisco,1.484010468803,True,1.6140787550067537,4.0,True,354.8,6.0
150201,344935502.29,106763227.78,6569,92,Pimienta y ají,73.1,Nov,LIMA,BARRANCA,BARRANCA,-10.727300391166628,-77.7047406123333,7575.118649773781,858f5b0ffffffff,868f5b0c7ffffff,Pisco,5.703186276509092,False,0.5072326223741561,4.0,False,344.9,10.0
110101,326641662.22,224568227.91,12058,249,Tomate preparado,28.3,Dic,ICA,ICA,ICA,-14.140398188499972,-75.83562266299995,1759.5950848303714,858e4517fffffff,868e45157ffffff,Pisco,1.5481818226809014,True,3.712407508346944,4.0,True,326.6,
110103,317286476.67,106156244.46,8200,37,Uva,84.3,Dic,ICA,ICA,LOS AQUIJES,-14.08965448833329,-75.68863036816661,2204.613478999909,858e45bbfffffff,868e45b97ffffff,Pisco,1.3165041324698084,True,0.2162161143254975,4.0,True,317.3,6.0
200101,311479695.22,123859620.72,9553,216,Uva,24.3,Nov,PIURA,PIURA,PIURA,-5.115279066666612,-80.65308190899997,9063.440781113404,858f094ffffffff,868f094e7ffffff,Chiclayo,3.152193146801072,False,1.297343802970576,4.0,True,311.5,
110503,298963279.41,71644433.69,5385,16,Uva,50.0,Feb,ICA,PISCO,HUMAY,-13.747573368666622,-75.92711893966663,7339.125561552532,858e459bfffffff,868e4599fffffff,Pisco,0.8348711017771401,True,0.2610663724148478,4.0,True,299.0,1.0
120303,293606606.44,124870896.16,7256,168,"Jengibre, cúrcuma y especias",48.8,Ago,JUNIN,CHANCHAMAYO,PICHANAQUI,-10.98927795066662,-74.83262394833329,44154.623678013995,858e65d7fffffff,868e65d57ffffff,Satipo,0.7197304329867058,True,3.570302974012502,6.0,True,293.6,5.0
040520,291201859.86,119947007.11,8872,83,Uva,35.4,Dic,AREQUIPA,CAYLLOMA,MAJES,-16.355911164285665,-72.25542138499996,18405.43731732337,85b330d3fffffff,86b330d0fffffff,Juliaca,6.3999663442154064,False,0.5936220741871793,4.0,False,291.2,15.0
020801,284203332.88,144666144.94,11543,139,"Palta, mango, dátil y piña",70.3,Mar,ANCASH,CASMA,CASMA,-9.486941018999943,-78.24837464433331,6381.1925603890195,858f5a87fffffff,868f58497ffffff,Huamachuco,5.687702263055143,False,0.8109822443064041,4.0,False,284.2,
140307,275171160.13,138300228.19,9183,58,Frutas congeladas,29.3,Nov,LAMBAYEQUE,LAMBAYEQUE,MOTUPE,-6.14811952324996,-79.69034406099995,16936.840092994367,858f56a7fffffff,868f56a67ffffff,Chiclayo,1.164680800637409,True,0.2178488273586303,4.0,True,275.2,
130201,269261239.13,276691485.98,2319,36,Azúcar de caña,53.6,Dic,LA LIBERTAD,ASCOPE,ASCOPE,-7.694241615999942,-79.08776584699999,4153.259818242715,858f5387fffffff,868f5386fffffff,Chiclayo,2.918438911137513,False,1.852571480497234,4.0,True,269.3,
110205,264701489.7,155970241.85,9158,93,"Palta, mango, dátil y piña",39.9,Jul,ICA,CHINCHA,EL CARMEN,-13.532068524066627,-76.09022220366663,10620.609733995158,858e636bfffffff,868e636afffffff,Pisco,0.775433317139597,True,2.4446111610284667,4.0,True,264.7,1.0
110102,242244504.95,69321302.35,5697,23,Uva,66.1,Dic,ICA,ICA,LA TINGUIÑA,-14.011633399999937,-75.69780896066662,2780.9966434731114,858e458ffffffff,868e45bb7ffffff,Pisco,1.3026689663743714,True,0.8411000716989758,4.0,True,242.2,6.0
200501,224198611.76,142760256.67,5226,80,Preparaciones alimenticias,45.2,Dic,PIURA,PAITA,PAITA,-5.167187442999932,-81.05541875299997,200.6817444584524,858f0b8ffffffff,868f0b8e7ffffff,Chiclayo,3.691541355096565,False,1.945522058333782,4.0,True,224.2,
110105,224023003.6,104083937.28,7568,21,Uva,37.3,Ene,ICA,ICA,PACHACUTEC,-14.16401067366663,-75.6794365243333,3099.4321933395017,858e45abfffffff,868e45b9fffffff,Pisco,1.4363177190365684,True,0.3075750195081597,4.0,True,224.0,6.0
230101,218751205.06,248656128.59,48786,265,Hortalizas preparadas,28.7,Oct,TACNA,TACNA,TACNA,-18.016258393999976,-70.39369989799997,4101.533424622475,85b30457fffffff,86b304547ffffff,Juliaca,8.501144108199792,False,9.110595015022662,4.0,False,218.8,-1.0
221005,201411456.83,169985482.4,2129,5,Aceite de palma,71.7,Oct,SAN MARTIN,TOCACHE,UCHIZA,-8.397130707499969,-76.39598311149996,26653.17231979304,858f5d9bfffffff,868f5d9afffffff,Bellavista,4.409558410888044,False,0.9241401649824724,6.0,True,201.4,
130205,192601157.07,46413824.14,8801,63,Hortalizas frescas (espárrago y otras),80.1,Ago,LA LIBERTAD,ASCOPE,PAIJAN,-7.731538622333289,-79.2955613383333,5526.188514090634,858f538ffffffff,868f538e7ffffff,Chiclayo,2.2084381107673683,False,0.5212759423035904,4.0,True,192.6,
070103,167416312.24,122874777.92,6801,14,Jugos de fruta,30.5,Jul,CALLAO,CALLAO,CARMEN DE LA LEGUA REYNOSO,-12.042884683999944,-77.09041772499995,0.0,858e62c3fffffff,868e62c07ffffff,Pisco,3.081303896251987,False,0.1329034991914584,4.0,True,167.4,
250101,166931422.73,148220842.12,173,14,Aceite de palma,94.9,Feb,UCAYALI,CORONEL PORTILLO,CALLERIA,-8.195059035299959,-74.33146417789996,44005.387415029865,858f4c77fffffff,868f4c767ffffff,Tarma,10.21031730281616,False,28.4047442158102,6.0,False,166.9,
021201,161795124.94,33420575.2,5109,25,"Arándano, fresa y otras bayas",62.3,Set,ANCASH,HUAYLAS,CARAZ,-9.035460237999956,-77.77094787974997,7237.622086371043,858f58c3fffffff,868f58c0fffffff,Huamachuco,7.885530387933729,False,0.1134267229332671,6.0,False,161.8,
200401,158817321.94,78308781.3,5431,21,Uva,87.2,Nov,PIURA,MORROPON,CHULUCANAS,-5.093092845111057,-80.14107099688886,26338.685373567947,858f090ffffffff,868f09057ffffff,Chiclayo,3.3398388117523354,False,0.719349602985099,4.0,True,158.8,17.0
150512,156079117.46,33001233.85,3171,42,Semillas para siembra,43.0,Jul,LIMA,CAÑETE,QUILMANA,-12.956796703599958,-76.38260593479995,4888.200901226942,858e635bfffffff,868e635a7ffffff,Pisco,1.519170849868349,True,0.3925472902618004,4.0,True,156.1,13.0
200603,150952369.72,144010694.62,454,8,Alcohol etílico,93.8,Ago,PIURA,SULLANA,IGNACIO ESCUDERO,-4.848388903333283,-80.88554595616662,8512.077098978649,858f082ffffffff,868f082cfffffff,Chiclayo,3.6980128460136727,False,0.2955019199331752,4.0,True,151.0,
150108,149867707.81,67961894.77,8601,92,Jugos de fruta,21.9,May,LIMA,LIMA,CHORRILLOS,-12.192644506999956,-77.00588969799998,0.0,858e62cffffffff,868e62cefffffff,Pisco,2.697474065535012,False,0.2653071410396269,4.0,True,149.9,
110107,146886507.68,45287975.78,5853,69,Hortalizas frescas (espárrago y otras),50.5,Oct,ICA,ICA,PUEBLO NUEVO,-14.122794828399947,-75.69737394639998,1754.9245984147037,858e45bbfffffff,868e45b9fffffff,Pisco,1.339285009154203,True,0.4089483571635253,4.0,True,146.9,6.0
150115,129823462.36,51919041.96,29121,133,Salsas y condimentos,31.0,Jun,LIMA,LIMA,LA VICTORIA,-12.072332720999952,-77.01738574699993,0.0,858e62c3fffffff,868e62c0fffffff,Pisco,2.9229753854734013,False,0.1438247053205278,4.0,True,129.8,
110204,126610325.07,58850069.11,6664,36,Hortalizas preparadas,19.3,Ago,ICA,CHINCHA,CHINCHA BAJA,-13.491188230199947,-76.14861338299995,6652.67600142143,858e636bfffffff,868e636a7ffffff,Pisco,0.496138771383398,True,1.02648044799773,4.0,True,126.6,1.0
021207,123870216.53,19094139.02,2779,5,"Arándano, fresa y otras bayas",99.7,Set,ANCASH,HUAYLAS,PUEBLO LIBRE,-9.150892691999957,-77.81688835249997,4310.278568796921,858f58cffffffff,868f58cc7ffffff,Huamachuco,8.069638442878995,False,1.2740403462087366,6.0,False,123.9,
221003,123495709.03,28356369.0,278,3,Cacao en grano,99.9,Ago,SAN MARTIN,TOCACHE,POLVORA,-8.016862480999956,-76.75821921266663,46094.57648132636,858f437bfffffff,868f43797ffffff,Bellavista,3.011473608627837,False,9.825086343174004,6.0,True,123.5,
150205,119415336.6,26805813.71,1625,24,Pimienta y ají,73.3,Oct,LIMA,BARRANCA,SUPE PUERTO,-10.785247863999928,-77.72567981799995,880.5967583285515,858f5b0ffffffff,868f5b0dfffffff,Pisco,5.468398388428522,False,0.9937530470092104,4.0,False,119.4,10.0
150132,113422750.52,22073720.11,9228,124,Frutas preparadas,42.8,Set,LIMA,LIMA,SAN JUAN DE LURIGANCHO,-11.945962191999968,-76.97148873299994,5.571419295859967,858e62d7fffffff,868e62d57ffffff,Pisco,3.273203361965221,False,0.3327686731163986,4.0,True,113.4,
130206,111551110.36,20620561.43,3135,36,"Arándano, fresa y otras bayas",51.2,Oct,LA LIBERTAD,ASCOPE,RAZURI,-7.700197413999945,-79.37301609399995,12346.435907888193,858f538bfffffff,868f538f7ffffff,Chiclayo,2.269564420520857,False,0.4560733572599362,4.0,True,111.6,2.0
150140,110908120.06,32439484.7,12450,198,Preparaciones alimenticias,32.7,Oct,LIMA,LIMA,SANTIAGO DE SURCO,-12.126991046999931,-76.98430619899995,1.2640155827521895,858e62c7fffffff,868e62c57ffffff,Pisco,2.7775809233081263,False,0.2089836626878342,4.0,True,110.9,
110109,110560253.48,36803967.02,2351,18,Uva,76.3,Dic,ICA,ICA,SAN JOSE DE LOS MOLINOS,-13.912241466999944,-75.63583404174996,2906.6811026582577,858e4587fffffff,868e45847ffffff,Pisco,1.622596886870011,True,2.699692194288393,4.0,True,110.6,
130208,110163879.78,140346654.62,903,11,Alcohol etílico,54.2,Ago,LA LIBERTAD,ASCOPE,CASA GRANDE,-7.630586066999939,-79.19929836349996,13145.920218149655,858f5387fffffff,868f53877ffffff,Chiclayo,2.7254419988861174,False,3.8661444341526896,4.0,True,110.2,
150142,106944974.08,39109656.82,4112,70,"Productos vegetales diversos (tara, achiote)",25.9,May,LIMA,LIMA,VILLA EL SALVADOR,-12.219278058999976,-76.94527585299994,0.0,858e621bfffffff,868e621a7ffffff,Pisco,2.707063250927421,False,0.0766983521874138,4.0,True,106.9,
120606,105596217.36,35101181.33,1605,46,Cacao en grano,45.0,Set,JUNIN,SATIPO,PANGOA,-11.625696256714248,-74.37676050014282,58009.90894663609,858e6533fffffff,868e6530fffffff,Satipo,1.521814807026176,True,0.4237411071275192,6.0,True,105.6,
140301,104351439.29,72228277.38,3976,107,Hortalizas preparadas,30.9,Nov,LAMBAYEQUE,LAMBAYEQUE,LAMBAYEQUE,-6.659179089166618,-79.90060426241662,20140.585825920123,858f5627fffffff,868f5624fffffff,Chiclayo,0.2625796671413165,True,0.6077043012428681,4.0,True,104.4,4.0
150810,98293266.31,25944383.82,4107,48,Legumbres frescas,33.7,Oct,LIMA,HUAURA,SANTA MARIA,-11.115008011333279,-77.47556169466662,3343.435077052044,858f5b2ffffffff,868f5b2dfffffff,Pisco,5.938192825361588,False,1.3032224886074275,4.0,False,98.3,
140102,97261983.9,39206530.02,2337,7,Uva,90.7,Nov,LAMBAYEQUE,CHICLAYO,CHONGOYAPE,-6.643981376083285,-79.42586380341663,9321.101875409566,858f5013fffffff,868f50117ffffff,Chiclayo,0.9666221970780652,True,1.021963115574007,4.0,True,97.3,4.0
060101,96882346.76,28909433.19,1346,56,Café,41.9,Set,CAJAMARCA,CAJAMARCA,CAJAMARCA,-7.1339595449999536,-78.54251182749995,15280.080293804125,858f51d7fffffff,868f51d5fffffff,Huamachuco,3.3432600968352872,False,0.6440029309954441,6.0,True,96.9,
200404,96209875.6,7235009.38,2276,8,Semillas para siembra,89.7,Nov,PIURA,MORROPON,LA MATANZA,-5.223229427249954,-80.08547772874996,10857.180231433485,858f093bfffffff,868f09387ffffff,Chiclayo,2.9739585699444087,False,0.6419030512626486,4.0,True,96.2,
120302,94924562.38,43208079.8,2832,96,"Jengibre, cúrcuma y especias",60.6,Set,JUNIN,CHANCHAMAYO,PERENE,-10.92146133808329,-75.05654672149997,49264.42046300431,858e65dbfffffff,868e65d87ffffff,Satipo,2.084217832539485,False,1.355022822628626,6.0,True,94.9,5.0
150501,94668333.77,46252787.91,2635,55,"Palta, mango, dátil y piña",82.2,Mar,LIMA,CAÑETE,SAN VICENTE DE CAÑETE,-13.108075037499958,-76.35014090516663,8992.599751127193,858e6343fffffff,868e63417ffffff,Pisco,1.0432562466832345,True,1.7989015872086191,4.0,True,94.7,13.0
060901,90950523.61,19816731.77,1103,31,Café,99.7,Oct,CAJAMARCA,SAN IGNACIO,SAN IGNACIO,-5.146278133166628,-79.0100132408333,20367.034125092803,858f5493fffffff,868f5490fffffff,Chiclayo,6.46527792370709,False,0.1404418277901473,6.0,False,91.0,
040101,90318077.12,123538142.03,6919,136,Cebolla y ajo,26.2,Set,AREQUIPA,AREQUIPA,AREQUIPA,-16.406658033999975,-71.53845913699996,80.73644300401057,85b3354bfffffff,86b3354afffffff,Juliaca,4.482281686341469,False,0.0955922152655333,6.0,True,90.3,14.0
010701,89620486.81,19286561.63,900,21,Café,98.6,Oct,AMAZONAS,UTCUBAMBA,BAGUA GRANDE,-5.824286803999953,-78.4380648273529,37726.56589571544,858f55d3fffffff,868f55d2fffffff,Chiclayo,5.600822996573461,False,0.6799163257028685,6.0,True,89.6,22.0
150137,86509185.89,62194718.74,11015,85,Mezclas odoríferas,24.3,Jun,LIMA,LIMA,SANTA ANITA,-12.043207248999977,-76.96314006599994,0.0,858e62c7fffffff,868e62d5fffffff,,,,,,,86.5,
150812,86181284.22,62163334.54,2718,9,"Palta, mango, dátil y piña",52.3,May,LIMA,HUAURA,VEGUETA,-10.964858042249958,-77.60369172349996,8630.06033381376,858f5b2bfffffff,868f5b297ffffff,Pisco,5.281489559023558,False,0.2639012498636155,4.0,False,86.2,10.0
220101,85895095.23,17924188.49,7938,22,Café,79.5,Jul,SAN MARTIN,MOYOBAMBA,MOYOBAMBA,-5.874582397249959,-77.07746978587497,100694.86743825626,858f4617fffffff,868f4615fffffff,Bellavista,4.85190526221434,False,2.757469134831888,6.0,True,85.9,
021101,81732932.01,23881766.83,2421,28,Hortalizas frescas (espárrago y otras),98.0,Ago,ANCASH,HUARMEY,HUARMEY,-10.093330249499957,-77.94669889949995,4964.344769214876,858f5bd3fffffff,868f5bd1fffffff,Huamachuco,7.158190118937503,False,9.397084423896152,4.0,False,81.7,
050101,81460973.42,31430602.98,2698,49,Quinua y cereales andinos,65.8,Feb,AYACUCHO,HUAMANGA,AYACUCHO,-13.13708446449995,-74.25491730624996,2003.5279706483159,858e6c53fffffff,868e6c51fffffff,Pisco,6.116842476448213,False,2.1552677148299795,6.0,False,81.5,
221001,80732919.51,27258288.52,401,15,Cacao en grano,97.5,Jul,SAN MARTIN,TOCACHE,TOCACHE,-8.255198821499931,-76.52505808574996,45051.30325790944,858f436ffffffff,868f436e7ffffff,Bellavista,3.7425106351002295,False,3.228043773664464,6.0,True,80.7,
150811,80427309.22,28004021.13,1922,40,"Arándano, fresa y otras bayas",67.5,Set,LIMA,HUAURA,SAYAN,-11.126753291749964,-77.21593195999996,13140.412695385625,858e665bfffffff,868e66517ffffff,Pisco,5.098870418021376,False,1.5039868543415191,4.0,False,80.4,-1.0
021806,79688332.17,31035209.08,2932,29,"Palta, mango, dátil y piña",75.4,May,ANCASH,SANTA,NEPEÑA,-9.146688019999942,-78.29639124999994,10052.962659406008,858f5e2ffffffff,868f5e2f7ffffff,Huamachuco,5.478904976216861,False,0.1953693173241593,4.0,False,79.7,-1.0
110112,79607495.78,35970337.21,2759,51,Hortalizas frescas (espárrago y otras),85.6,Oct,ICA,ICA,SUBTANJALLA,-14.03510407449997,-75.82007296199995,1758.323535332005,858e458ffffffff,868e458dfffffff,Pisco,1.3649552276769272,True,3.1465885380311835,4.0,True,79.6,
130401,79361274.19,73870346.15,3163,53,"Palta, mango, dátil y piña",38.8,Dic,LA LIBERTAD,CHEPEN,CHEPEN,-7.242392412999948,-79.38432594683331,8901.883197687952,858f5077fffffff,868f50667ffffff,Chiclayo,1.2282056174744722,True,0.4732426278684278,4.0,True,79.4,4.0
040116,78861855.28,25937395.83,2298,3,Hortalizas preparadas,59.4,Oct,AREQUIPA,AREQUIPA,SABANDIA,-16.44826874699993,-71.46020547199998,537.5941383060989,85b3354ffffffff,86b3354e7ffffff,Juliaca,4.7937526093583305,False,1.974453324986254,6.0,True,78.9,14.0
250102,75812643.19,15259247.79,124,3,Cacao en grano,96.5,Jul,UCAYALI,CORONEL PORTILLO,CAMPOVERDE,-8.504587933499948,-74.82641630649995,98030.82581386284,858f4ea7fffffff,868f4ea4fffffff,Tarma,9.617813238144516,False,1.375650305237358,6.0,False,75.8,
120501,75191066.12,29891395.52,2301,123,Café,62.2,Dic,JUNIN,JUNIN,JUNIN,-11.188785277999957,-76.01190594399998,10671.396949325906,858e646bfffffff,868e64697ffffff,Tarma,1.531278544663498,True,0.8847041735652024,6.0,True,75.2,-1.0
150507,69000714.79,34488095.75,1593,36,Hortalizas preparadas,49.8,Nov,LIMA,CAÑETE,IMPERIAL,-13.031336240285668,-76.36795918114282,4749.133476769269,858e635bfffffff,868e635afffffff,Pisco,1.33854250919337,True,0.2062228430724425,4.0,True,69.0,13.0
080907,65330878.44,14986828.0,236,4,Cacao en grano,100.0,Set,CUSCO,LA CONVENCION,KIMBIRI,-12.582783604749963,-73.66242333374997,1692.8284450822248,858b6d9bfffffff,868e6c937ffffff,Tarma,10.281681811564354,False,5.84601081991926,6.0,False,65.3,
120301,62006275.17,16883408.48,2367,69,Café,84.3,Oct,JUNIN,CHANCHAMAYO,CHANCHAMAYO,-11.011138200285668,-75.33497321671426,13802.912435558499,858e6423fffffff,868e64227ffffff,Tarma,1.442649255521539,True,2.007776465938712,6.0,True,62.0,5.0
150131,58884077.89,17007497.62,6923,174,Confitería sin cacao,11.7,Mar,LIMA,LIMA,SAN ISIDRO,-12.09898090799993,-77.03667219399995,0.0,858e62c3fffffff,868e62c0fffffff,Pisco,2.886385719477117,False,0.0341311478796459,4.0,True,58.9,
200605,58704132.88,79497928.04,3882,15,Banano y plátano,99.5,Ene,PIURA,SULLANA,MARCAVELICA,-4.7637486025999465,-80.75175085539996,8184.4862602334,858f0827fffffff,868f08247ffffff,Chiclayo,3.7989727955621366,False,0.4236664606295317,4.0,True,58.7,
220303,54529608.26,12732669.44,390,32,Cacao en grano,75.9,Dic,SAN MARTIN,EL DORADO,SAN MARTIN,-6.438486940499942,-76.81904095224998,21944.33559464728,858f405bfffffff,868f405a7ffffff,Bellavista,2.876209726250324,False,2.781743074184962,6.0,True,54.5,
200505,53605339.42,42038575.88,68,3,Alcohol etílico,99.4,Ago,PIURA,PAITA,LA HUACA,-5.01789499433329,-80.90239867666664,13487.75162588139,858f0b97fffffff,868f0b94fffffff,Chiclayo,3.771770507927408,False,10.393938823970318,4.0,True,53.6,
110505,52396760.43,38091919.3,1909,42,Cítricos,44.4,Jul,ICA,PISCO,PARACAS,-14.046829224999954,-76.15788354399996,2320.529994305847,858e45cffffffff,868e45cefffffff,Pisco,1.168204829191058,True,1.4463377475084054,4.0,True,52.4,-1.0
020803,50678316.46,18624630.75,4536,37,"Palta, mango, dátil y piña",87.3,Ene,ANCASH,CASMA,COMANDANTE NOEL,-9.460026460999927,-78.3706842853333,2183.5977009410376,858f5a83fffffff,868f5a82fffffff,Huamachuco,5.461408226476299,False,0.3904416489273158,4.0,False,50.7,
150122,50360381.67,22157722.6,4239,145,Aceite de coco y palmiste,16.0,Oct,LIMA,LIMA,MIRAFLORES,-12.12123578099994,-77.03185553199995,0.0,858e62cffffffff,868e62c57ffffff,Pisco,2.8371990993241294,False,0.1474481715851499,4.0,True,50.4,
150135,49226567.56,20009975.080000002,6239,92,Frutas congeladas,72.3,Nov,LIMA,LIMA,SAN MARTIN DE PORRES,-11.992827813999952,-77.08841318799995,198.60780759634773,858e62c3fffffff,868e62c37ffffff,Pisco,3.129634507548291,False,0.1825128346011292,4.0,True,49.2,
110301,44646606.84,21741671.1,1133,27,"Palta, mango, dátil y piña",86.7,May,ICA,NASCA,NASCA,-14.838560461249948,-74.99004563474995,7958.219222352419,858e6a03fffffff,868e6a037ffffff,Pisco,3.360540202324772,False,2.6866960458274267,4.0,True,44.6,
150117,43684407.19,11109971.62,7024,71,Café,34.0,Nov,LIMA,LIMA,LOS OLIVOS,-11.972420735999949,-77.07436708199998,0.0,858e62c3fffffff,868e62c27ffffff,Pisco,3.1306839207543096,False,0.1353402682382672,4.0,True,43.7,
120601,43489418.7,13629776.84,943,73,Cacao en grano,47.1,Ago,JUNIN,SATIPO,SATIPO,-11.196044039833291,-74.6180556923333,35251.45601639731,858e6513fffffff,868e65127ffffff,Satipo,0.0732539038930684,True,2.421653616581928,6.0,True,43.5,
140306,40877582.25,9009513.7,927,17,Hortalizas frescas (espárrago y otras),87.0,Dic,LAMBAYEQUE,LAMBAYEQUE,MORROPE,-6.532458367777729,-80.02091878088885,17201.598307811295,858f5623fffffff,868f5620fffffff,Chiclayo,0.5303754209372842,True,0.6511229770152301,4.0,True,40.9,
010601,40212648.34,8059505.0,378,9,Café,100.0,Oct,AMAZONAS,RODRIGUEZ DE MENDOZA,SAN NICOLAS,-6.3864220921666215,-77.45187008399996,1013.9157982290532,858f466ffffffff,868f466f7ffffff,Chiclayo,8.901163206247112,False,1.854429863772372,6.0,False,40.2,
200606,40053464.8,56093033.64,3061,11,Banano y plátano,97.2,Mar,PIURA,SULLANA,MIGUEL CHECA,-4.976787625999947,-80.77923930749998,4756.918905500374,858f095bfffffff,868f0959fffffff,Chiclayo,3.5016477423964028,False,6.818299843421584,4.0,True,40.1,
060902,40004754.96,8022910.0,448,5,Café,100.0,Oct,CAJAMARCA,SAN IGNACIO,CHIRINOS,-5.3169726588570825,-78.87626408228569,20060.84140535085,858f5487fffffff,868f54867ffffff,Chiclayo,6.524800668327529,False,0.6841367002366016,6.0,False,40.0,
200107,39067848.41,14313513.77,980,4,Uva,99.6,Nov,PIURA,PIURA,CURA MORI,-5.358341772199947,-80.61800724539998,6747.524562045181,858f0bb7fffffff,868f0bb6fffffff,Chiclayo,2.627914417115758,False,0.0926396779743719,4.0,True,39.1,
150114,38479977.99,14455754.61,3130,76,Frutas preparadas,26.3,Mar,LIMA,LIMA,LA MOLINA,-12.088085452999962,-76.92572938299998,0.4565331848049155,858e62c7fffffff,868e62c67ffffff,Pisco,2.993506103184845,False,0.31632857592001,4.0,True,38.5,
110305,38003758.72,31905042.1,735,12,Algarroba y otros frutos,92.7,Mar,ICA,NASCA,VISTA ALEGRE,-14.928155505199948,-74.88771253659996,5676.814016828752,858e6a07fffffff,868e6a077ffffff,Pisco,3.966258739639421,False,3.744875444167053,4.0,True,38.0,
200105,37836413.93,15438183.91,1041,15,Uva,92.8,Nov,PIURA,PIURA,CATACAOS,-5.288880271272686,-80.62994413381814,11690.447338727397,858f0bb7fffffff,868f0bb67ffffff,Chiclayo,2.730955141894884,False,1.4889609353224706,4.0,True,37.8,17.0
010702,36708380.93,7890058.36,410,3,Café,97.2,Jun,AMAZONAS,UTCUBAMBA,CAJARURO,-5.709109547076878,-78.23828016461533,33053.32308356689,858f7367fffffff,868f73647ffffff,Chiclayo,5.683616299091986,False,3.639681895720654,6.0,True,36.7,
150514,36049894.96,27464790.2,1773,20,Cítricos,77.6,Jul,LIMA,CAÑETE,SAN LUIS,-13.048479710333282,-76.42218339299997,3225.740271135036,858e635bfffffff,868e6358fffffff,Pisco,1.2634343498831646,True,0.7679608906916764,4.0,True,36.0,13.0
070106,35886089.19,15388925.5,6739,33,Frutas congeladas,42.1,Mar,CALLAO,CALLAO,VENTANILLA,-11.879115535999972,-77.13086870599994,70.94676158282427,858e62d3fffffff,868e62d17ffffff,Pisco,3.4067330979110158,False,0.1380549157060177,4.0,True,35.9,
220504,34651540.68,14230216.98,1326,3,Frutas preparadas,82.8,May,SAN MARTIN,LAMAS,CAYNARACHI,-6.228803217499944,-76.30090881499994,30033.0209868998,858f408bfffffff,868f40897ffffff,Bellavista,2.84772326541455,False,2.4025165319373443,6.0,True,34.7,
110106,33028639.83,13038044.15,772,53,"Palta, mango, dátil y piña",55.8,Mar,ICA,ICA,PARCONA,-14.057208390333281,-75.70581604999997,698.3372627058527,858e45bbfffffff,868e45b97ffffff,Pisco,1.2002898086117388,True,0.2926982399440672,4.0,True,33.0,6.0
150121,32960539.74,13069031.6,5980,24,Hortalizas congeladas,18.6,Oct,LIMA,LIMA,PUEBLO LIBRE,-12.075084095999957,-77.06574321299996,0.0,858e62c3fffffff,868e62c0fffffff,Pisco,2.9865278151030576,False,0.2099099832330936,4.0,True,33.0,
130106,32929233.94,41987488.5,205,4,Azúcar de caña,95.1,Ago,LA LIBERTAD,TRUJILLO,LAREDO,-8.096756779799966,-78.91249212719995,7692.677933770494,858f53a7fffffff,868f53a5fffffff,Huamachuco,2.7099971704805856,False,0.5763548116094692,4.0,True,32.9,2.0
080101,31742371.28,10364498.4,1052,59,Maíz,41.3,Nov,CUSCO,CUSCO,CUSCO,-13.488168709833294,-71.97455360566663,2147.425060533548,858b6117fffffff,868b61167ffffff,Sicuani,2.403286882831813,False,0.6800435210154933,6.0,True,31.7,
150120,31640875.77,9681579.3,2642,53,"Arándano, fresa y otras bayas",40.1,Oct,LIMA,LIMA,MAGDALENA DEL MAR,-12.093838644999948,-77.06669448899999,0.0,858e62c3fffffff,868e62c0fffffff,Pisco,2.965043103453345,False,0.2171120362504848,4.0,True,31.6,
040108,31028601.5,3526830.13,835,20,Hortalizas secas,79.2,Nov,AREQUIPA,AREQUIPA,LA JOYA,-16.572356766142807,-71.83152664071424,7361.745217857137,85b3308ffffffff,86b3308efffffff,Juliaca,5.152247690009412,False,0.2333906420249343,4.0,False,31.0,
170101,29023813.25,4205514.94,351,21,Coco y castaña,86.8,Set,MADRE DE DIOS,TAMBOPATA,TAMBOPATA,-12.579872001083288,-69.43257322249995,36976.767804432944,858b44cffffffff,868b44cf7ffffff,Juliaca,9.854397039016,False,5.48306497196771,6.0,False,29.0,
220601,28863951.31,6273328.04,134,7,Cacao en grano,99.9,Ago,SAN MARTIN,MARISCAL CACERES,JUANJUI,-7.263113707999963,-76.74737653624997,23901.27594195183,858f43dbfffffff,868f43d87ffffff,Bellavista,0.7725700630930664,True,1.0677433833029415,6.0,True,28.9,
130101,28799562.45,14475137.4,2298,74,Galletas y panadería,29.2,Abr,LA LIBERTAD,TRUJILLO,TRUJILLO,-8.112903216499944,-79.02598934049996,957.8359139839865,858f53affffffff,868f53ac7ffffff,Huamachuco,2.7502279183452747,False,0.0546819370653035,4.0,True,28.8,2.0
200607,27059986.9,36167511.160000004,1880,18,Banano y plátano,100.0,Ene,PIURA,SULLANA,QUERECOTILLO,-4.7634382678570955,-80.61080881814281,5279.332489105018,858f0953fffffff,868f09527ffffff,Chiclayo,3.6331830999827535,False,1.182626248416071,4.0,True,27.1,
040303,26331992.49,16977986.0,292,8,Algarroba y otros frutos,100.0,Feb,AREQUIPA,CARAVELI,ATICO,-16.05301874199995,-73.53834168699996,144.71850402401674,85b33653fffffff,86b336517ffffff,Pisco,7.841913152952561,False,7.667843143430534,4.0,False,26.3,
120607,25686923.31,15723465.49,1420,39,"Jengibre, cúrcuma y especias",96.9,Nov,JUNIN,SATIPO,RIO NEGRO,-11.099613444249954,-74.69335373337495,22462.347248110585,858e658bfffffff,868e65897ffffff,Satipo,0.3408049051771558,True,0.5948012991540742,6.0,True,25.7,5.0
150134,24124665.86,13215793.81,5059,43,Preparaciones alimenticias,20.0,Nov,LIMA,LIMA,SAN LUIS,-12.074086508999926,-76.99723940499996,0.0,858e62c7fffffff,868e62c77ffffff,Pisco,2.8844390826434805,False,0.0300600743157882,4.0,True,24.1,
020802,23941148.5,10604502.98,2060,20,"Palta, mango, dátil y piña",60.5,Ene,ANCASH,CASMA,BUENA VISTA ALTA,-9.379752408999934,-78.14625564299996,3890.0224429633117,858f585bfffffff,868f5859fffffff,Huamachuco,6.141741231089173,False,1.942434310631951,4.0,False,23.9,
150130,23110328.7,10243061.83,4630,67,Pimienta y ají,13.3,Jul,LIMA,LIMA,SAN BORJA,-12.097546260999934,-76.99520863399994,0.0,858e62c7fffffff,868e62c77ffffff,Pisco,2.869940094207906,False,0.0076606642920227,4.0,True,23.1,
150510,23074977.71,10294523.3,646,38,"Palta, mango, dátil y piña",61.9,Mar,LIMA,CAÑETE,NUEVO IMPERIAL,-13.04053626039995,-76.28175284279996,3485.4972314178062,858e6343fffffff,868e63427ffffff,Pisco,1.5034044692884818,True,3.081085387439582,4.0,True,23.1,13.0
110506,23062257.7,3956644.68,289,3,"Arándano, fresa y otras bayas",98.9,Oct,ICA,PISCO,SAN ANDRES,-13.766934580999967,-76.15567182199995,6598.438616511525,858e45d3fffffff,868e45d0fffffff,Pisco,0.1568354772655742,True,1.2425587638661275,4.0,True,23.1,1.0
220909,22185352.3,14077967.6,376,8,Aceite de coco y palmiste,77.8,Jun,SAN MARTIN,SAN MARTIN,LA BANDA DE SHILCAYO,-6.494636267749954,-76.30505668699996,8395.084890444985,858f4003fffffff,868f40037ffffff,Bellavista,1.623365568870074,True,1.1747877515670702,6.0,True,22.2,
040302,21856801.84,11720914.49,971,7,Hortalizas preparadas,95.2,Jul,AREQUIPA,CARAVELI,ACARI,-15.403413153499955,-74.55147701274997,2688.9736190653994,858e6a27fffffff,868e6b5a7ffffff,Pisco,5.587426110103706,False,5.695277840695229,4.0,False,21.9,-1.0
150202,21040703.310000002,27624316.12,98,2,Azúcar de caña,99.6,Nov,LIMA,BARRANCA,PARAMONGA,-10.485872691999967,-77.74321683733329,4821.654817033097,858f5b1bfffffff,868f5b18fffffff,Pisco,5.965214032869995,False,0.236241566403098,4.0,False,21.0,
150505,20781753.57,7942532.56,1152,19,Frutas congeladas,22.8,Ago,LIMA,CAÑETE,CHILCA,-12.42981253299996,-76.62992806199998,2608.152401487268,858e6207fffffff,868e62067ffffff,Pisco,2.833998282624089,False,2.1960851537169006,4.0,True,20.8,-1.0
050401,19927463.55,4664386.1,893,29,Extractos vegetales (tara y otros),47.3,Mar,AYACUCHO,HUANTA,HUANTA,-12.92932586399995,-74.22886835774996,7073.744235241142,858e6ccbfffffff,868e6cc87ffffff,Tarma,6.508601867096403,False,0.3768698780567169,6.0,False,19.9,
080901,19562200.56,3883557.49,359,19,Café,95.4,Nov,CUSCO,LA CONVENCION,SANTA ANA,-12.86909445699994,-72.72381837133328,1180.0852746163,858b6c13fffffff,868b6c117ffffff,Sicuani,6.736169173126101,False,1.5480359109588244,6.0,False,19.6,
150806,19535338.93,10962824.76,918,52,"Palta, mango, dátil y piña",41.7,Set,LIMA,HUAURA,HUAURA,-11.034236304599949,-77.46680896179996,10149.061623853271,858f5b2ffffffff,868f5b2f7ffffff,Pisco,5.406717129984472,False,0.1853720028056463,4.0,False,19.5,
180101,18927744.51,10557193.82,802,27,"Arándano, fresa y otras bayas",73.5,Ago,MOQUEGUA,MARISCAL NIETO,MOQUEGUA,-17.116527623999957,-71.0584775763333,2937.126668041158,85b3318bfffffff,86b331887ffffff,Juliaca,6.187595429948958,False,9.281411484423646,4.0,False,18.9,
130207,18710172.09,19963033.99,355,5,Alcohol etílico,39.0,Ene,LA LIBERTAD,ASCOPE,SANTIAGO DE CAO,-7.927792751249953,-79.22961575399997,10156.34506356347,858f53bbfffffff,868f5316fffffff,Chiclayo,2.928100145085606,False,0.3456190139766869,4.0,True,18.7,2.0
200504,18507433.57,9665778.59,443,4,Frutas congeladas,99.6,Ene,PIURA,PAITA,COLAN,-4.9103884201428105,-81.07792290699997,5459.017387438335,858f0b93fffffff,868f0b91fffffff,Chiclayo,4.24892597947018,False,0.7229199222376402,4.0,False,18.5,-1.0
150141,18295546.38,5190352.93,1223,36,Aves vivas,28.6,Nov,LIMA,LIMA,SURQUILLO,-12.113436342999933,-77.01298608199994,0.0,858e62c7fffffff,868e62c57ffffff,Pisco,2.830198167775521,False,0.092077779139644,4.0,True,18.3,
040704,18042406.48,13311563.27,286,3,Algarroba y otros frutos,86.0,Abr,AREQUIPA,ISLAY,ISLAY,-16.87631950599996,-72.10223308199994,0.2743791172879952,85b33003fffffff,86b33001fffffff,Juliaca,6.248708087051071,False,5.8936206666891335,4.0,False,18.0,
220901,18011817.02,12025371.4,1085,23,Frutas preparadas,33.7,Oct,SAN MARTIN,SAN MARTIN,TARAPOTO,-6.510808337999947,-76.37202386166662,3284.2989970551753,858f401bfffffff,868f4018fffffff,Bellavista,1.4564138282296286,True,0.3025177146602624,6.0,True,18.0,8.0
040104,17751424.23,4237407.94,964,21,Coco y castaña,85.8,Set,AREQUIPA,AREQUIPA,CERRO COLORADO,-16.3435537773333,-71.58674548433329,2413.90102922032,85b3354bfffffff,86b3354a7ffffff,Juliaca,4.2609110953604254,False,0.1374129904244742,6.0,True,17.8,
120701,16792008.41,1432102.37,299,5,"Palta, mango, dátil y piña",89.9,Jul,JUNIN,TARMA,TARMA,-11.434149619499957,-75.72652522199995,8336.719525422353,858e609bfffffff,868e6099fffffff,Tarma,0.1224214959274169,True,1.53661144863067,6.0,True,16.8,
040117,15823792.81,67285492.36,6194,8,Bebidas no alcohólicas,84.9,Ene,AREQUIPA,AREQUIPA,SACHACA,-16.421951924333275,-71.57599558166662,1002.2403380676622,85b3354bfffffff,86b335487ffffff,Juliaca,4.51433961115761,False,0.6113380674022122,6.0,True,15.8,14.0
100601,14968358.24,2320049.45,381,11,Manteca de cacao,31.4,Oct,HUANUCO,LEONCIO PRADO,RUPA-RUPA,-9.232244244333287,-76.06163512399996,8649.960971106877,858f5d37fffffff,868f5d34fffffff,Tarma,6.704942460641583,False,2.296841109256809,6.0,False,15.0,
150104,14416749.58,2382890.04,722,19,Harinas de legumbres y frutas,35.2,Ago,LIMA,LIMA,BARRANCO,-12.144029411999952,-77.02086251199995,0.0,858e62cffffffff,868e62c57ffffff,Pisco,2.8129177093910465,False,0.1203879708095762,4.0,True,14.4,
090705,14022598.85,6093066.74,466,3,"Palta, mango, dátil y piña",100.0,Mar,HUANCAVELICA,TAYACAJA,COLCABAMBA,-12.391243160454497,-74.6930143124545,11036.342482333825,858e6113fffffff,868e6112fffffff,Tarma,4.457248419325986,False,0.1897823992423694,6.0,True,14.0,18.0
150112,13927614.72,22186629.41,814,22,Pastas alimenticias,38.7,May,LIMA,LIMA,INDEPENDENCIA,-11.987472870999966,-77.04604435999994,0.0,858e62c3fffffff,868e62c27ffffff,Pisco,3.1596201235034664,False,0.60038799228893,4.0,True,13.9,
170103,13804905.48,2144605.9,137,3,Coco y castaña,100.0,May,MADRE DE DIOS,TAMBOPATA,LAS PIEDRAS,-12.234407062999955,-69.18799481599994,42079.610007061056,858b444bfffffff,868b444afffffff,Juliaca,10.73418683606334,False,1.811872948644308,6.0,False,13.8,
130202,13598262.46,6643569.57,303,6,"Palta, mango, dátil y piña",97.2,Jun,LA LIBERTAD,ASCOPE,CHICAMA,-7.8276065066666165,-79.06085971966662,11382.046310226848,858f53b3fffffff,868f53b1fffffff,Chiclayo,3.535046291099698,False,4.9312302822370295,4.0,True,13.6,
200506,13555110.59,4236666.7,270,8,"Arándano, fresa y otras bayas",88.0,Oct,PIURA,PAITA,TAMARINDO,-4.86309389799997,-80.96147493499996,2540.2651329804025,858f082ffffffff,868f082dfffffff,Chiclayo,4.056244759718097,False,1.1269560406512078,4.0,False,13.6,
110114,13018139.18,4015961.3,288,5,Uva,98.2,Dic,ICA,ICA,YAUCA DEL ROSARIO,-14.102658137999953,-75.43338418399998,5423.099820776538,858e45b7fffffff,868e45b57ffffff,Pisco,1.9135627501835013,True,2.5351571480383903,4.0,True,13.0,
150110,12948032.14,8642521.08,1768,35,"Palta, mango, dátil y piña",42.1,Feb,LIMA,LIMA,COMAS,-11.927920622999949,-77.03740747999996,56.10803236525751,858e62d3fffffff,868e62d0fffffff,Pisco,3.24291616288464,False,0.3432136566214178,4.0,True,12.9,
020107,12699227.3,24709883.58,784,28,Cebolla y ajo,45.6,Dic,ANCASH,HUARAZ,LA LIBERTAD,-9.636993575499957,-77.71981203999994,1791.615042741605,858f5873fffffff,868f58707ffffff,Huamachuco,9.182918323400266,False,0.6255335904374787,6.0,False,12.7,
010609,12511508.7,2528402.0,105,4,Café,100.0,Oct,AMAZONAS,RODRIGUEZ DE MENDOZA,OMIA,-6.418893472999962,-77.34419140049997,1743.814643763293,858f466ffffffff,868f466efffffff,Chiclayo,9.629952051510314,False,0.5054615870163583,6.0,False,12.5,
140116,12502349.83,2411159.49,328,6,"Arándano, fresa y otras bayas",98.9,Nov,LAMBAYEQUE,CHICLAYO,CAYALTI,-6.8970065512499446,-79.52858691449997,4707.487936986142,858f500bfffffff,868f50087ffffff,Chiclayo,0.8316776056271035,True,0.7199733099398494,4.0,True,12.5,4.0
250301,12306314.79,2303162.54,107,6,Cacao en grano,95.5,Jul,UCAYALI,PADRE ABAD,PADRE ABAD,-9.018102952124949,-75.55121519962498,42833.903235446785,858f4e6ffffffff,868f4e6cfffffff,Bellavista,7.708394639187411,False,3.9535632879039166,6.0,False,12.3,
150502,12305170.43,4644441.5,485,1,Jugos de fruta,67.4,Set,LIMA,CAÑETE,ASIA,-12.76835399166661,-76.5357261873333,2471.4636760862118,858e6223fffffff,868e62207ffffff,Pisco,1.7289407839361657,True,0.4342386373000572,4.0,True,12.3,
210101,12174434.01,5461592.34,804,36,Quinua y cereales andinos,43.2,Dic,PUNO,PUNO,PUNO,-15.889851051249963,-70.01578390899996,5841.825598803743,85b3260ffffffff,86b3260f7ffffff,Juliaca,0.9512171404450542,True,0.3180987281694351,6.0,True,12.2,
010706,12066410.61,2396555.0,143,7,Café,100.0,Set,AMAZONAS,UTCUBAMBA,LONYA GRANDE,-6.071434659249952,-78.40581470337496,7974.353318365802,858f55c7fffffff,868f55c47ffffff,Chiclayo,7.43178136449365,False,0.3052049700301186,6.0,False,12.1,
190307,11916457.98,2644160.04,503,24,Café,97.2,Ago,PASCO,OXAPAMPA,VILLA RICA,-10.680075969999951,-75.22024060939995,17215.657740255047,858e64a3fffffff,868e64a17ffffff,Tarma,3.1805520980242585,False,1.54259663483179,6.0,True,11.9,5.0
200402,11665872.72,15411128.82,755,7,Banano y plátano,99.9,Mar,PIURA,MORROPON,BUENOS AIRES,-5.257040308999952,-79.94054012633329,4815.907203415667,858f0923fffffff,868f0931fffffff,Chiclayo,3.3069623000882773,False,0.4231426318610137,4.0,True,11.7,17.0
050110,11365730.42,4976373.61,631,10,Quinua y cereales andinos,62.5,Feb,AYACUCHO,HUAMANGA,SAN JUAN BAUTISTA,-13.195303347999982,-74.21148063299995,252.0852445255712,858e6c43fffffff,868e6c427ffffff,Pisco,6.134955849153132,False,0.5243922534331401,6.0,False,11.4,
110201,10989365.99,4286811.19,896,43,"Arándano, fresa y otras bayas",18.8,Oct,ICA,CHINCHA,CHINCHA ALTA,-13.389922928999965,-76.09085121866663,786.8850047160673,858e637bfffffff,868e637afffffff,Pisco,0.8697462876858446,True,0.6911853754753143,4.0,True,11.0,
110507,10724582.18,5262491.8,291,19,Uva,48.9,Feb,ICA,PISCO,SAN CLEMENTE,-13.660839352285668,-76.13920554828567,5618.375525990671,858e45d3fffffff,868e45d2fffffff,Pisco,0.2233484391459546,True,1.3542203962670665,4.0,True,10.7,1.0
200608,10531159.11,14583134.040000001,612,12,Banano y plátano,100.0,Ene,PIURA,SULLANA,SALITRAL,-4.847561499999941,-80.68318190424996,1571.6964874743417,858f0953fffffff,868f09517ffffff,Chiclayo,3.4918280767901275,False,0.3531272005593131,4.0,True,10.5,17.0
250201,10510057.69,1657413.06,70,5,Cacao en grano,96.0,Jul,UCAYALI,ATALAYA,RAIMONDI,-10.588010063899958,-73.60967207989998,100900.67056211071,858b6977fffffff,868b6976fffffff,Satipo,6.564496511222722,False,22.00747614447337,6.0,False,10.5,-1.0
030201,10328835.35,2242207.81,116,8,Café,94.1,Nov,APURIMAC,ANDAHUAYLAS,ANDAHUAYLAS,-13.724958537222172,-73.39094786188883,10747.789344022764,858e6c27fffffff,868e6c24fffffff,Sicuani,10.461362949304048,False,0.4245043547331119,6.0,False,10.3,
240101,9987787.14,13848461.0,315,20,Arroz,62.8,Jun,TUMBES,TUMBES,TUMBES,-3.54901994949995,-80.42293371883329,4729.179357725143,858f0dcbfffffff,868f0dc8fffffff,Chiclayo,7.029261665073307,False,0.4580339748579615,4.0,False,10.0,7.0
150123,9925180.16,2335989.85,2185,35,Plantas para perfumería,34.4,Jul,LIMA,LIMA,PACHACAMAC,-12.185408900399954,-76.84220434319997,2142.359680528724,858e6213fffffff,868e62137ffffff,Pisco,3.315452111313298,False,1.0633015108350763,4.0,True,9.9,-1.0
200115,9783590.79,4705278.08,238,11,Frutas congeladas,84.7,Feb,PIURA,PIURA,VEINTISEIS DE OCTUBRE,-5.158240106999926,-80.69347133599996,449.443840251551,858f094ffffffff,868f094d7ffffff,,,,,,,9.8,17.0
140115,9477538.25,4167115.0,225,3,Uva,54.7,Nov,LAMBAYEQUE,CHICLAYO,SAÑA,-6.885943587999956,-79.60333468049997,9366.61438993056,858f500bfffffff,868f50097ffffff,Chiclayo,0.7649632128552618,True,0.4574461280475799,4.0,True,9.5,4.0
150113,9428785.09,2632158.2,361,26,Pimienta y ají,60.2,Oct,LIMA,LIMA,JESUS MARIA,-12.078106398999978,-77.04820820199996,0.0,858e62c3fffffff,868e62c0fffffff,Pisco,2.944770794723848,False,0.0942826518475551,4.0,True,9.4,
150133,9374551.2,9460835.78,1721,28,Bebidas no alcohólicas,85.4,Oct,LIMA,LIMA,SAN JUAN DE MIRAFLORES,-12.157858249999949,-76.96650742299994,0.0,858e62c7fffffff,868e62c5fffffff,Pisco,2.7726300580175245,False,0.1580975067939165,4.0,True,9.4,
130203,9329769.32,3205602.45,251,6,Hortalizas frescas (espárrago y otras),99.8,May,LA LIBERTAD,ASCOPE,CHOCOPE,-7.795089937333292,-79.22147998333328,8539.426085645144,858f53bbfffffff,868f53bb7ffffff,Chiclayo,2.409058332663972,False,0.2696643483398195,4.0,True,9.3,2.0
021809,9328056.78,2472407.84,551,22,"Palta, mango, dátil y piña",54.5,Nov,ANCASH,SANTA,NUEVO CHIMBOTE,-9.100063667999962,-78.43591670099994,7549.648017334688,858f5e2bfffffff,868f5e287ffffff,Huamachuco,5.06234180076368,False,0.6225095293293339,4.0,False,9.3,-1.0
120604,9278898.16,6412943.5,531,23,"Jengibre, cúrcuma y especias",85.2,Jul,JUNIN,SATIPO,MAZAMARI,-11.34937627812495,-74.38681988274996,28468.648570476427,858e65abfffffff,868e65ab7ffffff,Satipo,1.4181009625043264,True,0.3334725935827751,6.0,True,9.3,5.0
230111,9245268.66,5558330.99,801,33,Hortalizas preparadas,82.9,Feb,TACNA,TACNA,LA YARADA LOS PALOS,-18.188313389666632,-70.42481666666662,37109.003869493354,85b30447fffffff,86b304447ffffff,,,,,,,9.2,
050501,8937134.75,4042170.0,309,5,"Palta, mango, dátil y piña",100.0,Mar,AYACUCHO,LA MAR,SAN MIGUEL,-12.988652092749945,-73.93256213674995,8218.776036849484,858e6cc7fffffff,868e6cc47ffffff,Pisco,8.974871969231252,False,0.3037022431499264,6.0,False,8.9,
150109,8843221.18,2669655.12,835,8,Quinua y cereales andinos,64.3,Nov,LIMA,LIMA,CIENEGUILLA,-12.076464905999956,-76.77752615099996,786.3024061184881,858e628bfffffff,868e62887ffffff,Pisco,3.33071910867298,False,0.4567402060830383,4.0,True,8.8,-1.0
220501,8710460.48,1712128.74,244,5,Cacao en grano,46.2,Nov,SAN MARTIN,LAMAS,LAMAS,-6.394573385333293,-76.52792939066664,9938.58611077398,858f40cffffffff,868f40cc7ffffff,Bellavista,2.1417454848859125,False,0.4745961212263435,6.0,True,8.7,8.0
140108,8574405.58,29434594.73,814,9,Cebolla y ajo,75.5,Nov,LAMBAYEQUE,CHICLAYO,MONSEFU,-6.864307010999949,-79.85618757119995,3633.0481398010184,858f5043fffffff,868f50417ffffff,Chiclayo,0.2190957144888792,True,0.1152225110512296,4.0,True,8.6,4.0
230108,8366961.43,9681470.41,913,15,Pastas alimenticias,87.1,Jul,TACNA,TACNA,POCOLLAY,-18.007762225999954,-70.07401110399996,678.2864403678477,85b30403fffffff,86b30402fffffff,Juliaca,9.159731096502965,False,7.511122155461252,4.0,False,8.4,
140105,8342946.3,5998540.5,145,19,Legumbres secas,99.4,Nov,LAMBAYEQUE,CHICLAYO,JOSE LEONARDO ORTIZ,-6.736609266499954,-79.84224487999995,1621.4515082207784,858f5053fffffff,868f50517ffffff,Chiclayo,0.1453065625139742,True,0.3819453586661204,4.0,True,8.3,4.0
150805,8319849.59,6249257.6,403,24,"Palta, mango, dátil y piña",82.8,Jul,LIMA,HUAURA,HUALMAY,-11.092787236999982,-77.60695786799994,247.80279169601124,858e7593fffffff,868e75937ffffff,Pisco,4.954998166573659,False,0.097214911634781,4.0,False,8.3,
021801,8294128.26,2889032.76,232,19,"Arándano, fresa y otras bayas",37.5,Nov,ANCASH,SANTA,CHIMBOTE,-8.940753636166628,-78.49245460799996,23962.518122156995,858f5e0ffffffff,868f5e0cfffffff,Huamachuco,5.312783880242051,False,0.4287602941199899,4.0,False,8.3,
160105,8145739.74,1959348.3,74,10,Café,55.5,Jun,LORETO,MAYNAS,LAS AMAZONAS,-3.5182834087499657,-72.57591913549997,6554.04795987796,858a68a7fffffff,868a68a67ffffff,,inf,False,56.672927950184935,6.0,False,8.1,
150124,7859466.24,890765.34,225,7,Grasas y aceites hidrogenados,88.8,Ene,LIMA,LIMA,PUCUSANA,-12.465836826999976,-76.77562379499994,55.293925144553874,858e6203fffffff,868e6200fffffff,Pisco,2.260784148149778,False,0.5531474260404813,4.0,True,7.9,
240102,7696066.16,10587250.16,150,6,Arroz,96.0,Ago,TUMBES,TUMBES,CORRALES,-3.5896329140768795,-80.50816938923073,5996.26806275991,858f0dcbfffffff,868f0dc9fffffff,Chiclayo,6.862308519943171,False,1.963273082726246,4.0,False,7.7,7.0
150116,7649964.97,4150800.5,1971,29,Legumbres secas,48.4,Oct,LIMA,LIMA,LINCE,-12.08579145999994,-77.03566671499993,0.0,858e62c3fffffff,868e62c0fffffff,Pisco,2.905628828605476,False,0.1109435699217383,4.0,True,7.6,
060904,7416491.24,1528415.0,68,4,Café,100.0,Set,CAJAMARCA,SAN IGNACIO,LA COIPA,-5.3838870471666285,-78.9604262428333,20736.157042028706,858f5487fffffff,868f54857ffffff,Chiclayo,6.695228706229761,False,4.18208421193108,6.0,False,7.4,
130104,7217174.15,1299626.03,91,13,"Arándano, fresa y otras bayas",57.4,Oct,LA LIBERTAD,TRUJILLO,HUANCHACO,-8.057989199499929,-79.06454147199995,1693.435748436871,858f53affffffff,868f53af7ffffff,Huamachuco,2.913244997864872,False,0.3240933691141043,4.0,True,7.2,
140309,7170914.66,4552361.66,289,5,Hortalizas preparadas,98.9,Set,LAMBAYEQUE,LAMBAYEQUE,PACORA,-6.438543736499952,-79.85984422199995,6937.554395896749,858f5637fffffff,868f5636fffffff,Chiclayo,1.0347248229677362,True,0.5892727897063047,4.0,True,7.2,4.0
150107,7035229.42,2292082.48,619,18,Cereales inflados y hojuelas,27.3,Jun,LIMA,LIMA,CHACLACAYO,-11.991637036999975,-76.76695168599997,0.2462593545763612,858e628bfffffff,868e628a7ffffff,Pisco,3.3868177092968903,False,1.3960789186703857,4.0,True,7.0,
160113,6873681.08,141279.62,1215,24,Otros animales vivos,87.9,May,LORETO,MAYNAS,SAN JUAN BAUTISTA,-4.135155792999967,-73.64769941549997,31383.116084818932,858a6db7fffffff,868a6db67ffffff,,inf,False,19.320369159433977,6.0,False,6.9,
220701,6682752.0,902400.0,53,1,Tabaco en rama,100.0,Jun,SAN MARTIN,PICOTA,PICOTA,-6.9712644739999705,-76.32614529266662,10054.099290355338,858f4077fffffff,868f4075fffffff,Bellavista,0.6732937812899016,True,0.3441965317008495,6.0,True,6.7,8.0
070104,6650150.72,3217749.89,573,8,"Jengibre, cúrcuma y especias",56.9,Ene,CALLAO,CALLAO,LA PERLA,-12.070277372999954,-77.11609803899995,0.0,858e62c3fffffff,868e62c1fffffff,Pisco,3.033058752864401,False,0.0098273325135575,4.0,True,6.7,
210402,6629457.9,22103184.0,906,20,Papa,62.5,Oct,PUNO,CHUCUITO,DESAGUADERO,-16.60035128749996,-69.08428594349996,10380.298248517749,85b32073fffffff,86b32072fffffff,Juliaca,3.2583678996812586,False,0.0817562739906484,6.0,True,6.6,
150143,6622596.02,1318725.94,1133,17,Cochinilla y otros productos animales,58.4,May,LIMA,LIMA,VILLA MARIA DEL TRIUNFO,-12.17038942299996,-76.91898821199999,0.5623648380812194,858e62c7fffffff,868e62c4fffffff,Pisco,2.868720351689506,False,0.2114493025855378,4.0,True,6.6,
150105,6618640.63,3040215.86,984,25,Cebolla y ajo,18.4,Oct,LIMA,LIMA,BREÑA,-12.059163877999936,-77.05059241299995,0.0,858e62c3fffffff,868e62c0fffffff,Pisco,3.0079275106525096,False,0.1826473114866782,4.0,True,6.6,
070102,6489968.4,2249621.55,352,22,Frutas congeladas,77.5,Nov,CALLAO,CALLAO,BELLAVISTA,-12.06000665199997,-77.10990342399998,0.0,858e62c3fffffff,868e62c1fffffff,Pisco,3.04518628591754,False,0.221807111920924,4.0,True,6.5,
040121,6425984.77,10211054.39,425,10,Cebolla y ajo,69.9,Dic,AREQUIPA,AREQUIPA,SANTA RITA DE SIGUAS,-16.53202525249995,-72.12599590999997,3234.8373280114483,85b330c7fffffff,86b330c6fffffff,Juliaca,5.900302541653452,False,5.533844828218767,4.0,False,6.4,32.0
060415,6321469.11,1322360.4,86,1,Café,100.0,Ago,CAJAMARCA,CHOTA,QUEROCOTO,-6.35693243219996,-79.05928521599995,15641.504537981695,858f5097fffffff,868f50957ffffff,Chiclayo,4.335540407206575,False,0.6689560286570715,6.0,True,6.3,
150801,6313509.9,3935735.42,282,28,"Palta, mango, dátil y piña",70.9,Mar,LIMA,HUAURA,HUACHO,-11.208967265749948,-77.48537203674996,5203.973327830885,858e7597fffffff,868e75977ffffff,Pisco,5.0747845565470495,False,1.6773235240467774,4.0,False,6.3,10.0
110104,6060441.81,3415007.82,267,6,Uva,66.6,Ene,ICA,ICA,OCUCAJE,-14.414260191199958,-75.72089747959997,6382.68155268366,858e4533fffffff,868e45317ffffff,Pisco,1.970198489950857,True,3.6268803409926127,4.0,True,6.1,
220105,5966763.51,1305247.01,104,4,Café,99.2,Dic,SAN MARTIN,MOYOBAMBA,SORITOR,-6.288707473499954,-77.09286929499996,32903.804069695434,858f462bfffffff,868f46287ffffff,Bellavista,4.458497614387461,False,0.777993560125019,6.0,True,6.0,-1.0
100101,5777275.74,3410225.12,308,30,Legumbres secas,63.1,Jul,HUANUCO,HUANUCO,HUANUCO,-9.894156843599944,-76.29361549159997,3631.217545448782,858f59bbfffffff,868f59b87ffffff,Tarma,5.370820606729351,False,0.1226988084483302,6.0,True,5.8,23.0
120304,5685908.3100000005,1630446.5,201,9,Café,80.4,Ago,JUNIN,CHANCHAMAYO,SAN LUIS DE SHUARO,-10.845534294749953,-75.27439707099997,6130.230115935196,858e64affffffff,868e64ad7ffffff,Tarma,1.848236280264888,True,0.8231845572092986,6.0,True,5.7,5.0
010101,5550609.65,3076355.0,78,2,"Productos vegetales diversos (tara, achiote)",64.4,Nov,AMAZONAS,CHACHAPOYAS,CHACHAPOYAS,-6.248160420999952,-77.86916627199997,3971.810810937038,858f55a3fffffff,868f55a37ffffff,Chiclayo,7.184263592220004,False,0.6262288142042152,6.0,False,5.6,
010201,5440497.03,1376509.97,63,4,Café,87.9,Set,AMAZONAS,BAGUA,BAGUA,-5.58864530733329,-78.52011989433329,5695.286764150734,858f736bfffffff,868f736b7ffffff,Chiclayo,5.072050609350852,False,1.7769601822925627,6.0,True,5.4,
150136,5439341.96,1665121.22,1101,41,Pimienta y ají,20.0,Abr,LIMA,LIMA,SAN MIGUEL,-12.076444784999978,-77.09006733999996,0.0,858e62c3fffffff,868e62c1fffffff,Pisco,3.006296841528611,False,0.164826362206211,4.0,True,5.4,
080908,5416563.58,1088939.0,137,2,Café,100.0,Ene,CUSCO,LA CONVENCION,SANTA TERESA,-13.2046979213333,-72.72215606733329,801.8801847300057,858b6c9bfffffff,868b6c997ffffff,Sicuani,7.420162080565962,False,9.554214387496357,6.0,False,5.4,
120201,5347926.38,759091.03,429,1,Harinas de legumbres y frutas,20.2,Mar,JUNIN,CONCEPCION,CONCEPCION,-11.90849045799996,-75.31339104466662,1053.4481946091669,858e60a3fffffff,868e60a1fffffff,Tarma,1.5758524923536732,True,0.4961920209276629,6.0,True,5.3,18.0
080306,5174470.44,2311438.0,128,3,"Palta, mango, dátil y piña",100.0,Mar,CUSCO,ANTA,LIMATAMBO,-13.47638725428566,-72.42922402342853,5337.123891520819,858b61b7fffffff,868b61b6fffffff,Sicuani,3.754142920167935,False,1.038297105850008,6.0,True,5.2,9.0
140205,5161527.29,2080190.55,152,7,Uva,96.3,Dic,LAMBAYEQUE,FERREÑAFE,PITIPO,-6.504836878499954,-79.69760431291662,14914.084275114757,858f50cbfffffff,868f50cafffffff,Chiclayo,0.9463977063956888,True,0.5351615764996579,4.0,True,5.2,
170203,5118788.73,1131422.09,186,17,Coco y castaña,91.8,Ene,MADRE DE DIOS,MANU,MADRE DE DIOS,-12.644879979999956,-70.67260084574995,5181.929249541324,858b630ffffffff,868b630dfffffff,,inf,False,13.873019825146338,6.0,False,5.1,
021204,4838231.52,1258485.09,225,8,Legumbres frescas,87.4,Ago,ANCASH,HUAYLAS,HUAYLAS,-8.889692833999959,-77.89401811599998,1829.0630731454837,858f58dbfffffff,868f58dafffffff,Huamachuco,8.084781092550722,False,1.0888924971101888,6.0,False,4.8,
220801,4796561.9,923058.31,128,2,Café,99.7,Jun,SAN MARTIN,RIOJA,RIOJA,-6.078775626333292,-77.19874826499996,14687.835757060919,858f460ffffffff,868f460cfffffff,Bellavista,3.7152385975024425,False,1.5653423274680798,6.0,True,4.8,
130704,4562265.64,3502486.47,125,6,"Productos vegetales diversos (tara, achiote)",67.9,Abr,LA LIBERTAD,PACASMAYO,PACASMAYO,-7.3999051459999805,-79.54781665499996,653.9910530773685,858f506ffffffff,868f506c7ffffff,Chiclayo,1.4754236548934792,True,1.1584748241987826,4.0,True,4.6,
240301,4521357.04,10865324.52,426,25,Hortalizas secas,35.1,Mar,TUMBES,ZARUMILLA,ZARUMILLA,-3.4607664069999657,-80.29954540149996,1049.8154386423378,858f0dc3fffffff,868f0dc07ffffff,Chiclayo,7.38047672084482,False,0.5176240672280227,4.0,False,4.5,
021808,4518696.15,2114626.19,97,18,Raíces y tubérculos,32.1,Ago,ANCASH,SANTA,SANTA,-8.990527793499979,-78.61250742199996,2492.3941539961024,858f5e77fffffff,868f5e777ffffff,Huamachuco,4.502932705470903,False,0.2503696058122643,4.0,False,4.5,
060905,4420220.18,932390.25,205,2,Café,100.0,Dic,CAJAMARCA,SAN IGNACIO,NAMBALLE,-5.059054689599952,-79.16165349799996,25068.24618394513,858f7267fffffff,868f7264fffffff,Chiclayo,8.552844248278255,False,3.2914627609845515,6.0,False,4.4,
010301,4296470.28,910800.0,42,2,Café,100.0,Ago,AMAZONAS,BONGARA,JUMBILLA,-5.926250046999958,-77.81305716133329,3668.19423805204,858f464bfffffff,868f464a7ffffff,Bellavista,6.718755502079312,False,2.0938876805469397,6.0,False,4.3,-1.0
040112,4257098.56,5010890.94,196,12,Algarroba y otros frutos,93.0,May,AREQUIPA,AREQUIPA,PAUCARPATA,-16.420070625999927,-71.47799918099997,227.0363030739284,85b33543fffffff,86b33541fffffff,Juliaca,4.748063397924863,False,0.1120293471681224,6.0,True,4.3,
220401,4199716.76,829193.88,31,5,Cacao en grano,100.0,Oct,SAN MARTIN,HUALLAGA,SAPOSOA,-6.8876612479999535,-76.83419011666665,20189.636908393015,858f42b3fffffff,868f42b0fffffff,Bellavista,1.0830016771743436,True,3.092359187647226,6.0,True,4.2,8.0
080401,3945037.16,1380771.53,111,14,Maíz,63.7,Jun,CUSCO,CALCA,CALCA,-13.290996992999945,-71.97564585166661,2015.4227470128026,858b6107fffffff,868b6106fffffff,Sicuani,2.6087089746572576,False,3.3782630049640883,6.0,True,3.9,
220602,3934476.29,651699.13,26,2,Cacao en grano,100.0,Ago,SAN MARTIN,MARISCAL CACERES,CAMPANILLA,-7.567969491142809,-76.68254047799996,21577.723937111583,858f43cffffffff,868f43cdfffffff,Bellavista,1.54197502386429,True,1.1796073646575642,6.0,True,3.9,-1.0
120101,3839177.11,4265769.53,464,15,Hortalizas secas,48.3,Ago,JUNIN,HUANCAYO,HUANCAYO,-12.01999116233327,-75.13048408966664,781.8164451650848,858e60a7fffffff,868e60a4fffffff,Tarma,2.157206084325572,False,1.0476515726184743,6.0,True,3.8,
080910,3828012.8,404627.07,37,3,Cacao en grano,99.9,Nov,CUSCO,LA CONVENCION,PICHARI,-12.422082972749948,-73.78225238224996,2014.4325002056978,858b6d8bfffffff,868b6d8afffffff,Tarma,10.63980379569938,False,4.526379907347738,6.0,False,3.8,
020804,3739845.33,1216164.76,358,11,"Palta, mango, dátil y piña",98.8,Feb,ANCASH,CASMA,YAUTAN,-9.509793592333287,-78.02624713166664,4158.473871286197,858f584ffffffff,868f584f7ffffff,Huamachuco,6.140549993754407,False,0.6184561457586719,4.0,False,3.7,
240302,3735285.3,11185990.0,302,6,Melón y sandía,54.6,Mar,TUMBES,ZARUMILLA,AGUAS VERDES,-3.5121632614999356,-80.23228071824995,1906.7612243261992,858f0dc7fffffff,868f0dc77ffffff,Chiclayo,7.466917137943266,False,1.162787788807904,4.0,False,3.7,7.0
060611,3717476.78,802153.0,56,1,Café,100.0,Oct,CAJAMARCA,CUTERVO,SANTA CRUZ,-6.113850219999932,-78.83277438349995,6007.261197519075,858f5427fffffff,868f54247ffffff,Chiclayo,5.6109170991135,False,1.1573506377146872,6.0,True,3.7,
040204,3688678.5,2072390.0,24,4,Algarroba y otros frutos,94.2,Nov,AREQUIPA,CAMANA,MARISCAL CACERES,-16.542326122285676,-72.77969734657138,3387.7456460827293,85b33623fffffff,86b33621fffffff,Juliaca,7.899999898435673,False,1.474417898290781,4.0,False,3.7,
150126,3509909.94,687463.0,267,18,Aves vivas,20.0,Jun,LIMA,LIMA,PUNTA HERMOSA,-12.269274819999964,-76.74377993399997,247.1778318348572,858e6213fffffff,868e6210fffffff,Pisco,3.0303732316508243,False,1.7718263124528968,4.0,True,3.5,
230110,3485380.42,1989146.28,3517,32,Salsas y condimentos,22.5,Jul,TACNA,TACNA,CORONEL GREGORIO ALBARRACIN LANCHIPA,-18.107667444999947,-70.24093700999998,705.0869490540773,85b3040bfffffff,86b3040afffffff,Juliaca,8.829645454284806,False,1.5558707275502903,4.0,False,3.5,-1.0
050407,3395511.89,705128.0,29,1,Cacao en grano,95.6,Jul,AYACUCHO,HUANTA,SIVIA,-12.575246879833287,-73.94445953433329,11257.272163193289,858b6d93fffffff,868b6d90fffffff,Tarma,10.353654845125355,False,3.768092109049858,6.0,False,3.4,
150111,3339805.93,887708.43,6061,35,"Arándano, fresa y otras bayas",23.2,May,LIMA,LIMA,EL AGUSTINO,-12.035807503999932,-76.99106993299995,0.0,858e62c3fffffff,868e62c2fffffff,Pisco,2.9438862053391506,False,0.2053766303121961,4.0,True,3.3,
140310,3309897.76,2178371.47,144,10,Uva,80.7,Feb,LAMBAYEQUE,LAMBAYEQUE,SALAS,-6.195545071999945,-79.54786123924995,24173.758375410474,858f546bfffffff,868f5468fffffff,Chiclayo,2.348038182021255,False,1.688230183695408,4.0,True,3.3,4.0
040122,3306326.58,2638663.0,113,7,Plantas para perfumería,43.1,Nov,AREQUIPA,AREQUIPA,SOCABAYA,-16.47203011749994,-71.53206266549998,895.5052088943921,85b3354ffffffff,86b33548fffffff,Juliaca,4.633980306552297,False,0.4382329421965899,6.0,True,3.3,14.0
110502,3294524.31,1626554.0,87,7,"Palta, mango, dátil y piña",52.9,Ene,ICA,PISCO,HUANCANO,-13.57765812499997,-75.63326556399996,923.6483734796851,858e632ffffffff,868e632d7ffffff,Pisco,1.2881248499785014,True,3.14865122542005,4.0,True,3.3,
140106,3254892.36,7898175.21,310,14,Cebolla y ajo,69.1,Oct,LAMBAYEQUE,CHICLAYO,LA VICTORIA,-6.824341186249939,-79.86254372324997,2725.5133372420655,858f5043fffffff,868f50437ffffff,Chiclayo,0.1178368740798751,True,0.7201738964474678,4.0,True,3.3,4.0
250303,3176760.05,828653.28,31,5,Cacao en grano,100.0,Jul,UCAYALI,PADRE ABAD,CURIMANA,-8.458684046499954,-75.20966584774996,49184.75603680754,858f4e07fffffff,868f4ea97ffffff,Tarma,10.033700252777331,False,6.006754750982177,6.0,False,3.2,
230104,3087299.35,2088643.21,1519,11,Bebidas no alcohólicas,29.4,Dic,TACNA,TACNA,CIUDAD NUEVA,-17.857822548999934,-70.19031625399998,0.0,85b30413fffffff,86b304117ffffff,Juliaca,8.919686424982658,False,4.1011974567318905,4.0,False,3.1,
200111,3082378.89,2944364.12,711,7,"Palta, mango, dátil y piña",100.0,Ene,PIURA,PIURA,LAS LOMAS,-4.7145207018332895,-80.20499253316662,14365.639761001017,858f098bfffffff,868f0989fffffff,Chiclayo,4.638921258553791,False,2.69932321968094,4.0,False,3.1,
130705,2928409.13,1607172.0,58,3,"Productos vegetales diversos (tara, achiote)",84.8,May,LA LIBERTAD,PACASMAYO,SAN JOSE,-7.356652325599953,-79.42483521519996,5451.432231092404,858f5067fffffff,868f50647ffffff,Chiclayo,1.4769458500998187,True,0.3011396241921413,4.0,True,2.9,4.0
060906,2888912.92,612345.0,34,1,Café,100.0,Dic,CAJAMARCA,SAN IGNACIO,SAN JOSE DE LOURDES,-5.003699957999954,-78.87456821842854,29057.38973488489,858f722ffffffff,868f722c7ffffff,Chiclayo,6.760371222969884,False,9.570322383356126,6.0,False,2.9,
021805,2829049.84,1485455.6,118,10,"Palta, mango, dátil y piña",100.0,Mar,ANCASH,SANTA,MORO,-9.147950555142797,-78.1391375788571,4184.731416985267,858f5e27fffffff,868f5e247ffffff,Huamachuco,6.0670110797146,False,0.3978891878978881,4.0,False,2.8,
080301,2821761.95,732396.54,46,4,Hortalizas congeladas,74.8,May,CUSCO,ANTA,ANTA,-13.473587470999954,-72.15950086588886,7403.1187331705805,858b61bbfffffff,868b61a37ffffff,Sicuani,2.687358306667515,False,0.3515786505190211,6.0,True,2.8,9.0
130702,2757151.8,11205074.05,313,6,Cebolla y ajo,88.7,Dic,LA LIBERTAD,PACASMAYO,GUADALUPE,-7.280277065499945,-79.47136821024996,7974.2186495958085,858f5067fffffff,868f50677ffffff,Chiclayo,1.2337987505890733,True,0.368135813420021,4.0,True,2.8,4.0
020501,2751782.8,1822740.72,101,4,"Palta, mango, dátil y piña",98.8,Abr,ANCASH,BOLOGNESI,CHIQUIAN,-10.18721737149994,-77.17151086299995,2410.4354020286937,858f594bfffffff,868f59487ffffff,Pisco,9.00882521329804,False,2.884132212721964,6.0,False,2.8,
211201,2686024.7199999997,570275.0,29,1,Café,100.0,Feb,PUNO,SANDIA,SANDIA,-14.315285855499951,-69.44841680624997,1447.879192799068,858b75b7fffffff,868b75b67ffffff,Juliaca,3.782547897309607,False,0.5088967131777927,6.0,True,2.7,
150604,2645628.81,1032642.93,83,8,Raíces y tubérculos,40.0,Oct,LIMA,HUARAL,AUCALLAMA,-11.550896172799957,-77.13207127999995,7624.855472689629,858e75b7fffffff,868e75b67ffffff,Pisco,4.138632101460935,False,2.4562560258647363,4.0,False,2.6,
010509,2606544.11,849750.0,26,3,Café,71.5,Ago,AMAZONAS,LUYA,LUYA,-6.176246238199951,-77.97933878819995,4104.784036511041,858f55bbfffffff,868f55ba7ffffff,Chiclayo,7.82009184121428,False,0.7558554480212429,6.0,False,2.6,
150407,2590773.99,667267.69,5409,3,Lechuga,61.4,Abr,LIMA,CANTA,SANTA ROSA DE QUIVES,-11.675922962399955,-76.86557554179996,2695.5417008888035,858e6663fffffff,868e6660fffffff,Pisco,4.014224310925876,False,1.3269890806922384,4.0,False,2.6,
100605,2582423.02,885591.09,176,3,Banano y plátano,79.3,Oct,HUANUCO,LEONCIO PRADO,LUYANDO,-9.233175571333296,-75.95891442866663,7276.307466563798,858f4acbfffffff,868f4acb7ffffff,Bellavista,6.208829695899016,False,3.327070274572593,6.0,False,2.6,31.0
090413,2581867.73,1004505.2,57,4,"Palta, mango, dátil y piña",100.0,Abr,HUANCAVELICA,CASTROVIRREYNA,TICRAPO,-13.410926626999952,-75.40795336249997,1297.078872954915,858e6337fffffff,868e6334fffffff,Pisco,2.614793329922089,False,0.8890120784128867,6.0,True,2.6,
090101,2438615.06,1073421.4,90,10,"Palta, mango, dátil y piña",93.9,Feb,HUANCAVELICA,HUANCAVELICA,HUANCAVELICA,-12.835197509666614,-75.00109490533328,1234.1557198158043,858e6173fffffff,868e61717ffffff,Tarma,5.453904397037424,False,3.02854661160798,6.0,True,2.4,
080405,2385762.04,932496.5,287,1,Hortalizas congeladas,92.8,Mar,CUSCO,CALCA,PISAC,-13.399333102666617,-71.82168727766663,2497.640069053356,858b6103fffffff,868b61027ffffff,Sicuani,2.375679471013981,False,0.3618513999198248,6.0,True,2.4,9.0
110504,2307021.58,1238429.0,61,5,Uva,41.6,Mar,ICA,PISCO,INDEPENDENCIA,-13.665775035999953,-76.02351950068746,12545.82887708685,858e636ffffffff,868e636cfffffff,Pisco,0.5734771738233244,True,0.1315299745766262,4.0,True,2.3,1.0
200205,2305215.02,978199.86,104,6,Azúcar de caña,64.8,Dic,PIURA,AYABACA,MONTERO,-4.64323223199996,-79.83381141999995,9810.91357161405,858f0987fffffff,868f09867ffffff,Chiclayo,5.500450382039247,False,0.4222989338538082,4.0,False,2.3,17.0
151001,2280177.04,1054957.6,64,4,"Palta, mango, dátil y piña",97.8,Mar,LIMA,YAUYOS,YAUYOS,-12.477489787666608,-75.93210998633327,1336.9153165994962,858e606ffffffff,868e606c7ffffff,Pisco,9.011109040272787,False,1.374075992032164,6.0,False,2.3,-1.0
160101,2253666.67,193352.05,174,10,Cacao en grano,60.0,May,LORETO,MAYNAS,IQUITOS,-3.777511387999965,-73.42215106249998,6012.560181371426,858a6daffffffff,868a6dadfffffff,,inf,False,7.987579551512862,6.0,False,2.3,
100301,2248530.88,1155796.0,66,7,"Palta, mango, dátil y piña",92.4,Mar,HUANUCO,DOS DE MAYO,LA UNION,-9.895372165249952,-76.80237846374996,3407.6245562777326,858f59cffffffff,868f59ccfffffff,Tarma,7.706649605093734,False,0.58740963904831,6.0,False,2.2,
190109,2232129.83,975241.0,76,4,"Palta, mango, dátil y piña",95.5,Feb,PASCO,PASCO,SIMON BOLIVAR,-10.712698407499943,-76.39894829649995,1073.010866223291,858e6697fffffff,868e66977ffffff,Tarma,3.065942578312499,False,4.369582037332956,6.0,True,2.2,
150106,2148833.38,761705.07,616,16,Pimienta y ají,33.5,May,LIMA,LIMA,CARABAYLLO,-11.823787532833308,-77.01082871966662,2764.1994947920502,858e62d3fffffff,868e62d27ffffff,Pisco,3.526265875974372,False,0.908395998634826,4.0,True,2.1,
020103,2137947.54,961802.32,78,1,"Palta, mango, dátil y piña",100.0,May,ANCASH,HUARAZ,COLCABAMBA,-9.576330749999954,-77.82164084199997,816.923541766547,858f5847fffffff,868f5844fffffff,Huamachuco,7.956755518281989,False,2.023285890621921,6.0,False,2.1,
110508,2077615.83,2108052.24,102,5,Cítricos,97.1,Jul,ICA,PISCO,TUPAC AMARU INCA,-13.711762141249949,-76.12312410299997,1923.3287683849248,858e45d3fffffff,868e45d2fffffff,Pisco,0.2445079414067131,True,0.6502416959386893,4.0,True,2.1,1.0
120305,1926776.24,398973.13,2492,9,Follaje y ramas,50.6,May,JUNIN,CHANCHAMAYO,SAN RAMON,-11.153984750999962,-75.39028541639998,5875.803183479449,858e6423fffffff,868e6421fffffff,Tarma,1.0800742279058249,True,1.3851999728819462,6.0,True,1.9,5.0
220707,1860400.0,2700000.0,27,3,Arroz,100.0,Oct,SAN MARTIN,PICOTA,SAN HILARION,-6.961423462333282,-76.47189771599996,5440.656540983291,858f4063fffffff,868f40607ffffff,Bellavista,0.5996047087187126,True,1.2797367573117615,6.0,True,1.9,8.0
060802,1855065.8599999999,371550.0,17,6,Café,100.0,Ene,CAJAMARCA,JAEN,BELLAVISTA,-5.560942802749956,-78.77268994724996,15906.647174870017,858f54a3fffffff,868f54a27ffffff,Chiclayo,4.937116918455819,False,3.6336354773106727,6.0,True,1.9,
081301,1807385.8900000001,820143.4,18,4,Maíz,96.6,Set,CUSCO,URUBAMBA,URUBAMBA,-13.251108785999955,-72.13922507366664,2360.3575453969916,858b61affffffff,868b61ad7ffffff,Sicuani,2.9641228741747696,False,3.9120480823366,6.0,True,1.8,
040505,1770534.1300000001,1063330.56,68,18,Quinua y cereales andinos,40.8,Oct,AREQUIPA,CAYLLOMA,CAYLLOMA,-15.151591122999946,-71.79669505699997,3.2626026743644627,85b33493fffffff,86b33491fffffff,Sicuani,4.994813672500088,False,0.6798139154226734,6.0,True,1.8,
150102,1618118.98,676047.53,369,6,Carne de equino,44.5,Dic,LIMA,LIMA,ANCON,-11.702526973999966,-77.09580085399995,32.32931034207186,858e666bfffffff,868e66697ffffff,Pisco,3.6140297772240406,False,4.516910658938917,4.0,True,1.6,
021511,1581888.88,802659.0,48,1,"Palta, mango, dátil y piña",100.0,Feb,ANCASH,PALLASCA,TAUCA,-8.454703583666628,-78.03200298499996,3848.6722021155397,858f5eb3fffffff,868f5eb27ffffff,Huamachuco,5.90283683534866,False,0.4772498815152919,6.0,True,1.6,
130111,1564163.94,441884.82,220,11,Hortalizas frescas (espárrago y otras),82.0,Mar,LA LIBERTAD,TRUJILLO,VICTOR LARCO HERRERA,-8.137772969999958,-79.04781110949997,499.0408707003686,858f53affffffff,868f53ac7ffffff,Huamachuco,2.7984978039039654,False,0.2146473048009552,4.0,True,1.6,2.0
110206,1547456.56,298134.82,62,6,Nueces,58.3,Ago,ICA,CHINCHA,GROCIO PRADO,-13.356153637399961,-76.16476500799997,4514.329007611872,858e637bfffffff,868e63787ffffff,Pisco,0.8393503970093326,True,0.1185373574987637,4.0,True,1.5,1.0
131003,1540510.27,1469550.0,19,2,Algarroba y otros frutos,100.0,Jun,LA LIBERTAD,SANTIAGO DE CHUCO,CACHICADAN,-8.030699706399957,-78.07739026159997,5371.194757551761,858f512ffffffff,868f512efffffff,Huamachuco,1.4315338426798163,True,2.736108212538037,6.0,True,1.5,0.0
040511,1465095.68,718290.5,60,2,Legumbres frescas,61.7,Abr,AREQUIPA,CAYLLOMA,LLUTA,-15.960760511499956,-71.97928524749997,4231.176494806036,85b33477fffffff,86b334747ffffff,Juliaca,8.321151082154294,False,1.1545365435895352,6.0,False,1.5,
110207,1429723.52,294008.34,36,6,Hortalizas congeladas,61.8,Dic,ICA,CHINCHA,PUEBLO NUEVO,-13.314466992999968,-76.09572673449995,445.71333391606515,858e6373fffffff,868e63717ffffff,Pisco,1.119848257080439,True,3.1247741570728222,4.0,True,1.4,
200801,1381579.03,1085831.48,22,5,Legumbres secas,71.0,Set,PIURA,SECHURA,SECHURA,-5.617652616499967,-80.76249016074998,3515.297023072541,858f56dbfffffff,868f56db7ffffff,Chiclayo,3.3475376618969497,False,7.1218781621861975,4.0,True,1.4,
140113,1373213.85,4817944.38,159,6,Cebolla y ajo,82.2,Dic,LAMBAYEQUE,CHICLAYO,REQUE,-6.865422689499951,-79.80500144399994,1573.4161234979765,858f5043fffffff,868f50407ffffff,Chiclayo,0.3788935291608792,True,0.2713512170063402,4.0,True,1.4,4.0
211207,1368382.5,451075.0,22,1,Café,100.0,Ago,PUNO,SANDIA,SAN JUAN DEL ORO,-14.197683133749948,-69.10578030499995,729.1871737779163,858b75bbfffffff,868b75b9fffffff,Juliaca,5.752771985601087,False,0.8854906754666848,6.0,True,1.4,
090501,1348946.16,643682.0,40,2,"Palta, mango, dátil y piña",100.0,Set,HUANCAVELICA,CHURCAMPA,CHURCAMPA,-12.714668043571391,-74.39698462571424,4883.4485061691075,858e61affffffff,868e61ad7ffffff,Tarma,6.093366785552424,False,0.2230227819044546,6.0,False,1.3,
211101,1337753.25,208549.0,56,10,Café,92.8,Mar,PUNO,SAN ROMAN,JULIACA,-15.468395172166623,-70.20194182133329,21587.48608899202,85b326c3fffffff,86b326c0fffffff,Juliaca,0.2738170815098399,True,0.8709434975875839,6.0,True,1.3,28.0
250105,1333701.67,114447.3,168,11,Chocolate,61.3,Oct,UCAYALI,CORONEL PORTILLO,YARINACOCHA,-8.286410027749952,-74.63821764849997,23971.78148492986,858f4c7bfffffff,868f4c78fffffff,Tarma,10.634817855423329,False,0.7790899337288866,6.0,False,1.3,
220903,1197553.0,1722250.0,17,1,Arroz,100.0,Jul,SAN MARTIN,SAN MARTIN,CACATACHI,-6.46626801849996,-76.43875776274996,4483.6296852272235,858f401bfffffff,868f40197ffffff,Bellavista,1.6475412804006384,True,0.4518714938058113,6.0,True,1.2,8.0
160201,1093222.3399999999,137969.55,6,3,Extractos vegetales (tara y otros),84.2,May,LORETO,ALTO AMAZONAS,YURIMAGUAS,-5.86002590599996,-76.1473921215714,79812.62779373006,858f4467fffffff,868f4466fffffff,Bellavista,3.5974262522788685,False,0.3969188868209073,6.0,True,1.1,
020701,1040164.61,333073.29,87,4,Legumbres frescas,94.5,May,ANCASH,CARLOS FERMIN FITZCARRALD,SAN LUIS,-9.106594189999953,-77.28910054899998,9537.777336380273,858f5887fffffff,868f58857ffffff,Huamachuco,11.47026167358997,False,1.4161174417666755,6.0,False,1.0,-1.0
120133,1003046.8099999999,97289.77,177,1,Hortalizas preparadas,97.3,Set,JUNIN,HUANCAYO,SAPALLANGA,-12.123258790999955,-75.14924206274996,3943.954396099082,858e61dbfffffff,868e61d87ffffff,Tarma,2.025628040092153,False,0.7354601629978978,6.0,True,1.0,
211102,971060.51,257371.99,24,1,Quinua y cereales andinos,100.0,Oct,PUNO,SAN ROMAN,CABANA,-15.631516217624956,-70.26923766962497,15998.912433870515,85b326cffffffff,86b326cdfffffff,Juliaca,0.4673947000931107,True,0.5407745092618279,6.0,True,1.0,28.0
020101,970691.77,364900.35,57,19,Legumbres secas,34.1,Jul,ANCASH,HUARAZ,HUARAZ,-9.58072450849997,-77.48755910599996,7886.917231272755,858f583bfffffff,868f583b7ffffff,Huamachuco,8.802596373106482,False,1.0813350286166068,6.0,False,1.0,
150727,958082.77,426782.18,134,3,Alimento balanceado,94.0,Set,LIMA,HUAROCHIRI,SANTA CRUZ DE COCACHACRA,-11.925904831999958,-76.56064201599997,327.25394617363185,858e6283fffffff,868e62957ffffff,Tarma,3.747067310450141,False,0.9031716883666548,4.0,True,1.0,
230102,943894.53,1343470.63,276,11,Agua,18.8,Abr,TACNA,TACNA,ALTO DE LA ALIANZA,-17.833332841999948,-70.27886115699994,129.68824342400077,85b304c7fffffff,86b304c5fffffff,Juliaca,8.888256127554419,False,5.422925110638847,4.0,False,0.9,
040305,939551.85,725685.0,46,7,Hortalizas preparadas,100.0,Feb,AREQUIPA,CARAVELI,BELLA UNION,-15.474583545999963,-74.74414843849996,4704.533520610332,858e6a2ffffffff,868e6a2dfffffff,Pisco,5.095092406610351,False,2.451168551719894,4.0,False,0.9,
040110,936838.36,2870209.62,145,10,Pisco y licores,33.7,Set,AREQUIPA,AREQUIPA,MIRAFLORES,-16.356469017999927,-71.47127210899998,0.0,85b33543fffffff,86b335407ffffff,Juliaca,4.986654963456735,False,2.003208648987528,6.0,True,0.9,
140112,921498.11,331331.78,14,5,Frutas congeladas,45.7,Ene,LAMBAYEQUE,CHICLAYO,PIMENTEL,-6.794128027666621,-79.90091932733328,3063.81982283893,858f505bfffffff,868f5058fffffff,Chiclayo,0.2191605915327039,True,0.1283778198160197,4.0,True,0.9,4.0
080904,913380.88,133850.0,4,1,Café,100.0,Dic,CUSCO,LA CONVENCION,MARANURA,-12.946426372999952,-72.64874303466662,494.5594510449574,858b6cc7fffffff,868b6cc4fffffff,Sicuani,6.4381251159406,False,1.8061869231497136,6.0,False,0.9,
100201,903370.1799999999,143733.44,86,4,Otros azúcares,71.9,Nov,HUANUCO,AMBO,AMBO,-10.159807937714236,-76.15909165699998,11703.086570697564,858f59affffffff,868f59ac7ffffff,Tarma,4.047402340894679,False,0.7100171802490134,6.0,True,0.9,
110113,873224.8200000001,581309.0,26,4,Uva,81.2,Feb,ICA,ICA,TATE,-14.15170715466661,-75.70327399299994,569.3244439833894,858e4517fffffff,868e4516fffffff,Pisco,1.3246830214534175,True,0.6147720196215285,4.0,True,0.9,6.0
010514,869497.03,224395.0,4,1,Café,100.0,Ene,AMAZONAS,LUYA,PISUQUIA,-6.476538672999948,-78.08654747879996,5323.935913074365,858f5507fffffff,868f5506fffffff,Chiclayo,9.811340776182668,False,9.84319953964192,6.0,False,0.9,
050613,837574.8200000001,451786.0,22,4,"Palta, mango, dátil y piña",100.0,Mar,AYACUCHO,LUCANAS,OTOCA,-14.50231791866662,-74.69562827866662,1655.321437561023,858e6a87fffffff,868e6a877ffffff,Pisco,4.694634664325378,False,0.587880293377426,6.0,True,0.8,
040208,825999.65,668580.0,12,4,Algarroba y otros frutos,100.0,Mar,AREQUIPA,CAMANA,SAMUEL PASTOR,-16.611866447666614,-72.68492621066663,962.1548776080951,85b33627fffffff,86b336257ffffff,Juliaca,7.137398611829374,False,0.5003345716407848,4.0,False,0.8,34.0
120602,803758.99,152146.8,29,3,Follaje y ramas,100.0,Ago,JUNIN,SATIPO,COVIRIALI,-11.317594085999957,-74.64943329449997,3772.188203151197,858e6503fffffff,868e65027ffffff,Satipo,0.3685992894133246,True,1.274991009172677,6.0,True,0.8,5.0
020505,802332.73,467724.0,22,2,"Palta, mango, dátil y piña",100.0,Ene,ANCASH,BOLOGNESI,CAJACAY,-10.190445243999932,-77.34248940599997,2151.1358473997743,858f5b87fffffff,868f5b867ffffff,Pisco,7.6409822641967295,False,1.7448997463483142,6.0,False,0.8,
200201,791160.37,366223.99,64,13,"Productos vegetales diversos (tara, achiote)",65.5,Jun,PIURA,AYABACA,AYABACA,-4.6522907541499565,-79.61733040159996,84542.30174326882,858f724ffffffff,868f724f7ffffff,Chiclayo,6.576545568656294,False,1.119729586966176,6.0,False,0.8,
110210,760239.0499999999,175366.31,321,3,Pisco y licores,88.7,Jun,ICA,CHINCHA,SUNAMPE,-13.425835673666617,-76.1651267433333,915.4440633775214,858e637bfffffff,868e6379fffffff,Pisco,0.6522518750750567,True,0.081820770539004,4.0,True,0.8,1.0
040126,750564.78,131973.0,13,3,Coco y castaña,44.6,Mar,AREQUIPA,AREQUIPA,YANAHUARA,-16.399486431999946,-71.55475674699994,126.62134523014036,85b3354bfffffff,86b3354afffffff,Juliaca,4.4497482285481285,False,0.0186538459426807,6.0,True,0.8,14.0
150709,741679.61,332725.7,78,7,Alimento balanceado,49.2,Dic,LIMA,HUAROCHIRI,HUAROCHIRI,-12.058707883249951,-76.27149956174996,1306.6696841945984,858e604bfffffff,868e6048fffffff,Tarma,6.196500944016232,False,2.608133395702963,6.0,False,0.7,
060201,701800.0,319000.0,13,1,"Productos vegetales diversos (tara, achiote)",75.1,Set,CAJAMARCA,CAJABAMBA,CAJABAMBA,-7.63471373449994,-78.03436268099998,11571.230983666293,858f51affffffff,868f51ad7ffffff,Huamachuco,0.8055214453470991,True,0.6153493183799345,6.0,True,0.7,0.0
150702,698394.4,289202.72,81,4,"Palta, mango, dátil y piña",92.5,Feb,LIMA,HUAROCHIRI,ANTIOQUIA,-12.06154468799997,-76.58910384899997,1134.6754595709288,858e6283fffffff,868e6280fffffff,Pisco,4.078647531836521,False,1.8982041576776765,4.0,False,0.7,-1.0
021205,681471.87,411442.8,25,1,"Palta, mango, dátil y piña",100.0,Feb,ANCASH,HUAYLAS,MATO,-8.958027930999947,-77.89096736899995,2574.169467623631,858f58dbfffffff,868f58d8fffffff,Huamachuco,9.105920688803169,False,4.605968206676924,6.0,False,0.7,
030101,677214.85,321947.5,20,4,Quinua y cereales andinos,83.9,Jul,APURIMAC,ABANCAY,ABANCAY,-13.631881480777736,-72.87862450422217,7983.7059190228265,858e6dc7fffffff,868e6d137ffffff,Sicuani,6.399666381787484,False,0.2651582993751554,6.0,False,0.7,
100604,661888.85,77766.0,4,1,Cacao en grano,100.0,Set,HUANUCO,LEONCIO PRADO,JOSE CRESPO Y CASTILLO,-8.897235273749956,-76.13537083762496,24460.15293264964,858f5dabfffffff,868f5daafffffff,Bellavista,5.478731238318527,False,0.9430290056517048,6.0,True,0.7,31.0
021807,650085.51,317853.2,73,2,"Palta, mango, dátil y piña",87.0,Abr,ANCASH,SANTA,SAMANCO,-9.279147971999947,-78.43193893499995,3970.9324582664676,858f5a93fffffff,868f5a907ffffff,Huamachuco,5.036790296730398,False,1.53368934976841,4.0,False,0.7,-1.0
151008,647414.82,116579.79,28,2,"Arándano, fresa y otras bayas",82.8,Oct,LIMA,YAUYOS,CATAHUASI,-12.75727074699995,-75.87518951499996,582.2966456377432,858e638bfffffff,868e63897ffffff,Pisco,3.959217304459976,False,2.1552396116792947,4.0,True,0.6,
200405,645860.64,470277.5,39,13,Uva,52.3,Nov,PIURA,MORROPON,MORROPON,-5.17095254849995,-79.9811590353333,5150.293365690952,858f0933fffffff,868f09317ffffff,Chiclayo,3.296367837772621,False,0.1848890061664083,4.0,True,0.6,
090612,640196.5,240553.5,17,2,Legumbres secas,88.4,Set,HUANCAVELICA,HUAYTARA,SAN ISIDRO,-13.97374051899996,-75.23665725349997,1860.928946116738,858e6e7bfffffff,868e6e7b7ffffff,Pisco,4.332578414048905,False,0.1519050773929214,6.0,True,0.6,
160301,640000.0,20000.0,1,1,Extractos vegetales (tara y otros),100.0,Mar,LORETO,LORETO,NAUTA,-4.490981633999961,-73.86398645866662,14938.876183372855,858f61abfffffff,868f61a97ffffff,,inf,False,29.312294592396373,6.0,False,0.6,
060401,639015.43,261667.0,26,5,"Productos vegetales diversos (tara, achiote)",48.5,Feb,CAJAMARCA,CHOTA,CHOTA,-6.563931802499951,-78.64512447433329,23962.82801479702,858f5547fffffff,868f5545fffffff,Chiclayo,4.357223016942827,False,0.0024310677276747,6.0,True,0.6,33.0
170303,635890.3,106215.99,25,2,Coco y castaña,99.8,Nov,MADRE DE DIOS,TAHUAMANU,TAHUAMANU,-11.637824761874953,-69.31160635949996,24427.345173956586,858b40dbfffffff,868b40dafffffff,Juliaca,12.284699780918448,False,1.4797879816842634,6.0,False,0.6,
080307,632484.79,325265.0,18,6,"Palta, mango, dátil y piña",59.2,Nov,CUSCO,ANTA,MOLLEPATA,-13.477893213399955,-72.61298710299997,4506.465738614936,858e6d83fffffff,868e6d82fffffff,Sicuani,5.475714062449893,False,0.8995070443084126,6.0,True,0.6,-1.0
040129,600683.3,604886.2,32,3,Cebolla y ajo,71.9,Dic,AREQUIPA,AREQUIPA,JOSE LUIS BUSTAMANTE Y RIVERO,-16.431492083999956,-71.52347326299997,291.22050144938584,85b3354bfffffff,86b3354afffffff,Juliaca,4.54996647906969,False,0.053240176310732,6.0,True,0.6,14.0
021510,600287.4,286800.0,22,1,"Palta, mango, dátil y piña",100.0,Ene,ANCASH,PALLASCA,SANTA ROSA,-8.530995464999961,-78.12328893049994,1378.5208172814166,858f5eb3fffffff,868f5ebafffffff,Huamachuco,7.096618528008477,False,3.7688386246556353,6.0,False,0.6,
120702,584299.29,70769.96,39,2,"Palta, mango, dátil y piña",28.4,Jul,JUNIN,TARMA,ACOBAMBA,-11.353338647999953,-75.64740911499996,5036.323909706836,858e609bfffffff,868e609a7ffffff,Tarma,0.1993780260604659,True,0.1797449358181922,6.0,True,0.6,18.0
190301,582433.36,162058.71,64,12,Café,64.7,Mar,PASCO,OXAPAMPA,OXAPAMPA,-10.62638753833329,-75.37817686366662,11325.86686385775,858e64bbfffffff,868e64b97ffffff,Tarma,2.8949527055754283,False,0.8200192806705584,6.0,True,0.6,16.0
150809,572922.09,413466.6,21,2,Cítricos,89.6,Jul,LIMA,HUAURA,SANTA LEONOR,-10.979808552749944,-76.69354678199996,1853.5317354274962,858e6613fffffff,868e6689fffffff,Tarma,5.146262519911878,False,1.6359695878306697,6.0,True,0.6,
220910,567462.7,196280.04,37,3,"Jengibre, cúrcuma y especias",76.2,Abr,SAN MARTIN,SAN MARTIN,MORALES,-6.499138567499969,-76.41090773149996,3987.398144093814,858f401bfffffff,868f4019fffffff,Bellavista,1.6343783610216638,True,0.5455330289361557,6.0,True,0.6,8.0
100507,555554.89,81062.0,8,2,Café,99.6,Abr,HUANUCO,HUAMALIES,MONZON,-9.271135397999956,-76.21027974739997,18316.247084982962,858f5d23fffffff,868f5d207ffffff,Tarma,7.2955418032139105,False,5.976139516926542,6.0,False,0.6,
100103,539719.43,140541.21,459,1,Follaje y ramas,79.0,Mar,HUANUCO,HUANUCO,CHINCHAO,-9.677098836272684,-76.08890051190905,17967.519225592965,858f4a4bfffffff,868f4a487ffffff,Tarma,5.083837132506868,False,1.062977953309313,6.0,True,0.5,
130809,537600.0,320000.0,4,1,"Productos vegetales diversos (tara, achiote)",100.0,Jul,LA LIBERTAD,PATAZ,PATAZ,-7.744843769599958,-77.59888068899997,4179.717489576183,858f5cd7fffffff,868f5cd77ffffff,Huamachuco,4.489927652475765,False,1.616763338444183,6.0,True,0.5,
130403,536907.18,1620680.0,79,5,Forrajes,66.6,Mar,LA LIBERTAD,CHEPEN,PUEBLO NUEVO,-7.192265684599943,-79.56085170739996,10453.548098997555,858f5063fffffff,868f50637ffffff,Chiclayo,1.7117793843877016,True,2.6183215478828297,4.0,True,0.5,
010501,527978.69,95900.0,9,2,Café,100.0,Dic,AMAZONAS,LUYA,LAMUD,-6.1215154714999755,-77.95513605349996,2658.0786232142814,858f5587fffffff,868f5584fffffff,Chiclayo,7.69317062537507,False,0.7741567629923822,6.0,False,0.5,
220705,527167.04,335000.0,48,4,Coco y castaña,90.3,Set,SAN MARTIN,PICOTA,PUCACACA,-6.83974236433329,-76.34796170766663,9745.935734685369,858f4077fffffff,868f40777ffffff,Bellavista,0.6496058337452046,True,0.9624200471958796,6.0,True,0.5,8.0
100108,515081.85,192828.0,10,3,Uva,74.4,Dic,HUANUCO,HUANUCO,SAN PEDRO DE CHAULAN,-10.083597069714244,-76.43123201014282,2142.3542452738616,858f5907fffffff,868f59067ffffff,Tarma,6.818033729426899,False,2.311930962262457,6.0,False,0.5,
060410,514886.7,307482.0,14,1,"Palta, mango, dátil y piña",100.0,Abr,CAJAMARCA,CHOTA,LAJAS,-6.562276555999938,-78.72932915279998,11017.333581993005,858f554ffffffff,868f554c7ffffff,Chiclayo,4.152827048381922,False,0.40705178136712,6.0,True,0.5,
110304,512120.76,723265.0,27,6,Algarroba y otros frutos,39.0,Nov,ICA,NASCA,MARCONA,-15.142449750999958,-75.06933817299995,18.052093878240857,858e6a73fffffff,868e6a777ffffff,Pisco,4.0829199150590085,False,5.078993642686352,4.0,False,0.5,
150128,482765.89,52297.18,168,7,Follaje y ramas,76.9,Feb,LIMA,LIMA,RIMAC,-12.02358344299995,-77.03267751899995,0.0,858e62c3fffffff,868e62c2fffffff,Pisco,3.0273692939999672,False,0.1026555036897495,4.0,True,0.5,
050611,478567.91000000003,285040.0,12,3,"Palta, mango, dátil y piña",100.0,Mar,AYACUCHO,LUCANAS,LUCANAS,-14.542407040666623,-74.28190257299997,2922.023947526409,858e6847fffffff,868e68457ffffff,Pisco,6.390264685404457,False,3.829535405397199,6.0,False,0.5,
090502,476392.0,246144.0,20,1,"Palta, mango, dátil y piña",100.0,May,HUANCAVELICA,CHURCAMPA,ANCO,-12.661572543199952,-74.55319774699996,4954.180753276894,858e6107fffffff,868e6106fffffff,Tarma,5.296094105087599,False,1.0548298620677352,6.0,True,0.5,
080701,471428.68,222888.0,12,4,"Palta, mango, dátil y piña",100.0,Feb,CUSCO,CHUMBIVILCAS,SANTO TOMAS,-14.593761528499945,-72.09413606366662,4200.6113105095765,858b6517fffffff,868b6516fffffff,Sicuani,4.544467783464803,False,2.9677021469618903,6.0,True,0.5,
220904,463587.39,175444.9,9,2,Cacao en grano,98.9,Feb,SAN MARTIN,SAN MARTIN,CHAZUTA,-6.578969506199951,-76.01531639359996,13047.229693875332,858f40abfffffff,868f40a97ffffff,Bellavista,2.6649956955947838,False,4.577765525409934,6.0,True,0.5,
040413,460965.22,1737059.0,61,1,Papa,100.0,Set,AREQUIPA,CASTILLA,URACA,-16.271268264999964,-72.49312633266663,3970.975353554587,85b336a7fffffff,86b336a5fffffff,Juliaca,6.888058783146506,False,2.8160597991580385,4.0,False,0.5,
211301,456707.95,217194.75,22,2,Quinua y cereales andinos,100.0,Ago,PUNO,YUNGUYO,YUNGUYO,-16.279852241124956,-69.08620082987497,13755.885115779894,85b3201bfffffff,86b3201afffffff,Juliaca,3.00979600843899,False,0.7035267238921804,6.0,True,0.5,-1.0
040308,446763.13,253464.0,11,1,"Palta, mango, dátil y piña",95.7,Abr,AREQUIPA,CARAVELI,CHAPARRA,-15.804737110499955,-73.93155662499996,895.1277184297659,858e6b3bfffffff,868e6b397ffffff,Pisco,6.766531357958101,False,1.874395391196168,4.0,False,0.4,
061201,444977.38,86063.4,47,2,"Arándano, fresa y otras bayas",49.0,Oct,CAJAMARCA,SAN PABLO,SAN PABLO,-7.084706101749958,-78.78336513824996,13943.068037841938,858f51dbfffffff,868f51d87ffffff,Chiclayo,4.105382862566586,False,0.1624625270544048,6.0,True,0.4,51.0
050116,443816.05,164449.26,15,4,"Jengibre, cúrcuma y especias",47.7,Nov,AYACUCHO,HUAMANGA,ANDRES AVELINO CACERES DORREGARAY,-13.15460055799997,-74.20020485999999,258.13827971237095,858e6c53fffffff,868e6c50fffffff,,,,,,,0.4,
250302,425061.92,101140.2,1,1,Cacao en grano,100.0,Feb,UCAYALI,PADRE ABAD,IRAZOLA,-8.898823798749952,-75.27574484212496,63490.06900603037,858f4e2bfffffff,868f4e28fffffff,Bellavista,8.66189988674194,False,3.9681993110622606,6.0,False,0.4,-1.0
100107,420262.98,215628.0,11,1,"Palta, mango, dátil y piña",100.0,Feb,HUANUCO,HUANUCO,SAN FRANCISCO DE CAYRAN,-9.99394709024996,-76.32037694549997,2121.6439500731835,858f59bbfffffff,868f59b9fffffff,Tarma,4.843863953656623,False,1.1164547396904387,6.0,True,0.4,
080604,419040.19,152304.0,7,1,"Palta, mango, dátil y piña",100.0,Feb,CUSCO,CANCHIS,MARANGANI,-14.378453904499949,-71.10746943249997,3799.103703921838,858b6087fffffff,868b60877ffffff,Sicuani,0.7539809910143285,True,0.2648085766290799,6.0,True,0.4,
090103,411623.7,201600.0,18,1,"Palta, mango, dátil y piña",100.0,Set,HUANCAVELICA,HUANCAVELICA,ACORIA,-12.617341072399958,-74.84666028966663,19599.38211612534,858e610bfffffff,868e610afffffff,Tarma,4.70644961464815,False,2.7131321328443136,6.0,True,0.4,
010307,410614.29000000004,113850.0,4,1,Café,100.0,Ago,AMAZONAS,BONGARA,JAZAN,-5.947708212999956,-78.00949791449996,2423.707738824592,858f5583fffffff,868f5582fffffff,Chiclayo,6.427636289804078,False,1.914060768782264,6.0,False,0.4,
080408,400474.1,39093.0,27,1,Café,100.0,Set,CUSCO,CALCA,YANATILE,-12.805863579499942,-72.13479409999997,1094.5914610841987,858b6c5bfffffff,868b6c5b7ffffff,Sicuani,5.392052421806643,False,2.159848343999268,6.0,True,0.4,
200110,390560.0,364000.0,7,2,Legumbres secas,100.0,Jun,PIURA,PIURA,LA UNION,-5.378782210571387,-80.74898649971423,4628.069244006962,858f0ba3fffffff,868f0ba2fffffff,Chiclayo,3.087523361882032,False,1.103073960878827,4.0,True,0.4,17.0
220104,386123.41000000003,58305.0,11,1,Café,100.0,Oct,SAN MARTIN,MOYOBAMBA,JEPELACIO,-6.16239966024996,-76.92762647199996,30908.627245275264,858f4623fffffff,868f46227ffffff,Bellavista,4.854159741864819,False,1.274470533935376,6.0,True,0.4,
050618,372155.47,173680.0,8,3,"Palta, mango, dátil y piña",100.0,Abr,AYACUCHO,LUCANAS,SAN PEDRO DE PALCO,-14.345047305499975,-74.55672683499995,1191.1876793506858,858e685bfffffff,868e68597ffffff,Pisco,6.39425572104922,False,5.317979117802686,6.0,False,0.4,
150508,369749.66000000003,264886.35,19,4,Cítricos,70.5,Jul,LIMA,CAÑETE,LUNAHUANA,-13.020165376999955,-76.15144942399996,1379.5134875124174,858e6357fffffff,868e63547ffffff,Pisco,1.8848879591124263,True,1.7185760949004785,4.0,True,0.4,
050201,368776.86,161139.3,112,3,Quinua y cereales andinos,81.9,Set,AYACUCHO,CANGALLO,CANGALLO,-13.588834082999957,-74.11766255849996,8837.404534017352,858e6c7bfffffff,868e6c79fffffff,Pisco,7.421911276844244,False,1.100895599171024,6.0,False,0.4,
060804,345072.32,82550.0,3,1,Café,100.0,Ene,CAJAMARCA,JAEN,COLASAY,-5.922540680999958,-78.97368214099995,27401.47524038511,858f5433fffffff,868f5431fffffff,Chiclayo,6.161544346355552,False,2.0063876372966805,6.0,False,0.3,
080906,343428.21,27136.75,44,4,Café,89.4,Feb,CUSCO,LA CONVENCION,QUELLOUNO,-12.539578164999966,-72.4640919333333,2339.368152232293,858b6c47fffffff,868b6c44fffffff,Sicuani,8.523971772316633,False,4.101529025947055,6.0,False,0.3,
010602,339489.87,65079.0,9,2,Café,100.0,Ene,AMAZONAS,RODRIGUEZ DE MENDOZA,CHIRIMOTO,-6.541860934166617,-77.39345110199996,2882.835041050817,858f42d7fffffff,868f42d67ffffff,Chiclayo,10.349417595519292,False,0.2199063965530361,6.0,False,0.3,
021001,336000.0,200000.0,9,1,"Productos vegetales diversos (tara, achiote)",100.0,Nov,ANCASH,HUARI,HUARI,-9.32491856799995,-77.22667084266662,5434.82594666797,858f58abfffffff,868f58aa7ffffff,Tarma,11.203929442727851,False,2.4312686007274444,6.0,False,0.3,
050610,326863.05,152736.0,11,3,"Palta, mango, dátil y piña",100.0,Mar,AYACUCHO,LUCANAS,LLAUTA,-14.260906003333295,-74.94931499499995,1506.4041580918902,858e6e67fffffff,868e6e65fffffff,Pisco,3.8469162107212407,False,0.6293290504335047,6.0,True,0.3,
050612,320747.25,232156.0,10,1,"Palta, mango, dátil y piña",100.0,Feb,AYACUCHO,LUCANAS,OCAÑA,-14.381812073333265,-74.78182782399996,3903.0709513182583,858e6a93fffffff,868e6a91fffffff,Pisco,5.463995186959557,False,3.628616569040018,6.0,True,0.3,
010604,319342.47,75900.0,4,1,Café,100.0,Dic,AMAZONAS,RODRIGUEZ DE MENDOZA,HUAMBO,-6.429502979333279,-77.52635100555553,6288.3855432637665,858f466bfffffff,868f42d27ffffff,Chiclayo,9.13057210875512,False,0.4783867936109038,6.0,False,0.3,-1.0
060109,316878.63,116674.0,14,3,"Palta, mango, dátil y piña",47.1,Feb,CAJAMARCA,CAJAMARCA,MAGDALENA,-7.222151049249959,-78.63548579299996,9891.986195630243,858f51c3fffffff,868f51c0fffffff,Chiclayo,3.901684709399939,False,0.1604833826536789,4.0,True,0.3,
080104,313857.22000000003,100306.92,16,4,Legumbres secas,85.7,May,CUSCO,CUSCO,SAN JERONIMO,-13.567701775999968,-71.87282521839997,2880.011369149929,858b618ffffffff,868b618d7ffffff,Sicuani,2.103106128781497,False,0.7863127250500113,6.0,True,0.3,
150515,308108.82,108108.55,23,3,"Palta, mango, dátil y piña",69.7,May,LIMA,CAÑETE,SANTA CRUZ DE FLORES,-12.574202591499954,-76.64120142149994,1234.1303269255623,858e623bfffffff,868e623a7ffffff,Pisco,2.038570159146835,False,0.4531078401486727,4.0,True,0.3,38.0
010513,300527.77,75900.0,4,1,Café,100.0,Ene,AMAZONAS,LUYA,OCUMAL,-6.3408991054999575,-78.15713301224996,11536.211615623037,858f5517fffffff,868f5515fffffff,Chiclayo,10.22764377511041,False,4.97779723583203,6.0,False,0.3,
150714,288917.6,40740.0,2,1,Pimienta y ají,100.0,Abr,LIMA,HUAROCHIRI,RICARDO PALMA,-11.937756125999954,-76.62295519399999,103.63240387018664,858e6283fffffff,868e62827ffffff,Pisco,3.7830063872732422,False,1.919123822340113,4.0,True,0.3,
050108,279627.43,224433.77,54,4,Quinua y cereales andinos,45.6,Jul,AYACUCHO,HUAMANGA,QUINUA,-13.061080248666618,-74.14190641999998,4079.6723767925105,858e6ccffffffff,868e6ccd7ffffff,Pisco,6.767918412122951,False,0.5053860587672736,6.0,False,0.3,-1.0
060803,272540.88,61910.0,2,1,Café,100.0,Feb,CAJAMARCA,JAEN,CHONTALI,-5.644407466249945,-79.09640963849995,17493.53324023939,858f5417fffffff,868f5415fffffff,Chiclayo,7.582397351242775,False,0.8431249001959872,6.0,False,0.3,
050609,271977.31,113884.0,6,1,"Palta, mango, dátil y piña",100.0,Abr,AYACUCHO,LUCANAS,LEONCIO PRADO,-14.687522735666619,-74.61319614866663,1605.778720451277,858e6abbfffffff,868e6aba7ffffff,Pisco,5.016772961809782,False,6.5495520954716415,6.0,True,0.3,
090601,265006.44,115465.0,14,4,"Palta, mango, dátil y piña",88.4,Feb,HUANCAVELICA,HUAYTARA,HUAYTARA,-13.642429948999961,-75.39076668366663,1132.048406601686,858e6e5bfffffff,868e6e5afffffff,Pisco,3.3797946661779528,False,0.1252006229121082,6.0,True,0.3,
150509,244534.29,51898.96,17,5,Pisco y licores,55.0,Ene,LIMA,CAÑETE,MALA,-12.651851848333289,-76.61127553233331,3178.0849818711017,858e623bfffffff,868e623afffffff,Pisco,1.9303878605404143,True,0.940778310417266,4.0,True,0.2,
030207,236199.83000000002,144867.6,7,2,"Palta, mango, dátil y piña",100.0,Ene,APURIMAC,ANDAHUAYLAS,KISHUARA,-13.645134377499962,-73.16473699674997,9862.008067593775,858e6dcffffffff,868e6dcf7ffffff,Sicuani,8.67786304242476,False,1.0603229325659096,6.0,False,0.2,
090505,229362.53,137590.0,6,1,"Palta, mango, dátil y piña",100.0,Abr,HUANCAVELICA,CHURCAMPA,LA MERCED,-12.790937580499957,-74.32988291149996,1168.5795997697674,858e6137fffffff,868e61367ffffff,Tarma,6.311222248619021,False,0.7531820272120445,6.0,False,0.2,
210201,225715.17,103340.0,13,1,Quinua y cereales andinos,88.0,Ago,PUNO,AZANGARO,AZANGARO,-14.887583872199958,-70.16316598859996,23044.880639560484,858b6687fffffff,868b6685fffffff,Juliaca,1.189671247773374,True,0.5402717668943695,6.0,True,0.2,
040313,225592.34,114880.0,11,2,Aceite de oliva,50.9,Dic,AREQUIPA,CARAVELI,YAUCA,-15.63351954999996,-74.42875338299996,1042.3004677994963,858e6b43fffffff,868e6b40fffffff,Pisco,5.382841430622488,False,8.304825492343433,4.0,False,0.2,-1.0
040118,223928.5,66280.6,4,2,Uva,100.0,Set,AREQUIPA,AREQUIPA,SAN JUAN DE SIGUAS,-16.405118739999978,-72.16331972299997,338.6018333926484,85b330d7fffffff,86b330d47ffffff,Juliaca,6.117247842560345,False,0.4420368090769219,4.0,False,0.2,
090704,223292.8,112224.0,10,1,"Palta, mango, dátil y piña",100.0,Feb,HUANCAVELICA,TAYACAJA,AHUAYCHA,-12.42137512016661,-74.90016573949997,4603.417903374779,858e611bfffffff,868e611a7ffffff,Tarma,4.632849504255385,False,0.160634609921036,6.0,True,0.2,
160112,220725.0,3405.75,40,3,Otros animales vivos,100.0,Ene,LORETO,MAYNAS,BELEN,-3.779706107666622,-73.20262066966664,9287.139310506403,858a6d3bfffffff,868a6d3a7ffffff,,inf,False,5.560228693393364,6.0,False,0.2,
020108,220641.9,55900.0,3,2,Jugos de fruta,52.0,May,ANCASH,HUARAZ,OLLEROS,-9.621876038999943,-77.41331111099996,2204.3929162491463,858f583bfffffff,868f58387ffffff,Huamachuco,8.497178372733732,False,8.521366278981747,6.0,False,0.2,
021010,217605.47999999998,87648.0,4,2,"Palta, mango, dátil y piña",100.0,Ene,ANCASH,HUARI,PAUCAS,-9.155385797999967,-76.87707753099997,2668.9687001052444,858f5d7bfffffff,868f5d4cfffffff,Tarma,13.316571598043446,False,0.6425694273988592,6.0,False,0.2,
100208,216616.0,60373.97,27,1,Legumbres frescas,100.0,Oct,HUANUCO,AMBO,TOMAY KICHWA,-10.069421942499957,-76.18775181149996,2074.849462200626,858f59a3fffffff,868f59a1fffffff,Tarma,3.846578547603542,False,2.7264898960793835,6.0,True,0.2,23.0
090407,216256.05,87196.0,4,2,"Palta, mango, dátil y piña",100.0,Feb,HUANCAVELICA,CASTROVIRREYNA,HUACHOS,-13.215256573666617,-75.50943809366662,945.2638038811447,858e6333fffffff,868e6332fffffff,Pisco,3.688577834664578,False,0.3312335582864776,6.0,True,0.2,
040703,215856.0,119920.0,5,1,Cebolla y ajo,100.0,Mar,AREQUIPA,ISLAY,DEAN VALDIVIA,-17.11879895812495,-71.82248275374997,4251.2606021160145,85b33023fffffff,86b330237ffffff,Juliaca,6.491939461832425,False,1.9138623858055688,4.0,False,0.2,11.0
150716,215364.12,106880.44,32,6,Pimienta y ají,52.0,Oct,LIMA,HUAROCHIRI,SAN ANTONIO,-11.752589004666618,-76.70116950033328,1100.3958440766041,858e6667fffffff,868e6664fffffff,Pisco,7.846639650748404,False,0.8133903611452477,4.0,False,0.2,
030606,212048.19,144428.0,6,3,"Palta, mango, dátil y piña",100.0,Abr,APURIMAC,CHINCHEROS,ONGOY,-13.421798300666618,-73.66068139366662,2862.6554227714655,858e6c3bfffffff,868e6c3a7ffffff,Pisco,10.844930643102602,False,0.6657018114975238,6.0,False,0.2,
090710,212018.34,25024.0,1,1,Cacao en grano,100.0,Ago,HUANCAVELICA,TAYACAJA,ÑAHUIMPUQUIO,-12.323761146333302,-75.09098969616663,3314.821120325837,858e61cffffffff,868e61cf7ffffff,Tarma,2.43869559409514,False,0.567511934176657,6.0,True,0.2,18.0
120107,211748.65,90318.65,122,7,Quinua y cereales andinos,39.1,Mar,JUNIN,HUANCAYO,CHILCA,-12.084632263999936,-75.19835197199995,321.3539785988326,858e61dbfffffff,868e61db7ffffff,Tarma,1.826111244019488,True,0.1911171961796575,6.0,True,0.2,
220804,209588.64,97000.0,3,2,Café,62.0,May,SAN MARTIN,RIOJA,NUEVA CAJAMARCA,-5.903089736999945,-77.35914823124997,13945.01514901907,858f460bfffffff,868f460a7ffffff,Bellavista,3.963842347923776,False,3.240696668786412,6.0,True,0.2,8.0
160601,208985.23,100726.68,2,2,Cacao en grano,98.1,Ago,LORETO,UCAYALI,CONTAMANA,-7.554990542666606,-75.07722378533329,24202.189629939465,858f4123fffffff,868f41237ffffff,,inf,False,71.84385750664208,6.0,False,0.2,
080108,207918.25,16512.940000000002,13,3,Otros aceites vegetales,68.3,Oct,CUSCO,CUSCO,WANCHAQ,-13.531281991999949,-71.95120505399996,0.0,858b618ffffffff,868b618dfffffff,Sicuani,2.186165513756368,False,0.0173930340269066,6.0,True,0.2,9.0
010203,207458.14,74868.0,3,1,Cacao en grano,100.0,Dic,AMAZONAS,BAGUA,COPALLIN,-5.6526584164999605,-78.40542034974996,4279.421808242624,858f7363fffffff,868f7361fffffff,Chiclayo,5.772427555006228,False,0.5618536928759282,6.0,True,0.2,22.0
150129,206593.99,84372.42,91,5,Pisco y licores,46.8,Jun,LIMA,LIMA,SAN BARTOLO,-12.369376227999965,-76.72414038499994,0.0,858e6217fffffff,868e6202fffffff,Pisco,2.7410009181212738,False,3.236427905758919,4.0,True,0.2,
070107,206406.0,4560.62,166,2,Preparaciones alimenticias,98.9,Feb,CALLAO,CALLAO,MI PERU,-11.85433944099998,-77.12055565999998,0.0,858e62d3fffffff,868e62d17ffffff,,,,,,,0.2,
090409,204727.75,107328.0,6,2,"Palta, mango, dátil y piña",100.0,Feb,HUANCAVELICA,CASTROVIRREYNA,MOLLEPAMPA,-13.307992174999962,-75.44035015199995,1754.2118476346557,858e6337fffffff,868e63377ffffff,Pisco,2.6765161363829795,False,2.897299513200408,6.0,True,0.2,
100204,203659.88,129984.0,6,1,"Palta, mango, dátil y piña",100.0,Abr,HUANUCO,AMBO,CONCHAMARCA,-10.060036612666616,-76.23587384566663,4878.993124087363,858f59abfffffff,868f59aafffffff,Tarma,4.065932490727333,False,0.5724177466384706,6.0,True,0.2,
130105,203530.12,61880.090000000004,14,2,Hortalizas preparadas,99.1,Oct,LA LIBERTAD,TRUJILLO,LA ESPERANZA,-8.063402979999978,-79.05543985499997,1.1080597543185569,858f53affffffff,868f53ae7ffffff,Huamachuco,2.8574329117847856,False,0.0884582598632909,4.0,True,0.2,
021103,198974.1,94074.0,8,3,"Palta, mango, dátil y piña",52.5,Ene,ANCASH,HUARMEY,CULEBRAS,-9.818645420999957,-78.05269271549994,2234.2325763598337,858f5ab7fffffff,868f5ab5fffffff,Huamachuco,7.587066313644059,False,3.073095156786095,4.0,False,0.2,
040107,197436.5,243420.0,25,1,"Palta, mango, dátil y piña",81.4,Ago,AREQUIPA,AREQUIPA,JACOBO HUNTER,-16.455362471999962,-71.56041960249996,743.5220014963859,85b3354bfffffff,86b33548fffffff,Juliaca,4.622856178337284,False,0.2567542677892797,6.0,True,0.2,14.0
050402,194470.52000000002,92424.0,4,3,Plantas para perfumería,73.5,Ago,AYACUCHO,HUANTA,AYAHUANCO,-12.543644466499956,-74.29463398549996,1530.7881805150423,858e61a3fffffff,868e61a0fffffff,Tarma,8.136101870878752,False,2.591459586489549,6.0,False,0.2,
061101,194243.64,77127.0,7,3,"Palta, mango, dátil y piña",57.6,Mar,CAJAMARCA,SAN MIGUEL,SAN MIGUEL,-7.04117437916662,-78.8979854703333,15858.323005221298,858f50affffffff,868f50acfffffff,Chiclayo,4.95568207147396,False,0.2464728295428828,6.0,True,0.2,
140103,191130.25,17900.39,93,4,Harinas de legumbres y frutas,79.1,Jun,LAMBAYEQUE,CHICLAYO,ETEN,-6.91943848799994,-79.83312384649994,842.1858062296226,858f5043fffffff,868f5041fffffff,Chiclayo,0.289621573690396,True,1.572139375940785,4.0,True,0.2,4.0
100106,190512.0,72628.0,5,2,"Arándano, fresa y otras bayas",90.9,Mar,HUANUCO,HUANUCO,QUISQUI (KICHKI),-9.880425453666618,-76.41034676066663,7062.37027247019,858f598ffffffff,868f598cfffffff,Tarma,4.902576145779249,False,2.021462348035873,6.0,True,0.2,23.0
021011,190200.0,65000.0,3,1,Extractos vegetales (tara y otros),65.7,Nov,ANCASH,HUARI,PONTO,-9.348615417999952,-76.98617757199995,4373.937516919488,858f58a7fffffff,868f58b5fffffff,Tarma,11.696005215719987,False,0.7390204718194764,6.0,False,0.2,
040201,189573.0,130740.0,1,1,Algarroba y otros frutos,100.0,Abr,AREQUIPA,CAMANA,CAMANA,-16.629631488999962,-72.70989803949996,867.5976343208481,85b3362ffffffff,86b336257ffffff,Juliaca,7.117236209860278,False,0.245995631832255,4.0,False,0.2,34.0
050607,187927.29,109827.6,6,2,"Palta, mango, dátil y piña",100.0,Jul,AYACUCHO,LUCANAS,HUAC-HUAS,-14.159955983666615,-74.99287993466662,3594.2504030472737,858e6e63fffffff,868e6e60fffffff,Pisco,4.9321733422360445,False,2.602232138486495,6.0,True,0.2,
200802,184633.78,394829.51,9,1,Bebidas no alcohólicas,100.0,Ago,PIURA,SECHURA,BELLAVISTA DE LA UNION,-5.4270947433332895,-80.74548778599996,1300.0513385807983,858f0ba3fffffff,868f0ba2fffffff,Chiclayo,3.12902665434456,False,0.5921048536441074,4.0,True,0.2,17.0
120806,184628.0,39966.0,3,1,Hortalizas frescas (espárrago y otras),100.0,Jul,JUNIN,YAULI,PACCHA,-11.44011874599994,-75.99227188599997,21.58171148136486,858e60d3fffffff,868e60d1fffffff,Tarma,3.203965047422972,False,0.8330384451466651,6.0,True,0.2,
090701,184545.2,91100.87,11,2,"Palta, mango, dátil y piña",95.4,Mar,HUANCAVELICA,TAYACAJA,PAMPAS,-12.442340514428524,-74.8544115301428,4055.1179105100655,858e611bfffffff,868e611afffffff,Tarma,4.440687473277898,False,0.4406725920002691,6.0,True,0.2,18.0
190302,183734.51,26622.8,27,4,Café,77.2,Dic,PASCO,OXAPAMPA,CHONTABAMBA,-10.615510945999944,-75.50151046449997,7750.519170496954,858e6417fffffff,868e64177ffffff,Tarma,3.537600698774129,False,0.4876462215478074,6.0,True,0.2,16.0
200502,181831.66,125582.4,12,2,Banano y plátano,100.0,Ene,PIURA,PAITA,AMOTAPE,-4.872485688999973,-81.00557175266663,1019.5703427783482,858f0b93fffffff,868f0b92fffffff,Chiclayo,4.141720738354972,False,1.2429832655594644,4.0,False,0.2,
090713,179856.0,86352.0,8,1,"Palta, mango, dátil y piña",100.0,Mar,HUANCAVELICA,TAYACAJA,QUISHUAR,-12.250188826499965,-74.76384191499997,746.2389782119612,858e618bfffffff,868e61887ffffff,Tarma,5.045625967631088,False,1.7240916654882965,6.0,True,0.2,
040301,173259.31,151627.64,24,7,Hortalizas preparadas,84.4,Dic,AREQUIPA,CARAVELI,CARAVELI,-15.829139977999944,-73.33184322099999,837.337834407332,85b336c3fffffff,86b336c17ffffff,Pisco,9.752657189264609,False,1.926708369795793,4.0,False,0.2,-1.0
220805,173186.66,31395.0,3,1,Café,100.0,Nov,SAN MARTIN,RIOJA,PARDO MIGUEL,-5.756643891249951,-77.56454123524996,15622.982983717928,858f4653fffffff,868f4652fffffff,Bellavista,4.434534025296787,False,3.1411608213530355,6.0,True,0.2,
240106,172746.26,95025.02,4,2,Frutas congeladas,100.0,Nov,TUMBES,TUMBES,SAN JUAN DE LA VIRGEN,-3.645609474666609,-80.37886178199996,1958.7530270873558,858f0dcffffffff,868f0dcdfffffff,Chiclayo,7.381287038368455,False,0.7726343157142289,4.0,False,0.2,7.0
220301,167160.32,50048.0,1,1,Cacao en grano,100.0,Nov,SAN MARTIN,EL DORADO,SAN JOSE DE SISA,-6.60860632316663,-76.7158019123333,21053.22401645774,858f4043fffffff,868f40407ffffff,Bellavista,1.5640626112102705,True,0.2650462688872532,6.0,True,0.2,
200210,161164.79,14787.15,13,3,Plantas para perfumería,100.0,Jun,PIURA,AYABACA,SUYO,-4.490003049833281,-80.0387422173333,18033.012074629518,858f0983fffffff,868f09837ffffff,Chiclayo,4.751328408612301,False,2.2405105877043523,4.0,False,0.2,
040125,159728.66,43399.09,22,2,Pisco y licores,59.1,Jul,AREQUIPA,AREQUIPA,VITOR,-16.454981560333295,-71.9393359053333,11764.05653662618,85b33083fffffff,86b3308afffffff,Juliaca,5.53911299093091,False,0.3065896477555408,4.0,False,0.2,
061002,159385.88,53372.38,17,2,Confitería sin cacao,40.2,Jul,CAJAMARCA,SAN MARCOS,CHANCAY,-7.408866811999957,-78.12041861099996,3038.997381410577,858f51bbfffffff,868f51b9fffffff,Huamachuco,1.5695689620473083,True,0.2670708457281198,6.0,True,0.2,
030216,158945.5,87072.0,10,1,"Palta, mango, dátil y piña",100.0,Feb,APURIMAC,ANDAHUAYLAS,TALAVERA,-13.64796774061534,-73.45143354261533,10719.237107184168,858e6c27fffffff,868e6c257ffffff,Sicuani,9.83912896264977,False,0.522101907655844,6.0,False,0.2,
061301,157500.0,85000.0,4,1,"Productos vegetales diversos (tara, achiote)",100.0,Abr,CAJAMARCA,SANTA CRUZ,SANTA CRUZ,-6.633445232166632,-78.9359095658333,4506.761181978381,858f50b3fffffff,868f50b17ffffff,Chiclayo,3.468135182425148,False,0.8553217558510718,6.0,True,0.2,
210501,152147.6,245000.0,23,2,Raíces y tubérculos,62.3,Set,PUNO,EL COLLAO,ILAVE,-16.11891839914281,-69.61075756564283,55924.70962465179,85b32627fffffff,86b326277ffffff,Juliaca,1.757885860074022,True,0.2796515568948652,6.0,True,0.2,20.0
230105,151761.65,129122.5,10,1,Pimienta y ají,61.8,May,TACNA,TACNA,INCLAN,-17.66837407799996,-70.46431660799998,4301.789363367417,85b304c3fffffff,86b304d8fffffff,Juliaca,8.803962722024927,False,1.2413341391372272,4.0,False,0.2,
180301,148965.6,575900.0,22,3,Salvados y afrecho,87.1,May,MOQUEGUA,ILO,ILO,-17.717026817999965,-71.21348640499997,91.71560493278922,85b33173fffffff,86b33170fffffff,Juliaca,7.50426357696429,False,4.172913183595667,4.0,False,0.1,
200407,148100.0,20000.0,4,1,Cacao en grano,100.0,Jul,PIURA,MORROPON,SAN JUAN DE BIGOTE,-5.303474986999959,-79.73744868749996,5498.041119704878,858f0937fffffff,868f0934fffffff,Chiclayo,3.8734753205241352,False,0.8932548283173288,4.0,True,0.1,
170104,146126.5,11974.0,12,1,Otros aceites vegetales,49.8,Jun,MADRE DE DIOS,TAMBOPATA,LABERINTO,-12.644980320399963,-69.67818925099996,13927.984732599289,858b448bfffffff,868b44897ffffff,Juliaca,8.823258688609169,False,12.69609623883341,6.0,False,0.1,
200602,143418.93,157347.44,14,3,"Palta, mango, dátil y piña",48.7,Nov,PIURA,SULLANA,BELLAVISTA,-4.890800791999936,-80.67490404799997,0.0,858f0953fffffff,868f0951fffffff,,,,,,,0.1,17.0
240104,138846.0,196258.0,11,2,Banano y plátano,100.0,Feb,TUMBES,TUMBES,PAMPAS DE HOSPITAL,-3.7563288217499604,-80.36893611474997,2296.054613667605,858f0d57fffffff,868f0d547ffffff,Chiclayo,7.737265627072824,False,1.5806164056067753,4.0,False,0.1,7.0
040103,136491.76,27043.6,9,4,Plantas para perfumería,58.0,Ago,AREQUIPA,AREQUIPA,CAYMA,-16.25080225499994,-71.46406065599996,453.03263358281504,85b33553fffffff,86b33551fffffff,Juliaca,4.333757292956175,False,1.038884625220239,6.0,True,0.1,
040207,134771.5,46000.0,2,1,Cebolla y ajo,100.0,Dic,AREQUIPA,CAMANA,QUILCA,-16.68621814399998,-72.38099879499998,456.5762465474221,85b330cffffffff,86b330cdfffffff,Juliaca,7.2699585185561855,False,2.938681286503035,4.0,False,0.1,
150127,134672.75,6789.86,13,5,Confitería sin cacao,66.5,Set,LIMA,LIMA,PUNTA NEGRA,-12.303643136999938,-76.70944059199996,198.2125182676899,858e6217fffffff,868e62157ffffff,Pisco,3.2893500177387445,False,2.011242832326201,4.0,True,0.1,
021202,131300.0,48200.0,3,2,Frutas congeladas,89.0,Ene,ANCASH,HUAYLAS,HUALLANCA,-8.787889857999971,-77.91753369499997,1213.460212542887,858f5ea7fffffff,868f5ea4fffffff,Huamachuco,8.335721780975897,False,3.1579189740986497,4.0,False,0.1,
200806,130974.79999999999,76683.84,4,1,Cochinilla y otros productos animales,75.7,Jun,PIURA,SECHURA,RINCONADA LLICUAR,-5.481991697799958,-80.77489363559995,1911.2144315573296,858f0ba7fffffff,868f0ba0fffffff,Chiclayo,3.304487318317846,False,0.2701869429668994,4.0,True,0.1,17.0
110404,130459.52,54972.5,3,3,Uva,59.4,Feb,ICA,PALPA,SANTA CRUZ,-14.483673586666631,-75.24917300366661,1949.0602525871197,858e6ac3fffffff,868e6ac37ffffff,Pisco,2.391856508315568,False,0.3495148612588509,4.0,True,0.1,
120114,128897.78,10875.8,13,2,Harinas de legumbres y frutas,97.1,Ene,JUNIN,HUANCAYO,EL TAMBO,-12.002435581666626,-75.19149166066664,2892.059279322977,858e60a7fffffff,868e60a5fffffff,Tarma,2.028212166313555,False,0.719095347181813,6.0,True,0.1,18.0
130601,126632.0,61120.0,3,2,"Productos vegetales diversos (tara, achiote)",60.8,May,LA LIBERTAD,OTUZCO,OTUZCO,-7.8833298667499605,-78.57531832024996,22647.739651420372,858f5163fffffff,868f51627ffffff,Huamachuco,1.9716809185230677,True,0.6719332063527242,6.0,True,0.1,0.0
090401,126245.84,63952.0,3,1,"Palta, mango, dátil y piña",100.0,Feb,HUANCAVELICA,CASTROVIRREYNA,CASTROVIRREYNA,-13.214272764333279,-75.28469405266662,1003.4997179582531,858e6edbfffffff,868e6edb7ffffff,Pisco,3.4869345044425373,False,2.015365420532953,6.0,True,0.1,
220702,126014.4,166525.2,9,2,Banano y plátano,100.0,Set,SAN MARTIN,PICOTA,BUENOS AIRES,-6.730945220999942,-76.40952963274997,19444.650691292692,858f4073fffffff,868f40727ffffff,Bellavista,1.08271876848368,True,5.668936128930832,6.0,True,0.1,
140302,124017.53,89842.0,43,1,"Palta, mango, dátil y piña",100.0,Mar,LAMBAYEQUE,LAMBAYEQUE,CHOCHOPE,-6.156671306999954,-79.62970172499996,1323.159992585141,858f546bfffffff,868f54697ffffff,Chiclayo,1.3588842681698692,True,0.8363777967449046,4.0,True,0.1,4.0
120603,122534.19,11730.0,19,1,Café,100.0,Dic,JUNIN,SATIPO,LLAYLLA,-11.461214942999959,-74.64983708449995,8510.316999253526,858e6503fffffff,868e6500fffffff,Satipo,1.1190060056059656,True,12.233659888677389,6.0,True,0.1,
080106,121018.11,20822.54,14,3,"Arándano, fresa y otras bayas",54.3,Oct,CUSCO,CUSCO,SANTIAGO,-13.58262715899996,-71.9795015308333,860.5970662119474,858b618ffffffff,868b618cfffffff,Sicuani,2.622410338253252,False,0.4355132227888232,6.0,True,0.1,
100402,119800.54000000001,66356.0,3,2,"Palta, mango, dátil y piña",100.0,Abr,HUANUCO,HUACAYBAMBA,CANCHABAMBA,-8.86910405533329,-77.1125529903333,3162.830966089946,858f5d5bfffffff,868f5d59fffffff,Tarma,16.797496338793245,False,0.2377069286221345,6.0,False,0.1,
151003,119752.8,135504.0,7,2,"Palta, mango, dátil y piña",100.0,May,LIMA,YAUYOS,ALLAUCA,-12.655992726249949,-76.04405283499996,1534.1973318427818,858e63c3fffffff,868e63c27ffffff,Pisco,4.914195249446875,False,5.3274693394483945,6.0,True,0.1,
050106,117596.69,53748.0,9,2,Quinua y cereales andinos,64.2,Abr,AYACUCHO,HUAMANGA,OCROS,-13.405218350099961,-73.89493142489997,7674.58092719408,858e6c0ffffffff,868e6c0d7ffffff,Pisco,7.539593023616972,False,0.237522225816732,6.0,False,0.1,
060312,117060.36,63316.8,3,3,"Productos vegetales diversos (tara, achiote)",61.5,May,CAJAMARCA,CELENDIN,LA LIBERTAD DE PALLAN,-6.709719634999942,-78.28334767499996,9503.384476377008,858f5577fffffff,868f5574fffffff,Huamachuco,6.610823156601038,False,0.8757578205801902,6.0,False,0.1,53.0
120125,115084.66,12783.0,14,1,Harinas de legumbres y frutas,89.9,Ago,JUNIN,HUANCAYO,PILCOMAYO,-12.047916537999955,-75.25368202499996,325.92322439632335,858e60affffffff,868e60acfffffff,Tarma,1.6633755548826434,True,0.3702837850957141,6.0,True,0.1,18.0
021502,107984.59,46244.0,3,1,"Palta, mango, dátil y piña",100.0,Ene,ANCASH,PALLASCA,BOLOGNESI,-8.345598301999956,-78.05223891349996,2208.53709593047,858f5c4bfffffff,868f5c49fffffff,Huamachuco,6.210566634098813,False,0.3737122512888196,6.0,False,0.1,
040128,105339.1,53804.7,21,5,Plantas para perfumería,60.5,Mar,AREQUIPA,AREQUIPA,YURA,-16.13866168249993,-71.61948592699994,1367.4216748038482,85b33427fffffff,86b33425fffffff,Juliaca,3.652227796192058,False,1.8189916670071355,6.0,True,0.1,
050502,102524.0,44296.0,6,2,"Palta, mango, dátil y piña",99.4,Oct,AYACUCHO,LA MAR,ANCO,-13.064098180999954,-73.65059082849996,8910.519322435848,858e6c17fffffff,868e6c8dfffffff,Pisco,10.522270383531582,False,4.364038875578194,6.0,False,0.1,
130108,102288.0,45120.0,2,1,"Palta, mango, dátil y piña",100.0,Abr,LA LIBERTAD,TRUJILLO,POROTO,-8.028222095333282,-78.74663703599997,1312.911997097343,858f516bfffffff,868f5169fffffff,Huamachuco,2.4524674266584903,False,1.694753176750393,4.0,True,0.1,
010704,101500.0,29000.0,2,1,Cacao en grano,100.0,Mar,AMAZONAS,UTCUBAMBA,EL MILAGRO,-5.69511859939995,-78.59967012459997,10098.518096719708,858f54a7fffffff,868f54a6fffffff,Chiclayo,4.746003371945253,False,0.1526345943381733,6.0,True,0.1,
040123,101348.15,112488.38,94,3,Bebidas no alcohólicas,100.0,May,AREQUIPA,AREQUIPA,TIABAYA,-16.44834256249996,-71.59954888249996,1228.6612492247082,85b3354bfffffff,86b33549fffffff,Juliaca,4.595760175084693,False,0.2933847948867873,6.0,True,0.1,14.0
110302,100978.67,38000.0,2,2,Hortalizas frescas (espárrago y otras),56.6,Jul,ICA,NASCA,CHANGUILLO,-14.74474441779995,-75.30222361399996,3708.916339628733,858e6acffffffff,868e6acdfffffff,Pisco,3.409973307709747,False,3.6517392046514616,4.0,True,0.1,
090504,99227.57999999999,50845.0,6,4,"Palta, mango, dátil y piña",84.5,Jul,HUANCAVELICA,CHURCAMPA,EL CARMEN,-12.721279865599957,-74.50098145219997,3709.6941875011116,858e6133fffffff,868e61307ffffff,Tarma,5.830415034181704,False,0.2558142706331167,6.0,True,0.1,
200207,98316.92,54904.32,25,5,Plantas para perfumería,60.9,May,PIURA,AYABACA,PAIMAS,-4.637105035874953,-79.98429575837497,7194.3955215913475,858f0983fffffff,868f0980fffffff,Chiclayo,4.767852499224768,False,0.4452416781807077,4.0,False,0.1,17.0
050616,98195.11,42660.0,2,1,"Palta, mango, dátil y piña",100.0,Feb,AYACUCHO,LUCANAS,SAN JUAN,-14.655288387499978,-74.18616939699996,1315.7581024944902,858e687bfffffff,868e687a7ffffff,Pisco,6.171091615323404,False,0.249613517575021,6.0,False,0.1,
100102,97782.0,123260.0,5,1,"Palta, mango, dátil y piña",100.0,May,HUANUCO,HUANUCO,AMARILIS,-9.955593204999957,-76.19337483099994,7550.217248700783,858f59a3fffffff,868f59a37ffffff,Tarma,5.120324286266046,False,2.6089793051768457,6.0,True,0.1,23.0
040706,97557.3,45576.0,4,1,Hortalizas preparadas,100.0,Jul,AREQUIPA,ISLAY,PUNTA DE BOMBON,-17.15882538766662,-71.64188645299997,2990.2996381061803,85b33027fffffff,86b330267ffffff,Juliaca,6.807881553299883,False,6.755859475511768,4.0,False,0.1,
220802,93114.0,23250.0,3,1,Cacao en grano,100.0,Jul,SAN MARTIN,RIOJA,AWAJUN,-5.8215376679999435,-77.4067599833333,21436.125428794818,858f461bfffffff,868f4619fffffff,Bellavista,4.129052941289951,False,1.9386539226388544,6.0,True,0.1,8.0
220201,92153.12,19000.0,1,1,Café,100.0,Feb,SAN MARTIN,BELLAVISTA,BELLAVISTA,-6.999837139999954,-76.58720885099996,21163.1996935149,858f406bfffffff,868f40687ffffff,Bellavista,0.1725369982804729,True,0.8333854245279537,6.0,True,0.1,
150602,91022.49,91215.0,14,2,"Palta, mango, dátil y piña",100.0,Ago,LIMA,HUARAL,ATAVILLOS ALTO,-11.285839367166622,-76.63645465733329,1217.5427305175142,858e6607fffffff,868e6600fffffff,Tarma,5.18581011365345,False,4.677601764678328,6.0,True,0.1,
090410,90495.05,42816.0,2,2,"Palta, mango, dátil y piña",100.0,Mar,HUANCAVELICA,CASTROVIRREYNA,SAN JUAN,-13.265414384749945,-75.67533153124995,846.2035330975442,858e633bfffffff,868e633a7ffffff,Pisco,2.1001226155314563,False,4.95182418376052,4.0,True,0.1,
040501,84324.0,28332.0,5,2,"Arándano, fresa y otras bayas",53.4,Feb,AREQUIPA,CAYLLOMA,CHIVAY,-15.618324776499975,-71.54061406949995,1098.5716095193684,85b334a3fffffff,86b334a07ffffff,Juliaca,4.84492339131708,False,5.990596610193461,6.0,True,0.1,
010612,84058.0,92420.0,3,1,Algarroba y otros frutos,100.0,Ene,AMAZONAS,RODRIGUEZ DE MENDOZA,VISTA ALEGRE,-6.242480174799937,-77.26138560559995,8737.60434706784,858f4677fffffff,868f4675fffffff,Bellavista,4.429769298766627,False,7.0262086457644095,6.0,True,0.1,8.0
220305,84000.0,8000.0,1,1,Cacao en grano,100.0,Oct,SAN MARTIN,EL DORADO,SHATOJA,-6.52361591166662,-76.70854514366663,3901.652029501728,858f4043fffffff,868f4051fffffff,Bellavista,1.88666942845546,True,0.1769802368707206,6.0,True,0.1,
030701,81103.93,42816.0,2,1,"Palta, mango, dátil y piña",100.0,Abr,APURIMAC,GRAU,CHUQUIBAMBILLA,-14.12088837274996,-72.76377555549996,4374.362014836737,858e6d3bfffffff,868e6d397ffffff,Sicuani,8.367116715879419,False,2.604208418374614,6.0,False,0.1,
110401,79396.8,46888.0,4,3,"Palta, mango, dátil y piña",93.0,Mar,ICA,PALPA,PALPA,-14.515655807499959,-75.16390665549996,1458.570031061945,858e6ac3fffffff,868e6ac2fffffff,Pisco,2.67942872964621,False,0.3378623311185253,4.0,True,0.1,43.0
021508,79127.18000000001,65968.0,6,1,"Palta, mango, dátil y piña",100.0,Dic,ANCASH,PALLASCA,PALLASCA,-8.25958946299994,-78.00147940966662,3581.517062874351,858f5c4bfffffff,868f5c4a7ffffff,Huamachuco,4.155571595954339,False,0.1634421495591384,6.0,True,0.1,
030702,76407.51999999999,66880.0,3,1,"Palta, mango, dátil y piña",100.0,Mar,APURIMAC,GRAU,CURPAHUASI,-13.976286015249954,-72.63102733599997,3571.8693665535243,858e6d07fffffff,868e6d06fffffff,Sicuani,9.220613342505048,False,1.386271781034764,6.0,False,0.1,
010502,74133.6,13110.0,2,1,Café,93.5,Mar,AMAZONAS,LUYA,CAMPORREDONDO,-6.191164341142813,-78.33834738742853,7639.076595022174,858f5513fffffff,868f55117ffffff,Chiclayo,8.689235643183855,False,0.4891180676704925,6.0,False,0.1,
021304,72576.0,21248.0,1,1,"Palta, mango, dátil y piña",100.0,Feb,ANCASH,MARISCAL LUZURIAGA,FIDEL OLIVAS ESCUDERO,-8.79091705899996,-77.26579375866663,3753.035203889499,858f5893fffffff,868f5892fffffff,Huamachuco,13.408233650821336,False,1.932547886503724,6.0,False,0.1,
021403,72515.11,20700.0,1,1,Café,100.0,Dic,ANCASH,OCROS,CAJAMARQUILLA,-10.333390104999978,-77.23670575099999,877.5445358059065,858f5bb3fffffff,868f5bb07ffffff,Pisco,10.374657876813536,False,1.5571956738719055,6.0,False,0.1,
020105,72510.76,76792.68,26,3,Cerveza,69.4,Mar,ANCASH,HUARAZ,INDEPENDENCIA,-9.482101135999955,-77.50995309299995,10363.337008171658,858f580ffffffff,868f58057ffffff,Huamachuco,8.645446455297705,False,0.2866611219831982,6.0,False,0.1,
021501,70990.08,23899.76,4,2,"Palta, mango, dátil y piña",93.0,Ene,ANCASH,PALLASCA,CABANA,-8.39225656749997,-77.99955558599999,2668.7582464713073,858f5c4bfffffff,868f5c48fffffff,Huamachuco,5.582057437311735,False,1.0761028848367111,6.0,True,0.1,
110405,70764.0,48960.0,2,2,"Palta, mango, dátil y piña",100.0,Mar,ICA,PALPA,TIBILLO,-14.150382434999926,-75.16092706999996,411.5218605007683,858e6e6bfffffff,868e6e6a7ffffff,Pisco,4.440407730794568,False,3.202686060949957,6.0,True,0.1,
030213,70600.0,22000.0,3,2,Quinua y cereales andinos,90.1,Oct,APURIMAC,ANDAHUAYLAS,SAN JERONIMO,-13.684047204199953,-73.28654466309995,10548.441560386173,858e6d53fffffff,868e6d537ffffff,Sicuani,9.352027029971314,False,0.5864780629914673,6.0,False,0.1,
020204,70590.4,50400.0,1,1,Frutas preparadas,100.0,Feb,ANCASH,AIJA,LA MERCED,-9.695064420999955,-77.61904691249998,3225.119599570539,858f5877fffffff,868f58747ffffff,Huamachuco,9.046355354748162,False,2.14926366410028,6.0,False,0.1,
120206,65980.8,44080.0,2,1,"Palta, mango, dátil y piña",62.4,Jun,JUNIN,CONCEPCION,COMAS,-11.672242425599938,-75.03504355959996,2518.086590538632,858e657bfffffff,868e657b7ffffff,Tarma,3.752253394066057,False,0.3136825801182277,6.0,True,0.1,
150610,65140.0,30000.0,2,2,Plantas para perfumería,100.0,Nov,LIMA,HUARAL,SANTA CRUZ DE ANDAMARCA,-11.174147656999954,-76.59058829366664,999.3411604924985,858e6617fffffff,868e66157ffffff,Tarma,4.425265389288074,False,4.341336236439101,6.0,True,0.1,
150138,64925.05,35470.5,6,3,Frutas congeladas,89.8,Oct,LIMA,LIMA,SANTA MARIA DEL MAR,-12.40857667199998,-76.76739979599995,0.0,858e6203fffffff,868e6202fffffff,Pisco,2.3344083731568577,False,0.8161912019624059,4.0,True,0.1,
110211,63964.2,8000.0,3,1,"Arándano, fresa y otras bayas",100.0,Mar,ICA,CHINCHA,TAMBO DE MORA,-13.460760306999958,-76.18271458849998,764.3185652926569,858e636bfffffff,868e636a7ffffff,Pisco,0.4678933064124128,True,0.0895170124918911,4.0,True,0.1,1.0
060411,63553.7,5799.76,18,2,Plantas para perfumería,96.0,Ene,CAJAMARCA,CHOTA,LLAMA,-6.532078036428532,-79.16083775328568,8393.661209431013,858f508ffffffff,868f508e7ffffff,Chiclayo,1.829731127094533,True,2.7964605750460625,4.0,True,0.1,
060807,62330.03,18975.0,1,1,Café,100.0,Ene,CAJAMARCA,JAEN,POMAHUACA,-5.86863603216663,-79.18121657349997,11677.961028663993,858f540ffffffff,868f543b7ffffff,Chiclayo,4.934569471261123,False,0.1291622903954265,6.0,True,0.1,
090609,60720.0,21120.0,1,1,"Palta, mango, dátil y piña",100.0,Feb,HUANCAVELICA,HUAYTARA,QUITO-ARMA,-13.539726540999936,-75.38906522999997,1109.715490023426,858e6327fffffff,868e6324fffffff,Pisco,2.706909262685828,False,5.175398988525089,6.0,True,0.1,
081101,59802.24,19974.0,14,1,Hortalizas congeladas,100.0,Jun,CUSCO,PAUCARTAMBO,PAUCARTAMBO,-13.35539205933329,-71.50034247476185,8458.819872219661,858b6157fffffff,868b61547ffffff,Sicuani,4.106056977669497,False,2.1562243301292163,6.0,True,0.1,9.0
030603,59017.04,49670.0,2,1,"Palta, mango, dátil y piña",100.0,Mar,APURIMAC,CHINCHEROS,COCHARCAS,-13.619764075499944,-73.7404682268333,3864.9282014161613,858e6c2bfffffff,868e6c2b7ffffff,Pisco,11.513288739718,False,1.0708015292122426,6.0,False,0.1,
030601,58364.0,44960.0,2,2,"Productos vegetales diversos (tara, achiote)",62.4,Oct,APURIMAC,CHINCHEROS,CHINCHEROS,-13.532108742142807,-73.7366650228571,5173.498644597723,858e6c3bfffffff,868e6c76fffffff,Pisco,8.830780854398975,False,0.3274958764290773,6.0,False,0.1,
120419,58020.6,17920.0,1,1,"Palta, mango, dátil y piña",100.0,Dic,JUNIN,JAUJA,MONOBAMBA,-11.386179935999962,-75.30246153233328,4550.474307976551,858e655bfffffff,868e65597ffffff,Tarma,2.4266119195687472,False,2.973586403028897,6.0,True,0.1,
030104,57725.0,10160.0,2,2,Semillas oleaginosas,82.7,Jun,APURIMAC,ABANCAY,CURAHUASI,-13.60229907779995,-72.65547453379995,14006.481387661872,858e6d8ffffffff,868e6d8e7ffffff,Sicuani,5.849169448727784,False,0.2776154074860117,6.0,True,0.1,
080902,56042.2,3725.72,9,1,Pasta de cacao,98.4,Nov,CUSCO,LA CONVENCION,ECHARATE,-12.49056179124996,-72.87788611312496,7271.529175754096,858b6c3bfffffff,868b6c3a7ffffff,Sicuani,10.209283898704149,False,5.162139130983028,6.0,False,0.1,
150603,54012.7,22046.0,1,1,"Palta, mango, dátil y piña",100.0,Ene,LIMA,HUARAL,ATAVILLOS BAJO,-11.338525115199968,-76.78135754779996,1828.7341531896077,858e660ffffffff,868e660f7ffffff,Tarma,6.092549058340608,False,2.723701525815625,6.0,False,0.1,-1.0
130606,53400.0,21760.0,1,1,"Jengibre, cúrcuma y especias",100.0,Feb,LA LIBERTAD,OTUZCO,LA CUESTA,-7.907254006499954,-78.68189855199995,1323.5745600528853,858f517bfffffff,868f5178fffffff,Huamachuco,4.131071111606849,False,0.102648897646631,6.0,True,0.1,0.0
090402,52211.3,24000.0,1,1,"Palta, mango, dátil y piña",100.0,Mar,HUANCAVELICA,CASTROVIRREYNA,ARMA,-13.143147148666628,-75.52996063033329,1280.2296887925922,858e63abfffffff,868e63a8fffffff,Pisco,3.242469464422995,False,0.7186141709393353,6.0,True,0.1,
050608,51910.02,21120.0,1,1,"Palta, mango, dátil y piña",100.0,Mar,AYACUCHO,LUCANAS,LARAMATE,-14.296436865333286,-74.84164854266663,2049.8433166859368,858e6a93fffffff,868e6a917ffffff,Pisco,5.198298443846182,False,0.5340803189921083,6.0,True,0.1,
021007,51875.99,23280.0,1,1,"Palta, mango, dátil y piña",100.0,Feb,ANCASH,HUARI,HUACHIS,-9.42470185649998,-77.07434279699999,3384.855323576091,858f58affffffff,868f58ae7ffffff,Tarma,11.905645133109584,False,1.0732471270966386,6.0,False,0.1,
120401,51731.0,7906.0,11,1,Follaje y ramas,100.0,Jul,JUNIN,JAUJA,JAUJA,-11.774085680999974,-75.49113851199996,490.1087535897039,858e60bbfffffff,868e60b97ffffff,Tarma,1.0761072548758368,True,0.1890186496940213,6.0,True,0.1,18.0
010303,50820.69,22627.2,1,1,"Palta, mango, dátil y piña",100.0,Feb,AMAZONAS,BONGARA,CHURUJA,-6.007796053999925,-77.93036500999995,1050.179005037024,858f5587fffffff,868f55867ffffff,Chiclayo,6.333217951906295,False,2.7756873979810512,6.0,False,0.1,
190303,50132.5,8369.22,143,2,Hortalizas frescas (espárrago y otras),100.0,Jun,PASCO,OXAPAMPA,HUANCABAMBA,-10.417229169749959,-75.59194268249995,19943.169032668462,858e648bfffffff,868e64887ffffff,Tarma,4.1920723733993634,False,0.9488962369379136,6.0,True,0.1,
100701,50000.0,40000.0,2,1,"Productos vegetales diversos (tara, achiote)",100.0,Abr,HUANUCO,MARAÑON,HUACRACHUCO,-8.60284857849995,-77.16586999228568,13280.485923467779,858f5c23fffffff,868f5c20fffffff,Bellavista,9.088640029923967,False,1.0703546027195003,6.0,False,0.0,
250204,49610.0,4883.25,4,3,Extractos vegetales (tara y otros),92.7,Jun,UCAYALI,ATALAYA,YURUA,-9.72884408799996,-72.71797138266663,3493.131465112673,858b4d97fffffff,868b4d957ffffff,,inf,False,30.89556545189481,6.0,False,0.0,
130701,48895.7,13587.42,1,1,Conservas en vinagre,100.0,Jul,LA LIBERTAD,PACASMAYO,SAN PEDRO DE LLOC,-7.45383239799996,-79.46245817799996,6854.747742157195,858f539bfffffff,868f539b7ffffff,Chiclayo,1.6915249809524435,True,0.4341191078737016,4.0,True,0.0,
021301,48625.5,16208.5,1,1,"Arándano, fresa y otras bayas",100.0,Nov,ANCASH,MARISCAL LUZURIAGA,PISCOBAMBA,-8.859527920666627,-77.35199576099996,2375.0295060383223,858f5893fffffff,868f5891fffffff,Huamachuco,11.36400548806986,False,0.1733142685516329,6.0,False,0.0,
160606,47894.0,20330.0,2,1,"Jengibre, cúrcuma y especias",100.0,Set,LORETO,UCAYALI,VARGAS GUERRA,-6.922776308499948,-75.13951084149997,13376.661432262805,858f418ffffffff,868f418e7ffffff,,inf,False,2.201999985109675,6.0,False,0.0,
050504,47736.0,22416.0,2,1,"Palta, mango, dátil y piña",100.0,Abr,AYACUCHO,LA MAR,CHILCAS,-13.165976996666624,-73.87099099799997,2569.434577486292,858e6c1bfffffff,868e6c18fffffff,Pisco,9.89803586370746,False,0.5092535220165791,6.0,False,0.0,
021405,46580.58,17533.45,2,2,"Arándano, fresa y otras bayas",100.0,Oct,ANCASH,OCROS,COCHAS,-10.64925276799994,-77.48703024499997,2167.7857189849287,858f5b07fffffff,868f5b06fffffff,Pisco,6.441021407468839,False,2.102991236285801,4.0,False,0.0,
120121,46513.69,37714.0,4,2,"Jengibre, cúrcuma y especias",99.7,Mar,JUNIN,HUANCAYO,HUAYUCACHI,-12.137899050999962,-75.22377150974997,744.9352579156221,858e61dbfffffff,868e61d97ffffff,Tarma,1.899719532735056,True,0.0369568458407194,6.0,True,0.0,18.0
100403,45549.3,16986.0,1,1,"Arándano, fresa y otras bayas",100.0,Ene,HUANUCO,HUACAYBAMBA,COCHABAMBA,-9.087816225999953,-76.77909200499995,3642.7350091330936,858f5d47fffffff,868f5d44fffffff,Tarma,11.28575975306526,False,1.7543823991029532,6.0,False,0.0,
080402,45309.6,22272.0,1,1,"Palta, mango, dátil y piña",100.0,Abr,CUSCO,CALCA,COYA,-13.394724477999972,-71.90330989249998,1051.4242872044722,858b6117fffffff,868b6115fffffff,Sicuani,2.34405555860724,False,0.2861111960281814,6.0,True,0.0,
030209,44753.9,8006.39,9,1,Hortalizas congeladas,100.0,Jun,APURIMAC,ANDAHUAYLAS,PACUCHA,-13.608860395066626,-73.3008566675333,10302.801489728885,858e6dcbfffffff,868e6dc97ffffff,Sicuani,9.712197832826607,False,0.479043601623956,6.0,False,0.0,
030706,43776.0,22848.0,1,1,"Palta, mango, dátil y piña",100.0,Abr,APURIMAC,GRAU,MICAELA BASTIDAS,-14.12183816749996,-72.59605743074995,1341.587856089477,858e6d33fffffff,868e6d31fffffff,Sicuani,7.825961486718493,False,0.3841773524291337,6.0,False,0.0,
150513,43761.36,9679.220000000001,6,2,"Arándano, fresa y otras bayas",58.0,Nov,LIMA,CAÑETE,SAN ANTONIO,-12.613217193999958,-76.67415544899995,598.4275126248261,858e623bfffffff,868e623a7ffffff,Pisco,1.8864746761327076,True,0.8061165985757802,4.0,True,0.0,38.0
021002,43422.0,20340.559999999998,3,1,Frutas preparadas,100.0,May,ANCASH,HUARI,ANRA,-9.251522584999975,-76.90283633899998,2275.61803806477,858f58b7fffffff,868f58b6fffffff,Tarma,12.44483811039436,False,0.8644727019586131,6.0,False,0.0,
030212,43266.75,22332.0,1,1,"Palta, mango, dátil y piña",100.0,Mar,APURIMAC,ANDAHUAYLAS,SAN ANTONIO DE CACHI,-13.790481787874945,-73.65039170874996,3880.2582768244715,858e6893fffffff,868e6892fffffff,Sicuani,11.939879245943796,False,0.3703445172495251,6.0,False,0.0,
210111,42400.0,21760.0,1,1,"Jengibre, cúrcuma y especias",100.0,Oct,PUNO,PUNO,PICHACANI,-16.194920938499962,-70.11515734449995,6493.172195358878,85b32663fffffff,86b32660fffffff,Juliaca,1.6983651554525736,True,0.0975997028848585,6.0,True,0.0,
020401,42255.32,42240.0,2,1,"Palta, mango, dátil y piña",100.0,Abr,ANCASH,ASUNCION,CHACAS,-9.191727638333305,-77.38639935899998,4557.876933474003,858f588ffffffff,868f588dfffffff,Huamachuco,10.509278767899552,False,1.341520450722125,6.0,False,0.0,
230203,42060.0,12000.0,2,1,Plantas para perfumería,100.0,Mar,TACNA,CANDARAVE,CAMILACA,-17.16827885766662,-70.43105125166663,1077.948449579136,85b3224ffffffff,86b3224cfffffff,Juliaca,5.952719508820806,False,1.4947801160715493,6.0,True,0.0,
160504,41910.0,22000.0,1,1,Frutas congeladas,100.0,Feb,LORETO,REQUENA,EMILIO SAN MARTIN,-5.828735471749951,-74.35741367624996,6293.59556736688,858f6e73fffffff,868f6e717ffffff,,inf,False,127.92727291261518,6.0,False,0.0,
190102,40114.81,6674.78,111,2,Hortalizas frescas (espárrago y otras),100.0,Set,PASCO,PASCO,HUACHON,-10.592981806666621,-75.7941577213333,5829.896884221088,858e641bfffffff,868e641b7ffffff,Tarma,4.346926240301289,False,1.960679268671655,6.0,True,0.0,
200604,39165.0,3448.5,1,1,Plantas para perfumería,100.0,Jul,PIURA,SULLANA,LANCONES,-4.480828686333287,-80.49132052099996,3567.943768255811,858f09d3fffffff,868f09dafffffff,Chiclayo,4.429883835855855,False,0.6157536972599794,4.0,False,0.0,
080704,39140.64,21120.0,2,1,"Palta, mango, dátil y piña",100.0,Mar,CUSCO,CHUMBIVILCAS,COLQUEMARCA,-14.268523387999949,-72.03422705716663,2935.2876757379754,858b653bfffffff,868b653afffffff,Sicuani,4.879754153066747,False,0.5226097034450919,6.0,True,0.0,-1.0
151010,39122.46,5199.6,3,1,Galletas y panadería,100.0,Set,LIMA,YAUYOS,COCHAS,-12.285833330999935,-76.19589933599997,272.5253205448799,858e62b7fffffff,868e62b47ffffff,Pisco,5.866385413113452,False,1.2701030723340998,6.0,True,0.0,
140201,39098.07000000001,8056.0,2,2,Hortalizas secas,88.5,Mar,LAMBAYEQUE,FERREÑAFE,FERREÑAFE,-6.613897299222174,-79.79464823255552,5452.105925498867,858f5053fffffff,868f50c9fffffff,Chiclayo,0.4590551915200578,True,0.4049611740524792,4.0,True,0.0,4.0
200406,38825.01,4179.95,36,3,Plantas para perfumería,98.4,Abr,PIURA,MORROPON,SALITRAL,-5.3966425806666125,-79.83906258699996,4387.993215827532,858f0927fffffff,868f09277ffffff,Chiclayo,3.5871813650355264,False,2.859331226299196,4.0,True,0.0,17.0
150726,38359.64,20536.0,1,1,"Palta, mango, dátil y piña",100.0,Feb,LIMA,HUAROCHIRI,SANGALLAYA,-12.22411994133328,-76.26362814399995,1064.440079337652,858e62b7fffffff,868e62b77ffffff,Pisco,7.564606781983681,False,1.5433013906590909,6.0,False,0.0,
140120,38315.1,19305.5,2,2,Legumbres secas,81.1,May,LAMBAYEQUE,CHICLAYO,TUMAN,-6.788854413999928,-79.69287900949996,7880.550485302505,858f5057fffffff,868f50557ffffff,Chiclayo,0.4187112031062958,True,0.7238423435871426,4.0,True,0.0,4.0
120409,37880.0,6400.0,1,1,Follaje y ramas,100.0,Dic,JUNIN,JAUJA,HUARIPAMPA,-11.815618630999978,-75.47768651599998,766.0209010181859,858e60bbfffffff,868e60b9fffffff,Tarma,1.1781773649481802,True,0.6106357295954838,6.0,True,0.0,18.0
100401,37824.0,43392.0,2,1,Cítricos,100.0,Ago,HUANUCO,HUACAYBAMBA,HUACAYBAMBA,-9.010881179249964,-76.91432772649996,5614.834224369923,858f5d43fffffff,868f5d4e7ffffff,Tarma,13.01840970983999,False,2.772836870715899,6.0,False,0.0,-1.0
150139,37442.46,7830.92,8,2,Chocolate,93.1,Set,LIMA,LIMA,SANTA ROSA,-11.805006531999936,-77.16325275499997,0.0,858e75a7fffffff,868e75a4fffffff,Pisco,3.572384720675834,False,0.351003485397799,4.0,True,0.0,
080105,37088.78,2197.98,26,3,Pasta de cacao,80.2,Dic,CUSCO,CUSCO,SAN SEBASTIAN,-13.540021367749974,-71.92415420449997,2010.3160744761256,858b618ffffffff,868b618dfffffff,Sicuani,2.091441069991553,False,0.1996795459707478,6.0,True,0.0,9.0
021401,37000.0,20000.0,1,1,"Productos vegetales diversos (tara, achiote)",100.0,May,ANCASH,OCROS,OCROS,-10.380607533999978,-77.36440914099995,2845.3319794691665,858f5bbbfffffff,868f5bb87ffffff,Pisco,9.559102520034449,False,1.930680475047972,6.0,False,0.0,
250104,36656.0,10075.0,3,2,Plantas para perfumería,89.4,Feb,UCAYALI,CORONEL PORTILLO,MASISEA,-8.779942925799947,-73.97564209199996,30466.317080161138,858f4d4bfffffff,868f48b27ffffff,Tarma,11.943257584847744,False,63.96639067249291,6.0,False,0.0,
040120,36386.0,12480.0,1,1,"Palta, mango, dátil y piña",100.0,Jun,AREQUIPA,AREQUIPA,SANTA ISABEL DE SIGUAS,-16.269202987333284,-72.06432687599995,779.7870151065132,85b3309bfffffff,86b3309b7ffffff,Juliaca,6.17980585517777,False,0.7876923888516842,4.0,False,0.0,
140107,36147.0,18696.0,1,1,Uva,100.0,Ene,LAMBAYEQUE,CHICLAYO,LAGUNAS,-7.025682739749946,-79.65379419212496,10880.552109239317,858f5047fffffff,868f5044fffffff,Chiclayo,0.6671983793946612,True,3.2204615591995926,4.0,True,0.0,4.0
131101,35000.0,20000.0,1,1,"Productos vegetales diversos (tara, achiote)",100.0,May,LA LIBERTAD,GRAN CHIMU,CASCAS,-7.499559413166632,-78.75994957183329,6741.087990827091,858f5157fffffff,868f51557ffffff,Chiclayo,4.584896287870226,False,0.1805560030487754,4.0,False,0.0,47.0
040106,34678.0,45540.0,2,1,"Palta, mango, dátil y piña",100.0,Mar,AREQUIPA,AREQUIPA,CHIGUATA,-16.39037497199996,-71.35526489599997,1672.8362462916903,85b33547fffffff,86b335477ffffff,Juliaca,5.483785823923133,False,0.3580196211740869,6.0,True,0.0,14.0
021802,34320.0,21120.0,1,1,"Palta, mango, dátil y piña",100.0,Mar,ANCASH,SANTA,CACERES DEL PERU,-8.998484345999941,-78.09870262549995,5569.539883575789,858f5e37fffffff,868f5e347ffffff,Huamachuco,7.33027617320248,False,1.9892963657920448,4.0,False,0.0,
051104,33300.8,4680.0,3,1,Semillas oleaginosas,94.6,May,AYACUCHO,VILCAS HUAMAN,CONCEPCION,-13.552428211333279,-73.87465043766662,4725.6363353215265,858e6c77fffffff,868e6c757ffffff,Pisco,8.432262918076136,False,0.1791897239137501,6.0,False,0.0,
090412,32020.92,21696.0,1,1,"Palta, mango, dátil y piña",100.0,Feb,HUANCAVELICA,CASTROVIRREYNA,TANTARA,-13.12229534499994,-75.62167006949997,717.2547020686571,858e63abfffffff,868e6306fffffff,Pisco,4.262561700674039,False,0.8240441729902381,6.0,True,0.0,
080702,31032.0,45760.0,2,1,"Palta, mango, dátil y piña",100.0,Feb,CUSCO,CHUMBIVILCAS,CAPACMARCA,-14.034702376749962,-72.00685592299997,3226.679523476617,858b652bfffffff,868b6528fffffff,Sicuani,4.789892977477254,False,1.839136294047269,6.0,True,0.0,-1.0
150722,29025.0,9675.0,2,1,Frutas congeladas,100.0,Jul,LIMA,HUAROCHIRI,SAN MATEO,-11.798543411999939,-76.27035409299997,1226.6304510637135,858e605bfffffff,868e605a7ffffff,Tarma,3.9716167358909127,False,0.2510871212931562,6.0,True,0.0,
220908,28924.46,17869.5,1,1,Conservas en vinagre,100.0,Mar,SAN MARTIN,SAN MARTIN,JUAN GUERRA,-6.614844020199951,-76.34926345519995,14470.197697071728,858f400bfffffff,868f400afffffff,Bellavista,1.3385450050674887,True,1.8271979699709409,6.0,True,0.0,8.0
150732,28340.17,16289.25,10,3,Hortalizas preparadas,83.7,Feb,LIMA,HUAROCHIRI,SURCO,-11.881594942999962,-76.45118146933329,964.7659882560919,858e6297fffffff,868e62967ffffff,Tarma,3.4877957989562813,False,0.5951092759069839,6.0,True,0.0,
100606,27431.25,1995.0,1,1,Cacao en grano,100.0,Nov,HUANUCO,LEONCIO PRADO,MARIANO DAMASO BERAUN,-9.380534043333284,-75.97580413799999,14077.59161197015,858f4a53fffffff,868f4a537ffffff,Tarma,6.150388269861357,False,0.292504927623492,6.0,False,0.0,
120105,26620.0,21120.0,1,1,"Palta, mango, dátil y piña",100.0,Ago,JUNIN,HUANCAYO,CHACAPAMPA,-12.373691396999979,-75.25228106866662,2205.915827941053,858e6027fffffff,868e61537ffffff,Tarma,4.2896671983447785,False,1.1149078874362182,6.0,True,0.0,
150203,25147.5,24010.0,1,1,Semillas para siembra,100.0,Set,LIMA,BARRANCA,PATIVILCA,-10.644236568499949,-77.70549392674995,7991.776908228953,858f5b0ffffffff,868f5b0f7ffffff,Pisco,5.871760050918667,False,3.148537103735856,4.0,False,0.0,10.0
081305,24360.0,9240.55,3,1,Azúcar de caña,100.0,Nov,CUSCO,URUBAMBA,MARAS,-13.327991069799953,-72.16338940799997,10569.030277350967,858b61affffffff,868b61af7ffffff,Sicuani,3.1587451310518317,False,0.1830834641440954,6.0,True,0.0,
200302,24000.0,26385.0,2,1,Materias vegetales para cestería,100.0,May,PIURA,HUANCABAMBA,CANCHAQUE,-5.3280256328332785,-79.62230306049996,14029.297328721888,858f54cbfffffff,868f54ca7ffffff,Chiclayo,5.245585030581388,False,0.1483309756323675,4.0,False,0.0,17.0
060508,23628.45,16295.5,8,3,"Palta, mango, dátil y piña",96.6,Mar,CAJAMARCA,CONTUMAZA,YONAN,-7.260322951999953,-79.12833907224996,1872.160101209486,858f5023fffffff,868f5021fffffff,Chiclayo,2.009728170669121,False,0.9973413743194672,4.0,True,0.0,
240303,19975.5,34500.0,1,1,Cebolla y ajo,100.0,Jul,TUMBES,ZARUMILLA,MATAPALO,-3.72726048566661,-80.2347052053333,4761.506618025201,858f0d1bfffffff,868f0d187ffffff,Chiclayo,7.7946878324387585,False,3.1976323338332397,4.0,False,0.0,
060106,19805.0,2550.0,7,2,Harinas de legumbres y frutas,59.1,Feb,CAJAMARCA,CAJAMARCA,JESUS,-7.296790969666631,-78.36688061699995,13917.39403134941,858f5113fffffff,868f51127ffffff,Huamachuco,3.948633250224239,False,0.4313894624282783,6.0,True,0.0,40.0
220803,19030.2,3105.0,1,1,Café,100.0,Mar,SAN MARTIN,RIOJA,ELIAS SOPLIN VARGAS,-6.0211265073332925,-77.28343985833328,7133.445995110483,858f460ffffffff,868f460d7ffffff,Bellavista,3.7684440703678304,False,3.054226716176712,6.0,True,0.0,
010403,18725.65,11700.0,1,1,"Arándano, fresa y otras bayas",100.0,Nov,AMAZONAS,CONDORCANQUI,RIO SANTIAGO,-3.8774151796666274,-77.89241282499997,22315.69834764835,858f708ffffffff,868f708dfffffff,Chiclayo,9.120431911177432,False,79.40619384909566,6.0,False,0.0,
150728,18475.5,3231.2200000000003,15,2,Hortalizas frescas (espárrago y otras),100.0,Jul,LIMA,HUAROCHIRI,SANTA EULALIA,-11.858273293999956,-76.64900943499998,803.5202556464516,858e6293fffffff,868e6291fffffff,Pisco,3.883660391422212,False,0.9694502125567248,4.0,True,0.0,35.0
050503,18415.83,6325.0,1,1,"Jengibre, cúrcuma y especias",100.0,Nov,AYACUCHO,LA MAR,AYNA,-12.658211687799952,-73.84552278919996,6461.828066064967,858b6d93fffffff,868b6d937ffffff,Tarma,9.446422623453634,False,0.9584962419441606,6.0,False,0.0,
120129,18327.95,4665.73,123,2,"Arándano, fresa y otras bayas",100.0,Dic,JUNIN,HUANCAYO,SAN AGUSTIN,-11.992110073666614,-75.23587739866662,1264.9272539139758,858e60affffffff,868e60aefffffff,Tarma,1.950377784879848,True,0.3116542586537452,6.0,True,0.0,18.0
140305,17720.0,60000.0,1,1,Melaza,100.0,Ene,LAMBAYEQUE,LAMBAYEQUE,MOCHUMI,-6.563944469571384,-79.88509428842853,9640.916207918428,858f5627fffffff,868f56267ffffff,Chiclayo,0.5416756237178888,True,0.1074868991571975,4.0,True,0.0,4.0
081202,17343.4,6534.0,1,1,Hortalizas congeladas,100.0,Abr,CUSCO,QUISPICANCHI,ANDAHUAYLILLAS,-13.667661369999962,-71.69657441199998,1522.738453651266,858b61c7fffffff,868b61c67ffffff,Sicuani,3.1846701896316416,False,1.4584440627865884,6.0,True,0.0,9.0
180303,16818.5,8440.0,2,2,Hortalizas preparadas,63.3,Oct,MOQUEGUA,ILO,PACOCHA,-17.45902226299995,-71.35138583849997,147.86738547586754,85b33157fffffff,86b33154fffffff,Juliaca,7.638589803957965,False,2.348063324187437,4.0,False,0.0,
110303,15895.0,24960.0,1,1,"Palta, mango, dátil y piña",100.0,Set,ICA,NASCA,EL INGENIO,-14.67198524674997,-75.03900720674996,1869.5250718995894,858e6ac7fffffff,868e6ac4fffffff,Pisco,3.1456901844700487,False,3.322986579195724,4.0,True,0.0,
180201,14748.0,1405.0,1,1,"Productos vegetales diversos (tara, achiote)",100.0,May,MOQUEGUA,GENERAL SANCHEZ CERRO,OMATE,-16.67079376899995,-70.97618830511108,1243.8156043343913,85b33577fffffff,86b33574fffffff,Juliaca,7.861816805595017,False,0.1103408461910786,6.0,False,0.0,
080404,14700.0,3414.38,2,1,Maíz,100.0,Dic,CUSCO,CALCA,LARES,-13.089640311333293,-72.02112500166662,1551.1001252783033,858b6123fffffff,868b61237ffffff,Sicuani,4.08366865350068,False,2.918307526175851,6.0,True,0.0,
151021,14052.1,1614.0,6,2,Café,75.7,Dic,LIMA,YAUYOS,MIRAFLORES,-12.262224658999969,-75.86681555599995,356.20607429167626,858e6063fffffff,868e6062fffffff,Tarma,5.197197585191007,False,2.4157333868065924,6.0,True,0.0,
050104,13711.0,3687.44,44,2,Raíces y tubérculos,98.8,Nov,AYACUCHO,HUAMANGA,CARMEN ALTO,-13.2088357093333,-74.24050765366663,1200.0304674689805,858e6c43fffffff,868e6c427ffffff,Pisco,6.483265061044827,False,0.4497524633149054,6.0,False,0.0,
120215,13530.21,1115.54,8,1,Otros azúcares,85.2,Nov,JUNIN,CONCEPCION,SANTA ROSA DE OCOPA,-11.869911028999951,-75.30700013349997,765.9166717159862,858e60a3fffffff,868e60a07ffffff,Tarma,1.56652006815623,True,0.743136972553338,6.0,True,0.0,18.0
250103,13240.0,415.0,3,1,Harinas de legumbres y frutas,100.0,Ene,UCAYALI,CORONEL PORTILLO,IPARIA,-9.328520704666618,-74.28005324511108,38629.86345058918,858f483bfffffff,868f483afffffff,,inf,False,51.816085175594985,6.0,False,0.0,
080903,13137.6,3000.0,1,1,Té,100.0,May,CUSCO,LA CONVENCION,HUAYOPATA,-13.050757954999938,-72.48539949266664,0.0,858b6cc3fffffff,868b6cc07ffffff,Sicuani,5.809723184585025,False,2.5069098102974,6.0,True,0.0,
050505,12921.9,622.4,5,1,Chocolate,90.0,Dic,AYACUCHO,LA MAR,CHUNGUI,-13.208686271399973,-73.55905446539995,3054.807671351774,858e6cabfffffff,868e6cab7ffffff,Pisco,11.88174250289846,False,3.352820898574158,6.0,False,0.0,
210407,12876.0,29000.0,1,1,Uva,100.0,Dic,PUNO,CHUCUITO,ZEPITA,-16.474352062499957,-69.1605744118333,33524.90146194054,85b3200bfffffff,86b320087ffffff,Juliaca,3.3032388014429803,False,1.5476405054503175,6.0,True,0.0,
050405,12436.83,21120.0,1,1,"Palta, mango, dátil y piña",100.0,Abr,AYACUCHO,HUANTA,LURICOCHA,-12.870037053499942,-74.27963310624996,4762.135362621408,858e6137fffffff,868e6ccb7ffffff,Tarma,6.117626324843721,False,0.3553824136333671,6.0,False,0.0,
220106,11600.0,20.0,1,1,Semillas para siembra,100.0,Set,SAN MARTIN,MOYOBAMBA,YANTALO,-5.96023877166662,-77.07642999466664,4813.573458222039,858f4607fffffff,868f46047ffffff,Bellavista,3.7873172819096617,False,0.4556253977423688,6.0,True,0.0,
150731,10907.0,8390.0,1,1,Tripas y estómagos,100.0,Ene,LIMA,HUAROCHIRI,SANTO DOMINGO DE LOS OLLEROS,-12.267900061999947,-76.5217242393333,1300.1709417071781,858e62bbfffffff,868e62b87ffffff,Pisco,4.682047307111946,False,3.0321097202522656,4.0,False,0.0,
020106,10730.12,4049.1,1,1,Hortalizas congeladas,100.0,Oct,ANCASH,HUARAZ,JANGAS,-9.440983844999977,-77.60611533799997,2153.73047716186,858f5803fffffff,868f5801fffffff,Huamachuco,9.088484519006617,False,2.267912637815752,6.0,False,0.0,
130102,10700.0,2500.0,1,1,Hortalizas frescas (espárrago y otras),100.0,Set,LA LIBERTAD,TRUJILLO,EL PORVENIR,-8.052688118999981,-78.98527336199999,0.2401860898523608,858f53a7fffffff,868f53a57ffffff,Huamachuco,2.814333937394099,False,0.3152451779970554,4.0,True,0.0,2.0
080309,10493.26,3000.0,1,1,Preparaciones alimenticias,100.0,Set,CUSCO,ANTA,ZURITE,-13.462967308749938,-72.24229188849995,3336.9252674308414,858b61a3fffffff,868b61a27ffffff,Sicuani,2.94378690056826,False,0.2621997702091499,6.0,True,0.0,9.0
070105,10455.22,1570.01,16,2,Plantas para perfumería,28.5,Dic,CALLAO,CALLAO,LA PUNTA,-12.071702941999945,-77.16278215099999,0.0,858e62cbfffffff,868e62cafffffff,,,,,,,0.0,
120608,10320.0,5440.0,1,1,"Jengibre, cúrcuma y especias",100.0,May,JUNIN,SATIPO,RIO TAMBO,-11.382030964818135,-73.9135935042727,44875.59688608883,858b6997fffffff,868b69947ffffff,Satipo,3.1927163222174397,False,17.325418791350522,6.0,True,0.0,
030301,10250.0,5000.0,1,1,Quinua y cereales andinos,100.0,Abr,APURIMAC,ANTABAMBA,ANTABAMBA,-14.471802793499947,-72.80112766474997,2030.0185969534543,858e6993fffffff,868e69917ffffff,Sicuani,10.259475991146616,False,2.5797853167904865,6.0,False,0.0,
060501,10135.17,2662.29,53,2,Raíces y tubérculos,99.3,Nov,CAJAMARCA,CONTUMAZA,CONTUMAZA,-7.334947390399952,-78.74136629639995,9310.371968315974,858f51cffffffff,868f51cd7ffffff,Chiclayo,3.592737711825461,False,5.313466176155745,6.0,True,0.0,
040503,10000.0,1200.0,1,1,"Arándano, fresa y otras bayas",100.0,Feb,AREQUIPA,CAYLLOMA,CABANACONDE,-15.669284084666629,-71.93744631399996,3153.057740221099,85b33403fffffff,86b334007ffffff,Juliaca,5.855938817205829,False,5.432483478086839,6.0,True,0.0,37.0
120130,9929.95,1618.5,29,2,Hortalizas frescas (espárrago y otras),100.0,May,JUNIN,HUANCAYO,SAN JERONIMO DE TUNAN,-11.93910672566661,-75.28817357099997,1297.0542905749849,858e60affffffff,868e60ae7ffffff,Tarma,1.5768295275211397,True,0.5628398133724362,6.0,True,0.0,18.0
130110,9344.37,14671.8,1,1,"Arándano, fresa y otras bayas",100.0,Abr,LA LIBERTAD,TRUJILLO,SIMBAL,-7.932175655499975,-78.81697567649996,1705.1120276324584,858f53b7fffffff,868f53b4fffffff,Huamachuco,2.826422807830308,False,0.384744814994478,4.0,True,0.0,
050507,9177.07,171.6,3,1,Extractos vegetales (tara y otros),96.5,Oct,AYACUCHO,LA MAR,SANTA ROSA,-12.732888792545412,-73.7554232563636,12787.071417104102,858e6c9bfffffff,868e6c987ffffff,Tarma,10.818636113557783,False,1.503943745173498,6.0,False,0.0,-1.0
050403,8444.6,25182.75,15,3,Agua,98.3,Jun,AYACUCHO,HUANTA,HUAMANGUILLA,-13.003811071666632,-74.16596334999997,4262.825045217081,858e6ccbfffffff,868e6cc8fffffff,Tarma,6.840143335225118,False,0.1402662001955839,6.0,False,0.0,-1.0
120104,8334.41,2500.0,1,1,Hortalizas frescas (espárrago y otras),100.0,Jun,JUNIN,HUANCAYO,CARHUACALLANGA,-12.355429171999958,-75.20258109799994,683.6415070163358,858e61cbfffffff,868e61c9fffffff,Tarma,4.548197880798525,False,0.2433830874160039,6.0,True,0.0,
130903,8125.0,4000.0,1,1,Plantas para perfumería,100.0,May,LA LIBERTAD,SANCHEZ CARRION,COCHORCO,-7.8046706421999605,-77.71835705219998,10200.343976758466,858f5cc3fffffff,868f5cc37ffffff,Huamachuco,2.5478672331758405,False,0.0812663590018283,6.0,True,0.0,
210106,8080.8,28860.0,1,1,Papa,100.0,Set,PUNO,PUNO,CHUCUITO,-15.874301746999947,-69.8618124733333,5002.049471213582,85b32607fffffff,86b326057ffffff,Juliaca,1.616055504747738,True,2.635848537496557,6.0,True,0.0,
040409,8050.0,32832.0,1,1,Cebolla y ajo,100.0,Abr,AREQUIPA,CASTILLA,ORCOPAMPA,-15.116016913999944,-72.24842928699996,1776.9389422879317,85b334d3fffffff,86b334d37ffffff,Sicuani,7.018812439105276,False,0.4021564338849994,6.0,False,0.0,-1.0
120428,7611.320000000001,4400.0,3,1,"Palta, mango, dátil y piña",100.0,Oct,JUNIN,JAUJA,SAN LORENZO,-11.844464879666626,-75.38620782799995,1870.101846604411,858e60abfffffff,868e60aa7ffffff,Tarma,1.3758344394067374,True,0.522955086174784,6.0,True,0.0,18.0
160108,7020.0,11.41,4,1,Otros animales vivos,100.0,Nov,LORETO,MAYNAS,PUNCHANA,-3.581376095999957,-73.34823244049997,12830.229370608811,858a6d23fffffff,868a6d20fffffff,,inf,False,10.930943277638333,6.0,False,0.0,
130204,6840.0,2265.84,1,1,Hortalizas frescas (espárrago y otras),100.0,Nov,LA LIBERTAD,ASCOPE,MAGDALENA DE CAO,-7.863047257999956,-79.29043752866663,12360.067727637375,858f5317fffffff,868f53167ffffff,Chiclayo,2.629250260395159,False,1.0219622728289226,4.0,True,0.0,2.0
190305,6715.9,598.0,3,1,Café,100.0,Oct,PASCO,OXAPAMPA,POZUZO,-10.09791733524996,-75.58606790649998,17871.441656516232,858f4a67fffffff,868f4a65fffffff,Tarma,4.831771658191091,False,4.437087165526477,6.0,True,0.0,
022001,6300.0,1890.0,1,1,Legumbres frescas,100.0,Jun,ANCASH,YUNGAY,YUNGAY,-9.111069198499933,-77.68377403174998,7657.720533465581,858f58c7fffffff,868f58c47ffffff,Huamachuco,8.619841499937362,False,0.5844004524303971,6.0,False,0.0,
220507,6175.0,500.0,1,1,Harinas de legumbres y frutas,100.0,Ago,SAN MARTIN,LAMAS,RUMISAPA,-6.444995231749957,-76.47505787374996,2583.287834788217,858f401bfffffff,868f40197ffffff,Bellavista,1.94970476050925,True,0.2981128359350369,6.0,True,0.0,8.0
160501,6088.0,736.0,22,1,Extractos vegetales (tara y otros),52.6,Nov,LORETO,REQUENA,REQUENA,-5.1812256293332934,-73.97008221099998,10614.651170195986,858f6e83fffffff,868f6e807ffffff,,inf,False,45.47130327795287,6.0,False,0.0,
230103,6058.17,1774.29,13,1,Galletas y panadería,70.6,Dic,TACNA,TACNA,CALANA,-17.95421820799993,-70.14622106599995,1273.5307259176627,85b30403fffffff,86b30411fffffff,Juliaca,8.988319978317978,False,1.5799946857883629,4.0,False,0.0,-1.0
060412,6000.0,2000.0,2,1,Plantas para perfumería,100.0,Dic,CAJAMARCA,CHOTA,MIRACOSTA,-6.3638768333999565,-79.31400965939996,10362.357420252361,858f509bfffffff,868f5099fffffff,Chiclayo,3.837853018134809,False,2.9412518188640955,6.0,True,0.0,
250107,5390.0,190.0,6,2,Extractos vegetales (tara y otros),55.7,Mar,UCAYALI,CORONEL PORTILLO,MANANTAY,-8.517081145999953,-74.52785771899998,8939.49384303313,858f4c6ffffffff,868f4c6cfffffff,Tarma,10.220548465980013,False,9.95897448327982,6.0,False,0.0,
060105,5346.5,877.8,4,1,Follaje y ramas,100.0,May,CAJAMARCA,CAJAMARCA,ENCAÑADA,-6.978337593124955,-78.40012266887496,32212.32779463086,858f519bfffffff,868f519b7ffffff,Huamachuco,5.517135291553924,False,0.2084862491431377,6.0,True,0.0,
080905,5340.0,3000.0,1,1,"Productos vegetales diversos (tara, achiote)",100.0,Mar,CUSCO,LA CONVENCION,OCOBAMBA,-12.865082010999942,-72.37410375999997,145.2766230797448,858b6c53fffffff,868b6c52fffffff,Sicuani,7.542948033009728,False,6.303120716980094,6.0,False,0.0,
230202,5179.2,23904.0,1,1,Raíces y tubérculos,100.0,Dic,TACNA,CANDARAVE,CAIRANI,-17.23667592299995,-70.36096049349996,1784.2645188891258,85b3227bfffffff,86b322787ffffff,Juliaca,6.477010502459339,False,0.3185697322554859,6.0,False,0.0,
010519,5100.0,1500.0,1,1,Hortalizas frescas (espárrago y otras),100.0,Abr,AMAZONAS,LUYA,SAN JUAN DE LOPECANCHA,-6.48089276966662,-77.89590168866663,3830.093661244684,858f55affffffff,868f55ad7ffffff,Chiclayo,8.655447849014383,False,2.536784975910219,6.0,False,0.0,
131203,4212.0,1872.0,1,1,"Palta, mango, dátil y piña",100.0,May,LA LIBERTAD,VIRU,GUADALUPITO,-8.883275351999941,-78.62770079179995,1428.7648469753758,858f5e73fffffff,868f5e72fffffff,Huamachuco,4.290803863969706,False,1.857515869643171,4.0,False,0.0,
040601,3844.81,332.0,1,1,Plantas para perfumería,100.0,May,AREQUIPA,CONDESUYOS,CHUQUIBAMBA,-15.921403019999957,-72.67550688799997,1821.7118257445209,85b33687fffffff,86b33684fffffff,Juliaca,9.506658664826269,False,0.8324441628466451,6.0,False,0.0,
190105,2960.0,500.0,1,1,Raíces y tubérculos,100.0,Nov,PASCO,PASCO,NINACACA,-10.71614197699995,-75.96341782719996,4016.355253485078,858e6457fffffff,868e64557ffffff,Tarma,2.974271489184875,False,3.76736835998633,6.0,True,0.0,
120901,2885.0,533.35,6,2,Hortalizas frescas (espárrago y otras),67.1,Abr,JUNIN,CHUPACA,CHUPACA,-12.068360668999958,-75.29055320074997,1813.762088505804,858e60affffffff,868e60acfffffff,Tarma,2.2360817088117484,False,0.1903712439610988,6.0,True,0.0,18.0
190201,2775.26,160.0,2,1,Plantas para perfumería,100.0,Nov,PASCO,DANIEL ALCIDES CARRION,YANAHUANCA,-10.515568014454495,-76.54042481945451,3482.025296814823,858f592bfffffff,868f59297ffffff,Tarma,3.567552794406836,False,1.6157122313467778,6.0,True,0.0,
200408,2749.6,280.0,1,1,Plantas para perfumería,100.0,Jul,PIURA,MORROPON,SANTA CATALINA DE MOSSA,-5.124350542499954,-79.87506057074997,4363.309569713593,858f0933fffffff,868f09327ffffff,Chiclayo,3.694040304808743,False,2.026272635267264,4.0,True,0.0,17.0
020602,2709.5,652.0,14,1,Hortalizas frescas (espárrago y otras),100.0,Feb,ANCASH,CARHUAZ,ACOPAMPA,-9.29040677699993,-77.60975246949994,1080.1193394476463,858f581bfffffff,868f581afffffff,,,,,,,0.0,
081207,2500.0,500.0,1,1,Hortalizas frescas (espárrago y otras),100.0,Set,CUSCO,QUISPICANCHI,HUARO,-13.73954008849995,-71.66861761849995,1290.4895227492236,858b61d7fffffff,868b61d5fffffff,Sicuani,2.388714625131095,False,0.075908915078208,6.0,True,0.0,9.0
020609,2460.0,2000.0,1,1,Granos aplastados y copos,100.0,Mar,ANCASH,CARHUAZ,SHILLA,-9.177413639999969,-77.57982869749998,1539.113355805109,858f5813fffffff,868f58137ffffff,Huamachuco,8.604986450682963,False,0.6067804177812968,6.0,False,0.0,
160605,2061.6,120.0,1,1,Harinas de legumbres y frutas,100.0,Jul,LORETO,UCAYALI,SARAYACU,-6.25415909299996,-75.06783205799996,7072.519638527032,858f4507fffffff,868f453a7ffffff,,inf,False,67.45037774379928,6.0,False,0.0,
120126,2052.5,263.56,4,1,Hortalizas frescas (espárrago y otras),100.0,May,JUNIN,HUANCAYO,PUCARA,-12.192980676399964,-75.10087866019998,5054.242950994614,858e61c3fffffff,868e61c17ffffff,Tarma,2.5013633300747684,False,0.1770708380056724,6.0,True,0.0,18.0
081306,1644.0,169.1,2,1,Pisco y licores,100.0,Mar,CUSCO,URUBAMBA,OLLANTAYTAMBO,-13.220245659833296,-72.30575547966663,4424.658112077001,858b6cdbfffffff,868b6cdb7ffffff,Sicuani,3.3659807768147325,False,0.7294649291586947,6.0,True,0.0,
021104,800.8,254.24,1,1,Hortalizas congeladas,100.0,Set,ANCASH,HUARMEY,HUAYAN,-9.905447170499968,-77.75924742699996,1894.5522416088006,858f586ffffffff,868f586e7ffffff,Huamachuco,8.427378077681523,False,1.9827599061907004,6.0,False,0.0,
060308,750.0,500.0,1,1,Plantas para perfumería,100.0,Nov,CAJAMARCA,CELENDIN,OXAMARCA,-7.0639097699999525,-78.06652356999999,9198.359725695609,858f5197fffffff,868f51947ffffff,Huamachuco,7.624794715501792,False,1.38326419482529,6.0,False,0.0,
060504,645.0,1800.0,1,1,Agua,100.0,Ene,CAJAMARCA,CONTUMAZA,GUZMANGO,-7.358604695999958,-78.92060851249994,2028.4225756173778,858f5027fffffff,868f5024fffffff,Chiclayo,5.468602657793007,False,0.1917973745089326,6.0,True,0.0,
150401,364.7,133.71,1,1,Hortalizas frescas (espárrago y otras),100.0,Dic,LIMA,CANTA,CANTA,-11.47358576024996,-76.59482206549997,3661.2876712270836,858e663bfffffff,868e66387ffffff,Tarma,4.674388297609463,False,0.1635028370330167,6.0,True,0.0,-1.0
211303,205.0,100.0,1,1,Legumbres secas,100.0,Nov,PUNO,YUNGUYO,COPANI,-16.371009401666623,-69.05826556666663,3413.481066997243,85b32003fffffff,86b320017ffffff,Juliaca,3.32000598172581,False,1.143769215245209,6.0,True,0.0,
040311,137.76,192.0,1,1,"Palta, mango, dátil y piña",100.0,Nov,AREQUIPA,CARAVELI,LOMAS,-15.386730665999949,-74.93514529999999,0.0,858e6a67fffffff,868e6a66fffffff,Pisco,4.71884448577644,False,3.6820523463828527,4.0,False,0.0,
020601,108.5,50.0,1,1,Quinua y cereales andinos,100.0,Jun,ANCASH,CARHUAZ,CARHUAZ,-9.286393272166634,-77.62767237116664,6374.424638428807,858f581bfffffff,868f581afffffff,Huamachuco,7.984837959688387,False,0.4668535133425097,6.0,False,0.0,
200208,100.0,20.0,1,1,Plantas para perfumería,100.0,Abr,PIURA,AYABACA,SAPILLICA,-4.785355714374965,-79.99448184324997,15766.408670754288,858f098ffffffff,868f098cfffffff,Chiclayo,6.067616644360159,False,0.2324679251806314,4.0,False,0.0,17.0
120434,52.2,21.6,1,1,Frutas congeladas,100.0,Mar,JUNIN,JAUJA,YAUYOS,-11.7930147403333,-75.51540653799997,1460.0408568570704,858e6017fffffff,868e6016fffffff,Tarma,1.2521956806534364,True,0.2611066291608928,6.0,True,0.0,18.0
040206,13.5,6.0,1,1,Melón y sandía,100.0,Oct,AREQUIPA,CAMANA,OCOÑA,-16.30751523666663,-73.10620383333328,2089.511464831716,85b3360ffffffff,86b3360d7ffffff,Juliaca,8.390974592463426,False,2.76698857274368,4.0,False,0.0,
150701,3.0,21.0,1,1,"Arándano, fresa y otras bayas",100.0,Set,LIMA,HUAROCHIRI,MATUCANA,-11.824320689499956,-76.37660149549995,2506.064204706145,858e605bfffffff,868e60597ffffff,Tarma,3.8829553451322263,False,0.0474630486498694,6.0,True,0.0,35.0
021008,1.35,6.6499999999999995,2,1,Flores cortadas,100.0,Nov,ANCASH,HUARI,HUANTAR,-9.468111132499928,-77.24098956099996,3108.874089824463,858f58abfffffff,868f58a8fffffff,Tarma,10.675280847454385,False,5.9544057325650845,6.0,False,0.0,
030502,0.01,651.7,1,1,Agua,100.0,Nov,APURIMAC,COTABAMBAS,COTABAMBAS,-13.748285973499947,-72.34592000949996,3831.7217249787927,858e6da3fffffff,868e6da27ffffff,Sicuani,5.019340583834269,False,0.7461720988750291,6.0,True,0.0,
