dep,prov,dist,ha_agricola,ha_territorial,n_sectores,intensidad_agricola
AMAZONAS,BAGUA,ARAMANGO,27343.671347,81990.308321,3,0.33349882329929625
AMAZONAS,BAGUA,BAGUA,5695.286737,13311.092252,3,0.42786021080608766
AMAZONAS,BAGUA,COPALLIN,4279.421791,9907.273586,4,0.43194747312189546
AMAZONAS,BAGUA,EL PARCO,988.52055,1818.6091740000002,2,0.5435585414021451
AMAZONAS,BAGUA,IMAZA,43450.237407,459076.76914700004,6,0.09464699659652542
AMAZONAS,BAGUA,LA PECA,7255.590114,13821.658316000001,4,0.5249435305169499
AMAZONAS,BONGARA,CHISQUILLA,1036.627612,16200.766953999999,2,0.06398632947090538
AMAZONAS,BONGARA,CHURUJA,1050.178982,3186.114373,1,0.3296112000559372
AMAZONAS,BONGARA,COROSHA,1241.4862309999999,6427.16961,3,0.1931622014562021
AMAZONAS,BONGARA,CUISPES,1687.646387,9659.926696,3,0.1747059206669574
AMAZONAS,BONGARA,FLORIDA,9980.068373,22240.497513,7,0.4487340432544937
AMAZONAS,BONGARA,JAZAN,2423.707778,7587.9426570000005,4,0.3194156687207026
AMAZONAS,BONGARA,JUMBILLA,3668.194254,15885.962902,3,0.23090789501580572
AMAZONAS,BONGARA,RECTA,1742.352789,2808.600363,2,0.6203633710062295
AMAZONAS,BONGARA,SAN CARLOS,1528.6668450000002,11260.753064,2,0.13575174202931978
AMAZONAS,BONGARA,SHIPASBAMBA,3773.7805930000004,12555.857467,3,0.3005593686387775
AMAZONAS,BONGARA,VALERA,1214.755549,7813.548307,4,0.15546784908358793
AMAZONAS,BONGARA,YAMBRASBAMBA,14904.162606,168211.90809500002,6,0.0886034929083776
AMAZONAS,CHACHAPOYAS,ASUNCION,1266.75997,3490.6572800000004,4,0.36290012693540624
AMAZONAS,CHACHAPOYAS,BALSAS,2257.015863,31873.890102999998,3,0.07081080645338511
AMAZONAS,CHACHAPOYAS,CHACHAPOYAS,3971.810802,15340.402893,4,0.2589117658580129
AMAZONAS,CHACHAPOYAS,CHETO,1991.7376259999999,7038.847492,5,0.28296359997339177
AMAZONAS,CHACHAPOYAS,CHILIQUIN,2287.9270260000003,14180.205777,4,0.16134653205886268
AMAZONAS,CHACHAPOYAS,CHUQUIBAMBA,2458.284115,18424.104879,2,0.13342760102293924
AMAZONAS,CHACHAPOYAS,GRANADA,916.673858,17134.473819,2,0.05349880408837082
AMAZONAS,CHACHAPOYAS,HUANCAS,768.235307,4627.070108,2,0.16603061744661166
AMAZONAS,CHACHAPOYAS,LA JALCA,5299.3593120000005,12421.313396,5,0.4266343777870171
AMAZONAS,CHACHAPOYAS,LEIMEBAMBA,5754.192644,38108.331729,3,0.15099565850638186
AMAZONAS,CHACHAPOYAS,LEVANTO,1656.527235,7493.071621,3,0.22107452307775025
AMAZONAS,CHACHAPOYAS,MAGDALENA,3456.496725,13555.101197,2,0.2549960103407408
AMAZONAS,CHACHAPOYAS,MARISCAL CASTILLA,2488.230837,7893.249762,3,0.31523528483527036
AMAZONAS,CHACHAPOYAS,MOLINOPAMPA,7379.887254,34064.686895,5,0.21664333145780998
AMAZONAS,CHACHAPOYAS,MONTEVIDEO,1550.35115,12297.054932,2,0.12607499588910515
AMAZONAS,CHACHAPOYAS,OLLEROS,1690.4853600000001,10688.117040000001,2,0.15816493716090518
AMAZONAS,CHACHAPOYAS,QUINJALCA,2866.251678,8250.010999,2,0.347423982628317
AMAZONAS,CHACHAPOYAS,SAN FRANCISCO DE DAGUAS,1289.867346,4044.124037,1,0.3189485125082478
AMAZONAS,CHACHAPOYAS,SAN ISIDRO DE MAINO,2480.125554,10807.591236,3,0.2294799553242467
AMAZONAS,CHACHAPOYAS,SOLOCO,1540.220288,7483.708334,5,0.20580976960345554
AMAZONAS,CHACHAPOYAS,SONCHE,855.332973,12029.991219,4,0.07110004965332802
AMAZONAS,CONDORCANQUI,EL CENEPA,18080.383695,561661.981574,3,0.03219086263295155
AMAZONAS,CONDORCANQUI,NIEVA,49448.485336000005,419008.770318,5,0.11801300793411047
AMAZONAS,CONDORCANQUI,RIO SANTIAGO,22315.69835,808874.693686,3,0.027588572771770768
AMAZONAS,LUYA,CAMPORREDONDO,7639.076569,21898.492377000002,7,0.34884029628557106
AMAZONAS,LUYA,COCABAMBA,3567.869749,34303.414341,6,0.10400917277600626
AMAZONAS,LUYA,COLCAMAR,2176.425529,10780.64679,4,0.20188264873113423
AMAZONAS,LUYA,CONILA,524.2224699999999,24895.935798,5,0.021056548115058724
AMAZONAS,LUYA,INGUILPATA,2886.6123669999997,11868.695649,2,0.24321226631531428
AMAZONAS,LUYA,LAMUD,2658.0492729999996,7322.319281,2,0.363006469807609
AMAZONAS,LUYA,LONGUITA,1784.061277,5876.212104,3,0.3036073656676842
AMAZONAS,LUYA,LONYA CHICO,2627.940167,6959.8385,3,0.3775863717239991
AMAZONAS,LUYA,LUYA,4676.281391,9623.953939,5,0.4859002256910116
AMAZONAS,LUYA,LUYA VIEJO,1081.786832,5580.465913,2,0.1938524217986743
AMAZONAS,LUYA,MARIA,1570.297402,8784.284883,3,0.17876212155174476
AMAZONAS,LUYA,OCALLI,4343.350933,17214.264601000003,3,0.2523111520400173
AMAZONAS,LUYA,OCUMAL,11536.211582,36436.147503,4,0.3166144714133171
AMAZONAS,LUYA,PISUQUIA,5323.93593,29107.492932,5,0.18290602843871195
AMAZONAS,LUYA,PROVIDENCIA,3038.075382,11656.170416,3,0.26064095441069945
AMAZONAS,LUYA,SAN CRISTOBAL,993.982359,3557.176022,1,0.27943018643230916
AMAZONAS,LUYA,SAN FRANCISCO DEL YESO,5561.650842,18204.315625,4,0.30551276722329407
AMAZONAS,LUYA,SAN JERONIMO,4971.156128,20823.657853,3,0.23872636417159632
AMAZONAS,LUYA,SAN JUAN DE LOPECANCHA,3830.093673,8644.274082,3,0.44307869425096275
AMAZONAS,LUYA,SANTA CATALINA,3792.8188450000002,16494.041548,4,0.22995084824797848
AMAZONAS,LUYA,SANTO TOMAS,3761.6855,9009.032431,6,0.41754600494677696
AMAZONAS,LUYA,TINGO,3539.043096,10917.512273,3,0.32416204420052497
AMAZONAS,LUYA,TRITA,1082.377765,1295.094959,2,0.8357516624385224
AMAZONAS,RODRIGUEZ DE MENDOZA,CHIRIMOTO,2882.8350219999998,15389.272675000002,6,0.18732756790275013
AMAZONAS,RODRIGUEZ DE MENDOZA,COCHAMAL,3339.305961,18094.999378,3,0.184543027122728
AMAZONAS,RODRIGUEZ DE MENDOZA,HUAMBO,6288.385588,7770.223209,9,0.8092927859159007
AMAZONAS,RODRIGUEZ DE MENDOZA,LIMABAMBA,11077.319771999999,61524.107213,7,0.18004844399691458
AMAZONAS,RODRIGUEZ DE MENDOZA,LONGAR,1975.740616,8230.208717,5,0.24005960042288926
AMAZONAS,RODRIGUEZ DE MENDOZA,MARISCAL BENAVIDES,3449.8493670000003,20268.942489,4,0.1702037177752239
AMAZONAS,RODRIGUEZ DE MENDOZA,MILPUC,724.560285,4298.301539,3,0.16856897507673904
AMAZONAS,RODRIGUEZ DE MENDOZA,OMIA,1743.814653,22528.175908,8,0.07740594090357543
AMAZONAS,RODRIGUEZ DE MENDOZA,SAN NICOLAS,1013.91579,10224.697172,6,0.09916340532574161
AMAZONAS,RODRIGUEZ DE MENDOZA,SANTA ROSA,931.9556540000001,2024.016796,3,0.46044857722613486
AMAZONAS,RODRIGUEZ DE MENDOZA,TOTORA,480.50231999999994,1946.612239,3,0.24684028507230604
AMAZONAS,RODRIGUEZ DE MENDOZA,VISTA ALEGRE,8737.604335,86200.155815,5,0.10136413620588303
AMAZONAS,UTCUBAMBA,BAGUA GRANDE,37726.565842,72831.775848,17,0.5179959626514584
AMAZONAS,UTCUBAMBA,CAJARURO,33053.323182,180186.380097,13,0.183439631587062
AMAZONAS,UTCUBAMBA,CUMBA,13621.334792000001,30164.768578000003,3,0.4515643724160515
AMAZONAS,UTCUBAMBA,EL MILAGRO,10098.518199999999,30777.068879000002,5,0.32811825712520926
AMAZONAS,UTCUBAMBA,JAMALCA,11725.276406,35089.934777,4,0.3341492790030899
AMAZONAS,UTCUBAMBA,LONYA GRANDE,7974.35332,36466.373172,8,0.21867689672311458
AMAZONAS,UTCUBAMBA,YAMON,3848.555907,13616.438318,4,0.2826404245457105
ANCASH,AIJA,AIJA,1995.544044,16260.877764,1,0.12272056115063727
ANCASH,AIJA,CORIS,2141.23769,25941.923943,2,0.08253966416310374
ANCASH,AIJA,HUACLLAN,724.984848,3997.010619,1,0.18138176680185597
ANCASH,AIJA,LA MERCED,3225.119613,15689.082063,1,0.2055645830679852
ANCASH,AIJA,SUCCHA,958.170811,7750.736935,1,0.12362318822526261
ANCASH,ANTONIO RAYMONDI,ACZO,2391.748518,6613.450845,1,0.3616490957679447
ANCASH,ANTONIO RAYMONDI,CHACCHO,2061.726373,7202.262558,1,0.2862609293117081
ANCASH,ANTONIO RAYMONDI,CHINGAS,2254.636155,5081.311533,1,0.4437114592084193
ANCASH,ANTONIO RAYMONDI,LLAMELLIN,3631.54814,9603.526341,1,0.3781473607768386
ANCASH,ANTONIO RAYMONDI,MIRGAS,4192.057027,17215.513016,1,0.24350462417843288
ANCASH,ANTONIO RAYMONDI,SAN JUAN DE RONTOY,1410.322923,10198.750807,1,0.13828388884960427
ANCASH,ASUNCION,ACOCHACA,4005.728628,7661.316357,1,0.5228512231243448
ANCASH,ASUNCION,CHACAS,4557.876897,45163.307678,1,0.1009199089113714
ANCASH,BOLOGNESI,ABELARDO PARDO LEZAMETA,231.548725,1191.439858,1,0.19434361159336
ANCASH,BOLOGNESI,ANTONIO RAYMONDI,1113.74842,12204.705043,1,0.09125566050764902
ANCASH,BOLOGNESI,AQUIA,1974.760778,43707.801739,1,0.045180967686094864
ANCASH,BOLOGNESI,CAJACAY,2151.135843,18534.232173,1,0.11606285185817931
ANCASH,BOLOGNESI,CANIS,417.981417,2074.620024,1,0.20147372153195803
ANCASH,BOLOGNESI,CHIQUIAN,2410.435417,18586.14556,1,0.12968990311727657
ANCASH,BOLOGNESI,COLQUIOC,1189.060215,30538.923007,1,0.03893589222931826
ANCASH,BOLOGNESI,HUALLANCA,1480.132332,81822.837542,1,0.01808947692922825
ANCASH,BOLOGNESI,HUASTA,3097.416967,39000.377696,1,0.07942017872605579
ANCASH,BOLOGNESI,HUAYLLACAYAN,1535.997594,11758.245921,1,0.13063152483116022
ANCASH,BOLOGNESI,LA PRIMAVERA,860.807132,6251.34765,1,0.13769944981383336
ANCASH,BOLOGNESI,MANGAS,1465.014773,12608.966876,1,0.11618832751385207
ANCASH,BOLOGNESI,PACLLON,1901.207537,21071.144874,1,0.0902280131605914
ANCASH,BOLOGNESI,SAN MIGUEL DE CORPANQUI,1085.031125,4274.50434,1,0.2538378812360733
ANCASH,BOLOGNESI,TICLLOS,2033.405607,9261.773321,1,0.21954819412276996
ANCASH,CARHUAZ,ACOPAMPA,1080.119344,1458.9711470000002,2,0.7403294754807099
ANCASH,CARHUAZ,AMASHCA,810.078461,1322.506222,1,0.6125328164996716
ANCASH,CARHUAZ,ANTA,2241.763559,4328.065461,1,0.5179597164600279
ANCASH,CARHUAZ,ATAQUERO,1396.634947,4642.748778,1,0.30082070208451844
ANCASH,CARHUAZ,CARHUAZ,6374.424650999999,19558.187114,4,0.32592103827645175
ANCASH,CARHUAZ,MARCARA,4558.513532,17716.137306,3,0.25730854605965087
ANCASH,CARHUAZ,PARIAHUANCA,937.375549,1193.951513,1,0.7851035312520267
ANCASH,CARHUAZ,SAN MIGUEL DE ACO,1867.383112,12304.677353,1,0.1517620542520535
ANCASH,CARHUAZ,SHILLA,1539.113375,12794.081766,1,0.120298854044388
ANCASH,CARHUAZ,TINCO,989.1702,1577.20492,1,0.6271665700865301
ANCASH,CARHUAZ,YUNGAR,1711.83838,4532.854035,1,0.37765133551228497
ANCASH,CARLOS FERMIN FITZCARRALD,SAN LUIS,9537.777363000001,24762.221369,2,0.38517454556562575
ANCASH,CARLOS FERMIN FITZCARRALD,SAN NICOLAS,2935.861124,20504.306523,1,0.14318265876033404
ANCASH,CARLOS FERMIN FITZCARRALD,YAUYA,5022.764655,17476.15632,1,0.2874067136405656
ANCASH,CASMA,BUENA VISTA ALTA,3890.022444,48122.735909,2,0.0808354381878043
ANCASH,CASMA,CASMA,6381.192309,120953.763679,2,0.05275728604803972
ANCASH,CASMA,COMANDANTE NOEL,2183.598036,21761.651296999997,2,0.10034155984757576
ANCASH,CASMA,YAUTAN,4158.473841999999,36600.889119,2,0.11361674380312475
ANCASH,CORONGO,ACO,1170.585133,5756.524727,1,0.2033492755637042
ANCASH,CORONGO,BAMBAS,745.0326689999999,15408.659158,2,0.048351557482091974
ANCASH,CORONGO,CORONGO,3223.090348,15192.979394,1,0.21214340284518918
ANCASH,CORONGO,CUSCA,5225.064467,42657.951815,2,0.12248746704155374
ANCASH,CORONGO,LA PAMPA,1151.197034,9471.229757,1,0.1215467329518823
ANCASH,CORONGO,YANAC,886.536129,4687.767288,1,0.18911692380067652
ANCASH,CORONGO,YUPAN,468.776473,8506.227668,1,0.0551097961748089
ANCASH,HUARAZ,COCHABAMBA,2153.985489,13849.064648,1,0.15553292180718256
ANCASH,HUARAZ,COLCABAMBA,816.92353,5210.434003,1,0.1567860814530309
ANCASH,HUARAZ,HUANCHAY,2925.339949,20918.866849,1,0.13984218027277337
ANCASH,HUARAZ,HUARAZ,7886.91727,42310.970195,2,0.18640360250902538
ANCASH,HUARAZ,INDEPENDENCIA,10363.33699,34589.372994,2,0.29961043213468086
ANCASH,HUARAZ,JANGAS,2153.73045,6233.727063,2,0.34549643066398716
ANCASH,HUARAZ,LA LIBERTAD,1791.615053,14858.537463999999,2,0.12057815631860226
ANCASH,HUARAZ,OLLEROS,2204.392914,23098.048208,2,0.09543632839230587
ANCASH,HUARAZ,PAMPAS GRANDE,3167.672633,35227.346228,1,0.0899208419645933
ANCASH,HUARAZ,PARIACOTO,2308.239918,16838.379479,1,0.13708207021220326
ANCASH,HUARAZ,PIRA,3737.1861120000003,26161.913078999998,2,0.14284834984028044
ANCASH,HUARAZ,TARICA,3104.695637,11727.229123,2,0.2647424727901771
ANCASH,HUARI,ANRA,2275.618052,8068.716539,1,0.2820297430205708
ANCASH,HUARI,CAJAY,2653.88367,16554.089097,1,0.16031589865497026
ANCASH,HUARI,CHAVIN DE HUANTAR,5815.787861,41965.614503000004,2,0.1385845990789494
ANCASH,HUARI,HUACACHI,2836.175958,8888.172706,1,0.3190955049833164
ANCASH,HUARI,HUACCHIS,2340.687657,7679.76172,1,0.304786494990368
ANCASH,HUARI,HUACHIS,3384.855308,15214.491226,1,0.2224757474778802
ANCASH,HUARI,HUANTAR,3108.874122,16186.57001,1,0.19206503416593818
ANCASH,HUARI,HUARI,5434.825928,39994.084262,1,0.13589074555118266
ANCASH,HUARI,MASIN,1743.023301,7525.978601,1,0.23160088453724798
ANCASH,HUARI,PAUCAS,2668.968705,13968.74649,1,0.19106715888291564
ANCASH,HUARI,PONTO,4373.937487,11903.875715,1,0.3674381009781905
ANCASH,HUARI,RAHUAPAMPA,289.809826,955.141679,1,0.30342077240668713
ANCASH,HUARI,RAPAYAN,1600.69464,14498.405111,1,0.11040487748445836
ANCASH,HUARI,SAN MARCOS,5631.577932,56178.514752999996,2,0.10024433641153298
ANCASH,HUARI,SAN PEDRO DE CHANA,2651.069512,14412.229282,1,0.18394583239881043
ANCASH,HUARI,UCO,2054.539907,5167.220797,1,0.39761024111701027
ANCASH,HUARMEY,COCHAPETI,1171.668796,9864.907439,2,0.11877139276217794
ANCASH,HUARMEY,CULEBRAS,2234.23255,63066.844358999995,2,0.0354264205337739
ANCASH,HUARMEY,HUARMEY,4964.344701,291455.630275,2,0.017032934640226174
ANCASH,HUARMEY,HUAYAN,1894.5522340000002,11263.468397,2,0.1682032716054506
ANCASH,HUARMEY,MALVAS,1562.977841,16787.897438,2,0.09310146471720421
ANCASH,HUAYLAS,CARAZ,7237.622114,24414.944415,2,0.296442293333806
ANCASH,HUAYLAS,HUALLANCA,1213.460217,19538.750432,1,0.06210531329642401
ANCASH,HUAYLAS,HUATA,1759.664898,6955.717952,1,0.2529810596322466
ANCASH,HUAYLAS,HUAYLAS,1829.063064,5409.483453,1,0.3381215748031608
ANCASH,HUAYLAS,MATO,2574.16943,10600.957319,1,0.2428242424282135
ANCASH,HUAYLAS,PAMPAROMAS,7474.440503,50100.937923,1,0.14918763625717843
ANCASH,HUAYLAS,PUEBLO LIBRE,4310.278538,12742.055292,1,0.33827184384501724
ANCASH,HUAYLAS,SANTA CRUZ,3961.7059600000002,35992.121882,2,0.11007147544644448
ANCASH,HUAYLAS,SANTO TORIBIO,1788.677445,8454.396397,1,0.21156772890785003
ANCASH,HUAYLAS,YURACMARCA,909.900147,54818.417005,1,0.016598438931883196
ANCASH,MARISCAL LUZURIAGA,CASCA,3429.633715,7604.927366999999,2,0.4509752098201729
ANCASH,MARISCAL LUZURIAGA,ELEAZAR GUZMAN BARRON,1965.260186,9852.546484999999,2,0.19946723306426503
ANCASH,MARISCAL LUZURIAGA,FIDEL OLIVAS ESCUDERO,3753.035211,21370.65316,2,0.17561630816341411
ANCASH,MARISCAL LUZURIAGA,LLAMA,1961.568078,4912.739235999999,2,0.3992819451164536
ANCASH,MARISCAL LUZURIAGA,LLUMPA,4851.321349,13924.565285,2,0.34840020134962507
ANCASH,MARISCAL LUZURIAGA,LUCMA,2464.510876,7534.875103,2,0.3270805212177649
ANCASH,MARISCAL LUZURIAGA,MUSGA,1152.714466,3890.273412,2,0.29630680004246446
ANCASH,MARISCAL LUZURIAGA,PISCOBAMBA,2375.029541,4583.042005,2,0.518221202949677
ANCASH,OCROS,ACAS,810.221344,25506.867808,1,0.03176483095058349
ANCASH,OCROS,CAJAMARQUILLA,877.544524,7867.284077,1,0.11154351557807615
ANCASH,OCROS,CARHUAPAMPA,262.252485,10663.97459,1,0.024592377146690107
ANCASH,OCROS,COCHAS,2167.785702,41152.480889,1,0.05267691412936046
ANCASH,OCROS,CONGAS,3237.849837,10909.418766,1,0.2967939820122219
ANCASH,OCROS,LLIPA,282.44801,3149.566767,1,0.08967836877102787
ANCASH,OCROS,OCROS,2845.331969,22641.536366,1,0.12566867914814892
ANCASH,OCROS,SAN CRISTOBAL DE RAJAN,928.621701,7065.653411,1,0.13142757604757355
ANCASH,OCROS,SAN PEDRO,1050.818744,53492.551809,1,0.01964420668791505
ANCASH,OCROS,SANTIAGO DE CHILCAS,930.913535,8878.217923,1,0.10485364777861175
ANCASH,PALLASCA,BOLOGNESI,2208.537105,8196.899458,2,0.26943567092853804
ANCASH,PALLASCA,CABANA,2668.758256,14493.897428,2,0.18412978767494007
ANCASH,PALLASCA,CONCHUCOS,6265.785099000001,58031.084237999996,4,0.10797291109196665
ANCASH,PALLASCA,HUACASCHUQUE,624.979611,1358.60057,1,0.4600171859194789
ANCASH,PALLASCA,HUANDOVAL,2748.26251,11572.395584999998,2,0.2374843211860356
ANCASH,PALLASCA,LACABAMBA,1438.078273,6363.495973,1,0.2259887142384776
ANCASH,PALLASCA,LLAPO,944.445621,2928.150693,1,0.3225399646465531
ANCASH,PALLASCA,PALLASCA,3581.517041,11055.792265,3,0.3239493792171031
ANCASH,PALLASCA,PAMPAS,3296.3137989999996,44060.975113,3,0.07481254762397295
ANCASH,PALLASCA,SANTA ROSA,1378.520803,29051.887209,2,0.04745030135505094
ANCASH,PALLASCA,TAUCA,3848.6721939999998,19914.118312,3,0.19326349947819874
ANCASH,POMABAMBA,HUAYLLAN,2824.465336,8885.541511,3,0.3178720545622805
ANCASH,POMABAMBA,PAROBAMBA,8617.37059,33913.814148,3,0.25409617899047765
ANCASH,POMABAMBA,POMABAMBA,8118.766227,34444.128712,5,0.23570827687017384
ANCASH,POMABAMBA,QUINUABAMBA,3502.4230820000002,14977.142769,2,0.23385121822096722
ANCASH,RECUAY,CATAC,2705.725095,102535.524542,1,0.02638817236353725
ANCASH,RECUAY,COTAPARACO,880.887539,17522.939459,1,0.05027053486437546
ANCASH,RECUAY,HUAYLLAPAMPA,1353.661982,11110.83946,1,0.12183255701545347
ANCASH,RECUAY,LLACLLIN,858.62481,9602.813281,1,0.08941388162767507
ANCASH,RECUAY,MARCA,1856.311715,18272.423025,1,0.10159088985955654
ANCASH,RECUAY,PAMPAS CHICO,1126.679613,10481.730180999999,2,0.10748985077313927
ANCASH,RECUAY,PARARIN,860.567806,25930.974694,1,0.03318686690936925
ANCASH,RECUAY,RECUAY,4012.514971,14948.609712,1,0.2684206122378694
ANCASH,RECUAY,TAPACOCHA,700.46214,7831.202421,1,0.08944503057686956
ANCASH,RECUAY,TICAPAMPA,1709.991251,14624.364531,1,0.11692755930524336
ANCASH,SANTA,CACERES DEL PERU,5569.5398860000005,52909.690043999995,2,0.10526502577067338
ANCASH,SANTA,CHIMBOTE,23962.518172,144740.284065,6,0.16555527942199494
ANCASH,SANTA,COISHCO,0.187417,808.95593,1,0.00023167763910204604
ANCASH,SANTA,MACATE,4637.937622,58788.998095,1,0.07889125129340241
ANCASH,SANTA,MORO,4184.7314160000005,35752.186265,7,0.11704826622299991
ANCASH,SANTA,NEPEÑA,10052.962676,45750.526725,1,0.2197343592660025
ANCASH,SANTA,NUEVO CHIMBOTE,7549.648014,40051.026194,1,0.1885007384687438
ANCASH,SANTA,SAMANCO,3970.932448,14939.761874,2,0.2657962343369543
ANCASH,SANTA,SANTA,2492.39412,4080.874245,2,0.6107500428501932
ANCASH,SIHUAS,ACOBAMBA,2880.479113,15052.704223,1,0.19135957701199824
ANCASH,SIHUAS,ALFONSO UGARTE,1242.622408,8920.273979,1,0.13930316612756138
ANCASH,SIHUAS,CASHAPAMPA,2811.080496,6967.764209999999,3,0.40344081850037233
ANCASH,SIHUAS,CHINGALPO,1790.313289,17367.214965,1,0.10308580233549265
ANCASH,SIHUAS,HUAYLLABAMBA,6193.804722999999,27691.759745,3,0.2236695962999732
ANCASH,SIHUAS,QUICHES,3029.795084,14843.765848,1,0.2041122930006488
ANCASH,SIHUAS,RAGASH,3770.418887,20906.210703,2,0.18034922447514373
ANCASH,SIHUAS,SAN JUAN,7935.688801,21157.879815,2,0.3750701332263901
ANCASH,SIHUAS,SICSIBAMBA,2534.28749,8254.424375,1,0.30702171040242887
ANCASH,SIHUAS,SIHUAS,2027.2232490000001,4607.402047,2,0.4399926961702807
ANCASH,YUNGAY,CASCAPARA,2469.889071,13714.775287,2,0.18008964925157508
ANCASH,YUNGAY,MANCOS,4121.44935,6299.651308,2,0.6542345200544868
ANCASH,YUNGAY,MATACOTO,2011.140539,4708.916993,1,0.4270919495904565
ANCASH,YUNGAY,QUILLO,7529.540891000001,37141.36427,2,0.2027265567377609
ANCASH,YUNGAY,RANRAHIRCA,1804.573084,2171.518049,1,0.8310191503271269
ANCASH,YUNGAY,SHUPLUY,2172.3592280000003,16676.88833,2,0.1302616642273817
ANCASH,YUNGAY,YANAMA,7384.547714,28412.662908,3,0.25990340074462975
ANCASH,YUNGAY,YUNGAY,7657.720581,27358.50563,3,0.27990273608376176
APURIMAC,ABANCAY,ABANCAY,7983.7059,28669.786632,7,0.27847106092826396
APURIMAC,ABANCAY,CHACOCHE,1099.254038,17691.296242,3,0.06213530218268107
APURIMAC,ABANCAY,CIRCA,2437.601191,63455.996935999996,5,0.03841403978663355
APURIMAC,ABANCAY,CURAHUASI,14006.481373999999,86044.085289,10,0.162782616921963
APURIMAC,ABANCAY,HUANIPACA,6586.848439376,42725.561633,9,0.15416645651039276
APURIMAC,ABANCAY,LAMBRAMA,3838.928024,52591.780061,5,0.07299482960164716
APURIMAC,ABANCAY,PICHIRHUA,6430.287437999999,37388.922138,9,0.17198376070500884
APURIMAC,ABANCAY,SAN PEDRO DE CACHORA,4772.031179,11800.323117,4,0.404398348391429
APURIMAC,ABANCAY,TAMBURCO,1471.611766,5459.5842920000005,2,0.2695464869287524
APURIMAC,ANDAHUAYLAS,ANDAHUAYLAS,10757.927084,19715.421643,8,0.5456605128107733
APURIMAC,ANDAHUAYLAS,ANDARAPA,9640.967273,18613.748418,11,0.5179487256675782
APURIMAC,ANDAHUAYLAS,CHIARA,1021.3793039999999,14669.409835,4,0.06962647546754562
APURIMAC,ANDAHUAYLAS,HUANCARAMA,6986.7891,15634.848344,10,0.44687284112232767
APURIMAC,ANDAHUAYLAS,HUANCARAY,6112.5876149999995,11111.867117,7,0.5500954565635848
APURIMAC,ANDAHUAYLAS,HUAYANA,1654.395324,9530.091216,3,0.17359700830800526
APURIMAC,ANDAHUAYLAS,JOSE MARIA ARGUEDAS,4842.592658,17522.475323,4,0.276364644191772
APURIMAC,ANDAHUAYLAS,KAQUIABAMBA,4434.892347999999,11209.620876,6,0.3956326799147314
APURIMAC,ANDAHUAYLAS,KISHUARA,9862.008056,30910.100551,11,0.31905454463754396
APURIMAC,ANDAHUAYLAS,PACOBAMBA,6506.121223,25944.501321,13,0.25077071794530176
APURIMAC,ANDAHUAYLAS,PACUCHA,10302.801501,17016.432954,8,0.6054618808096413
APURIMAC,ANDAHUAYLAS,PAMPACHIRI,2537.3629969999997,59057.952229,5,0.042963951529529074
APURIMAC,ANDAHUAYLAS,POMACOCHA,1341.193797,12284.23128,3,0.10918011607153655
APURIMAC,ANDAHUAYLAS,SAN ANTONIO DE CACHI,3880.258272,17851.114074,7,0.21736784919500143
APURIMAC,ANDAHUAYLAS,SAN JERONIMO,10548.441526,24872.335326999997,10,0.4241033818223418
APURIMAC,ANDAHUAYLAS,SAN MIGUEL DE CHACCRAMPA,1721.5141039999999,8490.871002,4,0.2027488232472855
APURIMAC,ANDAHUAYLAS,SANTA MARIA DE CHICMO,9548.725119,15606.175835,10,0.6118555384711901
APURIMAC,ANDAHUAYLAS,TALAVERA,10719.237111,15800.64647,12,0.6784049710467321
APURIMAC,ANDAHUAYLAS,TUMAY HUARACA,2809.500862,45337.065999,5,0.06196918128892525
APURIMAC,ANDAHUAYLAS,TURPO,6801.343962,12374.501711,8,0.5496256835904848
APURIMAC,ANTABAMBA,ANTABAMBA,2030.018596,60291.694864000005,4,0.03366995405551484
APURIMAC,ANTABAMBA,EL ORO,463.624241,6662.453872,2,0.06958760989677588
APURIMAC,ANTABAMBA,HUAQUIRCA,1535.937184,35095.868277,2,0.043764045724053874
APURIMAC,ANTABAMBA,JUAN ESPINOZA MEDRANO,1871.365053,63264.828433,4,0.02957986450531279
APURIMAC,ANTABAMBA,OROPESA,1141.068891,117173.478875,3,0.009738286359298812
APURIMAC,ANTABAMBA,PACHACONAS,1448.057072,22931.810465,4,0.06314621665873778
APURIMAC,ANTABAMBA,SABAINO,1574.156369,17659.734592,2,0.08913816687330654
APURIMAC,AYMARAES,CAPAYA,900.385957,8328.696468,2,0.10810646785597325
APURIMAC,AYMARAES,CARAYBAMBA,1626.8681080000001,23032.720585,3,0.070632911209781
APURIMAC,AYMARAES,CHALHUANCA,3826.760931,33906.335115,4,0.11286271188026627
APURIMAC,AYMARAES,CHAPIMARCA,2921.626129,20410.454848,4,0.143143607075777
APURIMAC,AYMARAES,COLCABAMBA,900.026719,9179.751077,2,0.09804478481502946
APURIMAC,AYMARAES,COTARUSE,1935.930089,173537.549494,6,0.011155684142393252
APURIMAC,AYMARAES,IHUAYLLO,965.368926,7278.887081000001,2,0.13262589668685643
APURIMAC,AYMARAES,JUSTO APU SAHUARAURA,1056.852962,10100.83512,2,0.10463025576047616
APURIMAC,AYMARAES,LUCRE,2141.967643,10377.513927,3,0.20640469943644912
APURIMAC,AYMARAES,POCOHUANCA,1460.476771,8759.517485,6,0.16673027635380078
APURIMAC,AYMARAES,SAN JUAN DE CHACÑA,1317.96136,9622.305317,2,0.13696939730976113
APURIMAC,AYMARAES,SAÑAYCA,1621.8460890000001,36523.521957000004,2,0.04440552285481771
APURIMAC,AYMARAES,SORAYA,948.400391,4438.751853,2,0.2136637555800757
APURIMAC,AYMARAES,TAPAIRIHUA,1944.986579,15822.239696,3,0.12292738679036125
APURIMAC,AYMARAES,TINTAY,3692.04664,14243.033313,4,0.25921772131433335
APURIMAC,AYMARAES,TORAYA,2766.468204,16861.954873,3,0.164065686620344
APURIMAC,AYMARAES,YANACA,2707.6877849999996,10438.475824,3,0.2593949375994646
APURIMAC,CHINCHEROS,ANCO_HUALLO,3856.465831,9098.560287,7,0.4238545120715536
APURIMAC,CHINCHEROS,CHINCHEROS,5173.498661,13542.432176,7,0.38202138240489125
APURIMAC,CHINCHEROS,COCHARCAS,3864.928184,10815.579262,6,0.3573482372395192
APURIMAC,CHINCHEROS,EL PORVENIR,1697.462923,5987.031207,5,0.2835233130262185
APURIMAC,CHINCHEROS,HUACCANA,8231.790746,33530.12738,8,0.24550430878798532
APURIMAC,CHINCHEROS,LOS CHANKAS,1339.422057,14454.603339000001,5,0.0926640479566881
APURIMAC,CHINCHEROS,OCOBAMBA,7009.271654,21687.638811,8,0.32319201343600795
APURIMAC,CHINCHEROS,ONGOY,2862.6554189999997,11481.724001999999,3,0.24932278623849122
APURIMAC,CHINCHEROS,RANRACANCHA,3705.556778,9998.297937,6,0.37061875944775624
APURIMAC,CHINCHEROS,ROCCHACC,2166.798227,5509.882803,5,0.3932566815795483
APURIMAC,CHINCHEROS,URANMARCA,4789.419608,14682.358329,8,0.3262023375727135
APURIMAC,COTABAMBAS,CHALLHUAHUACHO,3054.016747,45408.470740000004,4,0.06725654260604153
APURIMAC,COTABAMBAS,COTABAMBAS,3831.721756,32736.570082,2,0.11704713555519515
APURIMAC,COTABAMBAS,COYLLURQUI,6249.940697,41946.786195,3,0.1489968902014473
APURIMAC,COTABAMBAS,HAQUIRA,8235.425747,48474.75838,5,0.16989101178063468
APURIMAC,COTABAMBAS,MARA,4785.556445,22227.840269,4,0.2152956106884646
APURIMAC,COTABAMBAS,TAMBOBAMBA,12513.381471,71513.050864,8,0.17498038917116449
APURIMAC,GRAU,CHUQUIBAMBILLA,4374.3620142790005,42567.608119,4,0.10276269228118809
APURIMAC,GRAU,CURASCO,2852.395744,13653.380486999999,4,0.20891498238959172
APURIMAC,GRAU,CURPAHUASI,3571.869366,31040.005654,4,0.11507309005724062
APURIMAC,GRAU,GAMARRA,5176.2250650000005,34994.261902,7,0.14791639496486045
APURIMAC,GRAU,HUAYLLATI,2774.664953,12426.021700000001,6,0.22329471330313222
APURIMAC,GRAU,MAMARA,1022.706882,6272.476237,2,0.16304675272698047
APURIMAC,GRAU,MICAELA BASTIDAS,1341.587861,10487.136299,3,0.12792699768076124
APURIMAC,GRAU,PATAYPAMPA,877.336465,14650.701260000002,3,0.05988358164092412
APURIMAC,GRAU,PROGRESO,924.7420669999999,24067.936203,6,0.038422158809143486
APURIMAC,GRAU,SAN ANTONIO,474.48503900000003,2537.486092,2,0.18699020282157275
APURIMAC,GRAU,SANTA ROSA,883.1025010000001,3106.637021,2,0.2842631743040701
APURIMAC,GRAU,TURPAY,728.465518,5101.117361,2,0.14280508885551202
APURIMAC,GRAU,VILCABAMBA,261.617097,658.4036639999999,2,0.3973506092153218
APURIMAC,GRAU,VIRUNDO,644.240153,11433.320908,2,0.05634759648434421
AREQUIPA,AREQUIPA,ALTO SELVA ALEGRE,128.800346,6768.80239,1,0.019028528028870405
AREQUIPA,AREQUIPA,AREQUIPA,80.736442,1142.528773,1,0.07066469038500092
AREQUIPA,AREQUIPA,CAYMA,453.03263599999997,23304.250614,2,0.0194399143531284
AREQUIPA,AREQUIPA,CERRO COLORADO,2413.901035,17512.853644,3,0.13783596232056766
AREQUIPA,AREQUIPA,CHARACATO,766.233516,8618.022487,1,0.08891059603938581
AREQUIPA,AREQUIPA,CHIGUATA,1672.8362470000002,23058.57114,2,0.07254726395852472
AREQUIPA,AREQUIPA,JACOBO HUNTER,743.522001,2060.466345,2,0.3608513202869131
AREQUIPA,AREQUIPA,JOSE LUIS BUSTAMANTE Y RIVERO,291.220499,1117.231283,1,0.2606626787409783
AREQUIPA,AREQUIPA,LA JOYA,7361.745209999999,69652.81318299999,7,0.10569200113509218
AREQUIPA,AREQUIPA,MARIANO MELGAR,0.0,2898.258884,1,0.0
AREQUIPA,AREQUIPA,MIRAFLORES,0.0,2615.228965,1,0.0
AREQUIPA,AREQUIPA,MOLLEBAYA,388.208599,3127.366042,1,0.12413276661139878
AREQUIPA,AREQUIPA,PAUCARPATA,227.036308,2843.824814,1,0.07983484315992749
AREQUIPA,AREQUIPA,POCSI,832.727667,16979.444552,2,0.04904328080048492
AREQUIPA,AREQUIPA,POLOBAYA,1608.372919,39826.037869,2,0.04038495931456776
AREQUIPA,AREQUIPA,QUEQUEÑA,340.87908,3489.669979,1,0.0976823258506761
AREQUIPA,AREQUIPA,SABANDIA,537.59414,3583.84151,1,0.1500049984074212
AREQUIPA,AREQUIPA,SACHACA,1002.2403429999999,1429.206138,3,0.7012566741439505
AREQUIPA,AREQUIPA,SAN JUAN DE SIGUAS,338.601827,3615.756891,1,0.0936461817559736
AREQUIPA,AREQUIPA,SAN JUAN DE TARUCANI,20.387815,238420.184248,1,8.551211829780734e-05
AREQUIPA,AREQUIPA,SANTA ISABEL DE SIGUAS,779.787003,18332.830487,3,0.04253500317656649
AREQUIPA,AREQUIPA,SANTA RITA DE SIGUAS,3234.837328,42541.979397999996,2,0.07603871220322385
AREQUIPA,AREQUIPA,SOCABAYA,895.505209,2555.323283,2,0.3504469336453817
AREQUIPA,AREQUIPA,TIABAYA,1228.661249,3719.4647019999998,2,0.33033281599347736
AREQUIPA,AREQUIPA,UCHUMAYO,1922.46789,27083.015296999998,2,0.07098426334430173
AREQUIPA,AREQUIPA,VITOR,11764.056547,153438.170496,6,0.07666968726863618
AREQUIPA,AREQUIPA,YANAHUARA,126.621347,367.103278,1,0.34492022977795367
AREQUIPA,AREQUIPA,YARABAMBA,497.216238,48610.676044,1,0.01022853986951229
AREQUIPA,AREQUIPA,YURA,1367.4216780000002,192063.099557,2,0.007119648080000813
AREQUIPA,CAMANA,CAMANA,867.597643784,1113.782596,2,0.7789649855365489
AREQUIPA,CAMANA,JOSE MARIA QUIMPER,838.168928,1605.702028,1,0.5219953100787889
AREQUIPA,CAMANA,MARIANO NICOLAS VALCARCEL,1086.373622,55511.239452,1,0.019570336254865577
AREQUIPA,CAMANA,MARISCAL CACERES,3387.7456389999998,59345.50152,7,0.057085129491378506
AREQUIPA,CAMANA,NICOLAS DE PIEROLA,1828.548855,39098.395682999995,3,0.046767874309355716
AREQUIPA,CAMANA,OCOÑA,2089.5114439999998,142144.134861,3,0.014699948373130503
AREQUIPA,CAMANA,QUILCA,456.576246,89761.03252400001,2,0.005086575244975287
AREQUIPA,CAMANA,SAMUEL PASTOR,962.15487266,11312.608742,3,0.08505154687157482
AREQUIPA,CARAVELI,ACARI,2688.973619,115668.627198,4,0.023247216502336895
AREQUIPA,CARAVELI,ATICO,144.718517,309345.592752,1,0.000467821492824757
AREQUIPA,CARAVELI,ATIQUIPA,101.540599,42306.347861,1,0.0024001267926415585
AREQUIPA,CARAVELI,BELLA UNION,4704.533521,119399.142982,2,0.03940173608875259
AREQUIPA,CARAVELI,CAHUACHO,2224.3871209999998,138470.175512,2,0.016064016043709224
AREQUIPA,CARAVELI,CARAVELI,837.337834,75407.69316,1,0.01110414334281964
AREQUIPA,CARAVELI,CHALA,129.859191,34081.028267,1,0.0038103073059488684
AREQUIPA,CARAVELI,CHAPARRA,895.1277190000001,150151.528915,2,0.00596149586666365
AREQUIPA,CARAVELI,HUANUHUANU,292.31178,70517.987793,1,0.004145208749547112
AREQUIPA,CARAVELI,JAQUI,1035.462739,42275.905811000004,2,0.024492975824791843
AREQUIPA,CARAVELI,LOMAS,0.0,44634.395971,1,0.0
AREQUIPA,CARAVELI,QUICACHA,1313.348087,103595.549132,2,0.012677649744648299
AREQUIPA,CARAVELI,YAUCA,1042.300461,54293.83636,1,0.01919739938966435
AREQUIPA,CASTILLA,ANDAGUA,1933.703159,47222.161803,1,0.04094906046586695
AREQUIPA,CASTILLA,APLAO,4211.9453379999995,61833.143744,3,0.06811792321991889
AREQUIPA,CASTILLA,AYO,462.110929,28565.340277,1,0.0161773297471299
AREQUIPA,CASTILLA,CHACHAS,531.119784,119760.345656,1,0.004434855135819248
AREQUIPA,CASTILLA,CHILCAYMARCA,758.045803,18254.42803,1,0.041526680636292716
AREQUIPA,CASTILLA,CHOCO,384.80467699999997,90453.941469,3,0.0042541504632153445
AREQUIPA,CASTILLA,HUANCARQUI,1002.399899,79808.198122,2,0.012560111900630389
AREQUIPA,CASTILLA,MACHAGUAY,1566.412118,24723.611484,1,0.06335692983258982
AREQUIPA,CASTILLA,ORCOPAMPA,1776.938942,72962.077589,1,0.024354281028147386
AREQUIPA,CASTILLA,PAMPACOLCA,2715.282944,26605.175629,2,0.1020584483960446
AREQUIPA,CASTILLA,TIPAN,637.682066,5553.671734,1,0.11482170652904491
AREQUIPA,CASTILLA,URACA,3970.9753570000003,69383.975756,3,0.05723187974936142
AREQUIPA,CASTILLA,UÑON,456.402928,34064.089956,1,0.013398359638831618
AREQUIPA,CASTILLA,VIRACO,1828.6016800000002,13721.264444,2,0.1332677237920013
AREQUIPA,CAYLLOMA,ACHOMA,1539.18969,36581.767749,2,0.042075322892018395
AREQUIPA,CAYLLOMA,CABANACONDE,3153.0577439999997,46221.985239,3,0.06821554132079108
AREQUIPA,CAYLLOMA,CALLALLI,363.391894,153891.094131,1,0.002361357530479718
AREQUIPA,CAYLLOMA,CAYLLOMA,3.262603,150725.560186,1,2.1645983574211617e-05
AREQUIPA,CAYLLOMA,CHIVAY,1098.57161,24273.897179,2,0.045257323201912704
AREQUIPA,CAYLLOMA,COPORAQUE,1425.084551,11417.689964000001,2,0.12481373688489478
AREQUIPA,CAYLLOMA,HUAMBO,1869.8791999999999,71636.647202,2,0.026102271295965894
AREQUIPA,CAYLLOMA,HUANCA,2198.036843,37244.930365,2,0.05901573238181029
AREQUIPA,CAYLLOMA,ICHUPAMPA,998.230462,7447.017829,3,0.13404432283117607
AREQUIPA,CAYLLOMA,LARI,1190.3581040000001,38955.958221,3,0.03055650941114095
AREQUIPA,CAYLLOMA,LLUTA,4231.176501,122875.17651800001,2,0.034434754202612876
AREQUIPA,CAYLLOMA,MACA,1425.9274070000001,23711.269447,2,0.06013711792982099
AREQUIPA,CAYLLOMA,MADRIGAL,727.043106,15947.382023,1,0.045590122877311595
AREQUIPA,CAYLLOMA,MAJES,18405.437342,164797.663597,7,0.11168506239875513
AREQUIPA,CAYLLOMA,SAN ANTONIO DE CHUCA,0.0,154089.129698,1,0.0
AREQUIPA,CAYLLOMA,SIBAYO,261.697756,28397.4661,1,0.009215531944943497
AREQUIPA,CAYLLOMA,TAPAY,329.677466,41429.477907,2,0.00795755782247734
AREQUIPA,CAYLLOMA,TISCO,12.04172,144199.44403,1,8.350739547577435e-05
AREQUIPA,CAYLLOMA,TUTI,981.254662,23966.111352,1,0.040943424137020595
AREQUIPA,CAYLLOMA,YANQUE,1048.472136,111286.025821,1,0.009421417723070044
AREQUIPA,CONDESUYOS,ANDARAY,1082.906698,81069.855105,1,0.013357698698208374
AREQUIPA,CONDESUYOS,CAYARANI,1772.704552,139476.945195,1,0.012709660005254747
AREQUIPA,CONDESUYOS,CHICHAS,999.0748880000001,39086.212961,2,0.025560800402865107
AREQUIPA,CONDESUYOS,CHUQUIBAMBA,1821.7118259999997,118652.86863099999,2,0.015353289364333564
AREQUIPA,CONDESUYOS,IRAY,868.703246,23864.033003,1,0.0364021976457539
AREQUIPA,CONDESUYOS,RIO GRANDE,861.808264,53337.587584,1,0.016157616102204852
AREQUIPA,CONDESUYOS,SALAMANCA,1041.7444679999999,124165.408077,2,0.008389973376111097
AREQUIPA,CONDESUYOS,YANAQUIHUA,1532.1556420000002,105635.329994,3,0.014504197053078979
AREQUIPA,ISLAY,COCACHACRA,3548.037223,155074.712909,7,0.02287953436407158
AREQUIPA,ISLAY,DEAN VALDIVIA,4251.260595,13450.712864,8,0.31606210302639315
AREQUIPA,ISLAY,ISLAY,0.274377,36469.658183,1,7.523432180888888e-06
AREQUIPA,ISLAY,MEJIA,935.5793080000001,10282.683067,3,0.09098591310302417
AREQUIPA,ISLAY,MOLLENDO,3192.43702,93314.733694,2,0.034211500088171705
AREQUIPA,ISLAY,PUNTA DE BOMBON,2990.299637,75723.45813799999,3,0.03948973951441067
AREQUIPA,LA UNION,ALCA,1316.6706060000001,19159.710134,2,0.0687207998863977
AREQUIPA,LA UNION,CHARCANA,959.5179009999999,16228.121209,2,0.059126863094161396
AREQUIPA,LA UNION,COTAHUASI,1394.728118,16678.596543,2,0.08362382976314436
AREQUIPA,LA UNION,HUAYNACOTAS,1509.330495,93574.70928899999,2,0.016129684040358826
AREQUIPA,LA UNION,PAMPAMARCA,947.841094,78794.80849699999,2,0.012029232789316162
AREQUIPA,LA UNION,PUYCA,1417.86711,150481.745362,1,0.009422186768163596
AREQUIPA,LA UNION,QUECHUALLA,645.787245,13536.785715,1,0.047706099409138794
AREQUIPA,LA UNION,SAYLA,687.759624,7058.423372,1,0.09743813706730427
AREQUIPA,LA UNION,TAURIA,531.236185,31783.732984,1,0.01671409035771303
AREQUIPA,LA UNION,TOMEPAMPA,617.000644,9655.81872,2,0.06389936077838876
AREQUIPA,LA UNION,TORO,1314.584448,52613.822542,2,0.024985533924105355
AYACUCHO,CANGALLO,CANGALLO,8837.404529,18418.607648999998,6,0.4798085011317242
AYACUCHO,CANGALLO,CHUSCHI,6623.838068,41162.708571,8,0.16091842101631362
AYACUCHO,CANGALLO,LOS MOROCHUCOS,17722.845,24933.614892999998,10,0.7108012647205685
AYACUCHO,CANGALLO,MARIA PARADO DE BELLIDO,5029.983798,13168.338021,4,0.38197559858947366
AYACUCHO,CANGALLO,PARAS,4107.484143,77700.065391,4,0.052863329294903914
AYACUCHO,CANGALLO,TOTOS,3365.061055,11518.626859,4,0.2921408164525039
AYACUCHO,HUAMANGA,ACOCRO,14367.172665,42995.959939,13,0.33415168972580805
AYACUCHO,HUAMANGA,ACOS VINCHOS,5519.301206,15441.667066,4,0.35742910285590795
AYACUCHO,HUAMANGA,ANDRES AVELINO CACERES DORREGARAY,258.138279,913.757382,1,0.2825019902274234
AYACUCHO,HUAMANGA,AYACUCHO,2003.527983,8183.641201,4,0.24482109293295737
AYACUCHO,HUAMANGA,CARMEN ALTO,1200.030474,1725.543393,3,0.6954507657519106
AYACUCHO,HUAMANGA,CHIARA,17937.505476,45453.398955,12,0.39463507434853395
AYACUCHO,HUAMANGA,JESUS NAZARENO,163.270847,1587.444436,1,0.10285137753319135
AYACUCHO,HUAMANGA,OCROS,7674.580932,30072.527152,10,0.25520239430524866
AYACUCHO,HUAMANGA,PACAYCASA,1979.1601369999998,5273.127253000001,4,0.37532948515020403
AYACUCHO,HUAMANGA,QUINUA,4079.672379,11482.365956,3,0.35529893356762476
AYACUCHO,HUAMANGA,SAN JOSE DE TICLLAS,2564.4146690000002,8105.119235,2,0.316394440926445
AYACUCHO,HUAMANGA,SAN JUAN BAUTISTA,252.085246,1495.616762,1,0.16854935863576528
AYACUCHO,HUAMANGA,SANTIAGO DE PISCHA,2055.530093,8969.221416,2,0.22917597834447304
AYACUCHO,HUAMANGA,SOCOS,8602.520028,16969.176259,11,0.5069497715563802
AYACUCHO,HUAMANGA,TAMBILLO,6043.261198,15088.404326,8,0.4005235455936443
AYACUCHO,HUAMANGA,VINCHOS,20330.655493,91445.21925,12,0.22232606209208688
AYACUCHO,HUANCA SANCOS,CARAPO,3554.047733,19653.396883999998,3,0.1808363080426764
AYACUCHO,HUANCA SANCOS,SACSAMARCA,1490.645316,63906.80808,2,0.023325297582285385
AYACUCHO,HUANCA SANCOS,SANCOS,1874.065933,135605.184944,1,0.013820016791938457
AYACUCHO,HUANCA SANCOS,SANTIAGO DE LUCANAMARCA,2016.795964,64542.526545,3,0.031247552148332153
AYACUCHO,HUANTA,AYAHUANCO,1530.788183,37000.819755000004,2,0.04137173698139866
AYACUCHO,HUANTA,CANAYRE,3225.0105540000004,26902.732606999998,3,0.11987669063628369
AYACUCHO,HUANTA,CHACA,2301.843095,10587.997006000001,2,0.21740118491680652
AYACUCHO,HUANTA,HUAMANGUILLA,4262.823356,9381.356389999999,5,0.4543930726844501
AYACUCHO,HUANTA,HUANTA,7073.74423,16460.566330999998,4,0.429738812611696
AYACUCHO,HUANTA,IGUAIN,3339.936103,6050.138465,3,0.5520429197317552
AYACUCHO,HUANTA,LLOCHEGUA,9355.727204,51568.086171,5,0.18142475121097898
AYACUCHO,HUANTA,LURICOCHA,4762.135367,14180.247541,4,0.3358287895349513
AYACUCHO,HUANTA,PUCACOLPA,1757.719929,71582.127749,3,0.024555290325587665
AYACUCHO,HUANTA,SANTILLANA,4443.951978,28599.971262,3,0.15538309242654932
AYACUCHO,HUANTA,SIVIA,11257.272137,89628.097365,6,0.12559981153182434
AYACUCHO,HUANTA,UCHURACCAY,3805.9223549999997,25546.662921,3,0.1489792372009354
AYACUCHO,LA MAR,ANCHIHUAY,4959.288696,26686.808952,3,0.18583295983120282
AYACUCHO,LA MAR,ANCO,11015.473502,78752.905617,7,0.13987386770936036
AYACUCHO,LA MAR,AYNA,6461.82807,28514.703789000003,5,0.22661389428470063
AYACUCHO,LA MAR,CHILCAS,2569.434577,15418.435977000001,3,0.16664690120534137
AYACUCHO,LA MAR,CHUNGUI,3054.807675,51845.838343999996,5,0.058920981366550246
AYACUCHO,LA MAR,LUIS CARRANZA,1787.526057,13375.820969,3,0.13363860514751183
AYACUCHO,LA MAR,ORONCCOY,1291.4421069999999,55371.080479,2,0.023323404488915317
AYACUCHO,LA MAR,SAMUGARI,10335.788338,38004.590367000004,5,0.2719615772250168
AYACUCHO,LA MAR,SAN MIGUEL,12890.610384,45086.753375,6,0.28590682227183095
AYACUCHO,LA MAR,SANTA ROSA,12787.071419,38882.216931,11,0.32886682983359233
AYACUCHO,LA MAR,TAMBO,9938.463003,30900.97565,5,0.32162295183064876
AYACUCHO,LUCANAS,AUCARA,5178.9654709999995,87188.571593,2,0.059399590753426185
AYACUCHO,LUCANAS,CABANA,2219.453239,40504.058178,2,0.05479582389612279
AYACUCHO,LUCANAS,CARMEN SALCEDO,2500.071915,46388.36218,2,0.05389437776007293
AYACUCHO,LUCANAS,CHAVIÑA,2446.8156529999997,36677.695183,3,0.06671127072712277
AYACUCHO,LUCANAS,CHIPAO,2797.144614,115576.769063,2,0.024201616264902664
AYACUCHO,LUCANAS,HUAC-HUAS,3594.2503779999997,31235.634210999997,3,0.11506890987775245
AYACUCHO,LUCANAS,LARAMATE,2049.84332,77936.103884,3,0.026301588324853707
AYACUCHO,LUCANAS,LEONCIO PRADO,1605.778741,110982.08736800001,3,0.014468810049278294
AYACUCHO,LUCANAS,LLAUTA,1506.404158,49315.38822,3,0.030546330716891192
AYACUCHO,LUCANAS,LUCANAS,2922.023946,121085.118839,3,0.02413198231142878
AYACUCHO,LUCANAS,OCAÑA,3903.0709500000003,85840.842605,3,0.04546869335801064
AYACUCHO,LUCANAS,OTOCA,1655.321435,71602.62877,3,0.023118165679603443
AYACUCHO,LUCANAS,PUQUIO,7008.924222,86324.44311000001,3,0.08119281132307786
AYACUCHO,LUCANAS,SAISA,437.30224999999996,57526.093865,2,0.007601806773570335
AYACUCHO,LUCANAS,SAN CRISTOBAL,2155.174663,40719.497223,2,0.05292733972615632
AYACUCHO,LUCANAS,SAN JUAN,1315.758115,4682.6252,2,0.28098727931503037
AYACUCHO,LUCANAS,SAN PEDRO,4278.0809580000005,72704.397017,3,0.058842121433173904
AYACUCHO,LUCANAS,SAN PEDRO DE PALCO,1191.18768,52008.97112,2,0.022903504036862785
AYACUCHO,LUCANAS,SANCOS,5963.303613,150319.96554,3,0.03967073563101084
AYACUCHO,LUCANAS,SANTA ANA DE HUAYCAHUACHO,1558.377744,4548.098073,1,0.3426438302312308
AYACUCHO,LUCANAS,SANTA LUCIA,695.175567,103326.884716,2,0.006727925349832532
AYACUCHO,PARINACOCHAS,CHUMPI,6037.374789,37209.613832999996,4,0.16225308911014952
AYACUCHO,PARINACOCHAS,CORACORA,8298.600414999999,138796.333805,4,0.059789766685473145
AYACUCHO,PARINACOCHAS,CORONEL CASTAÑEDA,2040.341752,108082.182573,1,0.01887768828707663
AYACUCHO,PARINACOCHAS,PACAPAUSA,1134.600128,14703.167576,1,0.07716705411506085
AYACUCHO,PARINACOCHAS,PULLO,5671.208391,156249.400111,6,0.036295873052767935
AYACUCHO,PARINACOCHAS,PUYUSCA,8842.269038,64312.485942,3,0.13748915017799765
AYACUCHO,PARINACOCHAS,SAN FRANCISCO DE RAVACAYCO,743.202744,10299.147448,1,0.07216157917462607
AYACUCHO,PARINACOCHAS,UPAHUACHO,4382.87229,57654.66204,1,0.0760193908856707
AYACUCHO,PAUCAR DEL SARA SARA,COLTA,1571.449334,24812.749463,2,0.06333233390129926
AYACUCHO,PAUCAR DEL SARA SARA,CORCULLA,1470.841227,10087.335865000001,2,0.14581067257841324
AYACUCHO,PAUCAR DEL SARA SARA,LAMPA,2298.791026,28097.648604,3,0.08181435601243665
AYACUCHO,PAUCAR DEL SARA SARA,MARCABAMBA,821.496489,12035.170872,2,0.06825798301802458
AYACUCHO,PAUCAR DEL SARA SARA,OYOLO,1826.508053,79386.874496,1,0.02300768312892871
AYACUCHO,PAUCAR DEL SARA SARA,PARARCA,1050.2665630000001,5665.570199,2,0.18537702757356658
AYACUCHO,PAUCAR DEL SARA SARA,PAUSA,1890.0839700000001,25141.80986,3,0.0751769256280582
AYACUCHO,PAUCAR DEL SARA SARA,SAN JAVIER DE ALPABAMBA,1292.343548,11750.487249999998,2,0.10998212418808422
AYACUCHO,PAUCAR DEL SARA SARA,SAN JOSE DE USHUA,464.129128,2841.822445,1,0.16332094526757107
AYACUCHO,PAUCAR DEL SARA SARA,SARA SARA,1127.157355,8502.001984,1,0.1325755224617929
AYACUCHO,SUCRE,BELEN,1008.276475,3633.884059,1,0.277465229663234
AYACUCHO,SUCRE,CHALCOS,1655.749283,5487.2514169999995,2,0.3017447456244377
AYACUCHO,SUCRE,CHILCAYOC,1080.366383,2975.448904,2,0.363093576081117
AYACUCHO,SUCRE,HUACAÑA,1308.041334,14399.975659,2,0.09083635729498424
AYACUCHO,SUCRE,MORCOLLA,2237.332688,28882.589245000003,3,0.07746302345061791
AYACUCHO,SUCRE,PAICO,890.523178,7930.2151109999995,2,0.11229495865310836
AYACUCHO,SUCRE,QUEROBAMBA,2565.091496,28201.291528,4,0.09095652564185641
AYACUCHO,SUCRE,SAN PEDRO DE LARCAY,1404.1715960000001,31420.046756,2,0.04469030892615901
AYACUCHO,SUCRE,SAN SALVADOR DE QUIJE,1085.71604,14178.322882,2,0.07657577338560712
AYACUCHO,SUCRE,SANTIAGO DE PAUCARAY,1142.099997,6152.783037,2,0.18562331714476804
AYACUCHO,SUCRE,SORAS,1271.597728,35171.124141,1,0.03615459440256166
AYACUCHO,VICTOR FAJARDO,ALCAMENCA,2877.46355,11594.986124,3,0.24816446688487648
AYACUCHO,VICTOR FAJARDO,APONGO,1156.4018820000001,17572.931626999998,2,0.06580586020281567
AYACUCHO,VICTOR FAJARDO,ASQUIPATA,1433.986117,7132.74603,2,0.20104264345999712
AYACUCHO,VICTOR FAJARDO,CANARIA,2414.311447,26507.768172,4,0.09107939345682912
AYACUCHO,VICTOR FAJARDO,CAYARA,2108.5468419999997,6347.515622,3,0.33218458489364544
AYACUCHO,VICTOR FAJARDO,COLCA,2310.584369,6383.741899000001,3,0.36194827509582556
AYACUCHO,VICTOR FAJARDO,HUALLA,2097.9554749999998,15662.195091000001,2,0.13395028364865358
AYACUCHO,VICTOR FAJARDO,HUAMANQUIQUIA,1849.304989,7239.701821,4,0.25543938614098344
AYACUCHO,VICTOR FAJARDO,HUANCAPI,2320.125914,23923.844115,4,0.09697964519612069
AYACUCHO,VICTOR FAJARDO,HUANCARAYLLA,1587.7541580000002,16210.77641,3,0.09794436230830723
AYACUCHO,VICTOR FAJARDO,SARHUA,2091.599745,37866.142506,4,0.05523667335981161
AYACUCHO,VICTOR FAJARDO,VILCANCHOS,3668.601752,49963.185948,6,0.07342609728327087
AYACUCHO,VILCAS HUAMAN,ACCOMARCA,2307.0782369999997,8643.300821,2,0.2669209697520488
AYACUCHO,VILCAS HUAMAN,CARHUANCA,1323.933597,5426.415407,2,0.2439794040264857
AYACUCHO,VILCAS HUAMAN,CONCEPCION,4725.636337,21173.272413,3,0.22318875631612553
AYACUCHO,VILCAS HUAMAN,HUAMBALPA,4005.299052,16291.015804,3,0.2458593804209902
AYACUCHO,VILCAS HUAMAN,INDEPENDENCIA,2096.883587,8807.133418,3,0.23808922693442952
AYACUCHO,VILCAS HUAMAN,SAURAMA,1872.56986,8919.927745,2,0.20993105701440856
AYACUCHO,VILCAS HUAMAN,VILCAS HUAMAN,9985.403584,22019.871385,5,0.4534723845300062
AYACUCHO,VILCAS HUAMAN,VISCHONGO,6417.859848,26474.567061,4,0.24241604530161423
CAJAMARCA,CAJABAMBA,CACHACHI,31990.245786,81863.606933,2,0.39077493631794064
CAJAMARCA,CAJABAMBA,CAJABAMBA,11571.230982000001,19045.127325,2,0.6075691059734094
CAJAMARCA,CAJABAMBA,CONDEBAMBA,12657.120319,19730.086281,2,0.6415136831504259
CAJAMARCA,CAJABAMBA,SITACOCHA,11304.878088000001,58231.926807,2,0.19413539458290865
CAJAMARCA,CAJAMARCA,ASUNCION,10550.150076,21416.8633,4,0.4926094885239334
CAJAMARCA,CAJAMARCA,CAJAMARCA,15280.080292,37934.670306,4,0.40279987063926587
CAJAMARCA,CAJAMARCA,CHETILLA,3367.332816,7358.040119,3,0.4576399097505383
CAJAMARCA,CAJAMARCA,COSPAN,10124.038435999999,55311.444575,5,0.1830369558016556
CAJAMARCA,CAJAMARCA,ENCAÑADA,32212.327785,63424.058809,8,0.5078881482815005
CAJAMARCA,CAJAMARCA,JESUS,13917.394025999998,29555.340407000003,3,0.47089269940209344
CAJAMARCA,CAJAMARCA,LLACANORA,3274.84316,5082.321144,3,0.6443597457170055
CAJAMARCA,CAJAMARCA,LOS BAÑOS DEL INCA,18409.169015,28230.376877,5,0.6521049681769716
CAJAMARCA,CAJAMARCA,MAGDALENA,9891.986198,20716.337359999998,4,0.47749686762197047
CAJAMARCA,CAJAMARCA,MATARA,3730.362283,5763.610657,4,0.6472266266753139
CAJAMARCA,CAJAMARCA,NAMORA,8466.445838,15788.597238999999,3,0.5362380020111425
CAJAMARCA,CAJAMARCA,SAN JUAN,3753.099695,7242.338609,5,0.5182165454589559
CAJAMARCA,CELENDIN,CELENDIN,8246.291159,40378.750196,3,0.2042235363643547
CAJAMARCA,CELENDIN,CHUMUCH,3198.099149,20518.404862,2,0.15586490131710318
CAJAMARCA,CELENDIN,CORTEGANA,7194.222056,25201.885582,2,0.28546364249579587
CAJAMARCA,CELENDIN,HUASMIN,24055.582385,44601.432971999995,3,0.5393455048877394
CAJAMARCA,CELENDIN,JORGE CHAVEZ,588.42372,5191.76556,1,0.11333788346174861
CAJAMARCA,CELENDIN,JOSE GALVEZ,3128.238757,5044.8146,2,0.6200899349205024
CAJAMARCA,CELENDIN,LA LIBERTAD DE PALLAN,9503.384477,16972.415311999997,2,0.5599311766947411
CAJAMARCA,CELENDIN,MIGUEL IGLESIAS,9838.263299,26283.511904,2,0.3743131182367889
CAJAMARCA,CELENDIN,OXAMARCA,9198.359731,28201.828945,2,0.32616181556660384
CAJAMARCA,CELENDIN,SOROCHUCO,10802.509665,16686.136117000002,3,0.6473943152120337
CAJAMARCA,CELENDIN,SUCRE,11949.478591,26278.1627,2,0.45473036785026066
CAJAMARCA,CELENDIN,UTCO,1330.265076,9909.813628,2,0.13423714369777448
CAJAMARCA,CHOTA,ANGUIA,10039.93479,15270.773803,2,0.6574607756960958
CAJAMARCA,CHOTA,CHADIN,3387.080124,6486.2770120000005,3,0.5221917161005766
CAJAMARCA,CHOTA,CHALAMARCA,11472.635648,17758.89273,4,0.6460220140087529
CAJAMARCA,CHOTA,CHIGUIRIP,4518.044323,4816.957412,4,0.9379456649844261
CAJAMARCA,CHOTA,CHIMBAN,5165.600006000001,14550.674645,2,0.3550075946323931
CAJAMARCA,CHOTA,CHOROPAMPA,5641.510966,20759.777961,3,0.2717519896695585
CAJAMARCA,CHOTA,CHOTA,23962.828018,26645.275509,6,0.8993274627581184
CAJAMARCA,CHOTA,COCHABAMBA,8233.95765,11785.843665,5,0.6986311615902466
CAJAMARCA,CHOTA,CONCHAN,10334.432556,15301.549272,3,0.6753847190435005
CAJAMARCA,CHOTA,HUAMBOS,13619.067442,24548.366277,5,0.5547850837943564
CAJAMARCA,CHOTA,LAJAS,11017.333582000001,12105.579934,5,0.9101037407597858
CAJAMARCA,CHOTA,LLAMA,8393.661224,49073.895905,7,0.17104126479480905
CAJAMARCA,CHOTA,MIRACOSTA,10362.357412000001,42122.323215,5,0.24600631259364886
CAJAMARCA,CHOTA,PACCHA,7103.77337,9814.347535,3,0.723815143560636
CAJAMARCA,CHOTA,PION,3949.4018419999998,14132.02192,2,0.27946474073966054
CAJAMARCA,CHOTA,QUEROCOTO,15641.504539,29863.859946999997,5,0.5237603098447186
CAJAMARCA,CHOTA,SAN JUAN DE LICUPIS,3005.613084,20011.253494,4,0.15019614263050424
CAJAMARCA,CHOTA,TACABAMBA,13276.400037,19332.050503,6,0.686755915257915
CAJAMARCA,CHOTA,TOCMOCHE,1524.577158,21695.319081,4,0.07027217033812475
CAJAMARCA,CONTUMAZA,CHILETE,700.441514,13137.989908,1,0.053314207036609634
CAJAMARCA,CONTUMAZA,CONTUMAZA,9310.371954,35209.539073,5,0.264427544328166
CAJAMARCA,CONTUMAZA,CUPISNIQUE,1843.016805,29297.756110000002,2,0.06290641501964499
CAJAMARCA,CONTUMAZA,GUZMANGO,2028.4225780000002,5041.067421,2,0.40237957729944834
CAJAMARCA,CONTUMAZA,SAN BENITO,2327.194514,48670.353572,2,0.047815442938118125
CAJAMARCA,CONTUMAZA,SANTA CRUZ DE TOLED,2133.269644,6535.250103,2,0.32642509626689337
CAJAMARCA,CONTUMAZA,TANTARICA,1739.992189,14702.201064,2,0.11834909490256988
CAJAMARCA,CONTUMAZA,YONAN,1872.160073,54502.354279,4,0.03435007712540872
CAJAMARCA,CUTERVO,CALLAYUC,15805.293260999999,30811.501873,6,0.5129673109135299
CAJAMARCA,CUTERVO,CHOROS,4651.849953999999,25937.420929,2,0.17934897871048078
CAJAMARCA,CUTERVO,CUJILLO,2500.15385,9883.498145,2,0.2529624444018146
CAJAMARCA,CUTERVO,CUTERVO,32761.412036,43007.517501,22,0.7617601279878161
CAJAMARCA,CUTERVO,LA RAMADA,1793.541325,3458.585065,2,0.518576611907043
CAJAMARCA,CUTERVO,PIMPINGOS,10343.235133,16923.664264,2,0.6111699553743878
CAJAMARCA,CUTERVO,QUEROCOTILLO,25616.205733,68666.45329800001,5,0.3730526989916064
CAJAMARCA,CUTERVO,SAN ANDRES DE CUTERVO,6503.245831,12450.919023999999,2,0.5223105072376223
CAJAMARCA,CUTERVO,SAN JUAN DE CUTERVO,3524.64522,6827.539237,1,0.5162394674935209
CAJAMARCA,CUTERVO,SAN LUIS DE LUCMA,7200.065709,10261.350075999999,2,0.7016684603559179
CAJAMARCA,CUTERVO,SANTA CRUZ,6007.2611959999995,12954.330797999999,2,0.4637260920438632
CAJAMARCA,CUTERVO,SANTO DOMINGO DE LA CAPILLA,5360.060451,10462.582859,3,0.512307574834567
CAJAMARCA,CUTERVO,SANTO TOMAS,10230.702781,22764.889625,2,0.4494070891415534
CAJAMARCA,CUTERVO,SOCOTA,9301.811871,15460.372528,2,0.6016550929903958
CAJAMARCA,CUTERVO,TORIBIO CASANOVA,3291.801722,12939.65377,2,0.2543964298049375
CAJAMARCA,HUALGAYOC,BAMBAMARCA,33654.47607,45378.602097,16,0.7416375673728589
CAJAMARCA,HUALGAYOC,CHUGUR,6519.432637,10576.057155999999,3,0.6164331887428768
CAJAMARCA,HUALGAYOC,HUALGAYOC,15400.575805,22882.285364,5,0.6730348634332327
CAJAMARCA,JAEN,BELLAVISTA,15906.647177,86653.268606,8,0.18356661477278194
CAJAMARCA,JAEN,CHONTALI,17493.53324,46127.190174999996,4,0.3792455853831986
CAJAMARCA,JAEN,COLASAY,27401.475239,60334.379154,4,0.4541602254505565
CAJAMARCA,JAEN,HUABAL,5590.809850000001,8486.07779,3,0.6588214235542614
CAJAMARCA,JAEN,JAEN,20173.010603,55649.482175,6,0.3625013174347655
CAJAMARCA,JAEN,LAS PIRIAS,3757.1980869999998,6532.944714,3,0.5751155491869359
CAJAMARCA,JAEN,POMAHUACA,11677.961045,81170.913925,6,0.14386878846516574
CAJAMARCA,JAEN,PUCARA,8581.94859,22130.106673,5,0.3877951749988838
CAJAMARCA,JAEN,SALLIQUE,11992.222311,36537.065914,4,0.32822072629550997
CAJAMARCA,JAEN,SAN FELIPE,6427.604367,25553.134882,5,0.2515387797497871
CAJAMARCA,JAEN,SAN JOSE DEL ALTO,24287.648715000003,50427.831589,4,0.48163182809347593
CAJAMARCA,JAEN,SANTA ROSA,11804.611228,26840.626089999998,6,0.4398038700147177
CAJAMARCA,SAN IGNACIO,CHIRINOS,20060.841405,35671.238514,7,0.5623814098051757
CAJAMARCA,SAN IGNACIO,HUARANGO,26538.935799,90383.81413,7,0.2936248713827098
CAJAMARCA,SAN IGNACIO,LA COIPA,20736.157041,40376.736825,6,0.5135669365970363
CAJAMARCA,SAN IGNACIO,NAMBALLE,25068.246187,63334.334703,5,0.39580815531662283
CAJAMARCA,SAN IGNACIO,SAN IGNACIO,20367.034126,35676.165019,6,0.570886307851563
CAJAMARCA,SAN IGNACIO,SAN JOSE DE LOURDES,29057.389731,135993.55062,7,0.2136674099508852
CAJAMARCA,SAN IGNACIO,TABACONAS,16162.555245,77469.191658,6,0.2086320368018316
CAJAMARCA,SAN MARCOS,CHANCAY,3038.997381,6840.887363,2,0.44424023079767233
CAJAMARCA,SAN MARCOS,EDUARDO VILLANUEVA,767.103805,6239.099404,1,0.12295104715084293
CAJAMARCA,SAN MARCOS,GREGORIO PITA,11062.735243,22128.286350000002,3,0.49993637410607705
CAJAMARCA,SAN MARCOS,ICHOCAN,2832.5864840000004,6800.4203,2,0.4165310905856805
CAJAMARCA,SAN MARCOS,JOSE MANUEL QUIROZ,4273.7596109999995,10796.860252,2,0.3958335582058064
CAJAMARCA,SAN MARCOS,JOSE SABOGAL,17043.513931,58397.770109,3,0.2918521357782689
CAJAMARCA,SAN MARCOS,PEDRO GALVEZ,11331.562063000001,24298.491004,4,0.4663483860431748
CAJAMARCA,SAN MIGUEL,BOLIVAR,3136.6706599999998,8445.581818999999,2,0.3713978180808623
CAJAMARCA,SAN MIGUEL,CALQUIS,9670.391509,33922.507255,2,0.28507301763712156
CAJAMARCA,SAN MIGUEL,CATILLUC,7005.183706,20219.188441,2,0.34646216026134125
CAJAMARCA,SAN MIGUEL,EL PRADO,3034.0144330000003,7033.759317,3,0.4313503343321749
CAJAMARCA,SAN MIGUEL,LA FLORIDA,2205.434562,5498.874323,2,0.40107018863395105
CAJAMARCA,SAN MIGUEL,LLAPA,6158.116038,14239.92752,2,0.43245417010380965
CAJAMARCA,SAN MIGUEL,NANCHOC,2274.107833,35886.707091000004,3,0.06336908614193587
CAJAMARCA,SAN MIGUEL,NIEPOS,8480.520192,15500.752054,3,0.5471037897036476
CAJAMARCA,SAN MIGUEL,SAN GREGORIO,4945.999119,30826.454525,2,0.16044657730550346
CAJAMARCA,SAN MIGUEL,SAN MIGUEL,15858.323008,35496.068731,6,0.4467627986687538
CAJAMARCA,SAN MIGUEL,SAN SILVESTRE DE COCHAN,7406.742451,13430.356794000001,2,0.5514926047466554
CAJAMARCA,SAN MIGUEL,TONGOD,7016.449605,16123.614851999999,2,0.43516603872050863
CAJAMARCA,SAN MIGUEL,UNION AGUA BLANCA,5141.660296999999,17006.716274,3,0.30233116223974466
CAJAMARCA,SAN PABLO,SAN BERNARDINO,6934.074441,16646.324833,3,0.4165528734158639
CAJAMARCA,SAN PABLO,SAN LUIS,1153.637905,4281.279902,2,0.269460986295495
CAJAMARCA,SAN PABLO,SAN PABLO,13943.068038000001,20013.929537,4,0.6966681886344848
CAJAMARCA,SAN PABLO,TUMBADEN,8808.526383,25588.620894,3,0.3442360735066194
CAJAMARCA,SANTA CRUZ,ANDABAMBA,858.749271,862.928271,2,0.9951571872883975
CAJAMARCA,SANTA CRUZ,CATACHE,16856.725326,56428.256542,6,0.29872844491400163
CAJAMARCA,SANTA CRUZ,CHANCAYBAÑOS,6093.446121,12774.521151,3,0.4769999633624623
CAJAMARCA,SANTA CRUZ,LA ESPERANZA,4949.698575,5972.118557,3,0.8288011243846445
CAJAMARCA,SANTA CRUZ,NINABAMBA,3884.624731,5753.597084,2,0.6751645404233523
CAJAMARCA,SANTA CRUZ,PULAN,8016.117945,15900.419738999999,5,0.5041450525572192
CAJAMARCA,SANTA CRUZ,SANTA CRUZ,4506.761182,10521.46207,6,0.4283398212165014
CAJAMARCA,SANTA CRUZ,SAUCEPAMPA,3043.800218,3126.0873309999997,3,0.9736772827220802
CAJAMARCA,SANTA CRUZ,SEXI,253.81507900000003,19080.470740999997,2,0.01330234890141383
CAJAMARCA,SANTA CRUZ,UTICYACU,3157.469583,4331.297468,2,0.7289893170182049
CAJAMARCA,SANTA CRUZ,YAUYUCAN,3132.997867,3375.124046,2,0.928261546627611
CALLAO,CALLAO,BELLAVISTA,0.0,455.736872,1,0.0
CALLAO,CALLAO,CALLAO,0.0,4898.006264,1,0.0
CALLAO,CALLAO,CARMEN DE LA LEGUA REYNOSO,0.0,192.331505,1,0.0
CALLAO,CALLAO,LA PERLA,0.0,330.850236,1,0.0
CALLAO,CALLAO,LA PUNTA,0.0,77.068706,1,0.0
CALLAO,CALLAO,MI PERU,0.0,281.402636,1,0.0
CALLAO,CALLAO,VENTANILLA,70.946762,7806.095001,1,0.00908863676280027
CUSCO,ACOMAYO,ACOMAYO,2434.547146,14147.903387999999,4,0.17207829875802938
CUSCO,ACOMAYO,ACOPIA,3012.3079740000003,7146.566766,4,0.42150420931224536
CUSCO,ACOMAYO,ACOS,2591.8401590000003,13788.072944,3,0.18797696890107202
CUSCO,ACOMAYO,MOSOC LLACTA,2515.128303,4393.008682,4,0.5725297819932695
CUSCO,ACOMAYO,POMACANCHI,6701.340489,26759.684505,6,0.2504267375703875
CUSCO,ACOMAYO,RONDOCAN,2444.6887150000002,18327.00035,3,0.13339273576212926
CUSCO,ACOMAYO,SANGARARA,2396.613068,8611.767451,4,0.27829514459563176
CUSCO,ANTA,ANCAHUASI,4777.468135,12423.910124,3,0.38453820796490495
CUSCO,ANTA,ANTA,7403.118746,18776.744815,4,0.39427061607004116
CUSCO,ANTA,CACHIMAYO,2373.8068559999997,4369.714985,2,0.5432406608093685
CUSCO,ANTA,CHINCHAYPUJIO,4468.315426,39640.951848,4,0.11271968047420738
CUSCO,ANTA,HUAROCONDO,4254.99528,22060.252585,3,0.19288062380995627
CUSCO,ANTA,LIMATAMBO,5337.123885,50651.444416,3,0.10536962857695102
CUSCO,ANTA,MOLLEPATA,4506.46574,36952.008719,3,0.12195455392612699
CUSCO,ANTA,PUCYURA,1261.290403,3402.34893,2,0.37071165508000964
CUSCO,ANTA,ZURITE,3336.925254,6098.213229999999,2,0.5471972081238623
CUSCO,CALCA,CALCA,2015.422748,31298.120959,3,0.06439436893480503
CUSCO,CALCA,COYA,1051.4242920000002,7035.656181,2,0.14944225029634092
CUSCO,CALCA,LAMAY,1101.487903,9564.386834,2,0.11516555343457785
CUSCO,CALCA,LARES,1551.100125,73315.90640800001,3,0.021156392943820285
CUSCO,CALCA,PISAC,2497.6400750000003,14792.663176,3,0.1688431653775661
CUSCO,CALCA,SAN SALVADOR,2742.469836,12822.95956,3,0.21387183069303858
CUSCO,CALCA,TARAY,967.803246,5494.857468,3,0.17612890809927736
CUSCO,CALCA,YANATILE,1094.59146,199590.425404,2,0.005484188220874764
CUSCO,CANAS,CHECCA,1730.944266,50455.604395,2,0.03430628344968416
CUSCO,CANAS,KUNTURKANKI,1200.35945,39404.054703,2,0.030462840919480587
CUSCO,CANAS,LANGUI,4366.283259,17124.541464,2,0.25497227287393365
CUSCO,CANAS,LAYO,7865.2913499999995,42601.892829000004,2,0.18462304906428784
CUSCO,CANAS,PAMPAMARCA,786.254349,3120.2293769999997,2,0.2519860734584707
CUSCO,CANAS,QUEHUE,1630.21758,14900.537504,2,0.10940662909390843
CUSCO,CANAS,TUPAC AMARU,2830.274398,11529.171389,2,0.2454881016601392
CUSCO,CANAS,YANAOCA,5974.382746,29137.98467,3,0.20503761031047313
CUSCO,CANCHIS,CHECACUPE,1834.1690270000001,93734.12951300002,4,0.019567782157144997
CUSCO,CANCHIS,COMBAPATA,1718.579193,17353.561357000002,4,0.0990332276842279
CUSCO,CANCHIS,MARANGANI,3799.103702,43894.900597,4,0.08655000126050291
CUSCO,CANCHIS,PITUMARCA,890.102698,109166.779314,4,0.008153604087190009
CUSCO,CANCHIS,SAN PABLO,2482.697207,52320.264362,5,0.04745192397772312
CUSCO,CANCHIS,SAN PEDRO,1613.841579,5602.2711,2,0.28806916876978694
CUSCO,CANCHIS,SICUANI,6260.249398,64671.453224,6,0.09680081528888206
CUSCO,CANCHIS,TINTA,2683.218984,8266.506465,3,0.3245892319035403
CUSCO,CHUMBIVILCAS,CAPACMARCA,3226.466239,26828.889009,2,0.12026089630165647
CUSCO,CHUMBIVILCAS,CHAMACA,611.4873783561,65225.51639408,3,0.009374971823321582
CUSCO,CHUMBIVILCAS,COLQUEMARCA,2935.2876939999996,45299.522469,3,0.06479732089910477
CUSCO,CHUMBIVILCAS,LIVITACA,3023.351022232,95965.1883919,3,0.031504664065112056
CUSCO,CHUMBIVILCAS,LLUSCO,1913.057878,31543.362327,1,0.060648508493417345
CUSCO,CHUMBIVILCAS,QUIÑOTA,939.648108,22636.990951,2,0.041509408650379415
CUSCO,CHUMBIVILCAS,SANTO TOMAS,4200.611318,190752.674604,3,0.022021244665221148
CUSCO,CHUMBIVILCAS,VELILLE,893.8649514670001,57181.2984577,3,0.015632120563478263
CUSCO,CUSCO,CCORCA,2344.7581419999997,16184.829334,6,0.14487382558148387
CUSCO,CUSCO,CUSCO,2147.425049,10160.534617,5,0.21134961199847266
CUSCO,CUSCO,POROY,364.196519,1338.121691,2,0.2721699539358263
CUSCO,CUSCO,SAN JERONIMO,2880.01137,9569.828281,4,0.3009470269929497
CUSCO,CUSCO,SAN SEBASTIAN,2010.316082,6848.92795,4,0.2935227376716673
CUSCO,CUSCO,SANTIAGO,860.5970649999999,5922.186651,5,0.14531745041414432
CUSCO,CUSCO,SAYLLA,569.6252939999999,2417.731841,2,0.23560317332975886
CUSCO,CUSCO,WANCHAQ,0.0,567.634152,1,0.0
CUSCO,ESPINAR,ALTO PICHIGUA,1055.373606,35981.130674,2,0.02933130744450491
CUSCO,ESPINAR,CONDOROMA,12.910146,51543.740486,1,0.0002504697152025002
CUSCO,ESPINAR,COPORAQUE,17531.533688,154511.311097,4,0.11346440311411216
CUSCO,ESPINAR,ESPINAR,12551.320617000001,73850.74420799999,3,0.1699552354089935
CUSCO,ESPINAR,OCORURO,2978.628418,35942.510574,2,0.08287201896671827
CUSCO,ESPINAR,PALLPATA,3148.460239,81768.750462,3,0.038504443582798406
CUSCO,ESPINAR,PICHIGUA,563.495179,27414.143009,3,0.02055490769180732
CUSCO,ESPINAR,SUYCKUTAMBO,1120.597063,62855.578204,2,0.017828124329125773
CUSCO,LA CONVENCION,ECHARATE,7782.594234,1058048.571522,8,0.0073556114940968725
CUSCO,LA CONVENCION,HUAYOPATA,0.0,53059.640954,3,0.0
CUSCO,LA CONVENCION,INKAWASI,1347.8254689999999,77283.058105,2,0.017440115622350084
CUSCO,LA CONVENCION,KIMBIRI,3011.346836,78624.322821,7,0.038300448613793225
CUSCO,LA CONVENCION,MARANURA,494.55945,16474.679977,2,0.030019366123678604
CUSCO,LA CONVENCION,MEGANTONI,16296.185117,1071383.28666,1,0.015210415656009335
CUSCO,LA CONVENCION,OCOBAMBA,145.276623,86352.258286,2,0.0016823720176355043
CUSCO,LA CONVENCION,PICHARI,7372.708113,81286.723392,5,0.09070002831145732
CUSCO,LA CONVENCION,QUELLOUNO,2339.36815,196681.85593000002,3,0.01189417365897031
CUSCO,LA CONVENCION,SANTA ANA,1180.0852759999998,39179.51875,2,0.03011995332382687
CUSCO,LA CONVENCION,SANTA TERESA,801.880185,133030.62338499998,3,0.006027786419366782
CUSCO,LA CONVENCION,VILCABAMBA,7.125,232824.99553100002,3,3.0602384352032876e-05
CUSCO,LA CONVENCION,VILLA KINTIARINA,349.574579,19879.854269,1,0.01758436325889548
CUSCO,LA CONVENCION,VILLA VIRGEN,66.753511,43912.012358,1,0.0015201651533475824
CUSCO,PARURO,ACCHA,2632.467264,23915.463932,4,0.11007385311382718
CUSCO,PARURO,CCAPI,2069.102226,32609.246559,4,0.06345139628590828
CUSCO,PARURO,COLCHA,198.084224,14005.606791,2,0.014143208998791033
CUSCO,PARURO,HUANOQUITE,5205.779146,36163.795530999996,5,0.1439500215495232
CUSCO,PARURO,OMACHA,997.589755,42783.068253,5,0.02331739624425015
CUSCO,PARURO,PACCARITAMBO,3438.915641,14229.977930000001,3,0.2416669694019687
CUSCO,PARURO,PARURO,3072.287512,15289.538319,4,0.2009405024468352
CUSCO,PARURO,PILLPINTO,545.061252,7851.369111,3,0.0694224464923389
CUSCO,PARURO,YAURISQUE,2152.185749,10100.644212,3,0.21307410733694698
CUSCO,PAUCARTAMBO,CAICAY,2679.076715,10696.79644,4,0.2504559874563716
CUSCO,PAUCARTAMBO,CHALLABAMBA,5727.977916,71512.53366,7,0.08009753847113239
CUSCO,PAUCARTAMBO,COLQUEPATA,7634.5349320000005,46003.305098,4,0.16595622674797583
CUSCO,PAUCARTAMBO,HUANCARANI,3494.954577,14572.041303,3,0.23983973860137775
CUSCO,PAUCARTAMBO,KOSÑIPATA,12919.473542,326981.64394000004,4,0.03951131135780416
CUSCO,PAUCARTAMBO,PAUCARTAMBO,8458.81988,109219.40019100001,8,0.07744796130730838
CUSCO,QUISPICANCHI,ANDAHUAYLILLAS,1522.738448,8578.132968,3,0.17751397112640327
CUSCO,QUISPICANCHI,CAMANTI,230.932774,336166.622904,2,0.0006869592584923224
CUSCO,QUISPICANCHI,CCARHUAYO,660.495241,30361.53733,2,0.021754341152790367
CUSCO,QUISPICANCHI,CCATCA,7631.1830279999995,29701.487038,2,0.25692932539831037
CUSCO,QUISPICANCHI,CUSIPATA,2012.367056,24274.107164,2,0.08290179500337976
CUSCO,QUISPICANCHI,HUARO,1290.489524,10858.238148,2,0.11884888749080327
CUSCO,QUISPICANCHI,LUCRE,994.646327,11819.160119,3,0.08415541518902406
CUSCO,QUISPICANCHI,MARCAPATA,70.03134899999999,130054.607129,2,0.0005384764949582795
CUSCO,QUISPICANCHI,OCONGATE,5941.393425,94847.14896300001,3,0.06264177141811342
CUSCO,QUISPICANCHI,OROPESA,2501.533427,7841.9696539999995,2,0.31899300014812326
CUSCO,QUISPICANCHI,QUIQUIJANA,4911.527167,36456.881279,3,0.1347215393827215
CUSCO,QUISPICANCHI,URCOS,4801.326584,14075.680209,3,0.3411079615839829
CUSCO,URUBAMBA,CHINCHERO,6802.28794,10257.815091,6,0.663132244016388
CUSCO,URUBAMBA,HUAYLLABAMBA,2964.7367719999997,7691.5801870000005,4,0.38545223477106544
CUSCO,URUBAMBA,MACHUPICCHU,317.843322,36151.351164,2,0.00879201777433184
CUSCO,URUBAMBA,MARAS,10569.030286,14135.565888000001,5,0.7476906386161933
CUSCO,URUBAMBA,OLLANTAYTAMBO,4424.6581129999995,57992.992826,6,0.07629642647130797
CUSCO,URUBAMBA,URUBAMBA,2360.357546,16120.879046,3,0.1464161811068029
CUSCO,URUBAMBA,YUCAY,572.1987809999999,2381.446436,2,0.24027363049201914
HUANCAVELICA,ACOBAMBA,ACOBAMBA,6932.4265749999995,12331.698049999999,8,0.5621631787359568
HUANCAVELICA,ACOBAMBA,ANDABAMBA,3444.423981,8182.914481,6,0.4209287520965356
HUANCAVELICA,ACOBAMBA,ANTA,5006.066649,9178.98421,6,0.5453835124311648
HUANCAVELICA,ACOBAMBA,CAJA,3719.5522579999997,8687.546489,5,0.4281476090757757
HUANCAVELICA,ACOBAMBA,MARCAS,2992.146383,17166.728274,4,0.17429916378019322
HUANCAVELICA,ACOBAMBA,PAUCARA,8074.671212,22008.023328,8,0.3668967036093102
HUANCAVELICA,ACOBAMBA,POMACOCHA,3515.238543,5517.444763,9,0.6371134998166541
HUANCAVELICA,ACOBAMBA,ROSARIO,6248.424664,9563.33379,7,0.6533730601909692
HUANCAVELICA,ANGARAES,ANCHONGA,3488.4662789999998,7533.522029,8,0.4630591462494282
HUANCAVELICA,ANGARAES,CALLANMARCA,1238.729077,2467.186452,1,0.5020816631008316
HUANCAVELICA,ANGARAES,CCOCHACCASA,733.165724,10729.566865,5,0.06833134396054671
HUANCAVELICA,ANGARAES,CHINCHO,1057.649081,17362.202314,3,0.06091675824714734
HUANCAVELICA,ANGARAES,CONGALLA,3884.635623,20908.32097,7,0.18579376261603278
HUANCAVELICA,ANGARAES,HUANCA-HUANCA,2137.236207,10722.180992,3,0.1993284956292594
HUANCAVELICA,ANGARAES,HUAYLLAY GRANDE,816.745466,3180.941439,2,0.25676218241124305
HUANCAVELICA,ANGARAES,JULCAMARCA,1325.828807,5121.810278999999,4,0.25885941391387496
HUANCAVELICA,ANGARAES,LIRCAY,7148.8680890000005,82518.800997,12,0.08663320361695391
HUANCAVELICA,ANGARAES,SAN ANTONIO DE ANTAPARCO,1278.878514,3382.992132,2,0.378031773087198
HUANCAVELICA,ANGARAES,SANTO TOMAS DE PATA,1832.1781150000002,13903.323386,3,0.13177986759949195
HUANCAVELICA,ANGARAES,SECCLLA,2273.819226,16264.73684,6,0.13980055431379484
HUANCAVELICA,CASTROVIRREYNA,ARMA,1280.229687,30034.983806999997,3,0.042624617187295696
HUANCAVELICA,CASTROVIRREYNA,AURAHUA,961.167587,34695.643451,2,0.02770283215405527
HUANCAVELICA,CASTROVIRREYNA,CAPILLAS,1001.847154,39991.780738999994,3,0.025051326434759092
HUANCAVELICA,CASTROVIRREYNA,CASTROVIRREYNA,1003.4997249999999,92201.038747,3,0.010883822336900205
HUANCAVELICA,CASTROVIRREYNA,CHUPAMARCA,693.371204,36575.444603,2,0.018957287095920306
HUANCAVELICA,CASTROVIRREYNA,COCAS,754.361386,8090.134862,3,0.09324459961023578
HUANCAVELICA,CASTROVIRREYNA,HUACHOS,945.2638039999999,17526.072089,3,0.05393472075202074
HUANCAVELICA,CASTROVIRREYNA,HUAMATAMBO,975.0114510000001,5934.428137,2,0.16429745688906303
HUANCAVELICA,CASTROVIRREYNA,MOLLEPAMPA,1754.211836,17050.364007,3,0.1028841281793052
HUANCAVELICA,CASTROVIRREYNA,SAN JUAN,846.203529,19510.986145,4,0.043370618107729686
HUANCAVELICA,CASTROVIRREYNA,SANTA ANA,0.0,64301.895601,2,0.0
HUANCAVELICA,CASTROVIRREYNA,TANTARA,717.254731,11115.549547999999,2,0.06452714981861192
HUANCAVELICA,CASTROVIRREYNA,TICRAPO,1297.0788639999998,18241.283897,4,0.07110677468340483
HUANCAVELICA,CHURCAMPA,ANCO,4954.180767,14916.198384,5,0.3321342770765337
HUANCAVELICA,CHURCAMPA,CHINCHIHUASI,1993.4229,16159.23408,4,0.12336122430872046
HUANCAVELICA,CHURCAMPA,CHURCAMPA,4883.448524,13496.687736,6,0.36182570268513176
HUANCAVELICA,CHURCAMPA,COSME,3249.607746,10634.302125,4,0.30557790326085926
HUANCAVELICA,CHURCAMPA,EL CARMEN,3709.694164,7680.058016999999,5,0.483029445323004
HUANCAVELICA,CHURCAMPA,LA MERCED,1168.579602,7277.57715,2,0.160572616121287
HUANCAVELICA,CHURCAMPA,LOCROJA,5027.248855,9220.392146,7,0.5452315666618286
HUANCAVELICA,CHURCAMPA,PACHAMARCA,2254.190743,15571.728728,6,0.14476175268495856
HUANCAVELICA,CHURCAMPA,PAUCARBAMBA,4733.792211,9737.379908,5,0.48614640239217005
HUANCAVELICA,CHURCAMPA,SAN MIGUEL DE MAYOCC,984.642652,2929.7738719999998,2,0.33608145031610825
HUANCAVELICA,CHURCAMPA,SAN PEDRO DE CORIS,3448.6303980000002,12844.102385,4,0.2684991363839864
HUANCAVELICA,HUANCAVELICA,ACOBAMBILLA,1838.342367,73630.501683,2,0.02496713080829709
HUANCAVELICA,HUANCAVELICA,ACORIA,19599.382172999998,54315.232231,13,0.3608450404786045
HUANCAVELICA,HUANCAVELICA,ASCENSION,193.819566,40861.653516,2,0.004743311866322469
HUANCAVELICA,HUANCAVELICA,CONAYCA,1346.951224,4140.150156,2,0.32533873730351726
HUANCAVELICA,HUANCAVELICA,CUENCA,1940.707009,5501.795875,2,0.35274064198174204
HUANCAVELICA,HUANCAVELICA,HUACHOCOLPA,368.836774,33731.202372,3,0.010934587208968526
HUANCAVELICA,HUANCAVELICA,HUANCAVELICA,1234.1557149999999,51022.753035,3,0.024188340330311222
HUANCAVELICA,HUANCAVELICA,HUANDO,5055.856731,19532.52137,8,0.25884301546267807
HUANCAVELICA,HUANCAVELICA,HUAYLLAHUARA,1285.58651,3638.7123469999997,2,0.35330809017094317
HUANCAVELICA,HUANCAVELICA,IZCUCHACA,652.123246,1233.980134,2,0.5284714299946744
HUANCAVELICA,HUANCAVELICA,LARIA,431.651832,6432.364289,2,0.06710624781282502
HUANCAVELICA,HUANCAVELICA,MANTA,1311.226372,15845.711664,1,0.08274960442319457
HUANCAVELICA,HUANCAVELICA,MARISCAL CACERES,136.510187,522.821196,1,0.2611030081496543
HUANCAVELICA,HUANCAVELICA,MOYA,1843.732302,9447.091428,2,0.1951640159356781
HUANCAVELICA,HUANCAVELICA,NUEVO OCCORO,1277.663428,24583.248665,2,0.05197292861537266
HUANCAVELICA,HUANCAVELICA,PALCA,1313.129584,8081.16324,6,0.1624926443139144
HUANCAVELICA,HUANCAVELICA,PILCHACA,1458.336243,3967.186664,2,0.36759960307226924
HUANCAVELICA,HUANCAVELICA,VILCA,3405.166351,30838.182559,3,0.1104204615328803
HUANCAVELICA,HUANCAVELICA,YAULI,4521.200064,32031.914151999998,6,0.14114673392747298
HUANCAVELICA,HUAYTARA,AYAVI,1071.580566,17971.00059,3,0.05962831956036345
HUANCAVELICA,HUAYTARA,CORDOVA,2615.160586,10289.597053,3,0.25415578205149764
HUANCAVELICA,HUAYTARA,HUAYACUNDO ARMA,530.3855530000001,3771.6473000000005,2,0.14062437731120828
HUANCAVELICA,HUAYTARA,HUAYTARA,1132.048375,39345.657442,3,0.028771875947651116
HUANCAVELICA,HUAYTARA,LARAMARCA,1163.964903,19316.773202,1,0.06025669457461387
HUANCAVELICA,HUAYTARA,OCOYO,2258.542722,16812.607485,3,0.1343362547430578
HUANCAVELICA,HUAYTARA,PILPICHACA,189.273958,217771.16846200003,2,0.0008691414907526077
HUANCAVELICA,HUAYTARA,QUERCO,1337.660182,68515.05438799999,2,0.01952359512735472
HUANCAVELICA,HUAYTARA,QUITO-ARMA,1109.7155109999999,23904.577378,2,0.04642272036238966
HUANCAVELICA,HUAYTARA,SAN ANTONIO DE CUSICANCHA,792.096127,23868.513227,3,0.03318581762788572
HUANCAVELICA,HUAYTARA,SAN FRANCISCO DE SANGAYAICO,1319.735893,7845.268762,2,0.16822060952103812
HUANCAVELICA,HUAYTARA,SAN ISIDRO,1860.928923,16862.168912,2,0.11036118382586392
HUANCAVELICA,HUAYTARA,SANTIAGO DE CHOCORVOS,4114.767618,114329.33070299999,3,0.03599048111887555
HUANCAVELICA,HUAYTARA,SANTIAGO DE QUIRAHUARA,924.320888,17535.486205,1,0.052711449069284586
HUANCAVELICA,HUAYTARA,SANTO DOMINGO DE CAPILLAS,1093.239279,25562.708726999997,3,0.0427669575503668
HUANCAVELICA,HUAYTARA,TAMBO,858.966347,22744.414148,2,0.03776603527400736
HUANCAVELICA,TAYACAJA,ACOSTAMBO,6487.29971,16419.139355,8,0.39510595346914273
HUANCAVELICA,TAYACAJA,ACRAQUIA,5285.056994,10839.089269,8,0.48759234865934376
HUANCAVELICA,TAYACAJA,AHUAYCHA,4603.417844,9938.061151,6,0.46321085914598026
HUANCAVELICA,TAYACAJA,ANDAYMARCA,11649.654085999999,15055.645448,2,0.773773142190164
HUANCAVELICA,TAYACAJA,COLCABAMBA,11036.34249,32428.372105,11,0.34032983383394544
HUANCAVELICA,TAYACAJA,DANIEL HERNANDEZ,6654.627693,10487.349226,8,0.6345385806836676
HUANCAVELICA,TAYACAJA,HUACHOCOLPA,5498.439619000001,26574.528266,2,0.20690638659557384
HUANCAVELICA,TAYACAJA,HUARIBAMBA,5523.238477,14944.507199,6,0.3695831788531363
HUANCAVELICA,TAYACAJA,PAMPAS,4055.117883,7456.583782,7,0.5438305263583237
HUANCAVELICA,TAYACAJA,PAZOS,6894.085811,22598.569664,11,0.3050673522042603
HUANCAVELICA,TAYACAJA,PICHOS,2373.763397,14340.292398000001,5,0.16553103180316336
HUANCAVELICA,TAYACAJA,QUICHUAS,4695.876668,11857.941015,4,0.3960111339784734
HUANCAVELICA,TAYACAJA,QUISHUAR,746.238989,3263.202186,2,0.2286830378459424
HUANCAVELICA,TAYACAJA,ROBLE,2019.375629,18449.452811,1,0.10945449979936535
HUANCAVELICA,TAYACAJA,SALCABAMBA,4356.631969,19003.522034,9,0.22925392257316124
HUANCAVELICA,TAYACAJA,SALCAHUASI,3144.9575649999997,11695.537315,6,0.26890235824962605
HUANCAVELICA,TAYACAJA,SAN MARCOS DE ROCCHAC,1820.418932,28752.500100999998,4,0.06331341363726095
HUANCAVELICA,TAYACAJA,SANTIAGO DE TUCUMA,1927.0648899999999,3399.51897,4,0.5668639907604339
HUANCAVELICA,TAYACAJA,SURCUBAMBA,5157.598905,28227.892479,4,0.18271285781738647
HUANCAVELICA,TAYACAJA,TINTAY PUNCU,7627.8660629999995,25560.693843999998,3,0.29842171380611915
HUANCAVELICA,TAYACAJA,ÑAHUIMPUQUIO,3314.8211539999998,6631.326702,6,0.4998729972088773
HUANUCO,AMBO,AMBO,11703.086599,28702.405226,7,0.40773888135335745
HUANUCO,AMBO,CAYNA,4811.536997,15701.354157,6,0.30644089349802445
HUANUCO,AMBO,COLPAS,4832.406347,17689.80923,5,0.2731745879319469
HUANUCO,AMBO,CONCHAMARCA,4878.993145,11213.232866,3,0.4351103025599112
HUANUCO,AMBO,HUACAR,11281.792566,23785.755985,11,0.4743087658477045
HUANUCO,AMBO,SAN FRANCISCO,3881.443196,11886.48335,5,0.3265426015172099
HUANUCO,AMBO,SAN RAFAEL,13164.848891,44036.65506,13,0.2989520632996052
HUANUCO,AMBO,TOMAY KICHWA,2074.84946,4158.837718,2,0.4989012798022334
HUANUCO,DOS DE MAYO,CHUQUIS,3297.787171,15166.682993,4,0.21743628270743537
HUANUCO,DOS DE MAYO,LA UNION,3407.624545,16930.985887000003,4,0.20126557116892124
HUANUCO,DOS DE MAYO,MARIAS,4881.570285,64258.42194,4,0.07596778970946512
HUANUCO,DOS DE MAYO,PACHAS,5343.450801,26900.910647999997,5,0.19863456932441317
HUANUCO,DOS DE MAYO,QUIVILLA,1146.4033610000001,3720.811014,3,0.3081057749739289
HUANUCO,DOS DE MAYO,RIPAN,2561.194708,7624.045032,5,0.33593646118956977
HUANUCO,DOS DE MAYO,SHUNQUI,1417.857458,3258.764592,4,0.43509048228912384
HUANUCO,DOS DE MAYO,SILLAPATA,2301.282838,7295.665819,4,0.31543150345603843
HUANUCO,DOS DE MAYO,YANAS,2375.408112,3734.326822,4,0.6361007552969878
HUANUCO,HUACAYBAMBA,CANCHABAMBA,3162.830963,18457.745322000002,3,0.17135521743439514
HUANUCO,HUACAYBAMBA,COCHABAMBA,3642.734996,68149.460991,3,0.05345214684061946
HUANUCO,HUACAYBAMBA,HUACAYBAMBA,5614.834213,55231.610695,4,0.10165979485925618
HUANUCO,HUACAYBAMBA,PINRA,6259.691317,28574.217575000002,4,0.21906781176317125
HUANUCO,HUAMALIES,ARANCAY,1879.214359,11665.365871,3,0.16109347788839704
HUANUCO,HUAMALIES,CHAVIN DE PARIARCA,4352.144708,9132.976736,4,0.47653079973858803
HUANUCO,HUAMALIES,JACAS GRANDE,5358.742081,21935.927639999998,7,0.24429065271114292
HUANUCO,HUAMALIES,JIRCAN,2052.169177,23771.653352,4,0.08632841589149891
HUANUCO,HUAMALIES,LLATA,11069.102051,41402.558256000004,8,0.2673530940421026
HUANUCO,HUAMALIES,MIRAFLORES,3185.773697,9562.867662999999,5,0.3331399962091058
HUANUCO,HUAMALIES,MONZON,18316.247088,140315.19573900002,5,0.1305364468298217
HUANUCO,HUAMALIES,PUNCHAO,2017.066292,4050.199503,4,0.4980165274589438
HUANUCO,HUAMALIES,PUÑOS,4117.63339,9844.12395,5,0.4182833750280034
HUANUCO,HUAMALIES,SINGA,3820.4518120000002,16135.736152,4,0.23676960108984313
HUANUCO,HUAMALIES,TANTAMAYO,2605.095649,28036.137949,6,0.09291920498247225
HUANUCO,HUANUCO,AMARILIS,7550.217239,13329.848536000001,2,0.5664143308612309
HUANUCO,HUANUCO,CHINCHAO,17967.519232,80657.40128399999,4,0.2227634283521631
HUANUCO,HUANUCO,CHURUBAMBA,17108.484628,51352.466021,8,0.3331579951974201
HUANUCO,HUANUCO,HUANUCO,3631.2175429999998,12777.054301,5,0.28419833378306936
HUANUCO,HUANUCO,MARGOS,1931.075152,20910.648621,4,0.09234888821481478
HUANUCO,HUANUCO,PILLCO MARCA,3236.320008,7734.79965,2,0.41841032146191404
HUANUCO,HUANUCO,QUISQUI (KICHKI),7062.370283,17445.906668,6,0.40481531957029726
HUANUCO,HUANUCO,SAN FRANCISCO DE CAYRAN,2121.643972,14803.603819,2,0.1433194239687049
HUANUCO,HUANUCO,SAN PABLO DE PILLAO,15164.082581,59252.445309,4,0.255923321002529
HUANUCO,HUANUCO,SAN PEDRO DE CHAULAN,2142.354256,26951.767697000003,2,0.07948845063095676
HUANUCO,HUANUCO,SANTA MARIA DEL VALLE,13703.225039,45210.204369,6,0.3031002675227036
HUANUCO,HUANUCO,YACUS,3592.49367,7075.896841,2,0.5077085987438296
HUANUCO,HUANUCO,YARUMAYO,2578.158439,6168.286362,3,0.417969965675209
HUANUCO,LAURICOCHA,BAÑOS,2882.718592,19212.025144,3,0.1500476170728043
HUANUCO,LAURICOCHA,JESUS,7205.179368,45492.690260999996,5,0.15838103498963352
HUANUCO,LAURICOCHA,JIVIA,1786.724146,6208.298486,4,0.28779610871306294
HUANUCO,LAURICOCHA,QUEROPALCA,449.537047,13326.04926,2,0.03373370743490708
HUANUCO,LAURICOCHA,RONDOS,5067.931834,17266.858879,5,0.29350629836696196
HUANUCO,LAURICOCHA,SAN FRANCISCO DE ASIS,1968.030986,8628.463093,5,0.22808592501213817
HUANUCO,LAURICOCHA,SAN MIGUEL DE CAURI,3118.265309,82103.950648,7,0.03797947948167289
HUANUCO,LEONCIO PRADO,CASTILLO GRANDE,4479.552076,10501.074376,3,0.4265803588857468
HUANUCO,LEONCIO PRADO,DANIEL ALOMIA ROBLES,11925.570279,70121.22773,3,0.17007075695991952
HUANUCO,LEONCIO PRADO,HERMILIO VALDIZAN,2863.817419,12190.197765,3,0.23492788830895556
HUANUCO,LEONCIO PRADO,JOSE CRESPO Y CASTILLO,24460.152944,149792.705196,8,0.1632933520493839
HUANUCO,LEONCIO PRADO,LUYANDO,7276.307462000001,11078.447798000001,3,0.656798460819899
HUANUCO,LEONCIO PRADO,MARIANO DAMASO BERAUN,14077.591601,74446.61025299999,3,0.18909647535540697
HUANUCO,LEONCIO PRADO,PUCAYACU,9084.543673,76018.40735600001,2,0.1195045251402912
HUANUCO,LEONCIO PRADO,PUEBLO NUEVO,9986.274772,32021.442543999998,3,0.31186211421543764
HUANUCO,LEONCIO PRADO,RUPA-RUPA,8649.960955999999,26376.241622000005,3,0.3279451667134109
HUANUCO,LEONCIO PRADO,SANTO DOMINGO DE ANDA,6182.512536,28061.211986000002,2,0.22032236309267442
HUANUCO,MARAÑON,CHOLON,12468.165755,220233.49784,4,0.05661339386280893
HUANUCO,MARAÑON,HUACRACHUCO,13280.485926,70109.421823,14,0.18942512405148978
HUANUCO,MARAÑON,LA MORADA,11158.795747,91075.24452899999,2,0.12252281950719154
HUANUCO,MARAÑON,SAN BUENAVENTURA,2324.290003,9264.545606,3,0.25088008649822174
HUANUCO,MARAÑON,SANTA ROSA DE ALTO YANAJANCA,3153.601821,104247.921993,1,0.03025098017024989
HUANUCO,PACHITEA,CHAGLLA,23450.605514,107876.404189,8,0.2173840117335986
HUANUCO,PACHITEA,MOLINO,7569.764305000001,23765.965461,5,0.3185128042629701
HUANUCO,PACHITEA,PANAO,35123.057166,160909.839203,9,0.21827787125987733
HUANUCO,PACHITEA,UMARI,8075.774684,15709.054006,10,0.5140840868530655
HUANUCO,PUERTO INCA,CODO DEL POZUZO,82251.179646,322129.070011,5,0.2553360975561483
HUANUCO,PUERTO INCA,HONORIA,33204.754948,94854.319061,8,0.35006054839365097
HUANUCO,PUERTO INCA,PUERTO INCA,75537.735377,238878.713669,10,0.3162179426404152
HUANUCO,PUERTO INCA,TOURNAVISTA,55998.269873000005,173989.285247,8,0.32184895635098054
HUANUCO,PUERTO INCA,YUYAPICHIS,91675.60292599999,206539.25939,8,0.4438652641476386
HUANUCO,YAROWILCA,APARICIO POMARES,5241.417931,18371.964915,6,0.2852943577483421
HUANUCO,YAROWILCA,CAHUAC,1463.537385,2964.598207,2,0.49367141272105614
HUANUCO,YAROWILCA,CHACABAMBA,1163.936232,1644.783159,2,0.707653301063499
HUANUCO,YAROWILCA,CHAVINILLO,5354.130746,20616.751328,5,0.2596980804986697
HUANUCO,YAROWILCA,CHORAS,2772.452177,6103.400289,3,0.4542471484291664
HUANUCO,YAROWILCA,JACAS CHICO,1469.081704,3794.779051,2,0.38713234268879704
HUANUCO,YAROWILCA,OBAS,5186.765655,12417.517681,5,0.41769746484325543
HUANUCO,YAROWILCA,PAMPAMARCA,2638.6313419999997,7297.169949000001,2,0.3615965313185005
ICA,CHINCHA,ALTO LARAN,4455.974351,36507.460028999994,9,0.122056542620614
ICA,CHINCHA,CHAVIN,1093.150616,42629.569115,2,0.025643013492607756
ICA,CHINCHA,CHINCHA ALTA,786.885002,22517.784940999998,3,0.03494504473072097
ICA,CHINCHA,CHINCHA BAJA,6652.675982,7306.256892,10,0.9105450410981798
ICA,CHINCHA,EL CARMEN,10620.609799,75495.775576,15,0.14067819977964802
ICA,CHINCHA,GROCIO PRADO,4514.328952,17771.29767,5,0.25402359669101193
ICA,CHINCHA,PUEBLO NUEVO,445.713329,21056.452696,2,0.02116754115400787
ICA,CHINCHA,SAN JUAN DE YANAC,1087.2927730000001,44132.700159,2,0.024636896656736015
ICA,CHINCHA,SAN PEDRO DE HUACARPANA,1342.201271,20645.843401,2,0.06501072612683817
ICA,CHINCHA,SUNAMPE,915.444043,1616.295615,3,0.5663840416964814
ICA,CHINCHA,TAMBO DE MORA,764.318571,1124.30256,2,0.67981573483209
ICA,ICA,ICA,1759.595084,88649.851394,2,0.019848821586621327
ICA,ICA,LA TINGUIÑA,2780.996643,8158.592958,3,0.3408671884130538
ICA,ICA,LOS AQUIJES,2204.613487,9066.994146,6,0.24314711706002246
ICA,ICA,OCUCAJE,6382.68154,139978.814969,5,0.04559748231483115
ICA,ICA,PACHACUTEC,3099.432176,4142.961976,3,0.7481198702654953
ICA,ICA,PARCONA,698.33726,1723.239932,3,0.4052466792534843
ICA,ICA,PUEBLO NUEVO,1754.924607,3067.473656,5,0.5721074746860026
ICA,ICA,SALAS,21741.258502999997,65744.450212,5,0.33069344154362823
ICA,ICA,SAN JOSE DE LOS MOLINOS,2906.681103,36038.448925,4,0.08065500013746776
ICA,ICA,SAN JUAN BAUTISTA,2218.688709,3233.75563,5,0.6861027742532295
ICA,ICA,SANTIAGO,16767.456149,276792.195596,19,0.06057777789903233
ICA,ICA,SUBTANJALLA,1758.3235140000002,18602.158542,2,0.09452255285482343
ICA,ICA,TATE,569.324451,632.530992,3,0.9000736061957261
ICA,ICA,YAUCA DEL ROSARIO,5423.099876,126157.974403,2,0.04298658013227454
ICA,NASCA,CHANGUILLO,3708.916325,95471.78126799999,5,0.038848299211980304
ICA,NASCA,EL INGENIO,1869.525076,61132.329209999996,4,0.030581610420533166
ICA,NASCA,MARCONA,18.052094,194392.094316,1,9.286434236700422e-05
ICA,NASCA,NASCA,7958.219214000001,114339.05924100001,8,0.06960193014380095
ICA,NASCA,VISTA ALEGRE,5676.814014,53409.900697,5,0.1062876721341454
ICA,PALPA,LLIPATA,950.8073039999999,18249.859148,3,0.05209943245530193
ICA,PALPA,PALPA,1458.570032,13132.367866,6,0.11106679670284528
ICA,PALPA,RIO GRANDE,2043.542328,31365.486167000003,6,0.06515257940270777
ICA,PALPA,SANTA CRUZ,1949.060252,25370.413199000002,3,0.07682414301698579
ICA,PALPA,TIBILLO,411.521889,33584.125917,1,0.012253464330649473
ICA,PISCO,HUANCANO,923.648368,89832.99521,3,0.01028183871461498
ICA,PISCO,HUMAY,7339.125567,90963.899462,12,0.08068173869421578
ICA,PISCO,INDEPENDENCIA,12545.828878,26859.495046,16,0.4670910177765373
ICA,PISCO,PARACAS,2320.529989,142627.096354,1,0.01626990977394963
ICA,PISCO,PISCO,1120.632885,2293.8886030000003,3,0.48852977582887436
ICA,PISCO,SAN ANDRES,6598.438592,23235.721349,3,0.2839782115171552
ICA,PISCO,SAN CLEMENTE,5618.375421,13409.482222,7,0.41898526192027935
ICA,PISCO,TUPAC AMARU INCA,1923.328765,5613.483335,4,0.34262660993541544
JUNIN,CHANCHAMAYO,CHANCHAMAYO,13802.912417,73863.846233,7,0.18686966792196774
JUNIN,CHANCHAMAYO,PERENE,49264.420408,149053.865828,12,0.33051420796323683
JUNIN,CHANCHAMAYO,PICHANAQUI,44154.623758,124236.718205,9,0.3554071968090909
JUNIN,CHANCHAMAYO,SAN LUIS DE SHUARO,6130.230098,19233.777952999997,4,0.3187220998900965
JUNIN,CHANCHAMAYO,SAN RAMON,5875.80318,62131.155829999996,5,0.0945709620480434
JUNIN,CHANCHAMAYO,VITOC,2233.503726,39304.124405,4,0.0568261921569704
JUNIN,CHUPACA,AHUAC,3226.4365860000003,7203.392388,5,0.4479051552675184
JUNIN,CHUPACA,CHONGOS BAJO,1697.702664,9629.376589,3,0.17630452483698164
JUNIN,CHUPACA,CHUPACA,1813.762119,2058.508232,4,0.8811051084492335
JUNIN,CHUPACA,HUACHAC,2131.35945,2385.490714,4,0.8934679298860603
JUNIN,CHUPACA,HUAMANCACA CHICO,825.1784339999999,1100.080149,2,0.7501075578448603
JUNIN,CHUPACA,SAN JUAN DE ISCOS,1651.6793400000001,2628.593667,3,0.6283509546323502
JUNIN,CHUPACA,SAN JUAN DE JARPA,2598.898026,13597.344277,4,0.1911327663002586
JUNIN,CHUPACA,TRES DE DICIEMBRE,1040.804314,1176.101662,2,0.88496117948688
JUNIN,CHUPACA,YANACANCHA,4889.752883,75697.770422,3,0.06459573189197781
JUNIN,CONCEPCION,ACO,2111.009186,3889.980526,4,0.5426786000316343
JUNIN,CONCEPCION,ANDAMARCA,2694.205543,50550.656323999996,3,0.0532971426865702
JUNIN,CONCEPCION,CHAMBARA,2482.114448,10912.553887999999,5,0.22745495449323366
JUNIN,CONCEPCION,COCHAS,1143.633728,10835.432361,4,0.1055457401142832
JUNIN,CONCEPCION,COMAS,2518.086603,94839.948946,5,0.02655090635312076
JUNIN,CONCEPCION,CONCEPCION,1053.448204,1823.035109,3,0.5778540406596196
JUNIN,CONCEPCION,HEROINAS TOLEDO,1442.523069,2509.439341,3,0.5748387878645281
JUNIN,CONCEPCION,MANZANARES,1155.138237,1738.6034140000002,2,0.6644058257900095
JUNIN,CONCEPCION,MARISCAL CASTILLA,1002.884957,5622.632654,3,0.1783657262913196
JUNIN,CONCEPCION,MATAHUASI,1892.951617,2360.312387,3,0.8019919852244541
JUNIN,CONCEPCION,MITO,1830.69168,2520.4697260000003,2,0.7263295651264647
JUNIN,CONCEPCION,NUEVE DE JULIO,609.5665319999999,684.687072,2,0.8902848570215154
JUNIN,CONCEPCION,ORCOTUNA,3084.8326070000003,4505.914348,6,0.6846185632377227
JUNIN,CONCEPCION,SAN JOSE DE QUERO,6836.649036,30798.842580999997,5,0.22197746613431416
JUNIN,CONCEPCION,SANTA ROSA DE OCOPA,765.916661,1612.199288,2,0.4750756725306282
JUNIN,HUANCAYO,CARHUACALLANGA,683.641528,1309.053754,1,0.5222409896545777
JUNIN,HUANCAYO,CHACAPAMPA,2205.9157960000002,12528.533811000001,3,0.17607134476208344
JUNIN,HUANCAYO,CHICCHE,1269.7556049999998,4145.375246,2,0.3063065536045805
JUNIN,HUANCAYO,CHILCA,321.353975,2682.3434740000002,2,0.11980343983344766
JUNIN,HUANCAYO,CHONGOS ALTO,1234.1581919999999,70188.553369,2,0.01758346814061974
JUNIN,HUANCAYO,CHUPURO,988.989498,4157.114692,2,0.2379028656349614
JUNIN,HUANCAYO,COLCA,3818.19992,11079.740910999999,4,0.34461093907072143
JUNIN,HUANCAYO,CULLHUAS,6538.443798,11082.347595,4,0.5899872515233088
JUNIN,HUANCAYO,EL TAMBO,2892.059278,16633.929084,3,0.17386507201006654
JUNIN,HUANCAYO,HUACRAPUQUIO,1492.776439,2432.816702,2,0.6136000454834102
JUNIN,HUANCAYO,HUALHUAS,622.632205,1361.45911,2,0.4573271429356406
JUNIN,HUANCAYO,HUANCAN,573.2704570000001,1226.064308,4,0.4675696480677587
JUNIN,HUANCAYO,HUANCAYO,781.816448,22667.588827000003,3,0.03449049892191253
JUNIN,HUANCAYO,HUASICANCHA,537.648184,5199.865334,2,0.10339655923097027
JUNIN,HUANCAYO,HUAYUCACHI,744.9352610000001,1404.023894,4,0.5305716406846279
JUNIN,HUANCAYO,INGENIO,1449.758837,5408.539874,3,0.26804994892786105
JUNIN,HUANCAYO,PARIAHUANCA,11160.697255000001,58034.784984,6,0.19231047824295325
JUNIN,HUANCAYO,PILCOMAYO,325.92324099999996,887.566694,2,0.367209859499302
JUNIN,HUANCAYO,PUCARA,5054.2429759999995,11124.008159,5,0.4543544830026764
JUNIN,HUANCAYO,QUICHUAY,728.376105,3044.7017400000004,3,0.23922740787082808
JUNIN,HUANCAYO,QUILCAS,1006.2413399999999,15953.331984999999,2,0.06307405505922592
JUNIN,HUANCAYO,SAN AGUSTIN,1264.927238,2620.344291,3,0.4827332203423035
JUNIN,HUANCAYO,SAN JERONIMO DE TUNAN,1297.0542759999998,2101.642797,3,0.6171620971230155
JUNIN,HUANCAYO,SANTO DOMINGO DE ACOBAMBA,12522.592766,87636.33142,4,0.14289270857294403
JUNIN,HUANCAYO,SAPALLANGA,3943.954399,12347.358830000001,4,0.3194168447925474
JUNIN,HUANCAYO,SAÑO,719.678766,1298.456048,3,0.5542573174567708
JUNIN,HUANCAYO,SICAYA,3643.985428,4193.563661,6,0.8689472063793715
JUNIN,HUANCAYO,VIQUES,360.766529,609.832947,2,0.591582548589327
JUNIN,JAUJA,ACOLLA,5213.069268,12007.016294,9,0.4341685844638199
JUNIN,JAUJA,APATA,3952.378076,41953.349586,6,0.09420887998222971
JUNIN,JAUJA,ATAURA,321.20950300000004,556.745928,2,0.5769409111870505
JUNIN,JAUJA,CANCHAYLLO,246.996198,94621.164649,2,0.0026103694550393634
JUNIN,JAUJA,CURICACA,714.226002,6550.293762,3,0.10903724748093213
JUNIN,JAUJA,EL MANTARO,950.471945,1788.379238,2,0.5314711358777249
JUNIN,JAUJA,HUAMALI,875.183217,1965.723879,3,0.44522184745765103
JUNIN,JAUJA,HUARIPAMPA,766.020888,1432.704008,2,0.5346679312144424
JUNIN,JAUJA,HUERTAS,901.73215,1204.114013,2,0.7488760534838157
JUNIN,JAUJA,JANJAILLO,1845.7126469999998,3249.51271,2,0.5679967465029548
JUNIN,JAUJA,JAUJA,490.108713,947.484224,1,0.5172737451299242
JUNIN,JAUJA,JULCAN,450.759668,1909.92311,1,0.23600932709798983
JUNIN,JAUJA,LEONOR ORDOÑEZ,1023.770587,2109.0583229999997,2,0.4854159677973022
JUNIN,JAUJA,LLOCLLAPAMPA,650.45684,10918.214069,3,0.05957538805241391
JUNIN,JAUJA,MARCO,1685.223815,2871.085862,4,0.5869639209696336
JUNIN,JAUJA,MASMA,886.714074,1450.028951,3,0.6115147379564285
JUNIN,JAUJA,MASMA CHICCHE,800.383217,3374.001561,2,0.23722076072862847
JUNIN,JAUJA,MOLINOS,1170.5298149999999,31399.782031,3,0.03727827836016101
JUNIN,JAUJA,MONOBAMBA,4550.474312,93469.275537,3,0.04868417226790943
JUNIN,JAUJA,MUQUI,757.945547,1194.127727,2,0.634727366145481
JUNIN,JAUJA,MUQUIYAUYO,1098.417882,2081.588117,2,0.5276826251213654
JUNIN,JAUJA,PACA,1183.181879,3399.5470139999998,3,0.34804104021136506
JUNIN,JAUJA,PACCHA,1903.743546,8910.751433,8,0.21364567963928302
JUNIN,JAUJA,PANCAN,606.886011,1138.512897,3,0.5330515030608388
JUNIN,JAUJA,PARCO,1903.5351170000001,3396.117194,4,0.5605033655384509
JUNIN,JAUJA,POMACANCHA,2790.2738440000003,28132.770840999998,6,0.0991823329372706
JUNIN,JAUJA,RICRAN,1185.995194,31983.500922,3,0.03708146887647962
JUNIN,JAUJA,SAN LORENZO,1870.101843,2431.279622,3,0.7691841884734063
JUNIN,JAUJA,SAN PEDRO DE CHUNAN,440.28407100000004,870.571331,3,0.5057415232066722
JUNIN,JAUJA,SAUSA,241.196175,468.923851,1,0.5143610726680653
JUNIN,JAUJA,SINCOS,6504.34994,23100.198542,10,0.28157117040245394
JUNIN,JAUJA,TUNAN MARCA,1903.238397,3267.60685,2,0.5824563616029879
JUNIN,JAUJA,YAULI,1017.990064,9307.479930999998,3,0.10937332892971673
JUNIN,JAUJA,YAUYOS,1460.0408579999998,1959.086834,3,0.7452660253037053
JUNIN,JUNIN,CARHUAMAYO,3952.871599,20455.738677,1,0.19324022766503784
JUNIN,JUNIN,JUNIN,10671.396938,86957.705302,1,0.12271939445663547
JUNIN,JUNIN,ONDORES,3304.629971,28946.396542,1,0.11416377738780444
JUNIN,JUNIN,ULCUMAYO,13095.168302,113210.629384,11,0.11567083738738346
JUNIN,SATIPO,COVIRIALI,3772.188183,9754.062535000001,2,0.3867299568220371
JUNIN,SATIPO,LLAYLLA,8510.316989,30817.747525,2,0.27614987052821605
JUNIN,SATIPO,MAZAMARI,28468.648553037,125787.91967298,8,0.2263225962163061
JUNIN,SATIPO,PAMPA HERMOSA,5306.865064,95000.448144,4,0.05586147400016416
JUNIN,SATIPO,PANGOA,58009.90892794,441379.18935218,14,0.13142873594263058
JUNIN,SATIPO,RIO NEGRO,22462.347235,48812.905438,8,0.46017230552954247
JUNIN,SATIPO,RIO TAMBO,42804.664065000004,1021037.300183,11,0.04192272315353038
JUNIN,SATIPO,SATIPO,35251.456067,81508.53765099999,6,0.4324878973775518
JUNIN,SATIPO,VIZCATAN DEL ENE,7120.463174,60713.036537,3,0.11728062999551368
JUNIN,TARMA,ACOBAMBA,5036.323888,10718.041093,5,0.46989219805186655
JUNIN,TARMA,HUARICOLCA,1998.509157,16464.516703999998,4,0.12138280114316802
JUNIN,TARMA,HUASAHUASI,1593.859996,63690.500192,6,0.025025082095370334
JUNIN,TARMA,LA UNION,2888.983273,15147.290265,4,0.19072607855646714
JUNIN,TARMA,PALCA,5443.488855,27033.098724,4,0.2013638506845413
JUNIN,TARMA,PALCAMAYO,4894.909622,16777.528761,3,0.291753910348132
JUNIN,TARMA,SAN PEDRO DE CAJAS,3468.286945,51202.314400999996,3,0.06773691747286062
JUNIN,TARMA,TAPO,5229.185768,21494.840213,5,0.24327632660592696
JUNIN,TARMA,TARMA,8336.719541,44530.050514999995,6,0.18721558688085851
JUNIN,YAULI,CHACAPALPA,244.695338,18602.048177,3,0.013154214830093115
JUNIN,YAULI,HUAY-HUAY,108.204594,19304.924387,1,0.005605025527728321
JUNIN,YAULI,LA OROYA,49.207,37989.278002,3,0.0012952865278831945
JUNIN,YAULI,MARCAPOMACOCHA,286.883094,88332.711419,1,0.003247756005577484
JUNIN,YAULI,MOROCOCHA,10.279196,26480.149107,1,0.00038818497427881574
JUNIN,YAULI,PACCHA,21.581711,32270.660297,1,0.0006687719061641362
JUNIN,YAULI,SANTA BARBARA DE CARHUACAYAN,146.080447,68032.287637,1,0.0021472223274254967
JUNIN,YAULI,SANTA ROSA DE SACCO,17.922801,10028.908815,1,0.001787113765875834
JUNIN,YAULI,SUITUCANCHA,0.0,21533.901947,1,0.0
JUNIN,YAULI,YAULI,49.24577,41060.128229,1,0.0011993574332098318
LA LIBERTAD,ASCOPE,ASCOPE,4153.259894999999,29777.787555000003,2,0.13947509993242005
LA LIBERTAD,ASCOPE,CASA GRANDE,13145.920187,65917.219422,2,0.1994307451417243
LA LIBERTAD,ASCOPE,CHICAMA,11382.046311,89706.333264,3,0.12688118995459735
LA LIBERTAD,ASCOPE,CHOCOPE,8539.426062999999,9908.969356,3,0.8617875135348233
LA LIBERTAD,ASCOPE,MAGDALENA DE CAO,12360.067661000001,16040.999572,3,0.770529766896499
LA LIBERTAD,ASCOPE,PAIJAN,5526.1885139999995,8208.434894,3,0.6732329104588984
LA LIBERTAD,ASCOPE,RAZURI,12346.435971,31054.101958,2,0.397578264787637
LA LIBERTAD,ASCOPE,SANTIAGO DE CAO,10156.345054,13601.928698,4,0.7466841857135575
LA LIBERTAD,BOLIVAR,BAMBAMARCA,2294.818662,16449.752955,3,0.1395047492979204
LA LIBERTAD,BOLIVAR,BOLIVAR,4028.179034,73708.25805599999,3,0.05465030839474707
LA LIBERTAD,BOLIVAR,CONDORMARCA,2311.980181,32385.660057,3,0.07138900911486214
LA LIBERTAD,BOLIVAR,LONGOTEA,1199.741731,18919.662481,2,0.06341242779594172
LA LIBERTAD,BOLIVAR,UCHUMARCA,2712.086518,22132.039881999997,3,0.12254119062046973
LA LIBERTAD,BOLIVAR,UCUNCHA,680.465522,10035.581267000001,2,0.06780529237878573
LA LIBERTAD,CHEPEN,CHEPEN,8901.883267000001,28847.670138,4,0.30858239935549836
LA LIBERTAD,CHEPEN,PACANGA,21153.673153,58806.293553,4,0.35971784438233556
LA LIBERTAD,CHEPEN,PUEBLO NUEVO,10453.547489999999,27020.913326,4,0.38686876952976307
LA LIBERTAD,GRAN CHIMU,CASCAS,6741.087987999999,46686.879323,6,0.14438934633780598
LA LIBERTAD,GRAN CHIMU,LUCMA,4995.179945,28771.219577,4,0.1736172473200683
LA LIBERTAD,GRAN CHIMU,MARMOT,1773.767022,30026.122787,3,0.05907412803786853
LA LIBERTAD,GRAN CHIMU,SAYAPULLO,6685.284626,23459.581851000003,4,0.2849703233612848
LA LIBERTAD,JULCAN,CALAMARCA,7490.992276,20908.664069,6,0.3582721617832312
LA LIBERTAD,JULCAN,CARABAMBA,9503.227794999999,23448.111804,4,0.40528755041925585
LA LIBERTAD,JULCAN,HUASO,14983.401598,43905.255951,4,0.34126669514743446
LA LIBERTAD,JULCAN,JULCAN,14752.791303999998,22794.460828,6,0.6472094872223577
LA LIBERTAD,OTUZCO,AGALLPAMPA,20684.917674,25846.114896,4,0.8003105208358121
LA LIBERTAD,OTUZCO,CHARAT,3082.602019,6585.027128,2,0.46812290353255476
LA LIBERTAD,OTUZCO,HUARANCHAL,4688.133038,13535.136213999998,3,0.3463676289530691
LA LIBERTAD,OTUZCO,LA CUESTA,1323.574598,4145.098671,2,0.31931075784999086
LA LIBERTAD,OTUZCO,MACHE,3458.2966180000003,3732.7056709999997,2,0.9264852155014717
LA LIBERTAD,OTUZCO,OTUZCO,22647.739506,40216.785919999995,6,0.563141459167108
LA LIBERTAD,OTUZCO,PARANDAY,1372.9504140000001,2216.329168,2,0.619470444112298
LA LIBERTAD,OTUZCO,SALPO,8232.85278,19557.623334999997,3,0.4209536424227285
LA LIBERTAD,OTUZCO,SINSICAP,10014.355366,45373.980909,4,0.2207070035596907
LA LIBERTAD,OTUZCO,USQUIL,29553.970888,46756.703574,5,0.632079865109098
LA LIBERTAD,PACASMAYO,GUADALUPE,7974.218666999999,16736.222492,4,0.47646466643304464
LA LIBERTAD,PACASMAYO,JEQUETEPEQUE,1914.137739,4871.29244,3,0.39294248140027493
LA LIBERTAD,PACASMAYO,PACASMAYO,653.991054,3448.775425,1,0.18962993335525755
LA LIBERTAD,PACASMAYO,SAN JOSE,5451.432222,17824.147054,5,0.3058453347295863
LA LIBERTAD,PACASMAYO,SAN PEDRO DE LLOC,6854.747753,68230.732202,4,0.10046422677549796
LA LIBERTAD,PATAZ,BULDIBUYO,3678.695781,23007.460408,3,0.15989143155151833
LA LIBERTAD,PATAZ,CHILLIA,12633.899671,30884.657049,5,0.4090671834547396
LA LIBERTAD,PATAZ,HUANCASPATA,6633.075644,24213.525822,3,0.2739409242900635
LA LIBERTAD,PATAZ,HUAYLILLAS,1289.827415,9290.427079,3,0.1388340281918271
LA LIBERTAD,PATAZ,HUAYO,5889.17471,12524.729431,4,0.4702037471103914
LA LIBERTAD,PATAZ,ONGON,856.53142,131290.358397,4,0.00652394761091285
LA LIBERTAD,PATAZ,PARCOY,8411.477283,27790.659829,5,0.3026728165058711
LA LIBERTAD,PATAZ,PATAZ,4179.717504,39335.810088,5,0.10625731349244764
LA LIBERTAD,PATAZ,PIAS,2473.847713,31032.176152,2,0.07971879577129053
LA LIBERTAD,PATAZ,SANTIAGO DE CHALLAS,4283.495181,13056.211577,3,0.3280810176625709
LA LIBERTAD,PATAZ,TAURIJA,3215.7734060000003,13053.892987,2,0.24634592984655976
LA LIBERTAD,PATAZ,TAYABAMBA,12445.982134999998,33816.895639,4,0.36804035083121067
LA LIBERTAD,PATAZ,URPAY,2591.60106,10251.194520000001,2,0.25280966573639846
LA LIBERTAD,SANCHEZ CARRION,CHUGAY,16595.497424,41747.507088,7,0.39752068043292216
LA LIBERTAD,SANCHEZ CARRION,COCHORCO,10200.343945,26284.452888,5,0.38807518606015584
LA LIBERTAD,SANCHEZ CARRION,CURGOS,6933.644575,9839.377819,3,0.7046832332844277
LA LIBERTAD,SANCHEZ CARRION,HUAMACHUCO,22889.590619000002,41600.837751,7,0.5502194632715006
LA LIBERTAD,SANCHEZ CARRION,MARCABAL,9943.354884,23563.780502,5,0.42197621401014357
LA LIBERTAD,SANCHEZ CARRION,SANAGORAN,13767.353973,33734.474732,6,0.4081093327337479
LA LIBERTAD,SANCHEZ CARRION,SARIN,7293.477208,33588.323598999996,4,0.2171432339129049
LA LIBERTAD,SANCHEZ CARRION,SARTIMBAMBA,15212.152264,39800.269235,7,0.3822122954540863
LA LIBERTAD,SANTIAGO DE CHUCO,ANGASMARCA,4638.86316,15036.983287,5,0.30849692863664085
LA LIBERTAD,SANTIAGO DE CHUCO,CACHICADAN,5371.194757,27041.056486,4,0.19863109859560538
LA LIBERTAD,SANTIAGO DE CHUCO,MOLLEBAMBA,2215.534025,6942.85748,3,0.31910982349590156
LA LIBERTAD,SANTIAGO DE CHUCO,MOLLEPATA,2668.959718,6911.9220080000005,3,0.38613857548029207
LA LIBERTAD,SANTIAGO DE CHUCO,QUIRUVILCA,8181.140596,55477.060613999995,6,0.14746889084342432
LA LIBERTAD,SANTIAGO DE CHUCO,SANTA CRUZ DE CHUCA,5848.877874,16353.350902,4,0.35765623260029766
LA LIBERTAD,SANTIAGO DE CHUCO,SANTIAGO DE CHUCO,17109.672477,108088.630171,6,0.15829299020564788
LA LIBERTAD,SANTIAGO DE CHUCO,SITABAMBA,8302.03918,31520.214669,5,0.263387774073919
LA LIBERTAD,TRUJILLO,EL PORVENIR,79.222383,3839.085214,1,0.020635744867318798
LA LIBERTAD,TRUJILLO,FLORENCIA DE MORA,0.0,250.856554,1,0.0
LA LIBERTAD,TRUJILLO,HUANCHACO,1693.435733,31629.308427,2,0.053540080931849206
LA LIBERTAD,TRUJILLO,LA ESPERANZA,1.108057,2112.539957,1,0.0005245141027171587
LA LIBERTAD,TRUJILLO,LAREDO,7613.637314,49239.0457,5,0.15462601286767017
LA LIBERTAD,TRUJILLO,MOCHE,1699.3194819999999,2819.684937,2,0.6026628931840834
LA LIBERTAD,TRUJILLO,POROTO,1312.911974,15033.388492,3,0.08733307029873302
LA LIBERTAD,TRUJILLO,SALAVERRY,7338.939,28849.704422000003,2,0.25438524057818507
LA LIBERTAD,TRUJILLO,SIMBAL,1705.1120700000001,38870.296555,2,0.04386671111673488
LA LIBERTAD,TRUJILLO,TRUJILLO,957.894339,3823.637987,2,0.2505190978478476
LA LIBERTAD,TRUJILLO,VICTOR LARCO HERRERA,499.04090599999995,1184.944966,2,0.4211511254270352
LA LIBERTAD,VIRU,CHAO,18214.087179,167398.563181,9,0.10880671155645454
LA LIBERTAD,VIRU,GUADALUPITO,1428.764831,42706.285896,5,0.03345560966082097
LA LIBERTAD,VIRU,VIRU,28716.847911,108508.469325,16,0.26465075113158687
LAMBAYEQUE,CHICLAYO,CAYALTI,4707.487951,16440.628894999998,4,0.28633259597701055
LAMBAYEQUE,CHICLAYO,CHICLAYO,2471.954222,4716.826931,4,0.5240714272880749
LAMBAYEQUE,CHICLAYO,CHONGOYAPE,9321.101864,72121.697482,12,0.1292412989354049
LAMBAYEQUE,CHICLAYO,ETEN,842.185781,8323.936592,2,0.1011763811138844
LAMBAYEQUE,CHICLAYO,ETEN PUERTO,5.778922,1316.3533,1,0.004390099527231785
LAMBAYEQUE,CHICLAYO,JOSE LEONARDO ORTIZ,1621.451498,2926.904611,4,0.5539816678364582
LAMBAYEQUE,CHICLAYO,LA VICTORIA,2725.5133570000003,4087.52813,4,0.6667876697890762
LAMBAYEQUE,CHICLAYO,LAGUNAS,10880.552807,42988.222456999996,8,0.253105436445611
LAMBAYEQUE,CHICLAYO,MONSEFU,3633.048182,4677.899389,5,0.7766409407057899
LAMBAYEQUE,CHICLAYO,NUEVA ARICA,2196.25518,21147.430513,5,0.10385446963166008
LAMBAYEQUE,CHICLAYO,OYOTUN,6245.340991,48673.258609,8,0.12831154456227833
LAMBAYEQUE,CHICLAYO,PATAPO,6516.8820240000005,18401.991475,7,0.3541400414652676
LAMBAYEQUE,CHICLAYO,PICSI,4146.559378,5226.073536,4,0.7934368602807199
LAMBAYEQUE,CHICLAYO,PIMENTEL,3063.819831,6657.260575,3,0.46022230863330743
LAMBAYEQUE,CHICLAYO,POMALCA,6484.466727999999,7660.846364,4,0.8464426017563716
LAMBAYEQUE,CHICLAYO,PUCALA,6108.523453,17497.190093999998,4,0.3491145389735857
LAMBAYEQUE,CHICLAYO,REQUE,1573.416117,4530.442024,2,0.347298587790073
LAMBAYEQUE,CHICLAYO,SANTA ROSA,552.70592,1358.268853,1,0.4069193803415589
LAMBAYEQUE,CHICLAYO,SAÑA,9366.614382,31401.877502,6,0.2982819858909212
LAMBAYEQUE,CHICLAYO,TUMAN,7880.5504710000005,12565.831319,2,0.6271411951141121
LAMBAYEQUE,FERREÑAFE,CAÑARIS,11460.512395,28902.323766999998,6,0.3965256388168119
LAMBAYEQUE,FERREÑAFE,FERREÑAFE,5452.105859,6018.828099,9,0.9058417634332906
LAMBAYEQUE,FERREÑAFE,INCAHUASI,17747.215854000002,43531.762456,7,0.4076842942423503
LAMBAYEQUE,FERREÑAFE,MANUEL ANTONIO MESONES MURO,5317.857131,20933.312608,8,0.254038012548845
LAMBAYEQUE,FERREÑAFE,PITIPO,14914.084346,54971.139863000004,9,0.27130753306497063
LAMBAYEQUE,FERREÑAFE,PUEBLO NUEVO,2881.373156,3112.343049,4,0.9257890632993652
LAMBAYEQUE,LAMBAYEQUE,CHOCHOPE,1323.159997,7729.072645,3,0.17119259421839733
LAMBAYEQUE,LAMBAYEQUE,ILLIMO,2087.672122,2402.66279,5,0.8688993439649515
LAMBAYEQUE,LAMBAYEQUE,JAYANCA,18914.51209,68712.332989,6,0.2752709923708744
LAMBAYEQUE,LAMBAYEQUE,LAMBAYEQUE,20140.585339,32496.788023,12,0.6197715701854981
LAMBAYEQUE,LAMBAYEQUE,MOCHUMI,9640.916265,10262.769353,7,0.9394068923688497
LAMBAYEQUE,LAMBAYEQUE,MORROPE,17201.598528,105316.295819,6,0.16333273397274836
LAMBAYEQUE,LAMBAYEQUE,MOTUPE,16936.840094,55568.833369,4,0.3047902766202124
LAMBAYEQUE,LAMBAYEQUE,OLMOS,56563.976053,556639.94372,3,0.10161681117417745
LAMBAYEQUE,LAMBAYEQUE,PACORA,6937.554351000001,8869.207769,4,0.7822067688219471
LAMBAYEQUE,LAMBAYEQUE,SALAS,23846.26579,100304.819564,8,0.23773798600758927
LAMBAYEQUE,LAMBAYEQUE,SAN JOSE,3206.293627,4515.376521,3,0.7100833368132756
LAMBAYEQUE,LAMBAYEQUE,TUCUME,5377.622377,6337.873351,9,0.848490034303306
LIMA,BARRANCA,BARRANCA,7575.118691,16093.441442,6,0.4706960110614233
LIMA,BARRANCA,PARAMONGA,4821.654861,41403.033187,3,0.11645656102591863
LIMA,BARRANCA,PATIVILCA,7991.776952,28222.639869000002,4,0.2831690086078106
LIMA,BARRANCA,SUPE,11744.527806,51971.894463000004,8,0.22597844329806374
LIMA,BARRANCA,SUPE PUERTO,880.596759,1546.586394,1,0.5693809039160602
LIMA,CAJATAMBO,CAJATAMBO,3052.0111150000002,55239.566365000006,6,0.05525045390171212
LIMA,CAJATAMBO,COPA,1458.5309359999999,20547.970918,3,0.07098175006284092
LIMA,CAJATAMBO,GORGOR,3073.973151,33624.759343,5,0.09141993016642778
LIMA,CAJATAMBO,HUANCAPON,2178.855191,15018.285023,4,0.14508015979608566
LIMA,CAJATAMBO,MANAS,1185.477167,28287.893325,3,0.041907580510857995
LIMA,CANTA,ARAHUAY,737.6748789999999,13526.985906,4,0.05453357341584857
LIMA,CANTA,CANTA,3661.287673,13416.249967,4,0.2728994824936687
LIMA,CANTA,HUAMANTANGA,2278.512838,49340.123817,5,0.046179714636527626
LIMA,CANTA,HUAROS,855.338163,32734.230589,3,0.026129777532862726
LIMA,CANTA,LACHAQUI,1681.440396,12838.254833,3,0.13097110299430678
LIMA,CANTA,SAN BUENAVENTURA,789.5981850000001,10756.955075,3,0.07340350308193512
LIMA,CANTA,SANTA ROSA DE QUIVES,2695.541705,40949.836519,5,0.06582545705034297
LIMA,CAÑETE,ASIA,2471.463671,28225.075479,3,0.0875626948398709
LIMA,CAÑETE,CALANGO,1021.80477,52689.466572,2,0.01939296099351674
LIMA,CAÑETE,CERRO AZUL,1599.591009,12037.87917,3,0.13287980269700614
LIMA,CAÑETE,CHILCA,2608.152402,48324.403924,1,0.05397174492005846
LIMA,CAÑETE,COAYLLO,1168.079584,60029.041450000004,2,0.019458574646288977
LIMA,CAÑETE,IMPERIAL,4749.133484,5228.750611,7,0.9082730918565891
LIMA,CAÑETE,LUNAHUANA,1379.513487,49342.160466,3,0.02795810872429422
LIMA,CAÑETE,MALA,3178.0849580000004,13098.535409,3,0.24262903132027563
LIMA,CAÑETE,NUEVO IMPERIAL,3485.49723,32016.402057,5,0.10886598762080257
LIMA,CAÑETE,PACARAN,495.303609,23840.862489,2,0.02077540647820646
LIMA,CAÑETE,QUILMANA,4888.200905,44900.007194,5,0.10886859959463907
LIMA,CAÑETE,SAN ANTONIO,598.427504,3935.297998,1,0.1520666298471255
LIMA,CAÑETE,SAN LUIS,3225.740268,3745.597768,6,0.8612084019161558
LIMA,CAÑETE,SAN VICENTE DE CAÑETE,8992.59984,51918.228509,12,0.17320698525838835
LIMA,CAÑETE,SANTA CRUZ DE FLORES,1234.130357,9440.592984,2,0.13072593629357973
LIMA,CAÑETE,ZUÑIGA,742.884671,12928.455071,2,0.05746120993732461
LIMA,HUARAL,ATAVILLOS ALTO,1217.5427300000001,34513.812623,6,0.03527696992793632
LIMA,HUARAL,ATAVILLOS BAJO,1828.734147,17659.297865,5,0.10355644720306097
LIMA,HUARAL,AUCALLAMA,7624.855493,71936.23237,5,0.10599464611632677
LIMA,HUARAL,CHANCAY,5049.741012,15478.556566,3,0.32624108006893854
LIMA,HUARAL,HUARAL,12480.776081,64565.753865,8,0.1933033432413095
LIMA,HUARAL,IHUARI,4439.748622,47428.731498,8,0.09360884176687748
LIMA,HUARAL,LAMPIAN,1011.2847670000001,14797.893057,2,0.06833978074477445
LIMA,HUARAL,PACARAOS,1607.074,30569.442962999998,4,0.05257125561447543
LIMA,HUARAL,SAN MIGUEL DE ACOS,429.185553,4159.065490999999,3,0.10319278547758749
LIMA,HUARAL,SANTA CRUZ DE ANDAMARCA,999.3411619999999,21627.253187,3,0.046207493543410194
LIMA,HUARAL,SUMBILCA,1883.462193,23690.534515,3,0.07950273100876888
LIMA,HUARAL,VEINTISIETE DE NOVIEMBRE,987.731633,20684.822725,2,0.04775151550156686
LIMA,HUAROCHIRI,ANTIOQUIA,1134.675457,41751.256983,1,0.027177037028178808
LIMA,HUAROCHIRI,CALLAHUANCA,322.740118,5053.0944580000005,2,0.0638697971475759
LIMA,HUAROCHIRI,CARAMPOMA,604.090271,23183.50749,2,0.026056897182644558
LIMA,HUAROCHIRI,CHICLA,349.946026,23505.295918,1,0.014887965130105707
LIMA,HUAROCHIRI,CUENCA,335.148266,6754.221292,1,0.04962056342408628
LIMA,HUAROCHIRI,HUACHUPAMPA,479.804582,7880.371781,2,0.06088603372201736
LIMA,HUAROCHIRI,HUANZA,343.462398,23408.890272999997,2,0.014672305863048634
LIMA,HUAROCHIRI,HUAROCHIRI,1306.669684,24039.444755,4,0.05435523562698859
LIMA,HUAROCHIRI,LAHUAYTAMBO,1121.291518,8199.547146,2,0.1367504202408302
LIMA,HUAROCHIRI,LANGA,802.808796,7671.6642919999995,2,0.10464597582002746
LIMA,HUAROCHIRI,MARIATANA,813.7576730000001,16850.384834,4,0.04829312095935245
LIMA,HUAROCHIRI,MATUCANA,2506.064221,18055.695386,2,0.1387963281072602
LIMA,HUAROCHIRI,RICARDO PALMA,103.632402,3516.714605,1,0.029468527770964797
LIMA,HUAROCHIRI,SAN ANDRES DE TUPICOCHA,1932.532227,9651.746321,2,0.20022617283208638
LIMA,HUAROCHIRI,SAN ANTONIO,1100.395846,57033.637213,3,0.019293804494537485
LIMA,HUAROCHIRI,SAN BARTOLOME,471.381131,4267.639985,1,0.11045475547534969
LIMA,HUAROCHIRI,SAN DAMIAN,2130.771256,33348.124562,2,0.06389478520864114
LIMA,HUAROCHIRI,SAN JUAN DE IRIS,440.85075,12837.451829,1,0.03434098572460552
LIMA,HUAROCHIRI,SAN JUAN DE TANTARANCHE,311.928828,13885.341508,1,0.022464613334881475
LIMA,HUAROCHIRI,SAN LORENZO DE QUINTI,1490.6393979999998,44994.223105000005,4,0.03312957297921101
LIMA,HUAROCHIRI,SAN MATEO,1226.630451,41667.171665,3,0.02943877402723634
LIMA,HUAROCHIRI,SAN MATEO DE OTAO,903.077429,13451.504336999998,2,0.06713579435988998
LIMA,HUAROCHIRI,SAN PEDRO DE CASTA,920.316028,8238.755822,1,0.11170570507047611
LIMA,HUAROCHIRI,SAN PEDRO DE HUANCAYRE,440.780869,3939.238388,1,0.11189494658224781
LIMA,HUAROCHIRI,SAN PEDRO DE LARAOS,337.419072,11736.142782,1,0.02875042322401766
LIMA,HUAROCHIRI,SANGALLAYA,1064.440079,9258.825681999999,3,0.11496491191851343
LIMA,HUAROCHIRI,SANTA CRUZ DE COCACHACRA,327.253946,3329.102424,1,0.09830095452779616
LIMA,HUAROCHIRI,SANTA EULALIA,803.520258,11668.629347,1,0.06886158040546422
LIMA,HUAROCHIRI,SANTIAGO DE ANCHUCAYA,554.124533,9478.631967,3,0.05846039121776148
LIMA,HUAROCHIRI,SANTIAGO DE TUNA,885.437848,6285.060578,1,0.14087976352994191
LIMA,HUAROCHIRI,SANTO DOMINGO DE LOS OLLEROS,1300.170942,57776.720725,3,0.022503370313944032
LIMA,HUAROCHIRI,SURCO,964.7659679999999,10682.804522,3,0.09031017707130895
LIMA,HUAURA,AMBAR,3937.963234,94207.466679,3,0.04180096729931301
LIMA,HUAURA,CALETA DE CARQUIN,239.475184,329.825982,1,0.7260652497655566
LIMA,HUAURA,CHECRAS,2780.840839,16694.989565,5,0.16656739006473287
LIMA,HUAURA,HUACHO,5203.973327,71186.671011,4,0.07310319829671294
LIMA,HUAURA,HUALMAY,247.80282,606.097558,1,0.408849725146063
LIMA,HUAURA,HUAURA,10149.061623,48176.018972000005,5,0.21066625760212054
LIMA,HUAURA,LEONCIO PRADO,1722.490677,29483.781677,5,0.05842163314971558
LIMA,HUAURA,PACCHO,2796.059937,23755.327309,5,0.11770243788393006
LIMA,HUAURA,SANTA LEONOR,1853.531735,37461.40038,4,0.04947844224183271
LIMA,HUAURA,SANTA MARIA,3343.435077,13559.107883,3,0.24658223135696838
LIMA,HUAURA,SAYAN,13140.412692,131441.326151,4,0.0999716989838057
LIMA,HUAURA,VEGUETA,8630.060348,25796.753425000003,4,0.3345405604271306
LIMA,LIMA,ANCON,32.32931,31070.090368,1,0.001040528354346111
LIMA,LIMA,ATE,0.0,8503.850258,2,0.0
LIMA,LIMA,BARRANCO,0.0,274.851905,1,0.0
LIMA,LIMA,BREÑA,0.0,321.282838,1,0.0
LIMA,LIMA,CARABAYLLO,2764.199497,31223.514799,6,0.08852941492315687
LIMA,LIMA,CHACLACAYO,0.246259,4280.544383,1,5.7529832181627906e-05
LIMA,LIMA,CHORRILLOS,0.0,3701.555345,1,0.0
LIMA,LIMA,CIENEGUILLA,786.302406,22497.006698,1,0.03495142338513429
LIMA,LIMA,COMAS,56.108029,4888.0889449999995,2,0.011478520467061593
LIMA,LIMA,EL AGUSTINO,0.0,1338.936074,1,0.0
LIMA,LIMA,INDEPENDENCIA,0.0,1611.769375,1,0.0
LIMA,LIMA,JESUS MARIA,0.0,434.330347,1,0.0
LIMA,LIMA,LA MOLINA,0.456533,4873.980971,1,9.366737431195441e-05
LIMA,LIMA,LA VICTORIA,0.0,914.184059,1,0.0
LIMA,LIMA,LIMA,0.0,2152.165961,1,0.0
LIMA,LIMA,LINCE,0.0,274.948163,1,0.0
LIMA,LIMA,LOS OLIVOS,0.0,1822.441893,1,0.0
LIMA,LIMA,LURIGANCHO,577.9697679999999,24508.684594,6,0.02358224350161548
LIMA,LIMA,LURIN,2091.175071,18763.079425,3,0.11145159190733427
LIMA,LIMA,MAGDALENA DEL MAR,0.0,326.575242,1,0.0
LIMA,LIMA,MIRAFLORES,0.0,914.876593,1,0.0
LIMA,LIMA,PACHACAMAC,2142.35968,18589.776937,5,0.11524396915898293
LIMA,LIMA,PUCUSANA,55.293925,2908.310087,1,0.01901238978854458
LIMA,LIMA,PUEBLO LIBRE,0.0,464.517282,1,0.0
LIMA,LIMA,PUENTE PIEDRA,142.78464400000001,5055.725055999999,2,0.028242169504559395
LIMA,LIMA,PUNTA HERMOSA,247.177832,12194.618158,1,0.02026941957488391
LIMA,LIMA,PUNTA NEGRA,198.212518,12965.181957,1,0.015288062956415629
LIMA,LIMA,RIMAC,0.0,1206.676399,1,0.0
LIMA,LIMA,SAN BARTOLO,0.0,5364.259621,1,0.0
LIMA,LIMA,SAN BORJA,0.0,1035.913069,1,0.0
LIMA,LIMA,SAN ISIDRO,0.0,970.024322,1,0.0
LIMA,LIMA,SAN JUAN DE LURIGANCHO,5.571419,14045.068062,1,0.0003966815237495287
LIMA,LIMA,SAN JUAN DE MIRAFLORES,0.0,2222.949223,1,0.0
LIMA,LIMA,SAN LUIS,0.0,348.737481,1,0.0
LIMA,LIMA,SAN MARTIN DE PORRES,198.607808,3634.178245,1,0.0546499908949843
LIMA,LIMA,SAN MIGUEL,0.0,958.844862,1,0.0
LIMA,LIMA,SANTA ANITA,0.0,1067.907453,1,0.0
LIMA,LIMA,SANTA MARIA DEL MAR,0.0,774.907499,1,0.0
LIMA,LIMA,SANTA ROSA,0.0,1743.711883,1,0.0
LIMA,LIMA,SANTIAGO DE SURCO,1.264016,3471.320313,1,0.0003641311910244337
LIMA,LIMA,SURQUILLO,0.0,462.900418,1,0.0
LIMA,LIMA,VILLA EL SALVADOR,0.0,3384.304142,1,0.0
LIMA,LIMA,VILLA MARIA DEL TRIUNFO,0.562365,6622.292408,1,8.491998923524429e-05
LIMA,OYON,ANDAJES,1480.891722,15301.631507,2,0.09677998854713891
LIMA,OYON,CAUJUL,717.322279,10445.318686,3,0.06867404437946317
LIMA,OYON,COCHAMARCA,1239.9247110000001,25859.959811,4,0.047947665814723185
LIMA,OYON,NAVAN,1540.7173,23073.618643,3,0.06677397784189425
LIMA,OYON,OYON,3357.392942,87680.325454,7,0.03829129197018548
LIMA,OYON,PACHANGARA,2509.201329,25516.763559,7,0.09833540696484533
LIMA,YAUYOS,ALIS,9.474206,14064.746973000001,2,0.0006736136823639678
LIMA,YAUYOS,ALLAUCA,1534.197335,51771.098325,4,0.0296342435188234
LIMA,YAUYOS,AYAVIRI,1081.227461,24473.123718,1,0.04418019838655727
LIMA,YAUYOS,AZANGARO,954.134393,7740.528414,2,0.1232647620379887
LIMA,YAUYOS,CACRA,595.986537,20978.233303,1,0.028409758266668275
LIMA,YAUYOS,CARANIA,498.617444,12201.047072,2,0.040866774880679684
LIMA,YAUYOS,CATAHUASI,582.296647,11823.043095,2,0.04925099590022259
LIMA,YAUYOS,CHOCOS,448.887467,21215.545044,1,0.021158422565577713
LIMA,YAUYOS,COCHAS,272.525317,3808.723592,1,0.07155292591261371
LIMA,YAUYOS,COLONIA,2619.477858,34625.694009,5,0.07565127380029231
LIMA,YAUYOS,HONGOS,315.494356,12097.796934,1,0.026078661901930714
LIMA,YAUYOS,HUAMPARA,522.175979,5401.931868,1,0.09666467326129556
LIMA,YAUYOS,HUANCAYA,162.363604,27777.510209,2,0.0058451460472290166
LIMA,YAUYOS,HUANGASCAR,863.725172,5003.200804,1,0.1726345205472189
LIMA,YAUYOS,HUANTAN,351.729006,51297.647478,2,0.006856630338668959
LIMA,YAUYOS,HUAÑEC,313.430841,4232.515689,2,0.0740530842719813
LIMA,YAUYOS,LARAOS,255.404272,40933.141934,1,0.006239547220973414
LIMA,YAUYOS,LINCHA,521.852296,21819.753646,2,0.02391650723772796
LIMA,YAUYOS,MADEAN,927.39546,20852.704743000002,3,0.04447362926918702
LIMA,YAUYOS,MIRAFLORES,356.206077,20181.31806,2,0.0176502880506111
LIMA,YAUYOS,OMAS,1030.059283,29441.38289,2,0.034986783292365924
LIMA,YAUYOS,PUTINZA,209.175491,7135.355669,1,0.02931535591263881
LIMA,YAUYOS,QUINCHES,1783.536492,11469.61951,3,0.15550092925445266
LIMA,YAUYOS,QUINOCAY,402.832187,15741.405536999999,2,0.025590611083181065
LIMA,YAUYOS,SAN JOAQUIN,300.598299,7574.221575,1,0.03968702209507252
LIMA,YAUYOS,SAN PEDRO DE PILAS,730.862584,10033.310227000002,2,0.0728436146659975
LIMA,YAUYOS,TANTA,0.0,34582.676378,1,0.0
LIMA,YAUYOS,TAURIPAMPA,632.369673,53035.596507,3,0.011923495060841553
LIMA,YAUYOS,TOMAS,50.277086,29140.079633,2,0.0017253585657008006
LIMA,YAUYOS,TUPE,548.462009,29013.922973,2,0.018903407495442514
LIMA,YAUYOS,VITIS,268.246546,10447.158323,1,0.025676508166765345
LIMA,YAUYOS,VIÑAC,2369.050134,15690.582712,3,0.15098547819949187
LIMA,YAUYOS,YAUYOS,1336.915316,33223.247298,3,0.04024035651928825
LORETO,ALTO AMAZONAS,BALSAPUERTO,43252.293384000004,300482.172936,4,0.14394295994795123
LORETO,ALTO AMAZONAS,JEBEROS,15197.878512,434500.10218,2,0.03497784795848906
LORETO,ALTO AMAZONAS,LAGUNAS,11666.449666,605645.532978,4,0.01926283449765621
LORETO,ALTO AMAZONAS,SANTA CRUZ,6264.910187,227000.61454799998,9,0.027598648574033994
LORETO,ALTO AMAZONAS,TENIENTE CESAR LOPEZ ROJAS,15696.822018,131977.115492,5,0.11893593794260102
LORETO,ALTO AMAZONAS,YURIMAGUAS,79812.627967,223463.746536,7,0.3571614152371789
LORETO,DATEM DEL MARAÑON,ANDOAS,4813.138757,1178843.339181,3,0.004082933327123791
LORETO,DATEM DEL MARAÑON,BARRANCA,11785.817894000002,739087.4905719999,3,0.015946444831421294
LORETO,DATEM DEL MARAÑON,CAHUAPANAS,16256.012489,478570.23610700003,3,0.033967871928762064
LORETO,DATEM DEL MARAÑON,MANSERICHE,11662.723206,357004.378064,3,0.03266829182668799
LORETO,DATEM DEL MARAÑON,MORONA,5677.735452,1104390.138246,3,0.005141059536277115
LORETO,DATEM DEL MARAÑON,PASTAZA,4161.606325,910018.24914,2,0.004573102054747658
LORETO,LORETO,NAUTA,14938.876155999998,675816.25641,3,0.02210493756891366
LORETO,LORETO,PARINARI,6148.84352,1321244.710339,2,0.0046538264046653045
LORETO,LORETO,TIGRE,13328.790765999998,2011378.295678,2,0.006626695134694739
LORETO,LORETO,TROMPETEROS,7664.769584,1256555.4584889999,2,0.006099825942594558
LORETO,LORETO,URARINAS,18839.200396,1576583.7205780002,2,0.011949381533061406
LORETO,MARISCAL RAMON CASTILLA,PEBAS,23902.440076,1125305.831122,3,0.021240839081201397
LORETO,MARISCAL RAMON CASTILLA,RAMON CASTILLA,20587.282126,686014.401173,7,0.030009985345494622
LORETO,MARISCAL RAMON CASTILLA,SAN PABLO,35212.206042,508676.167118,6,0.0692232275034652
LORETO,MARISCAL RAMON CASTILLA,YAVARI,21376.913204999997,1436961.200318,3,0.01487647209978201
LORETO,MAYNAS,ALTO NANAY,5563.613067,1455428.928973,3,0.0038226621418923383
LORETO,MAYNAS,BELEN,9287.139296,65343.080345,3,0.14212888720527916
LORETO,MAYNAS,FERNANDO LORES,23073.405114,456923.841073,3,0.05049726680887658
LORETO,MAYNAS,INDIANA,10285.51403,336758.858266,3,0.030542668076976465
LORETO,MAYNAS,IQUITOS,6012.5601799999995,36650.850425,2,0.16404967716380076
LORETO,MAYNAS,LAS AMAZONAS,6554.047956,672820.313735,4,0.009741156475518375
LORETO,MAYNAS,MAZAN,21802.731677,1005144.600397,3,0.02169113943246436
LORETO,MAYNAS,NAPO,22855.267427,2415877.719215,4,0.009460440503762933
LORETO,MAYNAS,PUNCHANA,12830.229347,160284.58459,2,0.08004655831263555
LORETO,MAYNAS,SAN JUAN BAUTISTA,31383.11609,319990.49418399995,2,0.09807515116981624
LORETO,MAYNAS,TORRES CAUSANA,4621.901991000001,691476.382263,2,0.006684106803292207
LORETO,PUTUMAYO,PUTUMAYO,2612.501089,1107715.222538,2,0.002358459138093481
LORETO,PUTUMAYO,ROSA PANDURO,1457.828531,716202.112806,2,0.0020354987857944045
LORETO,PUTUMAYO,TENIENTE MANUEL CLAVERO,10329.404724,962109.943449,1,0.010736199947139976
LORETO,PUTUMAYO,YAGUAS,836.752269,1797068.79569,1,0.00046562061007726847
LORETO,REQUENA,ALTO TAPICHE,3280.873299,906212.3757900001,2,0.003620424291976662
LORETO,REQUENA,CAPELO,2578.701641,80061.08963,2,0.03220917493026131
LORETO,REQUENA,EMILIO SAN MARTIN,6293.595572,463774.30206699995,4,0.013570384439047218
LORETO,REQUENA,JENARO HERRERA,5566.085601,116008.178614,3,0.04798011370836468
LORETO,REQUENA,MAQUIA,7952.512982,489157.64092000003,4,0.016257566716208375
LORETO,REQUENA,PUINAHUA,1451.927267,628152.1947570001,3,0.0023114259237153128
LORETO,REQUENA,REQUENA,10614.651172,307298.174915,3,0.03454186206909969
LORETO,REQUENA,SAQUENA,4192.589502,259548.535119,3,0.016153393044879817
LORETO,REQUENA,SOPLIN,931.042417,469634.725677,2,0.00198248205700262
LORETO,REQUENA,TAPICHE,1121.8697750000001,209012.35391499999,2,0.0053674806966493285
LORETO,REQUENA,YAQUERANA,5873.093787,1104924.48508,1,0.005315380251144285
LORETO,UCAYALI,CONTAMANA,24202.189641999998,1100253.553972,3,0.02199692021409813
LORETO,UCAYALI,INAHUAYA,3172.68084,62969.61216,2,0.05038431604022762
LORETO,UCAYALI,PADRE MARQUEZ,6536.335623,243491.954908,3,0.026844154360129317
LORETO,UCAYALI,PAMPA HERMOSA,22153.314244,747199.13063,2,0.029648474330158096
LORETO,UCAYALI,SARAYACU,7072.519616,624446.361022,3,0.011326064266632544
LORETO,UCAYALI,VARGAS GUERRA,13376.661441,189675.482261,2,0.0705239353106969
MADRE DE DIOS,MANU,FITZCARRALD,990.233007,1067071.468896,3,0.0009279912694362473
MADRE DE DIOS,MANU,HUEPETUHE,2826.15664,152329.953518,5,0.018552862222636
MADRE DE DIOS,MANU,MADRE DE DIOS,5181.929971,784582.31229,5,0.006604698945959206
MADRE DE DIOS,MANU,MANU,1663.341611,870329.656577,5,0.0019111627398081664
MADRE DE DIOS,TAHUAMANU,IBERIA,32762.586851,258267.972748,7,0.12685501226653242
MADRE DE DIOS,TAHUAMANU,IÑAPARI,9945.482931999999,1381905.857747,4,0.007196932320856276
MADRE DE DIOS,TAHUAMANU,TAHUAMANU,24427.328574,351001.620331,7,0.06959320743580798
MADRE DE DIOS,TAMBOPATA,INAMBARI,22713.239041,484653.875411,5,0.046864866234152244
MADRE DE DIOS,TAMBOPATA,LABERINTO,13927.984963,267642.509605,5,0.05203950965620374
MADRE DE DIOS,TAMBOPATA,LAS PIEDRAS,42079.610094,773655.3797309999,6,0.054390638514826964
MADRE DE DIOS,TAMBOPATA,TAMBOPATA,36976.767903,2071339.701189,12,0.017851619356194653
MOQUEGUA,GENERAL SANCHEZ CERRO,CHOJATA,772.208824,85831.384921,3,0.008996811885428018
MOQUEGUA,GENERAL SANCHEZ CERRO,COALAQUE,1543.019217,24469.243436,6,0.06305953925530271
MOQUEGUA,GENERAL SANCHEZ CERRO,ICHUÑA,564.271345,99875.291439,10,0.005649759183377556
MOQUEGUA,GENERAL SANCHEZ CERRO,LA CAPILLA,772.136259,78033.48780100001,9,0.009894934607678846
MOQUEGUA,GENERAL SANCHEZ CERRO,LLOQUE,291.220125,25526.438328,2,0.011408568687021255
MOQUEGUA,GENERAL SANCHEZ CERRO,MATALAQUE,491.259009,56243.286697999996,4,0.008734535939157146
MOQUEGUA,GENERAL SANCHEZ CERRO,OMATE,1243.8156060000001,25541.117921999998,9,0.048698557745142076
MOQUEGUA,GENERAL SANCHEZ CERRO,PUQUINA,2702.0958800000003,59411.855408,10,0.04548075230850566
MOQUEGUA,GENERAL SANCHEZ CERRO,QUINISTAQUILLAS,233.176555,19465.481552,2,0.01197897695862767
MOQUEGUA,GENERAL SANCHEZ CERRO,UBINAS,2369.95001,87980.99140500001,12,0.026937068702607442
MOQUEGUA,GENERAL SANCHEZ CERRO,YUNGA,350.283335,11073.567638,4,0.03163238320755539
MOQUEGUA,ILO,EL ALGARROBAL,426.102699279,74748.0573013,2,0.005700518711294847
MOQUEGUA,ILO,ILO,91.7155977767,27994.6649665,1,0.0032761812969168257
MOQUEGUA,ILO,PACOCHA,147.867392,33242.773266000004,2,0.004448106384410341
MOQUEGUA,MARISCAL NIETO,CARUMAS,2810.864522,226325.588358,6,0.012419561316035537
MOQUEGUA,MARISCAL NIETO,CUCHUMBAYA,1190.009791,6885.419445,7,0.17283039915079565
MOQUEGUA,MARISCAL NIETO,MOQUEGUA,5254.210644000001,394588.838221,6,0.013315659580459901
MOQUEGUA,MARISCAL NIETO,SAMEGUA,502.40257799999995,6460.566041,2,0.07776448298982723
MOQUEGUA,MARISCAL NIETO,SAN CRISTOBAL,1616.46961,53944.324133,5,0.029965517892384493
MOQUEGUA,MARISCAL NIETO,TORATA,3332.819507,176904.448953,6,0.01883965907429193
PASCO,DANIEL ALCIDES CARRION,CHACAYAN,1977.5780450000002,16012.222128000001,2,0.12350428498876993
PASCO,DANIEL ALCIDES CARRION,GOYLLARISQUIZGA,18.752783,1930.717381,1,0.009712857606475342
PASCO,DANIEL ALCIDES CARRION,PAUCAR,1887.7135480000002,10746.455238,4,0.1756591830694973
PASCO,DANIEL ALCIDES CARRION,SAN PEDRO DE PILLAO,980.097741,7657.790726,2,0.12798701036218418
PASCO,DANIEL ALCIDES CARRION,SANTA ANA DE TUSI,1639.021803,28522.1655,8,0.05746484442073657
PASCO,DANIEL ALCIDES CARRION,TAPUC,2088.528371,4661.982977,3,0.4479914193817958
PASCO,DANIEL ALCIDES CARRION,VILCABAMBA,689.407242,8245.143469999999,2,0.08361373510459971
PASCO,DANIEL ALCIDES CARRION,YANAHUANCA,3482.0252680000003,74106.896354,11,0.04698652135378564
PASCO,OXAPAMPA,CHONTABAMBA,7750.51914,43753.777701,3,0.1771394276618739
PASCO,OXAPAMPA,CONSTITUCION,38537.496965,305071.641548,3,0.12632277706787934
PASCO,OXAPAMPA,HUANCABAMBA,19943.169,113403.725132,3,0.17585991092256
PASCO,OXAPAMPA,OXAPAMPA,11325.86688,40188.948123,3,0.2818154594476247
PASCO,OXAPAMPA,PALCAZU,47988.989449,278759.866368,3,0.17215171636525387
PASCO,OXAPAMPA,POZUZO,17871.441643,71610.512119,3,0.24956449987819973
PASCO,OXAPAMPA,PUERTO BERMUDEZ,53812.212252,767237.026284,4,0.07013766334066482
PASCO,OXAPAMPA,VILLA RICA,17215.657852,82191.578218,4,0.20945768684886698
PASCO,PASCO,CHAUPIMARCA,0.0,1554.0943,1,0.0
PASCO,PASCO,HUACHON,5829.89696,82821.500891,8,0.0703911049338822
PASCO,PASCO,HUARIACA,1231.250059,12309.988076,4,0.10002041036907987
PASCO,PASCO,HUAYLLAY,313.274024,101764.722423,1,0.0030784147643800426
PASCO,PASCO,NINACACA,4016.3552489999997,53811.484008,5,0.07463751136101171
PASCO,PASCO,PALLANCHACRA,567.339466,7258.380916,5,0.07816336350568019
PASCO,PASCO,PAUCARTAMBO,9628.460408,79314.83285400001,10,0.1213954573380207
PASCO,PASCO,SAN FRANCISCO DE ASIS DE YARUSYACAN,1087.042305,12016.921273,4,0.09045930153860632
PASCO,PASCO,SIMON BOLIVAR,1073.010864,69092.93093100001,2,0.015529965939229985
PASCO,PASCO,TICLACAYAN,1390.985684,71384.29595900001,5,0.019485878025594323
PASCO,PASCO,TINYAHUARCO,519.705259,9611.103227,1,0.054073423906218956
PASCO,PASCO,VICCO,1728.044564,17136.407885,2,0.1008405364529522
PASCO,PASCO,YANACANCHA,912.520466,15768.177442999999,5,0.05787101707211554
PIURA,AYABACA,AYABACA,84773.513314,154291.372493,20,0.5494378068212858
PIURA,AYABACA,FRIAS,32102.057555,56029.627797,8,0.5729478994811178
PIURA,AYABACA,JILILI,6845.054017,9753.14294,3,0.7018305851877529
PIURA,AYABACA,LAGUNAS,4784.169958,19035.950638,3,0.25132288105694767
PIURA,AYABACA,MONTERO,9810.9136,12968.693226,4,0.7565074930086869
PIURA,AYABACA,PACAIPAMPA,54008.879084,129350.622511,18,0.41753860967624706
PIURA,AYABACA,SAPILLICA,15766.408603,27523.061372,8,0.5728435652525057
PIURA,AYABACA,SICCHEZ,3082.462709,3522.711905,3,0.8750254894886159
PIURA,AYABACA,SUYO,18033.012123,106904.236594,6,0.16868379306131356
PIURA,HUANCABAMBA,CANCHAQUE,14029.297331000002,31144.394924,6,0.45045978145457455
PIURA,HUANCABAMBA,EL CARMEN DE LA FRONTERA,17911.608566,67446.750631,4,0.2655666640487115
PIURA,HUANCABAMBA,HUANCABAMBA,33899.034287999995,44313.513482,8,0.7649818672529693
PIURA,HUANCABAMBA,HUARMACA,49478.012442,194071.296471,7,0.25494760606905864
PIURA,HUANCABAMBA,LALAQUIZ,10086.775194,14584.090131,4,0.6916286928698767
PIURA,HUANCABAMBA,SAN MIGUEL DE EL FAIQUE,9367.369485,20758.832373999998,4,0.4512474168215951
PIURA,HUANCABAMBA,SONDOR,11761.594848,34065.368784,4,0.34526544898360967
PIURA,HUANCABAMBA,SONDORILLO,11526.835173,22931.20578,4,0.5026702600634025
PIURA,MORROPON,BUENOS AIRES,4815.907186,24744.338732999997,3,0.19462662704246456
PIURA,MORROPON,CHALACO,12868.821286,14901.300039,6,0.8636039306852051
PIURA,MORROPON,CHULUCANAS,26338.685209,83478.600447,10,0.31551421643349487
PIURA,MORROPON,LA MATANZA,10863.813705,103435.534075,4,0.10502980239965469
PIURA,MORROPON,MORROPON,5150.293413,17208.926699,6,0.29928033880807225
PIURA,MORROPON,SALITRAL,4387.993219,60838.058875999996,3,0.07212579263818392
PIURA,MORROPON,SAN JUAN DE BIGOTE,5498.041123999999,25029.967822,4,0.21965833768142187
PIURA,MORROPON,SANTA CATALINA DE MOSSA,4363.309549,8036.641543,4,0.5429269833243326
PIURA,MORROPON,SANTO DOMINGO,10594.635966,18949.481285,6,0.5590989962551896
PIURA,MORROPON,YAMANGO,13068.656552,21844.102234,3,0.5982693365927779
PIURA,PAITA,AMOTAPE,1019.57035,6382.097943,3,0.15975473255127384
PIURA,PAITA,ARENAL,71.608547,828.415418,1,0.08644038418898668
PIURA,PAITA,COLAN,5459.017314,12235.478017,7,0.4461629783826369
PIURA,PAITA,LA HUACA,13487.751625,57443.026743,3,0.23480224475886652
PIURA,PAITA,PAITA,200.681736,70004.748419,1,0.0028666874823813086
PIURA,PAITA,TAMARINDO,2540.265094,6474.997157,3,0.392319105693161
PIURA,PAITA,VICHAYAL,1903.101286,15751.53496,3,0.12082005282868
PIURA,PIURA,CASTILLA,13867.686651,65086.115783999994,4,0.21306674217620264
PIURA,PIURA,CATACAOS,11690.447334,226668.46115100002,11,0.05157509463220893
PIURA,PIURA,CURA MORI,6747.524536,21548.099583000003,5,0.3131378017819883
PIURA,PIURA,EL TALLAN,4261.040013,10008.301782,4,0.42575055247269916
PIURA,PIURA,LA ARENA,7279.149880999999,16972.20275,7,0.42888657342960385
PIURA,PIURA,LA UNION,4628.069236,31805.915901,7,0.14550969858580587
PIURA,PIURA,LAS LOMAS,14365.639768000001,55273.620442,12,0.25990046704239733
PIURA,PIURA,PIURA,9063.440695000001,19441.283481,3,0.46619559371467
PIURA,PIURA,TAMBO GRANDE,66427.859129,148347.396876,12,0.4477858090393419
PIURA,PIURA,VEINTISEIS DE OCTUBRE,449.44384,7137.220083,1,0.06297183423984938
PIURA,SECHURA,BELLAVISTA DE LA UNION,1300.051354,1375.841273,3,0.9449137625921474
PIURA,SECHURA,BERNAL,5618.19503,7110.750635,6,0.7900987277414208
PIURA,SECHURA,CRISTO NOS VALGA,3584.310751,26292.069844999998,3,0.13632668603615603
PIURA,SECHURA,RINCONADA LLICUAR,1911.2144720000001,1984.4927750000002,5,0.9630745428135912
PIURA,SECHURA,SECHURA,3523.13517,572354.854917,4,0.006155508492211369
PIURA,SECHURA,VICE,2391.9953889999997,25869.339398,4,0.09246449444259595
PIURA,SULLANA,BELLAVISTA,0.0,199.343639,1,0.0
PIURA,SULLANA,IGNACIO ESCUDERO,8512.077150000001,18768.59466,6,0.45352767770839597
PIURA,SULLANA,LANCONES,3567.943715,213388.70488499998,3,0.016720396315835207
PIURA,SULLANA,MARCAVELICA,8184.4862299999995,164559.762895,5,0.0497356467098354
PIURA,SULLANA,MIGUEL CHECA,4756.918925,47600.296540999996,2,0.09993464895544674
PIURA,SULLANA,QUERECOTILLO,5279.332518,27684.763025,7,0.19069451716934102
PIURA,SULLANA,SALITRAL,1571.6965019999998,3123.057317,4,0.5032557338748324
PIURA,SULLANA,SULLANA,26279.256976,52503.018185,9,0.5005285007311814
PIURA,TALARA,EL ALTO,0.0,47946.020729,1,0.0
PIURA,TALARA,LA BREA,29.053777,82354.823878,1,0.00035278779835702293
PIURA,TALARA,LOBITOS,0.0,23704.37661,1,0.0
PIURA,TALARA,LOS ORGANOS,0.0,16309.379681,1,0.0
PIURA,TALARA,MANCORA,3.064102,9767.574994,1,0.0003137014050961685
PIURA,TALARA,PARIÑAS,198.464923,111814.790465,1,0.0017749433878528173
PUNO,AZANGARO,ACHAYA,10765.493094,12635.823787000001,7,0.8519818949260565
PUNO,AZANGARO,ARAPA,12312.524598,33582.75337,3,0.3666323741340093
PUNO,AZANGARO,ASILLO,19086.373951,40322.591873,5,0.47334194218254694
PUNO,AZANGARO,AZANGARO,23044.880654,71962.101692,5,0.32023634819106306
PUNO,AZANGARO,CAMINACA,10614.420762,11775.383079,8,0.9014076816685108
PUNO,AZANGARO,CHUPA,9651.598264,15184.844952,2,0.6356072975726226
PUNO,AZANGARO,JOSE DOMINGO CHOQUEHUANCA,4261.796278,6686.443308,2,0.6373786603261813
PUNO,AZANGARO,MUÑANI,3986.973879,78324.926962,4,0.05090300155574118
PUNO,AZANGARO,POTONI,1151.813173,62150.693696,2,0.018532587562641
PUNO,AZANGARO,SAMAN,17096.327715,20340.368484,14,0.8405121927092026
PUNO,AZANGARO,SAN ANTON,2585.615738,51511.73085,2,0.050194697311360094
PUNO,AZANGARO,SAN JOSE,3704.574354,39684.42105,3,0.093350847914159
PUNO,AZANGARO,SAN JUAN DE SALINAS,6055.587194,10450.881451000001,2,0.5794331533079027
PUNO,AZANGARO,SANTIAGO DE PUPUJA,21037.800421,31855.265194,5,0.6604183105329322
PUNO,AZANGARO,TIRAPATA,8951.413865,20053.166831000002,2,0.4463840519773712
PUNO,CARABAYA,AJOYANI,0.0,42583.714578,2,0.0
PUNO,CARABAYA,AYAPATA,12271.3243,204925.46996000002,4,0.05988188926635266
PUNO,CARABAYA,COASA,3891.013392,311702.256976,3,0.012483109457560312
PUNO,CARABAYA,CORANI,50.735066,88647.00503500001,3,0.0005723269046705927
PUNO,CARABAYA,CRUCERO,1022.845322,85402.86880299999,3,0.011976709170735374
PUNO,CARABAYA,ITUATA,3062.5473580000003,125722.647029,3,0.02435955200094994
PUNO,CARABAYA,MACUSANI,2081.66733,101622.032596,3,0.02048440950079892
PUNO,CARABAYA,OLLACHEA,534.337053,70978.220153,2,0.007528183319449091
PUNO,CARABAYA,SAN GABAN,1807.6587639999998,74505.693562,2,0.024262021834556235
PUNO,CARABAYA,USICAYOS,2030.8815849999999,65583.426042,2,0.03096638445968668
PUNO,CHUCUITO,DESAGUADERO,10380.298398,17441.936089000003,4,0.5951345277859652
PUNO,CHUCUITO,HUACULLANI,20909.910382000002,62670.486942999996,3,0.3336484428630332
PUNO,CHUCUITO,JULI,31516.226998000002,77173.169224,10,0.40838321549970513
PUNO,CHUCUITO,KELLUYO,32696.800603,49161.125574,4,0.665094629572364
PUNO,CHUCUITO,PISACOMA,5565.354872,95558.15552700001,3,0.05824050120376702
PUNO,CHUCUITO,POMATA,26034.933789000002,40063.007484,5,0.6498497098451133
PUNO,CHUCUITO,ZEPITA,33564.317446,52284.487200999996,6,0.6419555635492213
PUNO,EL COLLAO,CAPAZO,0.0,104060.189056,2,0.0
PUNO,EL COLLAO,CONDURIRI,2512.4127369999997,84383.903498,2,0.029773601751660456
PUNO,EL COLLAO,ILAVE,55924.709644,88958.192846,14,0.6286628342463529
PUNO,EL COLLAO,PILCUYO,14230.682251999999,15278.160555999999,7,0.9314395014923025
PUNO,EL COLLAO,SANTA ROSA,21.849408,269258.282809,2,8.114665135667901e-05
PUNO,HUANCANE,COJATA,107.92840899999999,87854.25622,2,0.0012284937992045753
PUNO,HUANCANE,HUANCANE,23073.426204,38692.773417,7,0.5963239170098491
PUNO,HUANCANE,HUATASANI,4922.8587130000005,10608.310104,3,0.46405682570909884
PUNO,HUANCANE,INCHUPALLA,6316.488476,29634.110591,4,0.2131492509823576
PUNO,HUANCANE,PUSI,13848.549062,19747.181128,7,0.7012924514255765
PUNO,HUANCANE,ROSASPATA,7965.078543,30497.069779999998,4,0.26117520799403177
PUNO,HUANCANE,TARACO,16839.545312,19682.070142,13,0.8555779544787682
PUNO,HUANCANE,VILQUE CHICO,18800.056221,50776.961846,5,0.37024775680786404
PUNO,LAMPA,CABANILLA,15532.607202,38465.479523,8,0.4038064101790919
PUNO,LAMPA,CALAPUJA,6397.039697,13786.223527999999,5,0.46401682694376234
PUNO,LAMPA,LAMPA,23882.948353,66027.196107,13,0.36171380523711205
PUNO,LAMPA,NICASIO,9734.548159,13314.843225,7,0.7311049776930437
PUNO,LAMPA,OCUVIRI,644.71905,87993.81469500001,2,0.007326867828547889
PUNO,LAMPA,PALCA,60.210813,49477.349806,2,0.0012169369062022474
PUNO,LAMPA,PARATIA,0.0,74733.887513,5,0.0
PUNO,LAMPA,PUCARA,19226.234889,52517.579508,5,0.36609141299193476
PUNO,LAMPA,SANTA LUCIA,287.377967,158942.62685499998,5,0.0018080610135012358
PUNO,LAMPA,VILAVILA,0.0,16105.450941000001,2,0.0
PUNO,MELGAR,ANTAUTA,1933.108886,65472.107253999995,3,0.02952568608339542
PUNO,MELGAR,AYAVIRI,22181.508528,101684.472331,6,0.21814056777317456
PUNO,MELGAR,CUPI,5331.900985,21668.764503000002,5,0.24606391306997719
PUNO,MELGAR,LLALLI,3507.9433660000004,22886.636924,4,0.1532747418351102
PUNO,MELGAR,MACARI,12214.787921000001,69157.194439,4,0.17662353165257502
PUNO,MELGAR,NUÑOA,6718.099797,220081.567282,5,0.030525499613476528
PUNO,MELGAR,ORURILLO,10879.737158,39718.566089,7,0.2739206932501304
PUNO,MELGAR,SANTA ROSA,11216.954098,80386.328666,4,0.1395380817129455
PUNO,MELGAR,UMACHIRI,20134.852984,33168.370979,5,0.6070498004483864
PUNO,MOHO,CONIMA,3067.326983,6731.47358,3,0.45566946769476885
PUNO,MOHO,HUAYRAPATA,6155.322361,40277.142063,2,0.15282420861371132
PUNO,MOHO,MOHO,30721.694735999998,50423.103626,5,0.6092781389235781
PUNO,MOHO,TILALI,3312.468267,5187.423525,2,0.6385575133852215
PUNO,PUNO,ACORA,35041.370167,191614.444505,12,0.18287436658297246
PUNO,PUNO,AMANTANI,1080.1040150000001,1383.360229,2,0.7807829026433578
PUNO,PUNO,ATUNCOLLA,11171.816436000001,13046.631896,4,0.8562988919328057
PUNO,PUNO,CAPACHICA,6574.643617,10375.608592,5,0.6336634192301073
PUNO,PUNO,CHUCUITO,5002.049577,11519.397194000001,4,0.4342284142789494
PUNO,PUNO,COATA,8383.488984,9951.129526,4,0.842466070017065
PUNO,PUNO,HUATA,12579.263374999999,12855.070075,2,0.9785449088654617
PUNO,PUNO,MAÑAZO,6266.1437430000005,40992.474302,3,0.15286083237708534
PUNO,PUNO,PAUCARCOLLA,15629.613737,17358.393575000002,4,0.9004066919827285
PUNO,PUNO,PICHACANI,6493.172208,163684.23537,3,0.03966889171289165
PUNO,PUNO,PLATERIA,10189.339949000001,24432.79725,5,0.4170353416655967
PUNO,PUNO,PUNO,5841.825588,45985.09325,4,0.12703737613927749
PUNO,PUNO,SAN ANTONIO,2.450784,33675.974827,1,7.277544340112356e-05
PUNO,PUNO,TIQUILLACA,5607.326465,48868.05199,3,0.11474421910960236
PUNO,PUNO,VILQUE,7352.512561,19453.886467,2,0.3779456908763299
PUNO,SAN ANTONIO DE PUTINA,ANANEA,0.0,96397.354252,1,0.0
PUNO,SAN ANTONIO DE PUTINA,PEDRO VILCA APAZA,2533.188256,14262.416196,2,0.17761284071281352
PUNO,SAN ANTONIO DE PUTINA,PUTINA,7113.007748,103531.270898,3,0.0687039547211567
PUNO,SAN ANTONIO DE PUTINA,QUILCAPUNCU,3747.3151470000003,52343.559463,3,0.07159075892897307
PUNO,SAN ANTONIO DE PUTINA,SINA,111.134999,46652.918562,2,0.002382166055748596
PUNO,SAN ROMAN,CABANA,15998.912311,19280.920683,8,0.829779478586116
PUNO,SAN ROMAN,CABANILLAS,2880.237035,126836.994581,5,0.02270817788228684
PUNO,SAN ROMAN,CARACOTO,23644.770246,27725.521291,7,0.852816075046183
PUNO,SAN ROMAN,JULIACA,21587.486249,39437.800133,6,0.5473805885774152
PUNO,SAN ROMAN,SAN MIGUEL,8973.895833,12078.300845,1,0.7429766776106496
PUNO,SANDIA,ALTO INAMBARI,2842.167508,135945.131795,5,0.020906725165310655
PUNO,SANDIA,CUYOCUYO,758.0518930000001,51129.823317,3,0.014826022149541785
PUNO,SANDIA,LIMBANI,289.871671,239081.26195199997,3,0.001212439940434132
PUNO,SANDIA,PATAMBUCO,976.5503429999999,47131.109809,4,0.020719867343618567
PUNO,SANDIA,PHARA,370.634007,43207.673502000005,3,0.008577967221096596
PUNO,SANDIA,QUIACA,401.04560399999997,41273.76045,2,0.009716720735582987
PUNO,SANDIA,SAN JUAN DEL ORO,729.187175,20153.757656,4,0.03618120191015162
PUNO,SANDIA,SAN PEDRO DE PUTINA PUNCO,7825.147652,553402.5636219999,5,0.01414006397220983
PUNO,SANDIA,SANDIA,1447.8791919999999,70029.771126,4,0.020675195259383685
PUNO,SANDIA,YANAHUAYA,294.913046,64571.470292,2,0.004567234487094185
PUNO,YUNGUYO,ANAPIA,1074.994671,12017.115878,2,0.0894552970873832
PUNO,YUNGUYO,COPANI,3374.065207,5881.598287,3,0.5736646813261016
PUNO,YUNGUYO,CUTURAPI,1724.545125,2369.27271,2,0.7278795377675202
PUNO,YUNGUYO,OLLARAYA,2646.1616910000002,2710.6441640000003,3,0.9762113840479727
PUNO,YUNGUYO,TINICACHI,378.48363900000004,404.305094,2,0.9361337381517139
PUNO,YUNGUYO,UNICACHI,705.710832,800.700118,3,0.8813672136863604
PUNO,YUNGUYO,YUNGUYO,13755.884952,17458.147008,8,0.787934993656344
SAN MARTIN,BELLAVISTA,ALTO BIAVO,48640.263112,595724.651183,3,0.08164890107436272
SAN MARTIN,BELLAVISTA,BAJO BIAVO,60717.19753600001,112199.268087,4,0.5411550233012172
SAN MARTIN,BELLAVISTA,BELLAVISTA,21163.199678999998,25937.00901,4,0.8159460356759153
SAN MARTIN,BELLAVISTA,HUALLAGA,14753.756084,25779.246778,2,0.5723113716647008
SAN MARTIN,BELLAVISTA,SAN PABLO,28844.616819000003,34794.319419,4,0.8290036218742343
SAN MARTIN,BELLAVISTA,SAN RAFAEL,9161.272794,10726.716198,2,0.8540612639409741
SAN MARTIN,EL DORADO,AGUA BLANCA,10411.657908000001,15252.9442,4,0.682599881798558
SAN MARTIN,EL DORADO,SAN JOSE DE SISA,21053.224019,30865.819025,6,0.6820886237280075
SAN MARTIN,EL DORADO,SAN MARTIN,21944.335604,52072.470762,4,0.421419135348844
SAN MARTIN,EL DORADO,SANTA ROSA,21008.053434,24938.26234,4,0.8424024556155183
SAN MARTIN,EL DORADO,SHATOJA,3901.652033,6187.095648,3,0.6306112358649607
SAN MARTIN,HUALLAGA,ALTO SAPOSOA,24825.541607,137868.727627,2,0.18006651714495264
SAN MARTIN,HUALLAGA,EL ESLABON,4829.529809,12465.613265,3,0.38742817592135526
SAN MARTIN,HUALLAGA,PISCOYACU,10776.826419,17977.996343,2,0.5994453560558276
SAN MARTIN,HUALLAGA,SACANCHE,8651.277901,16172.975042999999,3,0.5349218605728606
SAN MARTIN,HUALLAGA,SAPOSOA,20189.636896,52551.701418,3,0.3841861700235009
SAN MARTIN,HUALLAGA,TINGO DE SAPOSOA,2542.436964,4666.3883399999995,2,0.5448404159178917
SAN MARTIN,LAMAS,ALONSO DE ALVARADO,18778.484404,29624.611738,4,0.633881198851714
SAN MARTIN,LAMAS,BARRANQUITA,36163.881468,105698.89810600001,7,0.3421405720969115
SAN MARTIN,LAMAS,CAYNARACHI,30033.020998,127136.100548,4,0.23622732542957842
SAN MARTIN,LAMAS,CUÑUMBUQUI,15371.442244999998,18196.888935,4,0.8447291347387673
SAN MARTIN,LAMAS,LAMAS,9938.586112,12961.574687,3,0.7667730466397767
SAN MARTIN,LAMAS,PINTO RECODO,18275.267915,55901.636045,4,0.32691830164485125
SAN MARTIN,LAMAS,RUMISAPA,2583.2878379999997,3324.432474,4,0.777061305411854
SAN MARTIN,LAMAS,SAN ROQUE DE CUMBAZA,5646.025141,65221.462563,2,0.08656698146789149
SAN MARTIN,LAMAS,SHANAO,2039.0139920000001,2439.437212,2,0.8358542626019433
SAN MARTIN,LAMAS,TABALOSOS,21377.319191,36199.417895,3,0.5905431753904726
SAN MARTIN,LAMAS,ZAPATERO,15689.343842,17448.584796,4,0.8991757225833412
SAN MARTIN,MARISCAL CACERES,CAMPANILLA,21577.723928,180983.601408,7,0.11922474611031916
SAN MARTIN,MARISCAL CACERES,HUICUNGO,34535.106928,975048.506821,3,0.035418860381209706
SAN MARTIN,MARISCAL CACERES,JUANJUI,23901.275932,44769.190044999996,4,0.5338777830909047
SAN MARTIN,MARISCAL CACERES,PACHIZA,16820.796494,180077.510026,3,0.09340864659652043
SAN MARTIN,MARISCAL CACERES,PAJARILLO,27452.411174,45309.36367,4,0.6058882524579936
SAN MARTIN,MOYOBAMBA,CALZADA,8500.455091,11593.533012,3,0.7332066146015646
SAN MARTIN,MOYOBAMBA,HABANA,6333.649745,6882.803019,3,0.9202137163472409
SAN MARTIN,MOYOBAMBA,JEPELACIO,30908.627203,38619.39088,4,0.8003395832689529
SAN MARTIN,MOYOBAMBA,MOYOBAMBA,100694.8675,269843.325387,8,0.373160489908679
SAN MARTIN,MOYOBAMBA,SORITOR,32903.804063999996,58369.251242000006,2,0.5637181112291506
SAN MARTIN,MOYOBAMBA,YANTALO,4813.573453,6965.1099890000005,3,0.6910979813099976
SAN MARTIN,PICOTA,BUENOS AIRES,19444.650673,31117.853659,4,0.6248712037173605
SAN MARTIN,PICOTA,CASPISAPA,3007.0870290000003,7601.217989,3,0.3956059454355428
SAN MARTIN,PICOTA,PICOTA,10054.099292,21724.095854,3,0.4628086415918095
SAN MARTIN,PICOTA,PILLUANA,3126.9663200000005,6834.812557,2,0.4575057902352362
SAN MARTIN,PICOTA,PUCACACA,9745.935784000001,20289.817233,3,0.4803363022979282
SAN MARTIN,PICOTA,SAN CRISTOBAL,1310.362322,3007.877799,2,0.43564347010229054
SAN MARTIN,PICOTA,SAN HILARION,5440.656524,10387.27074,3,0.5237811413780479
SAN MARTIN,PICOTA,SHAMBOYACU,22490.779205,39229.887314,3,0.5733072599720086
SAN MARTIN,PICOTA,TINGO DE PONASA,22390.856875999998,33520.315514,4,0.6679787028450939
SAN MARTIN,PICOTA,TRES UNIDOS,21045.943862,37036.766635,3,0.5682446329456696
SAN MARTIN,RIOJA,AWAJUN,21436.125446,50688.995171999995,3,0.42289505588465603
SAN MARTIN,RIOJA,ELIAS SOPLIN VARGAS,7133.446,16946.471486000002,3,0.4209398992523699
SAN MARTIN,RIOJA,NUEVA CAJAMARCA,13945.01514,33430.711891,4,0.4171318632240729
SAN MARTIN,RIOJA,PARDO MIGUEL,15622.982962,116701.103826,4,0.13387176684544208
SAN MARTIN,RIOJA,POSIC,2801.169808,5259.475803,3,0.5325948655191484
SAN MARTIN,RIOJA,RIOJA,14687.835768,20908.308587,3,0.7024879945158427
SAN MARTIN,RIOJA,SAN FERNANDO,5293.438056,6917.108074,3,0.7652675076592999
SAN MARTIN,RIOJA,YORONGOS,5014.713595,8180.635771,3,0.6129980279499722
SAN MARTIN,RIOJA,YURACYACU,5074.259808,6210.182579,3,0.8170870571758756
SAN MARTIN,SAN MARTIN,ALBERTO LEVEAU,3732.3469950000003,5177.247268,3,0.7209134124362244
SAN MARTIN,SAN MARTIN,CACATACHI,4483.629669,5243.990791,4,0.8550033452947763
SAN MARTIN,SAN MARTIN,CHAZUTA,13047.229689,95162.016383,5,0.1371054353922958
SAN MARTIN,SAN MARTIN,CHIPURANA,6373.369752,30584.651554,2,0.20838457945964275
SAN MARTIN,SAN MARTIN,EL PORVENIR,17467.316186,48929.482988,2,0.3569895923544476
SAN MARTIN,SAN MARTIN,HUIMBAYOC,19689.540768,171278.05091700002,2,0.11495659054143134
SAN MARTIN,SAN MARTIN,JUAN GUERRA,14470.197683999999,19211.218132,5,0.7532160420320815
SAN MARTIN,SAN MARTIN,LA BANDA DE SHILCAYO,8395.084891999999,26735.535042,4,0.3140047460734113
SAN MARTIN,SAN MARTIN,MORALES,3987.3981030000004,5065.426848,4,0.7871790912496068
SAN MARTIN,SAN MARTIN,PAPAPLAYA,7696.646366,98974.368163,3,0.07776403637479616
SAN MARTIN,SAN MARTIN,SAN ANTONIO,2920.112561,7829.306346,4,0.3729720657171485
SAN MARTIN,SAN MARTIN,SAUCE,6178.741425,10079.580482000001,4,0.6129958916478643
SAN MARTIN,SAN MARTIN,SHAPAJA,12275.295241,23728.549338,3,0.5173217741272439
SAN MARTIN,SAN MARTIN,TARAPOTO,3284.299028,5837.958805,3,0.5625766021485312
SAN MARTIN,TOCACHE,NUEVO PROGRESO,28594.944628,82572.055141,3,0.34630292995822
SAN MARTIN,TOCACHE,POLVORA,46094.576482000004,226370.731579,3,0.20362427669194363
SAN MARTIN,TOCACHE,SHUNTE,4772.211476,106041.177961,2,0.04500338045806255
SAN MARTIN,TOCACHE,TOCACHE,55049.155006,111047.84156,4,0.4957246735521331
SAN MARTIN,TOCACHE,UCHIZA,37912.232040999996,76753.78451,3,0.49394609377288146
TACNA,CANDARAVE,CAIRANI,1784.264521,17632.874934,2,0.10118965441985595
TACNA,CANDARAVE,CAMILACA,1077.9484479999999,49309.158386999996,3,0.021861018992451374
TACNA,CANDARAVE,CANDARAVE,3782.9202459999997,138093.25846600003,2,0.02739395310113124
TACNA,CANDARAVE,CURIBAYA,297.064031,11210.057787,2,0.026499776954272004
TACNA,CANDARAVE,HUANUARA,1033.285288,9082.878148,1,0.1137618793474097
TACNA,CANDARAVE,QUILAHUANI,1123.7155149999999,5511.606044,2,0.2038816827670929
TACNA,JORGE BASADRE,ILABAYA,1359.9705410000001,105787.418141,3,0.012855692717515304
TACNA,JORGE BASADRE,ITE,2366.753329,82542.516752,2,0.028673142304479756
TACNA,JORGE BASADRE,LOCUMBA,4672.518489,84594.666366,3,0.055234197257594035
TACNA,TACNA,ALTO DE LA ALIANZA,129.688243,37390.803504,1,0.003468452957586915
TACNA,TACNA,CALANA,1273.530724,10995.871982,1,0.11581898425925126
TACNA,TACNA,CIUDAD NUEVA,0.0,17839.473137,1,0.0
TACNA,TACNA,CORONEL GREGORIO ALBARRACIN LANCHIPA,705.086939,18724.302504,1,0.03765624587881845
TACNA,TACNA,INCLAN,4301.789378,143401.600275,3,0.02999819646189789
TACNA,TACNA,LA YARADA LOS PALOS,37109.003935,53863.699524999996,3,0.6889427251051784
TACNA,TACNA,PACHIA,1421.646791,61101.115257,2,0.023267116893371763
TACNA,TACNA,PALCA,425.22880699999996,145208.188069,2,0.002928407913181451
TACNA,TACNA,POCOLLAY,678.286431,26900.459039,1,0.02521467867952095
TACNA,TACNA,SAMA,3155.721747,113448.97814699999,2,0.02781622010654883
TACNA,TACNA,TACNA,4101.533436,191054.319363,3,0.02146789169527832
TACNA,TARATA,ESTIQUE,515.042825,29495.771485,2,0.01746158174780828
TACNA,TARATA,ESTIQUE-PAMPA,292.927157,14748.780372,1,0.019861110519762783
TACNA,TARATA,HEROES ALBARRACIN,421.584617,37793.747597,2,0.01115487729598598
TACNA,TARATA,SITAJARA,632.875569,23290.930962,1,0.02717261796158168
TACNA,TARATA,SUSAPAYA,523.152249,35895.143559000004,2,0.014574457632133633
TACNA,TARATA,TARATA,1232.481167,87959.004121,2,0.01401199546671252
TACNA,TARATA,TARUCACHI,629.43228,10666.61065,1,0.05900958614252972
TACNA,TARATA,TICACO,674.508542,35524.325875,1,0.018987229887863423
TUMBES,CONTRALMIRANTE VILLAR,CANOAS DE PUNTA SAL,388.070376,62323.356536,3,0.006226724579184658
TUMBES,CONTRALMIRANTE VILLAR,CASITAS,1261.7990849999999,85495.562746,3,0.014758649975188736
TUMBES,CONTRALMIRANTE VILLAR,ZORRITOS,257.164134,64687.165847,1,0.003975504733168434
TUMBES,TUMBES,CORRALES,5996.268073,12821.238032,12,0.46768245453630625
TUMBES,TUMBES,LA CRUZ,237.27130699999998,6441.212159,4,0.03683643717098684
TUMBES,TUMBES,PAMPAS DE HOSPITAL,2296.054618,72523.172687,3,0.03165959972420753
TUMBES,TUMBES,SAN JACINTO,2090.111786,58538.457173,4,0.035704934617990465
TUMBES,TUMBES,SAN JUAN DE LA VIRGEN,1958.7530700000002,11502.442712,3,0.17029018261977674
TUMBES,TUMBES,TUMBES,4729.179389,15140.715546,6,0.31234847353362993
TUMBES,ZARUMILLA,AGUAS VERDES,1906.761216,4748.138348,4,0.4015808041488853
TUMBES,ZARUMILLA,MATAPALO,4761.50666,38980.552486,3,0.12215082538171083
TUMBES,ZARUMILLA,PAPAYAL,5107.923952,20230.051485,5,0.25249189087765683
TUMBES,ZARUMILLA,ZARUMILLA,1049.815431,11235.244461,2,0.09343948274949777
UCAYALI,ATALAYA,RAIMONDI,100900.671287,1453920.5157670001,10,0.06939902848387207
UCAYALI,ATALAYA,SEPAHUA,12060.172154,773700.857231,6,0.015587642227982248
UCAYALI,ATALAYA,TAHUANIA,27340.130224,767200.395332,7,0.03563623062546621
UCAYALI,ATALAYA,YURUA,3493.131465,903416.7812610001,3,0.00386657801521491
UCAYALI,CORONEL PORTILLO,CALLERIA,44005.387545,1164583.492245,10,0.03778637413120942
UCAYALI,CORONEL PORTILLO,CAMPOVERDE,98030.826435,132457.501329,4,0.7400926746421821
UCAYALI,CORONEL PORTILLO,IPARIA,38629.863398,736848.376144,9,0.05242579701424312
UCAYALI,CORONEL PORTILLO,MANANTAY,8939.493892999999,64443.895306,3,0.1387174665738695
UCAYALI,CORONEL PORTILLO,MASISEA,30466.316999,1470396.221502,5,0.020719800930853086
UCAYALI,CORONEL PORTILLO,NUEVA REQUENA,40476.336298,205995.26971,5,0.19649158136001163
UCAYALI,CORONEL PORTILLO,YARINACOCHA,23971.781547,66130.152705,4,0.3624939693385515
UCAYALI,PADRE ABAD,ALEXANDER VON HUMBOLDT,14395.209703,20524.65028,3,0.7013619967511573
UCAYALI,PADRE ABAD,CURIMANA,49184.756037,187765.15043100002,4,0.2619482684837963
UCAYALI,PADRE ABAD,IRAZOLA,63442.121814,187586.324857,8,0.33820227493855387
UCAYALI,PADRE ABAD,NESHUYA,40081.036243,62338.418107000005,4,0.6429588279606872
UCAYALI,PADRE ABAD,PADRE ABAD,68757.126718,471296.965055,7,0.14588917777133595
UCAYALI,PURUS,PURUS,13374.886355999999,1844508.159,4,0.007251193924374503
