dep,capa,osm_id,nombre,lat,lon,ha,tipo,cultivo,operador,web,tel
AMAZONAS,agroind,w1021989811,Estación 06 PETROPERU,-5.04812,-78.264146,0.0,industrial,,,,
AMAZONAS,named,n5333946854,Fundo Juares,-6.287325,-77.93927,0.0,hamlet,,,,
AMAZONAS,retail,n3953992401,La Casa del Ganadero,-6.300619,-77.972176,0.0,pet,,,,
ANCASH,landuse,w1029380482,Fundo los Paltos SAC,-9.454168,-78.204772,178.23,vineyard,grape,,,
ANCASH,landuse,w948604933,Fundo Sol de Casma,-9.455151,-78.21436,3.98,vineyard,grape,,,
ANCASH,landuse,w611333443,Vivero Municipal,-9.330107,-77.602385,1.34,plant_nursery,,,,
ANCASH,landuse,w520432129,Hacienda Calavalle,-8.193669,-77.914381,1.3,farmland,,,,
ANCASH,agroind,n12329593315,Intipa Foods SAC,-9.05871,-77.793284,0.0,works,,,,
ANCASH,agroind,n12346243488,Camal Municipal,-9.040439,-77.8114,0.0,industrial,,,,
ANCASH,agroind,n12407697947,Qaaray Trade Group S.A.C,-9.024729,-77.82026,0.0,works,,,,
ANCASH,agroind,n12407796327,Corporación Roots Caraz,-9.032783,-77.837275,0.0,works,,,,
ANCASH,agroind,n12426264870,Terminal Terrestre Qhapaq Ñan - Caraz,-9.051179,-77.806789,0.0,industrial,,,,
ANCASH,agroind,n12426550313,Depósito de Chatarra,-9.050099,-77.816022,0.0,industrial,,,,
ANCASH,agroind,n13119914279,Mazamari,-9.047951,-77.800845,0.0,distillery,,,,
ANCASH,agroind,n13825963146,Terminal Turistico Callejon de Huaylas,-9.050593,-77.812449,0.0,industrial,,,,
ANCASH,agroind,w382772677,Cooperativa Don Bosco,-9.160249,-77.362619,0.0,industrial,,,,
ANCASH,agroind,w405524660,Unidad Minera Nyrstar,-9.505985,-77.075511,0.0,industrial,,,https://www.nyrstar.com/Pages/default.aspx,
ANCASH,agroind,w423033890,Puerto Punta Lobitos - Antamina,-10.103278,-78.178996,0.0,industrial,,,,
ANCASH,agroind,w459668891,SIMA - Servicios Industriales de la Marina,-9.071128,-78.602599,0.0,industrial,,,,
ANCASH,agroind,w459669771,SIDERPeru,-9.058431,-78.605629,0.0,industrial,,,,
ANCASH,agroind,w474640257,Camal Municipal,-9.284467,-77.647143,0.0,industrial,,,,
ANCASH,agroind,w518955239,Caldas,-9.110984,-78.545535,0.0,industrial,,,,
ANCASH,agroind,w519774384,Desembarcadero Pescadores Artesanales de Chimbote,-9.076311,-78.600398,0.0,industrial,,,,
ANCASH,agroind,w519774386,Tasa Astillero,-9.076579,-78.598872,0.0,industrial,,,,
ANCASH,agroind,w520593627,Hidrandina,-9.006375,-78.619219,0.0,industrial,,,,
ANCASH,agroind,w567255138,Campamento OHL,-10.229457,-78.041409,0.0,industrial,,,,
ANCASH,agroind,w691341440,KAAR,-9.304811,-77.616211,0.0,industrial,,,,
ANCASH,agroind,w698362948,Sub Estacion Electrica,-9.567999,-77.504733,0.0,industrial,,,,
ANCASH,agroind,w867039849,Cervecerías Backus,-9.471708,-77.537611,0.0,works,,,,
ANCASH,agroind,w892232637,Minera Huínac,-9.708846,-77.675578,0.0,industrial,,,,
ANCASH,agroind,w892234020,Minera Huínac,-9.700955,-77.676113,0.0,industrial,,,,
ANCASH,agroind,w1044622888,Servicios Industriales de la Marina,-9.12418,-78.558307,0.0,industrial,,,,
ANCASH,agroind,w1044622889,Muelle Municipal Centenario,-9.121397,-78.558879,0.0,industrial,,,,
ANCASH,agroind,w1219059854,Fabrica de Vitrales San José,-9.155536,-77.373001,0.0,works,,Parroquia de Chacas,,
ANCASH,agroind,w1261908725,SMRL Magistral de Huaraz,-9.959957,-77.200991,0.0,industrial,,,,
ANCASH,agroind,w1329980872,Paradero a Pueblo Libre,-9.048277,-77.80789,0.0,industrial,,,,
ANCASH,agroind,w1330696238,Terminal BRT Caraz-Huaraz,-9.051451,-77.809334,0.0,industrial,,,,
ANCASH,agroind,w1330696239,Paradero 2: Caraz a Huaraz,-9.051125,-77.81038,0.0,industrial,,,,
ANCASH,agroind,w1497189814,Parque Industrial - PI,-9.088508,-77.797111,0.0,industrial,,,,
ANCASH,agroind,w1526853238,PROCELSA,-9.231801,-78.454533,0.0,industrial,,,,
ANCASH,agroind,w1528170619,Parque Industrial AMYPE,-9.04494,-78.598248,0.0,industrial,,,,
ANCASH,agroind,w1548208811,Chatarra,-9.145708,-78.511628,0.0,industrial,,,,
ANCASH,named,n4227576569,Fundo Tres María,-9.722962,-78.269999,0.0,hamlet,,,,
ANCASH,named,n4600253590,Hacienda Breque,-9.658504,-77.36279,0.0,locality,,,,
ANCASH,named,n4721724799,Hacienda Bellavista,-9.143131,-76.948724,0.0,hamlet,,,,
ANCASH,named,n4721771318,Hacienda Huarangal,-9.248297,-76.982067,0.0,isolated_dwelling,,,,
ANCASH,named,n4743245764,Hacienda Congon,-10.032577,-78.080879,0.0,village,,,,
ANCASH,named,n5350862511,Hacienda Purucuta,-9.581449,-77.559578,0.0,locality,,,,
ANCASH,named,n9322160223,Fundo Santa Elena,-9.471772,-78.243608,0.0,farm,,,,
ANCASH,named,w375133697,Cementerio Molino Hirca,-8.861607,-77.359179,0.0,cemetery,,,,
ANCASH,named,w1060688779,Fundo Don Jorge,-9.926289,-78.192802,0.0,farmyard,,Agrícola La Venta,,
ANCASH,named,w1432675751,Fundo Sarita,-9.09962,-78.501464,0.0,forest,crop;vegetables;sugar_cane;cherry;palta;mango;ají,,,
ANCASH,named,w1528170621,Vivero Municipal,-9.041848,-78.60739,0.0,recreation_ground,,,,
ANCASH,retail,n4119775097,Veterinaria Belén,-9.533196,-77.528962,0.0,veterinary,,,,
ANCASH,retail,n4519618498,Ferreteria Chilca,-9.280548,-77.64676,0.0,hardware,,,,
ANCASH,retail,n4537842591,Sodimac,-9.102471,-78.558213,0.0,doityourself,,,,
ANCASH,retail,n5054959389,Veterinaria & Spa Canino,-9.12653,-78.519406,0.0,veterinary,,,,
ANCASH,retail,n5054959390,D'Patas,-9.126532,-78.519351,0.0,pet,,,,
ANCASH,retail,n5054959400,Veterinaria Clinivet,-9.1265,-78.519668,0.0,veterinary,,,,
ANCASH,retail,n5057053541,Veterinaria Primar,-9.123207,-78.526046,0.0,veterinary,,,,
ANCASH,retail,n5061180140,Ferretería Casa Blanca,-9.117093,-78.539421,0.0,hardware,,,,
ANCASH,retail,n5061204890,Ferretería Chávez,-9.117237,-78.540152,0.0,hardware,,,,
ANCASH,retail,n5061205433,Ferretería Romero,-9.114458,-78.543204,0.0,hardware,,,,
ANCASH,retail,n5064801091,Ferretería ¨Pardo,-9.084315,-78.57405,0.0,hardware,,,,
ANCASH,retail,n5065090633,Agromen Group,-9.071215,-78.588798,0.0,trade,,,,
ANCASH,retail,n5065090639,Econoagro,-9.071276,-78.588826,0.0,trade,,,,
ANCASH,retail,n5065090640,Agropecuaria Chimbote,-9.0713,-78.588838,0.0,trade,,,,
ANCASH,retail,n5065090649,Agropecuaria Chimu,-9.071676,-78.588944,0.0,trade,,,,
ANCASH,retail,n5065090650,Mi Fiel Amigo,-9.072163,-78.589113,0.0,veterinary,,,,
ANCASH,retail,n5065187442,Agrícola Manrique Jacto,-9.070619,-78.588596,0.0,trade,,,,
ANCASH,retail,n5065299275,Procampo,-9.069938,-78.588108,0.0,trade,,,,
ANCASH,retail,n5065299290,Agro Tokape,-9.070867,-78.588397,0.0,trade,,,,
ANCASH,retail,n5065299300,Agroveterinaria El Ganadero,-9.071262,-78.588495,0.0,trade,,,,
ANCASH,retail,n5065299310,Agrofer,-9.07171,-78.58866,0.0,trade,,,,
ANCASH,retail,n5065299311,Agrícola Nuevo Amanecer,-9.071785,-78.588678,0.0,trade,,,,
ANCASH,retail,n5065299318,Evagro,-9.071956,-78.588716,0.0,trade,,,,
ANCASH,retail,n5065471652,Agropecuaria Aritsa,-9.071116,-78.588135,0.0,trade,,,,
ANCASH,retail,n5067069863,Veterinaria La Granja,-9.072142,-78.589145,0.0,veterinary,,,,
ANCASH,retail,n5067069864,Veterinaria Cotos,-9.072131,-78.589181,0.0,veterinary,,,,
ANCASH,retail,n5067069865,Mi Mascota II,-9.072122,-78.589213,0.0,pet,,,,
ANCASH,retail,n5067069866,Veterinaria Olaya,-9.072087,-78.58934,0.0,veterinary,,,,
ANCASH,retail,n5067069867,Spa & Clínica Veterinaria Mascotas,-9.072099,-78.589292,0.0,veterinary,,,,
ANCASH,retail,n5067069877,Veterinaria Ramírez,-9.071936,-78.589813,0.0,veterinary,,,,
ANCASH,retail,n5070474509,Cipa Ancash,-9.474599,-78.297412,0.0,agrarian,,,,
ANCASH,retail,n5070476531,Ferretería Susan,-9.47468,-78.298102,0.0,hardware,,,,
ANCASH,retail,n5071803601,El Huerfanito,-9.476467,-78.294822,0.0,hardware,,,,
ANCASH,retail,n5071803750,Agricola Serrano,-9.474604,-78.295729,0.0,agrarian,,,,
ANCASH,retail,n5071863809,Agrosavet,-9.474264,-78.296534,0.0,agrarian,,,,
ANCASH,retail,n5071863933,La Casa Del Agricultor,-9.47444,-78.297878,0.0,agrarian,,,,
ANCASH,retail,n5071863937,Cipa Ancash,-9.474449,-78.298004,0.0,agrarian,,,,
ANCASH,retail,n5071863939,Agrofernand A,-9.474457,-78.298082,0.0,agrarian,,,,
ANCASH,retail,n5071863959,Agromen,-9.474497,-78.29841,0.0,agrarian,,,,
ANCASH,retail,n5071863968,Mendez,-9.474521,-78.298715,0.0,agrarian,,,,
ANCASH,retail,n5071884988,Dino,-9.47463,-78.299598,0.0,hardware,,,,
ANCASH,retail,n5072527727,Maria Claudia,-10.067853,-78.152115,0.0,hardware,,,,
ANCASH,retail,n5073661725,Ferreteria Saavedra,-10.070843,-78.149605,0.0,hardware,,,,
ANCASH,retail,n5073661737,Agromen Group,-10.067547,-78.148739,0.0,agrarian,,,,
ANCASH,retail,n5073661740,Agropecuaria Villasol,-10.067562,-78.148847,0.0,agrarian,,,,
ANCASH,retail,n5073799708,Veterinaria Don Kike,-10.06758,-78.14896,0.0,veterinary,,,,
ANCASH,retail,n5073799714,Nuarmeycoop,-10.06763,-78.149299,0.0,agrarian,,,,
ANCASH,retail,n5073799715,Santa Maria,-10.067618,-78.149213,0.0,hardware,,,,
ANCASH,retail,n5073800133,Arianna,-10.069068,-78.153434,0.0,hardware,,,,
ANCASH,retail,n5074058846,Agro Marina,-10.067325,-78.148681,0.0,agrarian,,,,
ANCASH,retail,n5074058867,Pa Mar,-10.067407,-78.149944,0.0,hardware,,,,
ANCASH,retail,n5074058870,La Solución,-10.067418,-78.150012,0.0,hardware,,,,
ANCASH,retail,n5078045421,Ferretería El Yanamino,-9.021034,-77.4714,0.0,hardware,,,,
ANCASH,retail,n5078045526,Ferretería Señor de Chanchá,-9.020785,-77.470129,0.0,hardware,,,,
ANCASH,retail,n5113809521,El Constructor,-9.520909,-77.526944,0.0,hardware,,,,
ANCASH,retail,n5113977621,Ferretería La Unión,-9.527877,-77.527355,0.0,hardware,,,,
ANCASH,retail,n5113977721,Ferretería El Sol,-9.527815,-77.527462,0.0,hardware,,,,
ANCASH,retail,n5152651829,Ferretería Señor de los Milagros,-9.899697,-76.9406,0.0,hardware,,,,
ANCASH,retail,n5152652125,Ferretería Progreso,-9.897981,-76.939851,0.0,hardware,,,,
ANCASH,retail,n5170086037,Ferretería El Fierrito,-9.526611,-77.157449,0.0,hardware,,,,
ANCASH,retail,n5177177426,"Ferretería, vidriería, llaves",-8.817512,-77.460849,0.0,hardware,,,,
ANCASH,retail,n5189311832,Ferretería Perales,-8.818452,-77.461864,0.0,hardware,,,,
ANCASH,retail,n5189311836,Ferretería Pumapampa,-8.818863,-77.462626,0.0,hardware,,,,
ANCASH,retail,n5196582625,Ferretería Cecisa,-8.555492,-77.630436,0.0,hardware,,,,
ANCASH,retail,n5204599627,Taller de soldadura,-8.55519,-77.629395,0.0,hardware,,,,
ANCASH,retail,n5221747826,Agrovet Tahua,-9.4538,-77.175929,0.0,veterinary,,,,
ANCASH,retail,n5225150122,CAF materiales de construcción,-9.520171,-77.156149,0.0,hardware,,,,
ANCASH,retail,n5231548426,Ferretería Truval,-9.348718,-77.172034,0.0,hardware,,,,
ANCASH,retail,n5231548524,Cerrajero,-9.348246,-77.171081,0.0,hardware,,,,
ANCASH,retail,n5235146322,Ferretería Sánchez,-9.349635,-77.172719,0.0,hardware,,,,
ANCASH,retail,n5235146422,Ferretería Trujillo,-9.349534,-77.172778,0.0,hardware,,,,
ANCASH,retail,n5238623922,Ferricentro Dayana,-9.347571,-77.170549,0.0,hardware,,,,
ANCASH,retail,n5243400922,Negociaciones y ferretería Abihail,-9.583562,-77.176671,0.0,hardware,,,,
ANCASH,retail,n5260173022,Ferretería Nacional,-9.527391,-77.527869,0.0,hardware,,,,
ANCASH,retail,n5282742123,Luhars,-9.048109,-77.808887,0.0,hardware,,,,
ANCASH,retail,n5286233123,Progresol,-9.047998,-77.807056,0.0,hardware,,,,
ANCASH,retail,n5289930821,Villón,-9.0476,-77.807202,0.0,hardware,,,,
ANCASH,retail,n5309474254,Venta de maderas,-9.727036,-77.454921,0.0,hardware,,,,
ANCASH,retail,n5309474825,Ferretería Castillo,-9.807097,-77.429507,0.0,hardware,,,,
ANCASH,retail,n5319553272,Ferretería El Progreso,-9.023878,-78.615678,0.0,hardware,,,,
ANCASH,retail,n5327849922,Ladrillera,-9.520851,-77.53462,0.0,hardware,,,,
ANCASH,retail,n5347976327,La casa del perno,-9.522405,-77.532974,0.0,hardware,,,,
ANCASH,retail,n5351777424,Melacentro,-9.522631,-77.530809,0.0,hardware,,,,
ANCASH,retail,n5359109021,Aserradero Gómez,-9.535361,-77.531148,0.0,hardware,,,,
ANCASH,retail,n5361385422,FECOPE,-9.533149,-77.52821,0.0,hardware,,,,
ANCASH,retail,n5395905921,Ingetec,-9.533036,-77.521521,0.0,hardware,,,,
ANCASH,retail,n5584466221,Aserradero Chávez,-9.734715,-77.450568,0.0,hardware,,,,
ANCASH,retail,n5745849307,BioFarmer,-9.279409,-77.649223,0.0,agrarian,,,,
ANCASH,retail,n5782759219,El Aca De Noé,-9.527328,-77.528222,0.0,pet,,,,
ANCASH,retail,n6184958186,Dino Miranda,-9.130996,-78.493499,0.0,hardware,,,,
ANCASH,retail,n6340842588,Ferrecentro Real,-9.471717,-78.298586,0.0,hardware,,,,
ANCASH,retail,n6443006485,Ferretería HEC Inversiones,-9.14131,-77.741577,0.0,hardware,,,,
ANCASH,retail,n6670332386,Ferretería Yuli,-9.129634,-78.494794,0.0,hardware,,,,
ANCASH,retail,n6898358288,Ferretería E,-9.897317,-76.94042,0.0,hardware,,,,
ANCASH,retail,n6917130089,Ferretería Alpamayo,-9.525934,-77.529512,0.0,hardware,,,,
ANCASH,retail,n7038549486,Ferretería Progresol,-9.365549,-77.092301,0.0,hardware,,,,
ANCASH,retail,n7089624793,Ferretería Central,-8.470159,-78.037376,0.0,hardware,,,,
ANCASH,retail,n7141401186,Ferretería Adriana,-9.132706,-78.170105,0.0,hardware,,,,
ANCASH,retail,n7248512486,Ferretería Raymondi,-9.526024,-77.53149,0.0,hardware,,,,
ANCASH,retail,n7647779540,Ferretería Cristian,-9.441511,-78.209755,0.0,hardware,,,,
ANCASH,retail,n7975120274,Ferretería Ximena,-9.28079,-77.646462,0.0,hardware,,,,
ANCASH,retail,n8972967217,Ferretería Virgen de la Asunción,-9.131353,-78.52568,0.0,hardware,,,,
ANCASH,retail,n8989008584,MIELERL,-9.404936,-77.535681,0.0,agrarian,,Edar Rapray Leon,,+51 9534537676
ANCASH,retail,n12329622445,Santa Dionisia,-9.057748,-77.807215,0.0,agrarian,,,,
ANCASH,retail,n12365869245,De Pelos,-9.050841,-77.809749,0.0,veterinary,,,,
ANCASH,retail,n12365869251,Pipo Pet´s,-9.046984,-77.810356,0.0,veterinary,,,,
ANCASH,retail,n12377122248,H&N Constructor,-9.051685,-77.805309,0.0,hardware,,,,
ANCASH,retail,n12377122249,HYN S.R.L,-9.051528,-77.805472,0.0,hardware,,,,
ANCASH,retail,n12407706710,Dismad Caraz E.I.R.L.,-9.02721,-77.820765,0.0,hardware,,,,
ANCASH,retail,n12408420760,Jumar,-9.048288,-77.809578,0.0,hardware,,,,
ANCASH,retail,n12421285474,Progresol SAC,-9.051408,-77.812494,0.0,hardware,,,,
ANCASH,retail,n12429497100,C&S S.R.L,-9.048255,-77.812328,0.0,hardware,,,,
ANCASH,retail,n12431132948,Comercial Mezanine,-9.047322,-77.806216,0.0,hardware,,,,
ANCASH,retail,n12431227105,J&D,-9.045345,-77.806593,0.0,hardware,,,,
ANCASH,retail,n12431286180,Segura Corp.,-9.047835,-77.812335,0.0,hardware,,,,
ANCASH,retail,n12431386592,Acabados Gaela,-9.047603,-77.808781,0.0,hardware,,,,
ANCASH,retail,n12431429659,Regional,-9.050553,-77.808101,0.0,hardware,,,,
ANCASH,retail,n12446108200,Yaem,-9.047274,-77.807076,0.0,agrarian,,,,
ANCASH,retail,n12480792396,Forza Const.,-9.046483,-77.809624,0.0,hardware,,,,
ANCASH,retail,n12480792397,Ferrelectricos Daniel,-9.046515,-77.809415,0.0,hardware,,,,
ANCASH,retail,n12480926796,Ferreteria Anthony,-9.047227,-77.809631,0.0,hardware,,,,
ANCASH,retail,n12482381766,VetCan,-9.04743,-77.809774,0.0,veterinary,,,,
ANCASH,retail,n12482381769,Grecofer,-9.047359,-77.810264,0.0,hardware,,,,
ANCASH,retail,n12482416620,Azumi,-9.047461,-77.810452,0.0,hardware,,,,
ANCASH,retail,n12568379845,XVMAK,-9.053483,-77.802976,0.0,hardware,,,,
ANCASH,retail,n12588063299,Santa Isabel,-9.04563,-77.814611,0.0,veterinary,,,,
ANCASH,retail,n12591656916,Fecope,-9.05059,-77.814566,0.0,hardware,,,,
ANCASH,retail,n12593538157,A.G. Electromatiz,-9.039469,-77.812306,0.0,hardware,,,,
ANCASH,retail,n12593611040,Aluzinc,-9.046019,-77.813274,0.0,hardware,,,,
ANCASH,retail,n12786451625,El Constructor,-9.046486,-77.809751,0.0,hardware,,,,
ANCASH,retail,n12786753888,Maquicentro,-9.046544,-77.809741,0.0,hardware,,,,
ANCASH,retail,n12786753896,Agro Veterinaria,-9.046815,-77.807077,0.0,agrarian,,,,
ANCASH,retail,n12786779103,El Cumpa,-9.045449,-77.807109,0.0,hardware,,,,
ANCASH,retail,n12786779104,Agroveterinaria California,-9.045599,-77.807107,0.0,agrarian,,,,
ANCASH,retail,n12786779105,Ferretería Caraz,-9.045279,-77.80709,0.0,hardware,,,,
ANCASH,retail,n12786779106,Cargo & Logística Géminis SAC,-9.045278,-77.806904,0.0,agrarian,,,,
ANCASH,retail,n12786856798,Misky Pets,-9.045747,-77.80754,0.0,veterinary,,,,
ANCASH,retail,n12786856799,Virgen de Fátima,-9.045748,-77.807406,0.0,agrarian,,,,
ANCASH,retail,n12786856800,Casa Agrícola,-9.045708,-77.80723,0.0,agrarian,,,,
ANCASH,retail,n12786869801,Agro Solución,-9.045667,-77.807216,0.0,agrarian,,,,
ANCASH,retail,n12786978051,Agrofertilizantes,-9.046211,-77.808684,0.0,agrarian,,,,
ANCASH,retail,n12786990571,Galarza,-9.046559,-77.807946,0.0,hardware,,,,
ANCASH,retail,n12786990573,Miranda,-9.046609,-77.807513,0.0,hardware,,,,
ANCASH,retail,n12837306394,Karyto,-9.048401,-77.808796,0.0,pet,,,,
ANCASH,retail,n12861809379,Jhoseph,-9.050285,-77.806891,0.0,hardware,,,,
ANCASH,retail,n12887805893,Edcomac S.A.C,-9.05274,-77.804365,0.0,hardware,,,,
ANCASH,retail,n12893640888,Paredes Group,-9.048745,-77.811829,0.0,hardware,,,,
ANCASH,retail,n12960559779,Zelaya,-9.014866,-77.819577,0.0,hardware,,,,
ANCASH,retail,n12972213594,Mundo Patas,-9.051286,-77.809885,0.0,pet,,,,
ANCASH,retail,n13027048326,Express M&R,-9.049976,-77.815089,0.0,hardware,,,,
ANCASH,retail,n13057156285,Chapulin,-9.046902,-77.811843,0.0,hardware,,,,
ANCASH,retail,n13062446470,Multimetales Caraz,-9.043798,-77.81384,0.0,hardware,,,,
ANCASH,retail,n13062446492,Marilyn,-9.045801,-77.808783,0.0,agrarian,,,,
ANCASH,retail,n13076745490,San Lorenzo,-9.05126,-77.81356,0.0,hardware,,,,
ANCASH,retail,n13076745491,Central,-9.051141,-77.813356,0.0,hardware,,,,
ANCASH,retail,n13078639247,Tu Amigo Parlo,-9.050839,-77.814618,0.0,hardware,,,,
ANCASH,retail,n13097241755,Ferretería Vecor,-9.137269,-78.506033,0.0,hardware,,,,
ANCASH,retail,n13148043138,Ancashino,-9.046563,-77.80709,0.0,trade,,,,
ANCASH,retail,n13148043143,Milla,-9.046222,-77.807204,0.0,hardware,,,,
ANCASH,retail,n13148043151,Yara,-9.04632,-77.807203,0.0,agrarian,,,,
ANCASH,retail,n13186761685,GsLadrillos S.R.L,-9.037387,-77.820171,0.0,trade,,,,
ANCASH,retail,n13186761999,Ladrillo Artesanal JH,-9.013262,-77.821455,0.0,trade,,,,
ANCASH,retail,n13196460559,Patitas,-9.039575,-77.819065,0.0,pet,,,,
ANCASH,retail,n13198374787,Angel,-9.0372,-77.81486,0.0,hardware,,,,
ANCASH,retail,n13205701145,Los Angeles,-9.036568,-77.819951,0.0,hardware,,,,
ANCASH,retail,n13206017239,Virgen de Lourdes,-9.045972,-77.806324,0.0,hardware,,,,
ANCASH,retail,n13206017240,Central,-9.047107,-77.806622,0.0,agrarian,,,,
ANCASH,retail,n13207331767,Huascaran Product's,-9.036249,-77.819066,0.0,agrarian,,,,
ANCASH,retail,n13235603776,Bloquetas Caraz,-9.020967,-77.820229,0.0,trade,,,,
ANCASH,retail,n13244743900,F&A,-9.062461,-77.790399,0.0,trade,,,,
ANCASH,retail,n13297043191,Agrimusho,-9.171429,-77.674957,0.0,farm,,,,
ANCASH,retail,n13297056025,Aguilar,-9.168761,-77.671544,0.0,hardware,,,,
ANCASH,retail,n13317156585,Tapia,-8.862986,-77.91839,0.0,hardware,,,,
ANCASH,retail,n13456621349,Salinas,-9.047759,-77.814731,0.0,hardware,,,,
ANCASH,retail,n13480024571,Salmat,-9.042134,-77.810847,0.0,hardware,,,,
ANCASH,retail,n13535298538,Refugio Huellitas - Caraz,-9.050859,-77.805639,0.0,veterinary,,,,
ANCASH,retail,n13542233196,Aceros Arequipa,-9.052622,-77.803961,0.0,hardware,,,,
ANCASH,retail,n13542267203,Pyramide,-9.056787,-77.797604,0.0,trade,,,,
ANCASH,retail,n13825936577,V&R,-9.047145,-77.816097,0.0,agrarian,,,,
ANCASH,retail,n13850136011,Chemayolic,-9.050795,-77.807549,0.0,hardware,,,,
ANCASH,retail,n13869401353,Cadenas,-9.050633,-77.801605,0.0,hardware,,,,
ANCASH,retail,n13875153985,Bio Food EIRL,-9.051571,-77.808845,0.0,farm,,,,
ANCASH,retail,n13913095817,A'la Leña,-9.047557,-77.803064,0.0,trade,,,,
ANCASH,retail,n14043848502,Shumac Chakra,-9.045663,-77.805976,0.0,agrarian,,,,
ANCASH,retail,w432847522,Ferreteria Miky,-9.280338,-77.646904,0.0,hardware,,,,
ANCASH,retail,w456697919,Multiservicios El Progreso,-9.281476,-77.647992,0.0,hardware,,,,
ANCASH,retail,w518436924,Dino Casa Del Cemento,-9.128329,-78.52253,0.0,trade,,,,
ANCASH,retail,w518440742,Vale Ancash,-9.126565,-78.5267,0.0,agrarian,,,,
ANCASH,retail,w518955241,Depósito Pakatnamú,-9.111939,-78.544639,0.0,trade,,,,
ANCASH,retail,w518963937,SiderPeru,-9.094428,-78.565641,0.0,trade,,,,
ANCASH,retail,w518977342,Hipermercado Cerámica,-9.084014,-78.575239,0.0,trade,,,,
ANCASH,retail,w519405307,Grupo Ferretero Construya,-9.076957,-78.585836,0.0,trade,,,,
ANCASH,retail,w519405321,Maderera Pucallpa,-9.07907,-78.578648,0.0,trade,,,,
ANCASH,retail,w519405327,Maderera Los Cedros,-9.082009,-78.575825,0.0,trade,,,,
ANCASH,retail,w519405328,Maderera Pardo,-9.082342,-78.575708,0.0,trade,,,,
ANCASH,retail,w519405329,3A Amseq,-9.082489,-78.575371,0.0,trade,,,,
ANCASH,retail,w519405335,Repalsa,-9.084754,-78.573516,0.0,trade,,,,
ANCASH,retail,w519411911,Ferreteria Lesmar,-9.13068,-78.517941,0.0,hardware,,,,
ANCASH,retail,w519423181,Maderera Fruto de la Montaña,-9.096121,-78.562232,0.0,trade,,,,
ANCASH,retail,w519450212,Agrícola e Inversiones L&F,-9.070744,-78.588697,0.0,trade,,,,
ANCASH,retail,w519450216,Agromen Group,-9.070278,-78.588597,0.0,trade,,,,
ANCASH,retail,w519461901,Isrrariego Motors,-9.070942,-78.588358,0.0,trade,,,,
ANCASH,retail,w519702940,Mi Mascota,-9.072064,-78.589449,0.0,yes,,,,
ANCASH,retail,w519707051,Canilandia,-9.071888,-78.589207,0.0,yes,,,,
ANCASH,retail,w519707052,Surpass,-9.071625,-78.589776,0.0,trade,,,,
ANCASH,retail,w520122466,Depósito Miramar,-9.079951,-78.58309,0.0,trade,,,,
ANCASH,retail,w520124554,Movisa,-9.080063,-78.582723,0.0,trade,,,,
ANCASH,retail,w520147611,El Chino,-9.472697,-78.308183,0.0,hardware,,,,
ANCASH,retail,w520155040,Ferreteria Palma,-9.475033,-78.30014,0.0,hardware,,,,
ANCASH,retail,w520155043,Ferreteria Palma,-9.475058,-78.30024,0.0,hardware,,,,
ANCASH,retail,w520333623,Inversiones Generales Luzcar,-9.069938,-78.586238,0.0,hardware,,,,
ANCASH,retail,w520355951,El Baratero,-9.474142,-78.296471,0.0,agrarian,,,,
ANCASH,retail,w520371385,Grupo JJ,-9.064687,-78.587393,0.0,trade,,,,
ANCASH,retail,w520371389,Maderas Acasia,-9.066261,-78.583658,0.0,trade,,,,
ANCASH,retail,w520430167,Yeriko,-10.070601,-78.151326,0.0,hardware,,,,
ANCASH,retail,w520593623,Ferretería El Progreso,-9.023889,-78.615617,0.0,hardware,,,,
ANCASH,retail,w520631370,Tito Mallqui,-10.067311,-78.149559,0.0,agrarian,,,,
ANCASH,retail,w941607611,Melacentro Blas,-9.078904,-78.578753,0.0,trade,,,,
APURIMAC,agroind,w256892094,XP - Camp,-14.062658,-72.309405,0.0,industrial,,,,
APURIMAC,agroind,w316077080,CC - Camp,-14.098731,-72.308026,0.0,industrial,,,,
APURIMAC,agroind,w377259389,Procura,-14.098551,-72.322679,0.0,industrial,,,,
APURIMAC,agroind,w1218340773,Mina Las Bambas,-14.078615,-72.329152,0.0,industrial,,,,
APURIMAC,named,n3526465400,Hacienda Corroy,-13.586244,-73.679845,0.0,hamlet,,,,
APURIMAC,named,n3526732490,Hacienda Tocsama,-13.541597,-73.406519,0.0,village,,,,
APURIMAC,named,n3526748588,Fundo Chontaca,-13.573768,-73.246378,0.0,hamlet,,,,
APURIMAC,named,n3526795782,Fundo Ingles,-13.6145,-73.043434,0.0,hamlet,,,,
APURIMAC,named,n3526865133,Fundo La Granja,-13.688124,-73.031523,0.0,hamlet,,,,
APURIMAC,named,n3527077887,Hacienda Ingenio,-13.591862,-73.255931,0.0,hamlet,,,,
APURIMAC,named,n3528672524,Fundo Patacorral,-13.696285,-73.359541,0.0,hamlet,,,,
APURIMAC,named,n3528672525,Hacienda Ccapacealla,-13.684547,-73.40265,0.0,hamlet,,,,
APURIMAC,named,n3528748077,Fundo Poso Cuy,-13.61158,-73.457617,0.0,hamlet,,,,
APURIMAC,named,n3528748079,Hacienda Bellavista,-13.539503,-73.456334,0.0,hamlet,,,,
APURIMAC,named,n3528825605,Hacienda Cuculioc,-13.789241,-73.733093,0.0,hamlet,,,,
APURIMAC,named,n3528985713,Hacienda Carmen,-13.744629,-73.539601,0.0,hamlet,,,,
APURIMAC,named,n3535085948,Hacienda El Trabajo,-13.951173,-73.146449,0.0,hamlet,,,,
APURIMAC,named,n3535391911,Hacienda San Francisco,-14.061525,-73.250207,0.0,hamlet,,,,
APURIMAC,named,n3551669633,Hacienda Lucre,-14.017207,-72.575807,0.0,hamlet,,,,
APURIMAC,named,n3554525282,Fundo San Marcos,-14.237047,-73.051354,0.0,hamlet,,,,
APURIMAC,named,n3554777550,Hacienda Pampahuasi,-14.588469,-72.769014,0.0,hamlet,,,,
APURIMAC,named,n3556177283,Hacienda Fasan,-13.739985,-72.308327,0.0,hamlet,,,,
APURIMAC,named,n3556177284,Hacienda Tamboro,-13.720968,-72.383985,0.0,village,,,,
APURIMAC,named,n3556245400,Hacienda Ccaccapata,-13.840898,-72.409703,0.0,hamlet,,,,
APURIMAC,named,n3556245401,Hacienda Chura,-13.889727,-72.439502,0.0,hamlet,,,,
APURIMAC,named,n3564222576,Hacienda Huasi,-14.346715,-72.281967,0.0,hamlet,,,,
APURIMAC,retail,n4156282002,Importadora Constructora Samaniego,-13.657115,-73.382989,0.0,doityourself,,,,
APURIMAC,retail,n4156282006,Madecon S.R.L.,-13.657188,-73.385046,0.0,doityourself,,,,
APURIMAC,retail,n4156282014,Rios,-13.657148,-73.383681,0.0,doityourself,,,,
APURIMAC,retail,n4156352031,Centro Electrónico Chino,-13.656976,-73.38733,0.0,hardware,,,,
APURIMAC,retail,n4156373079,Electrónica Andrada,-13.656502,-73.387436,0.0,hardware,,,,
APURIMAC,retail,n4160407330,Electrotécnica Industrial Blas,-13.657405,-73.389987,0.0,hardware,,,,
APURIMAC,retail,n4622688084,Multiservicios Campos,-13.654443,-73.425191,0.0,doityourself,,,,
APURIMAC,retail,n4622688100,La Casa del Constructor,-13.653872,-73.428591,0.0,doityourself,,,,
APURIMAC,retail,n4631063214,El Constructor,-13.652007,-73.366075,0.0,doityourself,,,,
APURIMAC,retail,n4631063216,Electrónica Chino,-13.651974,-73.365997,0.0,hardware,,,,
APURIMAC,retail,n4631063237,Electrónica Huaman,-13.65143,-73.365935,0.0,hardware,,,,
APURIMAC,retail,n4631063243,San José,-13.650952,-73.365536,0.0,veterinary,,,,
APURIMAC,retail,n4631146093,El Maestro,-13.654048,-73.370212,0.0,doityourself,,,,
APURIMAC,retail,n4631146094,Vargas Hermanos,-13.654174,-73.370088,0.0,doityourself,,,,
APURIMAC,retail,n4631163058,Consur E.I.R.L.,-13.656506,-73.378541,0.0,doityourself,,,,
APURIMAC,retail,n4631163064,Carovi Distribuciones,-13.656685,-73.378158,0.0,doityourself,,,,
APURIMAC,retail,n4631163069,Carovi Distribuciones,-13.656669,-73.377832,0.0,doityourself,,,,
APURIMAC,retail,n4631163070,Vargas Hermanos,-13.65667,-73.377772,0.0,doityourself,,,,
AREQUIPA,landuse,w403670721,Vivero Los Viñedos,-16.501891,-71.831091,0.71,farmland,,,,
AREQUIPA,landuse,w570100150,Vivero,-16.357782,-72.192294,0.04,plant_nursery,,,,
AREQUIPA,agroind,n3265425041,LADRILLERIAS DE LA COOPERATIVA,-16.49723,-71.503724,0.0,works,,,,
AREQUIPA,agroind,n3482649760,Estacion Yura,-16.255166,-71.681137,0.0,works,,,,
AREQUIPA,agroind,n4441405645,Molitalia,-16.423679,-71.509471,0.0,works,,,,
AREQUIPA,agroind,n4702368987,Cemento Yura,-16.406135,-71.600389,0.0,works,,,,
AREQUIPA,agroind,n5179953723,San Pedro,-16.404249,-71.538481,0.0,distillery,,,,
AREQUIPA,agroind,n5371560984,Antigua Prosesadora de Tubos,-16.338646,-72.197678,0.0,works,,,,
AREQUIPA,agroind,n5371570458,Antigua Despensadora de Tubos,-16.340217,-72.199118,0.0,works,,,,
AREQUIPA,agroind,n5373403473,Exportadora de Aji,-16.379948,-72.197942,0.0,works,,,,
AREQUIPA,agroind,n9466314635,Kalimet,-16.390932,-71.582152,0.0,works,,Kala Ingeniería Metálica S.A.C.,http://www.kalimet.pe/,
AREQUIPA,agroind,n12384625853,Transportes Jirena SAC,-16.440438,-71.610882,0.0,works,,,,
AREQUIPA,agroind,n12913027096,Multiservicios El Pitbull,-16.326469,-71.553719,0.0,agricultural_engines,,,,
AREQUIPA,agroind,n14107941802,Oxxo,-16.395516,-71.554686,0.0,winery,,,,
AREQUIPA,agroind,w23926952,Cement Plant,-16.257714,-71.683644,0.0,industrial,,,,
AREQUIPA,agroind,w136892247,Turbinas,-16.291449,-71.474127,0.0,works,,,,
AREQUIPA,agroind,w200753418,Petroperú,-17.031833,-72.005943,0.0,industrial,,,,
AREQUIPA,agroind,w236606110,Central Eléctrica Fotovoltaica Repartición,-16.57639,-71.818441,0.0,industrial,,,,
AREQUIPA,agroind,w236843000,Central Térmica Mollendo,-17.025927,-71.995319,0.0,industrial,,Egasa,https://www.egasa.com.pe/,
AREQUIPA,agroind,w391471708,Gloria S.A.,-16.426244,-71.559752,0.0,industrial,,,https://www.grupogloria.com/gloria.html,
AREQUIPA,agroind,w391471710,Química Suiza,-16.425076,-71.557326,0.0,industrial,,,http://www.quicorp.com/quimica-suiza/nosotros/ubicacion-y-oficinas,
AREQUIPA,agroind,w391697301,Petroperú,-16.34506,-71.564667,0.0,industrial,,,,
AREQUIPA,agroind,w399149201,Embotelladora Socosani,-16.383737,-71.556398,0.0,works,,Socosani,https://socosani.com/,
AREQUIPA,agroind,w399326491,Supermix,-16.427367,-71.530018,0.0,works,,,,
AREQUIPA,agroind,w403475142,RANSA,-16.42124,-71.518613,0.0,industrial,,,https://www.gruporomero.com.pe/es-PE/empresas/grupo_ransa/,
AREQUIPA,agroind,w403670720,Joy Global Perú,-16.499243,-71.833948,0.0,industrial,,,,
AREQUIPA,agroind,w403670725,Gloria S.A.,-16.506375,-71.823087,0.0,industrial,,,,
AREQUIPA,agroind,w403676474,Planta GRS,-16.510729,-71.803842,0.0,industrial,,,,
AREQUIPA,agroind,w404404509,AConstruir,-16.42389,-71.524344,0.0,works,,,,
AREQUIPA,agroind,w407612960,Planta de envasado de gas,-16.40568,-71.57649,0.0,industrial,,,,
AREQUIPA,agroind,w410691976,Corporacion Andina Del Gas,-16.403886,-71.572412,0.0,works,,,,
AREQUIPA,agroind,w412585369,Gloria Majes,-16.365723,-72.162263,0.0,industrial,,Grupo Gloria,,
AREQUIPA,agroind,w425873186,ALSUR Perú  Arequipa- Fábrica de conservas,-16.477752,-71.519294,0.0,works,,,,
AREQUIPA,agroind,w428782087,Concentradora C2 SMCV,-16.558713,-71.590208,0.0,industrial,,,,
AREQUIPA,agroind,w436047491,Ceticos Matarani,-17.006695,-72.093316,0.0,industrial,,,,
AREQUIPA,agroind,w436047499,LQS Matarani,-17.008431,-72.108187,0.0,industrial,,Logística de Químicos del Sur,,
AREQUIPA,agroind,w473674022,Central Termoeléctrica Puerto Bravo,-17.03854,-71.977414,0.0,industrial,,Samay I,,
AREQUIPA,agroind,w473859927,Industrias San Miguel,-16.412813,-71.580793,0.0,works,,,,
AREQUIPA,agroind,w476745294,Lo Justo Calibraciones,-16.402865,-71.578428,0.0,works,,,,
AREQUIPA,agroind,w476745318,Backus,-16.410304,-71.555381,0.0,industrial,,,,
AREQUIPA,agroind,w486662362,Estación del Ferrocarril Arequipa,-16.41162,-71.541827,0.0,industrial,,,,
AREQUIPA,agroind,w490587890,Sedapar,-16.367963,-71.544878,0.0,industrial,,,,
AREQUIPA,agroind,w491223419,Alicorp,-16.421195,-71.542144,0.0,industrial,,,,
AREQUIPA,agroind,w491223427,CPPQ S.A.,-16.420363,-71.547857,0.0,industrial,,,,
AREQUIPA,agroind,w491223430,Lápices y Conexos S.A.,-16.422057,-71.548613,0.0,industrial,,,,
AREQUIPA,agroind,w491796846,Art Atlas Planta N° 1,-16.444222,-71.504087,0.0,industrial,,,,
AREQUIPA,agroind,w520416008,Ladrillera,-16.420974,-71.505831,0.0,industrial,,,,
AREQUIPA,agroind,w537840202,Fima,-16.404656,-71.589326,0.0,industrial,,,,
AREQUIPA,agroind,w538070546,Textilería Incalpaca,-16.404576,-71.555051,0.0,industrial,,,,
AREQUIPA,agroind,w552665474,Terminal de Buses Francisco Bolognesi,-16.35046,-71.542373,0.0,industrial,,Municipalidad Distrital de Cayma,,
AREQUIPA,agroind,w557524881,Don Escajadillo,-16.365134,-72.193065,0.0,works,,,,
AREQUIPA,agroind,w557741874,Almacen,-16.387959,-71.53753,0.0,industrial,,,,
AREQUIPA,agroind,w563644387,Aceros Arequipa,-16.419473,-71.545964,0.0,industrial,,,,
AREQUIPA,agroind,w563644388,Martín Cerámica,-16.421035,-71.54462,0.0,industrial,,,,
AREQUIPA,agroind,w568357811,Celima,-16.422849,-71.546607,0.0,industrial,,,,
AREQUIPA,agroind,w568357812,Paxal,-16.423271,-71.547096,0.0,industrial,,,,
AREQUIPA,agroind,w569120844,Cadena Bicolor distribuidor de  comestibles,-16.44536,-71.508529,0.0,industrial,,,,
AREQUIPA,agroind,w613973995,UNSA,-16.352322,-72.187147,0.0,industrial,,,,
AREQUIPA,agroind,w613974192,Procesadora de Lacteos,-16.354276,-72.187375,0.0,industrial,,,,
AREQUIPA,agroind,w782261811,Estación de transferencia,-15.984355,-71.218939,0.0,industrial,,,,
AREQUIPA,agroind,w983275854,Ladrillera Choque,-16.471297,-71.496807,0.0,works,,,,
AREQUIPA,agroind,w1009003573,TASA Matarani,-17.005738,-72.100812,0.0,industrial,,,,
AREQUIPA,agroind,w1009003579,Deposito Yura,-17.002855,-72.066487,0.0,industrial,,,,
AREQUIPA,agroind,w1009003580,Logistica del Pacífico S.A.C.,-16.996477,-72.085652,0.0,industrial,,,,
AREQUIPA,agroind,w1009007266,Pesquera Diamante,-17.014972,-72.048694,0.0,industrial,,,,
AREQUIPA,agroind,w1023820189,Camal de Santa Maria de la Colina,-16.346267,-72.175669,0.0,industrial,,Municipalidad del Centro Poblado de Santa Maria de la Colina,,
AREQUIPA,agroind,w1160105828,thyssenkrupp,-16.492065,-71.859756,0.0,industrial,,,,
AREQUIPA,agroind,w1248922840,Petroperú,-17.028906,-72.003963,0.0,industrial,,,,
AREQUIPA,agroind,w1260422785,Parqueo Cerro K,-16.527754,-71.592452,0.0,industrial,,,,
AREQUIPA,agroind,w1266261818,Parqueo Line Up - Auxiliar,-16.54706,-71.603156,0.0,industrial,,,,
AREQUIPA,agroind,w1266261819,Parqueo Line Up - Acarreo,-16.546496,-71.602616,0.0,industrial,,,,
AREQUIPA,agroind,w1266265294,Parqueo FIO,-16.549358,-71.597641,0.0,industrial,,,,
AREQUIPA,agroind,w1266265295,Parqueo Dinámico,-16.546596,-71.592984,0.0,industrial,,,,
AREQUIPA,agroind,w1266265296,Parqueo Perimetral,-16.546967,-71.583545,0.0,industrial,,,,
AREQUIPA,agroind,w1266265297,Parqueo Bravo,-16.545261,-71.580505,0.0,industrial,,,,
AREQUIPA,agroind,w1266265298,Parqueo Gara SR3,-16.545646,-71.578898,0.0,industrial,,,,
AREQUIPA,agroind,w1266265299,Parqueo Gato Aranibar,-16.542713,-71.607756,0.0,industrial,,,,
AREQUIPA,agroind,w1266265300,Parqueo KOM980 TIN,-16.542987,-71.614242,0.0,industrial,,,,
AREQUIPA,agroind,w1266265301,Parqueo KOM980 Culvert 3,-16.530634,-71.618485,0.0,industrial,,,,
AREQUIPA,agroind,w1266265302,Parqueo Cisterna Culvert 4,-16.521202,-71.615821,0.0,industrial,,,,
AREQUIPA,agroind,w1266265303,Parqueo Aglomerador,-16.529626,-71.588707,0.0,industrial,,,,
AREQUIPA,agroind,w1266265304,Parqueo Cerro Negro,-16.548957,-71.555667,0.0,industrial,,,,
AREQUIPA,agroind,w1415687659,Central Solar San Martín,-16.704793,-71.803324,0.0,industrial,,Zelestra Energy,,
AREQUIPA,agroind,w1417293986,FAMESA,-16.556792,-71.877138,0.0,industrial,,,,
AREQUIPA,agroind,w1417293989,Fabrica de Dovelas,-16.58012,-71.813186,0.0,industrial,,,,
AREQUIPA,agroind,w1417293990,Planta de Granelizado,-16.586638,-71.872856,0.0,industrial,,,,
AREQUIPA,agroind,w1454672149,Nodo Nacional Core de la RDNFO,-16.398228,-71.546,0.0,industrial,,MTC,,
AREQUIPA,agroind,w1486744461,Nodo de Telecomunicaciones Boliviacom,-17.010571,-72.022239,0.0,industrial,,Boliviacom,,
AREQUIPA,agroind,w1490277205,Nodo de Telecomunicaciones Boliviacom,-16.402276,-71.58185,0.0,industrial,,Boliviacom,,
AREQUIPA,agroind,w1503587378,Minera Bateas,-15.20364,-71.862201,0.0,industrial,,,,
AREQUIPA,named,n3412766193,Hacienda Santa María,-17.111349,-71.787944,0.0,village,,,,
AREQUIPA,named,n3412978831,Hacienda Chavez,-16.575806,-71.371876,0.0,hamlet,,,,
AREQUIPA,named,n3428656503,Fundo Carpio,-17.153537,-71.791424,0.0,hamlet,,,,
AREQUIPA,named,n3428656504,Hacienda Nueva,-17.162297,-71.805868,0.0,hamlet,,,,
AREQUIPA,named,n3428901815,Hacienda Pachaqui Grande,-16.422472,-72.169011,0.0,hamlet,,,,
AREQUIPA,named,n3428901816,Hacienda Santa Ana,-16.439072,-72.178433,0.0,hamlet,,,,
AREQUIPA,named,n3428901817,Hacienda Zarzal,-16.368411,-72.150152,0.0,hamlet,,,,
AREQUIPA,named,n3429170509,Hacienda Lozada,-16.501419,-72.085263,0.0,hamlet,,,,
AREQUIPA,named,n3429170510,Hacienda Malaga,-16.49193,-72.111826,0.0,hamlet,,,,
AREQUIPA,named,n3429170511,Hacienda Olasábal,-16.475906,-72.126073,0.0,hamlet,,,,
AREQUIPA,named,n3429630566,Hacienda Huarangal,-16.221141,-72.05788,0.0,hamlet,,,,
AREQUIPA,named,n3429630567,Hacienda Quilcapampa,-16.23778,-72.073458,0.0,village,,,,
AREQUIPA,named,n3429630568,Hacienda San Basilio,-16.303766,-72.10042,0.0,hamlet,,,,
AREQUIPA,named,n3429657225,Hacienda Churumpaya,-16.5362,-71.472602,0.0,hamlet,,,,
AREQUIPA,named,n3429661711,Hacienda Luna,-16.492647,-71.469269,0.0,hamlet,,,,
AREQUIPA,named,n3436649426,Hacienda Los Tablones,-16.484901,-71.352154,0.0,hamlet,,,,
AREQUIPA,named,n3436649427,Hacienda Muto,-16.506637,-71.348826,0.0,hamlet,,,,
AREQUIPA,named,n3436649428,Hacienda Trampa,-16.544894,-71.323394,0.0,hamlet,,,,
AREQUIPA,named,n3482649735,Chacra Nueva,-16.208393,-71.698407,0.0,hamlet,,,,
AREQUIPA,named,n3490311452,Hacienda Colca,-15.677077,-71.047839,0.0,hamlet,,,,
AREQUIPA,named,n3495453972,Hacienda Antacollo,-15.441385,-71.120016,0.0,isolated_dwelling,,,,
AREQUIPA,named,n3495453973,Hacienda Jayune,-15.571404,-71.025003,0.0,hamlet,,,,
AREQUIPA,named,n3495453974,Hacienda Morocaque,-15.61721,-71.055809,0.0,village,,,,
AREQUIPA,named,n3495453975,Hacienda Precentacion,-15.623636,-71.077168,0.0,hamlet,,,,
AREQUIPA,named,n3497524725,Chacra Huaycco,-15.456053,-71.319655,0.0,hamlet,,,,
AREQUIPA,named,n3497524757,Hacienda Ccencco,-15.560598,-71.464551,0.0,hamlet,,,,
AREQUIPA,named,n3497524758,Hacienda Pasma,-15.646594,-71.178914,0.0,village,,,,
AREQUIPA,named,n3497524759,Hacienda Pulpera,-15.613626,-71.420298,0.0,village,,,,
AREQUIPA,named,n3502636460,Hacienda Huancane,-15.237626,-71.831883,0.0,hamlet,,,,
AREQUIPA,named,n3502636461,Hacienda Olleria,-15.197722,-71.758714,0.0,hamlet,,,,
AREQUIPA,named,n3502636462,Hacienda Talta,-15.258679,-71.881816,0.0,village,,,,
AREQUIPA,named,n3510305100,Hacienda Japo,-15.445161,-71.98191,0.0,hamlet,,,,
AREQUIPA,named,n3510305101,Hacienda Kenco,-15.425512,-71.954764,0.0,hamlet,,,,
AREQUIPA,named,n3510398047,Hacienda Curina,-15.664389,-71.676452,0.0,isolated_dwelling,,,,
AREQUIPA,named,n3511051687,Hacienda Jasmin,-15.786705,-72.235274,0.0,hamlet,,,,
AREQUIPA,named,n3511595608,Hacienda Chillihua,-15.932298,-71.730013,0.0,hamlet,,,,
AREQUIPA,named,n3511737722,Hacienda Llevasora,-14.918333,-72.14535,0.0,hamlet,,,,
AREQUIPA,named,n3511797603,Hacienda Tauca,-15.475438,-72.327218,0.0,village,,,,
AREQUIPA,named,n3518468611,Hacienda Huaccombra,-15.829869,-72.36112,0.0,isolated_dwelling,,,,
AREQUIPA,named,n3518468612,Hacienda Ninaquiro,-15.700755,-72.420462,0.0,village,,,,
AREQUIPA,named,n3518468613,Hacienda Piraucho,-15.68985,-72.418842,0.0,hamlet,,,,
AREQUIPA,named,n3518501845,Fundo El Castillo,-15.990458,-72.498226,0.0,village,,,,
AREQUIPA,named,n3518501847,Hacienda Andamayo,-15.843454,-72.450439,0.0,village,,,,
AREQUIPA,named,n3518501848,Hacienda Beringa,-16.041091,-72.483798,0.0,hamlet,,,,
AREQUIPA,named,n3518501849,Hacienda Bilbao,-16.067046,-72.491955,0.0,locality,,,,
AREQUIPA,named,n3518501850,Hacienda Casquina,-16.071158,-72.492973,0.0,village,,,,
AREQUIPA,named,n3518501851,Hacienda Cateriano,-16.062116,-72.491652,0.0,locality,,,,
AREQUIPA,named,n3518501852,Hacienda Cuculi,-16.136205,-72.488407,0.0,hamlet,,,,
AREQUIPA,named,n3518501853,Hacienda El Castillo,-16.012846,-72.490234,0.0,hamlet,,,,
AREQUIPA,named,n3518501854,Hacienda La Cabecera,-16.11958,-72.491371,0.0,village,,,,
AREQUIPA,named,n3518501855,Hacienda La Central,-15.988622,-72.474928,0.0,village,,,,
AREQUIPA,named,n3518501856,Hacienda La Federal,-16.130025,-72.481285,0.0,hamlet,,,,
AREQUIPA,named,n3518501858,Hacienda Los Puros,-16.135308,-72.480068,0.0,hamlet,,,,
AREQUIPA,named,n3518501859,Hacienda Maran Grande,-16.143354,-72.491215,0.0,village,,,,
AREQUIPA,named,n3518501860,Hacienda Perú,-15.899201,-72.469946,0.0,village,,,,
AREQUIPA,named,n3518501861,Hacienda Querulpa Chico,-16.158512,-72.48807,0.0,village,,,,
AREQUIPA,named,n3518501862,Hacienda Querulpa Grande,-16.167278,-72.484169,0.0,village,,,,
AREQUIPA,named,n3518501863,Hacienda Quiscay,-16.002253,-72.477052,0.0,hamlet,,,,
AREQUIPA,named,n3518501864,Hacienda Sacay,-16.131443,-72.491091,0.0,hamlet,,,,
AREQUIPA,named,n3518501865,Hacienda Vasquez,-16.069166,-72.492261,0.0,locality,,,,
AREQUIPA,named,n3518512174,Hacienda Collon,-16.176445,-72.459927,0.0,hamlet,,,,
AREQUIPA,named,n3518512175,Hacienda El Carmen,-16.093363,-72.478553,0.0,village,,,,
AREQUIPA,named,n3518512176,Hacienda La Real,-16.107003,-72.470911,0.0,village,,,,
AREQUIPA,named,n3518512177,Hacienda Pacheco,-16.099687,-72.474251,0.0,hamlet,,,,
AREQUIPA,named,n3518512178,Hacienda Pampa Blanca,-16.150295,-72.469942,0.0,hamlet,,,,
AREQUIPA,named,n3518512179,Hacienda Tomaca,-16.161003,-72.465847,0.0,village,,,,
AREQUIPA,named,n3518528020,Hacienda Casa Grande,-16.201046,-72.466184,0.0,hamlet,,,,
AREQUIPA,named,n3518528021,Hacienda Desaguadero,-16.212888,-72.466829,0.0,hamlet,,,,
AREQUIPA,named,n3518528022,Hacienda El Granado,-16.320375,-72.465205,0.0,hamlet,,,,
AREQUIPA,named,n3518528023,Hacienda El Pasto,-16.206346,-72.478472,0.0,hamlet,,,,
AREQUIPA,named,n3518528024,Hacienda Goyeneche,-16.251444,-72.470099,0.0,village,,,,
AREQUIPA,named,n3518528025,Hacienda Jaraba,-16.357958,-72.486037,0.0,hamlet,,,,
AREQUIPA,named,n3518528026,Hacienda La Barrera,-16.214138,-72.47927,0.0,hamlet,,,,
AREQUIPA,named,n3518528027,Hacienda Llutis,-16.221255,-72.453538,0.0,hamlet,,,,
AREQUIPA,named,n3518528028,Hacienda Paican,-16.397154,-72.515567,0.0,hamlet,,,,
AREQUIPA,named,n3518528031,Hacienda Sacramento,-16.206801,-72.466544,0.0,hamlet,,,,
AREQUIPA,named,n3518528033,Hacienda San Vicente,-16.246167,-72.469828,0.0,hamlet,,,,
AREQUIPA,named,n3518528034,Hacienda Santa Elena,-16.197786,-72.472542,0.0,hamlet,,,,
AREQUIPA,named,n3518528036,Hacienda Senicero,-16.219746,-72.475455,0.0,hamlet,,,,
AREQUIPA,named,n3518528037,Hacienda Toran,-16.35157,-72.476185,0.0,village,,,,
AREQUIPA,named,n3518528038,Hacienda Toro Grande,-16.241968,-72.483281,0.0,hamlet,,,,
AREQUIPA,named,n3518664121,Hacienda Aymaya,-15.551925,-72.978849,0.0,hamlet,,,,
AREQUIPA,named,n3518717170,Hacienda Acoruro,-15.722421,-72.896137,0.0,hamlet,,,,
AREQUIPA,named,n3518717171,Hacienda Alpacay,-15.787508,-72.92049,0.0,hamlet,,,,
AREQUIPA,named,n3518717172,Hacienda Asillo,-15.720329,-72.896885,0.0,hamlet,,,,
AREQUIPA,named,n3518717173,Hacienda Callpay,-15.75286,-72.930766,0.0,hamlet,,,,
AREQUIPA,named,n3518717174,Hacienda Canahua,-15.737746,-72.933046,0.0,hamlet,,,,
AREQUIPA,named,n3518717175,Hacienda Chanana,-15.855473,-72.976284,0.0,hamlet,,,,
AREQUIPA,named,n3518717176,Hacienda Cocatijra,-15.732645,-72.908259,0.0,hamlet,,,,
AREQUIPA,named,n3518717177,Hacienda Cocharca,-15.513035,-73.200558,0.0,hamlet,,,,
AREQUIPA,named,n3518717178,Hacienda Lamapampa,-15.64425,-73.075173,0.0,hamlet,,,,
AREQUIPA,named,n3518745604,Hacienda Ancha,-15.924226,-73.139232,0.0,hamlet,,,,
AREQUIPA,named,n3518745605,Hacienda Callanga,-15.888713,-73.123604,0.0,hamlet,,,,
AREQUIPA,named,n3518745606,Hacienda Champune,-15.896514,-73.029002,0.0,hamlet,,,,
AREQUIPA,named,n3518745607,Hacienda La Capilla,-15.888392,-73.021621,0.0,hamlet,,,,
AREQUIPA,named,n3518745608,Hacienda Liza,-16.00043,-73.170756,0.0,village,,,,
AREQUIPA,named,n3518745609,Hacienda Piquillay,-15.85379,-73.108823,0.0,hamlet,,,,
AREQUIPA,named,n3518907182,Hacienda Antane,-15.914696,-72.85751,0.0,hamlet,,,,
AREQUIPA,named,n3518907183,Hacienda Callalli,-15.851506,-72.842979,0.0,hamlet,,,,
AREQUIPA,named,n3518907184,Hacienda Castillo,-15.786555,-72.834708,0.0,hamlet,,,,
AREQUIPA,named,n3518907185,Hacienda Ccocha,-15.811883,-72.840456,0.0,hamlet,,,,
AREQUIPA,named,n3518907186,Hacienda Chalhuane,-15.920931,-72.928871,0.0,hamlet,,,,
AREQUIPA,named,n3518907187,Hacienda Pilcomyo,-15.772142,-72.841667,0.0,hamlet,,,,
AREQUIPA,named,n3518907188,Hacienda Sillihua,-15.780924,-72.843259,0.0,hamlet,,,,
AREQUIPA,named,n3518907189,Hacienda Tomapampa,-15.845097,-72.836264,0.0,hamlet,,,,
AREQUIPA,named,n3518918429,Hacienda Llacas,-15.953392,-72.716492,0.0,isolated_dwelling,,,,
AREQUIPA,named,n3518918447,Pampa Chacra,-15.812472,-72.66093,0.0,village,,,,
AREQUIPA,named,n3519103506,Hacienda Atitirca,-15.84884,-72.639093,0.0,hamlet,,,,
AREQUIPA,named,n3519205520,Hacienda Chapi,-15.004515,-72.57536,0.0,hamlet,,,,
AREQUIPA,named,n3519205521,Hacienda Huanzo,-14.685342,-72.496095,0.0,hamlet,,,,
AREQUIPA,named,n3519313434,Hacienda Uchuypuna,-14.693342,-72.716295,0.0,hamlet,,,,
AREQUIPA,named,n3519435988,Hacienda Pomacocho,-15.169888,-72.892951,0.0,hamlet,,,,
AREQUIPA,named,n3519435989,Hacienda Tejehuasi,-15.188478,-72.89659,0.0,hamlet,,,,
AREQUIPA,named,n3519435990,Hacienda Uchupaya,-15.110669,-72.89905,0.0,hamlet,,,,
AREQUIPA,named,n3519575921,Hacienda Quirquiray,-15.326162,-73.032972,0.0,hamlet,,,,
AREQUIPA,named,n3519575922,Hacienda Toccecc,-15.369755,-73.080491,0.0,hamlet,,,,
AREQUIPA,named,n3519575923,Hacienda Yumare,-15.339043,-73.038652,0.0,hamlet,,,,
AREQUIPA,named,n3522000173,Hacienda Pucara,-15.300528,-73.086468,0.0,hamlet,,,,
AREQUIPA,named,n3522000174,Hacienda Quencho,-15.311858,-73.053547,0.0,hamlet,,,,
AREQUIPA,named,n3522000175,Hacienda San Felipe,-15.330348,-73.065566,0.0,hamlet,,,,
AREQUIPA,named,n3522098137,Hacienda Antanaiso,-15.447787,-73.247215,0.0,hamlet,,,,
AREQUIPA,named,n3522468141,Abas Chacra,-15.428871,-73.498552,0.0,hamlet,,,,
AREQUIPA,named,n3522468172,Hacienda Ananta,-15.787956,-73.33462,0.0,hamlet,,,,
AREQUIPA,named,n3522468173,Hacienda Huachipa,-15.785424,-73.338503,0.0,hamlet,,,,
AREQUIPA,named,n3522468174,Hacienda Huarca,-15.806961,-73.315721,0.0,hamlet,,,,
AREQUIPA,named,n3522468175,Hacienda Huarca,-15.819372,-73.314076,0.0,hamlet,,,,
AREQUIPA,named,n3522468176,Hacienda Lacantera,-15.783666,-73.331928,0.0,hamlet,,,,
AREQUIPA,named,n3522468177,Hacienda Ponce,-15.799815,-73.324928,0.0,hamlet,,,,
AREQUIPA,named,n3522900794,Hacienda Illacho,-15.629232,-73.805408,0.0,hamlet,,,,
AREQUIPA,named,n3522900795,Hacienda Irurupa,-15.552732,-73.789244,0.0,hamlet,,,,
AREQUIPA,named,n3522900808,Pampa Chacra,-15.672826,-73.61382,0.0,hamlet,,,,
AREQUIPA,named,n3522957527,Hacienda Cascajal,-15.763335,-73.918626,0.0,hamlet,,,,
AREQUIPA,named,n3522957528,Hacienda Chullcaya,-15.775673,-73.932554,0.0,hamlet,,,,
AREQUIPA,named,n3522957529,Hacienda San Agustin,-15.806566,-73.979053,0.0,hamlet,,,,
AREQUIPA,named,n3522978038,Hacienda Pueblo Viejo,-15.782404,-74.218513,0.0,hamlet,,,,
AREQUIPA,named,n3523019797,Hacienda Parcoy,-15.750852,-74.303215,0.0,hamlet,,,,
AREQUIPA,named,n3523071460,Fundo Pampa Redonda,-15.481084,-74.456611,0.0,isolated_dwelling,,,,
AREQUIPA,named,n3523071461,Fundo Yuncachaca,-15.49356,-74.45997,0.0,isolated_dwelling,,,,
AREQUIPA,named,n3523082960,Fundo Amato,-15.312075,-74.575038,0.0,hamlet,,,,
AREQUIPA,named,n3523082961,Fundo Caranca,-15.289223,-74.567159,0.0,hamlet,,,,
AREQUIPA,named,n3523082962,Fundo Cerro Colorado,-15.472925,-74.621382,0.0,hamlet,,,,
AREQUIPA,named,n3523082963,Fundo Collona,-15.431504,-74.60958,0.0,hamlet,,,,
AREQUIPA,named,n3523082964,Fundo Despensa,-15.277835,-74.562579,0.0,hamlet,,,,
AREQUIPA,named,n3523082965,Fundo Lucasi,-15.371579,-74.585283,0.0,hamlet,,,,
AREQUIPA,named,n3523082966,Fundo Muncher,-15.453754,-74.623245,0.0,village,,,,
AREQUIPA,named,n3523082967,Fundo Visija,-15.246467,-74.554849,0.0,hamlet,,,,
AREQUIPA,named,n3523113073,Fundo Consuelo,-15.459231,-74.659193,0.0,hamlet,,,,
AREQUIPA,named,n3523113074,Fundo Humarote,-15.261405,-74.565697,0.0,hamlet,,,,
AREQUIPA,named,n3523113075,Fundo Incanuasi,-15.455652,-74.638734,0.0,hamlet,,,,
AREQUIPA,named,n3523113076,Fundo La Capilla,-15.457368,-74.650535,0.0,hamlet,,,,
AREQUIPA,named,n3523113077,Fundo La Joya,-15.349127,-74.585906,0.0,hamlet,,,,
AREQUIPA,named,n3523113078,Fundo Machaynioc,-15.203309,-74.533199,0.0,hamlet,,,,
AREQUIPA,named,n3523113079,Fundo Reyes,-15.480226,-74.663784,0.0,hamlet,,,,
AREQUIPA,named,n3523113080,Fundo San Pablo,-15.482992,-74.664919,0.0,hamlet,,,,
AREQUIPA,named,n3523113081,Fundo Santa Julia,-15.471283,-74.664571,0.0,hamlet,,,,
AREQUIPA,named,n3523113082,Fundo Santa Rosa,-15.301522,-74.57773,0.0,hamlet,,,,
AREQUIPA,named,n4283418054,Fundo el Peral,-16.420915,-71.538311,0.0,neighbourhood,,,,
AREQUIPA,named,n5002002622,Fundo la Tejeda,-16.372595,-71.557066,0.0,neighbourhood,,,,
AREQUIPA,named,n6023795604,Fundo Esvilla,-15.974433,-72.773403,0.0,hamlet,,,,
AREQUIPA,named,n11607114059,Fundo Cabrerías,-16.308805,-71.540463,0.0,quarter,,,,
AREQUIPA,named,n13016753915,Fundo Estrella,-16.387906,-71.674426,0.0,neighbourhood,,,,
AREQUIPA,named,n13016929549,Fundo Paijan,-16.392212,-71.680176,0.0,neighbourhood,,,,
AREQUIPA,named,w635420379,Hacienda Colca,-15.676796,-71.0477,0.0,hamlet,,,,
AREQUIPA,named,w1123745257,Hacienda La Joya,-16.610971,-71.977666,0.0,residential,,,,
AREQUIPA,named,w1395024757,FUNDO CABRERIAS - LAS CASAS DE AREQUIPA,-16.309797,-71.541894,0.0,plot,,,,
AREQUIPA,retail,n2906407637,Representaciones Panchito,-16.398799,-71.520438,0.0,hardware,,,,
AREQUIPA,retail,n3739416598,Veterinaria Dr. Mascota,-16.397827,-71.545555,0.0,veterinary,,,,+51 54 270996
AREQUIPA,retail,n3920774174,Viveros Arcoiris,-16.411824,-71.56008,0.0,garden_centre,,,,
AREQUIPA,retail,n4060089214,Santa Rosa,-16.49336,-71.843929,0.0,hardware,,,,
AREQUIPA,retail,n4096522854,Saúl Paredes,-16.407952,-71.53923,0.0,hardware,,,,
AREQUIPA,retail,n4232782284,Niño Jesús,-16.403439,-71.516789,0.0,hardware,,,,
AREQUIPA,retail,n4334857089,Marqués,-16.420946,-71.531157,0.0,veterinary,,,,
AREQUIPA,retail,n4356470827,Vida Animal,-16.380125,-71.544829,0.0,veterinary,,,,
AREQUIPA,retail,n4364159195,Porvenir,-16.354822,-71.566732,0.0,hardware,,,,
AREQUIPA,retail,n4364181091,San Pedro,-16.354592,-71.567578,0.0,hardware,,,,
AREQUIPA,retail,n4371614225,Soldamundo Importaciones SAC,-16.406308,-71.542146,0.0,hardware,,,,
AREQUIPA,retail,n4371884132,Celima,-16.407611,-71.538909,0.0,hardware,,,,
AREQUIPA,retail,n4372087987,Vallecito,-16.402971,-71.541632,0.0,veterinary,,,,
AREQUIPA,retail,n4427892904,Davetsur,-16.403951,-71.532669,0.0,veterinary,,,,
AREQUIPA,retail,n4441425049,A Construir,-16.404018,-71.514311,0.0,hardware,,,,
AREQUIPA,retail,n4441425050,Universal,-16.404303,-71.514554,0.0,hardware,,,,
AREQUIPA,retail,n4441425051,Depósito San Luis,-16.404182,-71.514846,0.0,hardware,,,,
AREQUIPA,retail,n4441425052,Dimasa,-16.403882,-71.515168,0.0,hardware,,,,
AREQUIPA,retail,n4441425055,Promser,-16.403543,-71.515036,0.0,hardware,,,,
AREQUIPA,retail,n4441425058,Buscal,-16.403504,-71.515716,0.0,hardware,,,,
AREQUIPA,retail,n4441425059,Jesús Cautivo,-16.40367,-71.515411,0.0,hardware,,,,
AREQUIPA,retail,n4475973333,Aluminio Arequipa,-16.406581,-71.539722,0.0,hardware,,,,
AREQUIPA,retail,n4483176804,Baterias Record,-16.437678,-71.530595,0.0,hardware,,,,
AREQUIPA,retail,n4483203890,Corresur,-16.443661,-71.529002,0.0,hardware,,,,
AREQUIPA,retail,n4539732792,Ferreteria Leo,-16.429446,-71.526508,0.0,hardware,,,,
AREQUIPA,retail,n4539732892,Ferreteria Cornejo,-16.449203,-71.589844,0.0,hardware,,,,
AREQUIPA,retail,n4553201127,Vivero Municipal,-16.44335,-71.592638,0.0,garden_centre,,,,
AREQUIPA,retail,n4553220235,Revestir,-16.407791,-71.538642,0.0,doityourself,,,,
AREQUIPA,retail,n4553220239,San Mateo,-16.420624,-71.531323,0.0,hardware,,,,
AREQUIPA,retail,n4556214389,Yura,-16.43234,-71.532102,0.0,hardware,,,,
AREQUIPA,retail,n4556221165,Gema,-16.441596,-71.529353,0.0,hardware,,,,
AREQUIPA,retail,n4556221167,Yura,-16.437185,-71.530418,0.0,hardware,,,,
AREQUIPA,retail,n4591828315,El Nazareno,-16.437173,-71.561833,0.0,hardware,,,,
AREQUIPA,retail,n4650383396,Virgen del Rosario,-16.448989,-71.515458,0.0,hardware,,,,
AREQUIPA,retail,n4678979660,Carlitos,-16.444611,-71.530142,0.0,hardware,,,,
AREQUIPA,retail,n4681068428,El volante,-16.442374,-71.527226,0.0,hardware,,,,
AREQUIPA,retail,n4681089479,Lara,-16.447542,-71.53133,0.0,hardware,,,,
AREQUIPA,retail,n4681693289,APPAI,-16.642932,-71.877336,0.0,hardware,,,,
AREQUIPA,retail,n4686960690,APPAI,-16.645194,-71.87668,0.0,hardware,,,,
AREQUIPA,retail,n4702369021,Oxivet,-16.404776,-71.567218,0.0,veterinary,,,,
AREQUIPA,retail,n4702369034,Santa Monica,-16.437921,-71.530426,0.0,hardware,,,,
AREQUIPA,retail,n4717596189,APPAI,-16.644028,-71.876701,0.0,hardware,,,http://laferiadelajoya.com,
AREQUIPA,retail,n4724931819,Fraddy,-16.443639,-71.517332,0.0,hardware,,,,
AREQUIPA,retail,n4724932204,De 4 Patas,-16.443138,-71.520338,0.0,veterinary,,,,+51 1 664688
AREQUIPA,retail,n4724932354,Gavilán,-16.447582,-71.531245,0.0,hardware,,,,
AREQUIPA,retail,n4728598782,El Arte,-16.41747,-71.533452,0.0,hardware,,,,
AREQUIPA,retail,n4728598963,Proplan,-16.430089,-71.533147,0.0,veterinary,,,,
AREQUIPA,retail,n4733296881,Aceros Habilitados,-16.399343,-71.515445,0.0,hardware,,,,
AREQUIPA,retail,n4783453053,Teran,-16.421663,-71.516285,0.0,veterinary,,,,
AREQUIPA,retail,n4783453072,CV Milan,-16.413281,-71.538495,0.0,veterinary,,,,+51 54 479747
AREQUIPA,retail,n4783453527,Seseser,-16.436114,-71.531186,0.0,hardware,,,,
AREQUIPA,retail,n4783453532,El Maestro,-16.433468,-71.531604,0.0,hardware,,,,
AREQUIPA,retail,n4783453544,General Prosisma EIRL,-16.421835,-71.53732,0.0,hardware,,,,
AREQUIPA,retail,n4783453772,Bettos,-16.423465,-71.537531,0.0,hardware,,,,
AREQUIPA,retail,n4783933011,Cristo Salvador,-16.423931,-71.53745,0.0,hardware,,,,
AREQUIPA,retail,n4788470324,Mistican,-16.426625,-71.517615,0.0,veterinary,,,,
AREQUIPA,retail,n4860774433,Luces,-16.439924,-71.529687,0.0,hardware,,,,
AREQUIPA,retail,n4860774648,Alvares,-16.435524,-71.531303,0.0,hardware,,,,
AREQUIPA,retail,n4888628818,Moselu,-16.440271,-71.529608,0.0,hardware,,,,
AREQUIPA,retail,n4888629108,Victoria,-16.434637,-71.530766,0.0,hardware,,,,
AREQUIPA,retail,n4913572356,Diffor,-16.435181,-71.531037,0.0,hardware,,,,
AREQUIPA,retail,n4914894433,San Lorenzo,-16.400644,-71.519542,0.0,doityourself,,,,
AREQUIPA,retail,n4919570410,Emmel,-16.403581,-71.515583,0.0,hardware,,,,
AREQUIPA,retail,n4919570428,Flores Alvares,-16.434939,-71.531156,0.0,hardware,,,,
AREQUIPA,retail,n4919570430,Buscal,-16.404532,-71.514373,0.0,hardware,,,,
AREQUIPA,retail,n4919570606,Femaco,-16.403796,-71.515289,0.0,hardware,,,,
AREQUIPA,retail,n4960912022,Spa Pequeños,-16.454037,-71.530344,0.0,veterinary,,,,
AREQUIPA,retail,n4963030044,Pimentel,-16.44906,-71.533169,0.0,hardware,,,,
AREQUIPA,retail,n4975882725,Ferresur,-16.434585,-71.531282,0.0,hardware,,,,
AREQUIPA,retail,n4975890265,Virgen del Carmen,-16.434404,-71.531336,0.0,hardware,,,,+51 54 424598
AREQUIPA,retail,n4986014521,Femaco,-16.43713,-71.529676,0.0,hardware,,,http://femaco.com.pe,+51 54 438080
AREQUIPA,retail,n4991359314,Victoria,-16.434691,-71.530665,0.0,hardware,,,,
AREQUIPA,retail,n5003334033,HuellitasPet,-16.4412,-71.529388,0.0,veterinary,,,,
AREQUIPA,retail,n5003334034,Laboratorio Diesel,-16.446554,-71.530659,0.0,hardware,,,,
AREQUIPA,retail,n5003334126,DifeSur,-16.442892,-71.528787,0.0,hardware,,,,
AREQUIPA,retail,n5045210623,AQPET SHOP,-16.408042,-71.509274,0.0,veterinary,,,,+51 955664262
AREQUIPA,retail,n5072474719,Metusa,-16.414614,-71.506585,0.0,hardware,,,,
AREQUIPA,retail,n5113679170,Precisa,-16.423993,-71.506428,0.0,hardware,,,,
AREQUIPA,retail,n5152705707,Aly,-16.443856,-71.517658,0.0,hardware,,,,
AREQUIPA,retail,n5181734924,Balanzas Fertow,-16.402496,-71.532014,0.0,hardware,,Fertow,,
AREQUIPA,retail,n5181804059,Titán Ferrocentro,-16.404093,-71.533942,0.0,hardware,,,,
AREQUIPA,retail,n5181804092,Sika,-16.403935,-71.534495,0.0,hardware,,,,
AREQUIPA,retail,n5181804093,Cuz,-16.40395,-71.534375,0.0,hardware,,,,+51 54 202905
AREQUIPA,retail,n5194356721,Home Depot Perú Yura,-16.444464,-71.505161,0.0,hardware,,,,
AREQUIPA,retail,n5194406927,Bey and Dog,-16.424727,-71.505919,0.0,veterinary,,,,
AREQUIPA,retail,n5194501701,Mi Amiga Vet,-16.442245,-71.53146,0.0,veterinary,,,,
AREQUIPA,retail,n5207241534,Sideperu,-16.405328,-71.579733,0.0,hardware,,,,
AREQUIPA,retail,n5207243100,Escorpio,-16.40485,-71.572187,0.0,hardware,,,,
AREQUIPA,retail,n5207353550,Ladrillera El Diamante,-16.405194,-71.583464,0.0,hardware,,,,
AREQUIPA,retail,n5264739355,Repuestos Rosas sac,-16.413365,-71.507191,0.0,hardware,,,,
AREQUIPA,retail,n5264747797,Jerico,-16.414087,-71.509045,0.0,hardware,,,,
AREQUIPA,retail,n5264748738,Montenegro,-16.412882,-71.50692,0.0,hardware,,,,
AREQUIPA,retail,n5264748763,Arequipa Autoparts,-16.412467,-71.506693,0.0,hardware,,,,
AREQUIPA,retail,n5264748829,Mauro,-16.412482,-71.507606,0.0,hardware,,,,
AREQUIPA,retail,n5264748832,Hydrasur,-16.41387,-71.509691,0.0,hardware,,,,
AREQUIPA,retail,n5373675696,La Luz,-16.439415,-71.529509,0.0,veterinary,,,,
AREQUIPA,retail,n5412799762,F. Emanuel,-16.363447,-72.192406,0.0,hardware,,,,
AREQUIPA,retail,n5431730825,Perno centro Condorito,-16.394429,-71.583407,0.0,hardware,,,,
AREQUIPA,retail,n5431779923,Infesur,-16.39161,-71.566689,0.0,hardware,,,,
AREQUIPA,retail,n5431780223,Inter tool Eirl,-16.405304,-71.514704,0.0,hardware,,,,
AREQUIPA,retail,n5433659722,Puerto Carmelo,-16.412501,-71.506211,0.0,hardware,,,,
AREQUIPA,retail,n5433721321,R&M Repuesto e Insumos Industriales,-16.413816,-71.506489,0.0,hardware,,,,
AREQUIPA,retail,n5440459621,Ferretería & Autoservicios Aqp,-16.451061,-71.556663,0.0,hardware,,,,
AREQUIPA,retail,n5440478321,Ferretería shalom,-16.448918,-71.553301,0.0,hardware,,,,
AREQUIPA,retail,n5443130122,Distribuciones Condorito,-16.405731,-71.515252,0.0,hardware,,,,
AREQUIPA,retail,n5465822566,Veterinaria San Francisco,-16.434381,-71.522092,0.0,veterinary,,,,+51 54 433019
AREQUIPA,retail,n5543963907,Shalon,-16.348024,-72.188796,0.0,hardware,,,,
AREQUIPA,retail,n5543991025,El Vivero,-16.347603,-72.18961,0.0,garden_centre,,,,
AREQUIPA,retail,n5544176204,Las Malvinas,-16.349552,-72.191946,0.0,hardware,,,,
AREQUIPA,retail,n5633696406,4 Patas,-16.400035,-71.51865,0.0,veterinary,,,http://www.cv4patas.com/,+51 54 455850
AREQUIPA,retail,n5700425224,Aceros Industriales Mersur s.r.l.,-16.480265,-71.499695,0.0,hardware,,,,+51 945735045
AREQUIPA,retail,n5891469065,Happy Pets,-16.422424,-71.527935,0.0,veterinary,,,,+51 54 430982
AREQUIPA,retail,n6122565500,Luchito,-17.000519,-72.096842,0.0,hardware,,,,
AREQUIPA,retail,n6122565512,David,-17.000384,-72.096574,0.0,hardware,,,,
AREQUIPA,retail,n6125815608,Petter,-17.027206,-72.016763,0.0,hardware,,,,
AREQUIPA,retail,n6299751230,Sodimac,-16.417996,-71.514485,0.0,doityourself,,,,
AREQUIPA,retail,n7499065118,Clínica Veterinaria Dr Percy Cersso,-17.02283,-72.015273,0.0,veterinary,,Dr Cersso,,
AREQUIPA,retail,n7798511226,Bio Pet's,-16.381979,-71.546729,0.0,veterinary,,,,
AREQUIPA,retail,n8777449092,Natty's,-16.326317,-71.554091,0.0,garden_centre,,,,
AREQUIPA,retail,n12745317401,Ferreteria Peñafiel,-17.165398,-71.799437,0.0,hardware,,,,
AREQUIPA,retail,n12902525787,Veterinaria Altacor,-16.333429,-71.548238,0.0,veterinary,,,,
AREQUIPA,retail,n12912519936,Ferreteria Juanita,-16.304478,-71.545828,0.0,hardware,,,,
AREQUIPA,retail,n12912519940,Ferreteria Rosario 2,-16.308448,-71.549067,0.0,hardware,,,,
AREQUIPA,retail,n12912519941,Ferreteria GAMA Los Angeles,-16.308876,-71.547991,0.0,hardware,,,,
AREQUIPA,retail,n12912519944,Ferretería Montañez,-16.30719,-71.551685,0.0,hardware,,,,
AREQUIPA,retail,n12912519956,JM Agregados,-16.31257,-71.558283,0.0,trade,,,,
AREQUIPA,retail,n12912924881,Ferreteria  JyF,-16.313458,-71.551862,0.0,hardware,,,,
AREQUIPA,retail,n12912924887,ferretería la Rinconada,-16.311389,-71.541233,0.0,hardware,,,,
AREQUIPA,retail,n12912924888,Ferreteria Rodri,-16.311901,-71.541612,0.0,hardware,,,,
AREQUIPA,retail,n12912924897,FERRETERIA Y TRANSPORTE ESCORPION,-16.316468,-71.536709,0.0,hardware,,,,
AREQUIPA,retail,n12912950308,Ferreteria la Quinta Grande,-16.317621,-71.543267,0.0,hardware,,,,
AREQUIPA,retail,n12913027044,Ferreteria Altair,-16.315542,-71.552381,0.0,hardware,,,,
AREQUIPA,retail,n12913027057,Ferreteria Angeles,-16.319358,-71.556039,0.0,hardware,,,,
AREQUIPA,retail,n12913027078,Ferreteria San Juan,-16.323475,-71.55624,0.0,hardware,,,,
AREQUIPA,retail,n12917907350,Ferreteria Lyss,-16.32709,-71.554389,0.0,hardware,,,,
AREQUIPA,retail,n12917907351,FERRIMAX AV 54,-16.32706,-71.554668,0.0,hardware,,,,
AREQUIPA,retail,n12918349941,San Luis,-16.326787,-71.576058,0.0,hardware,,,,
AREQUIPA,retail,n12918374037,Petconza tienda productos  Mascotas,-16.45281,-71.528646,0.0,pet,,,,
AREQUIPA,retail,n13073395028,Frabcois,-16.369613,-71.538788,0.0,garden_centre,,,,
AREQUIPA,retail,w328468055,Maestro Home Center,-16.410097,-71.518318,0.0,doityourself,,Falabella,,
AREQUIPA,retail,w553336435,Comercial Ferretera Acari,-15.432144,-74.616191,0.0,hardware,,,https://www.peruhorasabiertas.com/es/acari/comercial-ferreteria-acari,
AREQUIPA,retail,w560575472,Vivero Municipal,-16.441125,-71.521933,0.0,garden_centre,,Municipalidad Distrital de José Luis Bustamante y Rivero,,
AREQUIPA,retail,w570098385,F. El Colca,-16.360012,-72.191035,0.0,hardware,,,,
AREQUIPA,retail,w579006641,Tiendas Comerciales,-16.364095,-72.19135,0.0,trade,,,,
AREQUIPA,retail,w579006642,Tiendas Comerciales,-16.362571,-72.191658,0.0,trade,,,,
AREQUIPA,retail,w1111648925,Promart,-16.392309,-71.556945,0.0,doityourself,,,,
AREQUIPA,retail,w1394965834,JM Agregados,-16.312568,-71.558333,0.0,trade,,,,
AYACUCHO,landuse,w128814873,Área de Experimentación Agrícola,-13.166531,-74.205248,23.83,farmland,,,,
AYACUCHO,agroind,n3200170963,mechita,-13.150108,-74.226009,0.0,winery,,meche,,
AYACUCHO,agroind,n7747737762,Bocatoma Apacheta,-13.350279,-74.644315,0.0,works,,,,
AYACUCHO,agroind,w798089212,Asociacion Tucta,-13.864841,-73.946476,0.0,industrial,,,,
AYACUCHO,named,n2323783340,Fundo aylas rojas 2,-13.045471,-74.140372,0.0,locality,,,,
AYACUCHO,named,n2657904840,Hacienda Airabamba,-13.491775,-73.830234,0.0,village,,,,
AYACUCHO,named,n3566993683,Hacienda Piedra Blanca,-15.031203,-73.326135,0.0,hamlet,,,,
AYACUCHO,named,n3567057165,Hacienda Rectracto,-15.223254,-73.485334,0.0,hamlet,,,,
AYACUCHO,named,n3567080183,Hacienda Porvenir,-15.241334,-73.349132,0.0,hamlet,,,,
AYACUCHO,named,n3574875952,Fundo Convento,-14.98045,-73.808155,0.0,village,,,,
AYACUCHO,named,n3574875953,Fundo Trapiche,-14.958213,-73.815617,0.0,hamlet,,,,
AYACUCHO,named,n3574875954,Fundo Umancasiri,-14.931473,-73.808776,0.0,hamlet,,,,
AYACUCHO,named,n3583921838,Fundo Bella Vega,-15.211435,-74.041905,0.0,hamlet,,,,
AYACUCHO,named,n3583921839,Fundo Campo Santo,-15.204121,-74.03683,0.0,hamlet,,,,
AYACUCHO,named,n3583921840,Fundo Llocllata,-15.189153,-74.020253,0.0,hamlet,,,,
AYACUCHO,named,n3584088253,Fundo Casagrande,-14.272045,-74.982988,0.0,hamlet,,,,
AYACUCHO,named,n3584173329,Hacienda La Maquina,-14.484678,-75.076325,0.0,hamlet,,,,
AYACUCHO,named,n3584173330,Hacienda Palayoc,-14.483031,-75.06761,0.0,hamlet,,,,
AYACUCHO,named,n3584173331,Hacienda Palmar,-14.413458,-74.965377,0.0,hamlet,,,,
AYACUCHO,named,n3584836305,Chacra Chacra,-14.361757,-74.866422,0.0,hamlet,,,,
AYACUCHO,named,n3588241106,Hacienda Paccman,-14.61741,-74.263487,0.0,hamlet,,,,
AYACUCHO,named,n3588241107,Hacienda Totora,-14.581827,-74.268466,0.0,hamlet,,,,
AYACUCHO,named,n3596734626,Fundo Saraya,-14.816755,-74.474337,0.0,hamlet,,,,
AYACUCHO,named,n3596734627,Hacienda Chilca,-14.814696,-74.483539,0.0,village,,,,
AYACUCHO,named,n3596734628,Hacienda Llunchiri,-14.976574,-74.484849,0.0,hamlet,,,,
AYACUCHO,named,n3596968205,Fundo Untume,-14.826273,-74.104124,0.0,hamlet,,,,
AYACUCHO,named,n3597196079,Fundo Yucrane,-15.219294,-74.062107,0.0,hamlet,,,,
AYACUCHO,named,n3599271342,Fundo Casa Blanca,-14.724479,-74.104882,0.0,hamlet,,,,
AYACUCHO,named,n3599271345,Hacienda San Geronimo,-14.747996,-74.095113,0.0,hamlet,,,,
AYACUCHO,named,n3599271346,Hacienda Santa Rosa,-14.68275,-74.114046,0.0,hamlet,,,,
AYACUCHO,named,n3599315830,Hacienda Arma,-13.970969,-73.888632,0.0,village,,,,
AYACUCHO,named,n3599423039,Hacienda Huasi,-14.139698,-73.718466,0.0,hamlet,,,,
AYACUCHO,named,n3599423040,Hacienda Llamaja,-14.080085,-73.617281,0.0,hamlet,,,,
AYACUCHO,named,n3599452159,Hacienda Ojora,-14.299956,-73.545415,0.0,hamlet,,,,
AYACUCHO,named,n3613069496,Pampa Chacra,-13.662161,-74.119584,0.0,hamlet,,,,
AYACUCHO,named,n3613162748,Hacienda Mejorada,-13.547166,-73.884345,0.0,hamlet,,,,
AYACUCHO,named,n3613180336,Hacienda San Agustin,-13.626648,-73.800577,0.0,hamlet,,,,
AYACUCHO,named,n3613188163,Hacienda Teran,-13.754413,-73.75311,0.0,hamlet,,,,
AYACUCHO,named,n3613217002,Hacienda Lucmayoj,-13.832308,-73.906982,0.0,hamlet,,,,
AYACUCHO,named,n3613217003,Hacienda Lucmayoj,-13.877334,-73.901127,0.0,hamlet,,,,
AYACUCHO,named,n3613275107,Fundo Choccechaca,-13.60255,-74.357356,0.0,hamlet,,,,
AYACUCHO,named,n3613289500,Hacienda Pata,-13.532255,-74.309371,0.0,hamlet,,,,
AYACUCHO,named,n3613311986,Hacienda Condorccocha,-13.462583,-74.182535,0.0,hamlet,,,,
AYACUCHO,named,n3613476961,Hacienda Putaje,-13.384749,-74.361847,0.0,hamlet,,,,
AYACUCHO,named,n3613476962,Hacienda Trapiche,-13.32883,-74.348432,0.0,hamlet,,,,
AYACUCHO,named,n3613476963,Hacienda Uraycucho,-13.272158,-74.346019,0.0,hamlet,,,,
AYACUCHO,named,n3617848579,Hacienda Ajo,-13.188933,-74.311802,0.0,hamlet,,,,
AYACUCHO,named,n3617867298,Fundo Unsch,-13.082646,-74.213816,0.0,hamlet,,,,
AYACUCHO,named,n3617872749,Fundo Pumapunco,-13.11303,-74.169022,0.0,hamlet,,,,
AYACUCHO,named,n3617872750,Hacienda Ipacorara,-13.099939,-74.134538,0.0,hamlet,,,,
AYACUCHO,named,n3617872751,Hacienda Santa Ana,-13.114262,-74.149429,0.0,hamlet,,,,
AYACUCHO,named,n3617872752,Hacienda Sanya,-13.084195,-74.114687,0.0,hamlet,,,,
AYACUCHO,named,n3617872753,Hacienda Tutapa,-13.07864,-74.133197,0.0,hamlet,,,,
AYACUCHO,named,n3617899106,Hacienda Ayacucho,-13.110562,-74.198657,0.0,village,,,,
AYACUCHO,named,n3617899107,Hacienda Totorilla,-13.139708,-74.206568,0.0,hamlet,,,,
AYACUCHO,named,n3617932030,Hacienda Santa Rosa,-13.184918,-74.192501,0.0,hamlet,,,,
AYACUCHO,named,n3617964489,Fundo Pucahuasi,-13.117649,-74.166398,0.0,hamlet,,,,
AYACUCHO,named,n3617964491,Hacienda Pamparqui,-13.129972,-74.125885,0.0,hamlet,,,,
AYACUCHO,named,n3617964492,Hacienda Velasquez,-13.156929,-74.114649,0.0,hamlet,,,,
AYACUCHO,named,n3617974613,Hacienda Vinchos,-13.137059,-74.077605,0.0,hamlet,,,,
AYACUCHO,named,n3618017584,Fundo Sachabamba,-13.494874,-74.089774,0.0,hamlet,,,,
AYACUCHO,named,n3618017585,Fundo Totora,-13.523605,-74.106157,0.0,hamlet,,,,
AYACUCHO,named,n3618017586,Hacienda Chitahuajra,-13.237075,-74.179913,0.0,hamlet,,,,
AYACUCHO,named,n3618017587,Hacienda Huanu Huanu,-13.516259,-74.107415,0.0,hamlet,,,,
AYACUCHO,named,n3618017588,Hacienda Randa Vilca,-13.26882,-74.21296,0.0,hamlet,,,,
AYACUCHO,named,n3618017589,Hacienda Santa Rosa,-13.513673,-74.117825,0.0,village,,,,
AYACUCHO,named,n3618017590,Hacienda Soccoyapata,-13.266476,-74.217771,0.0,hamlet,,,,
AYACUCHO,named,n3618086696,Fundo Mitupata,-13.206168,-74.030943,0.0,hamlet,,,,
AYACUCHO,named,n3618086697,Hacienda Chupe,-13.196911,-74.07486,0.0,hamlet,,,,
AYACUCHO,named,n3623862482,Fundo Matibamba,-12.573228,-74.362757,0.0,hamlet,,,,
AYACUCHO,named,n3623862483,Hacienda Anos,-12.412654,-74.518668,0.0,hamlet,,,,
AYACUCHO,named,n3623862484,Hacienda Mollebamba,-12.390729,-74.539785,0.0,hamlet,,,,
AYACUCHO,named,n3625456348,Fundo Acobambilla,-12.704502,-74.266326,0.0,hamlet,,,,
AYACUCHO,named,n3625456349,Fundo Ayrac,-12.776495,-74.271259,0.0,hamlet,,,,
AYACUCHO,named,n3625456350,Fundo Chico Cancha,-12.767705,-74.226488,0.0,hamlet,,,,
AYACUCHO,named,n3625456351,Fundo Putis,-12.59329,-74.175375,0.0,village,,,,
AYACUCHO,named,n3625456353,Hacienda Rompadera,-12.681417,-74.232781,0.0,hamlet,,,,
AYACUCHO,named,n3625498459,Fundo Chupis,-12.959381,-74.27071,0.0,hamlet,,,,
AYACUCHO,named,n3625498460,Fundo Mocoroyniyoc,-12.924258,-74.274042,0.0,hamlet,,,,
AYACUCHO,named,n3625498461,Fundo Toyas,-12.953695,-74.287939,0.0,hamlet,,,,
AYACUCHO,named,n3625507381,Fundo Cedro Huerta,-12.900388,-74.26259,0.0,hamlet,,,,
AYACUCHO,named,n3625507382,Fundo Coraceros,-12.884096,-74.318011,0.0,hamlet,,,,
AYACUCHO,named,n3625507383,Fundo Ingenio,-12.817845,-74.244042,0.0,hamlet,,,,
AYACUCHO,named,n3625507384,Fundo Iribamba,-12.918401,-74.306956,0.0,hamlet,,,,
AYACUCHO,named,n3625507385,Fundo Jochachin,-12.908564,-74.29591,0.0,hamlet,,,,
AYACUCHO,named,n3625507386,Fundo Posojoy,-12.902999,-74.312316,0.0,hamlet,,,,
AYACUCHO,named,n3625507387,Fundo Vado Chico,-12.890744,-74.315227,0.0,hamlet,,,,
AYACUCHO,named,n3625507388,Fundo Vado Grande,-12.896404,-74.316151,0.0,hamlet,,,,
AYACUCHO,named,n3625559417,Fundo Paria,-12.905844,-74.076554,0.0,hamlet,,,,
AYACUCHO,named,n3625606602,Hacienda Alvabamba,-13.02429,-73.905781,0.0,hamlet,,,,
AYACUCHO,named,n3625666630,Hacienda Caldera,-13.130042,-73.82084,0.0,hamlet,,,,
AYACUCHO,named,n3625666631,Hacienda Sarabamba,-13.182835,-73.725266,0.0,hamlet,,,,
AYACUCHO,named,n3625700034,Hacienda Apucancha,-13.168164,-73.833354,0.0,hamlet,,,,
AYACUCHO,named,n3625716747,Hacienda Jopayoj,-13.203691,-73.904348,0.0,hamlet,,,,
AYACUCHO,named,n3625716748,Hacienda Muyoc,-13.258789,-73.844768,0.0,hamlet,,,,
AYACUCHO,named,n3625721085,Hacienda Arjac,-13.399054,-73.892842,0.0,hamlet,,,,
AYACUCHO,named,n3625721086,Hacienda Ibias,-13.413998,-73.892746,0.0,hamlet,,,,
AYACUCHO,named,n3625721087,Hacienda Luceria,-13.437416,-73.830047,0.0,hamlet,,,,
AYACUCHO,named,n3625721088,Hacienda Ojechipa,-13.399584,-73.862313,0.0,hamlet,,,,
AYACUCHO,named,n3625721089,Hacienda Ustuna,-13.425976,-73.917661,0.0,hamlet,,,,
AYACUCHO,named,n3625776568,Hacienda Janchis,-13.291368,-73.656799,0.0,hamlet,,,,
AYACUCHO,named,n3625776569,Hacienda Moyoc,-13.33965,-73.534857,0.0,hamlet,,,,
AYACUCHO,named,n3625776570,Hacienda Pichus,-13.33504,-73.581076,0.0,hamlet,,,,
AYACUCHO,named,w250177911,Vivero forestal DRA - Ayacucho,-13.17194,-74.207124,0.0,farmyard,,,,
AYACUCHO,retail,n3084916588,Clinica Veterinaria San Martin de Porres,-13.154541,-74.226809,0.0,veterinary,,,,+51 66 819172
AYACUCHO,retail,n3084952452,ZooMedivet,-13.144824,-74.226388,0.0,veterinary,,,,
AYACUCHO,retail,n3084982558,Ferreteria DANFER,-13.148217,-74.227174,0.0,doityourself,,,,
AYACUCHO,retail,n3085166878,Electronica Gutierrez,-13.156049,-74.225457,0.0,hardware,,,,
AYACUCHO,retail,n3085218174,S.O.S Animal,-13.15083,-74.226096,0.0,veterinary,,,,
AYACUCHO,retail,n3085257908,Electrónica Pérez,-13.162124,-74.229318,0.0,hardware,,,,
AYACUCHO,retail,n3085300998,Electrónica Gonzales,-13.156214,-74.227969,0.0,hardware,,,,
AYACUCHO,retail,n3086011769,Ferretería La Económica,-13.171535,-74.209061,0.0,hardware,,,,
AYACUCHO,retail,n3086100792,San Cristobal,-13.155935,-74.226143,0.0,veterinary,,,,
AYACUCHO,retail,n3086149843,Hipermercado Ceramico Celima - Trebol,-13.171972,-74.20829,0.0,hardware,,,,
AYACUCHO,retail,n3086291934,Enver,-13.164151,-74.222525,0.0,doityourself,,,,
AYACUCHO,retail,n3086291935,Ferreteria Huayanay,-13.164196,-74.221596,0.0,hardware,,,,
AYACUCHO,retail,n3086349244,Mundo Vet,-13.151834,-74.225379,0.0,veterinary,,,,
AYACUCHO,retail,n3086502638,Electronica Jhon Car,-13.143081,-74.228283,0.0,hardware,,,,
AYACUCHO,retail,n3086589926,Nancy,-13.13731,-74.22945,0.0,doityourself,,,,
AYACUCHO,retail,n3094093849,Corporacion Medina,-13.153389,-74.216256,0.0,doityourself,,,,
AYACUCHO,retail,n3094093850,Distribuidora Negociaciones Cavi E.I.R.L.,-13.152995,-74.215747,0.0,doityourself,,,,
AYACUCHO,retail,n3405866332,Ferreteria Wilpar,-13.135539,-74.226754,0.0,doityourself,,,,
AYACUCHO,retail,n3405866333,Ferreteria Ñaño,-13.135539,-74.227557,0.0,hardware,,,,
AYACUCHO,retail,n3405997029,Ferreteria Arce,-13.155087,-74.198825,0.0,doityourself,,,,
AYACUCHO,retail,n3405997030,Ferreteria Inti Perú,-13.155005,-74.198685,0.0,doityourself,,,,
AYACUCHO,retail,n3405997031,Ferreteria La Economica,-13.155099,-74.198632,0.0,doityourself,,,,
AYACUCHO,retail,n3406078206,Nicoll,-13.137486,-74.229415,0.0,hardware,,,,
AYACUCHO,retail,n3717421537,Las Palmas,-13.154096,-74.221757,0.0,doityourself,,,,
AYACUCHO,retail,n3717446406,Distribuidora Electrica Gnaeluz,-13.153971,-74.22219,0.0,hardware,,,,
AYACUCHO,retail,n3717446407,Electrocomercial Sielsa,-13.154049,-74.221862,0.0,hardware,,,,
AYACUCHO,retail,n3717446408,Negomont,-13.153962,-74.222232,0.0,hardware,,,,
AYACUCHO,retail,n3717446409,SIE Instel S.A.C.,-13.154032,-74.221936,0.0,hardware,,,,
AYACUCHO,retail,n3717463661,Comercial Juscamaita,-13.155573,-74.224046,0.0,doityourself,,,,
AYACUCHO,retail,n3717503281,ACEROS AREQUIPA,-13.136994,-74.229472,0.0,doityourself,,,,
AYACUCHO,retail,n3717503284,MULTISERVICIOS MULTIPLES ORBITEL J&M,-13.136917,-74.229482,0.0,hardware,,,,
AYACUCHO,retail,n3717515598,MIGUELITO,-13.141478,-74.228866,0.0,doityourself,,,,
AYACUCHO,retail,n3717515599,TREBOL CELIMA,-13.14057,-74.228989,0.0,doityourself,,,,
AYACUCHO,retail,n3717525098,Ferreteria Marcos,-13.15431,-74.220495,0.0,hardware,,,,
AYACUCHO,retail,n3717525226,Agrocrop,-13.164184,-74.2199,0.0,pet,,,,
AYACUCHO,retail,n3717528288,Ferretería Renzo,-13.157876,-74.217356,0.0,hardware,,,,
AYACUCHO,retail,n3717577355,Sider Perú,-13.158486,-74.219775,0.0,doityourself,,,,
AYACUCHO,retail,n3717579190,Hidrosol,-13.164129,-74.220621,0.0,trade,,,,
AYACUCHO,retail,n3717579193,San Pedro,-13.164131,-74.220569,0.0,trade,,,,
AYACUCHO,retail,n3717601180,Veterinaria Medina,-13.166658,-74.214044,0.0,veterinary,,,,
AYACUCHO,retail,n3779658942,Agroandina,-13.164176,-74.221798,0.0,agrarian,,,,
AYACUCHO,retail,n3779658943,Agroinversiones Damaris,-13.164156,-74.222065,0.0,agrarian,,,,
AYACUCHO,retail,n3779658944,Agropecuaria Santa Rosa,-13.164164,-74.221885,0.0,agrarian,,,,
AYACUCHO,retail,n3779658946,Ferreteria Fierro Central,-13.164159,-74.222029,0.0,hardware,,,,
AYACUCHO,retail,n3779658949,Retama,-13.164042,-74.221485,0.0,pet,,,,
AYACUCHO,retail,n3779658950,San Juan,-13.164204,-74.221416,0.0,agrarian,,,,
AYACUCHO,retail,n3779658951,El Pacifico,-13.16405,-74.221422,0.0,pet,,,,
AYACUCHO,retail,n3779728164,Cofesur,-13.163962,-74.222463,0.0,doityourself,,,,
AYACUCHO,retail,n3779738592,Multinegocios La Solución,-13.163993,-74.222029,0.0,hardware,,,,
AYACUCHO,retail,n3779738593,Pepe,-13.163991,-74.222057,0.0,hardware,,,,
AYACUCHO,retail,n3779774158,Multicervicios,-13.144777,-74.229553,0.0,hardware,,,,
AYACUCHO,retail,n3779779274,Ferreteria Chovi,-13.14532,-74.230336,0.0,doityourself,,,,
AYACUCHO,retail,n3779779275,Inversiones y Multiservicios,-13.144907,-74.229759,0.0,hardware,,,,
AYACUCHO,retail,n4040885691,ANTONIA SAC,-13.16749,-74.21271,0.0,hardware,,,,
AYACUCHO,retail,n4572613589,JAC Construcciones,-13.147151,-74.224187,0.0,hardware,,,http://www.jacconstructores.com,+51 66 316175
AYACUCHO,retail,n4678708191,CONSTRUCCIONES ANDY ANTHONY S.A.C.,-13.156735,-74.235188,0.0,hardware,,,,
AYACUCHO,retail,n4749052522,Inversiones Y&R,-13.160764,-74.227603,0.0,hardware,,,,+51 999414880
AYACUCHO,retail,n5034979171,Camifer,-13.154728,-74.230184,0.0,hardware,,,,
AYACUCHO,retail,n5035415965,La Casa Del Perno,-13.158845,-74.218921,0.0,hardware,,,,
AYACUCHO,retail,n5035415977,Perno Centro,-13.158944,-74.218347,0.0,hardware,,,,
AYACUCHO,retail,n5035535942,Inversiones Sendezo,-13.158084,-74.217978,0.0,hardware,,,,
AYACUCHO,retail,n5035535945,Santa Cruz,-13.158402,-74.218602,0.0,agrarian,,,,
AYACUCHO,retail,n5035535946,Huascar,-13.158438,-74.218724,0.0,agrarian,,,,
AYACUCHO,retail,n5035629649,Happy Pets,-13.158666,-74.223461,0.0,pet,,,,
AYACUCHO,retail,n5035720076,Clinica Veterinaria Animalvet,-13.158991,-74.223647,0.0,veterinary,,,,
AYACUCHO,retail,n5037212284,Gilcar,-13.15857,-74.219564,0.0,hardware,,,,
AYACUCHO,retail,n5037212286,Ferremax,-13.158614,-74.219368,0.0,hardware,,,,
AYACUCHO,retail,n5037212287,Vilma,-13.158628,-74.219303,0.0,hardware,,,,
AYACUCHO,retail,n5037212296,Piero Import,-13.1588,-74.218372,0.0,trade,,,,
AYACUCHO,retail,n5037212301,Mundo Accesorios Loryz,-13.158847,-74.218149,0.0,hardware,,,,
AYACUCHO,retail,n5037522404,San Cristobal Del Peru,-13.156125,-74.217555,0.0,hardware,,,,
AYACUCHO,retail,n5037628774,Ferreteria Aguilar,-12.933806,-74.251733,0.0,hardware,,,,
AYACUCHO,retail,n5037812276,Articulos de Ferreteria,-13.157128,-74.219184,0.0,hardware,,,,
AYACUCHO,retail,n5037832629,Omer,-13.155052,-74.218346,0.0,hardware,,,,
AYACUCHO,retail,n5037844526,Ferreteria Maquinarias,-13.153313,-74.216181,0.0,hardware,,,,
AYACUCHO,retail,n5037863825,Hiltom,-13.151935,-74.214244,0.0,hardware,,,,
AYACUCHO,retail,n5037878711,Ferreteria Jurr,-13.151106,-74.213007,0.0,hardware,,,,
AYACUCHO,retail,n5039439071,Medina,-13.149448,-74.228585,0.0,pet,,,,
AYACUCHO,retail,n5039466722,Multiventas A&V,-13.158216,-74.218606,0.0,hardware,,,,
AYACUCHO,retail,n5039489087,Vilma,-13.154501,-74.21803,0.0,hardware,,,,
AYACUCHO,retail,n5039641631,Vidanimal,-13.146853,-74.227873,0.0,veterinary,,,,
AYACUCHO,retail,n5039695794,Amílcar,-13.150847,-74.214284,0.0,hardware,,,,
AYACUCHO,retail,n5039727060,Corporación,-13.150394,-74.214613,0.0,hardware,,,,
AYACUCHO,retail,n5040013813,Danfer,-13.148135,-74.227115,0.0,hardware,,,,
AYACUCHO,retail,n5040024173,Mantilla,-13.154638,-74.231809,0.0,hardware,,,,
AYACUCHO,retail,n5041401483,El Pacifico,-13.156581,-74.222816,0.0,hardware,,,,
AYACUCHO,retail,n5041622970,Ferretería Rotivica,-13.150298,-74.228399,0.0,hardware,,,,
AYACUCHO,retail,n5041848458,Palomino,-13.145963,-74.231374,0.0,hardware,,,,
AYACUCHO,retail,n5048775063,Ferrosa,-13.154119,-74.221586,0.0,hardware,,,,
AYACUCHO,retail,n5052099507,Servyagro,-13.164129,-74.222774,0.0,agrarian,,,,
AYACUCHO,retail,n5052099508,Resistem,-13.164143,-74.222661,0.0,agrarian,,,,
AYACUCHO,retail,n5052099509,Resistem,-13.164143,-74.222628,0.0,hardware,,,,
AYACUCHO,retail,n5052163302,Ferreteria Femac,-13.16415,-74.222161,0.0,hardware,,,,
AYACUCHO,retail,n5052163317,Manantíal,-13.164163,-74.221921,0.0,agrarian,,,,
AYACUCHO,retail,n5052163538,Agropecuaria San Miguel,-13.164215,-74.221379,0.0,agrarian,,,,
AYACUCHO,retail,n5052163552,Gropec Ayacucho,-13.164197,-74.221559,0.0,veterinary,,,,
AYACUCHO,retail,n5052163559,Asroandina,-13.164187,-74.221636,0.0,agrarian,,,,
AYACUCHO,retail,n5052163560,Menusaa,-13.164187,-74.221676,0.0,agrarian,,,,
AYACUCHO,retail,n5052211561,La Mar,-13.164272,-74.221061,0.0,agrarian,,,,
AYACUCHO,retail,n5052211562,Agrovet Ayala,-13.164255,-74.220977,0.0,agrarian,,,,
AYACUCHO,retail,n5052211563,Sierra Perú,-13.164293,-74.220425,0.0,agrarian,,,,
AYACUCHO,retail,n5052404278,Hercofer,-13.163905,-74.223018,0.0,hardware,,,,
AYACUCHO,retail,n5052404279,Victoria,-13.163908,-74.222979,0.0,veterinary,,,,
AYACUCHO,retail,n5052404287,Maza,-13.163973,-74.222242,0.0,hardware,,,,
AYACUCHO,retail,n5052404288,San Isidro,-13.163998,-74.221975,0.0,hardware,,,,
AYACUCHO,retail,n5052404290,Sebas,-13.164016,-74.221745,0.0,agrarian,,,,
AYACUCHO,retail,n5053986653,Agroveterinaria San Jacinto,-13.164037,-74.221516,0.0,agrarian,,,,
AYACUCHO,retail,n5053986654,Señor de Quinuapata,-13.164054,-74.221381,0.0,pet,,,,
AYACUCHO,retail,n5053986658,La Esperanza,-13.164065,-74.221276,0.0,veterinary,,,,
AYACUCHO,retail,n5053986662,Agro ECS,-13.164072,-74.221183,0.0,agrarian,,,,
AYACUCHO,retail,n5053986663,Corporación Agricola Garcia,-13.164097,-74.220932,0.0,agrarian,,,,
AYACUCHO,retail,n5053986665,Top Agroveterinaria,-13.164241,-74.219459,0.0,agrarian,,,,
AYACUCHO,retail,n5053986670,Pavco,-13.164315,-74.218552,0.0,agrarian,,,,
AYACUCHO,retail,n5054028963,Señor de Amancaes,-13.16297,-74.215476,0.0,hardware,,,,
AYACUCHO,retail,n5054028964,Rex,-13.162922,-74.215404,0.0,trade,,,,
AYACUCHO,retail,n5054073313,Calamino Triplano,-13.161929,-74.214542,0.0,hardware,,,,
AYACUCHO,retail,n5054073315,Lark,-13.161766,-74.214276,0.0,hardware,,,,
AYACUCHO,retail,n5054237850,Arce,-13.160777,-74.211749,0.0,hardware,,,,
AYACUCHO,retail,n5054558399,Qori Inti,-13.159607,-74.209493,0.0,veterinary,,,,
AYACUCHO,retail,n6983397091,Ferreteria Señor de Huanca,-15.018295,-73.784138,0.0,hardware,,,,
AYACUCHO,retail,n7184916286,El ecónomico copia de llaves,-13.162767,-74.228498,0.0,hardware,,,,+51 963241405
AYACUCHO,retail,n7256198885,Luminarias Alfredo,-13.162289,-74.228006,0.0,hardware,,,,
AYACUCHO,retail,n7416263734,Chimpapampa,-13.854843,-73.950722,0.0,garden_centre,,Municipalidad,,
AYACUCHO,retail,n7468650586,Ferretodo,-13.161525,-74.22781,0.0,hardware,,,,
AYACUCHO,retail,n10976789911,Simón Bolívar,-13.144776,-74.226314,0.0,veterinary,,,,
AYACUCHO,retail,n12106691472,Genio,-13.156302,-74.224127,0.0,hardware,,,,
AYACUCHO,retail,w304009728,Mercado Playa Grau,-13.164091,-74.229068,0.0,farm,,,,
AYACUCHO,retail,w304600674,Lujan Trading,-13.156643,-74.221494,0.0,hardware,,,,
AYACUCHO,retail,w367868384,Centro del Peru,-13.151779,-74.218069,0.0,doityourself,,,,
AYACUCHO,retail,w367880941,GrupoMark,-13.136509,-74.229567,0.0,doityourself,,,,
AYACUCHO,retail,w368306257,Ferretera Bellota,-13.156251,-74.219362,0.0,hardware,,,,
AYACUCHO,retail,w373844684,Amazon Luren,-13.147907,-74.228597,0.0,yes,,,,
AYACUCHO,retail,w380185745,Peludos en Apuros,-13.148245,-74.227826,0.0,yes,,,,
CAJAMARCA,landuse,w1258464274,Fundo El Carrizo,-7.249814,-78.907649,4.84,farmland,,,,
CAJAMARCA,agroind,n6517469196,Planta ADR,-6.825009,-78.892777,0.0,works,,,,
CAJAMARCA,agroind,w314321607,Planta Envasadora de Gas,-5.829529,-78.747319,0.0,industrial,,,,
CAJAMARCA,agroind,w365354895,El Profe,-7.447103,-78.167632,0.0,winery,,,,
CAJAMARCA,agroind,w365354896,Rosa,-7.444997,-78.167917,0.0,winery,,,,
CAJAMARCA,agroind,w438318449,Komatsu,-7.144704,-78.490823,0.0,industrial,,,,
CAJAMARCA,agroind,w612790851,INCALAC,-7.167827,-78.467952,0.0,industrial,,,,
CAJAMARCA,agroind,w612790852,INCALAC,-7.168145,-78.466088,0.0,industrial,,,,
CAJAMARCA,agroind,w615389074,Coansa Ingenieros,-7.169051,-78.458597,0.0,industrial,,,,
CAJAMARCA,agroind,w630391695,Central Hidroeléctrica Carhuaquero,-6.611624,-79.239534,0.0,industrial,,,,
CAJAMARCA,agroind,w630391696,Central Hidroeléctrica Carhuaquero,-6.614695,-79.266474,0.0,industrial,,,,
CAJAMARCA,agroind,w630391707,Desarenador C.H. Carhuaquero,-6.633091,-79.129872,0.0,industrial,,,,
CAJAMARCA,agroind,w727227388,Pampa Honda,-7.65797,-78.222715,0.0,industrial,,,,
CAJAMARCA,agroind,w1002819459,Planta procesadora de Café Cenfrocafe,-5.62585,-78.767189,0.0,industrial,,,,
CAJAMARCA,agroind,w1002820640,Industrias y ceramicos Pakamuros EIRL,-5.647221,-78.744388,0.0,industrial,,,,
CAJAMARCA,agroind,w1002820641,Ladrillos Greq,-5.646933,-78.744768,0.0,works,,,,
CAJAMARCA,agroind,w1002821957,OLAM,-5.662208,-78.765615,0.0,industrial,,,,
CAJAMARCA,agroind,w1002821958,Molinera Valle Dorado S.A.C.,-5.66316,-78.767384,0.0,industrial,,,,
CAJAMARCA,agroind,w1095783553,Distribuidora Norte Pacasmayo,-7.2032,-78.432038,0.0,works,,,,
CAJAMARCA,named,n3373088079,Hacienda Udima,-6.813278,-79.086132,0.0,village,,,,
CAJAMARCA,named,n6215757825,Fundo Pucarita,-7.519839,-77.853278,0.0,hamlet,,,,
CAJAMARCA,named,n6229193753,Hacienda Chunchuquillo,-5.853093,-79.001343,0.0,village,,,,
CAJAMARCA,named,n6235603452,Hacienda Chigden,-7.473047,-78.400535,0.0,hamlet,,,,
CAJAMARCA,named,n6235603453,Hacienda Salagual,-7.456322,-78.469539,0.0,hamlet,,,,
CAJAMARCA,named,n6235603454,Hacienda Salagual,-7.447727,-78.467708,0.0,hamlet,,,,
CAJAMARCA,named,n6247163877,Hacienda San Juan,-7.461896,-77.881167,0.0,village,,,,
CAJAMARCA,named,n6255754917,Hacienda Zapotal,-7.212444,-78.765804,0.0,village,,,,
CAJAMARCA,named,n6261390917,Hacienda Edelmira,-7.337136,-78.282355,0.0,hamlet,,,,
CAJAMARCA,named,n6261390921,Hacienda Huayobamba,-7.31862,-78.174651,0.0,village,,,,
CAJAMARCA,named,n6265275276,Hacienda Huayo,-7.472829,-78.116324,0.0,hamlet,,,,
CAJAMARCA,named,n6278462981,Hacienda Sangana,-6.305131,-79.297674,0.0,hamlet,,,,
CAJAMARCA,named,n6287970339,Hacienda ñamas,-7.231017,-78.639561,0.0,hamlet,,,,
CAJAMARCA,named,n6289020926,Hacienda Especie Changomarca,-6.369625,-78.967193,0.0,hamlet,,,,
CAJAMARCA,named,n6297082436,Hacienda Cangrejo,-7.239484,-77.910554,0.0,hamlet,,,,
CAJAMARCA,named,n6316811539,Hacienda Huabal,-6.088613,-78.928066,0.0,hamlet,,,,
CAJAMARCA,named,n6317878494,La Hacienda,-5.402135,-78.5316,0.0,hamlet,,,,
CAJAMARCA,named,n6328760250,Hacienda Huaycot,-7.431406,-78.38566,0.0,hamlet,,,,
CAJAMARCA,named,n6344412049,Hacienda Primavera,-7.451452,-77.992944,0.0,hamlet,,,,
CAJAMARCA,named,n6390787324,Fundo Tauripampa,-7.378026,-78.180182,0.0,hamlet,,,,
CAJAMARCA,named,n6813665183,Hacienda Llagaden,-7.273398,-78.580232,0.0,hamlet,,,,
CAJAMARCA,named,n6814388341,Hacienda Huacraruco,-7.306085,-78.43755,0.0,hamlet,,,,
CAJAMARCA,named,n6832567188,Hacienda Quinuas,-7.389078,-78.669754,0.0,hamlet,,,,
CAJAMARCA,named,n7161295989,Fundo Cholo lindo,-5.160234,-79.008905,0.0,farm,,,,
CAJAMARCA,named,n7176797454,Hacienda Quipacuy,-6.29974,-79.087164,0.0,hamlet,,,,
CAJAMARCA,named,n8296277912,Hacienda Chuquimango,-7.273361,-79.001049,0.0,hamlet,,,,
CAJAMARCA,named,n8371373272,Hacienda Jocos,-7.524758,-78.007391,0.0,hamlet,,,,
CAJAMARCA,named,n8794182402,Fundo Huarango Pampa,-5.989848,-79.21075,0.0,hamlet,,,,
CAJAMARCA,named,n9369154848,Hacienda Culquimarca,-7.44556,-78.588579,0.0,hamlet,,,,
CAJAMARCA,named,w178162945,La Hacienda,-7.144478,-78.514411,0.0,commercial,,,,
CAJAMARCA,retail,n3469686049,Sodimac,-7.151483,-78.505599,0.0,doityourself,,,,
CAJAMARCA,retail,n3469686054,Promart,-7.154175,-78.504609,0.0,doityourself,,,,
CAJAMARCA,retail,n3759222519,El Dorado,-7.158062,-78.514956,0.0,hardware,,,,
CAJAMARCA,retail,n4431600191,Ferretería Mejía,-7.159527,-78.506577,0.0,hardware,,,,
CAJAMARCA,retail,n4431600196,Ferretería Mejía,-7.167857,-78.507417,0.0,hardware,,,,
CAJAMARCA,retail,n4497476592,Vetcan,-7.158627,-78.51386,0.0,veterinary,,,,+51 76 367526
CAJAMARCA,retail,n8685168281,Dr. Valdivia,-7.150507,-78.512569,0.0,veterinary,,,,
CAJAMARCA,retail,n11590334569,Ferretería Marrufo,-6.678761,-78.518578,0.0,hardware,,,,
CAJAMARCA,retail,w438303814,Maestro,-7.161401,-78.50319,0.0,doityourself,,,,
CAJAMARCA,retail,w535275484,CFC CENTRO FERRETERO SAC,-7.152834,-78.510699,0.0,hardware,,,,+51 76 368885
CAJAMARCA,retail,w535276206,Celis,-7.151789,-78.510088,0.0,hardware,,,,
CAJAMARCA,retail,w1133929319,DOG´LE,-7.148608,-78.504679,0.0,commercial,,,,
CALLAO,landuse,w436809277,Vivero Municipal,-11.8714,-77.123794,1.72,greenhouse_horticulture,,Municipalidad de Ventanilla,,
CALLAO,agroind,n1691091043,Frío RANSA,-12.049466,-77.116156,0.0,works,,,,
CALLAO,agroind,n1846307886,Oxy Perú S.A.C,-12.045618,-77.127793,0.0,works,,,,
CALLAO,agroind,n1846307887,Perubar S.A. - Almacenes,-12.047118,-77.128394,0.0,works,,,,
CALLAO,agroind,n1846307888,Perubar S.A. - Almacenes,-12.04984,-77.130118,0.0,works,,,,
CALLAO,agroind,n1846307889,Zicsa Contratistas Generales S.A.,-12.048169,-77.108376,0.0,works,,,,
CALLAO,agroind,n1846310146,Albis S.A. - Division Industrial TGI,-12.050533,-77.086249,0.0,works,,,,
CALLAO,agroind,n1846310147,Comerciales y Servicios Industriales S.A. - CONSEINSA,-12.048605,-77.102925,0.0,retail,,,,
CALLAO,agroind,n1846311358,Almacenera Continental - Almaconti,-11.94644,-77.131098,0.0,works,,,,
CALLAO,agroind,n1846311360,Almacenera Perú S.A - ALMAPERU,-12.050808,-77.123301,0.0,works,,,,
CALLAO,agroind,n1846311361,Almacenera Peruana de Comercio S.A. - Alpeco - Almacen Central,-12.014032,-77.10665,0.0,works,,,,
CALLAO,agroind,n1846311362,Almacenes Bocanegra S.A. - ALBO - ANEXO,-12.016813,-77.103034,0.0,works,,,,
CALLAO,agroind,n1846311363,Almacenes Bocanegra S.A. - ALBO,-12.017391,-77.105619,0.0,works,,,,
CALLAO,agroind,n1846311366,Almacenes y Logistica S.A. - ALSA,-12.001484,-77.12706,0.0,works,,,,
CALLAO,agroind,n1846311367,Baterias PB Turbo S.A,-11.867156,-77.126803,0.0,works,,,,
CALLAO,agroind,n1846311370,Corporacion de Logistica Integral - Cli S.A,-12.069849,-77.121503,0.0,works,,,,
CALLAO,agroind,n1846311371,Depositos de Lima S.A. en Liquidacion,-12.047083,-77.086879,0.0,works,,,,
CALLAO,agroind,n1846311372,Depositos y Ventas S.A. - DEPOVENT,-12.046384,-77.088137,0.0,works,,,,
CALLAO,agroind,n1846311374,Depsa Files,-12.049379,-77.089792,0.0,works,,,,
CALLAO,agroind,n1846311375,Depsa Graneles,-12.051218,-77.117997,0.0,works,,,,
CALLAO,agroind,n1846311377,Dinet,-12.012403,-77.105376,0.0,works,,,,
CALLAO,agroind,n1846311378,FedEx Express,-12.018042,-77.107487,0.0,works,,,,
CALLAO,agroind,n1846311379,Frenosa S.A,-12.011397,-77.110254,0.0,works,,,,
CALLAO,agroind,n1846311380,Frio Aereo Asociación Civil,-12.025276,-77.10539,0.0,works,,,,
CALLAO,agroind,n1846311383,Grupo Servosa,-11.970118,-77.127475,0.0,works,,,,
CALLAO,agroind,n1846311384,Grupo Transpesa,-12.016894,-77.104071,0.0,works,,,,
CALLAO,agroind,n1846311385,Inversiones Alabarda S.A. - INALSA,-11.970019,-77.126791,0.0,works,,,,
CALLAO,agroind,n1846311386,Lavalle Suito Despachadores Aduaneros S.A.,-11.969975,-77.126319,0.0,works,,,,
CALLAO,agroind,n1846311387,Lavalle Suito Despachadores Aduaneros S.A.,-12.049667,-77.128181,0.0,works,,,,
CALLAO,agroind,n1846311389,Link Logistica S.A,-12.016926,-77.108003,0.0,works,,,,
CALLAO,agroind,n1846311393,R. Stiglich S.A.,-12.049601,-77.10938,0.0,works,,,,
CALLAO,agroind,n1846311394,Ransa Comercial S.A,-12.021566,-77.129814,0.0,works,,,,
CALLAO,agroind,n1846311396,SERLIPSA Cargo Center,-12.005652,-77.113624,0.0,works,,,,
CALLAO,agroind,n1846311397,Scharff - Almacenes,-12.018253,-77.106882,0.0,works,,,,
CALLAO,agroind,n1846311398,Scharff - Oficina Principal,-12.018134,-77.107412,0.0,works,,,,
CALLAO,agroind,n1846311400,Shohin S.A,-12.016372,-77.109334,0.0,works,,,,
CALLAO,agroind,n1846311402,Tecnica Logistica Integral - TLI,-12.029909,-77.101535,0.0,works,,,,
CALLAO,agroind,n1846311405,Tranportes Rodrigo Carranza S.A.C,-12.014973,-77.106655,0.0,works,,,,
CALLAO,agroind,n1846311407,Transel S.A.C.,-12.017044,-77.104436,0.0,works,,,,
CALLAO,agroind,n1846311408,Transporte Grau S.A,-12.018281,-77.105026,0.0,works,,,,
CALLAO,agroind,n1846311409,Triton Trading S.A,-12.050106,-77.084298,0.0,works,,,,
CALLAO,agroind,n1846311785,Basf Peruana S. A,-12.050639,-77.083764,0.0,works,,,,
CALLAO,agroind,n1846311786,Biocon del Perú S.A.C,-12.04915,-77.086894,0.0,works,,,,
CALLAO,agroind,n1846311787,CIA. Quimica Industrial del Pacifico S.A.,-12.048224,-77.094098,0.0,works,,,,
CALLAO,agroind,n1846311788,Clorox Perú S.A,-12.015496,-77.106061,0.0,works,,,,
CALLAO,agroind,n1846311789,Comercial Lider S.A,-11.863289,-77.12723,0.0,works,,,,
CALLAO,agroind,n1846311790,Compania Quimica S. A,-12.005252,-77.127688,0.0,works,,,,
CALLAO,agroind,n1846311791,Cusa S.A.C,-12.04924,-77.127375,0.0,works,,,,
CALLAO,agroind,n1846311792,Envases Ventanilla S.A,-11.86247,-77.12706,0.0,works,,,,
CALLAO,agroind,n1846311794,Fundicion Callao S.A,-12.048957,-77.106063,0.0,works,,,,
CALLAO,agroind,n1846311795,Fundicion Ventanilla S.A. - FUNVESA,-11.977139,-77.12688,0.0,works,,,,
CALLAO,agroind,n1846311796,Fundiciones Especiales S.A. - FUNESPA,-12.001866,-77.128148,0.0,works,,,,
CALLAO,agroind,n1846311797,Ilender Perú S.A - Anexo,-12.049597,-77.084365,0.0,works,,,,
CALLAO,agroind,n1846311800,Industrias Industria Quimica y Electronicas S.A - IEQSA,-12.031419,-77.10055,0.0,works,,,,
CALLAO,agroind,n1846311801,Inversiones San Gabriel S.A,-12.00361,-77.127483,0.0,works,,,,
CALLAO,agroind,n1846311802,Megacolor S.A,-12.019854,-77.103379,0.0,works,,,,
CALLAO,agroind,n1846311803,Owens - Illinois Perú S.A.,-12.061902,-77.092554,0.0,works,,,,
CALLAO,agroind,n1846311805,Reactivos Nacionales S.A - RENASA,-11.987643,-77.124748,0.0,works,,,,
CALLAO,agroind,n1846311806,SGS del Perú S.A.C,-12.01836,-77.107275,0.0,works,,,,
CALLAO,agroind,n1846311807,Selva Industrial S.A,-12.045139,-77.088313,0.0,works,,,,
CALLAO,agroind,n1846311809,Sociedad Anonima Fausto Piaggio,-12.04847,-77.096838,0.0,works,,,https://www.piaggio.com.pe,+51 1 4642222
CALLAO,agroind,n1846311810,Sociedad Quimica Alemana S.A,-11.863894,-77.124614,0.0,works,,,,
CALLAO,agroind,n1846311811,Sud - Chemie Perú S.A,-11.977223,-77.127791,0.0,works,,,,
CALLAO,agroind,n1846311812,Sudamericana de Fibras S.A,-11.983604,-77.127341,0.0,works,,,,
CALLAO,agroind,n1846311813,Sulfato de Cobre S.A - Sulcosa,-11.862483,-77.125514,0.0,works,,,,
CALLAO,agroind,n1846312182,Alimentos Exoticos S.A.C -Ayllu,-12.048398,-77.095608,0.0,works,,,,
CALLAO,agroind,n1846312183,Corporacion del Mar S.A. - CORMAR,-12.000814,-77.13343,0.0,works,,,,
CALLAO,agroind,n1846312187,Pesca Perú Callao Sur S.A.,-11.99946,-77.133261,0.0,works,,,,
CALLAO,agroind,n1846312189,Pesquera Capricornio,-11.99805,-77.13303,0.0,works,,,,
CALLAO,agroind,n1846312190,Pesquera Diamante S.A,-11.999145,-77.133256,0.0,works,,,,
CALLAO,agroind,n1846312191,Tecnologia de Alimentos S.A. - TASA Callao Norte,-11.957223,-77.129602,0.0,works,,,,
CALLAO,agroind,n1846312192,Tecnologia de Alimentos S.A. - TASA Callao Sur,-11.999399,-77.133253,0.0,works,,,,
CALLAO,agroind,n1846312435,ALJOP S.A.,-12.00252,-77.127172,0.0,works,,,,
CALLAO,agroind,n1846312436,Abratech Ingenieros S.A.C - Oficina,-12.061044,-77.101163,0.0,works,,,,
CALLAO,agroind,n1846312437,Abratech Ingenieros S.A.C - Planta,-12.052058,-77.102281,0.0,works,,,,
CALLAO,agroind,n1846312440,Consorcio Unipetro S.A - Almacen,-12.048944,-77.10224,0.0,works,,,,
CALLAO,agroind,n1846312442,Corporacion Aceros Arequipa,-12.049516,-77.08732,0.0,works,,,,
CALLAO,agroind,n1846312443,Dimatec S.A.C,-12.050342,-77.088594,0.0,works,,,,
CALLAO,agroind,n1846312444,Eberhardt,-12.046751,-77.099006,0.0,works,,,,
CALLAO,agroind,n1846312445,Envases Industriales S.A,-12.065288,-77.147713,0.0,works,,,,
CALLAO,agroind,n1846312447,FIMA S.A,-12.045869,-77.088614,0.0,works,,,,
CALLAO,agroind,n1846312449,Fabricacion de Repuestos S.A. - FARESA Local Principal,-12.027822,-77.100268,0.0,works,,,,
CALLAO,agroind,n1846312450,Fabricaciones y Servicios Mecanicos S.A,-12.052137,-77.088637,0.0,works,,,,
CALLAO,agroind,n1846312451,Fundiciones Caballero S.A.C,-12.050539,-77.128107,0.0,works,,,,
CALLAO,agroind,n1846312453,ITT Water & Wastewater Perú S.A,-12.049538,-77.085466,0.0,works,,,,
CALLAO,agroind,n1846312455,Industrias Paitan S.A.C,-12.046047,-77.127235,0.0,works,,,,
CALLAO,agroind,n1846312456,Industrias del Envase S.A,-12.00621,-77.113412,0.0,works,,,,
CALLAO,agroind,n1846312457,Itelmecan S.A,-12.050533,-77.124597,0.0,works,,,,
CALLAO,agroind,n1846312458,JC Gemansa,-12.046478,-77.127896,0.0,works,,,,
CALLAO,agroind,n1846312460,Metal Mecanica Virgen del Socorro S.A.C - MEVISAC,-12.04726,-77.126718,0.0,works,,,,
CALLAO,agroind,n1846312461,Metal Quezada S.A.C,-12.04878,-77.085005,0.0,works,,,,
CALLAO,agroind,n1846312462,Mipersa,-12.052084,-77.088166,0.0,works,,,http://www.mipersa.com.pe/,+51 1 4520811
CALLAO,agroind,n1846312464,Moly- Cop Adesur S.A.,-11.985733,-77.129043,0.0,works,,,,
CALLAO,agroind,n1846312465,Monark Perú,-12.031401,-77.100279,0.0,works,,,,
CALLAO,agroind,n1846312466,Papelera Nacional S.A. - PANASA,-12.041676,-77.088639,0.0,works,,,,
CALLAO,agroind,n1846312467,Peruana de Moldeados S.A,-12.013136,-77.109913,0.0,works,,,,
CALLAO,agroind,n1846312468,Productos Forjados S.A.C,-12.05019,-77.112612,0.0,works,,,,
CALLAO,agroind,n1846312469,Productos de Acero Cassado S.A - Prodac S.A.,-11.988537,-77.125808,0.0,works,,,,
CALLAO,agroind,n1846312470,Recolsa,-12.001729,-77.1271,0.0,works,,,,
CALLAO,agroind,n1846312471,Servicios Navales e Industriales San Pedro S.A.,-12.045981,-77.128482,0.0,works,,,,
CALLAO,agroind,n1846312472,Servicios y Mantenimiento Navales - SERVIMAN S.A.C,-12.050686,-77.121771,0.0,works,,,,
CALLAO,agroind,n1846312473,Soldadura y Reparac en Gral. S.A. - SOLREGSA,-12.049229,-77.087748,0.0,works,,,,
CALLAO,agroind,n1846312474,Zinc Industrias Nacionales S.A - Zinsa,-11.968977,-77.126005,0.0,works,,,,
CALLAO,agroind,n1846313178,Artesanos Unidos Artuni S.r. Ltda.,-12.022016,-77.091871,0.0,works,,,,
CALLAO,agroind,n1846313179,BSH Electrodomesticos S.A.C,-12.015104,-77.110138,0.0,works,,,,
CALLAO,agroind,n1846313191,Consorcio Textil Sesan S.A.C,-12.04899,-77.106876,0.0,works,,,,
CALLAO,agroind,n1846313192,Corporacion Ceramica S.A.,-12.048864,-77.105134,0.0,works,,,,
CALLAO,agroind,n1846313193,Corporacion Rey S. A,-12.050656,-77.083247,0.0,works,,,,
CALLAO,agroind,n1846313194,Destro Industrias del Marmol S.A.C,-12.047788,-77.088015,0.0,works,,,,
CALLAO,agroind,n1846313195,Fabrica de Cintas Arbona S.A,-12.048899,-77.098608,0.0,works,,,,
CALLAO,agroind,n1846313196,Fabrica de Tejidos Santa Catalina,-12.047332,-77.098968,0.0,works,,,,
CALLAO,agroind,n1846313197,Komfort,-12.048611,-77.098072,0.0,works,,,,
CALLAO,agroind,n1846313198,La Colonial Fabrica de Hilos,-12.048622,-77.102189,0.0,works,,,,
CALLAO,agroind,n1846313199,Michell & CIA. S.A,-12.050818,-77.084216,0.0,works,,,,
CALLAO,agroind,n1846313200,Negociacion Lanera del Perú S.A- NELAPSA,-12.052579,-77.090661,0.0,works,,,,
CALLAO,agroind,n1846313201,Perú Pima S.A - Planta Industrial,-12.048222,-77.093421,0.0,works,,,,
CALLAO,agroind,n1846313203,Productos del Sur S.A.,-12.05265,-77.091052,0.0,works,,,,
CALLAO,agroind,n1846313206,Sociedad Mercantil (Exportacion) S.A - SOMEREX,-12.048643,-77.103298,0.0,works,,,,
CALLAO,agroind,n1846313207,Texfina S. A.,-12.007143,-77.112919,0.0,works,,,,
CALLAO,agroind,n1846313226,Retex Peruana S.A,-11.868038,-77.126893,0.0,works,,,,
CALLAO,agroind,n1846313379,Brandt Servicios Petroleros S.A - Anexo,-12.049405,-77.084396,0.0,works,,,,
CALLAO,agroind,n1846313380,Delta Gas S.A.,-12.002348,-77.127134,0.0,works,,,,
CALLAO,agroind,n1846313381,Empresa Comercializadora de Petroleo S.A. - EMCOPESA,-12.046846,-77.128334,0.0,works,,,,
CALLAO,agroind,n1846313382,Isopetrol S.A,-11.971885,-77.125469,0.0,works,,,,
CALLAO,agroind,n1846313384,Planta Envasadora de GLP - Extra Gas S.A,-11.968063,-77.127545,0.0,works,,,,
CALLAO,agroind,n1846313385,Praxair Perú S.R.L,-12.061972,-77.093304,0.0,works,,,,
CALLAO,agroind,n1846313387,Tecnogas S.A.,-12.049044,-77.103138,0.0,works,,,,
CALLAO,agroind,n1846313388,Tecnogas S.A.,-12.051012,-77.125204,0.0,works,,,,
CALLAO,agroind,n1846313389,Zeta Gas Andino S.A.,-11.984974,-77.131197,0.0,works,,,,
CALLAO,agroind,n1846314110,Chipker S.A,-12.047323,-77.127253,0.0,works,,,,
CALLAO,agroind,n1846314974,Ingenieria Medioambiental y Sanitaria S.A.C - Ingemedios,-12.048346,-77.094599,0.0,works,,,,
CALLAO,agroind,n1846315699,Ajinomoto del Perú S.A,-11.979706,-77.125495,0.0,works,,,,
CALLAO,agroind,n1846315701,Alicorp S.A - Centro de Distribucion Central,-12.044667,-77.091825,0.0,works,,,,
CALLAO,agroind,n1846315702,Calsa Perú S.A.C,-12.05093,-77.129001,0.0,works,,,,
CALLAO,agroind,n1846315706,Confiperu S.A.,-11.866831,-77.124894,0.0,works,,,,
CALLAO,agroind,n1846315708,Desarrollo Agricola S.A,-12.045271,-77.090696,0.0,works,,,,
CALLAO,agroind,n1846315726,Molino El Triunfo S.A,-12.011157,-77.107991,0.0,works,,,,
CALLAO,agroind,n1846315729,Panificadora Bimbo del Perú S.A,-12.043682,-77.091404,0.0,works,,,,
CALLAO,agroind,n1846315730,Planta Liofilizadora del Pacifico S.R.L.,-12.014256,-77.107053,0.0,works,,,,
CALLAO,agroind,n1846315733,R. Muelle S.A.,-12.047275,-77.12743,0.0,works,,,,
CALLAO,agroind,n1846315918,Corporacion de Productores Cafe Perú S.A.C,-12.047194,-77.109584,0.0,works,,,,
CALLAO,agroind,n1846315919,Frigorifico La Colonial S.A.C,-12.049019,-77.083318,0.0,works,,,,
CALLAO,agroind,n1846315920,Frutipack S.A.C,-12.014917,-77.109074,0.0,works,,,,
CALLAO,agroind,n1846315921,Halema - Anexo,-12.049944,-77.084329,0.0,works,,,,
CALLAO,agroind,n1846315922,Halema - Planta de Proceso,-12.049356,-77.083085,0.0,works,,,,
CALLAO,agroind,n1846315923,Halema,-12.04943,-77.096329,0.0,works,,,,
CALLAO,agroind,n1846315924,Silvateam Perú S.A.C,-11.986651,-77.125774,0.0,works,,,,
CALLAO,agroind,n1846315925,Ursus Agro S.A.C,-12.048376,-77.118286,0.0,works,,,,
CALLAO,agroind,n1846396676,Sodimac Perú S.A.,-12.050015,-77.122075,0.0,works,,,,
CALLAO,agroind,n4053629773,Natillius,-12.057829,-77.129326,0.0,works,,,,
CALLAO,agroind,n4200803319,Fargoline,-11.961814,-77.128099,0.0,works,,,https://www.fargoline.com.pe/,
CALLAO,agroind,n4436855576,Electro Clima Service,-12.028848,-77.100757,0.0,works,,,,
CALLAO,agroind,n4710754798,Minco,-12.044848,-77.08577,0.0,works,,,,
CALLAO,agroind,n4837858261,Fima,-12.045628,-77.085644,0.0,works,,,,
CALLAO,agroind,n5078120984,Stiglich,-12.047404,-77.081535,0.0,works,,,http://www.stiglich.com.pe/,+51 1 7123631
CALLAO,agroind,n5436165820,Planta de Asfalto,-11.920606,-77.131186,0.0,works,,Repsol,,
CALLAO,agroind,n5866319041,Aceros Arequipa,-12.048638,-77.087639,0.0,works,,,,
CALLAO,agroind,n5872328094,EXALMAR,-12.051517,-77.137985,0.0,works,,,https://www.exalmar.com.pe/,+51 1 4296469
CALLAO,agroind,n8558821017,Aviatec,-11.990738,-77.132773,0.0,works,,AVT Aeroparts SAC,https://www.aviatec.tech/,
CALLAO,agroind,n9662596930,PYSEIN,-11.975854,-77.124498,0.0,works,,,https://pysein.com/,
CALLAO,agroind,n9811886282,Cummins,-12.048165,-77.10065,0.0,works,,,,
CALLAO,agroind,n11649352662,Bimbo,-12.044042,-77.092701,0.0,works,,,,
CALLAO,agroind,n11649352663,Peruteje,-12.043151,-77.090968,0.0,works,,,,
CALLAO,agroind,n11649363461,Estructuras Esmetal,-12.0426,-77.089526,0.0,works,,,,
CALLAO,agroind,n11649363462,Fima,-12.044042,-77.089293,0.0,works,,,,
CALLAO,agroind,w126142060,ALICORP S.A.,-12.045563,-77.094826,0.0,industrial,,,https://www.alicorp.com.pe/pe/es/,
CALLAO,agroind,w126142061,Compania Goodyear del Peru S.A,-12.046072,-77.083594,0.0,industrial,,,https://www.goodyear.com.pe/,
CALLAO,agroind,w126142062,Hilandera Peruana,-12.044596,-77.089945,0.0,industrial,,,,
CALLAO,agroind,w129480966,Productos Paraiso del Peru S.A.C,-12.046994,-77.090319,0.0,works,,,,
CALLAO,agroind,w239174954,Fabrica Vencedor,-11.946125,-77.134145,0.0,industrial,,,,
CALLAO,agroind,w239174956,Manufacturera de Papeles y Cartones del Peru S.A.,-11.947844,-77.134017,0.0,industrial,,,,
CALLAO,agroind,w239174959,Neptunia - Deposito de Contenedores y Terminal,-11.952601,-77.133151,0.0,industrial,,,,
CALLAO,agroind,w239174964,Pure Biofuels,-11.9496,-77.13376,0.0,industrial,,,,
CALLAO,agroind,w298462559,Centro Industrial del Callao,-11.978959,-77.129408,0.0,industrial,,,,
CALLAO,agroind,w384862714,Cogorno,-12.065589,-77.117555,0.0,industrial,,,,
CALLAO,agroind,w384865427,Alicorp Molino Santa Rosa,-12.065058,-77.145812,0.0,industrial,,,,
CALLAO,agroind,w384895091,Petro Perú Terminal Callao,-12.040468,-77.131524,0.0,industrial,,,,
CALLAO,agroind,w388720318,Ransa,-12.017353,-77.13297,0.0,industrial,,,,
CALLAO,agroind,w396330808,Inkaferro,-12.048159,-77.109019,0.0,works,,,,
CALLAO,agroind,w396817819,HDI,-12.045908,-77.099171,0.0,works,,,,
CALLAO,agroind,w396823349,Lima Hub,-12.036822,-77.102065,0.0,industrial,,Andino Investment Holding,https://limahub.com.pe/,
CALLAO,agroind,w420078495,Fundición Callao,-12.053146,-77.105128,0.0,industrial,,,http://www.funcal.com.pe/aboutus.htm,
CALLAO,agroind,w420078889,SALOG,-12.0466,-77.108366,0.0,industrial,,,,
CALLAO,agroind,w420082457,IMUPESA,-11.991251,-77.124118,0.0,industrial,,,,
CALLAO,agroind,w420090017,Terminales Portuarios Peruanos,-11.996331,-77.128851,0.0,industrial,,,,
CALLAO,agroind,w420100837,Shell,-11.964191,-77.131578,0.0,industrial,,,,
CALLAO,agroind,w420102273,TASA,-11.956044,-77.132145,0.0,industrial,,,,
CALLAO,agroind,w420112686,Central Térmica Ciclo Combinado Ventanilla,-11.937577,-77.119642,0.0,industrial,,Enel Generación Perú S.A.A.,,
CALLAO,agroind,w420113329,Reservorio REPSOLGAS,-11.93379,-77.131869,0.0,industrial,,,,
CALLAO,agroind,w420113889,REPSOLGAS,-11.935599,-77.129575,0.0,industrial,,,,
CALLAO,agroind,w420119774,YPF Repsol,-11.930228,-77.129157,0.0,industrial,,,,
CALLAO,agroind,w428109975,Ameral S.A.A,-12.048616,-77.097313,0.0,works,,,,
CALLAO,agroind,w434955971,Industrial Tubos S.A. - ITSA,-12.04894,-77.126687,0.0,industrial,,,,
CALLAO,agroind,w434955972,Pesquera Asturias,-12.049549,-77.126414,0.0,industrial,,,,
CALLAO,agroind,w434955973,Quimtia,-12.047899,-77.126785,0.0,industrial,,,,
CALLAO,agroind,w435181398,Mixercon - Concreto Premezclado,-12.045849,-77.125707,0.0,industrial,,,,
CALLAO,agroind,w435185041,AGA S.A.,-12.048868,-77.125466,0.0,industrial,,,,+51 1 429 8730
CALLAO,agroind,w435340092,Grupo Crosland,-12.049839,-77.110253,0.0,works,,,,
CALLAO,agroind,w436253502,Messer Gases del Peru S.A.,-12.051261,-77.118872,0.0,works,,,,
CALLAO,agroind,w436253503,Haug S.A,-12.050971,-77.120485,0.0,works,,,,
CALLAO,agroind,w436284601,Marco,-12.058443,-77.129448,0.0,works,,,,
CALLAO,agroind,w436413661,Terminal de Contenedores Muelle Sur,-12.054356,-77.15063,0.0,industrial,,DP World Callao,,
CALLAO,agroind,w436413664,Terminal Norte Multipropósito,-12.049959,-77.141117,0.0,industrial,,APM Terminals,,
CALLAO,agroind,w436432969,Neptunia,-12.057529,-77.144678,0.0,industrial,,,,
CALLAO,agroind,w436749307,Ransa,-12.049219,-77.114473,0.0,industrial,,,,
CALLAO,agroind,w436938204,Wenco,-11.953821,-77.128643,0.0,industrial,,,,
CALLAO,agroind,w591245922,UNIMAR,-11.99309,-77.129582,0.0,industrial,,,,
CALLAO,agroind,w594199957,Quimpac S.A,-11.9753,-77.127199,0.0,industrial,,,,
CALLAO,agroind,w597102716,COSAPI Pachacutec,-11.840294,-77.157243,0.0,industrial,,,,
CALLAO,agroind,w605381900,DELCOM PERU,-11.979484,-77.121106,0.0,works,,,,
CALLAO,agroind,w686323118,IMPALA TERMINALS PERU S.A.C.,-12.044337,-77.131116,0.0,industrial,,,,
CALLAO,agroind,w837970041,Corpac S.A.,-12.003441,-77.098188,0.0,industrial,,,,
CALLAO,agroind,w912174677,Industrias Pacocha S.A,-11.864673,-77.123807,0.0,works,,,,
CALLAO,agroind,w912174685,Papelera Reyes S.A.C.,-11.987503,-77.12673,0.0,works,,,,
CALLAO,agroind,w1015344156,Desembarcadero Pesquero Artesanal Callao,-12.044953,-77.140881,0.0,industrial,,,,
CALLAO,agroind,w1037392737,Terminal Portuario del Callao,-12.05106,-77.145717,0.0,industrial,,,,
CALLAO,agroind,w1060176356,Urbanización Industrial Bocanegra,-12.012128,-77.107966,0.0,industrial,,,,
CALLAO,agroind,w1135093518,Planta de Dovelas,-12.032606,-77.101954,0.0,industrial,,,,
CALLAO,agroind,w1424409975,Almacen de Buses,-11.868073,-77.144491,0.0,industrial,,,,
CALLAO,agroind,r5991632,LICSA - Terminal de Importacion,-12.046456,-77.121337,0.0,industrial,,,,
CALLAO,agroind,r16051167,Refinería La Pampilla,-11.916123,-77.133682,0.0,industrial,,Grupo Repsol del Perú S.A.C,https://www.repsol.pe/es/la-pampilla/index.cshtml,
CALLAO,named,n10164726947,Fundo Marquez,-11.953591,-77.127811,0.0,neighbourhood,,,,
CALLAO,retail,n1865052994,Ferretería 998,-12.039906,-77.088952,0.0,hardware,,,,
CALLAO,retail,n1865052996,Patitas,-12.040253,-77.09365,0.0,veterinary,,,,
CALLAO,retail,n2678961822,Sodimac,-12.055908,-77.103756,0.0,doityourself,,,,
CALLAO,retail,n3840334357,Canis,-12.040442,-77.094133,0.0,veterinary,,,,+51 6337099
CALLAO,retail,n3840381377,El Constructor,-12.038816,-77.08617,0.0,hardware,,Jonel,,
CALLAO,retail,n4328810584,Etna Ferreterías,-12.045872,-77.126604,0.0,hardware,,,,
CALLAO,retail,n4328913529,Ferretería Maderas Triplay,-12.054874,-77.122307,0.0,hardware,,,,
CALLAO,retail,n4331239977,Veterinaria Faucett,-12.057377,-77.097856,0.0,veterinary,,,,
CALLAO,retail,n4331424587,Ferretería Olenka,-12.068244,-77.104287,0.0,hardware,,,,
CALLAO,retail,n4331630776,Ferretería Osifer,-12.044941,-77.126704,0.0,hardware,,,,
CALLAO,retail,n4337346185,Ferretería y Matizados los Andes,-12.05277,-77.095371,0.0,hardware,,,,
CALLAO,retail,n4337351790,Ferretería Rony,-12.05279,-77.09545,0.0,hardware,,,,
CALLAO,retail,n4337406870,Mitutoyo,-12.051121,-77.098084,0.0,hardware,,,,
CALLAO,retail,n4337406879,Baterias Record,-12.049887,-77.098101,0.0,hardware,,,,
CALLAO,retail,n4342836885,Ferretería Dorita,-11.877749,-77.131936,0.0,hardware,,,,
CALLAO,retail,n4343255624,Ferretería Naval D'Salas,-12.055312,-77.142131,0.0,hardware,,,,
CALLAO,retail,n4343255626,Ferretería Naval Diego EIRL,-12.055441,-77.142264,0.0,hardware,,,,
CALLAO,retail,n4343255627,Ferretería Naval Carga y Maniobra,-12.055482,-77.142296,0.0,hardware,,,,
CALLAO,retail,n4343609184,Jt Maderas,-11.846923,-77.133661,0.0,trade,,,,
CALLAO,retail,n4343647507,Veterinaría Mundo Animal,-11.838094,-77.138656,0.0,veterinary,,,,
CALLAO,retail,n4343681223,Cemento Nacional,-11.834909,-77.141569,0.0,hardware,,,,
CALLAO,retail,n4344520473,Sarita Ferretería,-11.832484,-77.144179,0.0,hardware,,,,
CALLAO,retail,n4344520474,Veterinaría San Bernardo,-11.832493,-77.144119,0.0,veterinary,,,,
CALLAO,retail,n4345237124,Ferretería Chincha,-11.877618,-77.130592,0.0,hardware,,,,
CALLAO,retail,n4346127095,Veterinaria Car-val,-12.056825,-77.105384,0.0,veterinary,,,,
CALLAO,retail,n4346555535,La Perro Manial,-12.056884,-77.105687,0.0,veterinary,,,,
CALLAO,retail,n4346612691,Veterinaria Vargas,-12.063772,-77.126849,0.0,veterinary,,,,
CALLAO,retail,n4346630755,Charlipet,-12.060315,-77.137667,0.0,pet,,,,
CALLAO,retail,n4360441491,Vallejo Soldaduras,-12.039841,-77.091636,0.0,hardware,,,,
CALLAO,retail,n4363663840,Ferretería 72,-12.012355,-77.100407,0.0,hardware,,,,
CALLAO,retail,n4363670631,Clinica de Mascotas,-12.014915,-77.099543,0.0,veterinary,,,,
CALLAO,retail,n4365303904,Mi Hermano Menor,-12.007458,-77.103233,0.0,veterinary,,,,
CALLAO,retail,n4366505532,Ferretería San Miguel,-12.027936,-77.096929,0.0,hardware,,,,
CALLAO,retail,n4366518315,Inu Pets,-12.021708,-77.09998,0.0,veterinary,,,,
CALLAO,retail,n4366969147,Ferreteria Repuestos Renzo,-12.001643,-77.116622,0.0,hardware,,,,
CALLAO,retail,n4368078526,Veterinaria mi Hermano Menor,-12.016133,-77.093637,0.0,veterinary,,,,+51 972740614
CALLAO,retail,n4368089978,Ferretería Promilsa,-12.008112,-77.098504,0.0,hardware,,,,
CALLAO,retail,n4368123998,Central Vet,-12.007614,-77.098772,0.0,veterinary,,,,
CALLAO,retail,n4368163754,Ferretería Torres,-11.998977,-77.102963,0.0,hardware,,,,
CALLAO,retail,n4368424623,Promilsa,-12.007728,-77.098165,0.0,hardware,,,,
CALLAO,retail,n4368433934,Ferretería Vasquez,-12.004424,-77.099775,0.0,hardware,,,,
CALLAO,retail,n4368590029,Ferretería Vicky Mix,-12.018507,-77.097764,0.0,hardware,,,,
CALLAO,retail,n4368600644,Lassy,-12.026557,-77.094292,0.0,veterinary,,,,+51 1 5749287
CALLAO,retail,n4368695918,Punto Can,-12.015787,-77.091431,0.0,pet,,,,
CALLAO,retail,n4394926692,Ferretería 333,-12.038682,-77.088458,0.0,hardware,,,,
CALLAO,retail,n4710389810,Servet,-12.03751,-77.084872,0.0,veterinary,,,,+51 1 4518832
CALLAO,retail,n4719574929,Mascotas mimadas,-12.038109,-77.088143,0.0,veterinary,,,,
CALLAO,retail,n4735443924,Innova fer,-12.040379,-77.094795,0.0,hardware,,,,
CALLAO,retail,n4763380119,Guillén,-12.041547,-77.096457,0.0,hardware,,,,
CALLAO,retail,n4763380120,La luz,-12.041492,-77.096013,0.0,hardware,,,,
CALLAO,retail,n5064525240,Ferretería Forlam,-11.846152,-77.138542,0.0,hardware,,,,
CALLAO,retail,n5064668844,Patitas y Colitas,-11.845751,-77.14746,0.0,pet,,,,
CALLAO,retail,n5071776929,Dominguez marquez,-12.04154,-77.125138,0.0,hardware,,,,
CALLAO,retail,n5072407536,Repuestos Ferreteria,-11.832588,-77.167368,0.0,hardware,,,,
CALLAO,retail,n5073559029,DOMINGUEZ VENTOCILLA,-12.024919,-77.101587,0.0,hardware,,,,
CALLAO,retail,n5077979073,Aceros Arequipa,-12.059835,-77.132945,0.0,hardware,,Fer Mat Cons S.A.C.,,
CALLAO,retail,n5084262102,Cable y estrobos Atarama,-12.05467,-77.141116,0.0,hardware,,,http://cablesyestrobosatarama.com,+51 1 4295806
CALLAO,retail,n5113431722,LOPEZ MACCO,-12.041139,-77.095169,0.0,hardware,,,,
CALLAO,retail,n5113442222,FAJARDO LUNA,-12.041549,-77.092429,0.0,hardware,,,,
CALLAO,retail,n5131394133,Ramos echevarria,-12.042886,-77.11539,0.0,hardware,,,,
CALLAO,retail,n5131395022,Salgar,-12.04567,-77.10644,0.0,hardware,,,,
CALLAO,retail,n5131432421,Los olivos,-12.04308,-77.113696,0.0,hardware,,,,
CALLAO,retail,n5131434726,Surichaqui,-12.050809,-77.134158,0.0,hardware,,,,
CALLAO,retail,n5131520321,Colon,-12.060477,-77.131999,0.0,hardware,,,,
CALLAO,retail,n5131634821,Chambilla,-12.063092,-77.106956,0.0,hardware,,,,
CALLAO,retail,n5133287422,INGA,-12.042645,-77.118599,0.0,hardware,,,,
CALLAO,retail,n5133313421,MONTENEGRO,-12.044035,-77.110528,0.0,hardware,,,,
CALLAO,retail,n5133323921,INGA ZEDANO,-12.044686,-77.107536,0.0,hardware,,,,
CALLAO,retail,n5133424022,CENTRO CERAMICO,-12.059959,-77.136375,0.0,hardware,,,,
CALLAO,retail,n5133430322,FERMATCONS,-12.059819,-77.132844,0.0,hardware,,,,
CALLAO,retail,n5133430323,ROCHA RAMÍREZ,-12.053501,-77.113413,0.0,hardware,,,,
CALLAO,retail,n6833349685,LOGISMINSA,-11.946894,-77.103867,0.0,hardware,,,,
CALLAO,retail,n9904669864,Veterinaria Coquetos,-12.068771,-77.125644,0.0,veterinary,,,,+51 987 091 352
CALLAO,retail,n9917712787,Ferretería Tarma Javier,-11.827041,-77.161459,0.0,hardware,,,,
CALLAO,retail,n9918084683,Ferretería Jenifer,-11.837091,-77.16655,0.0,hardware,,,,
CALLAO,retail,n12307152601,Veterinaria San Martin,-12.052806,-77.124707,0.0,veterinary,,,,
CALLAO,retail,n12476226289,ferreteria,-12.069626,-77.12377,0.0,hardware,,,,
CALLAO,retail,n12477024941,"Clinicas Veterinarias ""Conceited Pet's""",-12.06913,-77.124645,0.0,veterinary,,,,
CALLAO,retail,n12479842920,Veterinaria Municipal,-12.068378,-77.124603,0.0,veterinary,,,,+51 934 916 864
CALLAO,retail,n12492749988,Ferreteria,-12.06655,-77.126747,0.0,hardware,,,,
CALLAO,retail,n12504966374,ferreteria,-12.069496,-77.124113,0.0,hardware,,,,
CALLAO,retail,w388705749,Sodimac,-11.99886,-77.112719,0.0,doityourself,,,,
CALLAO,retail,w435197705,Veterinaria Master in Pets,-12.062498,-77.099582,0.0,yes,,,,
CALLAO,retail,w435340089,Maderera Pucallpa,-12.049801,-77.107671,0.0,hardware,,,,
CALLAO,retail,w435393555,Chavez Center Sac,-12.056632,-77.111483,0.0,trade,,Procresol,,
CALLAO,retail,w435844001,Fesepsa S.A.,-12.050895,-77.097941,0.0,hardware,,,,
CALLAO,retail,w436270736,Ferretería Colon,-12.060362,-77.131999,0.0,trade,,Progresol,,
CALLAO,retail,w436273268,Ferretería Callao,-12.051378,-77.134741,0.0,hardware,,,,
CALLAO,retail,w436300347,Relisac,-11.878237,-77.132283,0.0,trade,,,,
CALLAO,retail,w436300352,Maderera Ronald,-11.876691,-77.134708,0.0,trade,,,,
CALLAO,retail,w436395389,Dimfort,-11.877364,-77.13417,0.0,trade,,,,
CALLAO,retail,w436478461,La Casa del Roble,-11.836935,-77.140303,0.0,trade,,,,
CALLAO,retail,w436478465,Ferretería Ruiz,-11.833071,-77.143022,0.0,hardware,,,,
CALLAO,retail,w436482229,Ferretería Hiroshima,-11.837578,-77.139066,0.0,trade,,,,
CALLAO,retail,w436482234,Ferretería Melendez Asís,-11.836152,-77.140131,0.0,hardware,,,,
CALLAO,retail,w436567376,Ferretería Gabriel,-11.83165,-77.147399,0.0,hardware,,,,
CALLAO,retail,w436645951,Ferretería Emanuel,-11.877545,-77.130146,0.0,hardware,,,,
CALLAO,retail,w436645952,Maderera Ferretería Romero Lazo,-11.877495,-77.129696,0.0,trade,,,,
CALLAO,retail,w436645954,Ferretería Paul,-11.87756,-77.130366,0.0,hardware,,,,
CALLAO,retail,w436763062,Progresol,-11.868355,-77.114494,0.0,hardware,,,,
CALLAO,retail,w436791822,Ferreteria Wilmer,-12.066654,-77.127325,0.0,trade,,,,
CALLAO,retail,w436809276,Veterinaria Municipal,-11.872454,-77.124225,0.0,yes,,Municipalidad de Ventanilla,,
CALLAO,retail,w436809285,Hipermercado Cerámico,-11.868629,-77.127626,0.0,trade,,,,
CALLAO,retail,w436900986,Clinica Veterinaria,-12.059274,-77.132661,0.0,yes,,,,
CALLAO,retail,w438034254,Ferretería El Condor,-12.012202,-77.089643,0.0,hardware,,,,
CALLAO,retail,w439226312,Ind. Maderera Miami,-12.018552,-77.099318,0.0,trade,,,,
CALLAO,retail,w519385336,Ferretería Yadira,-11.846555,-77.147591,0.0,hardware,,,,
CALLAO,retail,w605759270,La Encantada,-11.982196,-77.117308,0.0,hardware,,,,
CALLAO,retail,w854734028,Maestro,-11.862032,-77.127546,0.0,doityourself,,,,
CALLAO,retail,w1531996394,Ferretería Las Malvinas Pachacútec,-11.840776,-77.135728,0.0,hardware,,,,
CUSCO,landuse,w822335893,Fundo Upina,-14.088764,-71.379006,5.49,farmland,,,,
CUSCO,landuse,w824721099,Fundo Upina,-14.086689,-71.37738,2.82,farmland,,,,
CUSCO,landuse,w824721098,Fundo Upina,-14.087477,-71.379492,1.18,farmland,,,,
CUSCO,landuse,w824721100,Fundo Upina,-14.087939,-71.377919,0.37,farmland,,,,
CUSCO,landuse,w561892840,Vivero de Pucyura,-13.475444,-72.113055,0.08,plant_nursery,,,,
CUSCO,agroind,n4947483569,Malvinas,-11.840575,-72.946227,0.0,works,,,,
CUSCO,agroind,n9894225703,John Deere,-13.58225,-71.810472,0.0,agricultural_engines,,,,
CUSCO,agroind,n10969963244,Agrícola Alsur Cusco SAC,-13.456742,-72.198474,0.0,works,,,,
CUSCO,agroind,n12062105714,Carpintería,-13.284059,-72.156502,0.0,works,,,,
CUSCO,agroind,n12315919501,Granja Escuela de Yucay,-13.315503,-72.083344,0.0,works,,,,
CUSCO,agroind,w85754192,Cervecería Cusqueña,-13.518433,-71.971198,0.0,industrial,,,,
CUSCO,agroind,w227361372,Planta de Separación de Gas Natural Malvinas,-11.845537,-72.945087,0.0,industrial,,,,
CUSCO,agroind,w227409918,Pagoreni A,-11.715863,-72.900469,0.0,industrial,,,,
CUSCO,agroind,w227409919,Pagoreni B,-11.691258,-72.94953,0.0,industrial,,,,
CUSCO,agroind,w280184738,Corporación Lindley S.A. Cocacola,-13.526661,-71.944105,0.0,industrial,,,,
CUSCO,agroind,w332349707,BOTADERO ACTUAL,-12.644725,-72.93265,0.0,industrial,,,,
CUSCO,agroind,w398908727,Sagari BX,-11.431213,-73.356653,0.0,industrial,,,,
CUSCO,agroind,w445390256,Petro Peru,-13.549954,-71.892742,0.0,industrial,,,,
CUSCO,agroind,w462675305,Electro Sur Este S.A.A,-13.531599,-71.971469,0.0,industrial,,,,
CUSCO,agroind,w462675307,Central Térmica Dolorespata,-13.530324,-71.972061,0.0,industrial,,EGEMSA,,
CUSCO,agroind,w592169144,Camal Municipal,-13.553036,-71.874735,0.0,industrial,,,,
CUSCO,agroind,w608377764,scrapyard,-13.546107,-71.892425,0.0,industrial,,,,
CUSCO,agroind,w649729269,Central Hidroeléctrica Machupicchu,-13.174106,-72.560531,0.0,industrial,,Empresa de Generacion Electrica Machupicchu S.A.,,
CUSCO,agroind,w729461672,Mina Constancia - PROCESOS PLANTA,-14.465661,-71.785993,0.0,industrial,,,,
CUSCO,agroind,w729461673,PV16,-14.462042,-71.790918,0.0,industrial,,,,
CUSCO,agroind,w729461674,Mina Constancia - CAMPAMENTO,-14.462992,-71.793189,0.0,industrial,,,,
CUSCO,agroind,w736634682,Factory,-14.923144,-71.265827,0.0,industrial,,,,
CUSCO,agroind,w747273383,factory,-14.301868,-71.634863,0.0,industrial,,,,
CUSCO,agroind,w778279194,Parqueadero,-13.549554,-71.893839,0.0,industrial,,,,
CUSCO,agroind,w778283892,parqueadero,-13.547383,-71.891972,0.0,industrial,,,,
CUSCO,agroind,w803110573,Sagari AX,-11.464529,-73.314139,0.0,industrial,,,,
CUSCO,agroind,w806569011,Chancadora Primaria Antapaccay,-14.947652,-71.379687,0.0,industrial,,,,
CUSCO,agroind,w1223827020,Cashiriari 3,-11.881672,-72.650247,0.0,industrial,,,,
CUSCO,agroind,w1223829220,Cashiriari 1,-11.874349,-72.733249,0.0,industrial,,,,
CUSCO,agroind,w1223830342,San Martín 3,-11.78563,-72.70073,0.0,industrial,,,,
CUSCO,agroind,w1223830499,San Martín 1,-11.768001,-72.777197,0.0,industrial,,,,
CUSCO,agroind,w1223835699,Mipaya,-11.578477,-73.167365,0.0,industrial,,,,
CUSCO,agroind,w1223837364,Kinteroni,-11.508496,-73.252087,0.0,industrial,,,,
CUSCO,agroind,w1446955742,CG2,-14.467967,-71.770766,0.0,industrial,,,,
CUSCO,agroind,w1446961557,4220 Tortugas,-14.469372,-71.761792,0.0,industrial,,,,
CUSCO,agroind,w1447244112,Stock 2,-14.464626,-71.774321,0.0,industrial,,,,
CUSCO,agroind,w1447244119,Stock 1,-14.467203,-71.777605,0.0,industrial,,,,
CUSCO,agroind,w1447244121,Stock 3,-14.469585,-71.766883,0.0,industrial,,,,
CUSCO,agroind,w1456991056,CG1,-14.466032,-71.771935,0.0,industrial,,,,
CUSCO,agroind,w1456991799,Parqueo Auxiliares - 4215,-14.469589,-71.770701,0.0,industrial,,,,
CUSCO,agroind,w1456991800,Parqueo Camiones - 4215,-14.468767,-71.771445,0.0,industrial,,,,
CUSCO,agroind,w1458972279,4240,-14.475181,-71.766992,0.0,industrial,,,,
CUSCO,agroind,w1550702662,WEIR Minerals,-14.803727,-71.404352,0.0,industrial,,,,
CUSCO,agroind,w1550718772,CITV Transoceánica Virgen de Chapi S.A.C.,-14.801409,-71.410186,0.0,industrial,,,,
CUSCO,agroind,w1550718962,Planta de Lacteos - D'Altura,-14.802388,-71.415643,0.0,industrial,,,,
CUSCO,agroind,w1550720077,Taller Sol del Pacifico,-14.802167,-71.517152,0.0,industrial,,,,
CUSCO,agroind,w1550839719,Camal Municipal Yauri,-14.777406,-71.417444,0.0,industrial,,,,
CUSCO,agroind,w1551125336,Concretos Arteaga,-13.469163,-72.132859,0.0,industrial,,,,
CUSCO,agroind,w1551662448,Mina Choquetacarbo,-13.188267,-72.887304,0.0,industrial,,,,
CUSCO,agroind,r21256473,Camal Municipal Anta,-13.463244,-72.152295,0.0,industrial,,,,
CUSCO,farmbld,w783203527,Fundo Antapacha,-13.324435,-72.075087,0.0,farm_auxiliary,,,,
CUSCO,farmbld,w784842955,Fundo Vilcanota,-13.328763,-72.071897,0.0,farm,,,,
CUSCO,named,n2311364835,Hacienda Mushca Aysa,-13.376043,-71.537489,0.0,hamlet,,,,
CUSCO,named,n2325374095,Hacienda Huanupata,-13.375892,-71.562675,0.0,hamlet,,,,
CUSCO,named,n2357196436,Hacienda Quesallay,-13.562176,-71.945675,0.0,village,,,,
CUSCO,named,n3100490016,Hacienda Sallac,-13.648518,-71.626315,0.0,village,,,,
CUSCO,named,n4407245804,Hacienda Uchuy Finaya,-13.829157,-71.189922,0.0,locality,,,,
CUSCO,named,n4407245805,Hacienda Uyuni,-13.861698,-71.198442,0.0,locality,,,,
CUSCO,named,n6212316254,Hacienda Yarinota,-15.360847,-71.148342,0.0,isolated_dwelling,,,,
CUSCO,named,n6472010646,Hacienda Pasto Grande,-13.209727,-71.650223,0.0,village,,,,
CUSCO,named,n6472019996,Hacienda Sihuaypampa,-13.291384,-71.602294,0.0,hamlet,,,,
CUSCO,named,n6472019997,Hacienda Llaychu,-13.30034,-71.597895,0.0,hamlet,,,,
CUSCO,named,n7398623674,Hacienda Ermita,-13.599698,-71.761706,0.0,village,,,,
CUSCO,named,n7428566108,Hacienda Colcaque / Ccollcayqui,-13.652302,-71.809948,0.0,hamlet,,,,
CUSCO,named,n7461087139,Hacienda Esperanza,-14.789603,-71.121186,0.0,isolated_dwelling,,,,
CUSCO,named,n7461237021,Hacienda Limbani,-14.567302,-71.106611,0.0,hamlet,,,,
CUSCO,named,n7483402450,Hacienda Cuatro Esquinas,-14.65726,-72.262294,0.0,hamlet,,,,
CUSCO,named,n7515894788,Hacienda Pacramayo,-13.68494,-71.771693,0.0,village,,,,
CUSCO,named,n7515916291,Hacienda Yayahuasi,-13.667685,-71.66001,0.0,hamlet,,,,
CUSCO,named,n7515937454,Hacienda Cuyuni,-13.61707,-71.576194,0.0,hamlet,,,,
CUSCO,named,n7515951483,Hacienda Tinqui,-13.667326,-71.320097,0.0,hamlet,,,,
CUSCO,named,n7515975892,Hacienda Palja / Pallcca,-13.731455,-71.411927,0.0,hamlet,,,,
CUSCO,named,n7518661226,Hacienda Casillo,-14.556629,-71.242691,0.0,hamlet,,,,
CUSCO,named,n7518695353,Hacienda Chorrillo,-14.462391,-71.374871,0.0,hamlet,,,,
CUSCO,named,n7519112103,Hacienda Tincurca,-14.379277,-71.913986,0.0,hamlet,,,,
CUSCO,named,n7687931241,Hacienda Paucarpata Uyupampa / Paucarpata Yupampa,-13.900488,-71.491518,0.0,village,,,,
CUSCO,named,n7695365297,Hacienda Paucarcoto,-13.659874,-72.216209,0.0,village,,,,
CUSCO,named,n7712677130,Hacienda Occra,-13.577285,-72.205134,0.0,village,,,,
CUSCO,named,n7712793735,Hacienda Umasbamba,-13.371875,-71.6264,0.0,village,,,,
CUSCO,named,n7721967677,Hacienda Paro,-13.560796,-72.261878,0.0,village,,,,
CUSCO,named,n7725019798,Hacienda ñahuinpuquio,-13.4603,-71.561309,0.0,village,,,,
CUSCO,named,n9092681275,Fundo Villa del Carmen,-13.345565,-72.182407,0.0,farm,,,,
CUSCO,named,n9774152627,Hacienda Lambarri,-13.327865,-72.051937,0.0,farm,,,,
CUSCO,named,n11063620616,Pampa Chacra,-13.550808,-71.877431,0.0,neighbourhood,,,,
CUSCO,named,w659778307,Hacienda del Chalán,-13.283874,-72.198993,0.0,farmyard,,,https://haciendadelchalan.com,+51 984 737 897
CUSCO,retail,n2510702804,Sodimac,-13.542677,-71.899403,0.0,doityourself,,,,
CUSCO,retail,n2657159567,Ferretería Don Bosco,-13.527721,-71.946421,0.0,hardware,,,,
CUSCO,retail,n2823847969,Veterinaria Anubis,-13.53018,-71.948096,0.0,veterinary,,,,
CUSCO,retail,n2823847972,Clínica Veterinaria Doggy,-13.527529,-71.948504,0.0,veterinary,,,,
CUSCO,retail,n2823847991,Provemat,-13.527726,-71.946268,0.0,hardware,,,,
CUSCO,retail,n3801584572,KusiWasi,-13.526343,-71.948084,0.0,veterinary,,,,
CUSCO,retail,n4261524090,Comercial Punto Azul,-13.524285,-71.970879,0.0,hardware,,,,
CUSCO,retail,n4261526889,Daylum EIRL,-13.524622,-71.965461,0.0,hardware,,,,
CUSCO,retail,n4348047115,Promart Homecenter,-13.52207,-71.950223,0.0,hardware,,,,
CUSCO,retail,n4526261501,Pet Shop,-13.526206,-71.952498,0.0,veterinary,,,,
CUSCO,retail,n4692754290,Centro de eventos Casablanca,-13.52861,-71.96858,0.0,veterinary,,,,
CUSCO,retail,n4726751797,Dr. Patitas,-13.532575,-71.938187,0.0,veterinary,,,,+51 84 606829
CUSCO,retail,n4990984221,Clinica Veterinaria Los Peques,-13.520798,-71.970573,0.0,veterinary,,,,
CUSCO,retail,n5355997706,Promart,-13.541748,-71.900415,0.0,doityourself,,,https://www.promart.pe/,
CUSCO,retail,n5742276122,Totty's,-14.186565,-71.343061,0.0,hardware,,,,
CUSCO,retail,n5757220923,Ferreteria de huyro,-13.006568,-72.554591,0.0,hardware,,,,
CUSCO,retail,n7064546773,Agrovetarina Altiplano,-13.317197,-71.596548,0.0,veterinary,,,,
CUSCO,retail,n8049278044,Consutech Importaciones Perú S.A.C,-13.524362,-71.965621,0.0,hardware,,,,
CUSCO,retail,n8920578908,El Granjerito,-13.542826,-71.887466,0.0,agrarian,,,,
CUSCO,retail,n8920578909,Import Export Torbellino,-13.542843,-71.887402,0.0,agrarian,,,,+51962736073
CUSCO,retail,n8920578910,Mik'Una Center,-13.54286,-71.887334,0.0,agrarian,,,,+51948816090
CUSCO,retail,n8920578911,Monterrico,-13.542881,-71.887276,0.0,agrarian,,,,
CUSCO,retail,n8920578914,InkAve,-13.542817,-71.887496,0.0,agrarian,,,,
CUSCO,retail,n8920633218,Nutricentro,-13.542758,-71.887664,0.0,agrarian,,,,
CUSCO,retail,n8920633225,Cresta Roja,-13.542356,-71.888099,0.0,agrarian,,,,
CUSCO,retail,n8975256706,Comercial Ferretera Solorio,-13.308102,-72.114359,0.0,hardware,,,,+51944157260
CUSCO,retail,n8978548336,Agro Tocre,-13.336646,-72.063629,0.0,agrarian,,,,+51946651473
CUSCO,retail,n8978570298,Agroservicios Paraccay,-13.337516,-72.065142,0.0,agrarian,,,,
CUSCO,retail,n8988644185,Multiservicios Alex,-13.322787,-72.08221,0.0,hardware,,,,
CUSCO,retail,n8988947695,Criadores Alimento para Gallos,-13.32218,-72.083282,0.0,agrarian,,,,
CUSCO,retail,n9018534450,Viveros Misme Urubamba,-13.327412,-72.076016,0.0,garden_centre,,,,
CUSCO,retail,n9018566835,Vivero Eterna Primavera Yucay,-13.327339,-72.075805,0.0,garden_centre,,,,+51960931838
CUSCO,retail,n9018569342,Vivero Tu Semilla,-13.327838,-72.075501,0.0,garden_centre,,,,
CUSCO,retail,n9030220900,Virgen de Lourdes Materiales de Construcción,-13.312494,-72.110585,0.0,hardware,,,,
CUSCO,retail,n9030231738,Ferreteria Benja,-13.307139,-72.115942,0.0,hardware,,,,
CUSCO,retail,n9039056207,Verito,-13.382651,-72.11743,0.0,hardware,,,,
CUSCO,retail,n9039061319,Agroveterinaria Andino,-13.429852,-72.129865,0.0,agrarian,,,,
CUSCO,retail,n9051637911,Ferretería Ferroluz,-13.310612,-72.110331,0.0,hardware,,,,
CUSCO,retail,n9060959681,Plantinera Tocre,-13.33886,-72.067409,0.0,garden_centre,,,,+51946651473
CUSCO,retail,n9074160632,Ferretería Valle Sagrado,-13.304862,-72.118217,0.0,hardware,,,,
CUSCO,retail,n9074261081,Ferretería Gallegos,-13.304658,-72.118829,0.0,hardware,,,,
CUSCO,retail,n9074261571,Agroveterinaria Líder Andino,-13.304605,-72.118718,0.0,agrarian,,,,
CUSCO,retail,n9074261732,Mercantil Urubamba,-13.304634,-72.118628,0.0,hardware,,,,
CUSCO,retail,n9084422834,Ferretería Multiservicios Yanaccocha,-13.328416,-72.051113,0.0,hardware,,,,
CUSCO,retail,n9084774757,Korianca,-13.312858,-72.100499,0.0,hardware,,,,
CUSCO,retail,n9089493382,Ferretería Union,-13.304921,-72.118255,0.0,hardware,,,,
CUSCO,retail,n9089568495,Eterna Primavera,-13.315886,-72.092016,0.0,garden_centre,,,,
CUSCO,retail,n9089577026,Materiales de Construcción Siwar,-13.310973,-72.107483,0.0,hardware,,,,
CUSCO,retail,n9092587314,Los Jazmines,-13.295919,-72.13419,0.0,garden_centre,,,,
CUSCO,retail,n9092611102,Agroveterinaria Agrosol,-13.304434,-72.118747,0.0,agrarian,,,,
CUSCO,retail,n9092611468,Servi Agro,-13.304733,-72.118341,0.0,agrarian,,,,
CUSCO,retail,n9092611469,Ferretería La Económica,-13.305037,-72.117771,0.0,hardware,,,,
CUSCO,retail,n9092632755,Acuña Materiales de Construcción,-13.311056,-72.110518,0.0,hardware,,,,
CUSCO,retail,n9092632758,Eco Vivero,-13.299406,-72.128833,0.0,garden_centre,,,,
CUSCO,retail,n9092646807,Vivero Valle Sagrado,-13.297891,-72.130789,0.0,garden_centre,,,,
CUSCO,retail,n9092649586,Ferretería Gamarra,-13.297061,-72.13248,0.0,hardware,,,,
CUSCO,retail,n9092650374,Mercantil Urubamba EIRL,-13.306637,-72.119108,0.0,hardware,,,,
CUSCO,retail,n9092650375,Picaq Materiales de Construcción,-13.310484,-72.111713,0.0,hardware,,,,
CUSCO,retail,n9092652049,Pacocha,-13.305884,-72.117344,0.0,agrarian,,,,
CUSCO,retail,n9092658319,Avícola Valle Sagrado,-13.306948,-72.119183,0.0,farm,,,,
CUSCO,retail,n9095142328,Nutrivalle,-13.304556,-72.118241,0.0,agrarian,,,,
CUSCO,retail,n9095142996,El Zorro,-13.304617,-72.118205,0.0,hardware,,,,
CUSCO,retail,n9095169254,Decorados y Acabados Cusco,-13.304694,-72.118267,0.0,hardware,,,,
CUSCO,retail,n9095293050,Sr. De Torrechayoc,-13.310922,-72.109275,0.0,hardware,,,,
CUSCO,retail,n9101902894,Muhu Wasi,-13.328389,-72.050857,0.0,farm,,,,
CUSCO,retail,n9101929123,Inversiones Dugin,-13.32769,-72.044488,0.0,agrarian,,,,
CUSCO,retail,n9118344118,Mascotitas,-12.861228,-72.695194,0.0,veterinary,,,,
CUSCO,retail,n9159500266,Muhu Wasi Finca Orgánica,-13.318891,-72.046605,0.0,farm,,,,+51970015715
CUSCO,retail,n9230380335,Vivero Midaye,-13.329519,-72.073191,0.0,garden_centre,,,,
CUSCO,retail,n9230384499,Plantinería Tocre,-13.313132,-72.099305,0.0,garden_centre,,,,
CUSCO,retail,n9230389693,Ferresur,-13.50759,-71.996146,0.0,hardware,,,,
CUSCO,retail,n9261727572,L&J,-13.3197,-72.086384,0.0,agrarian,,,,
CUSCO,retail,n9268016817,Allin Ayllu,-13.288707,-72.12747,0.0,agrarian,,,,
CUSCO,retail,n9278422773,Pacocha,-13.305585,-72.119003,0.0,agrarian,,,,
CUSCO,retail,n9278452190,Agrosoluciones Del Valle,-13.305761,-72.118978,0.0,agrarian,,,,
CUSCO,retail,n9278453616,Gonzales,-13.275832,-72.186555,0.0,hardware,,,,
CUSCO,retail,n9278462291,Sr. De Torrechayoc,-13.304763,-72.120185,0.0,hardware,,,,
CUSCO,retail,n9278468755,Agroveterinaria Ramos,-13.304561,-72.119076,0.0,agrarian,,,,
CUSCO,retail,n9278468757,Fuji,-13.307012,-72.116082,0.0,hardware,,,,
CUSCO,retail,n9278490742,San José,-13.284552,-72.156282,0.0,hardware,,,,+51984104745
CUSCO,retail,n9278504370,Scrappy-Doo,-13.305277,-72.119133,0.0,veterinary,,,,
CUSCO,retail,n9312896673,Uyhuachay,-13.307511,-72.114882,0.0,veterinary,,,,+51 959 735 192
CUSCO,retail,n9319211325,JQD,-13.27805,-72.186124,0.0,hardware,,,,
CUSCO,retail,n9353628314,Cachito,-13.333984,-72.063287,0.0,hardware,,,,
CUSCO,retail,n9356561534,Campoverde,-13.306012,-72.116983,0.0,agrarian,,,,
CUSCO,retail,n9389683278,Electro Tools,-13.309723,-72.111583,0.0,hardware,,,,
CUSCO,retail,n9389686273,Romero,-13.305839,-72.118566,0.0,hardware,,,,
CUSCO,retail,n9389689942,Trigal del Valle,-13.305257,-72.118421,0.0,agrarian,,,,
CUSCO,retail,n9389689943,Patitas Blue,-13.307182,-72.114244,0.0,veterinary,,,,
CUSCO,retail,n9395598616,Chacón,-13.478066,-72.067901,0.0,hardware,,,,
CUSCO,retail,n9395610199,Acuarios,-13.522448,-71.977159,0.0,pet,,,,
CUSCO,retail,n9401045724,Gallegos,-13.295128,-72.135089,0.0,hardware,,,,
CUSCO,retail,n9411169973,Vivero Huincho,-13.298854,-72.129757,0.0,garden_centre,,,,
CUSCO,retail,n9421758081,Miriam,-13.335856,-72.156346,0.0,agrarian,,,,
CUSCO,retail,n9451183364,House Vet,-13.305457,-72.113623,0.0,veterinary,,,,+51958276878
CUSCO,retail,n9466867000,Alex,-13.310731,-72.10942,0.0,hardware,,,,
CUSCO,retail,n9476380444,JC,-13.31067,-72.110033,0.0,hardware,,,,
CUSCO,retail,n9495668966,Candy,-13.277639,-72.179366,0.0,hardware,,,,
CUSCO,retail,n9509005788,El Zorro,-13.302521,-72.12384,0.0,hardware,,,,
CUSCO,retail,n9527272113,JBH,-13.541438,-71.884296,0.0,hardware,,,,
CUSCO,retail,n9527301639,Mis dos Reyes,-13.541458,-71.883878,0.0,hardware,,,,
CUSCO,retail,n9527303945,Inkasferro,-13.541227,-71.884431,0.0,hardware,,,,
CUSCO,retail,n9540537188,Vivero Sr. De Torrechayoc,-13.299494,-72.117446,0.0,garden_centre,,,,
CUSCO,retail,n9601669267,Pernería - Ferretería Pekasur,-13.459854,-72.148479,0.0,hardware,,Peter Calcina Kuncho,,+51 927271789
CUSCO,retail,n9701836890,Kenjha,-13.313779,-72.030367,0.0,hardware,,,,
CUSCO,retail,n9701857609,Ylla,-13.323,-71.965537,0.0,hardware,,,,
CUSCO,retail,n9701882759,Megafer,-13.299656,-72.128216,0.0,hardware,,,,
CUSCO,retail,n9701887851,FerreCusco,-13.322883,-71.958899,0.0,hardware,,,,
CUSCO,retail,n9701907368,Agro Paraccay,-13.327609,-72.042013,0.0,agrarian,,,,
CUSCO,retail,n9701909866,Rosa Ventura,-13.311538,-72.016502,0.0,agrarian,,,,
CUSCO,retail,n9783993689,El Kantu,-13.321374,-71.952005,0.0,garden_centre,,,,
CUSCO,retail,n9840098116,Santa Rosita de Lima,-13.393994,-72.051008,0.0,hardware,,,,
CUSCO,retail,n9840109148,Sol Imperium,-13.394481,-72.051141,0.0,hardware,,,,
CUSCO,retail,n9849133798,Gato,-13.303712,-72.129963,0.0,hardware,,,,
CUSCO,retail,n9849200981,Ferraso,-13.303651,-72.128237,0.0,hardware,,,,
CUSCO,retail,n9910656296,Agrovet Sura Andina,-13.422212,-71.848957,0.0,agrarian,,,,
CUSCO,retail,n9910656297,Pachatu-Zan,-13.422533,-71.848917,0.0,hardware,,,,
CUSCO,retail,n9910660840,El Punto,-13.422786,-71.852128,0.0,hardware,,,,
CUSCO,retail,n9910663739,Tornillo,-13.422189,-71.85028,0.0,hardware,,,,
CUSCO,retail,n9910669544,Yoel,-13.421712,-71.850388,0.0,hardware,,,,
CUSCO,retail,n9910669960,Pernocentro Gladys,-13.325008,-71.953905,0.0,hardware,,,,
CUSCO,retail,n9910672478,El Mundo Pet,-13.422527,-71.849067,0.0,pet,,,,
CUSCO,retail,n9910673938,El Torito,-13.42252,-71.850713,0.0,hardware,,,,
CUSCO,retail,n9910674217,J&N,-13.32505,-71.953825,0.0,hardware,,,,
CUSCO,retail,n9910674218,Lubricentro RJF,-13.324971,-71.953993,0.0,hardware,,,,
CUSCO,retail,n10010156641,La Económica,-13.312534,-72.009736,0.0,hardware,,,,
CUSCO,retail,n10045162348,Sumaq Parway,-13.319959,-72.086335,0.0,agrarian,,,,
CUSCO,retail,n10078483954,Paraccay,-13.305448,-72.118979,0.0,agrarian,,,,
CUSCO,retail,n10078490766,Ciagro,-13.305247,-72.118949,0.0,agrarian,,,,
CUSCO,retail,n10086186875,Clínica Veterinaria Valle Sagrado,-13.307674,-72.114966,0.0,veterinary,,,,+51925694757
CUSCO,retail,n10816136294,Ferretería D'Hankgo,-13.54295,-71.911668,0.0,hardware,,,,
CUSCO,retail,n11035033009,Centro Veterinario Municipal,-13.534685,-71.902762,0.0,veterinary,,Municipalidad de San Jerónimo,,
CUSCO,retail,n11045734325,Ausangate,-13.364406,-71.920851,0.0,hardware,,,,
CUSCO,retail,n11045741279,Jorge's,-13.364765,-71.921576,0.0,hardware,,,,
CUSCO,retail,n11175956635,Agregados Cueva,-13.308346,-72.110463,0.0,hardware,,,,
CUSCO,retail,n11175971384,Los Chancas,-13.309032,-72.113126,0.0,hardware,,,,
CUSCO,retail,n11229926490,Patitas Blue,-13.306578,-72.114261,0.0,veterinary,,,,
CUSCO,retail,n11240122116,Don Vicente Yucay,-13.334074,-72.076138,0.0,farm,,,,
CUSCO,retail,n11430371068,Maestrito,-12.864816,-72.695699,0.0,hardware,,,,
CUSCO,retail,n11935967161,A construir,-13.591351,-71.787566,0.0,hardware,,,,
CUSCO,retail,n11969069329,"Agroveterinaria ""Sur Andino""",-14.218079,-71.431085,0.0,agrarian,,,,
CUSCO,retail,n12102811395,Cia Electrica Ingenieros SRL,-13.526954,-71.959519,0.0,hardware,,,,+51 984 043 094
CUSCO,retail,n12108665948,River Home,-13.309623,-72.111981,0.0,hardware,,,,
CUSCO,retail,n12128477807,Señor del Calvario,-13.322012,-72.083634,0.0,hardware,,,,
CUSCO,retail,n12903835466,Veterinaria Dr. Bull,-13.532663,-71.956838,0.0,veterinary,,,,
CUSCO,retail,n12904006558,Dogtor Walter,-13.530634,-71.959069,0.0,veterinary,,,,
CUSCO,retail,n13128320601,Ferretería La Solución Truper,-13.526067,-71.962209,0.0,hardware,,,,+51 981 746556
CUSCO,retail,n13128338601,Hidrozel Maquinarias Distribuidor Autorizado Total,-13.52446,-71.965408,0.0,hardware,,,,+51990009237
CUSCO,retail,n13128373301,Ingco - M&D S.A.C.,-13.526256,-71.961741,0.0,hardware,,,,+51970187613
CUSCO,retail,n13174694901,Perno Loco,-13.52422,-71.967149,0.0,hardware,,,,+51984 334 893
CUSCO,retail,n13174697001,"DON BOSCO SERVICE - SERVICIO TECNICO AUTORIZADO DEWALT , STANLEY , BLACK&DECKER, ESAB , EINHELL , TOTAL, INCCO , BOSCH",-13.524092,-71.967211,0.0,hardware,,,,+51933 600 001
CUSCO,retail,n13201162001,"Tecser - Servicio y Distribución Autorizado DeWALT, Makita, Milwaukee, Hilti, Kärcher",-13.526428,-71.953373,0.0,hardware,,,,+51914 223 957
CUSCO,retail,n13398809368,Ferreteria El Ovalo,-13.391478,-72.050736,0.0,hardware,,,,
CUSCO,retail,n13542177537,Lazzy Vet,-13.536022,-71.908272,0.0,veterinary,,,,+51 984765805
CUSCO,retail,n13542177583,SOLEMAN - estufas y chimeneas,-13.535799,-71.90782,0.0,hardware,,,,
CUSCO,retail,n13542177599,Veterinaria Goofy,-13.539437,-71.903129,0.0,veterinary,,,,
CUSCO,retail,n13610941487,Veterinaria - Makicha's Pets,-13.538906,-71.909683,0.0,veterinary,,,,
CUSCO,retail,w691176960,Ferreterería FG JB,-13.543587,-71.885339,0.0,hardware,,,,
CUSCO,retail,w691391975,Inversiones Agropec San Jerónimo,-13.542896,-71.887108,0.0,agrarian,,,,+51974946176
CUSCO,retail,w691394543,Maestrito,-13.545338,-71.880701,0.0,hardware,,,,
CUSCO,retail,w801960122,Meprosa,-13.542669,-71.887824,0.0,agrarian,,,,
CUSCO,retail,w1476337794,Casinelli - Cusco,-13.54102,-71.899619,0.0,hardware,,,,
HUANCAVELICA,landuse,w1227614693,vivero,-12.339755,-74.62898,0.07,farmland,,,,
HUANCAVELICA,agroind,w219876786,Mina San Genaro,-13.193453,-75.149111,0.0,industrial,,,,
HUANCAVELICA,agroind,w810902426,Camal Municipal de Huancavelica,-12.790429,-75.037426,0.0,industrial,,,,
HUANCAVELICA,named,n10864214576,Hacienda Parco,-12.324302,-75.11955,0.0,hamlet,,,,
HUANCAVELICA,named,n10866540835,Hacienda Pacchapata,-12.467694,-74.973616,0.0,hamlet,,,,
HUANCAVELICA,named,n10866793118,Hacienda Corinto,-12.471196,-74.845653,0.0,hamlet,,,,
HUANCAVELICA,retail,n5037030616,Agroceterinaria Huaytará,-13.604131,-75.349613,0.0,veterinary,,,,
HUANUCO,landuse,w945914140,Fundo Pacán,-9.953873,-76.242935,7.2,farmland,sugar_cane,,,
HUANUCO,landuse,w711040470,Vivero Municipal de Amarilis,-9.943357,-76.246763,0.92,farmland,,,,
HUANUCO,agroind,n4216615498,Naranjillo,-9.30301,-76.005855,0.0,works,,,,
HUANUCO,agroind,n9760553110,Industria Galletera Félix,-9.925358,-76.232766,0.0,works,,,,
HUANUCO,agroind,w412984915,Agua Caliente Oilfield,-8.832449,-74.722641,0.0,industrial,,Maple Energy,,
HUANUCO,agroind,w554540580,Mina Raura,-10.446494,-76.744019,0.0,industrial,,,,
HUANUCO,agroind,w942420816,Camal Municipal de Huánuco,-9.920256,-76.232914,0.0,industrial,,,,
HUANUCO,agroind,w970619480,Hidroelectrica Marañon,-9.56464,-76.750343,0.0,industrial,,,,
HUANUCO,agroind,w1127363503,Cervecería San Juan,-9.928698,-76.23357,0.0,works,,,,
HUANUCO,agroind,w1242986284,"Cooperativ Agraria Cafetalera ""La Divisoria"" L.T.D.A.",-9.261603,-75.993161,0.0,industrial,,,,
HUANUCO,named,n6918109051,La Hacienda,-9.87315,-76.197239,0.0,hamlet,,,,
HUANUCO,named,n10185005227,Fundo Esperanza,-9.230586,-74.939311,0.0,hamlet,,,,
HUANUCO,named,w460792715,Hacienda Cachigaga,-10.054314,-76.219514,0.0,farmyard,,,,
HUANUCO,named,w708602121,Hacienda Lindero,-10.095341,-76.206206,0.0,recreation_ground,,,,
HUANUCO,retail,n3122892853,Promart,-9.91974,-76.241979,0.0,doityourself,,,,
HUANUCO,retail,n5136014229,Ferretería Balvín,-9.830153,-76.802085,0.0,hardware,,,,
HUANUCO,retail,n5196559646,Ferretería Setiesdo,-8.604658,-77.149815,0.0,hardware,,,,
HUANUCO,retail,n5196582534,Agro Veterinaria Nuñez,-8.605994,-77.148183,0.0,veterinary,,,,
HUANUCO,retail,n5198308521,Hojalatería Torres,-8.60478,-77.150546,0.0,hardware,,,,
HUANUCO,retail,n5200660424,Comercial Baratillo,-8.606617,-77.148396,0.0,hardware,,,,
HUANUCO,retail,n5200661321,Ferretería Eléctrica,-8.60642,-77.14873,0.0,hardware,,,,
HUANUCO,retail,n5773757319,TableOriente,-9.926746,-76.244921,0.0,trade,,,,+51 62 625351; +51 962 903 540; +51 994 349 307
HUANUCO,retail,n5799958860,Centro Comercial „Sta. Rita De Casia“,-9.928725,-76.246097,0.0,agrarian,,,,
HUANUCO,retail,n5944902819,La Económica,-9.930038,-76.241593,0.0,hardware,,,,
HUANUCO,retail,n5978863487,Ferretera Jireh,-9.933907,-76.2401,0.0,hardware,,,,+51 956 105 906; +51 51 941 474 272
HUANUCO,retail,n5990734650,Pet Shop El Acuario,-9.926321,-76.240795,0.0,pet,,,,
HUANUCO,retail,n6011208611,TableOriente Placacentro Masisa,-9.93412,-76.239455,0.0,trade,,,,
HUANUCO,retail,n6046744009,Maderera,-9.932405,-76.243595,0.0,trade,,,,
HUANUCO,retail,n6260879360,Maderera Povis,-9.935321,-76.244373,0.0,trade,,,,+51 962301615
HUANUCO,retail,n6262652238,Maderera Pillcotorres,-9.9341,-76.246346,0.0,trade,,,,
HUANUCO,retail,n6274887405,Maderera Huánuco,-9.91857,-76.234386,0.0,trade,,,,
HUANUCO,retail,n6276811662,Maderera Burgos,-9.940405,-76.249246,0.0,trade,,,,
HUANUCO,retail,n6431388670,Maderera,-9.923924,-76.23743,0.0,trade,,,,
HUANUCO,retail,n6431444307,Maderera Don Carlitos,-9.918183,-76.234467,0.0,trade,,,,
HUANUCO,retail,n7009897623,Ferretería V&R,-9.94481,-76.244042,0.0,hardware,,,,
HUANUCO,retail,n7009897624,Ferretería El Hermano,-9.944843,-76.24359,0.0,hardware,,,,
HUANUCO,retail,n7114953710,Pernos Mosquera,-9.932614,-76.237501,0.0,hardware,,,,
HUANUCO,retail,n7114953711,Pernos,-9.93539,-76.244401,0.0,hardware,,,,
HUANUCO,retail,n8751522400,Don Perro,-9.934151,-76.243432,0.0,veterinary,,,,
HUANUCO,retail,n8751522401,Animal Planet,-9.933392,-76.244447,0.0,veterinary,,,,
HUANUCO,retail,n8751522402,Portella,-9.932473,-76.243673,0.0,veterinary,,,,
HUANUCO,retail,n8751522403,Veterinaria Huánuco,-9.927143,-76.241373,0.0,veterinary,,,,
HUANUCO,retail,n8751522404,Como Perro y Gato,-9.928463,-76.242275,0.0,veterinary,,,,
HUANUCO,retail,n8751547724,Veterinaria Tasayco,-9.938651,-76.244422,0.0,veterinary,,,,
HUANUCO,retail,n9434873878,Veterinaria Huellitas,-9.935586,-76.236737,0.0,veterinary,,,,
HUANUCO,retail,n9655281056,Señor de Burgos,-9.93081,-76.240503,0.0,hardware,,,,
HUANUCO,retail,n9655281077,Kanino,-9.939454,-76.242918,0.0,veterinary,,,,
HUANUCO,retail,n9655281078,Como Perro y Gato,-9.940388,-76.24446,0.0,veterinary,,,,
HUANUCO,retail,n9758367927,Wish Huánuco,-9.91998,-76.236733,0.0,pet,,,,
HUANUCO,retail,n9784048650,Maderera Clesi del Perú,-9.935338,-76.247684,0.0,trade,,,,
HUANUCO,retail,n9784048653,Lucas,-9.937039,-76.245549,0.0,veterinary,,,,
HUANUCO,retail,n9784048654,Materiales San Sebastián,-9.936613,-76.245259,0.0,trade,,,,
HUANUCO,retail,n9784048661,Maderera Junín,-9.935872,-76.245112,0.0,trade,,,,
HUANUCO,retail,n9784048668,Inversiones Ferroviltrosa,-9.934219,-76.246432,0.0,trade,,,,
HUANUCO,retail,n9784048669,Pecuaria El Granero,-9.933834,-76.246154,0.0,agrarian,,,,
HUANUCO,retail,n9784048670,Pecuaria Grano de Oro,-9.932974,-76.245375,0.0,agrarian,,,,
HUANUCO,retail,n9784048686,Inversiones Dafri,-9.931825,-76.245086,0.0,trade,,,,
HUANUCO,retail,n9784075540,Maderera Pucallpa,-9.929411,-76.236283,0.0,trade,,,,
HUANUCO,retail,n9784075567,Maryale,-9.919474,-76.238468,0.0,hardware,,,,
HUANUCO,retail,n9787346666,Maderera Torremasa,-9.934605,-76.243869,0.0,trade,,,,
HUANUCO,retail,n9787346704,Boby,-9.931822,-76.239043,0.0,veterinary,,,,
HUANUCO,retail,n10307562064,Grupo Morales,-9.930732,-76.24063,0.0,hardware,,,,
HUANUCO,retail,n10307562065,Inversiones G y S,-9.930774,-76.240755,0.0,hardware,,,,
HUANUCO,retail,n11415598349,Clínica Veterinaria K9,-9.919146,-76.230075,0.0,veterinary,,,,
HUANUCO,retail,n13609774515,Fernández,-10.138305,-76.196919,0.0,hardware,,,,
ICA,landuse,w1495936708,Fundo Valdivia,-14.5391,-75.180045,12.27,farmland,,,,
ICA,agroind,n1764120153,Hacienda Tacama,-14.00079,-75.71689,0.0,winery,,,,
ICA,agroind,n3629533883,Tacama,-14.001251,-75.716629,0.0,winery,,,,
ICA,agroind,n3629549443,Aceros Arequipa,-13.78334,-76.170803,0.0,works,,,,
ICA,agroind,n5896919882,ARIN,-14.040339,-75.703991,0.0,works,,,,
ICA,agroind,n7180667448,El Huarango,-14.049853,-75.73148,0.0,winery,,,,
ICA,agroind,n9770551003,Bodega San Nicolas,-13.813061,-76.120062,0.0,alcohol,,,https://www.pisco1615.pe/,
ICA,agroind,n9773645158,Bodega Huamaní,-13.827173,-76.141498,0.0,alcohol,,,,
ICA,agroind,w73673378,Petrol de Peru,-13.788429,-76.237361,0.0,industrial,,,,
ICA,agroind,w73834126,Aceros Arequipa,-13.789854,-76.167858,0.0,industrial,,,,
ICA,agroind,w236130100,Central Térmica Pisco,-13.716364,-75.968932,0.0,industrial,,,,
ICA,agroind,w240053991,Planta de Fraccionamiento de Líquidos de Gas,-13.773965,-76.227689,0.0,industrial,,Pluspetrol,,
ICA,agroind,w364397352,Tacama,-14.001765,-75.71683,0.0,winery,,,,
ICA,agroind,w422664709,Textil TopiTop,-13.393643,-76.147173,0.0,works,,,,
ICA,agroind,w432709148,Lindey,-14.078764,-75.721744,0.0,works,,,,
ICA,agroind,w441529416,Importadora Ica,-14.074672,-75.718727,0.0,works,,,,
ICA,agroind,w441532322,ICATOM,-14.082429,-75.721228,0.0,works,,,,
ICA,agroind,w454034725,Factory,-13.656982,-76.149398,0.0,industrial,,,,
ICA,agroind,w454034726,Factory,-13.657095,-76.149403,0.0,industrial,,,,
ICA,agroind,w480481753,Boats/Barcos,-13.728178,-76.214454,0.0,industrial,,,,
ICA,agroind,w512162926,Cemento Sol,-14.057201,-75.744081,0.0,industrial,,,,
ICA,agroind,w512356236,Tasa - PiscoNorte,-13.784326,-76.239535,0.0,industrial,,,,
ICA,agroind,w512364321,CFG Investment,-13.782811,-76.239204,0.0,industrial,,,,
ICA,agroind,w512681116,Santa Angela,-13.411792,-76.159033,0.0,winery,,,,
ICA,agroind,w512684177,Viñedos Uvas de Reyes,-13.409397,-76.166609,0.0,winery,,,,
ICA,agroind,w513954193,Wiñedos Rojas,-13.426843,-76.164092,0.0,winery,,,,
ICA,agroind,w513954788,Vinedos el Palto,-13.423092,-76.167673,0.0,winery,,,,
ICA,agroind,w514869151,Expo Del Sur,-14.023448,-75.761843,0.0,works,,,,
ICA,agroind,w514910855,Huamani S.A.C.,-13.832412,-76.141796,0.0,industrial,,,,
ICA,agroind,w515587089,Praxair,-13.783222,-76.16548,0.0,industrial,,,,
ICA,agroind,w545533103,Fundo Mayorazgo,-14.273549,-75.613786,0.0,industrial,,Agrícola La Venta,,
ICA,agroind,w632328771,Vista Alegre,-14.054833,-75.718338,0.0,winery,,,,
ICA,agroind,w762786900,Agrícola Chapi,-14.087754,-75.723278,0.0,works,,,,
ICA,agroind,w775439821,Logisur,-14.068247,-75.73243,0.0,industrial,,,,
ICA,agroind,w779497466,Parque Industrial,-14.051331,-75.749046,0.0,industrial,,,,
ICA,agroind,w779497467,Aceite Alsol,-14.051244,-75.74879,0.0,works,,,,
ICA,agroind,w1013232637,Puerto General San Martín,-13.802595,-76.292284,0.0,industrial,,,,
ICA,agroind,w1064328601,Agro Prolan,-13.435268,-76.085658,0.0,industrial,,,,
ICA,agroind,w1230382320,Central Térmica Independencia Pisco,-13.715341,-75.968445,0.0,industrial,,,,
ICA,agroind,w1466609511,Estación Humay,-13.741582,-75.888956,0.0,industrial,,,,
ICA,named,n3057802549,Hacienda Larán,-13.45239,-76.085111,0.0,village,,,,
ICA,named,n3627617567,Fundo Mausto,-14.267293,-75.698155,0.0,hamlet,,,,
ICA,named,n3627617568,Fundo San Francisco,-14.209108,-75.650409,0.0,hamlet,,,,
ICA,named,n3627617569,Fundo San Matias,-14.255887,-75.708993,0.0,hamlet,,,,
ICA,named,n3627617570,Fundo Santa Luisa,-14.235625,-75.686352,0.0,hamlet,,,,
ICA,named,n3627617571,Fundo Santa María,-14.244371,-75.692237,0.0,village,,,,
ICA,named,n3627617572,Fundo Santa Matilde,-14.266664,-75.664778,0.0,village,,,,
ICA,named,n3627617573,Fundo Santa Rosa,-14.293116,-75.665311,0.0,hamlet,,,,
ICA,named,n3627617577,Hacienda El Parral,-14.24302,-75.684049,0.0,hamlet,,,,
ICA,named,n3627617578,Hacienda San Matias,-14.226898,-75.69134,0.0,hamlet,,,,
ICA,named,n3627617579,Hacienda Santiago,-14.20425,-75.729048,0.0,hamlet,,,,
ICA,named,n3627629745,Fundo Rancheria,-14.476246,-75.655778,0.0,hamlet,,,,
ICA,named,n3627629746,Hacienda Casa Vieja,-14.474842,-75.650066,0.0,hamlet,,,,
ICA,named,n3627654388,Fundo Huayaba,-14.064817,-75.766121,0.0,quarter,,,,
ICA,named,n3627654389,Fundo Manrique,-14.084492,-75.740308,0.0,farm,,,,
ICA,named,n3627654390,Fundo Mara,-14.098546,-75.727276,0.0,farm,,,,
ICA,named,n3627654391,Fundo Palacio,-14.048011,-75.731468,0.0,farm,,,,
ICA,named,n3627672036,Fundo Alvarado,-13.905998,-75.916068,0.0,hamlet,,,,
ICA,named,n3627672037,Fundo Amelia Felicita,-13.919841,-75.943099,0.0,hamlet,,,,
ICA,named,n3627672038,Fundo Argelia,-13.897917,-75.947524,0.0,hamlet,,,,
ICA,named,n3627672039,Fundo Ascension,-13.921058,-75.929342,0.0,hamlet,,,,
ICA,named,n3627672040,Fundo Bellavista,-13.904235,-75.930081,0.0,hamlet,,,,
ICA,named,n3627672041,Fundo Bodega,-13.990178,-75.779044,0.0,hamlet,,,,
ICA,named,n3627672042,Fundo Bonanza,-13.911701,-75.941015,0.0,hamlet,,,,
ICA,named,n3627672043,Fundo Buena Vista,-13.887714,-76.025412,0.0,hamlet,,,,
ICA,named,n3627672044,Fundo Campo Verde,-13.90533,-75.958876,0.0,hamlet,,,,
ICA,named,n3627672045,Fundo Corazon de Jesus,-13.881766,-75.980152,0.0,hamlet,,,,
ICA,named,n3627672046,Fundo Costa Rica,-13.912296,-75.955077,0.0,hamlet,,,,
ICA,named,n3627672047,Fundo Cruz Verde,-13.893136,-76.011904,0.0,hamlet,,,,
ICA,named,n3627672048,Fundo Don Cesar,-13.903333,-76.056057,0.0,hamlet,,,,
ICA,named,n3627672049,Fundo El Carmen,-13.93564,-75.87783,0.0,hamlet,,,,
ICA,named,n3627672050,Fundo El Milagro,-13.877457,-75.998368,0.0,hamlet,,,,
ICA,named,n3627672051,Fundo El Potranco,-13.896561,-76.010709,0.0,hamlet,,,,
ICA,named,n3627672052,Fundo El Punto,-13.882143,-75.902586,0.0,hamlet,,,,
ICA,named,n3627672053,Fundo El Rosario,-13.915397,-75.893128,0.0,hamlet,,,,
ICA,named,n3627672054,Fundo El Trebol,-13.865419,-75.923828,0.0,hamlet,,,,
ICA,named,n3627672055,Fundo Fray Ramon Rojas,-13.906235,-76.049009,0.0,hamlet,,,,
ICA,named,n3627672056,Fundo Higuereta,-13.927496,-75.985817,0.0,hamlet,,,,
ICA,named,n3627672057,Fundo Huarango Redondo,-13.933571,-75.91209,0.0,hamlet,,,,
ICA,named,n3627672058,Fundo Huarango Solitario,-13.880526,-76.021992,0.0,hamlet,,,,
ICA,named,n3627672059,Fundo Huaroto,-13.882627,-76.0113,0.0,hamlet,,,,
ICA,named,n3627672060,Fundo Ives,-13.923859,-75.946179,0.0,hamlet,,,,
ICA,named,n3627672061,Fundo La Esperanza,-13.925683,-75.907752,0.0,hamlet,,,,
ICA,named,n3627672062,Fundo La Merced,-13.874908,-76.018751,0.0,hamlet,,,,
ICA,named,n3627672063,Fundo La Pampa,-13.91295,-75.928322,0.0,hamlet,,,,
ICA,named,n3627672064,Fundo La Parra,-13.903356,-76.048417,0.0,hamlet,,,,
ICA,named,n3627672065,Fundo La Poderosa,-13.915565,-75.938081,0.0,hamlet,,,,
ICA,named,n3627672066,Fundo La Rinconada,-13.848844,-75.964597,0.0,hamlet,,,,
ICA,named,n3627672068,Fundo Las Estrellas,-13.914061,-75.947945,0.0,hamlet,,,,
ICA,named,n3627672069,Fundo Las Higueras,-13.929101,-75.976087,0.0,hamlet,,,,
ICA,named,n3627672070,Fundo Libertad,-13.904013,-75.93536,0.0,hamlet,,,,
ICA,named,n3627672071,Fundo Los Compadres,-13.897654,-75.907579,0.0,hamlet,,,,
ICA,named,n3627672072,Fundo Los Mosqueteros,-13.863917,-75.958493,0.0,hamlet,,,,
ICA,named,n3627672073,Fundo Los Rosales,-13.927322,-75.965831,0.0,hamlet,,,,
ICA,named,n3627672074,Fundo Madre de Dios,-13.909727,-75.955587,0.0,hamlet,,,,
ICA,named,n3627672075,Fundo Margen Izquierda,-13.941353,-75.917543,0.0,hamlet,,,,
ICA,named,n3627672076,Fundo María Gabriela,-13.884722,-75.934464,0.0,hamlet,,,,
ICA,named,n3627672077,Fundo Miguel Falconí,-13.978068,-75.777559,0.0,hamlet,,,,
ICA,named,n3627672078,Fundo Miraflores,-13.90647,-75.964249,0.0,hamlet,,,,
ICA,named,n3627672079,Fundo Pena,-13.981178,-75.765975,0.0,hamlet,,,,
ICA,named,n3627672080,Fundo Rinconcito,-13.910087,-75.949879,0.0,hamlet,,,,
ICA,named,n3627672081,Fundo Rio Seco,-13.907592,-75.884039,0.0,hamlet,,,,
ICA,named,n3627672082,Fundo Salas,-13.918538,-75.908173,0.0,hamlet,,,,
ICA,named,n3627672083,Fundo San Agustin,-13.876368,-76.006471,0.0,hamlet,,,,
ICA,named,n3627672084,Fundo San Amado,-13.868344,-76.009926,0.0,hamlet,,,,
ICA,named,n3627672085,Fundo San Antonio,-13.893038,-75.970784,0.0,hamlet,,,,
ICA,named,n3627672086,Fundo San Antonio,-13.951432,-75.935246,0.0,hamlet,,,,
ICA,named,n3627672087,Fundo San Cipriano,-13.890163,-75.972114,0.0,hamlet,,,,
ICA,named,n3627672088,Fundo San Felipe Ayavi,-13.869255,-75.953014,0.0,hamlet,,,,
ICA,named,n3627672089,Fundo San Fernando,-13.876509,-75.975009,0.0,hamlet,,,,
ICA,named,n3627672090,Fundo San Francisco,-13.909227,-75.928355,0.0,hamlet,,,,
ICA,named,n3627672091,Fundo San Isidro,-13.883925,-75.969898,0.0,hamlet,,,,
ICA,named,n3627672092,Fundo San Isidro,-13.906477,-76.042898,0.0,hamlet,,,,
ICA,named,n3627672693,Fundo San Jose de Villacuri,-13.894827,-75.894398,0.0,hamlet,,,,
ICA,named,n3627672694,Fundo San Jose,-13.897551,-76.032833,0.0,hamlet,,,,
ICA,named,n3627672695,Fundo San Juan,-13.915968,-75.942837,0.0,hamlet,,,,
ICA,named,n3627672696,Fundo San Juan,-13.991313,-75.748348,0.0,hamlet,,,,
ICA,named,n3627672697,Fundo San Luis,-13.855329,-75.993508,0.0,hamlet,,,,
ICA,named,n3627672698,Fundo San Martin de Porras,-13.872898,-76.015163,0.0,hamlet,,,,
ICA,named,n3627672699,Fundo San Martin,-13.887528,-75.950091,0.0,hamlet,,,,
ICA,named,n3627672700,Fundo San Pedro,-13.905553,-75.953621,0.0,hamlet,,,,
ICA,named,n3627672701,Fundo San Roque,-13.91348,-75.946282,0.0,hamlet,,,,
ICA,named,n3627672702,Fundo Santa Ana,-13.917372,-75.83475,0.0,hamlet,,,,
ICA,named,n3627672703,Fundo Santa Ana,-13.921691,-75.923541,0.0,hamlet,,,,
ICA,named,n3627672704,Fundo Santa Cecilia,-13.865722,-76.016462,0.0,hamlet,,,,
ICA,named,n3627672705,Fundo Santa Constantina,-13.882673,-76.023112,0.0,hamlet,,,,
ICA,named,n3627672706,Fundo Santa Edelmira,-13.927801,-75.856356,0.0,hamlet,,,,
ICA,named,n3627672707,Fundo Santa Elena,-13.890637,-75.963239,0.0,hamlet,,,,
ICA,named,n3627672708,Fundo Santa Felicita,-13.871692,-75.977733,0.0,hamlet,,,,
ICA,named,n3627672709,Fundo Santa Luisa,-13.906943,-76.04572,0.0,hamlet,,,,
ICA,named,n3627672710,Fundo Santa Marta,-13.870264,-76.01745,0.0,hamlet,,,,
ICA,named,n3627672711,Fundo Santa Monica,-13.91695,-75.919957,0.0,hamlet,,,,
ICA,named,n3627672712,Fundo Santa Rita,-13.895767,-75.92744,0.0,hamlet,,,,
ICA,named,n3627672713,Fundo Santa Rosa,-13.886108,-75.960635,0.0,hamlet,,,,
ICA,named,n3627672714,Fundo Santa Rosa,-13.928732,-75.909651,0.0,hamlet,,,,
ICA,named,n3627672715,Fundo Santa Rufina,-13.93671,-75.898202,0.0,hamlet,,,,
ICA,named,n3627672716,Fundo Santa Teresa,-13.904596,-75.896576,0.0,hamlet,,,,
ICA,named,n3627672717,Fundo Soriano,-13.913846,-75.924924,0.0,hamlet,,,,
ICA,named,n3627672718,Fundo Tonos,-13.884404,-75.891218,0.0,hamlet,,,,
ICA,named,n3627672719,Fundo Villa Lucy,-13.936643,-75.88934,0.0,hamlet,,,,
ICA,named,n3627672720,Fundo Virgen del Rosario,-13.90064,-75.974316,0.0,hamlet,,,,
ICA,named,n3627672721,Fundo Yen Gen,-13.939571,-75.87005,0.0,hamlet,,,,
ICA,named,n3627672722,Fundo Yuracyacu,-13.92415,-75.894596,0.0,hamlet,,,,
ICA,named,n3627672723,Fundo Zamba Canuta,-13.888643,-76.029938,0.0,hamlet,,,,
ICA,named,n3627672724,Fundo Zapallar,-13.883812,-76.02559,0.0,hamlet,,,,
ICA,named,n3627672733,Hacienda Buda,-13.857867,-75.938209,0.0,hamlet,,,,
ICA,named,n3627672734,Hacienda La Engreida,-13.863348,-75.93238,0.0,hamlet,,,,
ICA,named,n3627672735,Hacienda Picasso Chico,-13.87456,-75.946422,0.0,hamlet,,,,
ICA,named,n3627672736,Hacienda Riachuelo,-13.883604,-75.921489,0.0,hamlet,,,,
ICA,named,n3627672737,Hacienda San Mauricio,-13.855433,-75.95286,0.0,hamlet,,,,
ICA,named,n3627672738,Hacienda Villa Luz,-13.860998,-75.91917,0.0,hamlet,,,,
ICA,named,n3629491317,Hacienda Santa Luisa,-14.166627,-75.586348,0.0,hamlet,,,,
ICA,named,n3629491339,Molle Chacra,-14.080581,-75.255126,0.0,hamlet,,,,
ICA,named,n3629505469,Fundo Casita,-13.97352,-75.697228,0.0,hamlet,,,,
ICA,named,n3629505470,Fundo Chanchamayo,-14.143034,-75.687655,0.0,farm,,,,
ICA,named,n3629505471,Fundo El Rosario,-14.144507,-75.665753,0.0,farm,,,,
ICA,named,n3629505472,Fundo Escalante,-13.817084,-75.528094,0.0,hamlet,,,,
ICA,named,n3629505473,Fundo La Catalina,-14.162201,-75.657842,0.0,farm,,,,
ICA,named,n3629505474,Fundo Llancay Grande,-13.938703,-75.673193,0.0,hamlet,,,,
ICA,named,n3629505475,Fundo Rancho Bonito,-14.163327,-75.679371,0.0,farm,,,,
ICA,named,n3629505476,Fundo,-13.897604,-75.624087,0.0,hamlet,,,,
ICA,named,n3629505478,Hacienda Llancay Grande,-13.950874,-75.676022,0.0,hamlet,,,,
ICA,named,n3629505479,Hacienda Trapiche,-13.928185,-75.658962,0.0,hamlet,,,,
ICA,named,n3629512619,Fundo Bernales,-14.119242,-75.683551,0.0,farm,,,,
ICA,named,n3629512625,Fundo Echegaray,-14.108645,-75.711022,0.0,farm,,,,
ICA,named,n3629512626,Fundo El Álamo,-14.119872,-75.674582,0.0,farm,,,,
ICA,named,n3629512627,Fundo Los Polos,-14.111758,-75.706705,0.0,farm,,,,
ICA,named,n3629512628,Fundo Pongo,-14.117579,-75.676002,0.0,farm,,,,
ICA,named,n3629512630,Hacienda San Ramón,-14.123474,-75.715212,0.0,farm,,,,
ICA,named,n3629518473,Fundo La Joya,-14.096039,-75.714506,0.0,farm,,,,
ICA,named,n3629518474,Fundo San Pablo,-14.085513,-75.701515,0.0,farm,,,,
ICA,named,n3629518485,Fundo Carrizales,-14.074808,-75.699196,0.0,farm,,,,
ICA,named,n3629522170,Fundo Gamboa,-14.059285,-75.710501,0.0,farm,,,,
ICA,named,n3629522171,Hacienda Barcenes,-14.072048,-75.70742,0.0,hamlet,,,,
ICA,named,n3629522172,Hacienda Juan Santo,-14.054011,-75.698656,0.0,quarter,,,,
ICA,named,n3629522173,Hacienda La Rivera,-14.070048,-75.690934,0.0,hamlet,,,,
ICA,named,n3629522175,Hacienda Los Angeles,-14.065655,-75.695277,0.0,hamlet,,,,
ICA,named,n3629522176,Hacienda Parcona,-14.059973,-75.707722,0.0,farm,,,,
ICA,named,n3629529739,Fundo Antoniete,-13.967103,-75.731761,0.0,hamlet,,,,
ICA,named,n3629529740,Fundo Bellavista,-14.006018,-75.736173,0.0,hamlet,,,,
ICA,named,n3629529741,Fundo Díaz,-13.99878,-75.743756,0.0,hamlet,,,,
ICA,named,n3629529742,Fundo Díaz,-14.004146,-75.740815,0.0,hamlet,,,,
ICA,named,n3629529743,Fundo El Carmen,-14.007793,-75.7385,0.0,hamlet,,,,
ICA,named,n3629529744,Fundo La Cornejo,-14.023381,-75.740228,0.0,hamlet,,,,
ICA,named,n3629529745,Fundo La Rinconada,-13.955734,-75.733137,0.0,hamlet,,,,
ICA,named,n3629529746,Fundo Normita,-14.016825,-75.74379,0.0,hamlet,,,,
ICA,named,n3629529747,Fundo Orellana,-13.987471,-75.739105,0.0,hamlet,,,,
ICA,named,n3629529748,Fundo Santa Cruz,-13.977701,-75.72968,0.0,hamlet,,,,
ICA,named,n3629529749,Fundo Uribe,-14.014631,-75.736141,0.0,hamlet,,,,
ICA,named,n3629529750,Fundo Velarde,-13.965015,-75.723653,0.0,hamlet,,,,
ICA,named,n3629529752,Hacienda Cerro Blanco,-13.94756,-75.720787,0.0,hamlet,,,,
ICA,named,n3629529753,Hacienda Churrutina,-13.958302,-75.724021,0.0,hamlet,,,,
ICA,named,n3629529754,Hacienda Grande,-13.997497,-75.73709,0.0,hamlet,,,,
ICA,named,n3629529755,Hacienda La Blanco,-13.986145,-75.737398,0.0,hamlet,,,,
ICA,named,n3629529756,Hacienda La Victoria,-13.993016,-75.738672,0.0,hamlet,,,,
ICA,named,n3629529757,Hacienda Santa Ana,-13.971542,-75.738189,0.0,hamlet,,,,
ICA,named,n3629533856,Fundo Bernales,-13.99941,-75.724211,0.0,hamlet,,,,
ICA,named,n3629533857,Fundo La Bordón,-14.006299,-75.718581,0.0,hamlet,,,,
ICA,named,n3629533858,Fundo La Chacarilla,-14.009459,-75.722003,0.0,hamlet,,,,
ICA,named,n3629533859,Fundo Las Mercedes,-14.00436,-75.711258,0.0,hamlet,,,,
ICA,named,n3629533860,Fundo María,-14.036912,-75.72444,0.0,hamlet,,,,
ICA,named,n3629533861,Fundo San Antonio,-14.035815,-75.726438,0.0,hamlet,,,,
ICA,named,n3629533862,Fundo Torrecilla,-13.981559,-75.707255,0.0,hamlet,,,,
ICA,named,n3629533863,Fundo Uribe,-13.988732,-75.698022,0.0,hamlet,,,,
ICA,named,n3629533864,Fundo Venancio,-14.033587,-75.726195,0.0,hamlet,,,,
ICA,named,n3629533865,Hacienda Bambaren,-14.045791,-75.722504,0.0,hamlet,,,,
ICA,named,n3629533866,Hacienda Esperanza,-13.986335,-75.703079,0.0,hamlet,,,,
ICA,named,n3629533867,Hacienda La Vela,-14.015664,-75.72261,0.0,hamlet,,,,
ICA,named,n3629533868,Hacienda López,-14.03942,-75.721211,0.0,hamlet,,,,
ICA,named,n3629533869,Hacienda San José,-13.994652,-75.68796,0.0,hamlet,,,,
ICA,named,n3629533870,Hacienda San Miguel,-14.029281,-75.713354,0.0,hamlet,,,,
ICA,named,n3629549452,Fundo Barrios,-13.850395,-76.163251,0.0,hamlet,,,,
ICA,named,n3629549453,Fundo El Alamein,-13.86767,-76.132088,0.0,hamlet,,,,
ICA,named,n3629549454,Fundo Las Mercedes,-13.847468,-76.135806,0.0,hamlet,,,,
ICA,named,n3629549455,Fundo Mendoza,-13.823647,-76.157611,0.0,hamlet,,,,
ICA,named,n3629549456,Fundo San Bernabe,-13.855999,-76.154274,0.0,hamlet,,,,
ICA,named,n3629549457,Fundo Santa Angelica,-13.842558,-76.140496,0.0,isolated_dwelling,,,,
ICA,named,n3629549458,Fundo Santa Cruz,-13.860235,-76.174495,0.0,hamlet,,,,
ICA,named,n3629549459,Fundo Santa Victoria,-13.763647,-76.231131,0.0,hamlet,,,,
ICA,named,n3629549460,Fundo Santo Domingo,-13.852013,-76.229404,0.0,hamlet,,,,
ICA,named,n3629549461,Fundo Zanucci,-13.894201,-76.09136,0.0,hamlet,,,,
ICA,named,n3629549462,Fundo Zarumilla,-13.901373,-76.073096,0.0,hamlet,,,,
ICA,named,n3629554799,Fundo Cabo Blanco,-13.861267,-76.126023,0.0,isolated_dwelling,,,,
ICA,named,n3629554800,Fundo Carrizali,-13.819513,-76.140907,0.0,hamlet,,,,
ICA,named,n3629554801,Fundo El Aguila,-13.744522,-76.19432,0.0,farm,,,,
ICA,named,n3629554802,Fundo El Carmen,-13.726615,-76.180126,0.0,farm,,,,
ICA,named,n3629554803,Fundo El Payande,-13.747226,-76.158384,0.0,farm,,,,
ICA,named,n3629554804,Fundo El Salitre,-13.724445,-76.192825,0.0,farm,,,,
ICA,named,n3629554805,Fundo El Sapo,-13.840404,-76.129152,0.0,hamlet,,,,
ICA,named,n3629554806,Fundo La Huaca,-13.729691,-76.193992,0.0,farm,,,,
ICA,named,n3629554807,Fundo La Laguna,-13.716729,-76.171355,0.0,farm,,,,
ICA,named,n3629554808,Fundo La Prometida,-13.747066,-76.192975,0.0,farm,,,,
ICA,named,n3629554809,Fundo La Ventura,-13.820697,-76.113778,0.0,hamlet,,,,
ICA,named,n3629554810,Fundo Las Casuarinas,-13.753542,-76.160747,0.0,farm,,,,
ICA,named,n3629554811,Fundo Mantari,-13.748178,-76.174948,0.0,farm,,,,
ICA,named,n3629554812,Fundo Mayuri,-13.737399,-76.171753,0.0,farm,,,,
ICA,named,n3629554813,Fundo Miramar,-13.71528,-76.192491,0.0,farm,,,,
ICA,named,n3629554814,Fundo Mogote Grande,-13.730654,-76.200291,0.0,farm,,,,
ICA,named,n3629554815,Fundo Montero,-13.751243,-76.183647,0.0,farm,,,,
ICA,named,n3629554816,Fundo Osorio,-13.738979,-76.197772,0.0,farm,,,,
ICA,named,n3629554817,Fundo Salitral,-13.725076,-76.208425,0.0,farm,,,,
ICA,named,n3629554818,Fundo San Francisco,-13.740889,-76.170351,0.0,farm,,,,
ICA,named,n3629554819,Fundo San Isidro,-13.733275,-76.207742,0.0,farm,,,,
ICA,named,n3629554820,Fundo San Jorge,-13.772076,-76.165277,0.0,farm,,,,
ICA,named,n3629554821,Fundo San Martin de Porras,-13.838803,-76.136262,0.0,locality,,,,
ICA,named,n3629554822,Fundo San Martín,-13.724266,-76.156873,0.0,farm,,,,
ICA,named,n3629554823,Fundo San Miguel,-13.735147,-76.193226,0.0,farm,,,,
ICA,named,n3629554824,Fundo San Pablo,-13.735647,-76.15695,0.0,farm,,,,
ICA,named,n3629554825,Fundo San Pedro,-13.740517,-76.181861,0.0,farm,,,,
ICA,named,n3629554826,Fundo Santa Cecilia,-13.744037,-76.156674,0.0,farm,,,,
ICA,named,n3629554827,Fundo Santa Luisa,-13.742968,-76.19508,0.0,farm,,,,
ICA,named,n3629554828,Fundo Santa Margarita,-13.773922,-76.17013,0.0,farm,,,,
ICA,named,n3629554829,Fundo Santa María,-13.757249,-76.185246,0.0,farm,,,,
ICA,named,n3629554830,Fundo Santa Rita,-13.834581,-76.119681,0.0,hamlet,,,,
ICA,named,n3629554831,Fundo Santa Sofia,-13.761274,-76.182252,0.0,farm,,,,
ICA,named,n3629554832,Fundo Wiracocha,-13.734227,-76.167048,0.0,farm,,,,
ICA,named,n3629554833,Fundo Yuca,-13.727982,-76.174903,0.0,farm,,,,
ICA,named,n3629554836,Hacienda Lanchas,-13.818136,-76.126169,0.0,hamlet,,,,
ICA,named,n3629554837,Hacienda Santa Cruz,-13.826849,-76.122603,0.0,hamlet,,,,
ICA,named,n3629555720,Fundo Ascención Nicol,-13.719456,-76.151911,0.0,farm,,,,
ICA,named,n3629555721,Fundo Chongos Este,-13.702437,-76.104038,0.0,farm,,,,
ICA,named,n3629555722,Fundo Chongos Oeste,-13.705807,-76.11543,0.0,farm,,,,
ICA,named,n3629555723,Fundo Comarca,-13.730622,-76.151184,0.0,farm,,,,
ICA,named,n3629555724,Fundo Monte Fuerte,-13.700539,-76.087936,0.0,farm,,,,
ICA,named,n3629555727,Fundo San Emilio,-13.726162,-76.151997,0.0,farm,,,,
ICA,named,n3629555728,Fundo San Fernandito,-13.696663,-76.147865,0.0,farm,,,,
ICA,named,n3629555729,Fundo San Juan de Dios,-13.728581,-76.155936,0.0,farm,,,,
ICA,named,n3629560409,Fundo Casablanca de Venturosa,-13.691166,-76.19364,0.0,farm,,,,
ICA,named,n3629560410,Fundo Donacion,-13.700199,-76.212178,0.0,farm,,,,
ICA,named,n3629560411,Fundo La Tayo,-13.697947,-76.200906,0.0,farm,,,,
ICA,named,n3629560412,Fundo Sequion,-13.708758,-76.156129,0.0,farm,,,,
ICA,named,n3629560414,Fundo Vista Alegre,-13.715448,-76.212632,0.0,neighbourhood,,,,
ICA,named,n3629560415,Fundo Zabalita,-13.687595,-76.20282,0.0,farm,,,,
ICA,named,n3629560416,Hacienda Gallinazo,-13.704929,-76.20609,0.0,neighbourhood,,,,
ICA,named,n3629560417,Hacienda Los Molinos,-13.703966,-76.183422,0.0,farm,,,,
ICA,named,n3629560418,Hacienda Venturosa,-13.690491,-76.183744,0.0,farm,,,,
ICA,named,n3629562545,Fundo Camacho Centro,-13.616671,-76.173198,0.0,hamlet,,,,
ICA,named,n3629562546,Fundo Camacho Norte,-13.598758,-76.167458,0.0,hamlet,,,,
ICA,named,n3629562547,Fundo Dadelso,-13.65404,-76.103412,0.0,hamlet,,,,
ICA,named,n3629562548,Fundo Fray Ramón,-13.601527,-76.151147,0.0,hamlet,,,,
ICA,named,n3629562549,Fundo La Hoyada,-13.651915,-76.152339,0.0,village,,,,
ICA,named,n3629562550,Fundo San Miguel,-13.687112,-76.105395,0.0,hamlet,,,,
ICA,named,n3629562556,Hacienda Bandin Chico,-13.683102,-76.109793,0.0,hamlet,,,,
ICA,named,n3629574144,Fundo Cabezudo,-13.681829,-75.991692,0.0,hamlet,,,,
ICA,named,n3629574145,Fundo Carmelo,-13.695617,-75.980944,0.0,hamlet,,,,
ICA,named,n3629574146,Fundo El Carmen,-13.666648,-76.031045,0.0,hamlet,,,,
ICA,named,n3629574147,Fundo El Charro,-13.657949,-76.07383,0.0,hamlet,,,,
ICA,named,n3629574148,Fundo El Matildo,-13.701678,-75.970694,0.0,hamlet,,,,
ICA,named,n3629574149,Fundo Gentil,-13.7312,-75.942495,0.0,hamlet,,,,
ICA,named,n3629574150,Fundo La Colmena,-13.65935,-76.037844,0.0,hamlet,,,,
ICA,named,n3629574151,Fundo La Cruz,-13.727615,-75.929629,0.0,hamlet,,,,
ICA,named,n3629574152,Fundo La Esperanza,-13.679585,-76.01445,0.0,hamlet,,,,
ICA,named,n3629574153,Fundo La Merced,-13.661053,-76.081644,0.0,hamlet,,,,
ICA,named,n3629574154,Fundo Luis XV,-13.663899,-76.033213,0.0,hamlet,,,,
ICA,named,n3629574155,Fundo Miraflores,-13.68191,-76.006938,0.0,hamlet,,,,
ICA,named,n3629574156,Fundo Mirasol,-13.685011,-76.032132,0.0,hamlet,,,,
ICA,named,n3629574157,Fundo Natividad,-13.598155,-76.026535,0.0,hamlet,,,,
ICA,named,n3629574158,Fundo Palo Seco,-13.676706,-76.054429,0.0,hamlet,,,,
ICA,named,n3629574159,Fundo San Antonio,-13.642637,-76.059479,0.0,hamlet,,,,
ICA,named,n3629574160,Fundo San Antonio,-13.698705,-76.016769,0.0,hamlet,,,,
ICA,named,n3629574161,Fundo San Esteban,-13.701616,-76.01372,0.0,hamlet,,,,
ICA,named,n3629574162,Fundo San Isidro,-13.659223,-76.014375,0.0,hamlet,,,,
ICA,named,n3629574163,Fundo San Luis,-13.66745,-76.025176,0.0,hamlet,,,,
ICA,named,n3629574164,Fundo San Nicolas,-13.676941,-76.017969,0.0,hamlet,,,,
ICA,named,n3629574165,Fundo San Pedro,-13.700492,-75.983324,0.0,hamlet,,,,
ICA,named,n3629574166,Fundo San Simon,-13.670416,-76.02383,0.0,hamlet,,,,
ICA,named,n3629574167,Fundo Santa Cruz,-13.606029,-76.023642,0.0,hamlet,,,,
ICA,named,n3629574168,Fundo Santa Eva,-13.698256,-75.977803,0.0,hamlet,,,,
ICA,named,n3629574169,Fundo Santa Fe,-13.671456,-76.000764,0.0,hamlet,,,,
ICA,named,n3629574170,Fundo Santa Julia,-13.67129,-76.031816,0.0,hamlet,,,,
ICA,named,n3629574171,Fundo Santa María,-13.695601,-76.012959,0.0,village,,,,
ICA,named,n3629574172,Fundo Senor de Los Milagros,-13.608621,-76.02162,0.0,hamlet,,,,
ICA,named,n3629574173,Fundo Toscania,-13.672753,-76.05713,0.0,village,,,,
ICA,named,n3629574174,Fundo Villa Herrera,-13.672367,-76.023916,0.0,hamlet,,,,
ICA,named,n3629574177,Hacienda El Palto,-13.687495,-76.060814,0.0,hamlet,,,,
ICA,named,n3629574178,Hacienda Moll,-13.636988,-76.006284,0.0,hamlet,,,,
ICA,named,n3629574179,Hacienda Nueva,-13.669031,-76.040032,0.0,hamlet,,,,
ICA,named,n3629574180,Hacienda San Ramon,-13.678813,-76.026015,0.0,hamlet,,,,
ICA,named,n3629574181,Hacienda Urrutia,-13.681744,-76.075634,0.0,hamlet,,,,
ICA,named,n3629584696,Fundo Abril,-13.733594,-75.87795,0.0,hamlet,,,,
ICA,named,n3629584697,Fundo Calaveral,-13.718459,-76.047395,0.0,hamlet,,,,
ICA,named,n3629584698,Fundo Capillania,-13.724465,-75.896627,0.0,hamlet,,,,
ICA,named,n3629584699,Fundo Casablanca,-13.683007,-75.792141,0.0,hamlet,,,,
ICA,named,n3629584700,Fundo Chanchamayo,-13.689544,-75.795813,0.0,hamlet,,,,
ICA,named,n3629584701,Fundo Huarangal,-13.723513,-76.030197,0.0,hamlet,,,,
ICA,named,n3629584702,Fundo La Compuerta,-13.735709,-75.897433,0.0,hamlet,,,,
ICA,named,n3629584703,Fundo Los Alamos,-13.732029,-76.008334,0.0,village,,,,
ICA,named,n3629584704,Fundo Los Angeles,-13.726719,-76.027501,0.0,hamlet,,,,
ICA,named,n3629584705,Fundo Miraflores,-13.713861,-75.83701,0.0,village,,,,
ICA,named,n3629584706,Fundo Pallasca,-13.715364,-75.851222,0.0,village,,,,
ICA,named,n3629584707,Fundo Pariahuana Alto,-13.680132,-75.78119,0.0,hamlet,,,,
ICA,named,n3629584708,Fundo Pucuri,-13.722475,-75.880364,0.0,hamlet,,,,
ICA,named,n3629584709,Hacienda Cuchillo Nuevo,-13.715784,-76.058724,0.0,hamlet,,,,
ICA,named,n3629584710,Hacienda Floresta Alta,-13.744883,-75.928724,0.0,hamlet,,,,
ICA,named,n3629584711,Hacienda Gamonal,-13.724379,-75.892724,0.0,hamlet,,,,
ICA,named,n3629584712,Hacienda Murga,-13.730485,-75.985823,0.0,hamlet,,,,
ICA,named,n3629584713,Hacienda Palmar,-13.735262,-75.968675,0.0,hamlet,,,,
ICA,named,n3629584714,Hacienda San Ignasio,-13.726653,-75.911444,0.0,hamlet,,,,
ICA,named,n3629591269,Fundo Higos Monte,-13.60552,-75.632638,0.0,hamlet,,,,
ICA,named,n3629591271,Hacienda La Quenga Chica,-13.65118,-75.730681,0.0,hamlet,,,,
ICA,named,n3629591272,Hacienda La Quinga Grande,-13.641579,-75.715148,0.0,hamlet,,,,
ICA,named,n3629591273,Hacienda Lauta,-13.595639,-75.582108,0.0,hamlet,,,,
ICA,named,n3629591274,Hacienda Patipampa,-13.570208,-75.519818,0.0,hamlet,,,,
ICA,named,n3629591275,Hacienda Reposo,-13.598415,-75.596388,0.0,hamlet,,,,
ICA,named,n3629637559,Fundo Anhelo Horno Guerrero,-13.557024,-76.184328,0.0,hamlet,,,,
ICA,named,n3629637560,Fundo Buena Ventura,-13.535024,-76.070153,0.0,hamlet,,,,
ICA,named,n3629637561,Fundo Chamorro Alto,-13.508443,-76.10754,0.0,hamlet,,,,
ICA,named,n3629637562,Fundo Chamorro Bajo,-13.516948,-76.117925,0.0,hamlet,,,,
ICA,named,n3629637563,Fundo El Gallo,-13.516823,-76.088058,0.0,hamlet,,,,
ICA,named,n3629637564,Fundo El Horno,-13.554378,-76.150563,0.0,hamlet,,,,
ICA,named,n3629637565,Fundo El Huerto,-13.513953,-76.087601,0.0,hamlet,,,,
ICA,named,n3629637566,Fundo El Rancho,-13.511977,-76.077682,0.0,hamlet,,,,
ICA,named,n3629637567,Fundo La Moyada,-13.535955,-76.116979,0.0,hamlet,,,,
ICA,named,n3629637568,Fundo Litardo Alto,-13.496073,-76.128518,0.0,hamlet,,,,
ICA,named,n3629637569,Fundo Los Gerardos,-13.565332,-76.151894,0.0,hamlet,,,,
ICA,named,n3629637570,Fundo Palo Seco,-13.555281,-76.094365,0.0,hamlet,,,,
ICA,named,n3629637571,Fundo Pesquera,-13.497517,-76.132037,0.0,hamlet,,,,
ICA,named,n3629637572,Fundo Pozuelo Norte,-13.56929,-76.172979,0.0,village,,,,
ICA,named,n3629637573,Fundo Pozuelo Sur,-13.576218,-76.161306,0.0,hamlet,,,,
ICA,named,n3629637574,Fundo San Alfonso,-13.5194,-76.068625,0.0,hamlet,,,,
ICA,named,n3629637575,Fundo San Aurelio,-13.511282,-76.10115,0.0,hamlet,,,,
ICA,named,n3629637576,Fundo San Fortunato,-13.551376,-76.114368,0.0,hamlet,,,,
ICA,named,n3629637577,Fundo San Francisco,-13.545891,-76.082033,0.0,hamlet,,,,
ICA,named,n3629637578,Fundo San Ignacio,-13.52544,-76.092392,0.0,hamlet,,,,
ICA,named,n3629637579,Fundo San Juan,-13.562286,-76.184792,0.0,village,,,,
ICA,named,n3629637580,Fundo San Julio,-13.533117,-76.102715,0.0,hamlet,,,,
ICA,named,n3629637581,Fundo San Luis,-13.554875,-76.185379,0.0,hamlet,,,,
ICA,named,n3629637582,Fundo San Nicolas,-13.568251,-76.132648,0.0,hamlet,,,,
ICA,named,n3629637583,Fundo Santa Lucia,-13.557302,-76.169951,0.0,hamlet,,,,
ICA,named,n3629637584,Fundo Santa María,-13.497801,-76.129631,0.0,hamlet,,,,
ICA,named,n3629637585,Fundo Santa Yolanda,-13.505298,-76.115395,0.0,hamlet,,,,
ICA,named,n3629637586,Fundo,-13.523104,-76.090456,0.0,hamlet,,,,
ICA,named,n3629660069,Fundo Cuartilla,-13.43793,-76.099965,0.0,hamlet,,,,
ICA,named,n3629660070,Fundo San Antonio,-13.440644,-76.101545,0.0,hamlet,,,,
ICA,named,n3629660071,Fundo Santa Ana,-13.4511,-76.072551,0.0,hamlet,,,,
ICA,named,n3629660072,Fundo Yauritambo,-13.355557,-75.937115,0.0,hamlet,,,,
ICA,named,n3629660073,Hacienda Atahuaranga,-13.377435,-75.872772,0.0,hamlet,,,,
ICA,named,n3629660074,Hacienda Ayoque,-13.391239,-75.938392,0.0,hamlet,,,,
ICA,named,n3629660075,Hacienda Casa Grande,-13.453817,-76.030133,0.0,hamlet,,,,
ICA,named,n3629660076,Hacienda Hornillo,-13.372735,-75.946881,0.0,hamlet,,,,
ICA,named,n3629660077,Hacienda Luchumarca,-13.369644,-75.861264,0.0,hamlet,,,,
ICA,named,n3629660078,Hacienda Lunche,-13.363566,-75.822762,0.0,hamlet,,,,
ICA,named,n3629660079,Hacienda Portachuelo,-13.462212,-76.05734,0.0,hamlet,,,,
ICA,named,n3629667925,Fundo Cespedes,-13.500955,-76.142184,0.0,hamlet,,,,
ICA,named,n3629667926,Fundo La Isla del Diablo,-13.510046,-76.186572,0.0,hamlet,,,,
ICA,named,n3629667927,Fundo Magdalena,-13.499065,-76.141775,0.0,hamlet,,,,
ICA,named,n3629667928,Fundo Mensilla,-13.534637,-76.141805,0.0,village,,,,
ICA,named,n3629667929,Fundo Retiro,-13.454087,-76.154969,0.0,hamlet,,,,
ICA,named,n3629667930,Fundo San Antonio,-13.442443,-76.146535,0.0,hamlet,,,,
ICA,named,n3629667931,Fundo San Fernando,-13.459598,-76.142056,0.0,hamlet,,,,
ICA,named,n3629667932,Fundo San Valentin,-13.547976,-76.168557,0.0,hamlet,,,,
ICA,named,n3629667934,Hacienda Bellavista,-13.475674,-76.154064,0.0,hamlet,,,,
ICA,named,n3629667935,Hacienda Casa Blanca,-13.506071,-76.158637,0.0,hamlet,,,,
ICA,named,n3629667936,Hacienda Hornillo Alto,-13.465343,-76.099986,0.0,hamlet,,,,
ICA,named,n3629667937,Hacienda San Fernando,-13.479132,-76.102314,0.0,hamlet,,,,
ICA,named,n3629667938,Hacienda Santa Rosa,-13.499955,-76.149369,0.0,village,,,,
ICA,named,n3629670476,Chacra Bajo,-13.450579,-76.176315,0.0,hamlet,,,,
ICA,named,n3629670481,Fundo Fajardo,-13.478049,-76.187561,0.0,farm,,,,
ICA,named,n3629670482,Fundo Lurita,-13.453878,-76.177612,0.0,farm,,,,
ICA,named,n3629670483,Fundo San Vicente,-13.450327,-76.178437,0.0,hamlet,,,,
ICA,named,n3629670484,Fundo Violeta,-13.481939,-76.187264,0.0,village,,,,
ICA,named,n3629670487,Hacienda Chanveri,-13.489264,-76.18849,0.0,hamlet,,,,
ICA,named,n3629702256,Hacienda Huanca,-13.1971,-75.891763,0.0,hamlet,,,,
ICA,named,n3629712431,Fundo Casfama,-13.4339,-76.109532,0.0,hamlet,,,,
ICA,named,n3629725065,Fundo Chumbiauca,-13.416167,-76.156126,0.0,hamlet,,,,
ICA,named,n3629753377,Fundo Lateral Catorce,-13.332661,-76.174263,0.0,hamlet,,,,
ICA,named,n3629753378,Fundo Lateral Doce,-13.351455,-76.159719,0.0,hamlet,,,,
ICA,named,n3629753379,Fundo Lateral Once,-13.347379,-76.146531,0.0,hamlet,,,,
ICA,named,n3629753380,Fundo Santa Filomena,-13.355389,-76.166634,0.0,hamlet,,,,
ICA,named,n3629753381,Fundo Villa Alegre,-13.393097,-76.189454,0.0,hamlet,,,,
ICA,named,n3629753384,Hacienda Bodega,-13.185638,-76.140519,0.0,hamlet,,,,
ICA,named,n3629753385,Hacienda Conoche,-13.213576,-76.155779,0.0,hamlet,,,,
ICA,named,n3629753386,Hacienda Olivo,-13.229159,-76.160038,0.0,hamlet,,,,
ICA,named,n3629753387,Hacienda Pauna,-13.269232,-76.18291,0.0,hamlet,,,,
ICA,named,n3629753388,Hacienda San Carlos,-13.20353,-76.155615,0.0,hamlet,,,,
ICA,named,n3629753389,Hacienda Vieja,-13.222389,-76.146567,0.0,hamlet,,,,
ICA,named,n3629765524,Pampa Chacra,-13.135627,-75.967529,0.0,hamlet,,,,
ICA,named,n5595294174,Hacienda San Juan,-13.399412,-75.939458,0.0,hamlet,,,,
ICA,named,n6063886533,Fundo Sacramento,-13.887802,-75.967847,0.0,hamlet,,,,
ICA,named,n7058661019,Condominio Hacienda Macacona,-14.036671,-75.779189,0.0,neighbourhood,,,,
ICA,named,n10884241797,Condominio Fundo Hass,-13.478291,-76.141606,0.0,neighbourhood,,,,
ICA,named,n11547415108,Fundo El Oasis,-13.763599,-76.161171,0.0,farm,,,,
ICA,named,n11547415109,Fundo Santo Domingo,-13.759476,-76.168017,0.0,farm,,,,
ICA,named,n11547415110,Fundo Mercedes Victoria,-13.76565,-76.17205,0.0,farm,,,,
ICA,named,n11547415113,Fundo Nueva Esperanza Pisco,-13.754941,-76.161518,0.0,farm,,,,
ICA,named,n11547848793,Fundo San Carlos Grande,-13.710938,-76.131133,0.0,farm,,,,
ICA,named,n11547848794,Fundo Arteaga,-13.704892,-76.125471,0.0,farm,,,,
ICA,named,n13847427451,Fundo Echegaray,-14.104052,-75.703173,0.0,farm,,,,
ICA,named,n13847437541,Fundo Andrea,-14.076023,-75.702964,0.0,farm,,,,
ICA,named,n13847437580,Fundo Cruz,-14.161319,-75.690068,0.0,farm,,,,
ICA,named,w762927114,Hacienda San José,-14.075425,-75.736478,0.0,farmyard,,,,
ICA,named,w771949693,Fundo Huayaba,-14.066039,-75.76519,0.0,residential,,,,
ICA,named,w1062499143,Agricola Chapi,-14.192832,-75.646663,0.0,farmyard,,,,
ICA,named,w1062645509,Agricola Challapampa,-13.913552,-75.816642,0.0,farmyard,,,,
ICA,named,w1062710378,Fundo El Totoral,-14.980384,-74.834682,0.0,farmyard,,Corporacion Agrolatina,,
ICA,named,w1062710380,Fundo Don Pepe,-13.945044,-75.81092,0.0,farmyard,,Corporacion Agrolatina,,
ICA,named,w1062710382,Agroindustrias AiB Fundo Mayoral,-13.93055,-75.832969,0.0,farmyard,,,,
ICA,named,w1064169711,Fundo La Calera,-13.453797,-76.062563,0.0,farmyard,,,,
ICA,named,w1065344055,Fundo La Tunga,-13.878637,-75.930339,0.0,farmyard,,Agricola Huarmey,,
ICA,retail,n2922674582,Sodimac,-14.070564,-75.728283,0.0,doityourself,,,,
ICA,retail,n4336345803,C&S,-14.07361,-75.750864,0.0,hardware,,,,
ICA,retail,n4403618590,Ferretería LED,-14.079216,-75.726452,0.0,hardware,,,,
ICA,retail,n5009443681,Ferreteria Rosita II,-14.035076,-75.706912,0.0,hardware,,,,
ICA,retail,n5012564018,Ferretería Independencia,-14.061765,-75.72712,0.0,hardware,,,,
ICA,retail,n5012979123,Ferreteria Santi,-14.03875,-75.705495,0.0,hardware,,,,
ICA,retail,n5020890758,Perno Centro Ica,-14.067632,-75.724559,0.0,hardware,,,,
ICA,retail,n5022499129,Gran Fiesta Espiritual Del Pacio,-14.062462,-75.724811,0.0,hardware,,,,
ICA,retail,n5022507120,Muebles & Acabados Benaute,-13.414252,-76.148273,0.0,doityourself,,,,
ICA,retail,n5022532906,Veterinaria Spa Kenbor,-13.41609,-76.141167,0.0,veterinary,,,,
ICA,retail,n5022551346,Ferretería Rocío,-13.414081,-76.147996,0.0,hardware,,,,
ICA,retail,n5022551347,Aceros Arequipa,-13.414076,-76.147952,0.0,hardware,,,,
ICA,retail,n5022567099,Multiservis F&R,-14.059794,-75.728566,0.0,hardware,,,,
ICA,retail,n5022733480,G & B Chang,-13.417255,-76.136359,0.0,hardware,,,,
ICA,retail,n5022741800,Comercial Benacides,-13.417299,-76.1361,0.0,hardware,,,,
ICA,retail,n5022832966,Comercial el Carmen,-13.417492,-76.134639,0.0,veterinary,,,,
ICA,retail,n5022964979,Ferreteria Don Vito,-13.416402,-76.131785,0.0,hardware,,,,
ICA,retail,n5023035742,Veterinaria Pet Shop Huellitas,-13.420952,-76.131953,0.0,veterinary,,,,
ICA,retail,n5023118977,Inversiones & Comercios A & Neirl,-13.714595,-76.205706,0.0,trade,,,,
ICA,retail,n5023399359,Entre Patas,-13.715669,-76.204936,0.0,veterinary,,,,
ICA,retail,n5023440326,Ferretería Virgen del Carmen,-13.714805,-76.205499,0.0,trade,,,,
ICA,retail,n5023440335,Ferretería Toto,-13.714802,-76.205626,0.0,trade,,,,
ICA,retail,n5023440336,Inversiones y Comercios Ochoa,-13.714801,-76.205591,0.0,trade,,,,
ICA,retail,n5024536047,Aceros Arequipa,-13.41239,-76.12125,0.0,hardware,,,,
ICA,retail,n5024557550,Ferreteria Maquera,-13.407617,-76.125859,0.0,hardware,,,,
ICA,retail,n5024686197,Virgin de Chapi,-13.411903,-76.127534,0.0,hardware,,,,
ICA,retail,n5024751578,Santa Maria,-13.399897,-76.128664,0.0,hardware,,,,
ICA,retail,n5024751603,Ferreteria En Gral,-13.403012,-76.129503,0.0,hardware,,,,
ICA,retail,n5024751608,Progresol,-13.403133,-76.129548,0.0,hardware,,,,
ICA,retail,n5026689086,Prado,-13.422408,-76.134634,0.0,veterinary,,,,
ICA,retail,n5026972767,Ferreteria Rosita,-14.048829,-75.701347,0.0,hardware,,,,
ICA,retail,n5026981516,Ferreteria Virgen Del Carmen,-14.04621,-75.698222,0.0,hardware,,,,
ICA,retail,n5027019859,Ferreteria Leonel,-14.050683,-75.703393,0.0,hardware,,,,
ICA,retail,n5027039387,Clinica Veterinaria,-13.400792,-76.128556,0.0,veterinary,,,,
ICA,retail,n5027050694,La Oferta,-13.404286,-76.129504,0.0,hardware,,,,
ICA,retail,n5027192633,Agro Fértil,-13.419334,-76.136208,0.0,agrarian,,,,
ICA,retail,n5027192638,Veterinaria CityVet,-13.419553,-76.135927,0.0,veterinary,,,,
ICA,retail,n5027503267,Clínica Veterinaria,-13.71134,-76.204797,0.0,veterinary,,,,
ICA,retail,n5027798466,Ferretería y Rep. Álex,-13.710727,-76.197364,0.0,hardware,,,,
ICA,retail,n5027857196,Promart,-13.711186,-76.195788,0.0,doityourself,,,,
ICA,retail,n5028729659,Purina Gripa,-13.415544,-76.138581,0.0,pet,,,,
ICA,retail,n5028749492,Aceros Arequipa,-13.414419,-76.13943,0.0,hardware,,,,
ICA,retail,n5029021101,Agrovet Center Del Sur,-13.418624,-76.136031,0.0,veterinary,,,,
ICA,retail,n5029154763,Aceros Arequipa,-13.438406,-76.135102,0.0,hardware,,,,
ICA,retail,n5029291255,Ferreteria el Progreso,-13.434822,-76.13454,0.0,hardware,,,,
ICA,retail,n5029359484,Aceros Arequipa,-13.422054,-76.136478,0.0,hardware,,,,
ICA,retail,n5034784856,Magdalena,-14.07085,-75.72153,0.0,hardware,,,,
ICA,retail,n5034784860,INKA,-14.070839,-75.721464,0.0,hardware,,,,
ICA,retail,n5034784865,Fatima Nicoll,-14.070753,-75.72107,0.0,hardware,,,,
ICA,retail,n5034902455,Cementos Sol,-14.070614,-75.721575,0.0,hardware,,,,
ICA,retail,n5035023681,Clinica Veterinaria,-14.049879,-75.70292,0.0,veterinary,,,,
ICA,retail,n5035067731,Ferreteria Patin,-14.0484,-75.705017,0.0,hardware,,,,
ICA,retail,n5035128402,Veterinaria Brown,-14.038428,-75.71087,0.0,veterinary,,,,
ICA,retail,n5035128416,Ferreteria Diany Sur,-14.037609,-75.710737,0.0,hardware,,,,
ICA,retail,n5035218196,Ferreteria Patin,-14.049559,-75.703757,0.0,hardware,,,,
ICA,retail,n5035218207,Posta Vet Guau Guau,-14.04913,-75.704372,0.0,pet,,,,
ICA,retail,n5035241699,Veterineria,-14.04714,-75.706782,0.0,veterinary,,,,
ICA,retail,n5035431979,Ferrteria Carlitos,-14.047609,-75.700066,0.0,hardware,,,,
ICA,retail,n5037224521,Inox,-14.061947,-75.723746,0.0,hardware,,,,
ICA,retail,n5049071664,Global Vet,-13.458638,-76.161875,0.0,veterinary,,,,
ICA,retail,n5140486222,maestro,-14.073656,-75.73937,0.0,doityourself,,Falabella,,
ICA,retail,n5267157421,Mangueras e Hidráulica del Sur SAC,-13.716225,-76.218952,0.0,hardware,,,,+51 986815723
ICA,retail,n5473964323,Filita,-14.035146,-75.708768,0.0,hardware,,,,+51 56 408836
ICA,retail,n7158655385,Veterinaria Premier Can,-14.058114,-75.738352,0.0,veterinary,,,,
ICA,retail,n7194280361,San Isidro,-14.078652,-75.724779,0.0,veterinary,,,,
ICA,retail,n7194344393,Colors Fish,-14.085013,-75.723631,0.0,pet,,,,
ICA,retail,n7194781073,Santa Natalia,-14.081941,-75.724258,0.0,hardware,,,,
ICA,retail,n7194781074,La Moderna,-14.081596,-75.724035,0.0,hardware,,,,
ICA,retail,n7202740784,Bravos,-14.079526,-75.725047,0.0,veterinary,,,,
ICA,retail,n7202743405,Mi Mascota,-14.077708,-75.726293,0.0,veterinary,,,,
ICA,retail,n7202743406,Martinez,-14.07767,-75.726297,0.0,veterinary,,,,
ICA,retail,n7202743427,Nicolás de Rivera,-14.076403,-75.725094,0.0,veterinary,,,,
ICA,retail,n7294700985,Yupanqui,-14.114749,-75.670162,0.0,hardware,,,,
ICA,retail,n9847141920,Distribuidora Idalina S.R.L.,-14.055039,-75.744044,0.0,hardware,,,,
ICA,retail,n9877746171,Ferretería Dominguez,-14.055009,-75.744067,0.0,hardware,,,,
ICA,retail,n11040326345,Coliseo de Gallos Santa María,-14.531066,-75.190981,0.0,agrarian,,,,
ICA,retail,n11040331420,Ferreteria Rerromar,-14.531164,-75.190899,0.0,hardware,,,,
ICA,retail,w480436169,Grupo Fortaleza GyA,-13.716949,-76.205804,0.0,trade,,,,
ICA,retail,w480475597,Ferretería Díaz,-13.734356,-76.224293,0.0,hardware,,,,
ICA,retail,w512192939,Ferretería José de San Martín,-13.836837,-76.248182,0.0,hardware,,,,
ICA,retail,w512310448,El Nazareno,-14.031385,-75.704461,0.0,hardware,,,,
ICA,retail,w512358301,Cemento Inka,-14.043809,-75.750252,0.0,trade,,,,
ICA,retail,w512358312,Grupo AYG Fortaleza SRL,-14.061949,-75.740932,0.0,hardware,,,,
ICA,retail,w512690221,Megafer J&C,-14.035286,-75.706621,0.0,hardware,,,,
ICA,retail,w512969499,Maderera Luisa de la Torre,-13.71733,-76.208163,0.0,trade,,,,
ICA,retail,w513734996,Ferreteria Arana,-14.071073,-75.723905,0.0,hardware,,,,
ICA,retail,w514021191,Cemasur,-13.716156,-76.206035,0.0,trade,,,,
ICA,retail,w514081169,Afesur,-13.716335,-76.205732,0.0,trade,,,,
ICA,retail,w514081170,Ferretería Paco,-13.716437,-76.205737,0.0,trade,,,,
ICA,retail,w514086989,S&G Eirl,-13.714865,-76.204583,0.0,trade,,,,
ICA,retail,w514285340,Cemento Sol,-13.405044,-76.13007,0.0,hardware,,,,
ICA,retail,w514302289,Ferreteria Mi Casa,-14.036664,-75.708952,0.0,hardware,,,,
ICA,retail,w514311056,Aceros Arequipa,-14.061259,-75.720322,0.0,hardware,,,,
ICA,retail,w514539413,Ferremar,-14.059752,-75.722083,0.0,hardware,,,,
ICA,retail,w514549924,Industrias Acerinox,-14.059827,-75.716841,0.0,trade,,,,
ICA,retail,w514558929,Prohresol Yessica,-14.05256,-75.70482,0.0,trade,,,,
ICA,retail,w514592376,Ferreteria Eric,-14.040579,-75.710435,0.0,hardware,,,,
ICA,retail,w514854508,Vet House,-13.985313,-75.77297,0.0,yes,,,,
ICA,retail,w514866244,Facasa,-13.444535,-76.135845,0.0,hardware,,,,
ICA,retail,w514901731,Ica Verde,-14.034926,-75.754915,0.0,garden_centre,,,,
ICA,retail,w514901733,Distribuidora Kassandra,-14.035984,-75.754534,0.0,trade,,,,
ICA,retail,w514910857,Ferreteria Martha,-13.833634,-76.139933,0.0,hardware,,,,
ICA,retail,w515566089,Ferreteria Luis,-14.080658,-75.748341,0.0,hardware,,,,
ICA,retail,w515616145,Veterinaria Vet Salud,-14.083086,-75.726619,0.0,yes,,,,
ICA,retail,w515633556,Ferreteria Yovanna,-14.048816,-75.704968,0.0,hardware,,,,
ICA,retail,w515637178,Ferreteria Huaman,-14.032923,-75.709895,0.0,hardware,,,,
ICA,retail,w515653352,Distribuidora Gabriel,-13.712841,-76.205185,0.0,trade,,,,
ICA,retail,w515897529,Comercial Santa Rosa,-14.061555,-75.722755,0.0,hardware,,,,
ICA,retail,w515897727,El Amigo,-14.061931,-75.723814,0.0,hardware,,,,
ICA,retail,w515908445,Ferreteria Max,-14.061716,-75.722048,0.0,hardware,,,,
ICA,retail,w515908448,Comercial El Gallito,-14.061826,-75.722262,0.0,hardware,,,,
ICA,retail,w515908451,Ferreteria Carlos,-14.06189,-75.722613,0.0,hardware,,,,
ICA,retail,w515965026,Aceros Arequipa,-14.056342,-75.732733,0.0,hardware,,,,
ICA,retail,w628659886,Huesitos,-14.083708,-75.726494,0.0,yes,,,,
ICA,retail,w762890843,Maestro Home Center,-14.073665,-75.739426,0.0,doityourself,,,,
ICA,retail,w762927108,Promart,-14.076033,-75.737584,0.0,doityourself,,,,
ICA,retail,w806126466,Ferretería Rivera,-15.36422,-75.165207,0.0,hardware,,,,
ICA,retail,w806645660,Aceros Pacífico,-15.363961,-75.165352,0.0,hardware,,,,
ICA,retail,w941604991,Cassoli,-13.716732,-76.205675,0.0,trade,,,,
ICA,retail,w1490853739,Ferretería Méndez,-14.534852,-75.186015,0.0,hardware,,,,
ICA,retail,w1495987513,Ferretería Jesús,-14.534137,-75.187948,0.0,hardware,,,,
ICA,retail,r7455486,Progresol,-13.417586,-76.15795,0.0,hardware,,,,
JUNIN,agroind,n4026884391,Planta de Conentración Mahr Túnel,-11.633546,-76.058323,0.0,works,,,,
JUNIN,agroind,n9804297810,Chema,-12.015072,-75.272334,0.0,works,,M&P Andina SAC,,
JUNIN,agroind,w180359498,Compania Molinera Ataura S.A.C,-11.80636,-75.435624,0.0,industrial,,,,
JUNIN,agroind,w184767231,Doe Run Perú,-11.525997,-75.900623,0.0,industrial,,,,
JUNIN,agroind,w208070141,UNACEM,-11.376399,-75.78026,0.0,industrial,,,,
JUNIN,agroind,w234722986,Mina,-12.056047,-75.669516,0.0,industrial,,,,
JUNIN,agroind,w400056544,Zona industrial,-11.727379,-76.069605,0.0,industrial,,,,
JUNIN,agroind,w606130078,Minera Chinalco Perú S.A.,-11.67168,-76.140768,0.0,industrial,,,https://www.chinalco.com.pe/es,
JUNIN,agroind,w705654959,Camal Merjildo,-10.995114,-75.314018,0.0,industrial,,,,
JUNIN,agroind,w706864504,Cemtral Hidroelectrica Yanango,-11.187416,-75.465771,0.0,industrial,,,,
JUNIN,agroind,w706864519,Desarenador,-11.217229,-75.497227,0.0,industrial,,,,
JUNIN,agroind,w707149735,Bocatoma y desarenador C.H. Carpapata,-11.279221,-75.563417,0.0,industrial,,,,
JUNIN,agroind,w707149742,Bocatoma y desarenador C.H. Cemento Andino,-11.258238,-75.5528,0.0,industrial,,,,
JUNIN,agroind,w854964597,Planta de Tratamiento de Vilcacoto,-12.014491,-75.182703,0.0,industrial,,,,
JUNIN,agroind,w1441566921,Terminal a La Merced - Chanchamayo,-11.413493,-75.684643,0.0,industrial,,,,
JUNIN,agroind,w1552418519,Corporación de Productores Café Perú,-10.928889,-74.881176,0.0,industrial,,,,
JUNIN,agroind,w1552431611,Cooperativa Agraria Cafetalera Tahuantinsuyo,-10.913505,-74.885829,0.0,industrial,,,,
JUNIN,agroind,r19701854,Terminal Inter-Distrital de Tarma Cecilio Limaymanta,-11.402216,-75.685682,0.0,industrial,,Municipalidad Provincial de Tarma,,
JUNIN,named,n352695586,Hacienda Acopalca,-11.989151,-75.102562,0.0,hamlet,,,,
JUNIN,named,n914302850,Hacienda Cochas,-11.97411,-75.807414,0.0,locality,,,,
JUNIN,named,n6939993242,Hacienda Huacuas,-11.217724,-75.646553,0.0,hamlet,,,,
JUNIN,named,n10983440968,Fundo Orquidea,-11.286189,-74.657623,0.0,hamlet,,,,
JUNIN,named,n11895534488,Hacienda Wasi,-12.330343,-75.159287,0.0,locality,,,,
JUNIN,named,n12137082552,Hacienda Huay,-11.039067,-75.643066,0.0,hamlet,,,,
JUNIN,named,n12587720340,Hacienda Casaracra,-11.367479,-75.889175,0.0,hamlet,,,,
JUNIN,retail,n3141077239,Maestro,-12.066197,-75.217487,0.0,doityourself,,,,
JUNIN,retail,n4427721995,Veterinaria La Vida,-12.076568,-75.2054,0.0,veterinary,,,,
JUNIN,retail,n4828019323,Sodimac,-12.060958,-75.209975,0.0,doityourself,,,,
JUNIN,retail,n4884402727,Consultorio Veterinario FIFO,-12.076534,-75.205263,0.0,veterinary,,,,
JUNIN,retail,n5035062868,Clinica Veterinaria Central,-12.076108,-75.205769,0.0,veterinary,,,,
JUNIN,retail,n5035123925,Agroveterinaria Huascaran,-12.072704,-75.204575,0.0,veterinary,,,,
JUNIN,retail,n5035204661,Promart,-12.066714,-75.205767,0.0,doityourself,,,,
JUNIN,retail,n5035321484,Veterinaria Entrepatas,-12.060124,-75.20691,0.0,veterinary,,,,
JUNIN,retail,n5035335152,Mianca,-12.056548,-75.204581,0.0,hardware,,,,
JUNIN,retail,n5035367667,Ferreteria Cosmos,-12.073953,-75.206849,0.0,hardware,,,,
JUNIN,retail,n5035367672,Matizados Ferreteria,-12.074228,-75.206698,0.0,hardware,,,,
JUNIN,retail,n5035367695,Ferreteria Difencenter,-12.075139,-75.206167,0.0,hardware,,,,
JUNIN,retail,n5035507584,Merver,-12.053397,-75.233153,0.0,hardware,,,,
JUNIN,retail,n5035652883,Huellitos Veterinaría,-12.051338,-75.201828,0.0,veterinary,,,,
JUNIN,retail,n5035661443,Ferreteria Maciel,-12.045019,-75.197602,0.0,hardware,,,,
JUNIN,retail,n5037308269,Rocio,-12.05299,-75.233055,0.0,hardware,,,,
JUNIN,retail,n5037308274,Juanita,-12.052975,-75.233187,0.0,hardware,,,,
JUNIN,retail,n5037308277,Ferreteria Yoser,-12.05297,-75.233261,0.0,hardware,,,,
JUNIN,retail,n5037345985,Ferretería Edu,-12.06509,-75.21796,0.0,hardware,,,,
JUNIN,retail,n5037845587,Bevam,-12.055265,-75.223977,0.0,hardware,,,,
JUNIN,retail,n5037847105,Caja Cusco,-12.055032,-75.218602,0.0,hardware,,,,
JUNIN,retail,n5037847110,Invertec,-12.055231,-75.218479,0.0,hardware,,,,
JUNIN,retail,n5037847111,Servicio Tecnico La Industrial,-12.055248,-75.218466,0.0,hardware,,,,
JUNIN,retail,n5037847145,El Pacifico,-12.056301,-75.21782,0.0,hardware,,,,
JUNIN,retail,n5039511100,Ferretería Noemi,-12.05079,-75.188409,0.0,hardware,,,,
JUNIN,retail,n5039770668,Casa Agropecuaria,-12.070006,-75.206957,0.0,trade,,,,
JUNIN,retail,n5039825275,Ferretería San Juan,-12.051258,-75.198116,0.0,hardware,,,,
JUNIN,retail,n5039825285,San Antonio,-12.052076,-75.198943,0.0,veterinary,,,,
JUNIN,retail,n5039870621,La Unica,-12.052975,-75.199863,0.0,veterinary,,,,
JUNIN,retail,n5040052572,Ferretería Coni Cruz,-12.058487,-75.200871,0.0,hardware,,,,
JUNIN,retail,n5041367645,Que tal Raza,-12.055972,-75.193009,0.0,veterinary,,,,
JUNIN,retail,n5041574966,Ferretería El Iman,-12.06654,-75.206511,0.0,hardware,,,,
JUNIN,retail,n5041591455,Veterinaria Lucky Pet,-12.058945,-75.216385,0.0,veterinary,,,,
JUNIN,retail,n5041591889,Puricentro D&R,-12.052523,-75.226284,0.0,pet,,,,
JUNIN,retail,n5041672928,Victoria,-12.05559,-75.221298,0.0,hardware,,,,
JUNIN,retail,n5041673012,David,-12.05492,-75.218906,0.0,hardware,,,,
JUNIN,retail,n5041757073,Clinicas Veterinarías G&A,-12.071807,-75.218202,0.0,veterinary,,,,
JUNIN,retail,n5041874186,Nerma,-12.053508,-75.234415,0.0,hardware,,,,
JUNIN,retail,n5041973938,Centro de Radiologia Veterinaria,-12.06374,-75.207765,0.0,veterinary,,,,
JUNIN,retail,n5041974007,La Unica,-12.054317,-75.21343,0.0,pet,,,,
JUNIN,retail,n5041999271,Sabuesos,-12.064611,-75.208498,0.0,pet,,,,
JUNIN,retail,n5043287908,Chachi,-11.779951,-75.496621,0.0,hardware,,,,
JUNIN,retail,n5043416256,Ferretería Balazo,-12.074641,-75.219389,0.0,hardware,,,,
JUNIN,retail,n5043483545,Electroferreteria,-12.02918,-75.231611,0.0,hardware,,,,
JUNIN,retail,n5043483942,Mateco,-12.038813,-75.228727,0.0,hardware,,,,
JUNIN,retail,n5043483971,Edu,-12.039975,-75.227999,0.0,hardware,,,,
JUNIN,retail,n5043484014,Dogo,-12.042482,-75.226362,0.0,pet,,,,
JUNIN,retail,n5043484036,Gp Filtros y Mantenimiento,-12.043604,-75.22568,0.0,hardware,,,,
JUNIN,retail,n5043484058,Truper,-12.044156,-75.225337,0.0,hardware,,,,
JUNIN,retail,n5043628166,Corazon de Jesus,-12.039199,-75.229062,0.0,hardware,,,,
JUNIN,retail,n5043628171,Ferre Peru,-12.039377,-75.228959,0.0,hardware,,,,
JUNIN,retail,n5043628259,Patitas,-12.045058,-75.225132,0.0,pet,,,,
JUNIN,retail,n5043628263,A Unica,-12.04512,-75.22507,0.0,veterinary,,,,
JUNIN,retail,n5043628281,San Miguel,-12.046284,-75.224347,0.0,hardware,,,,
JUNIN,retail,n5043746654,Edipesa,-12.052377,-75.220257,0.0,hardware,,,,
JUNIN,retail,n5043782753,Cotas Exotic,-12.070528,-75.209784,0.0,pet,,,,
JUNIN,retail,n5043787129,Charito SAC,-12.049013,-75.222608,0.0,hardware,,,,
JUNIN,retail,n5043787171,ElectroBaes,-12.05151,-75.221052,0.0,hardware,,,,
JUNIN,retail,n5045489614,Veterinaria Mis Huellitas,-12.055058,-75.216547,0.0,veterinary,,,,
JUNIN,retail,n5048354648,Ferretería Aron,-11.99774,-75.253501,0.0,trade,,,,
JUNIN,retail,n5048730742,La Economica,-12.07303,-75.207723,0.0,hardware,,,,
JUNIN,retail,n5048730743,Distribuidores Pianto's,-12.073053,-75.207702,0.0,hardware,,,,
JUNIN,retail,n5048730758,Ferrecentro Adelita,-12.07684,-75.205274,0.0,hardware,,,,
JUNIN,retail,n5048773754,Ferretería Profer San Jerónimo,-11.947962,-75.285811,0.0,hardware,,,,
JUNIN,retail,n5048785958,Romero,-12.087474,-75.198666,0.0,hardware,,,,
JUNIN,retail,n5048818089,Maderera Iroko,-12.082458,-75.202378,0.0,trade,,,,
JUNIN,retail,n5048861260,Ferrotóm,-11.993953,-75.256128,0.0,hardware,,,,
JUNIN,retail,n5048929655,Cachorros Veterinaria,-12.048092,-75.216076,0.0,veterinary,,,,
JUNIN,retail,n5048929965,El Universo,-12.053864,-75.218433,0.0,hardware,,,,
JUNIN,retail,n5048929971,Ferrecolor Economico,-12.054033,-75.218694,0.0,hardware,,,,
JUNIN,retail,n5049062952,Ferrocris,-12.082906,-75.203049,0.0,hardware,,,,
JUNIN,retail,n5049630192,Agroveterinaria,-12.086358,-75.207977,0.0,veterinary,,,,
JUNIN,retail,n5049640654,Ferretería Corporación Venecia,-12.083531,-75.208299,0.0,hardware,,,,
JUNIN,retail,n5049674447,Señor de los Milagros,-12.085621,-75.207017,0.0,hardware,,,,
JUNIN,retail,n5049674453,Ferretería Manrique,-12.085744,-75.207223,0.0,hardware,,,,
JUNIN,retail,n5049681604,Ferretería Corsaas,-12.083187,-75.208541,0.0,hardware,,,,
JUNIN,retail,n5049689792,Maderera Mantaro,-12.082061,-75.209262,0.0,trade,,,,
JUNIN,retail,n5049707711,El Rayo,-12.086289,-75.209185,0.0,hardware,,,,
JUNIN,retail,n5049723209,Meza,-12.087598,-75.210696,0.0,hardware,,,,
JUNIN,retail,n5049723423,Rocio,-12.089007,-75.212991,0.0,hardware,,,,
JUNIN,retail,n5049770918,Cristian,-12.055239,-75.223988,0.0,hardware,,,,
JUNIN,retail,n5049770919,Cielo,-12.055755,-75.224999,0.0,hardware,,,,
JUNIN,retail,n5049770993,Ferreteria Pilar,-12.044899,-75.218541,0.0,hardware,,,,
JUNIN,retail,n5051573949,Ferreteria Arenas,-11.521423,-75.90144,0.0,hardware,,,,
JUNIN,retail,n5051579064,Ferretería Rosario,-12.072313,-75.203445,0.0,hardware,,,,
JUNIN,retail,n5051579076,A&R,-12.072126,-75.203081,0.0,trade,,,,
JUNIN,retail,n5051579085,Ibercon Ferretería,-12.07201,-75.202824,0.0,hardware,,,,
JUNIN,retail,n5051594591,Ferretería San Luis,-12.071359,-75.202969,0.0,hardware,,,,
JUNIN,retail,n5051594598,Ferretería San Luis,-12.071123,-75.203036,0.0,hardware,,,,
JUNIN,retail,n5051631714,Ferretera Yuri,-11.557243,-75.947434,0.0,hardware,,,,
JUNIN,retail,n5051672734,Clinica Veterinaria,-11.920342,-75.316012,0.0,veterinary,,,,
JUNIN,retail,n5051819630,Ferretería Hermanos Quintana,-11.917092,-75.314935,0.0,hardware,,,,
JUNIN,retail,n5051819635,Veterinarias Vital Vets,-11.921227,-75.311008,0.0,veterinary,,,,
JUNIN,retail,n5051904556,Ferretería Virgen del Carmen,-11.917119,-75.32111,0.0,hardware,,,,
JUNIN,retail,n5051904557,Ferretería Inmaculada Concepción,-11.916956,-75.320755,0.0,hardware,,,,
JUNIN,retail,n5052152848,La Hacienda,-11.779161,-75.496508,0.0,veterinary,,,,
JUNIN,retail,n5052152862,La Pradera,-11.778818,-75.496813,0.0,veterinary,,,,
JUNIN,retail,n5052152882,Ferretería El Buen Constructor,-11.77814,-75.497623,0.0,hardware,,,,
JUNIN,retail,n5052240511,Ferretería Meléndez,-11.778028,-75.496092,0.0,hardware,,,,
JUNIN,retail,n5052240514,Ferretería El Sol,-11.778045,-75.496141,0.0,hardware,,,,
JUNIN,retail,n5052256140,Ferretería Unión Maco,-11.777806,-75.496642,0.0,hardware,,,,
JUNIN,retail,n5052314879,Maestrlto,-11.780543,-75.496188,0.0,hardware,,,,
JUNIN,retail,n5052326354,El Águila Ferretería,-11.913777,-75.315465,0.0,hardware,,,,
JUNIN,retail,n5052334583,Agropecuarios,-11.778665,-75.497133,0.0,garden_centre,,,,
JUNIN,retail,n5052349890,San Lorenz,-12.071483,-75.204012,0.0,hardware,,,,
JUNIN,retail,n5054209528,Comercial Cielo,-11.914342,-75.314445,0.0,trade,,,,
JUNIN,retail,n5054209529,Agroservicios Campo Alto,-11.91438,-75.314426,0.0,trade,,,,
JUNIN,retail,n5054209531,D' Agro,-11.914456,-75.31438,0.0,trade,,,,
JUNIN,retail,n5220594321,La Económica,-11.123631,-75.35536,0.0,hardware,,,,
JUNIN,retail,n12257198276,Veterniria Rodriguez,-12.070744,-75.198768,0.0,veterinary,,,,
JUNIN,retail,n12735703752,Sodimac,-12.061825,-75.209592,0.0,doityourself,,,,
JUNIN,retail,n13978315894,Ferreteria Maranatha,-11.418857,-75.692109,0.0,hardware,,,,
JUNIN,retail,n13978315895,Matizados Zavala,-11.418786,-75.692136,0.0,hardware,,,,
JUNIN,retail,n13978315898,Ferreteria Rosales,-11.417741,-75.68826,0.0,hardware,,,,
JUNIN,retail,n13978315899,Ferreteria Jorge,-11.416477,-75.688764,0.0,hardware,,,,
JUNIN,retail,w515649277,Ferrecolor,-12.074353,-75.206612,0.0,hardware,,,,
JUNIN,retail,w515668163,Santa Rocio,-12.053456,-75.232395,0.0,hardware,,,,
JUNIN,retail,w515910736,Ferreteria Matecofer,-12.052879,-75.233581,0.0,hardware,,,,
JUNIN,retail,w515971472,La Industrial,-12.055346,-75.218333,0.0,hardware,,,,
JUNIN,retail,w516192200,Ferreteria Dorita,-12.047252,-75.195155,0.0,hardware,,,,
JUNIN,retail,w516192202,Yolanda,-12.047183,-75.195132,0.0,hardware,,,,
JUNIN,retail,w516453772,Dorita,-12.052297,-75.241737,0.0,hardware,,,,
JUNIN,retail,w516453774,Mi Casa,-12.052929,-75.233917,0.0,hardware,,,,
JUNIN,retail,w516453775,O&H,-12.052903,-75.233749,0.0,hardware,,,,
JUNIN,retail,w516453810,Rosario,-12.049928,-75.227872,0.0,hardware,,,,
JUNIN,retail,w516472130,Ferreteria A.C.E.R,-12.091071,-75.201836,0.0,hardware,,,,
JUNIN,retail,w516473151,Maysa,-12.071512,-75.217712,0.0,hardware,,,,
JUNIN,retail,w516498696,Ferreandino,-12.05026,-75.215005,0.0,hardware,,,,
JUNIN,retail,w516658307,Ferre Construye,-12.076506,-75.226307,0.0,hardware,,,,
JUNIN,retail,w516680494,Jhojan,-12.03911,-75.228452,0.0,hardware,,,,
JUNIN,retail,w516680496,Los Angeles,-12.039263,-75.228384,0.0,hardware,,,,
JUNIN,retail,w516680504,Orocentro,-12.041731,-75.226719,0.0,hardware,,,,
JUNIN,retail,w516696426,Purina,-12.04674,-75.224107,0.0,pet,,,,
JUNIN,retail,w516712516,Ferreteria Femacop,-12.050837,-75.221505,0.0,hardware,,,,
JUNIN,retail,w516714318,Ferretería Fernandez,-12.073453,-75.215141,0.0,hardware,,,,
JUNIN,retail,w517157176,Ferretería Nuñez,-12.014174,-75.244314,0.0,hardware,,,,
JUNIN,retail,w517318806,Ferretería Señor de la Divina Misericordia,-11.964199,-75.272262,0.0,hardware,,,,
JUNIN,retail,w517361736,Inversiones Soledad - Mateco,-11.954401,-75.27999,0.0,trade,,,,
JUNIN,retail,w517361737,Ferretería Zahudio,-11.954539,-75.279765,0.0,hardware,,,,
JUNIN,retail,w517367696,Inversiones y Ferretería Corazón de Jesús,-11.977165,-75.265507,0.0,trade,,,,
JUNIN,retail,w517373631,Ferretería El Óvalo,-11.995736,-75.255139,0.0,trade,,,,
JUNIN,retail,w517400043,Maderera Soto,-12.082942,-75.203166,0.0,trade,,,,
JUNIN,retail,w517462517,Maderba,-12.085411,-75.206108,0.0,trade,,,,
JUNIN,retail,w517467507,Cristina,-12.000672,-75.252652,0.0,trade,,,,
JUNIN,retail,w517706956,Ferretería Efecenteck,-12.073843,-75.202907,0.0,hardware,,,,
JUNIN,retail,w517791049,Tu Mejorpata,-12.061009,-75.212673,0.0,yes,,,,
JUNIN,retail,w517796836,Agrotec A&J,-11.913773,-75.314885,0.0,trade,,,,
JUNIN,retail,w517796837,Corporación Sánchez,-11.91395,-75.314828,0.0,trade,,,,
JUNIN,retail,w517796838,Tecnología Agrovet,-11.914143,-75.314715,0.0,trade,,,,
JUNIN,retail,w518037559,Agro Meza,-11.91411,-75.314537,0.0,trade,,,,
JUNIN,retail,w518037562,Hunnis <inversiones,-11.913709,-75.314746,0.0,trade,,,,
JUNIN,retail,w518037570,Siderperu,-11.91519,-75.31607,0.0,trade,,,,
JUNIN,retail,w518063129,Ferretería J&L,-11.914589,-75.325396,0.0,trade,,,,
JUNIN,retail,w518150696,Ferretería Los Angeles,-11.866464,-75.372799,0.0,trade,,,,
JUNIN,retail,w1324440707,Grupo Ferretero H&B - Cisneros,-12.070875,-75.19963,0.0,hardware,,,,
JUNIN,retail,w1324561846,Veterinaria Rodriguez,-12.070749,-75.198775,0.0,yes,,,,
LA LIBERTAD,landuse,w934534187,Zona agrícola,-8.160388,-79.013938,2.32,farmland,rice,,,
LA LIBERTAD,agroind,n5816793948,Agroindustria Josymar SAC,-8.090967,-79.036078,0.0,works,,,,
LA LIBERTAD,agroind,n9123139048,FAMEL,-8.10817,-78.996878,0.0,works,,,,
LA LIBERTAD,agroind,n14049856168,Smart Packing SAC,-8.451952,-78.747965,0.0,works,,,,
LA LIBERTAD,agroind,w184222212,Pad de Lixiviación,-7.962955,-78.247316,0.0,industrial,,,,
LA LIBERTAD,agroind,w237983602,Cementos Pacasmayo,-7.408176,-79.551193,0.0,industrial,,,,
LA LIBERTAD,agroind,w266683459,Agroindustrial Cartavio,-7.891146,-79.217507,0.0,industrial,,,,
LA LIBERTAD,agroind,w266683520,Ron Cartavio,-7.894413,-79.218487,0.0,industrial,,,,
LA LIBERTAD,agroind,w271961084,Materiales ALCA,-8.112654,-78.999068,0.0,industrial,,,,
LA LIBERTAD,agroind,w380611124,Colegio Ingenieros,-8.150231,-79.040551,0.0,industrial,,,,
LA LIBERTAD,agroind,w423050460,Planta Chao,-8.56121,-78.666479,0.0,industrial,,Camposol,,
LA LIBERTAD,agroind,w424664358,Planta emvasadora Santo Gas,-7.873385,-79.134648,0.0,works,,Petroperú,,
LA LIBERTAD,agroind,w445266379,Parque Industrial - La Esperanza,-8.054025,-79.065138,0.0,industrial,,,,
LA LIBERTAD,agroind,w456605362,Aceros 3A,-8.089761,-79.005818,0.0,works,,,,
LA LIBERTAD,agroind,w520046561,Lineacargo,-8.12656,-79.027757,0.0,industrial,,,,
LA LIBERTAD,agroind,w520428133,Ingemec Perú,-8.164191,-79.009573,0.0,industrial,,,,
LA LIBERTAD,agroind,w520428136,Forestales Daxsa,-8.166092,-79.00788,0.0,industrial,,,,
LA LIBERTAD,agroind,w521376320,Corinor,-8.419346,-78.785251,0.0,industrial,,,,
LA LIBERTAD,agroind,w615041364,Agroindustria Josymar SAC,-8.090445,-79.035258,0.0,industrial,,,,
LA LIBERTAD,agroind,w663755869,Minera Santa Barbara,-8.081064,-77.42202,0.0,industrial,,,,
LA LIBERTAD,agroind,w1002774351,Terminal Portuario Salaverry,-8.232145,-78.980767,0.0,industrial,,,,
LA LIBERTAD,agroind,w1002774355,Desembarcadero Pesquero Artesanal,-8.223831,-78.980612,0.0,industrial,,,,
LA LIBERTAD,agroind,w1085413918,Terminal PetroPerú Salaverry,-8.215529,-78.975655,0.0,industrial,,,,
LA LIBERTAD,agroind,w1117718030,Almacén Municipal,-7.170317,-79.485102,0.0,industrial,,,,
LA LIBERTAD,agroind,w1180575560,Embotelladora Lindley,-8.124432,-79.004103,0.0,works,,,,
LA LIBERTAD,agroind,w1249715049,Compañía Minera Poderosa,-7.716303,-77.662341,0.0,industrial,,,,
LA LIBERTAD,agroind,w1302690328,Parque Industrial de Moche,-8.135993,-79.013752,0.0,industrial,,,,
LA LIBERTAD,agroind,w1302732431,Transportes Rodrigo Carranza,-8.136269,-79.018707,0.0,industrial,,,,
LA LIBERTAD,agroind,w1302989259,Exsa S.A.,-8.213145,-78.95753,0.0,industrial,,,,
LA LIBERTAD,agroind,w1303092354,Yugofrio,-8.193647,-78.990692,0.0,industrial,,,,
LA LIBERTAD,agroind,w1356432792,Micro Central Hidroeléctrica Tunguche,-8.725063,-78.450099,0.0,industrial,,,,
LA LIBERTAD,agroind,w1356432799,Micro Central Hidroeléctrica Desarenador,-8.666272,-78.333625,0.0,industrial,,,,
LA LIBERTAD,agroind,w1377668489,Phartec,-8.091916,-79.097167,0.0,industrial,,,,
LA LIBERTAD,agroind,w1377668501,Transportes Guzman,-8.086344,-79.103198,0.0,industrial,,,,
LA LIBERTAD,agroind,w1377668504,Transportes Naranjo,-8.08488,-79.098971,0.0,industrial,,,,
LA LIBERTAD,agroind,w1377693773,Servi Truck Diesel,-8.088604,-79.097538,0.0,industrial,,,,
LA LIBERTAD,agroind,w1379000373,Terminal Terrestre Malabrigo,-7.702785,-79.433735,0.0,industrial,,,,
LA LIBERTAD,agroind,w1379103106,Copeinca Inc.,-7.706631,-79.410223,0.0,industrial,,,,
LA LIBERTAD,agroind,w1382205448,Agropecuaria Chimu,-7.984636,-79.076191,0.0,industrial,,,,
LA LIBERTAD,agroind,w1382205449,Consermet,-7.987794,-79.074391,0.0,industrial,,,,
LA LIBERTAD,agroind,w1459122817,Fábrica KR,-8.089925,-79.049761,0.0,industrial,,,,
LA LIBERTAD,agroind,w1466936789,Pad de Lixiviación,-7.961404,-78.236737,0.0,industrial,,Boroo,,
LA LIBERTAD,agroind,w1467376694,CMOP Area 3,-7.959456,-78.239539,0.0,works,,,,
LA LIBERTAD,agroind,w1467377371,CMOP Area 1,-7.959867,-78.24056,0.0,works,,,,
LA LIBERTAD,agroind,w1468591339,Factoría Santillán S.R.L,-8.110764,-78.994805,0.0,works,,,,
LA LIBERTAD,agroind,w1529006478,Ladrillos Fortes,-8.047259,-78.7965,0.0,industrial,,,,
LA LIBERTAD,agroind,r20088614,Unidad Minera Lagunas Norte,-7.948586,-78.237969,0.0,industrial,,Minera Boroo Misquichilca,,
LA LIBERTAD,named,n2967359381,Hacienda Chala,-7.753118,-78.859439,0.0,hamlet,,,,
LA LIBERTAD,named,n5644362111,Hacienda Vista Florida,-7.810988,-77.609471,0.0,hamlet,,,,
LA LIBERTAD,named,n6215733448,Fundo Convento,-7.641053,-77.841367,0.0,hamlet,,,,
LA LIBERTAD,named,n6235518604,Hacienda Collona,-7.581759,-77.826042,0.0,hamlet,,,,
LA LIBERTAD,named,n6956756690,Hacienda Sundia,-7.383001,-77.714821,0.0,hamlet,,,,
LA LIBERTAD,named,n8260578232,Fundo El Ingenio,-7.111198,-77.885803,0.0,hamlet,,,,
LA LIBERTAD,named,n8297635183,Hacienda Quirripe,-7.712695,-78.828235,0.0,hamlet,,,,
LA LIBERTAD,named,n8297635184,Hacienda Llaguen,-7.725355,-78.739733,0.0,hamlet,,,,
LA LIBERTAD,named,n8297635187,Hacienda Membrillar,-7.722888,-78.774043,0.0,hamlet,,,,
LA LIBERTAD,named,n8297635195,Hacienda Selavin,-7.708126,-78.803226,0.0,hamlet,,,,
LA LIBERTAD,named,n8345430841,Hacienda Parrapos,-7.781105,-78.772783,0.0,hamlet,,,,
LA LIBERTAD,named,w934467689,El Palmar Hacienda y Bar,-8.152447,-79.039935,0.0,recreation_ground,,,,
LA LIBERTAD,named,w1433790282,Hacienda Valle Verde,-8.02925,-78.843348,0.0,residential,,,,
LA LIBERTAD,named,w1473501691,Chacra Rio Simbal,-7.975816,-78.819762,0.0,recreation_ground,,,,
LA LIBERTAD,named,w1529275590,Fundo Las Palmeras,-8.06851,-78.80683,0.0,recreation_ground,,,,
LA LIBERTAD,retail,n2604146229,Veterinaria P4tas,-8.112142,-79.006831,0.0,veterinary,,,,
LA LIBERTAD,retail,n2604175611,El Constructor,-8.112783,-79.009952,0.0,trade,,,,
LA LIBERTAD,retail,n4453923986,Sodimac,-8.101727,-79.048813,0.0,doityourself,,,,
LA LIBERTAD,retail,n4681656090,Ferreteria La Esmeralda,-8.079919,-79.054731,0.0,hardware,,,,
LA LIBERTAD,retail,n4995782222,Dinabinse,-8.09784,-79.007185,0.0,hardware,,,,
LA LIBERTAD,retail,n5051774266,Veterinaría Animal Pets,-8.103858,-79.031872,0.0,veterinary,,,,
LA LIBERTAD,retail,n5054108364,Somos Red Inka,-8.10999,-79.043199,0.0,trade,,,,
LA LIBERTAD,retail,n5065171731,Java Vet,-8.119801,-79.040061,0.0,veterinary,,,,
LA LIBERTAD,retail,n5067068828,Antojitos Selváticos,-8.101782,-79.043509,0.0,pet,,,,
LA LIBERTAD,retail,n5067585059,Animal Nutrition,-8.102604,-79.039329,0.0,pet,,,,
LA LIBERTAD,retail,n5067590817,Ferreteria y Llaves,-8.102346,-79.039912,0.0,hardware,,,,
LA LIBERTAD,retail,n5067591827,Proplan,-8.102185,-79.040368,0.0,pet,,,,
LA LIBERTAD,retail,n5067604771,Pernos Herramientas,-8.097051,-79.042204,0.0,hardware,,,,
LA LIBERTAD,retail,n5069550737,Veterinaría El Ovalo,-8.120603,-79.020284,0.0,veterinary,,,,
LA LIBERTAD,retail,n5070139773,Ferretería Central,-8.113596,-79.017603,0.0,hardware,,,,
LA LIBERTAD,retail,n5070139774,Froldan,-8.113738,-79.017718,0.0,hardware,,,,
LA LIBERTAD,retail,n5070217740,Ferretería El Emprendedor,-8.113798,-79.016287,0.0,hardware,,,,
LA LIBERTAD,retail,n5070217748,Megas Construcciones,-8.113687,-79.016397,0.0,hardware,,,,
LA LIBERTAD,retail,n5070217753,Lider Grupo Ferretero,-8.113493,-79.016623,0.0,hardware,,,,
LA LIBERTAD,retail,n5070217764,Distribuidora Ferretera Treboly,-8.11324,-79.016946,0.0,hardware,,,,
LA LIBERTAD,retail,n5070236801,Ferretería Torres,-8.113185,-79.01752,0.0,hardware,,,,
LA LIBERTAD,retail,n5070236803,Solano,-8.113329,-79.017642,0.0,hardware,,,,
LA LIBERTAD,retail,n5070236814,Inversiones Ferretera Balboa E.I.R.L.,-8.113959,-79.018118,0.0,hardware,,,,
LA LIBERTAD,retail,n5070261058,Clinica Veterinaria,-8.097291,-79.025509,0.0,veterinary,,,,
LA LIBERTAD,retail,n5070424898,Veterinaria Pocavet,-8.098092,-79.030422,0.0,veterinary,,,,
LA LIBERTAD,retail,n5070424906,Clinica Veterinaria,-8.098339,-79.030643,0.0,veterinary,,,,
LA LIBERTAD,retail,n5072248894,Veterinaría Medical Pets,-8.122897,-79.034713,0.0,veterinary,,,,
LA LIBERTAD,retail,n5072290095,Ferreteria Benites,-8.104954,-79.028718,0.0,hardware,,,,
LA LIBERTAD,retail,n5072434193,El Duke de Can,-8.129495,-79.037492,0.0,pet,,,,
LA LIBERTAD,retail,n5072442478,Grandez,-8.130503,-79.03481,0.0,veterinary,,,,
LA LIBERTAD,retail,n5073596424,Deniel,-8.095408,-79.02228,0.0,veterinary,,,,
LA LIBERTAD,retail,n5073596434,Miller,-8.096548,-79.022727,0.0,veterinary,,,,
LA LIBERTAD,retail,n5073653832,Medivet,-8.101378,-79.027217,0.0,veterinary,,,,
LA LIBERTAD,retail,n5073653847,Veterinaria San Juan,-8.101872,-79.027665,0.0,veterinary,,,,
LA LIBERTAD,retail,n5073707285,Huellitas,-8.137178,-79.050023,0.0,veterinary,,,,
LA LIBERTAD,retail,n5073848985,San Matriín,-8.096402,-79.017395,0.0,veterinary,,,,
LA LIBERTAD,retail,n5073917881,Oh My Can!,-8.142051,-79.053591,0.0,veterinary,,,,
LA LIBERTAD,retail,n5073945555,Depostito de Materiales,-8.142511,-79.050145,0.0,trade,,,,
LA LIBERTAD,retail,n5074150076,Ferretería La Esquina,-8.144788,-79.049209,0.0,hardware,,,,
LA LIBERTAD,retail,n5074714149,Agromen Group,-8.538654,-78.677713,0.0,trade,,,,
LA LIBERTAD,retail,n5079343659,Marmoleria Trujillo,-8.103261,-79.023679,0.0,doityourself,,,,
LA LIBERTAD,retail,n5079343660,Marmoleria El Angel,-8.103297,-79.023643,0.0,doityourself,,,,
LA LIBERTAD,retail,n5079494979,Heldy,-8.104168,-79.019245,0.0,doityourself,,,,
LA LIBERTAD,retail,n5079494984,Sani Peru,-8.104218,-79.01929,0.0,doityourself,,,,
LA LIBERTAD,retail,n5079494985,Sanitarios A. Chon,-8.10429,-79.019368,0.0,doityourself,,,,
LA LIBERTAD,retail,n5079494986,Rey,-8.104306,-79.019393,0.0,doityourself,,,,
LA LIBERTAD,retail,n5079609945,Agropec Mendoza,-8.423457,-78.782585,0.0,trade,,,,
LA LIBERTAD,retail,n5079609946,Agrotecnología Integral,-8.423412,-78.782625,0.0,trade,,,,
LA LIBERTAD,retail,n5079623136,Lavaropas de Granito y Ferreteria,-8.104092,-79.018743,0.0,hardware,,,,
LA LIBERTAD,retail,n5079623137,Tarraco,-8.104122,-79.018781,0.0,doityourself,,,,
LA LIBERTAD,retail,n5079635930,Inversiones F&M,-8.104313,-79.018983,0.0,doityourself,,,,
LA LIBERTAD,retail,n5079635935,San Lorenzo,-8.104462,-79.01916,0.0,hardware,,,,
LA LIBERTAD,retail,n5079635942,Mi Casa,-8.10464,-79.019355,0.0,doityourself,,,,
LA LIBERTAD,retail,n5079635943,Celima,-8.104669,-79.019395,0.0,doityourself,,,,
LA LIBERTAD,retail,n5080012630,Top Veterinaria del Sur,-8.108923,-79.021321,0.0,veterinary,,,,
LA LIBERTAD,retail,n5080104022,Kennth Plast,-8.106889,-79.018277,0.0,hardware,,,,
LA LIBERTAD,retail,n5081737809,Dar Luz,-8.106978,-79.020098,0.0,hardware,,,,
LA LIBERTAD,retail,n5081769813,Industrial MV,-8.106486,-79.019369,0.0,doityourself,,,,
LA LIBERTAD,retail,n5081843447,Ferretera Ecular,-8.11067,-79.019772,0.0,hardware,,,,
LA LIBERTAD,retail,n5081843471,Veterinaria Top San Martin,-8.109559,-79.020514,0.0,veterinary,,,,
LA LIBERTAD,retail,n5081843472,Agroveterinaria Angelita,-8.109522,-79.020554,0.0,veterinary,,,,
LA LIBERTAD,retail,n5081843492,Veterinaria Santa Fe,-8.109054,-79.021047,0.0,veterinary,,,,
LA LIBERTAD,retail,n5081899622,Ferretería Agüita,-8.141052,-79.046382,0.0,hardware,,,,
LA LIBERTAD,retail,n5081958460,Veterinaria Amigo Fiel,-8.080794,-79.046288,0.0,veterinary,,,,
LA LIBERTAD,retail,n5081969647,Ferretería Aguito,-8.137862,-79.048011,0.0,hardware,,,,
LA LIBERTAD,retail,n5082064364,Ferretería Seoane,-8.13826,-79.044984,0.0,hardware,,,,
LA LIBERTAD,retail,n5082304337,Clinican,-8.132315,-79.039534,0.0,veterinary,,,,
LA LIBERTAD,retail,n5082304360,El Duke de Can,-8.129579,-79.037649,0.0,veterinary,,,,
LA LIBERTAD,retail,n5082434136,Veterinaria Mi Mascota,-8.118136,-79.024749,0.0,veterinary,,,,
LA LIBERTAD,retail,n5082593455,Trujillo Pets,-8.130727,-79.03757,0.0,pet,,,,
LA LIBERTAD,retail,n5082629679,Ferreteria Parchel,-8.066009,-79.013951,0.0,hardware,,,,
LA LIBERTAD,retail,n5082930443,Katu,-8.112257,-79.031,0.0,pet,,,,
LA LIBERTAD,retail,n5083895232,Anima Scotas,-8.110205,-79.017695,0.0,veterinary,,,,
LA LIBERTAD,retail,n5083895239,Emergencias Veterinarias,-8.110259,-79.01775,0.0,veterinary,,,,
LA LIBERTAD,retail,n5083895242,Inversiones Agro Veterinarias Trujillo,-8.110326,-79.017818,0.0,veterinary,,,,
LA LIBERTAD,retail,n5083915317,Animascotas,-8.110791,-79.018234,0.0,veterinary,,,,
LA LIBERTAD,retail,n5083915318,Zoo Mundo,-8.110812,-79.018257,0.0,veterinary,,,,
LA LIBERTAD,retail,n5083915319,Veterinaria Dr,-8.110835,-79.018276,0.0,veterinary,,,,
LA LIBERTAD,retail,n5083917230,Emergencias Veterinarias,-8.111001,-79.018443,0.0,veterinary,,,,
LA LIBERTAD,retail,n5084042462,Collantes,-8.107042,-79.012472,0.0,hardware,,,,
LA LIBERTAD,retail,n5084063840,Bichitos,-8.125405,-79.045245,0.0,veterinary,,,,
LA LIBERTAD,retail,n5084120454,Kevin & Hnos,-8.111626,-79.015598,0.0,hardware,,,,
LA LIBERTAD,retail,n5084144143,Industrial V&V,-8.111694,-79.013739,0.0,hardware,,,,
LA LIBERTAD,retail,n5084174570,Medi Can Vet,-8.130248,-79.049938,0.0,veterinary,,,,
LA LIBERTAD,retail,n5084524127,El Mundo de las Maquinarias,-8.104737,-79.013027,0.0,hardware,,,,
LA LIBERTAD,retail,n5084524137,Agrosermaq,-8.104938,-79.013255,0.0,hardware,,,,
LA LIBERTAD,retail,n5084524138,TEC - Hidraulica e Infistrial,-8.104963,-79.013292,0.0,hardware,,,,
LA LIBERTAD,retail,n5084524174,Ferreteria Industrial Kou,-8.10599,-79.01402,0.0,hardware,,,,
LA LIBERTAD,retail,n5084689700,Clínica Veterinaria,-8.122824,-79.03916,0.0,veterinary,,,,
LA LIBERTAD,retail,n5084727977,Canes,-8.129905,-79.030356,0.0,veterinary,,,,
LA LIBERTAD,retail,n5084737149,Ferreteria Benites,-8.076402,-78.998948,0.0,hardware,,,,
LA LIBERTAD,retail,n5084762290,Andrade,-8.079856,-79.00001,0.0,hardware,,,,
LA LIBERTAD,retail,n5084790568,Ibañez,-8.077091,-78.999391,0.0,hardware,,,,
LA LIBERTAD,retail,n5084836768,Family Vet,-8.079508,-79.000094,0.0,veterinary,,,,
LA LIBERTAD,retail,n5084836802,Milagros,-8.080629,-79.000435,0.0,hardware,,,,
LA LIBERTAD,retail,n5084903377,Saldana,-8.082634,-79.001011,0.0,hardware,,,,
LA LIBERTAD,retail,n5086308322,Dino,-8.074278,-78.995023,0.0,hardware,,,,
LA LIBERTAD,retail,n5086441038,Ferretería Xiomi,-8.072476,-78.997746,0.0,hardware,,,,
LA LIBERTAD,retail,n5086510548,Ferreteria William,-7.156094,-79.444427,0.0,hardware,,,,
LA LIBERTAD,retail,n5086530045,Santa Ines,-8.084372,-79.001337,0.0,hardware,,,,
LA LIBERTAD,retail,n5086530068,Proteino Real,-8.083938,-79.001201,0.0,agrarian,,,,
LA LIBERTAD,retail,n5086597078,Veterinaría Vargas Vet,-8.125234,-79.017699,0.0,veterinary,,,,
LA LIBERTAD,retail,n5086609099,El Buen Pastor,-8.08126,-79.000444,0.0,veterinary,,,,
LA LIBERTAD,retail,n5086659262,Ferreteria Anypsa,-8.078753,-78.999436,0.0,hardware,,,,
LA LIBERTAD,retail,n5086718946,Technomaq,-8.105143,-79.012969,0.0,hardware,,,,
LA LIBERTAD,retail,n5086718951,carsalsi Machinery,-8.105229,-79.013032,0.0,doityourself,,,,
LA LIBERTAD,retail,n5086967235,Inversiones Alta Sierra,-8.114754,-79.015525,0.0,doityourself,,,,
LA LIBERTAD,retail,n5087006073,Ferreteria Bodega,-8.110679,-79.012889,0.0,hardware,,,,
LA LIBERTAD,retail,n5087021110,Ferreteria Ferremaco - Car Colores,-8.109943,-79.012519,0.0,hardware,,,,
LA LIBERTAD,retail,n5087030038,RY Perez Ferreteria,-8.074487,-78.994839,0.0,hardware,,,,
LA LIBERTAD,retail,n5087030081,Hosanna,-8.072329,-78.993986,0.0,hardware,,,,
LA LIBERTAD,retail,n5087110805,Pelos & Patas,-8.10708,-79.011139,0.0,veterinary,,,,
LA LIBERTAD,retail,n5087220613,Ferretería Distribuciones Global Cargo,-8.101348,-79.003359,0.0,hardware,,,,
LA LIBERTAD,retail,n5087303522,Ferretería Pelaez,-8.087975,-78.998935,0.0,hardware,,,,
LA LIBERTAD,retail,n5087303554,Sánchez Carrión,-8.085381,-79.001793,0.0,veterinary,,,,
LA LIBERTAD,retail,n5087407575,Nutri Health Vet,-8.087611,-78.998886,0.0,veterinary,,,,
LA LIBERTAD,retail,n5088966435,Cruz,-8.090932,-79.036802,0.0,hardware,,,,
LA LIBERTAD,retail,n5088997433,Rafessa,-8.11284,-79.01786,0.0,hardware,,,,
LA LIBERTAD,retail,n5088997437,El Amigo Fiel,-8.112923,-79.017751,0.0,pet,,,,
LA LIBERTAD,retail,n5089019925,Ferretería Jorza,-8.086081,-79.041386,0.0,hardware,,,,
LA LIBERTAD,retail,n5089019951,Ferretería Kong,-8.081714,-79.043911,0.0,hardware,,,,
LA LIBERTAD,retail,n5089040840,Euro Tubo,-8.113533,-79.015943,0.0,hardware,,,,
LA LIBERTAD,retail,n5089150587,Tejada,-8.113288,-79.02008,0.0,hardware,,,,
LA LIBERTAD,retail,n5089152689,Anderson,-8.092282,-79.018567,0.0,hardware,,,,
LA LIBERTAD,retail,n5089162026,Ferreteria Payolp,-8.08804,-79.002685,0.0,hardware,,,,
LA LIBERTAD,retail,n5089263910,Veterinaría Guarniz,-8.083115,-79.042486,0.0,veterinary,,,,
LA LIBERTAD,retail,n5089263919,Ferretería Moresa,-8.082347,-79.043123,0.0,hardware,,,,
LA LIBERTAD,retail,n5089284294,Ferretería El Trebol,-8.081966,-79.043352,0.0,hardware,,,,
LA LIBERTAD,retail,n5089304013,Ferretera Oliva,-8.115385,-79.024013,0.0,hardware,,,,
LA LIBERTAD,retail,n5089368477,Ferretería Villa Del Mar,-8.098537,-79.06208,0.0,hardware,,,,
LA LIBERTAD,retail,n5089427614,Centro Veterinario Olano,-8.096671,-79.062573,0.0,veterinary,,,,
LA LIBERTAD,retail,n5089433965,Tekno,-8.092927,-79.008485,0.0,hardware,,,,
LA LIBERTAD,retail,n5089433966,La Casa Del Perno,-8.092875,-79.008451,0.0,hardware,,,,
LA LIBERTAD,retail,n5089550817,Home Vet,-8.073324,-79.049121,0.0,veterinary,,,,
LA LIBERTAD,retail,n5089604481,Veterinaría Amigo Fiel,-8.081222,-79.045581,0.0,veterinary,,,,
LA LIBERTAD,retail,n5089760772,CatDog,-8.101389,-79.045286,0.0,pet,,,,
LA LIBERTAD,retail,n5090086108,Clinica Veterinaria & Spa para Mascotas,-8.098808,-79.04866,0.0,veterinary,,,,
LA LIBERTAD,retail,n5090131176,Ferretería Gamboa S.R.L.,-8.091221,-79.047201,0.0,hardware,,,,
LA LIBERTAD,retail,n5090131192,Ángeles Vet,-8.09131,-79.043667,0.0,veterinary,,,,
LA LIBERTAD,retail,n5090376971,Ferretería Emarba,-8.074195,-79.040371,0.0,hardware,,,,
LA LIBERTAD,retail,n5098153507,El Cortijo,-8.100888,-79.050865,0.0,hardware,,,,
LA LIBERTAD,retail,n5099085579,Ferretería Oriental,-8.11253,-79.024869,0.0,hardware,,,,
LA LIBERTAD,retail,n5099191777,Clínica Veterinaria,-8.11481,-79.028921,0.0,veterinary,,,,
LA LIBERTAD,retail,n5099427202,Happy Dog,-8.115525,-79.031597,0.0,veterinary,,,,
LA LIBERTAD,retail,n5101476467,Inversiones La Cruz,-8.116057,-79.025776,0.0,hardware,,,,
LA LIBERTAD,retail,n5318357221,Ferretería Los Rosales de San Luis,-8.133053,-79.052086,0.0,hardware,,,,
LA LIBERTAD,retail,n5688197422,Aceros Suárez-Vértiz,-8.114573,-79.01855,0.0,hardware,,,,
LA LIBERTAD,retail,n5922425343,Lopez,-7.980918,-78.548283,0.0,hardware,,,,
LA LIBERTAD,retail,n6344013092,D' Mars,-8.540779,-78.677406,0.0,hardware,,,,
LA LIBERTAD,retail,n8316732974,Dog Time Spa & Boutique,-8.084852,-79.014405,0.0,pet,,,,+51924993960
LA LIBERTAD,retail,n9085359408,Ferretería Caleb,-8.133753,-79.052643,0.0,hardware,,,,
LA LIBERTAD,retail,n9872937617,Promart,-8.090321,-79.006462,0.0,doityourself,,,,
LA LIBERTAD,retail,n10098139519,Al Kosto,-7.401072,-79.566387,0.0,hardware,,,,
LA LIBERTAD,retail,n10098139718,Ferretería Maru,-7.400077,-79.570965,0.0,hardware,,,,
LA LIBERTAD,retail,n12069766140,Ferretería La Wincha,-8.170094,-79.008399,0.0,hardware,,,,
LA LIBERTAD,retail,n12069766142,Veterinaria Alak,-8.170051,-79.008614,0.0,veterinary,,,,
LA LIBERTAD,retail,n12070635395,Ferretería Don Beto,-8.171851,-79.011478,0.0,hardware,,,,
LA LIBERTAD,retail,n12070635396,Vivero Shalom,-8.171636,-79.011425,0.0,garden_centre,,,,
LA LIBERTAD,retail,n12796426773,Ferreteria Errezeta,-7.988696,-79.071448,0.0,hardware,,,,
LA LIBERTAD,retail,w110811374,J&P S.A.C.,-8.11494,-79.014639,0.0,hardware,,,,
LA LIBERTAD,retail,w294378421,Promart,-8.132741,-79.029659,0.0,doityourself,,,,
LA LIBERTAD,retail,w518025274,Ferretería Ferri Casa,-8.110301,-79.041652,0.0,hardware,,,,
LA LIBERTAD,retail,w519449053,Clinica Veterinaria,-8.118062,-79.038865,0.0,yes,,,,
LA LIBERTAD,retail,w519453292,Dino Vaskevel S.A.C.,-8.116733,-79.044662,0.0,trade,,,,
LA LIBERTAD,retail,w519668661,Ferreteria Yomona Ingenieros,-8.107018,-79.047086,0.0,hardware,,,,
LA LIBERTAD,retail,w519714268,Glorisa Sistema Drywall,-8.123589,-79.038227,0.0,trade,,,,
LA LIBERTAD,retail,w519755854,El Duke de Can,-8.10259,-79.033308,0.0,yes,,,,
LA LIBERTAD,retail,w520115148,Adia Grupo Ferretero,-8.114148,-79.016541,0.0,hardware,,,,
LA LIBERTAD,retail,w520115150,Ferretería Wiroma,-8.113827,-79.016847,0.0,hardware,,,,
LA LIBERTAD,retail,w520115152,Dema Fer,-8.113571,-79.017091,0.0,hardware,,,,
LA LIBERTAD,retail,w520115911,Carden-Can,-8.114828,-79.018435,0.0,yes,,,,
LA LIBERTAD,retail,w520123522,Davisa,-8.114069,-79.015838,0.0,hardware,,,,
LA LIBERTAD,retail,w520123530,Vía Solutec S.A.C.,-8.113323,-79.016724,0.0,hardware,,,,
LA LIBERTAD,retail,w520398872,Maderba,-8.120496,-79.03384,0.0,trade,,,,
LA LIBERTAD,retail,w520419007,Dino Futura Plaza,-8.131722,-79.033946,0.0,trade,,,,
LA LIBERTAD,retail,w520428143,Ferretería y Materiales de Construcción Rocky,-8.174263,-78.997495,0.0,trade,,,,
LA LIBERTAD,retail,w520587844,Ferretería R.C. Distribuciones,-8.137606,-79.050526,0.0,hardware,,,,
LA LIBERTAD,retail,w520639748,Ferretería San Antonio,-8.145474,-79.04918,0.0,hardware,,,,
LA LIBERTAD,retail,w520708741,Maderera Selva,-8.541919,-78.67509,0.0,trade,,,,
LA LIBERTAD,retail,w520708756,Ferretería San Carlos,-8.539661,-78.676941,0.0,hardware,,,,
LA LIBERTAD,retail,w520719703,Inversiones Emmanuel,-8.513363,-78.685846,0.0,trade,,,,
LA LIBERTAD,retail,w521256652,Veterinario & Spa Canino,-8.09769,-79.016506,0.0,pet,,,,
LA LIBERTAD,retail,w521315897,Casa Ideal,-8.104688,-79.019804,0.0,doityourself,,,,
LA LIBERTAD,retail,w521315899,Treboly,-8.104819,-79.019985,0.0,hardware,,,,
LA LIBERTAD,retail,w521318842,Alface Eirl,-8.090207,-79.088897,0.0,hardware,,,,
LA LIBERTAD,retail,w521319246,Agrotecnología Integral,-8.426488,-78.780181,0.0,trade,,,,
LA LIBERTAD,retail,w521319247,Depósito San José,-8.425669,-78.780285,0.0,trade,,,,
LA LIBERTAD,retail,w521326332,Centro Veterinario La Esperanza,-8.082089,-79.04466,0.0,yes,,,,
LA LIBERTAD,retail,w521376293,Agroveterinaria Horizonte,-8.423301,-78.782851,0.0,trade,,,,
LA LIBERTAD,retail,w521376370,Ferretería Los Ángeles,-8.408201,-78.815177,0.0,trade,,,,
LA LIBERTAD,retail,w521376371,Las Ofertas,-8.408872,-78.815653,0.0,trade,,,,
LA LIBERTAD,retail,w521599018,Ferretería Valderrama,-8.138452,-79.045224,0.0,hardware,,,,
LA LIBERTAD,retail,w521600834,Ferretería Gutierrez,-8.137852,-79.044703,0.0,hardware,,,,
LA LIBERTAD,retail,w521606413,Bremen Import,-8.071269,-79.020989,0.0,trade,,,,
LA LIBERTAD,retail,w521610563,Davisa,-8.148697,-79.012046,0.0,trade,,,,
LA LIBERTAD,retail,w521612355,Omega Ferreteros,-8.075644,-79.020209,0.0,hardware,,,,
LA LIBERTAD,retail,w521621326,Dog Tor,-8.136385,-79.041279,0.0,yes,,,,
LA LIBERTAD,retail,w521628819,BH Rock Tools,-8.129814,-79.037652,0.0,hardware,,,,
LA LIBERTAD,retail,w521643963,Pet Care,-8.132553,-79.034756,0.0,pet,,,,
LA LIBERTAD,retail,w521839835,Claumar,-8.063522,-79.008029,0.0,hardware,,,,
LA LIBERTAD,retail,w521863172,Ferretería Santo Tomas,-8.130674,-79.050505,0.0,hardware,,,,
LA LIBERTAD,retail,w521863177,Ferretería T&M,-8.131309,-79.050876,0.0,hardware,,,,
LA LIBERTAD,retail,w522184252,Mi Ferreteria,-7.155774,-79.444873,0.0,hardware,,,,
LA LIBERTAD,retail,w522184257,Agrofácil,-7.156174,-79.444425,0.0,farm,,,,
LA LIBERTAD,retail,w522184261,La Chotanita,-7.157103,-79.443353,0.0,farm,,,,
LA LIBERTAD,retail,w522184265,Hortinor,-7.157531,-79.442845,0.0,farm,,,,
LA LIBERTAD,retail,w522195831,Dino,-8.124108,-79.01771,0.0,trade,,,,
LA LIBERTAD,retail,w522208418,Dino,-8.113115,-79.014627,0.0,trade,,,,
LA LIBERTAD,retail,w522215320,Trimafor,-8.114069,-79.014337,0.0,trade,,,,
LA LIBERTAD,retail,w522215326,Dino Materiales Alca,-8.113167,-79.013261,0.0,trade,,,,
LA LIBERTAD,retail,w522233403,Yo Ferretero,-8.112719,-79.00979,0.0,hardware,,,,
LA LIBERTAD,retail,w522233409,Davisa,-8.112606,-79.009373,0.0,trade,,,,
LA LIBERTAD,retail,w522241057,Dino Inversiones Shilco,-8.112249,-79.013556,0.0,hardware,,,,
LA LIBERTAD,retail,w522245494,Grupo D'mat,-8.112536,-79.005208,0.0,trade,,,,
LA LIBERTAD,retail,w522245502,Diana's,-8.10681,-79.003512,0.0,hardware,,,,
LA LIBERTAD,retail,w522529446,Dino,-8.114121,-79.015696,0.0,hardware,,,,
LA LIBERTAD,retail,w522553291,Ferretería Kong,-8.081843,-79.043331,0.0,hardware,,,,
LA LIBERTAD,retail,w522553300,Ferretería Carmez SAC,-8.075826,-79.046798,0.0,hardware,,,,
LA LIBERTAD,retail,w522581084,Dino Inversiones Shilico S.R.L.,-8.09046,-79.040771,0.0,trade,,,,
LA LIBERTAD,retail,w522581086,Dino Oblitas,-8.092282,-79.039957,0.0,trade,,,,
LA LIBERTAD,retail,w522584149,Cementos Inka,-8.095203,-79.039368,0.0,trade,,,,
LA LIBERTAD,retail,w522641424,Vivero Pablo Casals,-8.100132,-79.044155,0.0,garden_centre,,,,
LA LIBERTAD,retail,w522641427,Distribuidor Maderas Chang,-8.101081,-79.045291,0.0,trade,,,,
LA LIBERTAD,retail,w522691452,Ferretería Carmez S.A.C.,-8.087225,-79.038285,0.0,hardware,,,,
LA LIBERTAD,retail,w523748236,Daryl Farm,-8.100922,-79.050498,0.0,farm,,,,
LA LIBERTAD,retail,w1192716593,Fremar,-8.11261,-79.018467,0.0,hardware,,,https://fremarsac.com/tienda,+51964785224
LA LIBERTAD,retail,w1237632225,Veterinaria Trinidad,-8.125613,-79.040732,0.0,yes,,,,+51 942 243 214
LA LIBERTAD,retail,w1302552414,Vivero MSM,-8.144252,-79.000043,0.0,garden_centre,,,,
LA LIBERTAD,retail,w1303179316,Vivero Moche,-8.167786,-79.00659,0.0,garden_centre,,,,
LA LIBERTAD,retail,w1304511794,Elder,-8.010925,-78.769069,0.0,hardware,,,,
LA LIBERTAD,retail,w1337616547,Maestro,-8.115659,-79.015027,0.0,doityourself,,,,
LAMBAYEQUE,landuse,w1316797373,Fundo A9 AGV,-6.033795,-79.9853,1266.88,farmland,,,,
LAMBAYEQUE,landuse,w1008256011,Fundo Pampa Baja Olmos,-6.142587,-79.960356,1100.8,farmland,blueberry_plants,AGRICOLA PAMPA BAJA S.A.C.,,
LAMBAYEQUE,landuse,w1394203370,Fundo San Ignacio - Agrinver,-6.225013,-80.091335,1029.12,farmland,corn,AGROINVERSIONES OLMOS S.A.C.,,
LAMBAYEQUE,landuse,w1371841444,Fundo TERRANOVA,-6.283772,-80.0722,1015.67,farmland,,,,
LAMBAYEQUE,landuse,w1008256013,Fundo C6 AGV,-6.176982,-79.985805,1014.57,farmland,,FRUSAN AGRO S.A.C.,,
LAMBAYEQUE,landuse,w1008256014,Fundo C5 AGV,-6.167519,-79.997038,1012.4,farmland,,AGROVISION PERU S.A.C.,,
LAMBAYEQUE,landuse,w1008256017,Fundo Beta Olmos II,-6.179566,-80.054509,1011.66,farmland,,COMPLEJO AGROINDUSTRIAL BETA S.A.,,
LAMBAYEQUE,landuse,w1008256012,Fundo Beta Olmos I,-6.152696,-79.971122,1010.19,farmland,,COMPLEJO AGROINDUSTRIAL BETA S.A.,,
LAMBAYEQUE,landuse,w1008256003,Fundo Bomarea,-6.029937,-80.038426,1006.53,farmland,,,,
LAMBAYEQUE,landuse,w1008256001,Fundo Inagro II,-6.027644,-80.075364,1005.24,farmland,,,,
LAMBAYEQUE,landuse,w1172877233,Fundo El Paraíso,-6.201885,-80.079862,1003.16,farmland,,ASICA FARMS S.A.C.,,
LAMBAYEQUE,landuse,w1008256002,Agricola Alaya,-6.035763,-80.050985,1002.97,farmland,,,,
LAMBAYEQUE,landuse,w1008256005,Fundo Danper Olmos,-6.031738,-80.021985,1002.12,farmland,,,,
LAMBAYEQUE,landuse,w1008255997,Fundo Inagro I,-6.027914,-80.093903,1002.05,farmland,,,,
LAMBAYEQUE,landuse,w1008258244,Agricola Chapi,-6.140081,-80.038144,1000.67,farmland,,ICCGSA AGROINDUSTRIAL S.A.C.,,
LAMBAYEQUE,landuse,w1008258247,Fundo Mosqueta,-6.073341,-80.132791,999.75,farmland,,INVERSIONES MOSQUETA S.A.C.,,
LAMBAYEQUE,landuse,w1008255994,Fundo Pirona,-6.029284,-80.112458,997.57,farmland,,INVERSIONES PIRONA S.A.C.,,
LAMBAYEQUE,landuse,w1008255993,Fundo Hefei,-6.033637,-80.132258,995.83,farmland,,INVERSIONES HEFEI S.A.C.,,
LAMBAYEQUE,landuse,w1172877232,Fundo Trapani Olmos,-6.217641,-80.082251,979.47,farmland,,TRAPANI CULTIVARES PERU S.A.C.,,
LAMBAYEQUE,landuse,w1394401304,Fundo Mi Isabela,-6.24496,-80.259008,823.32,farmland,,GREEN PERU S.A.,,
LAMBAYEQUE,landuse,w1008256009,Fundo El Algarrobal,-6.088236,-79.93648,505.4,farmland,blueberry_plants,HFE BERRIES PERU,,
LAMBAYEQUE,landuse,w1008258245,Fundo Don Guillermo,-6.152241,-80.055552,497.37,farmland,cranberries,BERRY HARVEST S.A.,,
LAMBAYEQUE,landuse,w1008255992,Fundo Cholocal,-6.113325,-79.950136,466.8,farmland,blueberry_plants,Plantaciones del Sol S.A.C.,,
LAMBAYEQUE,landuse,w1008258242,Fundo Lote B6C,-6.118718,-79.962352,277.46,farmland,blueberry_plants,AGRICOLA CAMPO NOBLE S.A.C.,,
LAMBAYEQUE,landuse,w1200709776,Vivero Las Palmeras Piscoya,-5.992352,-79.726365,0.26,plant_nursery,,,,
LAMBAYEQUE,agroind,n5329940446,Fabrica de Gaseosas,-6.846343,-79.830181,0.0,works,,,,
LAMBAYEQUE,agroind,n5650462722,Procesadora Peru SAC,-6.778174,-79.877397,0.0,works,,,,
LAMBAYEQUE,agroind,n6856149625,Molino Capricho del Destino,-6.74547,-79.866813,0.0,works,,,,
LAMBAYEQUE,agroind,n6856149644,Fabrica de Hielo,-6.746354,-79.871917,0.0,works,,,,
LAMBAYEQUE,agroind,n14131509521,Piladora Nuevo Horizonte,-6.824077,-79.85736,0.0,works,,,,
LAMBAYEQUE,agroind,w425653823,Taller Mantenimiento,-6.216789,-79.728427,0.0,works,,,,
LAMBAYEQUE,agroind,w551563346,Central Eléctrica ENSA,-6.649652,-79.790733,0.0,industrial,,,,
LAMBAYEQUE,agroind,w627656265,Grapes of Sipan,-6.655984,-79.42891,0.0,industrial,,,,
LAMBAYEQUE,agroind,w706302085,Agroindustrial Tumán,-6.751674,-79.706127,0.0,industrial,,,,
LAMBAYEQUE,agroind,w712164246,Agroindustria Frutos de Oro,-6.152382,-79.704583,0.0,industrial,,,,
LAMBAYEQUE,agroind,w712164247,Transportes 77,-6.148319,-79.70316,0.0,industrial,,,,
LAMBAYEQUE,agroind,w712164248,Agroindustrias AIB,-6.14616,-79.702484,0.0,industrial,,,,
LAMBAYEQUE,agroind,w712164249,Backus Motupe,-6.139443,-79.700583,0.0,industrial,,,,
LAMBAYEQUE,agroind,w732205170,Molino Capricho del Destino,-6.745828,-79.866762,0.0,industrial,,,,
LAMBAYEQUE,agroind,w732205193,Fabrica de Hielo,-6.745882,-79.871768,0.0,works,,,,
LAMBAYEQUE,agroind,w844910109,Yamboly,-6.788799,-79.855743,0.0,works,,,,
LAMBAYEQUE,agroind,w844910140,Fabrica Purina,-6.785345,-79.879863,0.0,industrial,,,,
LAMBAYEQUE,agroind,w844910141,Backus,-6.782521,-79.87918,0.0,industrial,,,,
LAMBAYEQUE,agroind,w845853134,AJE Chiclayo,-6.783532,-79.87938,0.0,industrial,,,,
LAMBAYEQUE,agroind,w846488166,Atlántica S.R.L.,-6.799524,-79.855373,0.0,works,,,,
LAMBAYEQUE,agroind,w873092135,GANDULES S.A.C.,-6.334286,-79.763084,0.0,industrial,,,,
LAMBAYEQUE,agroind,w895407134,Planta de Reserva Fría de Generación Éten,-6.884972,-79.789654,0.0,industrial,,Planta de Reserva Fría de Generación Éten S.A.,,
LAMBAYEQUE,agroind,w895407138,Central Térmica Recka,-6.878635,-79.792217,0.0,industrial,,Sociedad Minera Cerro Verde S.A.A,,
LAMBAYEQUE,agroind,w929004617,Grupo Gloria,-6.795283,-79.881798,0.0,works,,,,
LAMBAYEQUE,agroind,w929004621,Procomsac,-6.784213,-79.879789,0.0,works,,,,
LAMBAYEQUE,agroind,w929012882,El Aguila SRL,-6.799115,-79.854623,0.0,works,,,,
LAMBAYEQUE,agroind,w1007479179,Ingenio Azucarero Agrolmos,-6.084191,-80.058775,0.0,industrial,,,,
LAMBAYEQUE,agroind,w1132587456,Fábrica de Ladrillos Lark,-6.681902,-79.90615,0.0,industrial,,,,
LAMBAYEQUE,agroind,w1217201191,Quicornac S.A.C.,-5.975199,-79.748504,0.0,industrial,,,,
LAMBAYEQUE,agroind,w1310921066,Planta de Hielo VyC,-6.883393,-79.906356,0.0,works,,,,
LAMBAYEQUE,agroind,w1311312275,P.T. Residuos Solidos,-6.884128,-79.740443,0.0,industrial,,,,
LAMBAYEQUE,agroind,w1311313863,Parque Industrial Villa El Milagro,-6.89489,-79.837068,0.0,industrial,,,,
LAMBAYEQUE,agroind,w1311407018,Fabrica de Hielo Vimalca,-6.866183,-79.926934,0.0,industrial,,,,
LAMBAYEQUE,agroind,w1311407019,Fabrica de Hielo MarMar,-6.869592,-79.926035,0.0,industrial,,,,
LAMBAYEQUE,agroind,w1312364920,Ladrillos Fortaleza,-6.856046,-79.867006,0.0,industrial,,,,
LAMBAYEQUE,agroind,w1312364921,Ladrillos Herri Peru,-6.850322,-79.860399,0.0,industrial,,,,
LAMBAYEQUE,agroind,w1312364923,Ladrillos Italperu,-6.815195,-79.851628,0.0,industrial,,,,
LAMBAYEQUE,agroind,w1366070735,Complejo Agroindustrial BETA,-6.362229,-79.788149,0.0,industrial,,,,
LAMBAYEQUE,agroind,w1430437057,FÁBRICAS Y UNIVERSIDADES,-6.786049,-79.879273,0.0,industrial,,,,
LAMBAYEQUE,farmbld,w891116691,Fundo Doña Ángela,-6.812976,-79.266455,0.0,farm_auxiliary,,,,
LAMBAYEQUE,named,n8303736161,Hacienda Oberrazal,-6.597948,-79.380426,0.0,hamlet,,,,
LAMBAYEQUE,named,n8794182405,Hacienda Santa Lucia,-5.981317,-79.436994,0.0,hamlet,,,,
LAMBAYEQUE,named,n8870961909,Hacienda Racali,-5.86148,-79.692121,0.0,hamlet,,,,
LAMBAYEQUE,named,n9553461227,Villa La Hacienda,-6.826709,-79.907527,0.0,neighbourhood,,,,
LAMBAYEQUE,named,n12165828516,Hacienda Real,-6.578055,-79.883487,0.0,neighbourhood,,,,
LAMBAYEQUE,named,n13184492179,Hacienda Santa María,-6.740403,-79.894958,0.0,hamlet,,,,
LAMBAYEQUE,named,n13190992022,Hacienda Sasape,-6.505437,-79.90087,0.0,hamlet,,,,
LAMBAYEQUE,named,n13246409277,Fundo Gonzales,-6.132671,-79.655398,0.0,hamlet,,,,
LAMBAYEQUE,named,w1311909021,Fundo San Francisco,-6.826757,-79.938086,0.0,farmyard,,,,
LAMBAYEQUE,retail,n4633929347,Veterinaria Yanapaqui,-6.778452,-79.883284,0.0,veterinary,,,,
LAMBAYEQUE,retail,n5054984731,Venus,-6.764798,-79.832098,0.0,hardware,,,,
LAMBAYEQUE,retail,n5054984745,Ferretería Inversiones San Miguel,-6.764031,-79.831573,0.0,hardware,,,,
LAMBAYEQUE,retail,n5064433897,Centro Veterinario,-6.770844,-79.831867,0.0,veterinary,,,,
LAMBAYEQUE,retail,n5064718203,Ferropark,-6.77017,-79.829752,0.0,hardware,,,,
LAMBAYEQUE,retail,n5065253393,Los Leones,-6.777845,-79.844065,0.0,hardware,,,,
LAMBAYEQUE,retail,n5082519775,Negocios Agricolas SRL,-6.76546,-79.841293,0.0,agrarian,,,,
LAMBAYEQUE,retail,n5082519785,Agrotec El Valle,-6.76629,-79.840927,0.0,agrarian,,,,
LAMBAYEQUE,retail,n5082612863,Ferreteria Carvic,-6.767952,-79.839704,0.0,hardware,,,,
LAMBAYEQUE,retail,n5082685261,Panoramicos,-6.762657,-79.845538,0.0,doityourself,,,,
LAMBAYEQUE,retail,n5084155392,Fierro Cemento avos Mallas Yeso,-6.763743,-79.84002,0.0,hardware,,,,
LAMBAYEQUE,retail,n5084155403,Ferretería Garay,-6.763833,-79.839191,0.0,hardware,,,,
LAMBAYEQUE,retail,n5084208096,Acrlmsa Pernos y Tuercas,-6.762922,-79.844246,0.0,hardware,,,,
LAMBAYEQUE,retail,n5084260414,Agromar,-6.763267,-79.841336,0.0,hardware,,,,
LAMBAYEQUE,retail,n5084489422,Maveco,-6.763451,-79.84097,0.0,hardware,,,,
LAMBAYEQUE,retail,n5084489423,Pavco,-6.763446,-79.841051,0.0,hardware,,,,
LAMBAYEQUE,retail,n5084772041,Comercial Sican,-6.764423,-79.844147,0.0,hardware,,,,
LAMBAYEQUE,retail,n5084772062,Tienda Agricola,-6.765276,-79.841525,0.0,farm,,,,
LAMBAYEQUE,retail,n5084772067,Agrosoltec,-6.76548,-79.841557,0.0,farm,,,,
LAMBAYEQUE,retail,n5084772070,Negocids & Distribuciones,-6.765531,-79.841551,0.0,hardware,,,,
LAMBAYEQUE,retail,n5084772074,Naylamp,-6.765615,-79.841571,0.0,veterinary,,,,
LAMBAYEQUE,retail,n5084772090,Agro Buen Seinbrador,-6.766124,-79.841591,0.0,farm,,,,
LAMBAYEQUE,retail,n5084772091,Formula del Agro Eirl Formulagro,-6.766178,-79.841597,0.0,farm,,,,
LAMBAYEQUE,retail,n5084792537,Sarita Colonia,-6.768968,-79.840385,0.0,hardware,,,,
LAMBAYEQUE,retail,n5086346170,Zoo Planet,-6.767217,-79.84171,0.0,veterinary,,,,
LAMBAYEQUE,retail,n5086399913,Silver Import Ferreteria,-6.768154,-79.84027,0.0,hardware,,,,
LAMBAYEQUE,retail,n5086474507,Pintel Distribudor,-6.769458,-79.840274,0.0,hardware,,,,
LAMBAYEQUE,retail,n5086511727,Ferreteria Jomy,-6.76968,-79.842115,0.0,hardware,,,,
LAMBAYEQUE,retail,n5086511749,Bull Pet's Vet,-6.766924,-79.841845,0.0,veterinary,,,,
LAMBAYEQUE,retail,n5087382252,Uniagro,-6.863346,-79.817581,0.0,farm,,,,
LAMBAYEQUE,retail,n5268034019,Zoomat,-6.769982,-79.85603,0.0,veterinary,,,,
LAMBAYEQUE,retail,n5268605406,Suazo,-6.771292,-79.829778,0.0,hardware,,,,
LAMBAYEQUE,retail,n5268606839,H&C Ferromateriales,-6.771655,-79.795114,0.0,hardware,,,,
LAMBAYEQUE,retail,n5489165621,Casa Blanca,-6.47824,-79.682359,0.0,hardware,,,,
LAMBAYEQUE,retail,n5902823686,Kelima,-6.755906,-79.850703,0.0,hardware,,,,
LAMBAYEQUE,retail,n6431709868,Natural Barf Cix,-6.776871,-79.857264,0.0,pet,,,,
LAMBAYEQUE,retail,n10964932283,Corporación BIM s.a.c.,-6.760483,-79.842276,0.0,hardware,,Corporación BIm s.a.c.,,+51 74 255844
LAMBAYEQUE,retail,n10970234222,Negocios El Triunfo,-6.705136,-79.901813,0.0,hardware,,,,
LAMBAYEQUE,retail,n12372727780,Sodimac,-6.778394,-79.835741,0.0,doityourself,,,,
LAMBAYEQUE,retail,w446750575,Sodimac,-6.767733,-79.851425,0.0,doityourself,,,,
LAMBAYEQUE,retail,w519454077,Y&L,-6.779954,-79.834772,0.0,hardware,,,,
LAMBAYEQUE,retail,w519457557,Ferreteria A&B,-6.777761,-79.843154,0.0,hardware,,,,
LAMBAYEQUE,retail,w521658745,El Sol,-6.762202,-79.843999,0.0,hardware,,,,
LAMBAYEQUE,retail,w521872260,La Casa Tornillo,-6.762729,-79.844026,0.0,hardware,,,,
LAMBAYEQUE,retail,w732205192,Sodimac,-6.748317,-79.872119,0.0,doityourself,,,,
LIMA,landuse,w786227333,Vivero de Árboles de Lima,-11.793347,-77.139845,111.4,plant_nursery,,Servicios de Parques de Lima,https://www.serpar.gob.pe/,
LIMA,landuse,w689049913,Fundo Casa Blanca,-12.484305,-76.712235,100.62,orchard,,,,
LIMA,landuse,w895292958,Chacra apio 2,-11.730581,-76.984251,52.17,farmland,,,,
LIMA,landuse,w893983617,Chacra Pajuelo,-11.948983,-77.111875,18.93,farmland,,,,
LIMA,landuse,w513982249,Restos de la hacienda Nievería,-11.988302,-76.910146,8.23,farmland,grass,Familia Bonifacio,,
LIMA,landuse,w458782256,Vivero Municipal Los Olivos,-11.930682,-77.073862,7.08,plant_nursery,,,,
LIMA,landuse,w643539568,Chacra beterraga 1,-11.956468,-77.112987,2.5,farmland,beet,,,
LIMA,landuse,w766256642,Vivero de plantas Huáscar,-12.233922,-76.925594,2.2,plant_nursery,,Club Zonal Huáscar,,
LIMA,landuse,w886870966,Vivero Costa Verde,-11.479721,-77.207039,1.38,plant_nursery,,,,
LIMA,landuse,w397415855,Vivero Municipal,-11.977507,-77.005886,0.57,plant_nursery,,,,
LIMA,landuse,w435497210,Vivero Las Begonias Preservando El Medio Ambiente,-11.912402,-77.039367,0.1,plant_nursery,,,,
LIMA,landuse,w437707605,Vivero La Alameda,-12.200623,-77.013971,0.01,plant_nursery,,,,
LIMA,agroind,n2479176496,Bodega Reina de Lunahuana,-12.917229,-76.104728,0.0,winery,,,http://www.lareinadelunahuana.com/,
LIMA,agroind,n4020807182,Minera Casapalca,-11.650089,-76.235025,0.0,works,,,,
LIMA,agroind,n4124989379,Ferreyros S.A.,-12.04261,-77.076157,0.0,works,,,,
LIMA,agroind,n4124989386,Fibras Industriales S.A.,-12.045062,-77.075525,0.0,works,,,,
LIMA,agroind,n4124993591,STROBBE HNOS SRL,-12.044986,-77.07105,0.0,works,,,,
LIMA,agroind,n4124993619,Perú Cola,-12.045417,-77.072403,0.0,works,,,,
LIMA,agroind,n4124993642,Aceros Boehler del Perú S.A.,-12.044843,-77.068423,0.0,works,,,,
LIMA,agroind,n4124993681,Duraplast,-12.042557,-77.070777,0.0,works,,,,
LIMA,agroind,n4125007227,Aris Industrial S.A.,-12.039367,-77.074291,0.0,works,,,,
LIMA,agroind,n4125017469,"Textil ""El Amazonas"" S.A.",-12.044555,-77.060676,0.0,works,,,,
LIMA,agroind,n4340651556,Sayon S.A.,-12.063728,-76.98872,0.0,works,,,,
LIMA,agroind,n4341418134,Rey Plast,-12.061006,-76.978042,0.0,works,,,,
LIMA,agroind,n4388230576,Manufacturas Eléctricas,-12.048133,-77.057479,0.0,works,,,,
LIMA,agroind,n4578514391,RICOH,-12.107316,-77.017568,0.0,works,,,,
LIMA,agroind,n4785310215,Dimfer,-12.152412,-76.870371,0.0,works,,,https://dimfer.com.pe/,
LIMA,agroind,n5016788780,Ladrillera Sagitario,-12.001884,-76.927469,0.0,works,,,,
LIMA,agroind,n5016788789,Ladrillos Forte,-12.000581,-76.926244,0.0,works,,,,
LIMA,agroind,n5016788834,Ladrillera Fortaleza,-11.996853,-76.927592,0.0,works,,,,
LIMA,agroind,n5016788861,Ladrillera Delta,-11.992781,-76.927936,0.0,works,,,,
LIMA,agroind,n5054954726,Opp Film Planta #4,-12.277565,-76.874953,0.0,works,,,,
LIMA,agroind,n5055045623,Opp Film Planta #3,-12.276944,-76.874588,0.0,works,,,,
LIMA,agroind,n5993613990,Laive S.A.C.,-12.02745,-76.893213,0.0,works,,,,
LIMA,agroind,n9074468472,Industria Techni Peru SAC,-11.948433,-77.067508,0.0,works,,Industria Techni Peru SAC,https://techniperu.com/,+51 1 4801201
LIMA,agroind,n9203175940,Cimatec S.A.C.,-12.056809,-77.064721,0.0,works,,,https://website.cimatec.pe/,+51 511 336 5151
LIMA,agroind,n9528751971,Etna,-11.969342,-77.065267,0.0,works,,,,
LIMA,agroind,n9843222731,Cofaco Industries S.A.C.,-11.953717,-77.067324,0.0,works,,,,
LIMA,agroind,n9953738644,Curador,-12.120959,-77.032755,0.0,winery,,,,
LIMA,agroind,n11211454473,Vulcano,-12.078958,-77.087143,0.0,works,,,,+51954015381
LIMA,agroind,n12069017969,Oxxo,-12.116807,-77.032999,0.0,winery,,,,
LIMA,agroind,n13359941407,Grupo Braillard,-12.219622,-76.97133,0.0,works,,,https://grupobraillard.com/,
LIMA,agroind,n13368344894,Estrumetal,-12.186198,-76.943478,0.0,works,,Jose Benjamin Puma Toledo,,
LIMA,agroind,n13391313368,Bodega Víctor Manuel,-12.959964,-76.142462,0.0,winery,,,,
LIMA,agroind,n13806746302,Minimarket EL CREMA 1,-12.022541,-76.880988,0.0,winery,,,,
LIMA,agroind,n13806754501,Minimarket EL CREMA 2,-12.022348,-76.882145,0.0,winery,,,,
LIMA,agroind,n14042402605,Alkofarma E.I.R.L,-12.022168,-77.073759,0.0,works,,,https://alkofarma.com/,+51 1 5670517;+51 15673935
LIMA,agroind,w155104389,Refinería Conchán,-12.250673,-76.922855,0.0,industrial,,Petroperú,https://www.petroperu.com.pe/Main.asp?Seccion=74,
LIMA,agroind,w183453710,Cotton's Jeans,-12.020469,-76.998505,0.0,works,,,,
LIMA,agroind,w183453713,Hialpesa,-12.019323,-76.98964,0.0,works,,,,
LIMA,agroind,w183453736,Pieers,-12.018916,-76.997717,0.0,works,,,,
LIMA,agroind,w183453747,Topi Top,-12.020949,-76.989838,0.0,works,,,,
LIMA,agroind,w184261949,Fabrica Celima,-12.007852,-76.99485,0.0,works,,,,
LIMA,agroind,w190337600,Subestación Eléctrica San Juan,-12.178032,-76.972631,0.0,industrial,,Red de Energía del Peru,,
LIMA,agroind,w235593847,Central Termoeléctrica Chilca Uno,-12.503143,-76.729064,0.0,industrial,,Engie Energía Perú S.A.,https://engie-energia.pe/,
LIMA,agroind,w235593848,IRRIDIA,-12.533101,-76.715374,0.0,industrial,,,http://www.irradia.com.pe,
LIMA,agroind,w235593849,Central Termoeléctrica Kallpa,-12.4985,-76.728945,0.0,industrial,,Kallpa Generación S.A.,https://kallpageneracion.com.pe/,
LIMA,agroind,w235593852,Central Termoeléctrica Santo Domingo de los Olleros,-12.493709,-76.715575,0.0,industrial,,TermoChilca S.A.C.,http://www.termochilca.com/la-planta/,
LIMA,agroind,w235596248,Planta Termoeléctrica Fenix Power,-12.543456,-76.735277,0.0,industrial,,Fenix Power Perú S.A.,https://www.fenix.com.pe/,
LIMA,agroind,w235736721,Central Hidroeléctrica de Huampaní,-11.973041,-76.774937,0.0,industrial,,Enel Generación Perú,https://www.enel.pe/es/inversionistas/enel-generacion-peru/huampani.html,
LIMA,agroind,w235747425,Central de Energía Hidroeléctrica de Callahuanca,-11.836733,-76.623658,0.0,industrial,,Enel Generación Perú,https://www.enel.pe/es/inversionistas/enel-generacion-peru/callahuanca.html,
LIMA,agroind,w235959824,Central Térmica Las Flores,-12.521332,-76.71692,0.0,industrial,,Kallpa Generación S.A.,,
LIMA,agroind,w238773018,T&T Ingeniería y Construcción S.A.,-12.233481,-76.959297,0.0,industrial,,,https://www.tytingenieria.com.pe/,
LIMA,agroind,w239187773,Almacén Central de Serpost,-12.009077,-77.067822,0.0,industrial,,Serpost,,
LIMA,agroind,w283032382,Planta Pampa Melchorita,-13.244186,-76.29762,0.0,industrial,,Peru LNG S.R.L.,,
LIMA,agroind,w298460614,Molitalia S.A.,-12.058092,-77.0716,0.0,industrial,,,,
LIMA,agroind,w299590616,Metalurgia Peruana,-12.036087,-77.009197,0.0,industrial,,,,
LIMA,agroind,w302109324,REJYRA EIRL,-11.997064,-77.097827,0.0,industrial,,,,
LIMA,agroind,w318148701,Comfer S.A.,-12.138984,-76.994523,0.0,industrial,,,,
LIMA,agroind,w332365622,INGEMMET,-12.085437,-77.009051,0.0,industrial,,,,
LIMA,agroind,w357287194,Tejidos San Jacinto S.A,-12.04913,-76.956081,0.0,industrial,,,http://www.sanjacinto.com.pe/,+5113170300
LIMA,agroind,w357287195,Química Suiza,-12.0481,-76.953803,0.0,industrial,,,,
LIMA,agroind,w357287196,Centro Stop,-12.047089,-76.951386,0.0,industrial,,,,
LIMA,agroind,w357299858,IBM,-12.071165,-76.951746,0.0,industrial,,,,
LIMA,agroind,w357977604,COPRESA,-12.110069,-77.006943,0.0,industrial,,,,
LIMA,agroind,w366014845,Pirata,-11.957417,-76.993923,0.0,winery,,,,
LIMA,agroind,w372402213,Etuchisa,-12.234958,-76.912431,0.0,industrial,,,,
LIMA,agroind,w375879593,Unique,-12.279712,-76.87939,0.0,industrial,,,,
LIMA,agroind,w376747953,Enel,-11.98007,-77.005525,0.0,industrial,,Enel,,
LIMA,agroind,w378463378,Fundición Chilca S.A.,-12.48915,-76.707726,0.0,industrial,,,https://fucsa.pe/,
LIMA,agroind,w382356413,Tower and Tower S.A.,-12.29406,-76.842911,0.0,industrial,,,,
LIMA,agroind,w382540378,Planta Braun Medical Perú S. A.,-12.293977,-76.841506,0.0,industrial,,,https://www.bbraun.pe/,+51 1 616 8787
LIMA,agroind,w385163334,Nestle - Fabrica Donofrio,-12.056385,-77.067994,0.0,industrial,,,https://www.nestle.com.pe/,+51 1 3365182
LIMA,agroind,w387031770,Imprenta Diario El Comercio,-12.071128,-77.076946,0.0,industrial,,,https://elcomercio.pe/,
LIMA,agroind,w391845519,Planta Yobel,-11.954881,-77.06582,0.0,industrial,,,,
LIMA,agroind,w391845520,Unique S.A.,-11.953513,-77.066107,0.0,industrial,,,,
LIMA,agroind,w391849554,ANYPSA,-11.892023,-77.046528,0.0,industrial,,,https://www.anypsa.com.pe/,
LIMA,agroind,w391969471,UNICON Planta Ancieta,-12.038097,-77.00781,0.0,industrial,,,https://www.unicon.com.pe/principal/categoria/plantas/18/c-18,
LIMA,agroind,w392343841,Gloria S.A. Planta Huachipa,-12.003413,-76.907608,0.0,industrial,,,https://www.grupogloria.com/gloria.html,
LIMA,agroind,w392343845,Logistica del Pacifico,-12.004425,-76.912161,0.0,industrial,,,,
LIMA,agroind,w392343867,Gloria S.A.,-12.006139,-76.908686,0.0,industrial,,,,
LIMA,agroind,w392343881,Centro de Distribución Tottus Huachipa,-12.000145,-76.899598,0.0,industrial,,Grupo Falabella,,
LIMA,agroind,w393282114,Universal Textil,-12.058198,-77.065344,0.0,industrial,,,,
LIMA,agroind,w394166843,LiderCon Perú S.A.C - Sede Ate,-12.024526,-76.894543,0.0,industrial,,,https://www.liderconperu.com/,
LIMA,agroind,w394166867,Kimberly Clark,-12.018659,-76.893629,0.0,industrial,,,,
LIMA,agroind,w396491708,Trébol Celima,-12.01326,-77.061729,0.0,industrial,,,,
LIMA,agroind,w397008663,COMACSA S.A.,-11.963872,-77.065177,0.0,works,,,,
LIMA,agroind,w397553983,Gloria,-12.086289,-77.024236,0.0,works,,,,
LIMA,agroind,w398851917,Backus Lima,-12.048684,-76.940998,0.0,industrial,,,https://backus.pe/,
LIMA,agroind,w401685350,AMECO,-12.219256,-76.974358,0.0,industrial,,,http://www.ameco.com.pe/,
LIMA,agroind,w402018460,Fábrica de armas,-11.995605,-76.896457,0.0,industrial,,,,
LIMA,agroind,w402046847,Logística del Pacífico,-12.048767,-76.944487,0.0,industrial,,,,
LIMA,agroind,w402758551,Centro Operativo La Atarjea,-12.036781,-76.984775,0.0,industrial,,,,
LIMA,agroind,w405584320,Fábrica Costa,-11.960035,-77.066199,0.0,industrial,,,,
LIMA,agroind,w405584546,Motormundo,-11.957841,-77.068009,0.0,works,,,,
LIMA,agroind,w405584772,Oulet,-11.958364,-77.065738,0.0,industrial,,,,
LIMA,agroind,w410710376,Eternit,-12.041826,-77.057215,0.0,works,,,,
LIMA,agroind,w410711321,DEPSA,-12.041926,-77.058274,0.0,works,,,,
LIMA,agroind,w410713222,Planta San Miguel Industrias PET SA,-12.039696,-77.072575,0.0,industrial,,,http://www.smi.com.pe/,
LIMA,agroind,w419337856,Transportes 77 S.A.,-12.05006,-76.949452,0.0,industrial,,,,
LIMA,agroind,w435186965,Alquiler de Máquinas y Equipos Venta de Equipos Usados,-12.044277,-77.059422,0.0,industrial,,,,
LIMA,agroind,w435198436,Cresko,-12.045758,-77.05902,0.0,industrial,,,,
LIMA,agroind,w435198437,Delgrosa,-12.045731,-77.061988,0.0,industrial,,,,
LIMA,agroind,w435198441,Comercial Del Acero,-12.046382,-77.068252,0.0,industrial,,,,
LIMA,agroind,w435492235,Tecsur,-12.177362,-76.976215,0.0,industrial,,,,
LIMA,agroind,w435823562,Exanco,-12.292254,-76.836068,0.0,industrial,,,,
LIMA,agroind,w436187638,Mexichem,-12.05549,-76.976951,0.0,works,,,,
LIMA,agroind,w436260850,Transportes El Pino,-12.065543,-76.995244,0.0,industrial,,,,
LIMA,agroind,w436269918,Fábrica Textil La Unión,-12.058385,-76.978936,0.0,works,,,,
LIMA,agroind,w436288753,Planta Transferencia Huayna Cápac,-12.18783,-76.964696,0.0,industrial,,Innova Ambiental,,
LIMA,agroind,w436314875,Almacen Grupo AJE,-12.019029,-76.922587,0.0,industrial,,,,
LIMA,agroind,w436950023,Indurama,-12.290318,-76.834648,0.0,industrial,,,,
LIMA,agroind,w436950025,Rotoplos,-12.292809,-76.836628,0.0,industrial,,,,
LIMA,agroind,w436951943,Planta de Gas Natural Comprimido,-12.297384,-76.848835,0.0,industrial,,,,
LIMA,agroind,w436963812,Planta industrial MODASA,-12.288688,-76.855487,0.0,industrial,,,,
LIMA,agroind,w437046657,Qesquera Centinela Planta Chancay,-11.577847,-77.26813,0.0,industrial,,,,
LIMA,agroind,w437046658,CFG Investment,-11.576946,-77.269869,0.0,industrial,,,,
LIMA,agroind,w437362159,Sandvik,-12.177745,-77.016448,0.0,industrial,,,,
LIMA,agroind,w437376818,Traperos de Emaús San Agustín,-12.180715,-76.999037,0.0,industrial,,,,
LIMA,agroind,w437882249,Desarrollo Industrial Metalurgico S.A.,-12.158067,-76.979413,0.0,industrial,,,,
LIMA,agroind,w437885094,Faber Castell,-12.056489,-76.962853,0.0,industrial,,,,
LIMA,agroind,w439920165,UNICON,-12.14691,-76.97954,0.0,industrial,,,https://www.unicon.com.pe/principal,
LIMA,agroind,w441717375,Ladrillera Lark,-11.856701,-77.056098,0.0,industrial,,,,
LIMA,agroind,w442360434,Preansa Perú,-12.203035,-76.912139,0.0,industrial,,,,
LIMA,agroind,w442464042,Municipalidad de Lima,-12.040516,-77.015366,0.0,industrial,,,,
LIMA,agroind,w444307052,Minsa San Fernando,-11.824445,-76.303548,0.0,industrial,,,,
LIMA,agroind,w444682459,Planta de Gas,-12.228901,-76.896801,0.0,industrial,,,,
LIMA,agroind,w446415768,Envases Espaciales,-12.005102,-77.073561,0.0,industrial,,,,
LIMA,agroind,w448061327,Parque Industrial San Pedro,-12.149028,-77.010921,0.0,industrial,,,,
LIMA,agroind,w450614730,Transportes 77 S.A.,-12.056315,-76.945353,0.0,industrial,,,,
LIMA,agroind,w451633617,Soldexa S.A.,-12.262771,-76.853367,0.0,industrial,,,,
LIMA,agroind,w451794175,Los Andes S.A.C.,-12.174745,-76.971754,0.0,industrial,,,,
LIMA,agroind,w453436072,Almacén Saga Falabella,-12.213261,-76.962209,0.0,industrial,,Grupo Falabella,,
LIMA,agroind,w453436073,BSF Villa El Salvador,-12.209484,-76.965435,0.0,industrial,,,,
LIMA,agroind,w453436076,DINET,-12.21591,-76.961668,0.0,industrial,,,http://www.dinet.com.pe/,
LIMA,agroind,w453436077,Almacén Rosen Perú,-12.212142,-76.960791,0.0,industrial,,,https://www.rosen.com.pe/,
LIMA,agroind,w453436078,Almacén Ripley,-12.211512,-76.959686,0.0,industrial,,,,
LIMA,agroind,w454008233,Almacén Claro Perú,-12.210167,-76.9613,0.0,industrial,,América Móvil Perú S.A.C.,,
LIMA,agroind,w454585975,Centro de Distribucion Plaza Vea,-12.173964,-76.977221,0.0,industrial,,,,
LIMA,agroind,w454585979,Backus,-12.175984,-76.976636,0.0,industrial,,,,
LIMA,agroind,w454698454,Laive,-12.027274,-76.89196,0.0,industrial,,,http://laive.com.pe,
LIMA,agroind,w454698515,Galletas San Jorge,-12.020722,-76.893692,0.0,industrial,,,,
LIMA,agroind,w454698518,Ilender Perú,-12.028439,-76.891357,0.0,industrial,,,https://www.ilendercorp.com/,
LIMA,agroind,w455122306,Maersk,-12.215226,-76.960523,0.0,industrial,,,,
LIMA,agroind,w455122311,Aldea 4,-12.217782,-76.96307,0.0,industrial,,,,
LIMA,agroind,w455608133,Almacén Cassinelli,-12.214793,-76.959793,0.0,industrial,,,,
LIMA,agroind,w456651114,CIFARMA S.A.,-12.047084,-76.949373,0.0,industrial,,,https://cifarma.com.pe/,
LIMA,agroind,w457098554,Sinea Lurín,-12.255407,-76.877769,0.0,industrial,,,,
LIMA,agroind,w458939874,Etac Perú,-12.211597,-76.964125,0.0,industrial,,,,
LIMA,agroind,w458939875,JJC Contratistas Generales S.A,-12.211743,-76.966553,0.0,industrial,,,https://www.grupojjc.com.pe/,
LIMA,agroind,w458939879,Almacén Oxford,-12.210023,-76.96872,0.0,industrial,,,,
LIMA,agroind,w458939887,Industrias El Cisne,-12.204775,-76.965697,0.0,industrial,,,,
LIMA,agroind,w458939893,Técnicas Metálicas S.A.C,-12.211729,-76.974329,0.0,industrial,,,http://www.tecnicasmetalicas.com.pe/portal/Index.html,+51 1 2879922
LIMA,agroind,w459853843,Bocatoma Huachipa,-12.00897,-76.881372,0.0,industrial,,SEDAPAL,,
LIMA,agroind,w459853844,Planta de tratamiento San Antonio de Carapongo,-12.007387,-76.873151,0.0,industrial,,SEDAPAL,,
LIMA,agroind,w460365504,Perufarma Distribuidores,-12.060988,-77.078509,0.0,industrial,,,https://perufarma.com.pe,+51 1 7117000; +51 1 7117007
LIMA,agroind,w461581799,Planta Coca Cola - Pucusana,-12.483232,-76.753533,0.0,industrial,,,https://www.arcacontinentallindley.pe/nuestra-produccion.php,
LIMA,agroind,w461589263,Famesa,-11.889675,-77.081842,0.0,industrial,,,,
LIMA,agroind,w466177509,Centro Industrial Las Praderas de Lurín,-12.29671,-76.836157,0.0,industrial,,,,
LIMA,agroind,w466177510,Planta Cerámica San Lorenzo,-12.294399,-76.833876,0.0,industrial,,,,
LIMA,agroind,w466181497,Almacén InRetail Pharma S.A.,-12.207072,-76.988013,0.0,industrial,,,,
LIMA,agroind,w466181498,SAVAR,-12.208134,-76.98662,0.0,industrial,,,http://www.savar.com.pe/websavar/new/principal.php,
LIMA,agroind,w467822106,Empresa de transporte Coraje,-12.242316,-76.930515,0.0,industrial,,,,
LIMA,agroind,w467822112,Transportes Huáscar,-12.246843,-76.925449,0.0,industrial,,,,
LIMA,agroind,w468922834,Kimberly-Clark Perú,-11.865801,-77.072459,0.0,industrial,,,,
LIMA,agroind,w473664384,Sermat,-12.21439,-76.957972,0.0,industrial,,,http://www.sermatperu.com/,+51 989 125 923
LIMA,agroind,w479953793,GEA Generación Eléctrica de Atocongo,-12.195666,-76.906996,0.0,industrial,,Generación Eléctrica de Atocongo S.A.,https://www.unacem.com.pe/?page_id=323,
LIMA,agroind,w480857894,CD Corporación Lindley - Huachipa,-11.999507,-76.914231,0.0,industrial,,Corporación Lindley S.A.,,
LIMA,agroind,w480857954,Fábrica Cementos Inka,-11.990954,-76.900361,0.0,industrial,,,,
LIMA,agroind,w481053614,Empresa de transportes José Gálvez,-12.211557,-76.913591,0.0,industrial,,,,
LIMA,agroind,w484579028,Compañia Molinera del Centro,-12.021482,-76.90231,0.0,industrial,,,,
LIMA,agroind,w485971282,BSF Portada de Lurin,-12.315698,-76.824481,0.0,industrial,,,https://bsf.pe/,
LIMA,agroind,w486470871,Hidroeléctrica Llapay,-12.338336,-75.827448,0.0,industrial,,,,
LIMA,agroind,w494796054,Almacenera Pacífico,-12.253689,-76.916156,0.0,industrial,,,,
LIMA,agroind,w494892293,Compañía Minera Luren S.A,-12.237218,-76.951808,0.0,industrial,,,http://www.mineraluren.com,
LIMA,agroind,w494892315,Chancadora Excalibur S.A.C.,-12.239683,-76.946101,0.0,industrial,,,,
LIMA,agroind,w495933205,Gloria S.A.,-12.113507,-77.017625,0.0,industrial,,,,
LIMA,agroind,w496081715,Fábrica La Unión,-13.081271,-76.385264,0.0,works,,,,
LIMA,agroind,w499965357,Parque Industrial El Asesor,-12.040936,-76.937452,0.0,industrial,,,,
LIMA,agroind,w502197633,Reservorio La Menacho,-12.038165,-76.999476,0.0,industrial,,,,
LIMA,agroind,w502206582,CBC,-12.014104,-76.929767,0.0,industrial,,,,
LIMA,agroind,w503661451,Centro de Distribucion SODIMAC,-12.268631,-76.825792,0.0,industrial,,,,
LIMA,agroind,w503661453,Tigre Peru Tubos y Conexiones S.A.,-12.271776,-76.82678,0.0,industrial,,,,
LIMA,agroind,w507667679,Fabrica de Cemento Chilca,-12.562194,-76.638435,0.0,industrial,,,,
LIMA,agroind,w511579906,Planta Santa Natura,-12.234554,-76.87687,0.0,industrial,,,https://tienda.mundosantanatura.com/,
LIMA,agroind,w511588911,Pesquera Exalmar,-11.088816,-77.625942,0.0,industrial,,,,
LIMA,agroind,w511588913,CSA Enterprise,-11.088682,-77.627308,0.0,industrial,,,,
LIMA,agroind,w512435335,Embotelladora de Cítricos Hualcará,-13.074018,-76.353745,0.0,industrial,,,,
LIMA,agroind,w513142935,Ladrillera Sagitario,-12.001527,-76.927339,0.0,industrial,,,,
LIMA,agroind,w513142936,Ladrillos Forte,-12.000633,-76.926045,0.0,industrial,,,,
LIMA,agroind,w513142937,Ladrillera Nacional,-11.998493,-76.925055,0.0,industrial,,,,
LIMA,agroind,w513142940,Ladrillera Fortaleza,-11.996835,-76.927339,0.0,industrial,,,,
LIMA,agroind,w513142950,Ladrillera Delta,-11.992455,-76.927491,0.0,industrial,,,,
LIMA,agroind,w516722712,San Fernando,-11.55599,-77.205299,0.0,industrial,,,,
LIMA,agroind,w519469997,Consorcio víal Santa Rosa,-11.666476,-76.788124,0.0,industrial,,,,
LIMA,agroind,w520407664,Arcor,-11.548441,-77.275579,0.0,industrial,,,,
LIMA,agroind,w520407671,FISA,-11.50334,-77.299187,0.0,industrial,,,,
LIMA,agroind,w522225803,Organic Rainforest S.A.C.,-12.149085,-77.011734,0.0,works,,,https://www.organicrainforest.com/,
LIMA,agroind,w524154621,Mina Coricancha,-11.781248,-76.306514,0.0,industrial,,,,
LIMA,agroind,w524692549,ICCGSA,-12.145181,-76.949106,0.0,industrial,,,,
LIMA,agroind,w525212506,Servicio Automotriz Virgende Chapi,-12.152313,-76.989683,0.0,industrial,,,,
LIMA,agroind,w556564593,Bo Corp,-11.925012,-76.641725,0.0,industrial,,,https://www.bocorp.com/en/planta-5/,
LIMA,agroind,w563957735,Planta de procesamiento de residuos sólidos,-12.153574,-77.011698,0.0,industrial,,Municipalidad de Santiago de Surco,,
LIMA,agroind,w567248474,Backus,-10.95505,-77.645722,0.0,works,,,,
LIMA,agroind,w582338330,Paradero Linea 73-A,-12.147861,-76.949195,0.0,industrial,,,,
LIMA,agroind,w584817774,Esmeralda Corp.,-12.213132,-76.978395,0.0,industrial,,,,
LIMA,agroind,w585499588,Central Hidroeléctrica El Platanal,-12.83775,-75.976536,0.0,industrial,,,,
LIMA,agroind,w621824609,Tradisa,-11.991222,-77.058323,0.0,industrial,,,https://www.tradisa.net/,+51 1 6140400
LIMA,agroind,w627399452,ICMON S.A.C.,-12.370229,-76.783341,0.0,industrial,,,https://www.icmon.com.pe/,
LIMA,agroind,w627468685,Parque Industrial Los Eucaliptos,-12.290321,-76.84529,0.0,industrial,,,,
LIMA,agroind,w629702285,Standford,-12.289219,-76.856484,0.0,industrial,,,,
LIMA,agroind,w630954442,Mina Cancha,-10.558079,-76.877987,0.0,industrial,,,,
LIMA,agroind,w631935237,VIPUSA,-12.229497,-76.901395,0.0,industrial,,,,
LIMA,agroind,w646054753,Agua San Mateo,-11.745301,-76.289246,0.0,industrial,,,,
LIMA,agroind,w650782671,SEDAPAL,-12.086605,-76.982781,0.0,industrial,,,,
LIMA,agroind,w659457192,ContiLatin Planta Lurín,-12.27656,-76.878249,0.0,industrial,,,http://www.contilatinperu.com/,
LIMA,agroind,w660127466,Protisa Cañete,-13.135953,-76.367749,0.0,industrial,,Softys,,
LIMA,agroind,w666224278,Centro Industrial La Chutana,-12.477216,-76.714302,0.0,industrial,,,https://lachutana.com/,
LIMA,agroind,w667998723,Macropolis,-12.250445,-76.815494,0.0,industrial,,,https://macropolis.com.pe/,
LIMA,agroind,w672037372,Refineria Cajamarquilla,-11.969058,-76.885694,0.0,industrial,,NEXA RESOURCES CAJAMARQUILLA S.A,,
LIMA,agroind,w685104113,Centro de distribución Supermercados Peruanos,-12.363583,-76.787035,0.0,industrial,,,,
LIMA,agroind,w685105548,BSF Portada de Lurín Sur,-12.33656,-76.805508,0.0,industrial,,,https://bsf.pe/,
LIMA,agroind,w686137196,DP World Lurín,-12.267919,-76.829495,0.0,industrial,,,,
LIMA,agroind,w687887269,Parque Industrial Sector 62,-12.500911,-76.752188,0.0,industrial,,,https://sector62.pe/,
LIMA,agroind,w687887542,Indupark,-12.501764,-76.771162,0.0,industrial,,,https://indupark.com.pe/,
LIMA,agroind,w691547109,TASA Omega 3,-12.487556,-76.748351,0.0,industrial,,,https://www.tasa.com.pe/,
LIMA,agroind,w691547136,Komatsu Mitsui,-12.485899,-76.748136,0.0,industrial,,,,
LIMA,agroind,w691748266,Estación Terrena Lurin,-12.286736,-76.846962,0.0,industrial,,Telefonica del Peru S.A.,,
LIMA,agroind,w691849698,TGP Transportadora de Gas del Perú,-12.293284,-76.831903,0.0,industrial,,,https://www.tgp.com.pe/,
LIMA,agroind,w720738688,Anixer,-12.050983,-77.054059,0.0,industrial,,,,
LIMA,agroind,w724811442,Puratos Perú Lurin,-12.295365,-76.839178,0.0,industrial,,,,
LIMA,agroind,w724811444,Maderera Bozovich,-12.285877,-76.84202,0.0,industrial,,,,
LIMA,agroind,w758402369,Concremax,-12.275124,-76.826308,0.0,industrial,,,,
LIMA,agroind,w766494997,Planta Celima,-12.310986,-76.826864,0.0,industrial,,,,
LIMA,agroind,w766507343,Almacén Martín,-12.205651,-76.961049,0.0,industrial,,,,
LIMA,agroind,w782283559,Centro de Distribución Arca Continental Lindley,-12.202295,-76.968197,0.0,industrial,,,,
LIMA,agroind,w788020493,Centro de Distribución Supermercados Peruanos,-12.211518,-76.967588,0.0,industrial,,,,
LIMA,agroind,w804983808,Ciudad Industrial Huachipa Este,-11.932433,-76.874193,0.0,industrial,,Bryson Hills Perú S.A.,https://brysonhillsperu.com/,+51 942431837
LIMA,agroind,w805144979,Central Térmica de Biomasa Huaycoloro,-11.932245,-76.871914,0.0,industrial,,Petramás S.A.C.,https://www.petramas.com/,
LIMA,agroind,w805144980,Petramás,-11.932588,-76.873706,0.0,industrial,,,https://www.petramas.com/,
LIMA,agroind,w806566927,Edelnor,-12.04291,-77.012143,0.0,industrial,,,,
LIMA,agroind,w822906111,Centro de Reciclaje Tecsur,-12.17301,-76.971766,0.0,industrial,,,https://www.tecsur.com.pe/,
LIMA,agroind,w822906119,GRUCOIN S.A.C,-12.173868,-76.97154,0.0,industrial,,,,
LIMA,agroind,w822948581,Empresa de Transportes 160,-12.177373,-76.982057,0.0,industrial,,,,
LIMA,agroind,w824408982,Qroma,-12.038434,-76.98682,0.0,works,,,,
LIMA,agroind,w824719316,Empresa de transportes,-12.040365,-77.066186,0.0,industrial,,,,
LIMA,agroind,w827141757,Andino S.A.,-12.186298,-76.940746,0.0,industrial,,Envasadora Andina de Gas Company S.A.,,
LIMA,agroind,w829028440,Central Termoeléctrica Chilca Dos,-12.504254,-76.731072,0.0,industrial,,Engie Energía Perú S.A.,https://engie-energia.pe/,
LIMA,agroind,w829036216,RBM Sateci,-12.501555,-76.72769,0.0,industrial,,,http://rmbsateci.com.pe/website/,
LIMA,agroind,w829041067,Aceros Chilca,-12.496002,-76.712333,0.0,industrial,,,https://www.aceroschilca.com/,
LIMA,agroind,w832661595,Concremax Planta Villa,-12.21305,-76.971287,0.0,industrial,,,https://www.concremax.com.pe/,
LIMA,agroind,w836230659,Aldea 2,-12.220531,-76.966473,0.0,industrial,,,,
LIMA,agroind,w836230660,Aldea 1,-12.218737,-76.965419,0.0,industrial,,,,
LIMA,agroind,w836232504,Aldea 5,-12.218943,-76.962242,0.0,industrial,,,,
LIMA,agroind,w836873262,Deposito Municipal de Fiscalización,-12.068621,-76.995483,0.0,industrial,,,,
LIMA,agroind,w837313502,Deposito Municipal San Luis,-12.069053,-76.997259,0.0,industrial,,,,
LIMA,agroind,w858223237,Del Campo Foods,-12.171516,-76.864947,0.0,industrial,,,http://delcampofoods.com/,
LIMA,agroind,w864802081,Central Hidroeléctrica Huinco,-11.759686,-76.614211,0.0,industrial,,Enel Generación Perú,https://www.enel.pe/es/inversionistas/enel-generacion-peru/huinco.html,
LIMA,agroind,w884201572,Arca Continental Lindley,-12.017641,-76.927811,0.0,industrial,,,,
LIMA,agroind,w896011438,Parque Industrial San Pedro II,-12.14751,-77.00803,0.0,industrial,,,,
LIMA,agroind,w912174702,Tumi Raise Boring Sac,-12.266963,-76.89115,0.0,industrial,,,http://www.tumiraiseboring.com,+51 1 7178034
LIMA,agroind,w912174716,Tubisa,-12.271149,-76.891928,0.0,industrial,,,http://www.tubisa.com.pe/,
LIMA,agroind,w912177780,Torre Blanca,-11.540694,-77.259368,0.0,industrial,,,,
LIMA,agroind,w920574061,Aldea 6,-12.216764,-76.957552,0.0,industrial,,,,
LIMA,agroind,w927723853,Doka Peru,-12.277871,-76.850947,0.0,industrial,,,,
LIMA,agroind,w929867905,Central Hidroeléctrica Chancay,-11.2592,-76.740201,0.0,industrial,,,,
LIMA,agroind,w936971372,Almacén Tai Loy,-11.978348,-76.892209,0.0,industrial,,,,
LIMA,agroind,w954096825,Fabrica de colchones FORLI,-11.829985,-77.09784,0.0,works,,,,
LIMA,agroind,w963825666,Westfalia Fruit,-12.470762,-76.676016,0.0,industrial,,,https://www.westfaliafruit.com/about-us/our-operations/westfalia-fruit-peru/,
LIMA,agroind,w963840886,Cantera Las Palmas,-12.463413,-76.634247,0.0,industrial,,,,
LIMA,agroind,w1015701209,Austral Group S.A.A.,-11.579247,-77.269698,0.0,industrial,,,https://www.austral.com.pe/,
LIMA,agroind,w1041283646,Industrias San Miguel,-11.059769,-77.602431,0.0,works,,,,
LIMA,agroind,w1053350184,Aldea 7,-12.21784,-76.959394,0.0,industrial,,,,
LIMA,agroind,w1058406270,Almacenes Central Huachipa,-12.011092,-76.948021,0.0,industrial,,,https://www.ach.pe/,+511 6254687
LIMA,agroind,w1059719739,Prosac S.A.,-12.285311,-76.837746,0.0,industrial,,,,
LIMA,agroind,w1059719741,Carpitas S.A.C.,-12.283762,-76.842335,0.0,industrial,,,,
LIMA,agroind,w1059719742,Almacén Serpetbol,-12.282101,-76.842366,0.0,industrial,,,,
LIMA,agroind,w1059719743,Ganadería Santa Elena,-12.287822,-76.840741,0.0,industrial,,,,
LIMA,agroind,w1059719766,Parque Logístico Lima Sur,-12.281876,-76.821547,0.0,industrial,,,https://lpalimasur.com/,
LIMA,agroind,w1059723147,Ceramica San Lorenzo,-12.28646,-76.832773,0.0,industrial,,,,
LIMA,agroind,w1059723152,Peruplast,-12.288214,-76.833244,0.0,industrial,,,,
LIMA,agroind,w1059726694,Centro de Distribución Falabella,-12.259105,-76.82323,0.0,industrial,,,,
LIMA,agroind,w1059917970,TUPEMESA,-12.284169,-76.826026,0.0,industrial,,,https://www.tupemesa.com.pe/,
LIMA,agroind,w1059917971,INCAPSA,-12.281621,-76.82838,0.0,industrial,,,,
LIMA,agroind,w1059917973,Cerámica Gala,-12.286517,-76.828267,0.0,industrial,,,,
LIMA,agroind,w1059917975,Divemotor,-12.285674,-76.827103,0.0,industrial,,,,
LIMA,agroind,w1059917994,Megacentro Industriales Sur,-12.269697,-76.832119,0.0,industrial,,,https://megacentro.pe/megacentro-industriales-sur/,
LIMA,agroind,w1064386715,Inversiones San Gabriel,-12.294621,-76.839937,0.0,industrial,,,,
LIMA,agroind,w1064386723,Layher Perú,-12.290299,-76.839967,0.0,industrial,,,,
LIMA,agroind,w1064386724,Drocersa S.A.,-12.289293,-76.840518,0.0,industrial,,,,
LIMA,agroind,w1064386728,Alsina,-12.288657,-76.841603,0.0,industrial,,,,
LIMA,agroind,w1064386737,Gallos Marmoleria S.A.,-12.299827,-76.838274,0.0,industrial,,,,
LIMA,agroind,w1064386740,INPELSA,-12.301037,-76.8429,0.0,industrial,,,,
LIMA,agroind,w1072102313,QROMA,-11.991692,-76.829293,0.0,industrial,,,,
LIMA,agroind,w1072102322,Backus,-11.989824,-76.824649,0.0,industrial,,,,
LIMA,agroind,w1077015413,CONTRANS,-12.281629,-76.825379,0.0,industrial,,,https://www.contrans.pe/,
LIMA,agroind,w1091695892,EuroLadrillos,-11.83252,-77.057191,0.0,industrial,,,,
LIMA,agroind,w1091695893,Arcimax,-11.832095,-77.058766,0.0,industrial,,,,
LIMA,agroind,w1125961437,Redondos,-10.943581,-77.648878,0.0,industrial,,,,
LIMA,agroind,w1179801816,Almacenes Santa Clara,-12.207894,-76.966346,0.0,industrial,,,https://www.santaclara.com.pe/,
LIMA,agroind,w1179807130,T&S Logistics,-12.207378,-76.969809,0.0,industrial,,,https://tyslogistics.com.pe/,
LIMA,agroind,w1191428037,Citadela Lurín,-12.300262,-76.837305,0.0,industrial,,,https://www.citadelalurin.com/,+511 513 2430
LIMA,agroind,w1195043272,Camal Frigorífico Yerbateros,-12.062843,-76.997066,0.0,industrial,,,,
LIMA,agroind,w1220545914,Aldea 8,-12.222317,-76.960862,0.0,industrial,,,,
LIMA,agroind,w1243985414,Aje Procesos,-10.777201,-77.718786,0.0,industrial,,,,
LIMA,agroind,w1249736706,Central Hidroeléctrica Huanchor,-11.781308,-76.308042,0.0,industrial,,EDF Perú,,
LIMA,agroind,w1252725109,Artesco S.A.,-12.063998,-76.975588,0.0,works,,,,
LIMA,agroind,w1288977760,Unicon,-11.922536,-77.072089,0.0,works,,,https://www.unicon.com.pe/,
LIMA,agroind,w1288977761,Backus,-11.924353,-77.071793,0.0,works,,,https://www.backus.pe/nosotros/plantas-y-distribuidoras,
LIMA,agroind,w1289207048,Terminal Terrestre Infantas,-11.944507,-77.068973,0.0,industrial,,,,
LIMA,agroind,w1290166961,Cartepsa,-11.928628,-77.07047,0.0,works,,,https://cartepsa.com/,
LIMA,agroind,w1290166962,Inquifesa,-11.927943,-77.070469,0.0,works,,,https://inquifesa.pe/,
LIMA,agroind,w1290166963,A&D Químicos y Diversos,-11.927392,-77.071944,0.0,works,,,https://www.aydquimicos.com/,
LIMA,agroind,w1291996452,Agribrands Purina,-11.979476,-77.063954,0.0,works,,,https://purina.com.pe/,
LIMA,agroind,w1291996453,Avinka,-11.980642,-77.063336,0.0,works,,,https://www.avinkadelivery.com/,
LIMA,agroind,w1292003565,Terminal Marco Polo,-12.009332,-77.058509,0.0,industrial,,,,
LIMA,agroind,w1292209415,Promelsa,-11.980826,-77.061167,0.0,works,,,https://www.promelsa.com.pe/,
LIMA,agroind,w1292209418,San Fernando,-11.978866,-77.064145,0.0,works,,,https://corporativo.sanfernando.pe/,
LIMA,agroind,w1292468090,Covema,-11.980451,-77.060018,0.0,works,,,https://www.covema.pe/,
LIMA,agroind,w1292468091,Aceros Jonathan,-11.97945,-77.060713,0.0,works,,,https://acerosjonathan.com/noticias/,
LIMA,agroind,w1293616665,Fumosac,-11.939915,-77.068442,0.0,industrial,,,https://fumosac.com.pe/,
LIMA,agroind,w1298656814,Alimentos Del Ande,-11.557073,-77.274914,0.0,industrial,,,,
LIMA,agroind,w1299897664,Llamagas,-11.977239,-77.060663,0.0,industrial,,,https://www.llamagas.com.pe/,
LIMA,agroind,w1306037593,Planta de Manganeso Rio Seco,-11.36228,-77.293344,0.0,industrial,,,,
LIMA,agroind,w1306877565,Explosivos Famesa,-11.576475,-77.223101,0.0,industrial,,,,
LIMA,agroind,w1306894746,Ladrillos Kallpa,-11.582324,-77.195932,0.0,industrial,,,,
LIMA,agroind,w1307299623,Aldea 3,-12.217868,-76.964777,0.0,industrial,,,,
LIMA,agroind,w1307317415,Aldea 10,-12.201899,-76.970389,0.0,industrial,,,,
LIMA,agroind,w1307317419,Aldea 9,-12.215121,-76.969741,0.0,industrial,,,,
LIMA,agroind,w1307630791,Planta Concentradora Centenario,-11.417815,-77.270075,0.0,industrial,,,,
LIMA,agroind,w1309804936,Ladrillera,-11.843736,-77.058705,0.0,industrial,,,,
LIMA,agroind,w1320220636,Centro de Distribución Farmacias Peruanas,-12.367907,-76.78499,0.0,industrial,,,,
LIMA,agroind,w1340879948,Estación de Cable Submarino Lurín SAm-1,-12.284721,-76.84702,0.0,industrial,,Telxius,,
LIMA,agroind,w1345157205,Toma Tamboraque,-11.785153,-76.310147,0.0,industrial,,,,
LIMA,agroind,w1361782019,Austral Group S.A.A.,-11.577153,-77.264803,0.0,industrial,,,,
LIMA,agroind,w1361782021,Copeinca,-11.578547,-77.268103,0.0,industrial,,,,
LIMA,agroind,w1370061910,Corporacion Changleres SAC,-11.927789,-77.07188,0.0,works,,,https://changleresgroup.com/,
LIMA,agroind,w1372135323,Grupo Santa Elena,-11.556686,-77.269762,0.0,industrial,,,,
LIMA,agroind,w1375150665,Ladrillera,-11.523615,-77.199495,0.0,industrial,,,,
LIMA,agroind,w1382198452,Almacén Tai Loy,-12.208446,-76.961357,0.0,industrial,,,,
LIMA,agroind,w1393667801,Inmune S.A.,-12.034724,-76.943956,0.0,industrial,,,,
LIMA,agroind,w1413526737,Cirion Technologies,-12.258096,-76.825693,0.0,industrial,,,,
LIMA,agroind,w1413529903,TESAM PERU SA,-12.296861,-76.83364,0.0,industrial,,,,
LIMA,agroind,w1413558134,Servicios Logisticos Automotrices,-12.259936,-76.817786,0.0,industrial,,,,
LIMA,agroind,w1425630521,Terminal Terrestre,-11.786239,-76.960828,0.0,industrial,,,,
LIMA,agroind,w1425699347,Transportes Cruz del Centro,-11.8472,-76.993446,0.0,industrial,,,,
LIMA,agroind,w1430440913,Mixercon,-12.201165,-76.971941,0.0,industrial,,,,
LIMA,agroind,w1486219775,Core de la RDNFO,-12.013469,-76.927356,0.0,industrial,,,,
LIMA,agroind,w1486880627,Nodo de Telecomunicaciones Boliviacom,-12.296758,-76.848201,0.0,industrial,,Boliviacom,,
LIMA,agroind,w1534086622,Simetrica Almacenes,-12.27246,-76.893106,0.0,industrial,,,,
LIMA,agroind,w1539087681,AGROINPER,-11.075344,-77.59714,0.0,industrial,,,,
LIMA,agroind,w1539087682,AGROMAR,-11.076491,-77.597157,0.0,industrial,,,,
LIMA,agroind,w1539087683,IncaKola - Almacenes,-11.077482,-77.596847,0.0,industrial,,,,
LIMA,agroind,w1539087684,Vitalia,-11.078139,-77.59676,0.0,industrial,,,,
LIMA,agroind,w1539087685,Frugos,-11.078936,-77.596601,0.0,industrial,,,,
LIMA,agroind,w1539087686,CAMAL,-11.077723,-77.599987,0.0,industrial,,,,
LIMA,agroind,w1539089613,FAIR FRUIT PERU SAC,-11.083847,-77.594763,0.0,industrial,,,,
LIMA,agroind,w1539113637,Pesquera Juanita,-11.087947,-77.624658,0.0,industrial,,,,
LIMA,agroind,w1546841756,Planta de Abonos Organicos,-11.271916,-77.440475,0.0,industrial,,,,
LIMA,agroind,r8483405,Central Termo Eléctrica Santa Rosa,-12.040223,-77.010931,0.0,industrial,,Enel Generación Perú S.A.A.,https://www.enel.pe/es/quienes-somos/a201612-santa-rosa.html,
LIMA,agroind,r11288813,Planta Industrial Atocongo,-12.192749,-76.909054,0.0,industrial,,Unión Andina de Cementos S.A.A - UNACEM,https://www.unacem.com.pe/,+51 1 2170200
LIMA,agroind,r11765491,Central Hidroeléctrica Huanza,-11.656529,-76.482555,0.0,industrial,,Empresa Generación Huanza S.A.,,
LIMA,agroind,r12339235,Instalaciones Marinas de Conchán,-12.246934,-76.934438,0.0,industrial,,,https://www.unacem.com.pe/?page_id=7836,
LIMA,agroind,r12587316,Megacentro Lurín,-12.271672,-76.88966,0.0,industrial,,,https://megacentro.pe/,+51 955 314 313
LIMA,agroind,r14021063,Parque Industrial,-12.196831,-76.936186,0.0,industrial,,,,
LIMA,agroind,r15000345,Engie Chilca Power Plants,-12.503241,-76.729652,0.0,industrial,,,,
LIMA,farmbld,w437330923,vivero del Sur,-12.285559,-76.862267,0.0,greenhouse,,,,
LIMA,named,n3981118147,Chacra y Mar,-11.613791,-77.231808,0.0,village,,,,
LIMA,named,n4508894067,Vivero de plantas,-12.258417,-76.881515,0.0,plant_nursery,,,,
LIMA,named,n4508894068,Vivero de plantas,-12.256515,-76.879774,0.0,plant_nursery,,,,
LIMA,named,n4508894069,Vivero de plantas,-12.254198,-76.87763,0.0,plant_nursery,,,,
LIMA,named,n4508894070,Vivero de plantas,-12.253927,-76.877371,0.0,plant_nursery,,,,
LIMA,named,n4508894071,Vivero de plantas,-12.253659,-76.877099,0.0,plant_nursery,,,,
LIMA,named,n4508894072,Vivero de plantas,-12.256725,-76.879982,0.0,plant_nursery,,,,
LIMA,named,n4508894073,Vivero de plantas,-12.258647,-76.881684,0.0,plant_nursery,,,,
LIMA,named,n5734103512,Hacienda Pomaca,-10.60054,-76.818622,0.0,isolated_dwelling,,,,
LIMA,named,n5748030719,Fundo San José,-11.103203,-77.379556,0.0,hamlet,,,,
LIMA,named,n5748033954,Fundo El Carmen,-11.105873,-77.361688,0.0,hamlet,,,,
LIMA,named,n5748107649,Fundo Huancán,-11.112334,-77.399991,0.0,village,,,,
LIMA,named,n5750464943,Casa Hacienda Rontoy,-11.041604,-77.564099,0.0,village,,,,
LIMA,named,n5962097137,Fundo San José,-12.280603,-76.869911,0.0,hamlet,,,,
LIMA,named,n6069641729,Hacienda Tuctupata,-11.923248,-76.186961,0.0,locality,,,,
LIMA,named,n6193847451,Fundo La Calera,-11.052014,-77.630298,0.0,hamlet,,,,
LIMA,named,n6193958714,Fundo San Roberto,-11.203671,-77.372188,0.0,hamlet,,,,
LIMA,named,n6193958870,Fundo Santa Ana,-11.214476,-77.358722,0.0,village,,,,
LIMA,named,n6195819457,Fundo La Encantada,-11.144274,-77.586193,0.0,hamlet,,,,
LIMA,named,n6375025438,Fundo Larancocha,-11.684731,-76.805954,0.0,hamlet,,,,
LIMA,named,n6823950240,Fundo Santa Constancia,-11.258926,-77.3528,0.0,hamlet,,,,
LIMA,named,n8463464524,Hacienda Otuto,-10.682285,-76.713463,0.0,hamlet,,,,
LIMA,named,n8941889914,Fundo Parca,-11.880286,-76.647272,0.0,hamlet,,,,
LIMA,named,n9274888950,Fundo Quinta Francia,-12.04439,-77.00952,0.0,neighbourhood,,,,
LIMA,named,n9548119661,Chacra Colorada,-12.053214,-77.04988,0.0,quarter,,,,
LIMA,named,n9686466814,Fundo Veinticinco,-11.616549,-76.773401,0.0,hamlet,,,,
LIMA,named,n9894514956,Hacienda Palo,-13.128847,-76.302897,0.0,village,,,,
LIMA,named,n10776965138,Chacra Ríos Sur,-12.0597,-77.061458,0.0,neighbourhood,,,,
LIMA,named,n10776965143,Chacra Ríos Norte,-12.053142,-77.061256,0.0,neighbourhood,,,,
LIMA,named,n12088213516,La Hacienda,-11.954328,-77.057958,0.0,neighbourhood,,,,
LIMA,named,n12365671273,Fundo La Isla,-12.780696,-76.52849,0.0,locality,,,,
LIMA,named,n14000948648,Fundo Dolores,-11.143077,-77.067002,0.0,hamlet,,,,
LIMA,named,n14052301415,Fundo Milagro,-12.493483,-76.746508,0.0,isolated_dwelling,,,,
LIMA,named,n14052301421,Fundo San Carlos,-12.498771,-76.7646,0.0,isolated_dwelling,,,,
LIMA,named,n14052301422,Fundo Santa María,-12.502281,-76.759076,0.0,hamlet,,,,
LIMA,named,n14052301424,Hacienda Casa Rosada,-12.509396,-76.745425,0.0,isolated_dwelling,,,,
LIMA,named,n14132607693,Fundo Alborada,-12.966133,-76.374462,0.0,neighbourhood,,,,
LIMA,named,w434573244,Vivero Municipal,-12.060647,-77.051774,0.0,forest,,,,
LIMA,named,w439171700,Vivero Forestal El Bosque,-12.029767,-77.013882,0.0,forest,,,,
LIMA,named,w454030903,Hacienda Recoveco,-12.235015,-76.866402,0.0,residential,,,,
LIMA,named,w473477162,Antigua hacienda San Nicolás,-10.817894,-77.718174,0.0,farmyard,,,,
LIMA,named,w503661380,Fundo Paso Chico,-12.283402,-76.847263,0.0,residential,,,,
LIMA,named,w606184880,Casa Hacienda Quipico,-11.130241,-77.290947,0.0,grass,,,,
LIMA,named,w691748882,Fundo La Querencia,-12.279191,-76.847055,0.0,residential,,,,
LIMA,named,w749245306,Condominio La Hacienda I,-12.149845,-76.826448,0.0,residential,,,,
LIMA,named,w749245312,Condominio La Hacienda II,-12.149783,-76.824077,0.0,residential,,,,
LIMA,named,w760560754,Agrupación Pachacámac Parcela 3A,-12.213607,-76.926271,0.0,neighbourhood,,,,
LIMA,named,w850540631,Condominio Fundo del Prado,-12.149275,-76.822851,0.0,residential,,,,
LIMA,named,w1061186847,Fundo Las Mercedes,-10.716943,-77.685268,0.0,farmyard,,Agrokasa,,
LIMA,named,w1306689259,Hacienda El Mirador,-11.473978,-77.194926,0.0,residential,,,,
LIMA,named,w1306689262,Fundo Naranja,-11.472146,-77.195654,0.0,residential,,,,
LIMA,named,w1308399269,Fundo La Joya,-11.458879,-77.249671,0.0,residential,,,,
LIMA,named,w1308543405,Fundo Suyay,-11.458353,-77.1925,0.0,residential,,,,
LIMA,named,w1308544611,Fundo El Sol,-11.495943,-77.250198,0.0,residential,,,,
LIMA,named,w1373559233,Hacienda Los Frutales II,-11.509422,-77.112752,0.0,residential,,,,
LIMA,named,w1375040610,Fundo Meteora,-11.481868,-77.17846,0.0,residential,,,,
LIMA,named,w1375111494,Fundo Kings Landing,-11.461734,-77.197585,0.0,residential,,,,
LIMA,named,w1376882959,Fundo Naturanza I,-11.503472,-77.163925,0.0,residential,,,,
LIMA,named,w1411372677,Fundo Rodolfo,-12.010646,-76.845314,0.0,residential,,,,
LIMA,named,w1548640614,Fundo Pradera II,-12.239438,-76.844781,0.0,residential,,,,
LIMA,named,w1548640615,Fundo Pradera I,-12.23606,-76.844939,0.0,residential,,,,
LIMA,retail,n1806326251,Sodimac,-12.146761,-76.981373,0.0,doityourself,,,,
LIMA,retail,n1917986227,Sodimac,-11.994499,-77.059766,0.0,doityourself,,,,
LIMA,retail,n2699376571,Sodimac,-12.005644,-77.058845,0.0,doityourself,,,https://www.sodimac.com.pe/,
LIMA,retail,n2722824312,Sodimac,-12.079084,-77.088812,0.0,doityourself,,,,
LIMA,retail,n2730509369,Sodimac,-12.111063,-77.011774,0.0,doityourself,,,,
LIMA,retail,n3293614190,MundoCan,-12.078369,-76.98792,0.0,veterinary,,,,+51 1 6610446
LIMA,retail,n3293691484,Ferretería Salamanca,-12.076154,-76.988058,0.0,hardware,,,,
LIMA,retail,n3293750422,Entre Patas y Plumas,-12.076353,-76.987099,0.0,pet,,,,+51 1 4368235
LIMA,retail,n3293803526,viPets,-12.075542,-76.986794,0.0,veterinary,,,,+51 1 4346058
LIMA,retail,n3643053611,Full's Home Service - Grifería,-12.109725,-77.01401,0.0,hardware,,,,+51 01 2243528;+51 01 2251326;Entel: 127*9894
LIMA,retail,n3783355193,Veterinaria Ingenieria,-12.02464,-77.051648,0.0,veterinary,,,,
LIMA,retail,n3783460958,Ferreteria Huascar,-12.024448,-77.052397,0.0,hardware,,,,
LIMA,retail,n3875137557,Promart,-12.062971,-77.095279,0.0,doityourself,,Homecenters Peruanos,https://www.promart.pe/,
LIMA,retail,n4035459875,Sodimac,-12.086799,-76.978995,0.0,doityourself,,,,
LIMA,retail,n4042632150,Promart,-12.065513,-77.048892,0.0,doityourself,,,,
LIMA,retail,n4044617057,Promart,-12.01595,-76.887065,0.0,doityourself,,,,
LIMA,retail,n4051096350,Sodimac,-12.057089,-76.968384,0.0,doityourself,,,,
LIMA,retail,n4077576812,Promart Homecenter,-11.940661,-77.070612,0.0,doityourself,,,,
LIMA,retail,n4102780389,Promart,-12.171872,-76.992767,0.0,doityourself,,,,
LIMA,retail,n4137654235,MultiTop,-12.067032,-77.030679,0.0,doityourself,,,,
LIMA,retail,n4192637394,gordo,-12.073975,-77.04633,0.0,hardware,,,,
LIMA,retail,n4287031791,Martin,-11.847288,-77.095106,0.0,hardware,,,,
LIMA,retail,n4299359690,Emerg. Veter Q-Q,-12.158504,-76.949493,0.0,veterinary,,,,
LIMA,retail,n4308075204,Maestro,-12.173807,-77.013137,0.0,doityourself,,,,
LIMA,retail,n4318291611,Guadalupe,-13.053684,-76.429216,0.0,hardware,,,,+51 1 2844044
LIMA,retail,n4320800989,comercial IVAN,-12.054323,-77.061284,0.0,hardware,,,,
LIMA,retail,n4326318090,La Solución,-11.134988,-77.195868,0.0,hardware,,,,
LIMA,retail,n4331215846,Mascota,-12.09083,-77.082649,0.0,pet,,,,
LIMA,retail,n4331454881,Consorcio Vet,-11.862678,-77.077482,0.0,veterinary,,,,
LIMA,retail,n4331455494,Veterinaria San Lorenzo,-11.862916,-77.077182,0.0,veterinary,,,,
LIMA,retail,n4331455507,Dr. Tarazona,-11.863086,-77.07697,0.0,veterinary,,,,
LIMA,retail,n4331455510,Veterinaria Cajamarquinos,-11.863154,-77.076904,0.0,veterinary,,,,
LIMA,retail,n4331531565,Ferretería Duran,-11.936831,-77.080115,0.0,hardware,,,,
LIMA,retail,n4332497103,Ferretería Rivera,-11.935985,-77.077701,0.0,hardware,,,,
LIMA,retail,n4332510846,Ferretería Cassiany,-11.93651,-77.077101,0.0,hardware,,,,
LIMA,retail,n4332586358,Veterinaría Pro,-11.933851,-77.075574,0.0,veterinary,,,,
LIMA,retail,n4332753409,Ferretería Gonzales,-11.886217,-77.035034,0.0,hardware,,,,
LIMA,retail,n4332759785,ZID,-12.332378,-76.825005,0.0,veterinary,,,,
LIMA,retail,n4332759890,El Milter,-12.332043,-76.824989,0.0,veterinary,,,,
LIMA,retail,n4332836377,Ferretería Los Amigos,-12.067087,-77.052542,0.0,hardware,,,,
LIMA,retail,n4332836382,Ferretería Chino Julian,-12.06687,-77.05237,0.0,hardware,,,,
LIMA,retail,n4332863991,Ferreteria Santa Cruz,-12.332576,-76.824704,0.0,hardware,,,,
LIMA,retail,n4332896022,Centro Carpintero S.A.C.,-12.062983,-77.059783,0.0,trade,,,,
LIMA,retail,n4332970755,El Amigo,-12.182063,-76.977608,0.0,hardware,,,,
LIMA,retail,n4333021678,Ferretería D'H,-12.197849,-76.966037,0.0,hardware,,,,
LIMA,retail,n4333037628,Ferretería Juan,-11.872039,-77.01646,0.0,hardware,,,,
LIMA,retail,n4333050902,Novopan,-12.05998,-77.058541,0.0,trade,,,,
LIMA,retail,n4333065145,Ferretería & Matizados Union,-12.193063,-76.963103,0.0,hardware,,,,
LIMA,retail,n4333066932,Veterinaria Medican's,-12.054176,-77.050527,0.0,veterinary,,,,
LIMA,retail,n4333930247,Epp y Ferreteria,-12.059659,-77.032384,0.0,hardware,,,,
LIMA,retail,n4333969978,El Progreso,-12.205749,-76.931031,0.0,hardware,,,,
LIMA,retail,n4333979406,Ferreteriía Gómez,-12.204381,-76.931853,0.0,hardware,,,,
LIMA,retail,n4334023982,Ferretería M&N,-11.897897,-77.043605,0.0,hardware,,,,
LIMA,retail,n4334159945,Ferretería Diego,-11.915496,-77.040875,0.0,hardware,,,,
LIMA,retail,n4334159959,Happy Can,-11.916114,-77.041181,0.0,veterinary,,,,
LIMA,retail,n4334178586,Grupo Comercial San Isidro,-12.205518,-76.930946,0.0,trade,,,,
LIMA,retail,n4334181291,Infecom,-12.205364,-76.931044,0.0,trade,,,,
LIMA,retail,n4334181301,Pernos El Chato,-12.205151,-76.931165,0.0,trade,,,,
LIMA,retail,n4334181304,Fabrimac,-12.205048,-76.931234,0.0,trade,,,,
LIMA,retail,n4334181323,Distribuidora Kevin,-12.204073,-76.93182,0.0,trade,,,,
LIMA,retail,n4334306405,Bazar Perfumes,-12.207785,-76.939621,0.0,trade,,,,
LIMA,retail,n4334306435,Fereteria Electro Bimcay,-12.208424,-76.940689,0.0,trade,,,,
LIMA,retail,n4334306441,Ferreteria Electro Yago,-12.208504,-76.940822,0.0,trade,,,,
LIMA,retail,n4334306445,Ferreteria Alex,-12.208545,-76.940889,0.0,trade,,,,
LIMA,retail,n4334591236,San Diego,-12.110635,-77.047179,0.0,veterinary,,,,
LIMA,retail,n4334591255,SOS Veterinaria,-12.11301,-77.044922,0.0,veterinary,,,,
LIMA,retail,n4334624531,Edipesa,-12.054095,-77.035241,0.0,doityourself,,,,
LIMA,retail,n4334624542,Espumadoras,-12.053675,-77.035059,0.0,doityourself,,,,
LIMA,retail,n4334635799,Landa Pets,-11.883014,-77.023967,0.0,veterinary,,,,
LIMA,retail,n4334671324,Ferretería San Cristy,-11.876966,-77.01762,0.0,hardware,,,,
LIMA,retail,n4334828177,Sistema Drywall,-12.140162,-76.993526,0.0,hardware,,,,
LIMA,retail,n4335631769,Clinica Veterinaría Santa Rita,-11.908072,-77.034664,0.0,veterinary,,,,
LIMA,retail,n4335678837,Ferretería Cerón,-12.147396,-76.987389,0.0,hardware,,,,
LIMA,retail,n4335734848,Ferretería Libertad,-11.88048,-77.019923,0.0,hardware,,,,
LIMA,retail,n4335734857,Dr. Veterinario,-11.880322,-77.019789,0.0,veterinary,,,,
LIMA,retail,n4335736399,Ferretería Perú,-12.240353,-76.932491,0.0,hardware,,,,
LIMA,retail,n4335738086,Ferreteria Pinturas Zegarra,-12.101871,-77.036632,0.0,hardware,,,,
LIMA,retail,n4335810364,Ferretería Javi,-11.877621,-77.017309,0.0,hardware,,,,
LIMA,retail,n4335973842,Ferretería Benetom's,-11.941632,-77.064704,0.0,hardware,,,,
LIMA,retail,n4336098595,Anubis,-11.926771,-77.052562,0.0,veterinary,,,,
LIMA,retail,n4336150506,Ferretería Rijean,-12.08228,-77.06707,0.0,hardware,,,,
LIMA,retail,n4336162822,El Huron Azul,-12.078306,-77.065315,0.0,veterinary,,,,
LIMA,retail,n4336231216,Veterinaria Charlie Pett,-12.055138,-77.048444,0.0,veterinary,,,,
LIMA,retail,n4336231219,Dog Lovers,-12.05515,-77.048619,0.0,pet,,,,
LIMA,retail,n4336231270,Ferremax S.A.C.,-12.055261,-77.050111,0.0,hardware,,,,
LIMA,retail,n4336231275,Ferretería Enriquez,-12.055279,-77.050232,0.0,hardware,,,,
LIMA,retail,n4336238675,Commercial Ivan Ferreteria,-12.054625,-77.060617,0.0,hardware,,,,
LIMA,retail,n4337197766,Animal World,-11.94201,-77.061643,0.0,veterinary,,,,
LIMA,retail,n4337208667,Happy Pets,-11.942426,-77.060677,0.0,veterinary,,,,
LIMA,retail,n4337236549,Ferretería Mana,-11.938912,-77.058171,0.0,hardware,,,,
LIMA,retail,n4337242181,Dr. Vet,-11.936156,-77.056589,0.0,veterinary,,,,
LIMA,retail,n4337295906,Maderera,-11.911556,-77.045479,0.0,trade,,,,
LIMA,retail,n4337308540,Ferretería Rodriguez,-11.90514,-77.041878,0.0,hardware,,,,
LIMA,retail,n4337327228,Clinica Veterinaría Letrel,-11.897979,-77.037848,0.0,veterinary,,,,
LIMA,retail,n4337336535,Alpamayo,-11.896072,-77.03663,0.0,hardware,,,,
LIMA,retail,n4337356398,Veterinaría Allquimishi,-12.067568,-77.068911,0.0,veterinary,,,,
LIMA,retail,n4337555888,Ferreteria Charito,-11.876258,-77.031886,0.0,hardware,,,,
LIMA,retail,n4337569993,Ferreteria Petit Thouars SAC,-12.094107,-77.032042,0.0,hardware,,,,
LIMA,retail,n4337684068,Veterinaría D'Angelo,-12.297268,-76.850211,0.0,veterinary,,,,
LIMA,retail,n4337686456,Huamani,-12.297315,-76.850159,0.0,hardware,,,,
LIMA,retail,n4341314214,Veterinaria Del Rio,-12.069742,-77.054862,0.0,veterinary,,,,
LIMA,retail,n4341329275,Posta Veterinaria San Francisco de Asís,-12.237651,-76.937842,0.0,veterinary,,Postaoasis Veterinaria,,+511 268 6123;+51 976 128 233;+51 943 977 478
LIMA,retail,n4341350809,Ferretería Los Andes,-12.069716,-77.097613,0.0,hardware,,,,
LIMA,retail,n4341382512,Ferretería Yenny,-12.238846,-76.930257,0.0,hardware,,,,
LIMA,retail,n4341514608,Veterinaría Lince,-12.084677,-77.043702,0.0,veterinary,,,,
LIMA,retail,n4341600925,Alvavet,-12.087108,-77.043485,0.0,veterinary,,,,
LIMA,retail,n4341611141,Ferrevilla,-12.088861,-77.071049,0.0,hardware,,,,
LIMA,retail,n4341614019,Habu,-12.095158,-77.075836,0.0,veterinary,,,,
LIMA,retail,n4341750340,Ferretería Julia Esther,-11.912918,-77.020084,0.0,hardware,,,,
LIMA,retail,n4341886064,Ferretería y Matizados Greco,-12.08875,-77.071866,0.0,hardware,,,,
LIMA,retail,n4341886884,La Economica,-12.073631,-77.047628,0.0,trade,,,,
LIMA,retail,n4343039616,Hospital Canino,-12.072107,-77.048393,0.0,veterinary,,,,
LIMA,retail,n4343119852,Clinica Veterinaria Dogtoras,-12.087721,-77.073585,0.0,veterinary,,,,
LIMA,retail,n4343120091,Ferretería Sanchez,-12.090642,-77.07468,0.0,hardware,,,,
LIMA,retail,n4343286723,Consultorio Veterinaria,-12.08977,-77.077952,0.0,veterinary,,,,
LIMA,retail,n4343286728,Veterinaria Celivet,-12.090021,-77.077439,0.0,veterinary,,,,
LIMA,retail,n4343432088,Pet Center,-12.127279,-77.010129,0.0,pet,,,,
LIMA,retail,n4343471998,Ferretería San Judas Tadeo Eirl,-11.835416,-77.108963,0.0,hardware,,,,
LIMA,retail,n4343678640,Ferreteria Global,-12.086965,-77.033112,0.0,hardware,,,,
LIMA,retail,n4343682309,Ferreteria de Pacifico1,-11.928269,-77.042854,0.0,hardware,,,,
LIMA,retail,n4343731038,Ferretería Santa Rita SRL,-12.130166,-77.008513,0.0,hardware,,,,
LIMA,retail,n4343859091,El Amigo,-11.926251,-77.085325,0.0,hardware,,,,
LIMA,retail,n4344596602,Corporación Ferretería Lince,-12.086633,-77.031162,0.0,hardware,,,,
LIMA,retail,n4344596625,Kinder Pets,-12.08454,-77.031487,0.0,veterinary,,,,
LIMA,retail,n4344749619,Ferretería Bolognesi,-12.143244,-77.018471,0.0,hardware,,,,
LIMA,retail,n4344919475,Ferretería Juan,-12.132782,-77.018116,0.0,hardware,,,,
LIMA,retail,n4346155172,Clinica Veterinaria,-11.92468,-77.042792,0.0,veterinary,,,,
LIMA,retail,n4346161329,Veterinaria Gran Dames,-11.924761,-77.042796,0.0,veterinary,,,,
LIMA,retail,n4346194266,Ferretería Independencia,-12.084023,-77.031317,0.0,hardware,,,,
LIMA,retail,n4346194295,Ferreteria El Condor,-12.109996,-77.048783,0.0,trade,,,,
LIMA,retail,n4346212203,Veterinaria Argos,-11.936546,-77.048986,0.0,veterinary,,,,
LIMA,retail,n4346341393,Ferreteria Balata,-12.142101,-77.017518,0.0,hardware,,,,
LIMA,retail,n4346560795,Veterinaría San Bernado,-12.169774,-77.023797,0.0,veterinary,,,,+51 1 2514092
LIMA,retail,n4346570471,Ferretería El Toto,-12.167848,-77.021508,0.0,hardware,,,,
LIMA,retail,n4346601049,Petland,-12.122238,-77.011426,0.0,veterinary,,,,
LIMA,retail,n4346609948,Ferretería Muaylas,-12.172724,-77.020941,0.0,hardware,,,,
LIMA,retail,n4346639053,Vets Unidas,-12.085538,-77.048083,0.0,veterinary,,,,
LIMA,retail,n4347513943,Ferretería Taboada,-12.115306,-77.018585,0.0,hardware,,,,
LIMA,retail,n4347583128,Patas y Colitas,-12.076905,-77.053365,0.0,veterinary,,,,
LIMA,retail,n4347704379,Animal's Point,-12.081376,-77.059308,0.0,veterinary,,,,
LIMA,retail,n4347734607,Ferreteria Richards,-12.117778,-77.024713,0.0,hardware,,,,
LIMA,retail,n4347745915,Drywall Tec,-12.115538,-77.018176,0.0,hardware,,,,
LIMA,retail,n4347791147,Veterinaria Cossío,-12.100846,-77.061666,0.0,veterinary,,,,
LIMA,retail,n4347791157,Ferretería Kalifa,-12.102068,-77.059409,0.0,hardware,,,,
LIMA,retail,n4347818381,Pernos Lupita,-11.850799,-77.092361,0.0,hardware,,,,
LIMA,retail,n4347829141,Pet Center,-12.120769,-77.01845,0.0,veterinary,,,,
LIMA,retail,n4347834017,Ferretería Emark GM,-12.199423,-76.941438,0.0,hardware,,,,
LIMA,retail,n4347873425,Ferreteria Santuario,-12.240284,-76.912852,0.0,trade,,,,
LIMA,retail,n4347902792,Posm Pet,-12.119493,-77.021649,0.0,pet,,,,
LIMA,retail,n4347954536,SOS Mascotas,-12.167455,-77.025463,0.0,veterinary,,,,+51 1 7956565
LIMA,retail,n4347971018,Petises,-12.169627,-77.02708,0.0,veterinary,,,,
LIMA,retail,n4347973597,Ferretería Llaves,-12.242723,-76.917714,0.0,hardware,,,,
LIMA,retail,n4348017735,Ferretería Posso,-12.240103,-76.919705,0.0,hardware,,,,
LIMA,retail,n4348017754,Ferretería Cristofer,-12.237298,-76.922152,0.0,hardware,,,,
LIMA,retail,n4348022773,El Sapo,-12.228129,-76.927705,0.0,hardware,,,,
LIMA,retail,n4348716332,El Dorado,-12.296575,-76.850921,0.0,hardware,,,,
LIMA,retail,n4348909989,Ferreteria JR,-12.038629,-76.933132,0.0,hardware,,,,
LIMA,retail,n4351302997,Ferretería Chavez,-12.222912,-76.93084,0.0,hardware,,,,
LIMA,retail,n4351303007,Ferreteria Moises,-12.220493,-76.932283,0.0,hardware,,,,
LIMA,retail,n4351303055,Dr. Mascotas,-12.217576,-76.934036,0.0,veterinary,,,,
LIMA,retail,n4351346307,Comercial Uzurriaga,-12.277382,-76.869294,0.0,hardware,,,,
LIMA,retail,n4351352530,Extintores M&M,-12.214033,-76.936178,0.0,hardware,,,,
LIMA,retail,n4351357551,Ferreteria San Antonio,-12.276352,-76.87015,0.0,hardware,,,,
LIMA,retail,n4351357573,Agroveterinary Pucallpa,-12.274954,-76.871403,0.0,veterinary,,,,
LIMA,retail,n4351358089,Agrivet S.A.C.,-12.274649,-76.871659,0.0,veterinary,,,,
LIMA,retail,n4351504215,Ferretería Velasquez,-12.204594,-76.94184,0.0,hardware,,,,
LIMA,retail,n4351521472,Rossmary,-12.194329,-76.982818,0.0,hardware,,,,
LIMA,retail,n4351532867,Ferretería Las Hermanitas,-12.142368,-76.975069,0.0,hardware,,,,
LIMA,retail,n4351683461,Ferretería Comercial Olivares,-12.110508,-77.01338,0.0,hardware,,,,
LIMA,retail,n4351724516,Central Pets,-12.093841,-77.004245,0.0,pet,,,,
LIMA,retail,n4351788305,Pernosur,-12.152187,-76.975514,0.0,hardware,,,,
LIMA,retail,n4353056484,Ferretería El Candado,-12.173578,-76.962603,0.0,hardware,,,,
LIMA,retail,n4353197816,Jeto Pet's,-12.045935,-77.012329,0.0,pet,,,,
LIMA,retail,n4353255096,PoloVet,-12.105553,-76.973189,0.0,veterinary,,Veterinaria El Polo,https://polovet.com.pe/,+51 1 4370290
LIMA,retail,n4353266298,Pet Center,-12.114288,-76.973442,0.0,pet,,,,
LIMA,retail,n4354214245,Ferretería Espinoza,-11.941289,-76.985579,0.0,hardware,,,,
LIMA,retail,n4354253490,Ferretería Mafer,-12.161996,-76.959577,0.0,hardware,,,,
LIMA,retail,n4354263827,Ferretería Ferna,-12.162789,-76.959851,0.0,hardware,,,,
LIMA,retail,n4354265404,Ferretería Yanina,-11.94278,-76.991896,0.0,hardware,,,,
LIMA,retail,n4354283642,Veterinaria Ferrel,-11.948295,-76.98367,0.0,veterinary,,,,
LIMA,retail,n4354432427,Ferretería Sair,-12.068333,-77.014779,0.0,hardware,,,,
LIMA,retail,n4354439688,Ferretería Arturo,-11.938472,-76.989698,0.0,hardware,,,,
LIMA,retail,n4354451113,Ferretería El Paisa,-11.948328,-76.984164,0.0,hardware,,,,
LIMA,retail,n4354481281,Pet Center,-12.081735,-76.927913,0.0,pet,,,,
LIMA,retail,n4354481285,Reino Animal,-12.081733,-76.927835,0.0,pet,,,,
LIMA,retail,n4354481837,Virgen de la Marced,-12.162089,-76.959952,0.0,trade,,,,
LIMA,retail,n4354482916,Ferreteria Santa Ursula,-12.177695,-76.957921,0.0,hardware,,,,
LIMA,retail,n4354553401,Ferretería la Curva,-12.180011,-76.944128,0.0,hardware,,,,
LIMA,retail,n4354675706,Ferretería Faby,-12.0111,-76.979139,0.0,hardware,,,,
LIMA,retail,n4355020558,Veterinaria La Alameda,-12.197636,-77.011826,0.0,veterinary,,,,
LIMA,retail,n4355050579,Animal Clinic,-12.205184,-77.009288,0.0,veterinary,,,,
LIMA,retail,n4355777092,Ferreteria Doucett y Pilar,-12.218325,-76.919869,0.0,trade,,,,
LIMA,retail,n4355953940,Misky Pet,-12.162999,-76.955288,0.0,veterinary,,,,
LIMA,retail,n4355976705,Veterinaría Petshop Mis Patas,-12.23651,-76.909812,0.0,veterinary,,,,
LIMA,retail,n4356027509,Tai Pets,-12.03476,-76.935874,0.0,pet,,,,
LIMA,retail,n4356050618,Ferretería Nicoll,-12.233245,-76.908551,0.0,hardware,,,,
LIMA,retail,n4356075672,Ferrecenter E&R Romero,-11.977975,-76.991655,0.0,hardware,,,,
LIMA,retail,n4356075681,Ferretería Chavez,-11.975896,-76.99147,0.0,hardware,,,,
LIMA,retail,n4356197455,Ferretería Villanueva,-12.198128,-76.995815,0.0,hardware,,,,
LIMA,retail,n4356247990,Pet Shop Manada,-11.967567,-77.003568,0.0,pet,,,,
LIMA,retail,n4356271461,Espinoza,-12.210805,-76.903338,0.0,hardware,,,,
LIMA,retail,n4356300255,Ferretería Altamirano,-12.206815,-76.906391,0.0,hardware,,,,
LIMA,retail,n4356455304,Ferretería Fátima,-12.037727,-76.964779,0.0,hardware,,,,
LIMA,retail,n4356455317,José,-12.037448,-76.9641,0.0,hardware,,,,
LIMA,retail,n4356489075,Ferrecentro,-12.038225,-76.953655,0.0,hardware,,,,
LIMA,retail,n4356685548,Ferretería Makia,-11.998349,-77.000757,0.0,hardware,,,,
LIMA,retail,n4356685672,Clinica Veterinaria,-12.128925,-76.99852,0.0,veterinary,,,,
LIMA,retail,n4357626396,Veterinaria Enciso,-12.128326,-76.99082,0.0,veterinary,,,,
LIMA,retail,n4357667908,Ferretería Roly,-12.193383,-76.981592,0.0,trade,,,,
LIMA,retail,n4357673876,Ferretería El Pirotecnico,-12.082315,-77.01397,0.0,hardware,,,,
LIMA,retail,n4357779608,Veterinaria Mundocan,-12.078552,-77.022761,0.0,veterinary,,,,
LIMA,retail,n4357789059,Animal Hospital,-12.070768,-76.941557,0.0,veterinary,,,,
LIMA,retail,n4357789332,Ferretería El Oriente,-12.080535,-77.023196,0.0,hardware,,,,
LIMA,retail,n4357801739,Canevaro,-12.175123,-76.966833,0.0,pet,,,,
LIMA,retail,n4357836931,Medic Vet,-12.084698,-77.011675,0.0,veterinary,,,,
LIMA,retail,n4357855209,Ferretería Luz,-12.083962,-77.001723,0.0,hardware,,,,
LIMA,retail,n4357885215,Ferremax,-12.032175,-76.927136,0.0,hardware,,,,
LIMA,retail,n4357919024,Ferreteria Fatima,-12.035657,-76.93005,0.0,hardware,,,,
LIMA,retail,n4357967073,Ferretería El Trebol,-12.004947,-77.067079,0.0,hardware,,,,
LIMA,retail,n4358032010,Ferretería Mary,-12.006722,-77.079056,0.0,hardware,,,,
LIMA,retail,n4358052591,Vet Mas,-12.006628,-77.074546,0.0,veterinary,,,,
LIMA,retail,n4358096188,Valois,-12.005736,-77.068356,0.0,hardware,,,,
LIMA,retail,n4358098857,Ferretería Industrial,-12.005641,-77.067647,0.0,hardware,,,,
LIMA,retail,n4358098877,El Trebol,-12.005472,-77.066192,0.0,veterinary,,,,
LIMA,retail,n4358189181,Clínica Veterinaria Family Pets,-12.167129,-76.990563,0.0,veterinary,,,,
LIMA,retail,n4358196340,Ferretería Herlid,-12.068026,-77.012319,0.0,hardware,,,,
LIMA,retail,n4360983590,Veterinaria PETS,-11.993742,-77.053969,0.0,veterinary,,,,
LIMA,retail,n4361827161,Maestro,-12.06449,-76.992038,0.0,doityourself,,,,
LIMA,retail,n4361838166,Veterinaría Bryan,-12.007981,-77.011137,0.0,veterinary,,,,
LIMA,retail,n4361877715,Zoo,-12.010807,-77.011471,0.0,veterinary,,,,
LIMA,retail,n4362093570,Veterinaria A&R,-12.188984,-76.927969,0.0,veterinary,,,,
LIMA,retail,n4362128270,Ferretería 1010,-12.01828,-77.059453,0.0,hardware,,,,
LIMA,retail,n4362214989,Fecodi Ferretería,-12.012833,-77.008666,0.0,hardware,,,,
LIMA,retail,n4362214990,Ferretería La Economica,-12.012841,-77.008594,0.0,hardware,,,,
LIMA,retail,n4362256872,Promelsa,-12.066332,-77.017208,0.0,hardware,,,,
LIMA,retail,n4362375717,Ferretería N y R,-12.173898,-77.005264,0.0,hardware,,,,
LIMA,retail,n4363097854,Veterinaria Antares,-12.012488,-77.080747,0.0,veterinary,,,,
LIMA,retail,n4363355289,Corporación Solminsa,-12.182214,-76.999095,0.0,trade,,,,
LIMA,retail,n4363437721,Pet Shop El Trigal,-12.127478,-76.987657,0.0,pet,,,,
LIMA,retail,n4363540098,Pet Shop Dog Tor Luis,-12.16686,-76.990383,0.0,pet,,,,
LIMA,retail,n4363540401,Deposito y Ferretaria Nichar SAC,-12.190516,-76.930343,0.0,hardware,,,,
LIMA,retail,n4363553439,Matizados y Ferretería,-11.991252,-77.090478,0.0,hardware,,,,
LIMA,retail,n4363561565,Clínica Veterinaria,-12.164387,-76.99058,0.0,veterinary,,,,
LIMA,retail,n4363611281,Comercial Ferretería Mayo Luren,-12.162151,-76.990067,0.0,hardware,,,,
LIMA,retail,n4363625281,Veterinaria Los Viñedos,-12.161923,-76.98992,0.0,veterinary,,,,
LIMA,retail,n4363686690,Perú Dog,-12.030462,-77.087793,0.0,veterinary,,,,+51 1 568 2986
LIMA,retail,n4363699807,DiB,-12.11332,-76.992222,0.0,hardware,,,,
LIMA,retail,n4364793012,Ferretería Sanitarios Luis Lau,-12.06822,-77.012327,0.0,hardware,,,,
LIMA,retail,n4365004494,Veterinary Clinic,-12.112011,-76.993062,0.0,veterinary,,,,
LIMA,retail,n4365056268,Ferretería El Sol,-11.946308,-77.073917,0.0,hardware,,,,
LIMA,retail,n4365056309,Ferretería Los Andes,-11.947633,-77.077921,0.0,hardware,,,,
LIMA,retail,n4365056319,Frenos,-11.947721,-77.078214,0.0,hardware,,,,
LIMA,retail,n4365219034,Ferretería Doris,-11.991055,-77.107792,0.0,hardware,,,,
LIMA,retail,n4365495954,Veterinaria 911,-11.943419,-77.089186,0.0,veterinary,,,,
LIMA,retail,n4365504333,Ferretería Jokap,-11.987936,-77.004267,0.0,hardware,,,,
LIMA,retail,n4365511077,D'fashion Animal,-11.935622,-77.077973,0.0,veterinary,,,,
LIMA,retail,n4365511599,Maskopets,-11.936058,-77.075984,0.0,veterinary,,,,
LIMA,retail,n4365607352,Veterinaria Aviación,-12.118113,-76.998817,0.0,veterinary,,,,
LIMA,retail,n4366520889,Ferretería Rolys,-11.995976,-77.002569,0.0,hardware,,,,
LIMA,retail,n4366555248,Ferretería Santa Beatriz,-12.10857,-77.015203,0.0,hardware,,,,
LIMA,retail,n4366565186,Ferretería Candiotti Color,-12.108443,-77.014893,0.0,hardware,,,,
LIMA,retail,n4366617518,Ferreteria Comercial,-12.101974,-76.994236,0.0,hardware,,,,
LIMA,retail,n4366712358,La Franciscana,-11.976271,-77.090312,0.0,veterinary,,,,
LIMA,retail,n4366712388,Ferretería Flores,-11.974871,-77.088637,0.0,hardware,,,,
LIMA,retail,n4366728696,Ferretería en General,-11.965662,-77.08304,0.0,hardware,,,,
LIMA,retail,n4366807707,Ferretería Arena,-11.970284,-77.080018,0.0,hardware,,,,
LIMA,retail,n4366817510,Pet's Place,-12.091617,-76.952403,0.0,veterinary,,,https://petsplaceperu.com/,+51 1 944302535
LIMA,retail,n4366872925,Mendoza,-12.07506,-76.978983,0.0,trade,,,,
LIMA,retail,n4366950904,Ferretería Denisse,-12.028665,-77.072674,0.0,hardware,,,,
LIMA,retail,n4367012790,Ferretería Malca,-12.025302,-77.077932,0.0,hardware,,,,
LIMA,retail,n4367350592,Ferretería Industrial la Molina,-12.066418,-76.959361,0.0,hardware,,,,
LIMA,retail,n4367350597,Ferretería la Molina,-12.066287,-76.95941,0.0,hardware,,,,
LIMA,retail,n4367383282,Ferretería El Asesor,-12.038562,-76.965992,0.0,hardware,,,,
LIMA,retail,n4367387198,Janeth,-12.037888,-76.964301,0.0,hardware,,,,
LIMA,retail,n4367393929,Ferretería el Trome,-12.035435,-76.957499,0.0,hardware,,,,
LIMA,retail,n4367950407,Ferretería Pancar,-12.071741,-77.011773,0.0,hardware,,,,
LIMA,retail,n4368043384,Ferretería Zurita,-12.021304,-77.086625,0.0,hardware,,,,
LIMA,retail,n4368167785,Ferretería Leo,-12.046358,-76.95805,0.0,hardware,,,,
LIMA,retail,n4368167813,Rojas Veterinaria,-11.947154,-77.077301,0.0,veterinary,,,,
LIMA,retail,n4368266217,Ferretería Sendy,-12.024833,-77.07816,0.0,hardware,,,,
LIMA,retail,n4368323015,Ferretería Femaco,-12.022352,-77.083747,0.0,hardware,,,,
LIMA,retail,n4368344993,Veterinaría José Granda,-12.021578,-77.085316,0.0,veterinary,,,,
LIMA,retail,n4368345504,Mascotas,-12.10981,-76.975389,0.0,pet,,,,
LIMA,retail,n4368448743,Ferretería Amesat,-11.998865,-77.102553,0.0,hardware,,,,
LIMA,retail,n4368456436,Ferretería Quito,-11.995809,-77.104012,0.0,hardware,,,,
LIMA,retail,n4368673652,Ferretería Flores,-11.967759,-77.075174,0.0,hardware,,,,
LIMA,retail,n4368674564,La Marina,-11.971232,-77.076895,0.0,hardware,,,,
LIMA,retail,n4368682256,Deposito y Ferretería,-11.971009,-77.077385,0.0,hardware,,,,
LIMA,retail,n4368682259,Kartna,-11.97099,-77.077432,0.0,hardware,,,,
LIMA,retail,n4368710831,Ferretería Mercury,-12.063738,-77.00327,0.0,hardware,,,,
LIMA,retail,n4368715185,Ferretería Leo,-12.063433,-77.003034,0.0,hardware,,,,
LIMA,retail,n4368781960,Ferretería Elena,-12.052033,-77.00736,0.0,hardware,,,,
LIMA,retail,n4369796240,Veterinaría Mascotas,-12.068717,-77.008983,0.0,veterinary,,,,
LIMA,retail,n4370126332,Remil,-12.062201,-77.003744,0.0,hardware,,,,
LIMA,retail,n4370139322,Ferretería El Caribe,-12.059643,-77.007327,0.0,hardware,,,,
LIMA,retail,n4370139324,Veterinaría Central,-12.0596,-77.007376,0.0,veterinary,,,,
LIMA,retail,n4372755580,Aceram,-12.002988,-77.083646,0.0,hardware,,,,
LIMA,retail,n4373050740,Ferretería y Matizados Juan Manuel,-12.108884,-76.972144,0.0,hardware,,,,
LIMA,retail,n4374463696,Celima Trébol,-12.177694,-76.996141,0.0,trade,,,,
LIMA,retail,n4374658120,Ferretería Pernos Asly,-12.038643,-76.956528,0.0,hardware,,,,
LIMA,retail,n4374733850,Centro Médico Veterinario,-12.046228,-76.977757,0.0,veterinary,,,,
LIMA,retail,n4374749096,Comercial Ferreteria Cesar's,-11.974405,-77.082463,0.0,hardware,,,,
LIMA,retail,n4374767695,V&S ItherPlast,-12.039356,-76.933204,0.0,hardware,,,,
LIMA,retail,n4374797637,Ferreteria Beylim,-11.978193,-77.084182,0.0,hardware,,,,
LIMA,retail,n4374877028,Ferre Polis,-11.983058,-77.0818,0.0,hardware,,,,
LIMA,retail,n4374894358,Feria Ferretera,-12.034142,-77.008247,0.0,hardware,,,,
LIMA,retail,n4374906247,Ferreteria Diana,-11.942147,-76.702982,0.0,trade,,,,
LIMA,retail,n4374917688,Ferretena Sedano,-12.034289,-76.928314,0.0,hardware,,,,
LIMA,retail,n4374917712,Ferretería Sedano,-12.036404,-76.930104,0.0,hardware,,,,
LIMA,retail,n4375709623,Clinica Veterinaria,-11.97997,-77.078233,0.0,veterinary,,,,
LIMA,retail,n4375859288,Vyma's Vet,-12.017612,-77.07743,0.0,veterinary,,,,
LIMA,retail,n4376000038,San Martin,-11.936826,-76.695067,0.0,veterinary,,,,
LIMA,retail,n4376161621,Paz y Bien,-11.922001,-76.677972,0.0,trade,,,,
LIMA,retail,n4376507158,Ferreteria la Floresta,-11.973899,-76.760401,0.0,hardware,,,,
LIMA,retail,n4377818388,Paws and Claws,-11.943539,-76.707259,0.0,yes,,,,
LIMA,retail,n4377979517,Ferreteria Fongo,-11.936966,-76.694848,0.0,trade,,,,
LIMA,retail,n4378103012,Ferretería Garma,-12.015997,-76.821393,0.0,hardware,,,,
LIMA,retail,n4379332110,Ferretería Lope,-12.000637,-76.833519,0.0,hardware,,,,
LIMA,retail,n4379401205,Ferretería Jhoshi,-12.015431,-76.821905,0.0,hardware,,,,
LIMA,retail,n4379431849,Castrovet,-12.014382,-76.823418,0.0,veterinary,,,,
LIMA,retail,n4379446638,Veterinaria Mayorga,-12.012903,-76.825547,0.0,veterinary,,,,
LIMA,retail,n4385892189,Centro Ferretero Marsano,-12.117445,-77.008501,0.0,hardware,,,,
LIMA,retail,n4387793920,Scheiner Electric,-12.044225,-77.046887,0.0,hardware,,,,
LIMA,retail,n4387793930,Arpesa,-12.045183,-77.046838,0.0,hardware,,,,
LIMA,retail,n4387793969,Convexo,-12.044564,-77.046913,0.0,hardware,,,,
LIMA,retail,n4387948150,Rebobinados Erick'son,-12.042238,-77.046087,0.0,hardware,,,,
LIMA,retail,n4387948151,DeWalt,-12.043192,-77.0457,0.0,hardware,,,,
LIMA,retail,n4388010600,DeWalt,-12.043496,-77.048963,0.0,hardware,,,,
LIMA,retail,n4388111157,León,-12.044575,-77.048399,0.0,hardware,,,,
LIMA,retail,n4388595010,Duco,-12.05478,-77.012963,0.0,hardware,,,,
LIMA,retail,n4397307191,Aceros Boehler del Perú S.A.,-12.045275,-77.068475,0.0,hardware,,,https://www.bohlerperu.com/,+51 1 6193232
LIMA,retail,n4399592013,Farruro,-12.053896,-77.025583,0.0,hardware,,,,
LIMA,retail,n4399592014,Santa Rosa,-12.054308,-77.025444,0.0,hardware,,,,
LIMA,retail,n4400481890,Aceros Boehler del Perú S.A. Planta Tratamientos Térmicos,-12.04486,-77.068515,0.0,hardware,,,https://www.bohlerperu.com/,+51 1 6193240
LIMA,retail,n4403446390,Tecno Color S.r.l,-12.075006,-77.007615,0.0,hardware,,,,+51 1 4749459
LIMA,retail,n4405186501,Autonics,-12.054927,-77.033181,0.0,hardware,,,,
LIMA,retail,n4415198791,María Auxiliadora,-12.061928,-77.048568,0.0,veterinary,,,,
LIMA,retail,n4419543290,Veterinaria San Juan Bautista,-12.02598,-76.911476,0.0,veterinary,,,,
LIMA,retail,n4419747589,SCI MERCO PERU S.A.C.,-12.079344,-77.026533,0.0,hardware,,,http://www.mercoperu.net,+51 1 2620155
LIMA,retail,n4444060193,Centro Comercial Las Malvinas II,-12.018075,-77.001826,0.0,hardware,,,,
LIMA,retail,n4444793096,MACOFE,-12.206653,-76.936453,0.0,hardware,,,,
LIMA,retail,n4465368269,Veterinaria muncipal,-12.069352,-77.040193,0.0,veterinary,,Municipalida de Jesús María,,
LIMA,retail,n4475910190,Alfredo Marmanillo Leiva,-12.180173,-76.998274,0.0,veterinary,,,,+51 999270523
LIMA,retail,n4483037784,Cavero,-12.078894,-77.059565,0.0,veterinary,,,,
LIMA,retail,n4484584490,Productos para mascotas y acuarios,-12.050976,-77.030405,0.0,pet,,,,
LIMA,retail,n4548634813,Promart,-12.180137,-76.942524,0.0,doityourself,,,,
LIMA,retail,n4559181091,tuberias,-12.072966,-77.0193,0.0,hardware,,,,
LIMA,retail,n4579862153,Ferreteria Fabri Sur S.A.C.,-12.199831,-76.926782,0.0,hardware,,,,
LIMA,retail,n4682629300,Multiservice Mary,-12.120341,-77.034106,0.0,hardware,,,,
LIMA,retail,n4707069992,Ferreteria Jaén,-11.801238,-77.141098,0.0,hardware,,,,
LIMA,retail,n4710353093,Ferreteria Janampa,-11.911626,-76.966547,0.0,hardware,,,,
LIMA,retail,n4715660989,Bon Ami,-12.083687,-77.032727,0.0,veterinary,,,,+51 1 2657373
LIMA,retail,n4724765348,Chocho,-12.064283,-77.058577,0.0,hardware,,,,
LIMA,retail,n4740389626,Anyo electric,-12.044492,-77.046327,0.0,hardware,,,http://www.anyoelectric.com,+51 1 4577235
LIMA,retail,n4760926313,333,-12.037954,-77.081116,0.0,hardware,,,,
LIMA,retail,n4760927321,Misi Vet,-12.037407,-77.078229,0.0,veterinary,,,,+51994990636
LIMA,retail,n4765719522,Veterinaria The Pet's Corner,-12.17122,-77.022945,0.0,veterinary,,,,+51 1 2527526
LIMA,retail,n4765731521,Gama Pets Care,-12.166527,-77.023432,0.0,veterinary,,,,+511 249 6467; +51 992154022
LIMA,retail,n4770032101,Emanuel,-11.999825,-77.096825,0.0,hardware,,,,
LIMA,retail,n4788489321,veterinaria AgroSuni,-12.065103,-77.033907,0.0,pet,,,,
LIMA,retail,n4794227022,Ferretería Andina,-12.080984,-77.031796,0.0,hardware,,,,
LIMA,retail,n4842842121,Sodimac,-13.075478,-76.372607,0.0,doityourself,,,,
LIMA,retail,n4880939923,Mis engreidos Veterinaria Pet shop,-12.117079,-77.036246,0.0,veterinary,,,http://www.veterinariamisengreidos.com/,+51 998495549
LIMA,retail,n4884153923,Villavet Clinica Veterinaria,-12.11687,-77.033348,0.0,veterinary,,,,
LIMA,retail,n4902800413,Comercial del Acero,-12.046194,-77.068722,0.0,hardware,,,https://www.comasa.com.pe/,+5116193000
LIMA,retail,n4915723021,Clinica Veterinaria San Diego,-12.117783,-77.035945,0.0,veterinary,,,,
LIMA,retail,n5006023251,Agro Veterinaria,-12.19208,-77.004728,0.0,veterinary,,,,
LIMA,retail,n5006062139,Materiales Asia,-12.660948,-76.633187,0.0,trade,,,,
LIMA,retail,n5007574071,Mejor Alcaide del Peru,-12.184604,-77.021401,0.0,hardware,,,,
LIMA,retail,n5007833714,Ferreteria Copacabana,-12.192497,-77.019312,0.0,hardware,,,,
LIMA,retail,n5007833719,Emergencia Animal,-12.19318,-77.019679,0.0,veterinary,,,,
LIMA,retail,n5008198328,Ferreteria Rosita,-12.195229,-77.021868,0.0,hardware,,,,
LIMA,retail,n5008410829,El Colorao,-12.34906,-76.812087,0.0,hardware,,,,
LIMA,retail,n5008490509,Mundo Pets,-12.187486,-77.009344,0.0,pet,,,,
LIMA,retail,n5009613459,Tinco,-12.363888,-76.794918,0.0,hardware,,,,
LIMA,retail,n5009708222,Peterinaria,-12.143708,-77.017984,0.0,pet,,,,
LIMA,retail,n5009763250,Matizados y Ferreteria Juan,-12.139797,-76.993783,0.0,hardware,,,,
LIMA,retail,n5009784634,El Potito Con Jura,-12.162562,-76.990291,0.0,hardware,,,,
LIMA,retail,n5009851152,M R Central,-12.516782,-76.733616,0.0,hardware,,,,
LIMA,retail,n5009900143,Rerreteria Ely,-12.512948,-76.73599,0.0,hardware,,,,
LIMA,retail,n5009951981,Ferreteria Central,-12.16268,-76.990817,0.0,hardware,,,,
LIMA,retail,n5009951989,Ferreteria Fadem,-12.162532,-76.990733,0.0,hardware,,,,
LIMA,retail,n5010057641,Bujama,-12.71069,-76.63256,0.0,hardware,,,,
LIMA,retail,n5010083286,Ferreteria Sarita,-12.179931,-76.944159,0.0,hardware,,,,
LIMA,retail,n5010111007,Veterinaria Barranco,-12.147614,-77.018139,0.0,veterinary,,,,
LIMA,retail,n5010125515,Maderera Nino Jesus,-12.163262,-76.954243,0.0,trade,,,,
LIMA,retail,n5010149829,MAX,-12.728435,-76.619775,0.0,hardware,,,,
LIMA,retail,n5010204916,Tonito,-12.150768,-76.967877,0.0,hardware,,,,
LIMA,retail,n5010209158,El Rapido,-12.139885,-76.960167,0.0,hardware,,,,
LIMA,retail,n5010209169,Comercial Ferretero,-12.134965,-76.956499,0.0,hardware,,,,
LIMA,retail,n5010209501,Veterinaría Moyano,-12.151687,-76.971796,0.0,veterinary,,,,
LIMA,retail,n5010312552,Divino Niño Jesus,-12.65952,-76.633854,0.0,hardware,,,,
LIMA,retail,n5010330956,Ferreteria Miguelito,-12.652738,-76.633856,0.0,hardware,,,,
LIMA,retail,n5010330966,Chispa,-12.653227,-76.633528,0.0,hardware,,,,
LIMA,retail,n5010354037,Ferreteria Jara,-12.209498,-76.945753,0.0,hardware,,,,
LIMA,retail,n5010397253,Ferreteria Arias,-12.198449,-76.952407,0.0,hardware,,,,
LIMA,retail,n5010407375,Perno Centro,-12.149584,-76.967812,0.0,hardware,,,,
LIMA,retail,n5010407376,Ferretería y Matizados Toñito,-12.149616,-76.967783,0.0,hardware,,,,
LIMA,retail,n5010413950,Progresol,-12.130686,-76.954211,0.0,hardware,,,,
LIMA,retail,n5010414050,Lucky Pets,-12.139356,-76.96195,0.0,pet,,,,
LIMA,retail,n5010414174,El Sur,-12.150718,-76.971393,0.0,veterinary,,,,
LIMA,retail,n5010415817,Mi Pequeño Boxer,-12.210822,-76.938523,0.0,veterinary,,,,
LIMA,retail,n5012496271,Mundo Zoo,-12.14333,-76.967559,0.0,veterinary,,,,
LIMA,retail,n5012541530,Grupo el Álamo,-13.024107,-76.476398,0.0,hardware,,,,
LIMA,retail,n5012731373,Happy Pet,-12.211267,-76.934826,0.0,veterinary,,,,
LIMA,retail,n5012731419,González,-12.212065,-76.935112,0.0,veterinary,,,,
LIMA,retail,n5012801481,Pet Shop Sur,-12.142358,-76.974205,0.0,pet,,,,
LIMA,retail,n5012803047,Ferretería Mauro,-12.140428,-76.969253,0.0,hardware,,,,
LIMA,retail,n5012803091,Vet-Sur,-12.143691,-76.967523,0.0,veterinary,,,,
LIMA,retail,n5012803279,La Solucion,-12.146911,-76.968079,0.0,hardware,,,,
LIMA,retail,n5012803284,Rony & Yuvanna,-12.148689,-76.968592,0.0,hardware,,,,
LIMA,retail,n5012864402,My Baby Pet Store,-12.146951,-77.013021,0.0,pet,,,,
LIMA,retail,n5012864411,Ferreteria PIO,-12.14695,-77.013161,0.0,hardware,,,,
LIMA,retail,n5014997366,J&P Distrubuidores,-12.197527,-76.9676,0.0,hardware,,,,
LIMA,retail,n5015109984,Ferreteria Yire,-12.198717,-76.963269,0.0,hardware,,,,
LIMA,retail,n5020434230,Only Petshop,-12.198646,-76.95273,0.0,pet,,,,
LIMA,retail,n5020801343,Veterinaria Ruma Luma,-12.135432,-77.00681,0.0,veterinary,,Nutram,,
LIMA,retail,n5020845607,Ferreteria 1 De Mayo,-12.192248,-76.948032,0.0,hardware,,,,
LIMA,retail,n5020882296,Consultorio Veterinario,-12.192645,-76.948717,0.0,veterinary,,,,
LIMA,retail,n5020882303,Clinica Veterinaria,-12.192744,-76.948879,0.0,veterinary,,,,
LIMA,retail,n5021078044,Ferreteria Aspur,-12.192628,-76.955596,0.0,hardware,,,,
LIMA,retail,n5022447821,Veterniaria,-12.191928,-76.956293,0.0,veterinary,,,,
LIMA,retail,n5022733508,Matizados Ferreteria,-12.193152,-76.981877,0.0,hardware,,,,
LIMA,retail,n5023101991,Ferreteria Ochoa,-12.188986,-77.014458,0.0,hardware,,,,
LIMA,retail,n5024905981,Nicole,-12.188999,-76.987771,0.0,hardware,,,,
LIMA,retail,n5025057480,Matizados Ferreteria,-12.192707,-76.95583,0.0,hardware,,,,
LIMA,retail,n5048712451,Materials,-11.976957,-77.080621,0.0,hardware,,,,
LIMA,retail,n5049794329,La casita del Schanauzer,-12.090526,-77.081158,0.0,veterinary,,,,
LIMA,retail,n5049883051,Bertchi,-12.076789,-77.085337,0.0,veterinary,,,,
LIMA,retail,n5052350828,La Economía,-10.752378,-77.761849,0.0,hardware,,,,
LIMA,retail,n5054073868,El Palacio de las Mascotas,-10.756689,-77.756417,0.0,veterinary,,,,
LIMA,retail,n5054585558,Zoo Mania,-11.969513,-77.080249,0.0,veterinary,,,,
LIMA,retail,n5054585559,Pet Shop y Spa,-11.969557,-77.080267,0.0,pet,,,,
LIMA,retail,n5054619407,La Casa del Ganadero,-11.564661,-77.268321,0.0,veterinary,,,,
LIMA,retail,n5054619415,Veterinaria Chancay,-11.564404,-77.268429,0.0,veterinary,,,,
LIMA,retail,n5054749248,Ferretería Geraldine,-11.971083,-77.07867,0.0,hardware,,,,
LIMA,retail,n5054763017,Ferretería Las Palmeras,-11.974244,-77.072683,0.0,hardware,,,,
LIMA,retail,n5054816409,M' Stercan Pets,-11.967273,-77.09002,0.0,pet,,,,
LIMA,retail,n5056548937,Ferreteria Max,-11.97688,-77.099097,0.0,hardware,,,,
LIMA,retail,n5056639981,Veterinaria Pet Shop,-11.970728,-77.072369,0.0,veterinary,,,,
LIMA,retail,n5056717732,Ferreteria Alejos,-11.959991,-77.096462,0.0,hardware,,,,
LIMA,retail,n5056717774,Hapoy Dog,-11.96212,-77.094386,0.0,veterinary,,,,
LIMA,retail,n5056717788,Kotas Vet Pet Shop,-11.962955,-77.093625,0.0,pet,,,,
LIMA,retail,n5056717797,Cemento Nacional,-11.964275,-77.092551,0.0,hardware,,,,
LIMA,retail,n5056767340,Ferremarket,-11.971884,-77.073359,0.0,hardware,,,,
LIMA,retail,n5056822873,Ferretería Thiago,-11.967344,-77.078277,0.0,hardware,,,,
LIMA,retail,n5056847322,Ferreteria Andisa,-11.962505,-77.093677,0.0,hardware,,,,
LIMA,retail,n5056868624,La Casa del Carpintero,-11.558411,-77.266504,0.0,hardware,,,,
LIMA,retail,n5057153108,Vidrieria Carabayllo Glass,-11.8494,-77.093271,0.0,hardware,,,,
LIMA,retail,n5057188012,Pet Shop,-11.964755,-77.094857,0.0,pet,,,,
LIMA,retail,n5057188822,Pavco,-11.969746,-77.094451,0.0,hardware,,,,
LIMA,retail,n5058714878,Ferretería Sagrado Corazón de Jesús,-11.952182,-77.080238,0.0,hardware,,,,
LIMA,retail,n5058714883,Roque's Vet,-11.952291,-77.080226,0.0,veterinary,,,,
LIMA,retail,n5058714899,Ferretería Aguilar,-11.956468,-77.081703,0.0,hardware,,,,
LIMA,retail,n5064245316,Veterinaria Laky,-11.959098,-77.097381,0.0,veterinary,,,,
LIMA,retail,n5064245435,Alkavet,-11.958572,-77.097904,0.0,veterinary,,,,
LIMA,retail,n5064314697,Ferreteria Bendicion de Dios,-11.960255,-77.098013,0.0,hardware,,,,
LIMA,retail,n5064314702,Ferreteria Ancashino,-11.960077,-77.09781,0.0,hardware,,,,
LIMA,retail,n5064507002,Veterinaría Agroval,-11.958724,-77.077692,0.0,veterinary,,,,
LIMA,retail,n5064522153,Ferreteria Torres,-11.928937,-77.079491,0.0,hardware,,,,
LIMA,retail,n5064539176,Estructuras Metalicas Castillo,-11.923217,-77.082511,0.0,hardware,,,,
LIMA,retail,n5064725746,Clinica Veterinaria Portalino & Rondón,-11.92967,-77.079078,0.0,veterinary,,,,
LIMA,retail,n5064728753,Ferreteria Vipol,-11.966246,-77.090665,0.0,hardware,,,,
LIMA,retail,n5064734379,Patazas,-11.922811,-77.082342,0.0,veterinary,,,,
LIMA,retail,n5064933221,Ferreteria Nieol,-11.920029,-77.088102,0.0,hardware,,,,
LIMA,retail,n5065009007,Veterinaria Real,-11.975249,-77.086804,0.0,veterinary,,,,
LIMA,retail,n5065062373,Ferreteria Segovia,-11.924098,-77.080577,0.0,hardware,,,,
LIMA,retail,n5065128843,Ferretería Hector,-11.933801,-77.084371,0.0,hardware,,,,
LIMA,retail,n5065151936,Ferretería José,-11.934216,-77.084663,0.0,hardware,,,,
LIMA,retail,n5065162788,Animal Vet,-11.947059,-77.090784,0.0,veterinary,,,,
LIMA,retail,n5067171746,Ferreteria El Dorado,-11.955384,-77.089923,0.0,hardware,,,,
LIMA,retail,n5067521916,Mory,-11.497169,-77.198957,0.0,hardware,,,,
LIMA,retail,n5067542631,Ferretería Anita,-11.494076,-77.201585,0.0,hardware,,,,
LIMA,retail,n5067542635,Ferretería LDA Economia,-11.493986,-77.201608,0.0,hardware,,,,
LIMA,retail,n5067603041,Zoolo + Cotas,-11.776343,-77.166452,0.0,veterinary,,,,
LIMA,retail,n5067611879,Ferreteria Aron,-10.749601,-77.75984,0.0,hardware,,,,
LIMA,retail,n5067611885,Ferretería Elvia,-10.749424,-77.759694,0.0,hardware,,,,
LIMA,retail,n5067668026,Ferrertariá Milla,-11.774549,-77.170379,0.0,hardware,,,,
LIMA,retail,n5070387537,Ferretería Gabi,-11.492048,-77.20302,0.0,hardware,,,,
LIMA,retail,n5071786937,Ferretería Willy,-11.492575,-77.207832,0.0,hardware,,,,
LIMA,retail,n5071886310,Murano decor,-12.085514,-76.989315,0.0,doityourself,,,http://muranodecor.net,+51 1 3461728
LIMA,retail,n5071893924,Ferretería Más Barato,-11.4929,-77.207864,0.0,hardware,,,,
LIMA,retail,n5071893947,My Dog Beautiful,-11.491694,-77.209188,0.0,pet,,,,
LIMA,retail,n5072226722,Palmar,-12.06653,-77.052191,0.0,hardware,,,,
LIMA,retail,n5072467422,Ferreteria Cataño,-12.170043,-76.944987,0.0,hardware,,,,
LIMA,retail,n5073983394,Ferretería Paramonga,-10.6747,-77.820035,0.0,hardware,,,,
LIMA,retail,n5076423938,Veterinaria Benavides,-12.128769,-76.983928,0.0,veterinary,,,http://veterinariabenavides.got.to/,+51 1 2754981
LIMA,retail,n5082324794,Clinivet,-11.107281,-77.596921,0.0,veterinary,,,,
LIMA,retail,n5082324799,Unidad Veterinaria,-11.107308,-77.59759,0.0,veterinary,,,,
LIMA,retail,n5082504264,Delterplast,-11.107187,-77.605326,0.0,hardware,,,,
LIMA,retail,n5082528856,Ferreteria Gutierrez,-11.107162,-77.607605,0.0,hardware,,,,
LIMA,retail,n5082563093,Salud Animal,-12.071992,-76.98012,0.0,veterinary,,,,
LIMA,retail,n5082886372,Pernos,-12.046382,-77.044944,0.0,hardware,,,,
LIMA,retail,n5084261619,Productos Tippic,-12.063781,-76.968056,0.0,doityourself,,,https://productostippic.com/contactenos/,+51 1 6524490
LIMA,retail,n5084751101,Ferreteria Farfan,-11.122546,-77.610716,0.0,hardware,,,,
LIMA,retail,n5098597038,Veterinaria Sagrivet,-11.105239,-77.607102,0.0,veterinary,,,,
LIMA,retail,n5098597044,Sani-Pe-Spa House Can,-11.105244,-77.607055,0.0,veterinary,,,,
LIMA,retail,n5098597045,My Veterinaria,-11.105235,-77.607148,0.0,veterinary,,,,
LIMA,retail,n5098619848,Master Groom,-11.109772,-77.610616,0.0,pet,,,,
LIMA,retail,n5098860573,DIPROPOR,-12.118633,-76.996934,0.0,hardware,,,https://dipropor.com/,+51 1 7151818
LIMA,retail,n5102302521,Mena,-11.998967,-77.092204,0.0,hardware,,,,
LIMA,retail,n5103744668,Veterinaría Canicenter,-11.105406,-77.607605,0.0,veterinary,,,,
LIMA,retail,n5113439423,LLANCACHAHUA,-12.037853,-77.081081,0.0,hardware,,,,
LIMA,retail,n5131634822,Casa de los colores,-12.082734,-77.095797,0.0,hardware,,,,
LIMA,retail,n5131634921,Benavente,-12.082666,-77.095841,0.0,hardware,,,,
LIMA,retail,n5131635121,DecorMadera,-12.088051,-77.084422,0.0,hardware,,,,
LIMA,retail,n5133287421,R. Y. E,-12.05685,-77.053174,0.0,hardware,,,,
LIMA,retail,n5133774421,RAYME CHALCCO,-12.039231,-77.055268,0.0,hardware,,,,
LIMA,retail,n5169626722,Pro Gallos Norte E.I.R.L,-11.937287,-77.047975,0.0,veterinary,,,,
LIMA,retail,n5175728530,Veterinaria Arce Barrera Elva,-11.105245,-77.607157,0.0,veterinary,,,,
LIMA,retail,n5175728531,Agro. El olivar,-11.015051,-77.602896,0.0,veterinary,,,,
LIMA,retail,n5175728921,Veterinaria Santa Ana Benitez Manrique,-11.105037,-77.607862,0.0,veterinary,,,,
LIMA,retail,n5175729021,Nutrec sac,-11.104662,-77.607904,0.0,veterinary,,,,
LIMA,retail,n5175729022,Camay,-10.910057,-77.627448,0.0,veterinary,,,,
LIMA,retail,n5175729023,Granados,-10.942348,-77.641685,0.0,veterinary,,,,
LIMA,retail,n5186361122,health pet,-12.105369,-77.001355,0.0,veterinary,,,,+51 1 5588254
LIMA,retail,n5207342793,Carval,-12.029334,-76.924926,0.0,veterinary,,,,
LIMA,retail,n5207604221,Agro veterinaria,-11.932757,-76.692328,0.0,veterinary,,,,
LIMA,retail,n5207604321,Veterinaria San Jose,-11.922781,-76.678776,0.0,veterinary,,,,
LIMA,retail,n5268846121,Veterinaria Las Mascotas,-12.046854,-76.99951,0.0,veterinary,,,,
LIMA,retail,n5323168121,Villa Retriever,-11.938662,-77.057393,0.0,pet,,,,
LIMA,retail,n5360298124,Ferreteria Cataño,-12.170115,-76.945118,0.0,hardware,,,,
LIMA,retail,n5380014121,Veterinaria CielitoVet,-12.038307,-77.022488,0.0,veterinary,,,,+51 944798603
LIMA,retail,n5468513701,Zoomed,-11.985088,-77.098553,0.0,veterinary,,,,
LIMA,retail,n5483410803,Pet World,-11.986846,-77.0874,0.0,veterinary,,,,
LIMA,retail,n5555571261,Vivero Flor de Amancaes,-12.18943,-76.923173,0.0,garden_centre,,Parque Zonal Flor de Amancaes,,
LIMA,retail,n5615301919,Yohersa S.A.C.,-12.195866,-76.936852,0.0,hardware,,,https://www.yohersa.com/,+511 5005555
LIMA,retail,n5615899921,All to pets,-12.051386,-77.061091,0.0,veterinary,,,,
LIMA,retail,n5637080121,Deposito y Ferreteria Jose,-12.184061,-76.997601,0.0,trade,,,,
LIMA,retail,n5800218998,Promart,-12.274946,-76.874093,0.0,doityourself,,,https://www.promart.pe,+51 1 6194810
LIMA,retail,n5810743055,Veterinaria Gardenias Pets,-11.905983,-77.036066,0.0,veterinary,,,,
LIMA,retail,n5862394638,Clini Pets,-11.99569,-77.061825,0.0,veterinary,,,,+51 1 5214436
LIMA,retail,n5876911839,Veterinaria Lima,-12.026086,-77.060426,0.0,veterinary,,,,
LIMA,retail,n5876946117,Clínica veterinaria PetCenter,-12.099178,-76.995129,0.0,veterinary,,Clínica veterinaria PetCenter,https://www.petcenter.com.pe/,+51 1 7177777
LIMA,retail,n5876964668,Veterinaria municipal,-12.052281,-77.078145,0.0,veterinary,,COMAIN,,
LIMA,retail,n6051386456,Ades,-11.759957,-76.300247,0.0,hardware,,,,
LIMA,retail,n6051386471,Aguirres,-11.759583,-76.300343,0.0,hardware,,,,
LIMA,retail,n6066634936,Ferretería Palomino,-11.977036,-77.018736,0.0,hardware,,,,
LIMA,retail,n6068988147,Cochachis,-11.759401,-76.300688,0.0,hardware,,,,
LIMA,retail,n6138043927,Veterinaria Fauna Urbana,-12.030404,-77.093394,0.0,veterinary,,,https://faunaurbana.net/,+51 1 5720003
LIMA,retail,n6185047385,Veterinaria,-12.121363,-77.034129,0.0,veterinary,,,,
LIMA,retail,n6239134285,Ferretería GESMAT Valle Hermoso,-12.12721,-76.975752,0.0,hardware,,,,
LIMA,retail,n6329677540,Caterpillar,-12.085871,-76.975262,0.0,trade,,,,
LIMA,retail,n6518352689,Promart,-12.081479,-76.928265,0.0,doityourself,,,,
LIMA,retail,n6563778443,Alerta Vet,-12.068951,-77.061568,0.0,veterinary,,,,
LIMA,retail,n6606177518,Pet's San Roque,-12.146146,-76.989045,0.0,pet,,,,
LIMA,retail,n6606177563,Pet Lima,-12.146997,-76.990815,0.0,veterinary,,,,
LIMA,retail,n6606177582,Ferretería Rosales S.R.L.,-12.146825,-76.9903,0.0,trade,,,,
LIMA,retail,n6606190496,Veterinaria San Roque,-12.146102,-76.988986,0.0,veterinary,,,,+51 1 2822054
LIMA,retail,n6630375577,Clínica Veterinaria Bienestar Animal,-12.15527,-76.961005,0.0,veterinary,,,,
LIMA,retail,n6959222285,Ferretería Chavez,-11.973499,-77.111781,0.0,hardware,,,,
LIMA,retail,n7214074357,Mr Pet,-12.083046,-76.898053,0.0,veterinary,,,,
LIMA,retail,n7214074363,Mendoza E.I.R.L.,-12.089685,-76.900157,0.0,hardware,,,,
LIMA,retail,n7221379901,Ferretería Warisa,-12.083695,-76.89777,0.0,hardware,,,,
LIMA,retail,n7512747201,FerreMatizados ZCR,-12.112019,-77.008174,0.0,hardware,,,,
LIMA,retail,n7512747203,Ferreteria Alarcon,-12.11201,-77.008032,0.0,hardware,,,,
LIMA,retail,n7555218035,Elyfer,-12.004884,-77.066773,0.0,hardware,,,,
LIMA,retail,n7594008697,Veterinaria Panda,-12.190751,-76.944301,0.0,veterinary,,,,+51 1 2924795;+51 1 2925206
LIMA,retail,n7594008698,Veterinaria Zevallos,-12.190782,-76.944368,0.0,veterinary,,,,+51 1 401468
LIMA,retail,n7594034290,Veterinaria Panda,-12.221937,-76.933144,0.0,veterinary,,,,+51 1 2877645;+51 940575746
LIMA,retail,n7668189507,Veterinaria Miraflores,-12.117008,-77.044866,0.0,veterinary,,,,
LIMA,retail,n7684256924,Farmascotas,-12.655083,-76.635833,0.0,pet,,,https://farmascotaspe.com,+5113279601
LIMA,retail,n7684361999,Fertisem,-12.654204,-76.635806,0.0,agrarian,,,,
LIMA,retail,n7697751434,Don Rufo,-11.948318,-76.981734,0.0,veterinary,,,,
LIMA,retail,n7732697112,Clínica Veterinaria Gonzáles,-12.215092,-76.947021,0.0,veterinary,,,,+511 4933033;+51 948153163
LIMA,retail,n7745098849,Distrysur S.R.L.,-12.164546,-76.952304,0.0,trade,,,,
LIMA,retail,n7770624264,Vivero Municipal De San Luis,-12.066738,-76.989173,0.0,garden_centre,,,,
LIMA,retail,n7866330986,Ferreteria Huamani,-11.985749,-76.937813,0.0,hardware,,,,
LIMA,retail,n7890742486,Perno Sur,-12.192984,-76.963262,0.0,hardware,,,,
LIMA,retail,n7898998082,Distribuidora Atencio,-11.920839,-76.673081,0.0,trade,,,,
LIMA,retail,n7898998084,Importaciones Bengy,-11.92088,-76.672264,0.0,trade,,,,
LIMA,retail,n7899002785,Corporacion Ferrecop,-11.920677,-76.671664,0.0,trade,,,,
LIMA,retail,n7909242610,Aceros Arquipa,-12.066158,-77.051719,0.0,hardware,,Rosita,,
LIMA,retail,n7993524807,Citoved,-12.163801,-76.952828,0.0,veterinary,,,,+511 577 7803;+51 995510962
LIMA,retail,n8013656965,Hospivet Sur,-12.179254,-76.943754,0.0,veterinary,,,https://hospivetsur.com/,+511 4504450;+51 990957645
LIMA,retail,n8104800201,Hospital Veterinario Oasis del Sur,-12.237569,-76.937953,0.0,veterinary,,,,+511 7605380;+51 922 666 911
LIMA,retail,n8205912267,Veterinaria Posta Oasis,-12.237711,-76.937886,0.0,veterinary,,,,+51 975 054 628;+51 979 755 553
LIMA,retail,n8467787518,Vale Vet,-12.117485,-77.003357,0.0,veterinary,,,,+51 1 2684596;+51 994 004 345
LIMA,retail,n8568483691,Adij,-11.985838,-77.013866,0.0,pet,,,,
LIMA,retail,n8681055028,Gala Pets,-12.077321,-77.050829,0.0,veterinary,,,,+51 943788544;+51 1 2887133
LIMA,retail,n8681542927,ACRIMSA Pernos & Tuercas,-12.075992,-77.048391,0.0,hardware,,,,
LIMA,retail,n8699377509,Pet Love,-12.078198,-77.049775,0.0,veterinary,,,,+51 1 4336160;+51 993888860
LIMA,retail,n8723089800,De Todo Pet,-12.078274,-77.05,0.0,pet,,,,
LIMA,retail,n8723089803,Acuario,-12.078201,-77.050119,0.0,pet,,,,
LIMA,retail,n8834351817,Productos y Servicios Pacheco EIRL,-12.078601,-77.034083,0.0,hardware,,,,
LIMA,retail,n8834351917,Ferreteria Le & Se E.I.R.L.,-12.085923,-77.031514,0.0,hardware,,,,
LIMA,retail,n8861589864,Ferretería Kadi,-12.062608,-77.080297,0.0,hardware,,,,
LIMA,retail,n9192157203,Alarcón,-11.982538,-77.012212,0.0,hardware,,,,
LIMA,retail,n9268441487,Yohel Repuestos Industriales,-12.045469,-77.043716,0.0,hardware,,Cía. Rodamientos Yohel S.R.L,https://yohel.com.pe/,+51 949051994
LIMA,retail,n9278754084,Distribuidora Visu,-11.979331,-77.004339,0.0,hardware,,,,
LIMA,retail,n9278758263,San Juan,-11.979212,-77.004281,0.0,veterinary,,,,
LIMA,retail,n9278760879,Ferracom,-11.979455,-77.004393,0.0,hardware,,,,
LIMA,retail,n9294293817,Caterpillar,-11.993935,-77.062263,0.0,trade,,,,
LIMA,retail,n9301252740,Ferretería Alva,-11.956117,-76.980781,0.0,hardware,,,,
LIMA,retail,n9319491887,Jumanji,-11.98409,-77.014689,0.0,veterinary,,,,
LIMA,retail,n9335388697,Sodimac,-11.936231,-77.066456,0.0,doityourself,,,,
LIMA,retail,n9362735414,Asociación de Pequenos Comerciantes Ferretería Metal Mecánica Industrial,-12.045246,-77.05107,0.0,hardware,,,,
LIMA,retail,n9366500462,Ferretería Polo Norte,-11.965609,-77.05545,0.0,hardware,,,,
LIMA,retail,n9377679287,Malvinas Siglo XXI,-12.01807,-77.001846,0.0,hardware,,,,
LIMA,retail,n9380372245,Inversiones Sielisa,-12.064317,-77.032307,0.0,hardware,,,,
LIMA,retail,n9419943227,La Ferretería,-11.98001,-77.004777,0.0,hardware,,,,
LIMA,retail,n9419943236,Winny,-11.980499,-77.004987,0.0,trade,,,,
LIMA,retail,n9488357759,Veterinaria Gavet,-11.85195,-77.068753,0.0,veterinary,,,,
LIMA,retail,n9581897605,Pet Shop Chester,-12.102164,-76.950584,0.0,pet,,,,+51 1 3653772
LIMA,retail,n9604441590,Ferremax,-12.003718,-77.012009,0.0,hardware,,,,
LIMA,retail,n9604444941,Hames,-12.003792,-77.011987,0.0,hardware,,,,
LIMA,retail,n9657275003,Unidas,-11.986633,-77.003326,0.0,veterinary,,,,+51 1 6217677
LIMA,retail,n9712712454,Clínica Veterinaria Huellas,-12.15853,-76.97465,0.0,veterinary,,,,
LIMA,retail,n9797804453,Petz Peru,-12.067619,-77.013334,0.0,pet,,,,
LIMA,retail,n9917615757,Ferreteria Servifer,-11.824241,-77.160312,0.0,hardware,,,,
LIMA,retail,n9953118540,Kaiser Pet,-12.12207,-77.03298,0.0,pet,,,,
LIMA,retail,n10012559034,Lucerito,-12.006489,-77.051657,0.0,hardware,,,,
LIMA,retail,n10014394547,Palao-Centro,-12.006536,-77.051971,0.0,veterinary,,,,
LIMA,retail,n10014394562,Ferrecentro,-12.006345,-77.050939,0.0,hardware,,,,
LIMA,retail,n10061404045,"Pet Shop ""Food&Pets""",-11.941949,-76.996379,0.0,pet,,,,
LIMA,retail,n10079881536,Ferretería Gómez,-11.816325,-77.124842,0.0,hardware,,,,
LIMA,retail,n10082864452,Ferretería Súper Led,-11.817665,-77.123656,0.0,hardware,,,,
LIMA,retail,n10102530599,Pets Mundo Animal,-11.977742,-77.003233,0.0,veterinary,,,,
LIMA,retail,n10102530600,América,-11.976408,-77.00186,0.0,veterinary,,,,
LIMA,retail,n10111176285,La Casa del Perno,-11.812678,-77.128131,0.0,hardware,,,,
LIMA,retail,n10111219026,Ferretería Alvita,-11.813655,-77.127617,0.0,hardware,,,,
LIMA,retail,n10111241320,Ferretería Shaolin,-11.808953,-77.129425,0.0,hardware,,,,
LIMA,retail,n10111243420,Kusumura,-11.808816,-77.130363,0.0,hardware,,,,
LIMA,retail,n10125315442,Animal Club,-12.026279,-76.990666,0.0,veterinary,,,,
LIMA,retail,n10127244498,Los 4 Suyos,-11.986944,-77.011939,0.0,hardware,,,,
LIMA,retail,n10174763739,Huancayo,-12.032288,-76.998697,0.0,hardware,,,,
LIMA,retail,n10221358495,El Pacífico,-12.019553,-77.075944,0.0,hardware,,,,
LIMA,retail,n10224936973,Fierritos Julis,-12.008609,-77.034659,0.0,hardware,,,,
LIMA,retail,n10805827005,San Martín 33 Veterinaria,-11.873194,-77.015127,0.0,veterinary,,,,
LIMA,retail,n11195200708,Veterinaria Municipal de Villa El Salvador,-12.215288,-76.933408,0.0,veterinary,,Municipalidad Distrital de Villa El Salvador,,
LIMA,retail,n11204146689,Veterinaria Prosapvet,-12.163938,-76.991483,0.0,veterinary,,,,
LIMA,retail,n11215318812,Señor de Muruhuay,-11.939601,-76.712803,0.0,hardware,,,,
LIMA,retail,n11215320291,Quirio,-11.938015,-76.714687,0.0,hardware,,,,
LIMA,retail,n11225256133,Veterinaria Star Pets Cilvet,-12.025154,-77.034367,0.0,veterinary,,,,
LIMA,retail,n11225298961,Vetrinaria Fox,-12.024432,-77.032667,0.0,veterinary,,,,
LIMA,retail,n11227632894,El Azul,-11.958532,-77.103325,0.0,hardware,,,,
LIMA,retail,n11253639979,Ferretería Cañon,-12.099442,-76.88331,0.0,hardware,,,,
LIMA,retail,n11264962277,Micaela Bastidas,-11.893652,-77.038022,0.0,hardware,,,,
LIMA,retail,n11329497326,Promart,-12.055949,-76.971786,0.0,doityourself,,,,
LIMA,retail,n11385983459,Ferretería Ferrelider,-11.107612,-77.586357,0.0,hardware,,,,
LIMA,retail,n11390927531,Promart,-12.016076,-76.999534,0.0,doityourself,,,,
LIMA,retail,n11560815844,Vivero Forestal,-12.099978,-76.943778,0.0,garden_centre,,Universidad Agraria La Molina,,
LIMA,retail,n11835499036,Don Torcuato Market,-12.207654,-76.861345,0.0,farm,,,,
LIMA,retail,n11975467769,Dionisio aira,-12.155303,-77.021036,0.0,pet,,,,
LIMA,retail,n11988930521,Wawow Vet,-12.118375,-77.04361,0.0,veterinary,,,,
LIMA,retail,n12185054463,Inversiones Nazaco,-13.292014,-76.248142,0.0,hardware,,,,
LIMA,retail,n12590175369,Patitas,-12.092476,-77.070244,0.0,pet,,,,
LIMA,retail,n12590189454,Ferretería Señor De Los Milagros,-12.092489,-77.071858,0.0,hardware,,,,
LIMA,retail,n12590215946,Ferretería Ferrocentro,-12.092961,-77.069385,0.0,hardware,,,,
LIMA,retail,n12590218969,Ferretería,-12.092702,-77.069659,0.0,hardware,,,,
LIMA,retail,n12591011445,Ferretería,-12.093248,-77.069831,0.0,hardware,,,,
LIMA,retail,n12599657585,Animal Prints,-12.097492,-77.07117,0.0,veterinary,,,,
LIMA,retail,n12601570671,Eco pet,-12.113606,-77.047572,0.0,veterinary,,,,
LIMA,retail,n12767195781,Mirasur garden,-12.697871,-76.643027,0.0,garden_centre,,,,
LIMA,retail,n12852193876,Zoofarma,-12.117516,-76.998996,0.0,veterinary,,,,
LIMA,retail,n12852238203,ConVet,-12.111837,-77.005894,0.0,veterinary,,,,
LIMA,retail,n12862008221,El Chato,-11.992166,-77.075178,0.0,hardware,,,,
LIMA,retail,n12968650414,Peluditos,-12.121277,-77.004153,0.0,veterinary,,,,
LIMA,retail,n12968650435,Villarán,-12.120741,-77.002296,0.0,veterinary,,,,
LIMA,retail,n12972110394,Deyanira Sánchez,-11.980501,-77.07008,0.0,veterinary,,,,
LIMA,retail,n12990987430,Fischer Agro,-12.124359,-77.003829,0.0,agrarian,,,,
LIMA,retail,n12990987475,Papaya Pets,-12.120379,-77.00006,0.0,veterinary,,,,
LIMA,retail,n12999764876,GatoPerro Petshop,-11.982087,-77.06914,0.0,pet,,,,
LIMA,retail,n13005616041,Ferretería y Matizados Colorín,-11.983902,-77.068414,0.0,hardware,,,,
LIMA,retail,n13126431186,Ferretería Los Jazmines,-12.00136,-77.053809,0.0,hardware,,,,
LIMA,retail,n13196431755,Pretty Pet,-12.10374,-76.947525,0.0,veterinary,,,,
LIMA,retail,n13201696902,Veterinaria Edsila,-11.940378,-76.695219,0.0,veterinary,,,,
LIMA,retail,n13273340679,Sodimac,-12.060585,-76.964286,0.0,doityourself,,,,
LIMA,retail,n13408906317,Ferretería Roncalli,-12.120299,-76.998666,0.0,hardware,,,,
LIMA,retail,n13408906360,SuperPet,-12.127616,-77.001591,0.0,pet,,,,
LIMA,retail,n13430613637,Vivero Chaclacayo,-11.977234,-76.774339,0.0,garden_centre,,,,
LIMA,retail,n13430615108,Veterinaria,-11.976541,-76.772733,0.0,veterinary,,,,
LIMA,retail,n13430615126,Ferreteria Chaclacayo,-11.976134,-76.772207,0.0,hardware,,,,
LIMA,retail,n13430615127,Clinica Veterinaria,-11.976148,-76.772275,0.0,veterinary,,,,
LIMA,retail,n13430615197,Frutas y Verduras,-11.976833,-76.77447,0.0,farm,,,,
LIMA,retail,n13431023078,ConVet,-11.976464,-76.769652,0.0,veterinary,,,,
LIMA,retail,n13431081058,Asty Pets,-11.97586,-76.770521,0.0,veterinary,,,,
LIMA,retail,n13588590864,Miau 100% Gatos,-12.112388,-77.046308,0.0,pet,,,,
LIMA,retail,n13832265927,Ferretería y Construcciones Mariana,-12.108599,-77.015175,0.0,hardware,,,,
LIMA,retail,n13832265928,Ferretería y Matizados Jeremy,-12.10863,-77.015153,0.0,hardware,,,,
LIMA,retail,n13832265929,Artes de Pinturas y Construcciones E.I.R.L,-12.108647,-77.01513,0.0,hardware,,,,
LIMA,retail,n13832265933,Madera & Estilo,-12.108779,-77.015016,0.0,trade,,,,
LIMA,retail,n13832265935,Melalineal,-12.108871,-77.01493,0.0,trade,,,,
LIMA,retail,n13832265939,BEA,-12.109097,-77.014787,0.0,hardware,,,,
LIMA,retail,n13832265942,Guitérrez Group,-12.109227,-77.014684,0.0,hardware,,,,
LIMA,retail,n13832381526,SuperPet,-12.102359,-77.021185,0.0,pet,,,,
LIMA,retail,n13835578558,El Arca de Noe - Especialidades Veterinarias S.J.L.,-11.943156,-76.991351,0.0,veterinary,,OpenVet.pe,,
LIMA,retail,n13895288466,Petisos Pet Shop,-12.110198,-77.025122,0.0,pet,,,,+51987638260
LIMA,retail,n13956354648,ReflexVet,-12.125096,-77.003399,0.0,veterinary,,,,
LIMA,retail,n13993344085,Clínica Veterinaria Pet's Land,-12.143875,-76.985419,0.0,veterinary,,,,
LIMA,retail,n14080590798,consultorio veterinario rojas,-12.166122,-76.996456,0.0,veterinary,,,,
LIMA,retail,n14084445132,Superpet,-12.092631,-76.951032,0.0,pet,,,,
LIMA,retail,n14089747649,Mia Romina,-12.10997,-76.938544,0.0,veterinary,,,,
LIMA,retail,n14089747650,Ferretería GL,-12.109109,-76.938946,0.0,hardware,,,,
LIMA,retail,n14097355925,Walac Clínica Veterinaria,-12.093316,-77.069986,0.0,veterinary,,,,
LIMA,retail,n14097424407,AM Clínica Veterinaria,-12.092692,-77.07151,0.0,veterinary,,,,
LIMA,retail,n14130006258,FERRETERIA RODO,-12.07602,-77.002671,0.0,hardware,,,,+51946833268
LIMA,retail,w201786029,Sodimac,-12.047785,-77.039005,0.0,doityourself,,,,
LIMA,retail,w225365966,Maestro,-12.076429,-77.080195,0.0,doityourself,,,https://www.sodimac.com.pe/,
LIMA,retail,w232670724,Veterinaria Artesanos en Surco,-12.132669,-76.983773,0.0,yes,,,,
LIMA,retail,w289515650,Sodimac,-12.089815,-77.021101,0.0,doityourself,,,,
LIMA,retail,w327710427,Cassinelli,-12.109309,-77.017871,0.0,doityourself,,,,
LIMA,retail,w327710628,Maestro Surquillo,-12.11231,-77.017719,0.0,hardware,,Grupo Falabella,,
LIMA,retail,w366014350,Mañoco,-11.95649,-76.994864,0.0,hardware,,,,
LIMA,retail,w366017555,Torres,-11.956433,-76.995746,0.0,hardware,,,,
LIMA,retail,w371798981,Maderera Martín,-12.202627,-76.932085,0.0,hardware,,,https://martin.com.pe/,+51 1 217 1300
LIMA,retail,w393879925,Galería Norte,-12.006391,-77.058695,0.0,trade,,,,
LIMA,retail,w393879926,Galería Sur,-12.006637,-77.058531,0.0,trade,,,,
LIMA,retail,w402764660,Sodimac,-11.107767,-77.614473,0.0,doityourself,,,,
LIMA,retail,w434789861,Groomers,-12.126264,-77.019561,0.0,yes,,,,
LIMA,retail,w434800850,Veterinaría Missiego,-12.128834,-77.003208,0.0,yes,,,,
LIMA,retail,w435181446,Cerzaid's,-12.020439,-77.059642,0.0,trade,,,,
LIMA,retail,w435182343,El Huron Azul,-12.0927,-77.079015,0.0,yes,,,,
LIMA,retail,w435189145,Ferro & Agro Center,-12.045593,-77.068784,0.0,hardware,,,,
LIMA,retail,w435191840,Chema,-12.045971,-77.073878,0.0,hardware,,,,
LIMA,retail,w435191841,Ulma,-12.046188,-77.078017,0.0,hardware,,,,
LIMA,retail,w435193423,Sodimac,-11.976098,-77.065222,0.0,doityourself,,,,
LIMA,retail,w435194814,La Galeria Ferial Carbonwatt,-12.04457,-77.052029,0.0,hardware,,,,
LIMA,retail,w435197681,Ferretería La Piramide,-11.937973,-77.07301,0.0,hardware,,,,
LIMA,retail,w435204118,Mavegsa,-11.953931,-77.070058,0.0,trade,,,,
LIMA,retail,w435346050,Small Friends,-12.064812,-77.10411,0.0,yes,,,,
LIMA,retail,w435346056,Pet's Aztec Veterinary,-12.067204,-77.103846,0.0,yes,,,,
LIMA,retail,w435348575,Veterinaría Guernica,-12.069401,-77.104171,0.0,yes,,,,
LIMA,retail,w435352146,Ferretería Transbel,-12.056585,-77.052845,0.0,trade,,,,
LIMA,retail,w435354419,Ferretería Elohim,-11.883528,-77.033543,0.0,hardware,,,,
LIMA,retail,w435359599,Castor,-12.056642,-77.060698,0.0,trade,,,,
LIMA,retail,w435366613,Maderera la Soberana S.A.,-12.063815,-77.053333,0.0,trade,,,,
LIMA,retail,w435366622,Ferretería Palmar,-12.066568,-77.052044,0.0,hardware,,,,
LIMA,retail,w435391787,Ferretería Tingo María,-12.058454,-77.05822,0.0,hardware,,,,
LIMA,retail,w435393488,Ferretería Daryl,-12.197978,-76.96733,0.0,hardware,,,,+51 1 2929358
LIMA,retail,w435483767,Ferreterîa Cáceres,-11.886507,-77.035677,0.0,trade,,,,
LIMA,retail,w435487556,Ferreteria Ramirez,-11.880616,-77.074285,0.0,hardware,,,,
LIMA,retail,w435487561,Pet Shop,-11.881353,-77.074291,0.0,pet,,,,
LIMA,retail,w435489753,Ferretería Toba S.A.,-11.899593,-77.042681,0.0,hardware,,,,
LIMA,retail,w435499679,Montana,-11.868326,-77.075435,0.0,pet,,,,
LIMA,retail,w435533334,Centro Comercial Electro Ferretero Paruro II,-12.055058,-77.03498,0.0,hardware,,,,
LIMA,retail,w435536251,Consultorio Veterinario Rodriguez,-12.219852,-76.92535,0.0,yes,,,,
LIMA,retail,w435545417,Aceros Arequipa,-11.904811,-77.031559,0.0,trade,,,,
LIMA,retail,w435546607,Ferretería El Iman,-12.081098,-77.066226,0.0,hardware,,,,
LIMA,retail,w435551336,Maderera Union Perú,-11.897831,-77.030336,0.0,trade,,,,
LIMA,retail,w435551339,Ferretería Comercial El Huanuqueño,-11.896295,-77.029927,0.0,hardware,,,,
LIMA,retail,w435555477,Ferreteria Osorio,-11.885943,-77.068934,0.0,hardware,,,,
LIMA,retail,w435561338,"Clínica Veterinaria ""Salvador""",-12.199673,-76.956175,0.0,yes,,,,
LIMA,retail,w435670866,Ferretería Sucre,-12.073912,-77.062797,0.0,hardware,,,,
LIMA,retail,w435675625,Ferretería La Real,-11.882502,-77.02338,0.0,trade,,,,
LIMA,retail,w435675628,Ferretería Condori,-11.881405,-77.022313,0.0,hardware,,,,
LIMA,retail,w435677261,Construye Sac,-11.880251,-77.01971,0.0,hardware,,,,
LIMA,retail,w435680407,SC Maestro3,-11.92306,-77.062686,0.0,hardware,,,,
LIMA,retail,w435680414,Ferreteria Carol M.,-11.920948,-77.061505,0.0,hardware,,,,
LIMA,retail,w435682283,Ferretería Bezaleel,-11.879037,-77.018577,0.0,hardware,,,,
LIMA,retail,w435710187,Ferretería Materiales de Construcción,-11.926827,-77.052568,0.0,trade,,,,
LIMA,retail,w435711050,Maderera Tochy,-11.919761,-77.050954,0.0,trade,,,,
LIMA,retail,w435711051,Ferretería Oscanda,-11.919708,-77.050868,0.0,hardware,,,,
LIMA,retail,w435714549,Ferretería Solis,-11.910628,-77.045719,0.0,hardware,,,,
LIMA,retail,w435721589,Lark,-11.942698,-77.066554,0.0,trade,,,,
LIMA,retail,w435721590,Ferretería Depósito Marroquín,-11.942516,-77.066549,0.0,hardware,,,,
LIMA,retail,w435742569,Ferretería Vasquez,-12.30862,-76.838504,0.0,hardware,,,,
LIMA,retail,w435742587,Ferretería Abarca,-12.306701,-76.840505,0.0,hardware,,,,
LIMA,retail,w435832330,Ferretería Popular,-11.9311,-77.053843,0.0,hardware,,,,
LIMA,retail,w435836497,maderera,-11.909401,-77.044172,0.0,trade,,,,
LIMA,retail,w435839684,Ferretería Virgen del Transito,-12.312662,-76.834573,0.0,hardware,,,,
LIMA,retail,w435840894,E&G Inversiones Universal,-11.895817,-77.036356,0.0,trade,,,,
LIMA,retail,w435846787,Ferretería Miguelito,-11.897732,-77.030311,0.0,hardware,,,,
LIMA,retail,w435849648,Comercial Ferretería Charles S.A.,-11.898248,-77.031695,0.0,hardware,,,,
LIMA,retail,w435866437,Aceros Arequipa,-11.949747,-77.060547,0.0,trade,,,,
LIMA,retail,w435867921,Pedro Luis,-12.308603,-76.837783,0.0,hardware,,,,
LIMA,retail,w435868235,Siderperu,-12.070711,-77.09878,0.0,trade,,,,
LIMA,retail,w435868240,Casinelli,-12.072372,-77.099293,0.0,doityourself,,,,
LIMA,retail,w436250129,Progresol,-12.068763,-77.097571,0.0,trade,,,,
LIMA,retail,w436258804,Spatitas,-12.070708,-77.055303,0.0,pet,,,,
LIMA,retail,w436259984,Castor,-12.066927,-77.097741,0.0,trade,,,,
LIMA,retail,w436279374,Ferreteria Basurto,-12.083624,-77.036282,0.0,hardware,,,,
LIMA,retail,w436295985,Estación Central Veterinaria,-12.080427,-77.048913,0.0,yes,,,,
LIMA,retail,w436318202,Veterinaria Animalia,-12.090615,-77.058397,0.0,yes,,,,
LIMA,retail,w436425537,Fierro Charles,-11.838394,-77.1066,0.0,trade,,,,
LIMA,retail,w436442094,Veterinario Municipal,-12.107865,-77.050184,0.0,yes,,,,
LIMA,retail,w436455350,Dermato Vet,-12.118139,-77.028642,0.0,yes,,,,
LIMA,retail,w436456997,Veterinaraia Clinican,-11.913728,-77.025915,0.0,yes,,,,
LIMA,retail,w436465803,Clinico Veterinario,-12.090601,-77.032041,0.0,yes,,,,
LIMA,retail,w436466998,Animal Place Veterinaria,-12.121002,-77.035689,0.0,yes,,,,
LIMA,retail,w436468536,Clinica Veterinaria Surco,-12.13273,-77.003381,0.0,yes,,,,
LIMA,retail,w436475378,Ferreteria Año Nuevo,-11.923749,-77.042101,0.0,hardware,,,,
LIMA,retail,w436581963,Dani Pets & Vet,-12.130466,-77.009075,0.0,yes,,,,
LIMA,retail,w436608998,Pancho Cavero,-12.131986,-77.018248,0.0,yes,,,http://www.panchovavero.com,+51 998 195 193
LIMA,retail,w436609381,Vets & Pets,-12.138167,-77.018122,0.0,yes,,,,
LIMA,retail,w436616833,Pet S.O.S. A&P,-12.142069,-77.018215,0.0,yes,,,,
LIMA,retail,w436746374,Ferre Goyo,-12.088548,-77.031059,0.0,hardware,,,,
LIMA,retail,w436751608,Centro Ferretero Angamos,-12.112851,-77.013223,0.0,hardware,,,,
LIMA,retail,w436771523,La Perruquaria,-12.121685,-77.025492,0.0,yes,,,,
LIMA,retail,w436795245,Aurora Veterinaria,-12.122329,-77.018385,0.0,yes,,,,
LIMA,retail,w436892435,Edipesa,-12.114564,-77.01858,0.0,hardware,,,,
LIMA,retail,w436895664,Ekono Drywall,-12.116354,-77.018518,0.0,hardware,,,,
LIMA,retail,w436899387,La Estacion Centro Veterinario,-12.119573,-77.023538,0.0,yes,,,,
LIMA,retail,w436900228,Ferreteria Valdizan,-12.081044,-77.052236,0.0,hardware,,,,
LIMA,retail,w436917469,Ferretería Jerusalen,-11.827801,-77.119523,0.0,hardware,,,,
LIMA,retail,w436920657,Jiska Vie,-12.073547,-77.101876,0.0,yes,,,,
LIMA,retail,w436923316,Ferretería Diana y Caroline,-12.117377,-77.024956,0.0,hardware,,,,
LIMA,retail,w436923317,Ferretería Richard's,-12.117247,-77.024976,0.0,hardware,,,,
LIMA,retail,w436923319,Ferretería Fergo,-12.116907,-77.025035,0.0,hardware,,,,
LIMA,retail,w436923320,Ferretería Richard's,-12.116585,-77.025136,0.0,hardware,,,,
LIMA,retail,w436924631,Ekonodrywall,-12.114418,-77.01809,0.0,hardware,,,,
LIMA,retail,w436936851,Centro Veterinario La Aurora,-12.120799,-77.017795,0.0,pet,,,http://www.veterinariaaurora.com/,
LIMA,retail,w436940952,Ferretería Altamirano,-12.242338,-76.916327,0.0,hardware,,,,
LIMA,retail,w436951137,Aceros Arequipa,-12.215304,-76.935754,0.0,trade,,,,
LIMA,retail,w436954449,Ferretería Vasquez,-12.295831,-76.850985,0.0,hardware,,,,
LIMA,retail,w436954455,Progresol,-12.295345,-76.851501,0.0,hardware,,,,
LIMA,retail,w436956424,Rufigas,-12.239926,-76.911511,0.0,hardware,,,,
LIMA,retail,w436979098,Ferretería Lastea,-11.814719,-77.131135,0.0,hardware,,,,
LIMA,retail,w437049535,San Lorenzo,-12.294719,-76.852894,0.0,hardware,,,,
LIMA,retail,w437053691,Sodimac,-12.112418,-76.993495,0.0,doityourself,,,https://www.maestro.com.pe/,
LIMA,retail,w437322142,Stanley,-12.277984,-76.868703,0.0,hardware,,,,
LIMA,retail,w437328288,Alimentos Ramirez,-12.268886,-76.876543,0.0,pet,,,,
LIMA,retail,w437328290,Agroveterinaria Piero,-12.263954,-76.881038,0.0,pet,,,,
LIMA,retail,w437329189,El Comedero,-12.255002,-76.889537,0.0,pet,,,,
LIMA,retail,w437332717,Progresol,-12.202708,-77.014983,0.0,trade,,,,
LIMA,retail,w437342817,Melanie Drywall,-12.144264,-76.973461,0.0,trade,,,,
LIMA,retail,w437342850,Ladrillos,-12.268911,-76.877178,0.0,trade,,,,
LIMA,retail,w437352816,Pet Shop Tito's,-12.153983,-76.965479,0.0,pet,,,,
LIMA,retail,w437356501,Ferretería Tello,-12.111286,-77.013378,0.0,hardware,,,,
LIMA,retail,w437357647,Fierrosol,-12.177208,-76.997869,0.0,trade,,,,
LIMA,retail,w437359055,Coripets,-12.177632,-77.007969,0.0,yes,,,,
LIMA,retail,w437364305,Placacentro,-11.990808,-77.011468,0.0,doityourself,,,,
LIMA,retail,w437364495,Ferretería y Depósito Sara Sara,-12.184231,-77.0054,0.0,trade,,,,
LIMA,retail,w437370748,Maderas,-11.980982,-77.005761,0.0,trade,,,,
LIMA,retail,w437463580,Ferretería JK,-12.220358,-76.920283,0.0,hardware,,,,
LIMA,retail,w437492940,Ferreteria Pardo,-12.001734,-77.00797,0.0,hardware,,,,
LIMA,retail,w437492947,Ferretería Pardo,-11.998926,-77.00872,0.0,hardware,,,,
LIMA,retail,w437501555,Cerámicos Cáceres Import,-11.982571,-77.005447,0.0,trade,,Grupo Celima Trebol,,
LIMA,retail,w437505729,Ferretería Sarita Colonia,-11.965537,-76.991166,0.0,trade,,,,
LIMA,retail,w437508006,Pet Center,-12.102291,-76.971892,0.0,yes,,,,
LIMA,retail,w437510620,Mascotas El Polo,-12.107065,-76.973829,0.0,yes,,,,
LIMA,retail,w437515666,Vet Zarate,-12.02766,-77.001358,0.0,yes,,,,
LIMA,retail,w437657154,Cemento Quisqueya,-11.954625,-76.982743,0.0,trade,,,,
LIMA,retail,w437657155,Ferretería Cofeco,-11.954476,-76.982818,0.0,trade,,,,
LIMA,retail,w437661898,CEMFISUR E.I.R.L.,-12.14621,-76.987482,0.0,hardware,,,http://www.cemfisur.com.pe/,
LIMA,retail,w437673938,Sodimac Villa El Salvador,-12.19466,-76.935964,0.0,doityourself,,,https://www.sodimac.com.pe/,
LIMA,retail,w437676691,Pet's Place,-12.102597,-77.022809,0.0,pet,,,,
LIMA,retail,w437680630,Elias & Anthony,-12.233966,-76.91141,0.0,trade,,,,
LIMA,retail,w437681359,Progresol,-12.084614,-76.92557,0.0,trade,,,,
LIMA,retail,w437695080,Roatsa,-12.188032,-77.008193,0.0,trade,,,,
LIMA,retail,w437695081,Trimacentro,-12.188227,-77.008252,0.0,trade,,,,
LIMA,retail,w437695083,Casa del Carpintero,-12.188685,-77.008058,0.0,trade,,,,
LIMA,retail,w437695086,Castor,-12.189522,-77.007621,0.0,trade,,,http://www.castor.pe/tienda/Chorrillos,+51 1 2543741
LIMA,retail,w437702633,La Pesebrera,-12.189725,-77.007206,0.0,yes,,,,+51 1 750 7555
LIMA,retail,w437702636,Ferretería Chacralla,-12.189959,-77.006981,0.0,hardware,,,,
LIMA,retail,w437706645,Mis Mascotas,-12.1974,-77.0117,0.0,pet,,,,+51 1 621 2691
LIMA,retail,w437805553,Ferretería Mafersa,-12.002553,-77.012451,0.0,hardware,,,,
LIMA,retail,w437807848,Ferretería Martinez,-11.988435,-76.998719,0.0,hardware,,,,
LIMA,retail,w437813873,Distribuidora Luna,-11.978164,-76.991352,0.0,trade,,Progresol,,
LIMA,retail,w437819691,Veterinaria D' Pupy Pet,-11.970117,-76.992692,0.0,yes,,,,
LIMA,retail,w437828422,Demetrio's,-12.223758,-76.903751,0.0,yes,,,,
LIMA,retail,w437834501,Acemas San Martin,-12.229403,-76.909219,0.0,hardware,,,,
LIMA,retail,w437841913,Ferretería Rafo,-12.200382,-76.988591,0.0,hardware,,,,+51 1 248 4036
LIMA,retail,w437854254,Ferreteria Altamirano,-12.206766,-76.906385,0.0,hardware,,,,
LIMA,retail,w437855390,Ferretería Luren,-12.07859,-77.018384,0.0,hardware,,,,
LIMA,retail,w437864375,Ferretería Huancayo,-12.039226,-76.968536,0.0,trade,,,,
LIMA,retail,w437870297,Ferreteria Guadalupe,-12.041921,-76.951973,0.0,hardware,,,,
LIMA,retail,w437871335,Ferretería Tauro,-12.19595,-76.984071,0.0,hardware,,,,
LIMA,retail,w437874815,MAKRO DE San Juan de Miraflores,-12.160153,-76.978327,0.0,hardware,,,https://www.maestro.com.pe/,
LIMA,retail,w437880436,Ferreteria López,-12.045684,-76.968904,0.0,trade,,,,
LIMA,retail,w437880811,Zerpa,-11.973526,-77.008026,0.0,yes,,,,+51 1 388 2767
LIMA,retail,w437886247,Pet's Canada,-12.084164,-77.006995,0.0,pet,,,,
LIMA,retail,w437887150,Acuaric Pet,-12.128139,-76.993537,0.0,yes,,,,
LIMA,retail,w437990414,Pet's Place,-12.129097,-76.9846,0.0,pet,,,,
LIMA,retail,w437997780,Ferretería Vilma,-12.082768,-77.014219,0.0,hardware,,,,
LIMA,retail,w437997784,Veterinaria Las Razas,-12.082468,-77.01539,0.0,yes,,,,
LIMA,retail,w438004115,Ferretería Alice's,-12.075831,-77.016548,0.0,hardware,,,,
LIMA,retail,w438009520,Pet's Place,-12.073503,-76.939379,0.0,yes,,,,+51 1 349 4484
LIMA,retail,w438009523,Pet Center,-12.072083,-76.940566,0.0,yes,,,,
LIMA,retail,w438019259,Ferreteria Sr. de Chacos,-12.032378,-76.926125,0.0,hardware,,,,
LIMA,retail,w438019260,Ferreteria Ysmael,-12.032257,-76.926177,0.0,hardware,,,,
LIMA,retail,w438021112,Agrovet Market,-12.079782,-76.991419,0.0,pet,,,,
LIMA,retail,w438021115,Cat Dog Wasi,-12.079514,-76.991109,0.0,pet,,,,
LIMA,retail,w438023804,Ferretería Claudio,-12.031392,-77.083717,0.0,hardware,,,,
LIMA,retail,w438041574,Comercial MCM,-12.071448,-77.016996,0.0,trade,,,,
LIMA,retail,w438041577,Dansa,-12.069562,-77.017137,0.0,hardware,,,,
LIMA,retail,w438427989,Covema,-12.057176,-77.015024,0.0,hardware,,,,
LIMA,retail,w438438531,Ferretería El Diamante,-12.005935,-77.011815,0.0,hardware,,,,
LIMA,retail,w438447248,Clínica Veterinaria Rondón,-12.120186,-76.997485,0.0,yes,,,,
LIMA,retail,w438447249,Dog Shop,-12.120395,-76.996926,0.0,pet,,,,+51 1 271 7504
LIMA,retail,w438454446,Ferreteria Suni,-12.191968,-76.933543,0.0,hardware,,,,
LIMA,retail,w438472025,Ferretería Cassely,-12.191053,-76.931431,0.0,hardware,,,,
LIMA,retail,w438481558,La Esquina del Drywall,-12.069626,-77.016716,0.0,hardware,,,,
LIMA,retail,w438488372,Fierro Tradi,-12.177578,-76.996606,0.0,trade,,,,
LIMA,retail,w438606744,Distribuidora Gabriela,-12.184468,-77.004259,0.0,hardware,,,,
LIMA,retail,w438606750,Anypsa,-12.184847,-77.006107,0.0,hardware,,,,
LIMA,retail,w438611951,Tecmeing Perú,-12.183234,-76.999806,0.0,trade,,,,
LIMA,retail,w438613818,El Misti,-12.182424,-76.999169,0.0,trade,,,,
LIMA,retail,w438616691,El Sol,-12.182175,-76.999003,0.0,trade,,,,
LIMA,retail,w438616692,Depósito de Materiales Juanita,-12.182129,-76.998984,0.0,trade,,,,
LIMA,retail,w438640711,Placacentro Masisa,-12.179731,-76.997285,0.0,trade,,,,
LIMA,retail,w438659432,Kokovet,-12.120593,-77.001106,0.0,yes,,,,
LIMA,retail,w438660644,Progresol,-12.159453,-76.988556,0.0,trade,,,,
LIMA,retail,w438848340,Instituto Veterinario,-12.110598,-76.989846,0.0,yes,,,,
LIMA,retail,w438857733,Animal Hospital,-12.110188,-76.938342,0.0,yes,,,,
LIMA,retail,w438861447,Cedi Vet,-11.991261,-77.07767,0.0,yes,,,,
LIMA,retail,w438866563,Prana Clinica Veterinaria,-12.120039,-77.000469,0.0,yes,,,,
LIMA,retail,w438893134,Ferretería Jehova Jireh,-11.99938,-76.999981,0.0,hardware,,,,
LIMA,retail,w438893641,Ferretería Cofeco,-11.999221,-77.00005,0.0,hardware,,,,
LIMA,retail,w439013512,Ferretería El Gato,-12.067354,-77.012357,0.0,hardware,,,,
LIMA,retail,w439100118,Puppy Point,-12.107133,-76.974159,0.0,pet,,,,+51 1 2992743
LIMA,retail,w439202682,Clinica Veterinaria & Pet Shop,-12.02406,-77.079981,0.0,yes,,,,
LIMA,retail,w439213614,Hospital Veterinario,-11.994423,-77.104691,0.0,yes,,,,
LIMA,retail,w439400825,Distribuidor Chayna SAC,-12.055783,-77.011949,0.0,hardware,,,,
LIMA,retail,w439617738,Dr. William Miranda - Veterinario,-12.113942,-76.97405,0.0,yes,,,,
LIMA,retail,w439788769,Veterinaria Widi,-12.020142,-77.075565,0.0,yes,,,,
LIMA,retail,w439791917,Ferreteria la Solución,-11.974516,-76.76722,0.0,hardware,,,,
LIMA,retail,w439792161,Ferretería Aranda,-11.970992,-77.081003,0.0,hardware,,,,
LIMA,retail,w439793437,Veterinaria Gran Danes,-11.973653,-77.082205,0.0,yes,,,,
LIMA,retail,w439798189,Aceros Arequipa,-11.975575,-77.083086,0.0,hardware,,,,
LIMA,retail,w439815289,Drywall,-11.942387,-76.703663,0.0,trade,,,,
LIMA,retail,w439815293,Ferreteria La Rivera,-11.942079,-76.702929,0.0,trade,,,,
LIMA,retail,w439815298,Maderas,-11.941603,-76.702023,0.0,trade,,,,
LIMA,retail,w439899780,Veterinaria Dr. Vet,-11.997266,-77.084985,0.0,yes,,,,
LIMA,retail,w439899781,Valois,-11.997385,-77.084965,0.0,hardware,,,,
LIMA,retail,w439905461,Ferreteria Chillice,-12.014598,-77.079225,0.0,hardware,,,,
LIMA,retail,w439912466,Pet Shop Ceroa,-12.180924,-77.012388,0.0,pet,,,,+51 1 234 9732
LIMA,retail,w439935946,Ferreteria Armas,-11.922722,-76.679111,0.0,hardware,,,,
LIMA,retail,w439941576,San Pedro,-11.973994,-76.76083,0.0,trade,,,,
LIMA,retail,w439941577,Animascotas,-11.973976,-76.760791,0.0,yes,,,,
LIMA,retail,w439945770,Animal World,-11.973596,-76.759699,0.0,yes,,,,
LIMA,retail,w439945778,Los Mejores Precios,-11.970604,-76.752061,0.0,pet,,,,
LIMA,retail,w439951150,Ferreteria Curo,-11.965534,-76.743152,0.0,trade,,,,
LIMA,retail,w440081439,Sider Peru,-11.942334,-76.702712,0.0,trade,,,,
LIMA,retail,w440106602,Inversiones Llerena,-11.930819,-76.691159,0.0,trade,,,,
LIMA,retail,w440114582,Cemento Nacional,-12.00277,-76.837239,0.0,trade,,,,
LIMA,retail,w440118697,Ferretería Lukas,-12.002053,-76.837598,0.0,trade,,Progresol,,
LIMA,retail,w440225231,San Jose,-12.002175,-76.836933,0.0,trade,,Progresol,,
LIMA,retail,w445402574,Maestro,-11.909134,-77.056756,0.0,doityourself,,,,
LIMA,retail,w445513705,"Ferretería ""Silvanita""",-12.06999,-76.756382,0.0,hardware,,,,
LIMA,retail,w445513706,"Ferretería ""Marujita Rio Seco""",-12.069668,-76.756361,0.0,hardware,,,,
LIMA,retail,w445513707,Nutrimentos Purima Multisabores,-12.069636,-76.75661,0.0,pet,,,,
LIMA,retail,w456079146,Centro Ferretero La Bailanta,-12.172526,-76.948964,0.0,hardware,,,,
LIMA,retail,w459051923,Sodimac,-12.021648,-76.991566,0.0,doityourself,,,https://www.sodimac.com.pe/,
LIMA,retail,w511856097,Negociación Ferretera Carolina,-12.6608,-76.633343,0.0,trade,,,,
LIMA,retail,w511856103,Depósito Juan Pablo II,-12.659715,-76.634145,0.0,trade,,,,
LIMA,retail,w511891899,Ferretería Sofemac,-12.660573,-76.632908,0.0,trade,,,,
LIMA,retail,w511891900,Carolina,-12.660441,-76.633195,0.0,trade,,,,
LIMA,retail,w512079685,Nvo Mileno,-12.180645,-77.023288,0.0,hardware,,,,
LIMA,retail,w512117725,Ferretería Maderera El Oriente,-12.657407,-76.636514,0.0,hardware,,,,
LIMA,retail,w512155962,Deposito Ferreteria Ivet,-12.349362,-76.811899,0.0,hardware,,,,
LIMA,retail,w512159871,Ferreteria Pablo,-12.193812,-77.020301,0.0,hardware,,,,
LIMA,retail,w512160309,La Ponderosa,-12.463382,-76.752502,0.0,hardware,,,,
LIMA,retail,w512329329,Progresor,-12.349448,-76.811194,0.0,hardware,,,,
LIMA,retail,w512333091,Menola,-12.360929,-76.797196,0.0,hardware,,,,
LIMA,retail,w512359396,Juan Pablo,-12.51587,-76.734307,0.0,hardware,,,,
LIMA,retail,w512359397,Juan Pablo,-12.516133,-76.734135,0.0,hardware,,,,
LIMA,retail,w512359399,San Carlos,-12.516948,-76.733535,0.0,hardware,,,,
LIMA,retail,w512365610,Miguelito,-12.516781,-76.733063,0.0,hardware,,,,
LIMA,retail,w512365611,USC Chilca,-12.522031,-76.730009,0.0,hardware,,,,
LIMA,retail,w512394363,Manos en la Obra,-12.124729,-76.949982,0.0,hardware,,,,
LIMA,retail,w512394365,La Solucion,-12.125254,-76.950429,0.0,hardware,,,,
LIMA,retail,w512405695,Veterinaria San Pedro,-12.65553,-76.636514,0.0,yes,,,,
LIMA,retail,w512411570,Femacsur,-12.19711,-76.953236,0.0,hardware,,,,
LIMA,retail,w512413233,Señor Quinuapata,-12.128925,-76.952739,0.0,hardware,,,,
LIMA,retail,w512633613,Entre Patas,-12.141108,-76.975114,0.0,yes,,,,+51 1 275 4935
LIMA,retail,w512635218,Nazaret,-13.024378,-76.477119,0.0,hardware,,,,
LIMA,retail,w512635220,Nazareth,-13.024287,-76.477007,0.0,hardware,,,,
LIMA,retail,w512656590,Mascotitas,-12.211459,-76.934713,0.0,pet,,,,
LIMA,retail,w512677900,Zamora,-12.208668,-76.957317,0.0,hardware,,,,
LIMA,retail,w512680605,Ferreteria De La Cruz,-12.20569,-76.95217,0.0,hardware,,,,
LIMA,retail,w512684692,Ferretería Immaculada,-12.134501,-76.976354,0.0,hardware,,,,
LIMA,retail,w512910342,Ferreteria Daryl,-12.197549,-76.967273,0.0,hardware,,,,
LIMA,retail,w513730926,Prada,-12.188099,-76.95811,0.0,hardware,,,,
LIMA,retail,w513736463,Siderperu,-12.187301,-76.959069,0.0,hardware,,,,
LIMA,retail,w517758255,San Juan,-11.594117,-77.258095,0.0,trade,,,,
LIMA,retail,w517758256,Inka,-11.59321,-77.258688,0.0,trade,,,,
LIMA,retail,w517784534,La Merced,-11.589948,-77.261052,0.0,trade,,,,
LIMA,retail,w517793888,Clínica Garro,-10.754802,-77.757617,0.0,yes,,,,
LIMA,retail,w518083966,Pirámide,-11.564699,-77.265658,0.0,hardware,,,,
LIMA,retail,w518094056,Ferreteria Coco,-11.564684,-77.26826,0.0,hardware,,,,
LIMA,retail,w518094058,Ferreteria Valentin,-11.564043,-77.268608,0.0,hardware,,,,
LIMA,retail,w518094059,Ferreteria V&S,-11.563294,-77.268916,0.0,hardware,,,,
LIMA,retail,w518382947,Ferreteria Lucesita,-11.960343,-77.096172,0.0,hardware,,,,
LIMA,retail,w518403148,Ferretería San Luis,-11.558428,-77.266166,0.0,hardware,,,,
LIMA,retail,w518421684,Ferreteria Chankas,-11.959108,-77.096993,0.0,hardware,,,,
LIMA,retail,w518447868,Kotas,-10.750219,-77.765991,0.0,yes,,,,
LIMA,retail,w518628789,Ace Mar,-11.503114,-77.230817,0.0,hardware,,,,
LIMA,retail,w518970932,El Ovalo,-11.776304,-77.164322,0.0,hardware,,,,
LIMA,retail,w519407017,Ferretería Ñafesa SRL,-11.945614,-77.086245,0.0,hardware,,,,
LIMA,retail,w519758281,El Nero,-11.496366,-77.200061,0.0,hardware,,,,
LIMA,retail,w519758288,La Casa del Constructor,-11.49374,-77.201737,0.0,hardware,,,,
LIMA,retail,w520038306,Ferreteria Shima,-10.750853,-77.760565,0.0,hardware,,,,
LIMA,retail,w520042856,Tecni Services S.A.C.,-11.493161,-77.201388,0.0,trade,,,,
LIMA,retail,w520067205,Génesis,-11.494584,-77.201099,0.0,hardware,,,,
LIMA,retail,w520132048,El Granjerito,-11.493111,-77.203937,0.0,yes,,,,
LIMA,retail,w520359226,Ferretería M&R,-11.492882,-77.207942,0.0,hardware,,,,
LIMA,retail,w520375193,Sandy SAC,-11.496757,-77.211084,0.0,trade,,,,
LIMA,retail,w520629771,San Luis,-11.488653,-77.304542,0.0,hardware,,,,
LIMA,retail,w521339004,Nuevo Ricocan,-11.107506,-77.601256,0.0,yes,,,,
LIMA,retail,w521343183,Animal Pets,-11.107508,-77.602816,0.0,yes,,,,
LIMA,retail,w521645101,Herbozo,-11.107241,-77.599031,0.0,trade,,,,
LIMA,retail,w521645107,Veter Salud,-11.107263,-77.600045,0.0,yes,,,,
LIMA,retail,w521654340,DTB,-11.107246,-77.602988,0.0,hardware,,,,
LIMA,retail,w522242316,Amper,-11.114685,-77.610576,0.0,trade,,,,
LIMA,retail,w523861133,Clinica Veterinaria San Sebastian,-11.105135,-77.607399,0.0,yes,,,,
LIMA,retail,w523861138,Ferremás,-11.105289,-77.604822,0.0,hardware,,,,
LIMA,retail,w523861146,Progresol Panacasa,-11.105334,-77.603012,0.0,hardware,,,,
LIMA,retail,w552399911,Sanchez,-12.13949,-76.960593,0.0,hardware,,,,
LIMA,retail,w562790883,Promart,-12.058282,-76.96402,0.0,doityourself,,,,
LIMA,retail,w568381965,Sodimac,-12.058095,-76.968351,0.0,doityourself,,,,
LIMA,retail,w570057040,Clínica Veterinaria Waloc,-12.109377,-77.029946,0.0,house,,,,
LIMA,retail,w570084846,Marsano Home Center,-12.117674,-77.008241,0.0,hardware,,,,
LIMA,retail,w576503401,Maestro,-11.862574,-77.064242,0.0,doityourself,,,https://www.sodimac.com.pe/,
LIMA,retail,w587544324,Ferretería Iquitos,-12.067119,-77.030126,0.0,hardware,,,https://www.feriquitos.com.pe/,+51 1 4248945
LIMA,retail,w605396422,El Olimpo,-11.968882,-77.097799,0.0,hardware,,,,
LIMA,retail,w620935972,Expomiliaria,-12.005941,-77.057237,0.0,trade,,,,
LIMA,retail,w632645463,Veterinaria Municipal,-12.11104,-77.022624,0.0,yes,,,,
LIMA,retail,w649815776,Ferretería Román,-11.904931,-77.045221,0.0,hardware,,,,
LIMA,retail,w660855561,Feria de venta de plantas,-12.141084,-76.98086,0.0,garden_centre,,,,
LIMA,retail,w682948522,Pet Shop Panchitos,-12.16138,-76.989289,0.0,pet,,Panchitos,,+51 983682220;+51 938868634
LIMA,retail,w697499805,Promart,-11.863175,-77.072429,0.0,doityourself,,,https://www.promart.pe/,
LIMA,retail,w699789659,Veterinaria Municipal de Surquillo,-12.112938,-77.011369,0.0,veterinary,,Municipalidad de Surquillo,,
LIMA,retail,w804817582,METALMEC PLATINIO,-12.056323,-77.012215,0.0,hardware,,,,
LIMA,retail,w805802381,Paraíso,-12.146342,-76.935396,0.0,hardware,,,,
LIMA,retail,w805802385,Unión,-12.146744,-76.935391,0.0,hardware,,,,
LIMA,retail,w810788464,Clinica Veterinaria Municipal,-12.090628,-77.076395,0.0,yes,,,,
LIMA,retail,w812376955,Ferretería Cascajal,-12.110463,-76.938816,0.0,hardware,,,,
LIMA,retail,w814000826,Virgen de Chapi,-12.146552,-76.93498,0.0,hardware,,,,
LIMA,retail,w824719340,Ferretería Altamirano,-12.040814,-77.067996,0.0,hardware,,,,
LIMA,retail,w907560888,El Porvenir 1,-12.149016,-76.970566,0.0,hardware,,,,
LIMA,retail,w914799510,Industrias FAMAR,-12.032227,-77.04421,0.0,trade,,,,+51 13820033
LIMA,retail,w941616150,Progresol,-12.198633,-77.01273,0.0,trade,,,,
LIMA,retail,w944870330,Veterinaria Maskotopia,-11.946978,-76.984927,0.0,yes,,,,
LIMA,retail,w948020041,Maderera Criszac,-12.657196,-76.636863,0.0,trade,,,,
LIMA,retail,w1009374658,Veterinaria Esperanza,-12.014489,-76.964916,0.0,house,,vet esperanza,,
LIMA,retail,w1014949360,Maestro,-12.047852,-77.051264,0.0,doityourself,,,,
LIMA,retail,w1043604840,Hospital Veterinario Animal Surco,-12.140563,-76.992369,0.0,yes,,,,
LIMA,retail,w1061245592,Huellitas Pet Shop,-12.152765,-76.981995,0.0,yes,,Carlos Espinoza,,
LIMA,retail,w1182382466,Promart,-12.009981,-77.061974,0.0,doityourself,,,https://www.promart.pe/,
LIMA,retail,w1211621291,Señor de Huamantanga,-11.90433,-77.029203,0.0,hardware,,,,
LIMA,retail,w1211621657,Los Mellizos,-11.904981,-77.02976,0.0,hardware,,,,
LIMA,retail,w1211627642,Veterinaria Acu Li,-12.102067,-77.030561,0.0,house,,,,
LIMA,retail,w1221056233,Ferreteria montoya,-12.048215,-76.967192,0.0,hardware,,,,
LIMA,retail,w1226047816,Ferreteria San Carlos,-12.17655,-76.951615,0.0,hardware,,,,+51923637495
LIMA,retail,w1289207045,Centro Ferretero,-11.93819,-77.069572,0.0,hardware,,,,
LIMA,retail,w1289207047,Speed Logística y Servicios,-11.937052,-77.069752,0.0,hardware,,,https://www.sls.com.pe/,
LIMA,retail,w1291623033,CEMFINOR,-12.010761,-77.061554,0.0,hardware,,,https://grupodansa.com.pe/,+51 1 5342304
LIMA,retail,w1292209416,Regepsa,-11.981732,-77.062071,0.0,hardware,,,https://regepsaperu.com/,
LIMA,retail,w1305571314,Vivero Catalina,-11.500246,-77.111851,0.0,garden_centre,,,,
LIMA,retail,w1315821912,Vivero Galan de Noche,-13.213412,-76.223742,0.0,garden_centre,,,,
LIMA,retail,w1315821913,Aderel,-13.212154,-76.219342,0.0,garden_centre,,,,
LIMA,retail,w1357434156,Veternaria Municipal,-11.991362,-77.070541,0.0,yes,,,,
LIMA,retail,r6502236,Century Metals & Supplies,-12.194466,-77.009843,0.0,trade,,,,
LIMA,retail,r9189287,OASIS de la Panamericana Sur,-12.14016,-76.980394,0.0,garden_centre,,,,
LORETO,landuse,w1225126459,Fundo Tibecocha,-8.145763,-74.91152,6109.29,orchard,oil_palms,Ocho Sur,https://www.ochosur.com/,
LORETO,agroind,w291051773,ENAPU Port,-3.728975,-73.239931,0.0,industrial,,,,
LORETO,agroind,w291058091,Electro Oriente,-3.736903,-73.242807,0.0,industrial,,,http://190.216.167.102/,
LORETO,agroind,w430824827,Depósito de automóviles de la Policía,-3.751998,-73.263417,0.0,industrial,,,,
LORETO,agroind,w498135105,NTP Yurimaguas,-5.912497,-76.124716,0.0,industrial,,,,
LORETO,agroind,w575358935,SIMA,-3.690219,-73.25772,0.0,industrial,,SIMA IQUITOS S. R. Ltda.,,
LORETO,agroind,w575376398,Asocación comercial de vísceras y matarifes,-3.726016,-73.248726,0.0,industrial,,,,
LORETO,agroind,w676317987,Refineria Petroperu Iquitos,-3.63245,-73.204177,0.0,industrial,,,,
LORETO,agroind,w893906873,Industrias del Shanusi,-6.125364,-76.16456,0.0,industrial,,,,
LORETO,agroind,w999268113,Estación Termoeléctrica Iquitos Nueva,-3.641458,-73.218984,0.0,industrial,,Genrent del Perú S.A.C.,,
LORETO,agroind,w1014156203,Estación 5 PetroPerú,-4.649172,-77.506579,0.0,industrial,,,,
LORETO,agroind,w1014165523,Puerto Internacional de Yurimaguas,-5.852393,-76.161182,0.0,industrial,,,,
LORETO,agroind,w1077285277,Molino Marañon,-4.505066,-73.577376,0.0,industrial,,,,
LORETO,agroind,w1299356580,Planta Solar Fotovoltaica Requena,-5.087116,-73.850861,0.0,industrial,,,,
LORETO,named,n5365582364,Fundo Bonaparte,-6.136373,-75.911193,0.0,hamlet,,,,
LORETO,named,n5540708059,Fundo Corazon Valiente,-4.417908,-73.584147,0.0,hamlet,,,,
LORETO,named,n9418319053,Fundo Barillal,-6.838832,-75.206555,0.0,hamlet,,,,
LORETO,named,n11142817080,Fundo Ramirito,-3.508324,-76.485399,0.0,hamlet,,,,
LORETO,named,w1531771038,Centro Recreacional “El Fundo”,-3.801145,-73.313119,0.0,recreation_ground,,,,
LORETO,retail,n4452658391,Cerámicas San Lorenzo,-5.89397,-76.10533,0.0,hardware,,,,
LORETO,retail,n4560993591,port nord,-3.702615,-73.249341,0.0,hardware,,,,
LORETO,retail,n5115823421,Husqvarna,-3.751025,-73.244858,0.0,hardware,,,,
LORETO,retail,n8250191948,Comercio Ferretero,-3.770094,-73.279566,0.0,hardware,,,,
LORETO,retail,n9753584417,Mascotas Felices,-3.748299,-73.245665,0.0,veterinary,,,,+51 966577991
MADRE DE DIOS,agroind,n1312125401,Amazon Trading Company,-10.984765,-69.558439,0.0,industrial,,,,
MADRE DE DIOS,agroind,w1540914457,La Nuez S.R.L.,-12.605908,-69.192893,0.0,industrial,,,,
MADRE DE DIOS,agroind,w1549507441,Maderas Catahua S.A.C.,-10.952146,-69.573236,0.0,industrial,,,,
MADRE DE DIOS,agroind,w1549507449,MaderAcre,-10.967754,-69.575916,0.0,industrial,,,,
MADRE DE DIOS,named,n2356108987,Fundo Nueva Arequipa,-12.877034,-70.038245,0.0,hamlet,,,,
MADRE DE DIOS,retail,n4194419356,Veterinaria Razas,-12.580609,-69.202801,0.0,pet,,,,
MADRE DE DIOS,retail,n4890611323,Ferretería Medina,-12.598573,-69.181318,0.0,hardware,,,,
MADRE DE DIOS,retail,n5023010049,Todo Barato,-12.588382,-69.194841,0.0,hardware,,,,
MOQUEGUA,agroind,w131635265,ENGIE Perú,-17.773635,-71.189639,0.0,industrial,,Engie,http://www.enersur.com.pe/central_termica21.php,
MOQUEGUA,agroind,w236014502,Fundición de Cobre de Ilo - Southern Peru,-17.505642,-71.359117,0.0,industrial,,,,
MOQUEGUA,agroind,w457122234,Refinería de Cobre de Ilo - Southern Peru,-17.579078,-71.352519,0.0,industrial,,,,
MOQUEGUA,agroind,w608964215,Ceticos Ilo,-17.682371,-71.343189,0.0,industrial,,,,
MOQUEGUA,agroind,w981390724,Ecomundo S.A.,-17.660841,-71.317108,0.0,industrial,,,,
MOQUEGUA,agroind,w1009401233,Terminal PetroPerú Ilo,-17.63471,-71.340255,0.0,industrial,,,,
MOQUEGUA,agroind,w1200723251,Cortadera,-17.188486,-70.762514,0.0,industrial,,,,
MOQUEGUA,agroind,w1200723252,Salviani,-17.143652,-70.675442,0.0,industrial,,,,
MOQUEGUA,agroind,w1200723253,Papujune,-17.136547,-70.664143,0.0,industrial,,,,
MOQUEGUA,agroind,w1200723254,Caracoles,-17.115477,-70.660263,0.0,industrial,,,,
MOQUEGUA,agroind,w1200723255,Quellaveco,-17.102257,-70.616396,0.0,industrial,,,,
MOQUEGUA,agroind,w1200723256,Asana,-17.11106,-70.599171,0.0,industrial,,,,
MOQUEGUA,agroind,w1218076172,Mina Tucari,-16.57367,-70.203837,0.0,industrial,,,,
MOQUEGUA,agroind,w1219104112,Puerto Anglo American Quellaveco,-17.770962,-71.19097,0.0,industrial,,,,
MOQUEGUA,agroind,w1329428265,Corporación ADC,-17.677641,-71.357198,0.0,works,,,,
MOQUEGUA,agroind,w1409837852,San Juan De Dios Distribuciones S.R.L.,-17.188996,-70.949534,0.0,industrial,,,,
MOQUEGUA,agroind,w1454306107,Centro de Mantenimiento de la RDNFO,-17.213643,-70.950884,0.0,industrial,,,,
MOQUEGUA,agroind,w1486690212,Nodo de Telecomunicaciones Boliviacom,-17.679136,-71.362706,0.0,industrial,,Boliviacom,,
MOQUEGUA,agroind,w1490266818,Nuevo Camal Municipal,-17.336041,-70.990445,0.0,industrial,,,,
MOQUEGUA,agroind,w1490326881,Nodo de Telecomunicaciones Boliviacom,-17.205293,-70.917877,0.0,industrial,,Boliviacom,,
MOQUEGUA,named,n3399467886,Hacienda Grande,-17.256276,-70.982156,0.0,hamlet,,,,
MOQUEGUA,named,n3403189575,Hacienda Garibaldi,-17.23796,-70.98172,0.0,hamlet,,,,
MOQUEGUA,named,n3403189576,Hacienda La Condeza,-17.22205,-70.97326,0.0,hamlet,,,,
MOQUEGUA,named,n3403189577,Hacienda Lucumbilla,-17.20346,-70.96517,0.0,hamlet,,,,
MOQUEGUA,named,n3403189578,Hacienda San Antonio,-17.22778,-70.97597,0.0,hamlet,,,,
MOQUEGUA,named,n3404133047,Hacienda Alegoma,-17.086567,-70.858293,0.0,hamlet,,,,
MOQUEGUA,named,n3404133048,Hacienda El Crucero,-17.17922,-70.90672,0.0,locality,,,,
MOQUEGUA,named,n3404133049,Hacienda La Chimba,-17.183101,-70.948303,0.0,hamlet,,,,
MOQUEGUA,named,n3404133050,Hacienda Paralaque,-17.031954,-70.853275,0.0,hamlet,,,,
MOQUEGUA,named,n3404133051,Hacienda Quilancha,-17.180471,-70.95124,0.0,hamlet,,,,
MOQUEGUA,named,n3405762201,Esquino Hacienda,-16.88787,-71.20892,0.0,hamlet,,,,
MOQUEGUA,named,n3422967531,Yahuay Hacienda,-17.163719,-70.933264,0.0,hamlet,,,,
MOQUEGUA,named,n3427472028,Hacienda Jorata,-16.620118,-71.231037,0.0,village,,,,
MOQUEGUA,named,n3427472029,Hacienda Quebrada Honda,-16.638652,-71.144698,0.0,hamlet,,,,
MOQUEGUA,named,n14040011334,La Hacienda,-17.19558,-70.961947,0.0,neighbourhood,,,,
MOQUEGUA,retail,n9331246279,Promart,-17.187273,-70.936541,0.0,doityourself,,,,
MOQUEGUA,retail,n11014986609,Veterinaria Ilo Pampa,-17.64621,-71.324827,0.0,veterinary,,,,
MOQUEGUA,retail,n11095237846,Heleo Constructor,-17.187318,-70.938503,0.0,hardware,,,,
PASCO,agroind,w412286587,Minera Huaron,-11.005631,-76.411975,0.0,industrial,,,https://www.panamericansilver.com.pe/PortalWeb/Pages/wf_OpeHua.aspx,
PASCO,agroind,w421211232,Fábrica de óxidos,-10.686036,-76.280129,0.0,industrial,,,,
PASCO,agroind,w515369414,EA Cerro,-10.671994,-76.264312,0.0,industrial,,,,
PASCO,agroind,w790038050,El Brocal S.A.A.,-10.791776,-76.296303,0.0,industrial,,,,
PASCO,agroind,w999267595,Camal de Oxapampa,-10.573726,-75.407514,0.0,industrial,,,,
PASCO,agroind,w1303959669,Azalia,-10.471832,-76.418172,0.0,industrial,,,,
PASCO,agroind,w1544258739,ECOSERM,-10.691226,-76.318332,0.0,industrial,,,,
PASCO,named,n5891813415,Fundo Tres Pinos,-10.560575,-75.386286,0.0,farm,,,,
PASCO,named,n6191912492,Hacienda Chiric,-10.555081,-76.04834,0.0,isolated_dwelling,,,,
PASCO,named,n10294305050,Chacra Colorada,-10.453735,-76.219446,0.0,hamlet,,,,
PASCO,named,n10826350649,Fundo Las Tres Flores,-10.407683,-74.962297,0.0,hamlet,,,,
PASCO,retail,n9965026410,Negociaciones Prusia,-10.070117,-75.550328,0.0,hardware,,,,+51 963708588
PASCO,retail,n9965185591,Ferretería El Centro,-10.0713,-75.550988,0.0,hardware,,,,
PASCO,retail,n9966928243,Ferretería Nicoll,-10.572139,-75.406513,0.0,hardware,,,,
PASCO,retail,n12824086578,Ferretería Loechle,-10.574262,-75.403681,0.0,hardware,,,,
PIURA,landuse,w738378251,Vivero Forestal de Marcavelica,-4.880674,-80.698436,1.41,plant_nursery,,,,
PIURA,landuse,w1321446535,Vivero Municipal,-5.317837,-79.786147,0.47,plant_nursery,,,,
PIURA,landuse,w1157338529,Vivero El Huerto,-4.908126,-80.342295,0.43,plant_nursery,,,,
PIURA,landuse,w1386654378,Vivero OL & AS,-5.119584,-80.919398,0.39,plant_nursery,,,,
PIURA,landuse,w1157338530,Vivero Orgánico El Pionero,-4.908924,-80.34164,0.17,plant_nursery,,,,
PIURA,landuse,w374311135,Vivero para investigación con algarrobo y cacao,-5.175746,-80.63695,0.04,plant_nursery,,,,
PIURA,agroind,n4858088746,Módulo de Panela,-4.628198,-79.820468,0.0,works,,,,
PIURA,agroind,n4858088747,Modulo de Panela,-4.629922,-79.820461,0.0,works,,,,
PIURA,agroind,n4962610952,Módulo de Panela,-4.634333,-79.810204,0.0,works,,,,
PIURA,agroind,n8869168978,Emergent Cold,-5.159908,-80.688483,0.0,works,,,,
PIURA,agroind,n9590890489,Molinera Inca S.A.,-5.085885,-81.094711,0.0,works,,,,
PIURA,agroind,n10030164779,Planta de Empaque Sociedad Agrícola Saturno,-5.041941,-80.180254,0.0,works,,,,
PIURA,agroind,n11969426869,Delia Silva (costado de bcp),-4.851969,-80.785374,0.0,winery,,,,
PIURA,agroind,n11969458769,Palacios Alarcon Ines,-4.850866,-80.784189,0.0,winery,,,,
PIURA,agroind,n11969458770,Liliana Rauiz Farfan. (Entrada derecha),-4.851687,-80.785243,0.0,winery,,,,
PIURA,agroind,n11969458869,Anselma Durand,-4.850206,-80.784594,0.0,winery,,,,
PIURA,agroind,n11969490069,Ylvani Vilches Durant,-4.850676,-80.784221,0.0,winery,,,,
PIURA,agroind,n12027804864,Costeño Alimentos SAC,-4.939042,-80.696109,0.0,works,,,,
PIURA,agroind,n12027805339,Molino San Juan,-4.94335,-80.696275,0.0,works,,,,
PIURA,agroind,n13384517838,Terminal Terrestre Parachique,-5.765348,-80.864143,0.0,industrial,,,,
PIURA,agroind,w201025291,Refinería de Talara,-4.580328,-81.280682,0.0,industrial,,,,
PIURA,agroind,w240181327,Planta de Etanol,-4.85066,-80.928437,0.0,industrial,,Caña Brava,https://www.canabrava.com.pe/,
PIURA,agroind,w374290470,Depósito PetroPerú,-5.177804,-80.666233,0.0,industrial,,,,
PIURA,agroind,w374292878,Textil Piura,-5.178283,-80.660023,0.0,industrial,,,,
PIURA,agroind,w376554336,Central Térmica de Malacas,-4.537282,-81.266206,0.0,industrial,,,,
PIURA,agroind,w398205761,AREA DE MODELOS EXPERIMENTALES - INGENIERÍA,-5.170967,-80.63797,0.0,industrial,,,,
PIURA,agroind,w466162007,Petroperú,-5.798025,-81.058335,0.0,industrial,,,,
PIURA,agroind,w466162012,Petroperú,-5.804785,-81.063791,0.0,industrial,,,,
PIURA,agroind,w466162014,PLANTA DE SECADO - MINERA MISKI MAYO,-5.802617,-81.053558,0.0,industrial,,,,
PIURA,agroind,w466162017,Copeica,-5.825026,-81.032481,0.0,industrial,,,,
PIURA,agroind,w484164080,Central Térmica Huapalas,-5.140945,-80.173745,0.0,industrial,,Electronoroeste S.A.,,
PIURA,agroind,w484981560,Hielos y Servicios S.A.C.,-5.275801,-80.675137,0.0,industrial,,,,
PIURA,agroind,w493088520,DSM-Firmenich,-5.243559,-80.66751,0.0,industrial,,,,
PIURA,agroind,w532319930,Camal Municipal de La Unión,-5.399534,-80.744078,0.0,industrial,,,,
PIURA,agroind,w540746573,Camal Municipal Bellavista,-4.884604,-80.677186,0.0,industrial,,,,
PIURA,agroind,w585019362,Terminales Portuarios Euroandinos,-5.083029,-81.106347,0.0,industrial,,Terminales Portuarios Euroandinos Paita S.A.,https://www.puertopaita.com/,
PIURA,agroind,w585026688,ENOSA,-5.08627,-81.102225,0.0,industrial,,,,
PIURA,agroind,w862192879,Subestación Morropón,-5.192531,-79.993213,0.0,industrial,,Electronoroeste- ENOSA,,
PIURA,agroind,w867895321,Cementos Pacasmayo,-5.165046,-80.716785,0.0,works,,,,
PIURA,agroind,w878965773,Agromar Industrial,-5.107157,-80.16936,0.0,industrial,,,,
PIURA,agroind,w878965790,Camal Municipal,-5.099003,-80.157708,0.0,industrial,,,,
PIURA,agroind,w883903479,Corporación Tortolani SAC,-4.91757,-80.335991,0.0,industrial,,,,
PIURA,agroind,w883903480,Frutambo SAC,-4.914502,-80.337673,0.0,industrial,,,,
PIURA,agroind,w883903481,Planta Agroindustrial Koricancha SAC,-4.914018,-80.338211,0.0,industrial,,,,
PIURA,agroind,w883903482,Agromar Industrial SAC,-4.911907,-80.337695,0.0,industrial,,,,
PIURA,agroind,w883903487,Agropacking Export SA,-4.91167,-80.334046,0.0,works,,,,
PIURA,agroind,w883903489,Sunshine Export Sac,-4.902312,-80.331784,0.0,industrial,,,,
PIURA,agroind,w889002081,SET Piura Centro,-5.183197,-80.6359,0.0,industrial,,ENOSA,,
PIURA,agroind,w929867902,Central Hidroeléctrica Curumuy,-5.037541,-80.63057,0.0,industrial,,Sindicato Energético S.A.,,
PIURA,agroind,w929867903,Central Hidroeléctrica de Poechos 1,-4.68403,-80.525099,0.0,industrial,,,,
PIURA,agroind,w929867904,Central Hidroeléctrica de Poechos 2,-4.684969,-80.509374,0.0,industrial,,,,
PIURA,agroind,w958503350,Planta Backus,-5.149201,-80.694824,0.0,works,,,,
PIURA,agroind,w961381712,Parque Industrial Piura Futura,-5.160936,-80.688676,0.0,industrial,,,,
PIURA,agroind,w962674741,Hielo San Jorge,-5.167085,-80.696058,0.0,works,,,,
PIURA,agroind,w962674742,Ecobesa Coca Cola Piura,-5.168266,-80.700626,0.0,works,,,,
PIURA,agroind,w1071362263,Ingenio Azucarero Agroaurora,-4.927123,-80.848877,0.0,industrial,,,,
PIURA,agroind,w1090314717,Estación Olympic Lote XIII - Tablazo,-4.989625,-81.040297,0.0,industrial,,,,
PIURA,agroind,w1090314720,Oceano Food,-5.04544,-81.055245,0.0,works,,,,
PIURA,agroind,w1108073083,Desembarcadero Pesquero Artesanal Talara,-4.571043,-81.27382,0.0,industrial,,,,
PIURA,agroind,w1111601093,Maestranza,-4.640834,-80.549514,0.0,industrial,,,,
PIURA,agroind,w1119287050,Depósito Municipal Bellavista,-4.884843,-80.677871,0.0,industrial,,,,
PIURA,agroind,w1135304471,Petroperú Talara Refinery Thermal Power Plant,-4.576446,-81.285177,0.0,industrial,,,,
PIURA,agroind,w1190447801,Dominus IQF,-4.891289,-80.329454,0.0,industrial,,,,
PIURA,agroind,w1241769302,Desembarcadero Pesquero Artesanal Lobitos,-4.45084,-81.278014,0.0,industrial,,,,
PIURA,agroind,w1298901836,Ladrillos Forte Planta Piura,-5.131962,-80.696426,0.0,industrial,,,,
PIURA,agroind,w1298901837,Casa HeH,-5.136474,-80.693546,0.0,industrial,,,,
PIURA,agroind,w1299391834,Maderas Prosperidad,-5.162278,-80.707519,0.0,industrial,,,,
PIURA,agroind,w1308933420,Agropecuaria Chimú,-4.981382,-80.700118,0.0,industrial,,,,
PIURA,agroind,w1309157849,EL PEDREGAL S.A.,-5.085321,-80.592589,0.0,industrial,,,,
PIURA,agroind,w1333614567,Futuro Terminal Terrestre Interprovincial,-5.17264,-80.677669,0.0,industrial,,,,
PIURA,agroind,w1353850767,Centro de Acopio HeH CASA,-4.992593,-80.705173,0.0,industrial,,Construcción y Administración S.A.,,
PIURA,agroind,w1371841440,Puerto de Miski Mayo,-5.798306,-81.051313,0.0,industrial,,,,
PIURA,agroind,w1371841443,Zona de Descarga Miski Mayo,-5.844159,-81.027692,0.0,industrial,,,,
PIURA,agroind,w1372113028,Planta de Almacenamiento PTS,-4.676785,-81.318378,0.0,industrial,,,,
PIURA,agroind,w1388083579,Postes del Norte S.A.,-5.250623,-80.655481,0.0,industrial,,,,
PIURA,agroind,w1410438301,J.P.Q.,-5.816342,-81.041401,0.0,industrial,,,,
PIURA,agroind,w1463972968,prueba de area de pozo,-4.513992,-81.162524,0.0,industrial,,,,
PIURA,agroind,w1468043632,Oveja Prueba,-4.515422,-81.176492,0.0,industrial,,,,
PIURA,agroind,w1534039968,Cantera Virrilá,-5.93764,-80.742546,0.0,industrial,,Cementos Pacasmayo,,
PIURA,agroind,w1538932995,Taller CIVA,-5.211484,-80.62582,0.0,industrial,,,,
PIURA,agroind,w1547799668,Inversiones Pirisco,-5.5549,-80.81423,0.0,industrial,,,,
PIURA,named,n4740936258,Hacienda Pabur,-5.222909,-80.030792,0.0,quarter,,,,
PIURA,named,n4740936264,Pampa de la Hacienda,-5.205358,-79.956156,0.0,hamlet,,,,
PIURA,named,n7007737859,Papelillo / Hacienda Hualcuy,-4.753486,-79.620848,0.0,hamlet,,,,
PIURA,named,n8303836441,Hacienda Landa,-5.785784,-79.595282,0.0,hamlet,,,,
PIURA,named,n8930207157,Hacienda Santa Rosa,-4.851693,-79.655503,0.0,hamlet,,,,
PIURA,named,n9893464119,Hacienda Cabreria,-4.522094,-80.594292,0.0,hamlet,,,,
PIURA,named,n10174626915,Fundo Lazo,-5.169884,-80.618351,0.0,plot,,,,
PIURA,named,n10272138100,Hacienda Pasul,-4.502468,-80.926672,0.0,isolated_dwelling,,,,
PIURA,named,n10272156022,Hacienda El Muerto,-4.400942,-80.951386,0.0,isolated_dwelling,,,,
PIURA,named,n10272192709,Hacienda Pariñas,-4.543848,-81.157347,0.0,hamlet,,,,
PIURA,named,n10273694192,Hacienda Pampa Larga,-4.851025,-81.094617,0.0,isolated_dwelling,,,,
PIURA,named,n10273725483,Hacienda Paredones,-4.86327,-81.060343,0.0,neighbourhood,,,,
PIURA,named,n10273755526,Hacienda Chuyma,-4.913887,-81.08557,0.0,hamlet,,,,
PIURA,named,n10273764554,Hacienda Altomira,-4.918855,-81.086444,0.0,isolated_dwelling,,,,
PIURA,named,n10273774102,Hacienda La Esperanza,-4.913119,-81.059699,0.0,neighbourhood,,,,
PIURA,named,n10273778629,Hacienda Cubingas,-4.906647,-81.060222,0.0,neighbourhood,,,,
PIURA,named,n10274081282,Hacienda San Jose,-4.896613,-80.878596,0.0,isolated_dwelling,,,,
PIURA,named,n10274081959,Hacienda Rinconada,-4.897957,-81.008289,0.0,isolated_dwelling,,,,
PIURA,named,n10274123074,Hacienda La Macarena,-4.872133,-80.946118,0.0,isolated_dwelling,,,,
PIURA,named,n10274129729,Hacienda San Jorge,-4.879616,-81.017454,0.0,hamlet,,,,
PIURA,named,n10274145830,Hacienda Concepcion,-4.913551,-80.911238,0.0,isolated_dwelling,,,,
PIURA,named,n10274147234,Hacienda Cochal,-4.920699,-80.920886,0.0,neighbourhood,,,,
PIURA,named,n10274148557,Hacienda Corral Quemado,-4.912797,-80.902044,0.0,isolated_dwelling,,,,
PIURA,named,n10274153579,Hacienda La Chira,-4.906159,-80.943977,0.0,hamlet,,,,
PIURA,named,n10274158797,Hacienda Santa Clara,-4.912754,-80.862218,0.0,isolated_dwelling,,,,
PIURA,named,n10274168050,Hacienda Capullana,-4.887725,-80.941499,0.0,isolated_dwelling,,,,
PIURA,named,n10274170622,Hacienda Polvadera,-4.894796,-80.953019,0.0,isolated_dwelling,,,,
PIURA,named,n10274172019,Hacienda San Jose,-4.917869,-80.968149,0.0,isolated_dwelling,,,,
PIURA,named,n10274172020,Hacienda Santa Ana,-4.919569,-80.970005,0.0,isolated_dwelling,,,,
PIURA,named,n10274448873,Fundo Bocanita,-5.415116,-80.765439,0.0,isolated_dwelling,,,,
PIURA,named,n10274500745,Hacienda La Florida,-5.447225,-80.679085,0.0,hamlet,,,,
PIURA,named,n10274507594,Hacienda La Constancia,-5.424531,-80.795726,0.0,hamlet,,,,
PIURA,named,n10274527456,Fundo Rio Frio,-5.440606,-80.768142,0.0,isolated_dwelling,,,,
PIURA,named,n10274534319,Hacienda Azuldi,-5.439885,-80.679439,0.0,isolated_dwelling,,,,
PIURA,named,n10274555754,Hacienda San Rosendo,-5.42749,-80.685739,0.0,isolated_dwelling,,,,
PIURA,named,n10274725875,Hacienda Mallares,-4.857584,-80.761474,0.0,hamlet,,,,
PIURA,named,n10274800333,Hacienda Sauce Grande,-4.36486,-80.739743,0.0,hamlet,,,,
PIURA,named,n10274801702,Hacienda San Nicolas,-4.842163,-80.683674,0.0,hamlet,,,,
PIURA,named,n10274838842,Hacienda San Cristobal,-4.848401,-80.8745,0.0,neighbourhood,,,,
PIURA,named,n10274843299,Hacienda Santa Cristina,-4.875666,-80.86707,0.0,isolated_dwelling,,,,
PIURA,named,n10274850941,Hacienda Santa Ana,-4.885469,-80.871869,0.0,isolated_dwelling,,,,
PIURA,named,n10274852920,Hacienda Santa Rosa,-4.841252,-80.674182,0.0,hamlet,,,,
PIURA,named,n10274854860,Hacienda San Agustin,-4.786923,-80.592517,0.0,isolated_dwelling,,,,
PIURA,named,n10274856742,Hacienda Monte Señor,-4.865431,-80.938726,0.0,neighbourhood,,,,
PIURA,named,n10274860816,Hacienda Santa Grimanesa,-4.883959,-80.882437,0.0,isolated_dwelling,,,,
PIURA,named,n10274870134,Hacienda San Ignacio,-4.872016,-80.87535,0.0,isolated_dwelling,,,,
PIURA,named,n10276630369,Hacienda Nueva,-4.349181,-80.432653,0.0,hamlet,,,,
PIURA,named,n10276702847,Hacienda Solana Alta,-4.507253,-80.405068,0.0,isolated_dwelling,,,,
PIURA,named,n10276711306,Hacienda Solana Baja,-4.522886,-80.424959,0.0,isolated_dwelling,,,,
PIURA,named,n10276713699,Hacienda El Puquio,-4.531679,-80.418655,0.0,isolated_dwelling,,,,
PIURA,named,n10276863745,Hacienda Bocana,-4.898837,-80.706431,0.0,neighbourhood,,,,
PIURA,named,n10276866874,Hacienda Chilaco,-4.706016,-80.508724,0.0,hamlet,,,,
PIURA,named,n10276877343,Hacienda La Capilla,-4.900281,-80.730114,0.0,hamlet,,,,
PIURA,named,n10278930583,Hacienda Mira Garzon,-5.389511,-80.723437,0.0,hamlet,,,,
PIURA,named,n10278945553,Hacienda Chacra India,-5.348224,-80.715631,0.0,neighbourhood,,,,
PIURA,named,n10278952147,Hacienda Santa Rosa,-5.395943,-80.674822,0.0,isolated_dwelling,,,,
PIURA,named,n10278962305,Hacienda Huamara,-5.356805,-80.775871,0.0,isolated_dwelling,,,,
PIURA,named,n10278965581,Hacienda Cruz Verde,-5.356542,-80.726589,0.0,hamlet,,,,
PIURA,named,n10278967080,Hacienda Monte Viejo,-5.356498,-80.76196,0.0,isolated_dwelling,,,,
PIURA,named,n10278968361,Hacienda Sacaleche,-5.410711,-80.702786,0.0,hamlet,,,,
PIURA,named,n10278968694,Hacienda Santa Clara,-5.36742,-80.760201,0.0,isolated_dwelling,,,,
PIURA,named,n10278968695,Hacienda San Juan de Chato,-5.396784,-80.699444,0.0,isolated_dwelling,,,,
PIURA,named,n10278977972,Fundo Santa Estela,-5.385926,-80.670879,0.0,isolated_dwelling,,,,
PIURA,named,n10278978966,Fundo San Carlos,-5.403696,-80.736339,0.0,isolated_dwelling,,,,
PIURA,named,n10278980942,Hacienda Algarrobal,-5.321779,-80.676375,0.0,isolated_dwelling,,,,
PIURA,named,n10279000109,Fundo La Joya,-5.38157,-80.670312,0.0,isolated_dwelling,,,,
PIURA,named,n10279001280,Fundo Independencia,-5.310389,-80.702303,0.0,isolated_dwelling,,,,
PIURA,named,n10279010095,Hacienda Chochoya,-5.308204,-80.726047,0.0,hamlet,,,,
PIURA,named,n10279015660,Hacienda San Carlos,-5.354532,-80.662225,0.0,isolated_dwelling,,,,
PIURA,named,n10279019884,Hacienda Casarana,-5.318845,-80.662057,0.0,neighbourhood,,,,
PIURA,named,n10279068775,Fundo Olivares,-5.277574,-80.651574,0.0,hamlet,,,,
PIURA,named,n10279069466,Hacienda Santa Rosa de Chohoya,-5.293598,-80.749246,0.0,neighbourhood,,,,
PIURA,named,n10279069595,Hacienda La Laguna,-5.245919,-80.728828,0.0,isolated_dwelling,,,,
PIURA,named,n10279074075,Fundo Yolanda Gonzales,-5.299799,-80.697446,0.0,isolated_dwelling,,,,
PIURA,named,n10279077479,Hacienda Mundaca,-5.250783,-80.653884,0.0,neighbourhood,,,,
PIURA,named,n10279078039,Fundo San Jose,-5.282157,-80.718129,0.0,isolated_dwelling,,,,
PIURA,named,n10279082944,Fundo San Juan de Cumbibira,-5.284924,-80.720404,0.0,isolated_dwelling,,,,
PIURA,named,n10279084143,Hacienda San Miguel,-5.245787,-80.690941,0.0,hamlet,,,,
PIURA,named,n10279085821,Fundo San Jorge,-5.271919,-80.670531,0.0,neighbourhood,,,,
PIURA,named,n10279091794,Fundo Casa Blanca,-5.288886,-80.668356,0.0,isolated_dwelling,,,,
PIURA,named,n10281418288,Fundo Santa Angelica,-4.94764,-80.275779,0.0,hamlet,,,,
PIURA,named,n10281443998,Hacienda Eguskia,-4.909772,-80.43166,0.0,neighbourhood,,,,
PIURA,named,n10281461112,Hacienda Santa Clara,-4.909198,-80.389533,0.0,hamlet,,,,
PIURA,named,n10281465414,Hacienda Pedregal,-4.913737,-80.376726,0.0,hamlet,,,,
PIURA,named,n10281473514,Hacienda San Ramón,-4.92611,-80.337926,0.0,neighbourhood,,,,
PIURA,named,n10281486129,Hacienda Santa Ágreda,-4.930561,-80.478012,0.0,isolated_dwelling,,,,
PIURA,named,n10282548354,Hacienda Santa Anita,-5.038468,-80.605917,0.0,hamlet,,,,
PIURA,named,n10282568049,Hacienda El Almendro,-5.045115,-80.612651,0.0,isolated_dwelling,,,,
PIURA,named,n10282571687,Hacienda Santa Beatriz,-5.050203,-80.612029,0.0,isolated_dwelling,,,,
PIURA,named,n10282585564,Hacienda San Silvestre,-5.053697,-80.603167,0.0,hamlet,,,,
PIURA,named,n10282765047,Hacienda Huan,-5.109361,-80.636174,0.0,hamlet,,,,
PIURA,named,n10282804744,Fundo La Victoria,-5.163386,-80.623622,0.0,neighbourhood,,,,
PIURA,named,n10282804745,Fundo Granja Sur,-5.165796,-80.624373,0.0,neighbourhood,,,,
PIURA,named,n10282804746,Hacienda Santa Isabel,-5.168259,-80.624373,0.0,neighbourhood,,,,
PIURA,named,n10282892861,Hacienda Monteverde,-5.227074,-80.641125,0.0,neighbourhood,,,,
PIURA,named,n10282901937,Hacienda La Unión,-5.208207,-80.632935,0.0,neighbourhood,,,,
PIURA,named,n10282907423,Fundo Bosco,-5.211659,-80.641232,0.0,neighbourhood,,,,
PIURA,named,n10283089190,Hacienda Pampa Larga,-4.436156,-80.228263,0.0,hamlet,,,,
PIURA,named,n10283725231,Hacienda Hambul,-4.616414,-79.96732,0.0,isolated_dwelling,,,,
PIURA,named,n10285519598,Hacienda El Molino,-4.638374,-79.570751,0.0,hamlet,,,,
PIURA,named,n10285528540,Hacienda Huara,-4.58262,-79.598216,0.0,isolated_dwelling,,,,
PIURA,named,n10285541839,Hacienda Orejuela,-4.63274,-79.632561,0.0,isolated_dwelling,,,,
PIURA,named,n10287009505,Hacienda Samanga,-4.632058,-79.496717,0.0,hamlet,,,,
PIURA,named,n10287015699,Hacienda Yanta,-4.806866,-79.598153,0.0,hamlet,,,,
PIURA,named,n10287074330,Hacienda Tapal,-4.774488,-79.548635,0.0,isolated_dwelling,,,,
PIURA,named,n13969115497,Fundo Santa María,-4.906184,-80.591324,0.0,hamlet,,,,
PIURA,named,n13969179728,Fundo El Algarrobo,-4.899751,-80.574979,0.0,hamlet,,,,
PIURA,named,w397461377,Fundo San Pedro,-5.155956,-80.619551,0.0,residential,,,,
PIURA,named,w1482370585,Vivero Municipal,-4.180555,-81.117878,0.0,forest,,,,
PIURA,named,w1549652596,Fundo Vite,-5.164757,-80.639305,0.0,commercial,,,,
PIURA,named,r20351589,Ex Molino Ramón Jiménez,-5.318956,-79.785654,0.0,brownfield,,,,
PIURA,retail,n3999799567,Promart,-5.183891,-80.642196,0.0,doityourself,,,,
PIURA,retail,n4994742421,Ferreteria pelikanos,-4.106256,-81.047953,0.0,hardware,,,,
PIURA,retail,n5326770870,Ferretería Eleodoro Quiroga Ramos,-5.212731,-80.622587,0.0,hardware,,,,
PIURA,retail,n5438052821,Corporation Pachas s.r.l.,-4.931807,-79.946576,0.0,hardware,,,,+51 73 634118
PIURA,retail,n6361565386,Señor de los milagros,-4.929786,-80.343327,0.0,hardware,,,,
PIURA,retail,n6443279989,El Martillo,-5.197939,-80.628782,0.0,hardware,,,,
PIURA,retail,n6593462263,Ferretería Jonathan,-4.638685,-79.714834,0.0,trade,,,,
PIURA,retail,n6593462384,Ferretería Rivera,-4.639032,-79.714703,0.0,trade,,,,
PIURA,retail,n6593462601,Ferretería Villalta,-4.641542,-79.715543,0.0,trade,,,,
PIURA,retail,n6593462739,Ferretería Reyna del Cisne,-4.63804,-79.714683,0.0,trade,,,,
PIURA,retail,n7039955300,Grupo G&Z Ferreteria y materiales S.A.C.,-5.183589,-80.682777,0.0,hardware,,,www.gz.pe,+51955293107
PIURA,retail,n8197287406,Dino - Materiales de construcción,-4.660484,-80.241304,0.0,hardware,,,,
PIURA,retail,n8197287408,Negocios Chamba,-4.66042,-80.241199,0.0,hardware,,,,
PIURA,retail,n8220543920,Las Arenas - Agrícola SAC,-4.736045,-80.278921,0.0,agrarian,,,,
PIURA,retail,n8309382671,SuperPet,-5.182796,-80.62127,0.0,pet,,,,
PIURA,retail,n8309382672,Sodimac,-5.182059,-80.622986,0.0,doityourself,,,,
PIURA,retail,n9104226006,Vivero Municipal Hbba,-5.247168,-79.452533,0.0,garden_centre,,,,
PIURA,retail,n9346934622,Vivero Pulache,-4.91856,-80.647933,0.0,garden_centre,,,,
PIURA,retail,n11358331314,VETERINARIA PEPETS,-5.201377,-80.633039,0.0,veterinary,,,,
PIURA,retail,n11378257577,Ferretería El Pintor,-5.189862,-80.602587,0.0,hardware,,,,
PIURA,retail,n11560219470,Distribuciones Olano,-4.908527,-80.695689,0.0,hardware,,,,
PIURA,retail,n12022505886,Ladrillos cerámicos Tallán,-5.156274,-80.743452,0.0,trade,,,,
PIURA,retail,n12528364042,Promart,-4.918377,-80.696246,0.0,doityourself,,,,
PIURA,retail,n13585962341,El Buen Amigo,-5.318637,-79.786447,0.0,hardware,,,,
PIURA,retail,n13585985903,Molino Bazán,-5.318468,-79.781679,0.0,farm,,,,
PIURA,retail,n13585985904,Jhosept,-5.318218,-79.781239,0.0,hardware,,,,
PIURA,retail,w374290404,Sodimac,-5.178004,-80.664832,0.0,doityourself,,,,
PIURA,retail,w397162097,"VETERINARIA ""MUNDO ANIMAL""",-5.186474,-80.620353,0.0,yes,,,,
PIURA,retail,w397306339,Santa María,-5.170915,-80.630469,0.0,yes,,Santa María,,
PIURA,retail,w397309414,Veterinaria Salud,-5.188892,-80.620908,0.0,commercial,,,,
PIURA,retail,w397310851,Clínica Veterinaria MaskVet,-5.185007,-80.633232,0.0,yes,,,,
PIURA,retail,w397377413,ARENERA JAEN S.A.,-5.182228,-80.652711,0.0,hardware,,,,
PIURA,retail,w397468687,Vet's House,-5.174777,-80.643574,0.0,commercial,,,,
PIURA,retail,w715832946,Maestro Sullana,-4.897677,-80.680395,0.0,doityourself,,Grupo Falabella,https://www.maestro.com.pe/,
PIURA,retail,w879934045,APAGAM Malingas,-4.965146,-80.243499,0.0,farm,,,,
PIURA,retail,w881402280,Ferretería San Martín,-4.657113,-80.238431,0.0,hardware,,,,
PIURA,retail,w954609940,Martín,-5.185377,-80.64485,0.0,hardware,,,,
PIURA,retail,w958015636,Centro de Distribución Cementos Pacasmayo,-5.181065,-80.655929,0.0,trade,,,,
PIURA,retail,w1049428454,Depósito de Materiales DINO,-5.402815,-80.749709,0.0,trade,,,,
PIURA,retail,w1065747946,DINO Experto,-5.179771,-80.571261,0.0,trade,,,,
PIURA,retail,w1065747947,Oro Negro,-5.181948,-80.574342,0.0,trade,,,,
PIURA,retail,w1070105155,Dino,-5.178164,-80.561313,0.0,trade,,,,
PIURA,retail,w1549168848,Centro Veterinario Municipal de Piura,-5.202247,-80.628281,0.0,yes,,Municipalidad de Piura,,
PIURA,retail,w1553054093,Sodimac,-4.906156,-80.704861,0.0,doityourself,,,,
PUNO,agroind,w127049268,Calcesur,-15.582948,-70.113226,0.0,industrial,,,,
PUNO,agroind,w430213669,Planta Quesera Churura,-14.965875,-69.858184,0.0,industrial,cheese,,,
PUNO,agroind,w456350320,Mina San Rafael,-14.23208,-70.319861,0.0,works,,,,
PUNO,agroind,w456409104,Mina San Rafael,-14.231897,-70.320832,0.0,industrial,,,,
PUNO,agroind,w609972161,Petro Perú,-15.522501,-70.118289,0.0,industrial,,,,
PUNO,agroind,w635115302,Oficina de EPS Nor Puno,-14.911392,-70.198218,0.0,industrial,,,,
PUNO,agroind,w844872890,Taller Municipal,-16.089762,-69.643471,0.0,industrial,,,,
PUNO,agroind,w981057331,Planta Conservadora,-16.224141,-68.979882,0.0,industrial,,,,
PUNO,agroind,w1062943632,Planta IncaSur juliaca,-15.525094,-70.108862,0.0,works,,,,
PUNO,agroind,w1128341707,Planta Térmica de Taparachi,-15.510186,-70.124473,0.0,industrial,,,,
PUNO,agroind,w1324904117,Envasadora de gasesosa Condor,-15.644053,-70.353706,0.0,industrial,,,,
PUNO,agroind,w1463178032,Planta de Arenado,-15.554944,-70.103437,0.0,industrial,,,,
PUNO,agroind,w1486749580,Nodo de Telecomunicaciones Boliviacom,-16.746028,-69.719523,0.0,industrial,,Boliviacom,,
PUNO,agroind,w1490328505,Centro de Acopio Fibrandes,-16.738067,-69.712687,0.0,industrial,,,,
PUNO,agroind,w1545820856,Almacén Central del Gobierno Regional de Puno,-15.877274,-69.999691,0.0,industrial,,,,
PUNO,farmbld,w1270672421,LA HACIENDA DEL LAGO,-15.852103,-69.969047,0.0,greenhouse,,,https://bm-kausary.webflow.io/,+51 98374772
PUNO,named,n1477959486,Hacienda Queque Norte,-14.5812,-70.86861,0.0,hamlet,,,,
PUNO,named,n3639574298,Hacienda Pacobamba,-13.68621,-70.375329,0.0,hamlet,,,,
PUNO,named,n3639660489,Hacienda Padua,-14.032681,-70.120527,0.0,hamlet,,,,
PUNO,named,n3639660490,Hacienda Quitun,-14.006479,-69.727532,0.0,hamlet,,,,
PUNO,named,n3639660491,Hacienda Umachullo,-14.034113,-70.046042,0.0,hamlet,,,,
PUNO,named,n3639693649,Fundo Uchuy Chectata,-13.862991,-70.765137,0.0,hamlet,,,,
PUNO,named,n3639718442,Hacienda Accoyo,-14.104588,-70.493749,0.0,hamlet,,,,
PUNO,named,n3639718443,Hacienda Calvario,-14.067436,-70.348124,0.0,hamlet,,,,
PUNO,named,n3639718444,Hacienda Caruyo,-14.121925,-70.47268,0.0,hamlet,,,,
PUNO,named,n3639718445,Hacienda Ccaccapunco,-14.10136,-70.461663,0.0,hamlet,,,,
PUNO,named,n3639718446,Hacienda Cconchatanca,-14.095815,-70.403568,0.0,hamlet,,,,
PUNO,named,n3639718447,Hacienda Cconchatanca,-14.136353,-70.451932,0.0,hamlet,,,,
PUNO,named,n3639718448,Hacienda Huararani,-14.068547,-70.463215,0.0,hamlet,,,,
PUNO,named,n3639718449,Hacienda Huasara,-14.109268,-70.364527,0.0,hamlet,,,,
PUNO,named,n3639718450,Hacienda Lulluchani,-14.051997,-70.456875,0.0,hamlet,,,,
PUNO,named,n3639718451,Hacienda Viluyo,-14.089779,-70.452028,0.0,hamlet,,,,
PUNO,named,n3639731426,Hacienda Aurora,-14.194883,-70.214098,0.0,hamlet,,,,
PUNO,named,n3639731427,Hacienda Callpullo,-14.176813,-70.139082,0.0,hamlet,,,,
PUNO,named,n3639731428,Hacienda Chuilupampa,-14.122574,-70.20265,0.0,hamlet,,,,
PUNO,named,n3639731429,Hacienda Salviane,-14.252978,-70.247299,0.0,hamlet,,,,
PUNO,named,n3639731430,Hacienda Vilcapucara,-14.223066,-70.243448,0.0,hamlet,,,,
PUNO,named,n3639802809,Fundo Ccachapata,-14.178946,-70.035232,0.0,hamlet,,,,
PUNO,named,n3639802811,Hacienda Antajta,-14.191362,-70.106505,0.0,hamlet,,,,
PUNO,named,n3639835557,Fundo Lejenuyo,-14.339367,-70.000016,0.0,hamlet,,,,
PUNO,named,n3639835558,Fundo Rosas Pata,-14.364294,-69.992722,0.0,hamlet,,,,
PUNO,named,n3639835559,Hacienda Callachi / Callacachi,-14.295064,-70.142545,0.0,hamlet,,,,
PUNO,named,n3639835560,Hacienda Cayconi,-14.288377,-70.051804,0.0,hamlet,,,,
PUNO,named,n3639835561,Hacienda Esmeralda,-14.337508,-70.035636,0.0,hamlet,,,,
PUNO,named,n3639835562,Hacienda Huanjollo,-14.420657,-69.774074,0.0,hamlet,,,,
PUNO,named,n3639835563,Hacienda Huayrapata,-14.361745,-69.981263,0.0,hamlet,,,,
PUNO,named,n3639835564,Hacienda Los Angeles,-14.340869,-70.023832,0.0,hamlet,,,,
PUNO,named,n3639835565,Hacienda Pachachaca,-14.282049,-70.079214,0.0,hamlet,,,,
PUNO,named,n3639835566,Hacienda Ticani,-14.431634,-69.750644,0.0,hamlet,,,,
PUNO,named,n3641152934,Fundo Nullcayllo,-14.42406,-70.767052,0.0,hamlet,,,,
PUNO,named,n3641152936,Hacienda Accoyo,-14.361564,-70.749536,0.0,hamlet,,,,
PUNO,named,n3641152937,Hacienda Aguas Calientes,-14.423885,-70.585863,0.0,hamlet,,,,
PUNO,named,n3641152938,Hacienda Alianza,-14.341354,-70.752096,0.0,hamlet,,,,
PUNO,named,n3641152939,Hacienda Ancco Amani,-14.305666,-70.498182,0.0,hamlet,,,,
PUNO,named,n3641152940,Hacienda Antacalla,-14.35452,-70.707522,0.0,hamlet,,,,
PUNO,named,n3641152941,Hacienda Bornas,-14.502174,-70.588852,0.0,hamlet,,,,
PUNO,named,n3641152942,Hacienda Cajhuancaya,-14.519768,-70.538122,0.0,hamlet,,,,
PUNO,named,n3641152943,Hacienda Callanca,-14.207831,-70.687132,0.0,hamlet,,,,
PUNO,named,n3641152944,Hacienda Cangalle,-14.567666,-70.640047,0.0,hamlet,,,,
PUNO,named,n3641152945,Hacienda Cara Cara,-14.292327,-70.566822,0.0,hamlet,,,,
PUNO,named,n3641152946,Hacienda Ccatun Cancha,-14.409353,-70.792721,0.0,hamlet,,,,
PUNO,named,n3641152947,Hacienda Chaccamaro,-14.467634,-70.499028,0.0,hamlet,,,,
PUNO,named,n3641152948,Hacienda Chili Palca,-14.306867,-70.636743,0.0,hamlet,,,,
PUNO,named,n3641152949,Hacienda Choquecota,-14.36794,-70.899415,0.0,hamlet,,,,
PUNO,named,n3641152950,Hacienda Choquesani,-14.518841,-70.513731,0.0,hamlet,,,,
PUNO,named,n3641152951,Hacienda Combo,-14.354622,-70.807534,0.0,hamlet,,,,
PUNO,named,n3641152952,Hacienda Esmeralda,-14.384148,-70.814143,0.0,hamlet,,,,
PUNO,named,n3641152953,Hacienda Facuyuta,-14.348914,-70.589275,0.0,hamlet,,,,
PUNO,named,n3641152954,Hacienda Huancuire,-14.492941,-70.488052,0.0,hamlet,,,,
PUNO,named,n3641152955,Hacienda Huisacaca,-14.300945,-70.742841,0.0,hamlet,,,,
PUNO,named,n3641152956,Hacienda Jatun Cruz,-14.39621,-70.719146,0.0,hamlet,,,,
PUNO,named,n3641152957,Hacienda La Cabana,-14.464965,-70.514118,0.0,hamlet,,,,
PUNO,named,n3641152958,Hacienda Llullunchani,-14.439974,-70.5044,0.0,hamlet,,,,
PUNO,named,n3641152959,Hacienda Muna Pata,-14.385567,-70.564508,0.0,hamlet,,,,
PUNO,named,n3641152960,Hacienda Nasapalla,-14.492086,-70.641436,0.0,hamlet,,,,
PUNO,named,n3641152961,Hacienda Paraca,-14.583286,-70.609131,0.0,hamlet,,,,
PUNO,named,n3641152962,Hacienda Pilcocota,-14.497429,-70.594116,0.0,hamlet,,,,
PUNO,named,n3641152963,Hacienda Pity,-14.259023,-70.851382,0.0,hamlet,,,,
PUNO,named,n3641152964,Hacienda Pucamojo,-14.550287,-70.589293,0.0,hamlet,,,,
PUNO,named,n3641152965,Hacienda Quishihuiri,-14.450214,-70.576983,0.0,hamlet,,,,
PUNO,named,n3641152966,Hacienda Quishuartira,-14.513669,-70.675022,0.0,hamlet,,,,
PUNO,named,n3641152967,Hacienda Santa Rosa,-14.421393,-70.694584,0.0,hamlet,,,,
PUNO,named,n3641152968,Hacienda Ututo,-14.461481,-70.57899,0.0,hamlet,,,,
PUNO,named,n3641152969,Hacienda Yana Paccha,-14.424234,-70.678733,0.0,hamlet,,,,
PUNO,named,n3641167901,Fundo Ichurahui,-14.251353,-70.40986,0.0,hamlet,,,,
PUNO,named,n3641167902,Hacienda Angostura,-14.504084,-70.423016,0.0,hamlet,,,,
PUNO,named,n3641167903,Hacienda Ccarme,-14.380365,-70.341226,0.0,hamlet,,,,
PUNO,named,n3641167904,Hacienda Collpa,-14.420624,-70.41273,0.0,hamlet,,,,
PUNO,named,n3641167905,Hacienda Cumani,-14.280396,-70.343939,0.0,hamlet,,,,
PUNO,named,n3641167906,Hacienda Negrotira,-14.295869,-70.301804,0.0,hamlet,,,,
PUNO,named,n3641167907,Hacienda San Juan,-14.520271,-70.392476,0.0,hamlet,,,,
PUNO,named,n3641201687,Fundo Retiro,-14.63897,-70.739143,0.0,hamlet,,,,
PUNO,named,n3641201689,Hacienda Buenavista,-14.738522,-70.727211,0.0,hamlet,,,,
PUNO,named,n3641201690,Hacienda Callacunca,-14.691266,-70.65177,0.0,hamlet,,,,
PUNO,named,n3641201691,Hacienda Chectaccacca,-14.583143,-70.857086,0.0,hamlet,,,,
PUNO,named,n3641201692,Hacienda Chinchinapunco,-14.590444,-70.807784,0.0,hamlet,,,,
PUNO,named,n3641203293,Hacienda Chosicani,-14.716551,-70.701463,0.0,hamlet,,,,
PUNO,named,n3641203294,Hacienda Chungara,-14.625854,-70.827899,0.0,hamlet,,,,
PUNO,named,n3641203295,Hacienda Huaytayhuasi,-14.58176,-70.838523,0.0,hamlet,,,,
PUNO,named,n3641203296,Hacienda Queque,-14.587053,-70.90451,0.0,hamlet,,,,
PUNO,named,n3641203297,Hacienda Surama,-14.48252,-70.93036,0.0,hamlet,,,,
PUNO,named,n3641231840,Hacienda Andaymarce,-14.585347,-70.455299,0.0,hamlet,,,,
PUNO,named,n3641231841,Hacienda Buenos Aires,-14.709041,-70.456957,0.0,hamlet,,,,
PUNO,named,n3641231842,Hacienda Ichurusi Chico,-14.738299,-70.516321,0.0,hamlet,,,,
PUNO,named,n3641231843,Hacienda Ichurusi,-14.74283,-70.509264,0.0,hamlet,,,,
PUNO,named,n3641231844,Hacienda Millune,-14.752231,-70.467699,0.0,hamlet,,,,
PUNO,named,n3641231845,Hacienda Murimurane,-14.696257,-70.459003,0.0,hamlet,,,,
PUNO,named,n3641231846,Hacienda Pacobamba,-14.668158,-70.592924,0.0,hamlet,,,,
PUNO,named,n3641231847,Hacienda Praga,-14.664272,-70.40521,0.0,hamlet,,,,
PUNO,named,n3641231848,Hacienda Quisuarane,-14.690414,-70.430942,0.0,hamlet,,,,
PUNO,named,n3641231849,Hacienda Quisuni Chico,-14.71348,-70.573745,0.0,hamlet,,,,
PUNO,named,n3641231850,Hacienda Quisuni Grande,-14.708971,-70.56808,0.0,hamlet,,,,
PUNO,named,n3641231851,Hacienda Retiro,-14.743875,-70.48759,0.0,hamlet,,,,
PUNO,named,n3641231852,Hacienda Soratira,-14.687497,-70.521065,0.0,hamlet,,,,
PUNO,named,n3641231853,Hacienda Soribamba,-14.672502,-70.583543,0.0,hamlet,,,,
PUNO,named,n3641278087,Hacienda Casablanca,-14.713064,-70.912369,0.0,hamlet,,,,
PUNO,named,n3641278088,Hacienda Condorccallana,-14.699144,-70.92687,0.0,hamlet,,,,
PUNO,named,n3641278089,Hacienda Huaysa Chico,-14.713148,-70.952318,0.0,hamlet,,,,
PUNO,named,n3641278090,Hacienda Huaysa Grande,-14.701156,-70.941554,0.0,hamlet,,,,
PUNO,named,n3641278091,Hacienda Humachuco,-14.690098,-70.954373,0.0,hamlet,,,,
PUNO,named,n3641278092,Hacienda Jotana,-14.706144,-70.81588,0.0,hamlet,,,,
PUNO,named,n3641278093,Hacienda Layapampa,-14.746189,-70.890974,0.0,hamlet,,,,
PUNO,named,n3641278094,Hacienda Pucahuasi,-14.736353,-70.870253,0.0,hamlet,,,,
PUNO,named,n3641278095,Hacienda Retiro,-14.69767,-70.936887,0.0,hamlet,,,,
PUNO,named,n3641278096,Hacienda Rosaspata,-14.746649,-70.87081,0.0,hamlet,,,,
PUNO,named,n3641278097,Hacienda Royal,-14.611281,-70.872534,0.0,hamlet,,,,
PUNO,named,n3641278098,Hacienda San Miguel,-14.777772,-70.883197,0.0,hamlet,,,,
PUNO,named,n3641278099,Hacienda Soroco,-14.762082,-70.944382,0.0,hamlet,,,,
PUNO,named,n3641278100,Hacienda Tallamatalla,-14.776002,-70.946663,0.0,hamlet,,,,
PUNO,named,n3641278101,Hacienda Tinguina,-14.795214,-70.95645,0.0,hamlet,,,,
PUNO,named,n3641299994,Hacienda Aquesaya,-14.831623,-70.847374,0.0,hamlet,,,,
PUNO,named,n3641299995,Hacienda Atacalla,-14.870422,-70.928179,0.0,hamlet,,,,
PUNO,named,n3641304583,Hacienda Huacare,-14.962336,-70.964862,0.0,hamlet,,,,
PUNO,named,n3641304584,Hacienda Icantana,-14.956481,-70.919045,0.0,hamlet,,,,
PUNO,named,n3641304585,Hacienda Sucre,-14.95194,-70.873385,0.0,hamlet,,,,
PUNO,named,n3641304586,Hacienda Tojllatera,-14.946866,-70.934775,0.0,hamlet,,,,
PUNO,named,n3641320419,Fundo Chajo,-14.818832,-70.773492,0.0,hamlet,,,,
PUNO,named,n3641320420,Fundo Challapata,-14.835502,-70.793762,0.0,hamlet,,,,
PUNO,named,n3641320421,Fundo Sortijilla,-14.927182,-70.765405,0.0,hamlet,,,,
PUNO,named,n3641320423,Hacienda Antavilque,-14.832868,-70.747802,0.0,hamlet,,,,
PUNO,named,n3641320424,Hacienda San Antonio,-14.781757,-70.77418,0.0,hamlet,,,,
PUNO,named,n3641320425,Hacienda San Juan,-14.792646,-70.730852,0.0,hamlet,,,,
PUNO,named,n3641347301,Hacienda Ancara,-14.975245,-70.750929,0.0,hamlet,,,,
PUNO,named,n3641347302,Hacienda Antapata,-14.869122,-70.650108,0.0,hamlet,,,,
PUNO,named,n3641347303,Hacienda Belen,-15.043399,-70.584969,0.0,hamlet,,,,
PUNO,named,n3641347304,Hacienda Buenavista,-14.879187,-70.513756,0.0,hamlet,,,,
PUNO,named,n3641347305,Hacienda Calacala,-14.939675,-70.515055,0.0,hamlet,,,,
PUNO,named,n3641347306,Hacienda Callpaje,-14.917728,-70.573993,0.0,hamlet,,,,
PUNO,named,n3641347307,Hacienda Cascada,-15.101391,-70.577072,0.0,hamlet,,,,
PUNO,named,n3641347308,Hacienda Ccatave,-15.0883,-70.644734,0.0,hamlet,,,,
PUNO,named,n3641347309,Hacienda Challacunca,-14.856115,-70.5702,0.0,hamlet,,,,
PUNO,named,n3641347310,Hacienda Huaccaccane,-14.754734,-70.635168,0.0,hamlet,,,,
PUNO,named,n3641347311,Hacienda Huanacomarca,-14.865415,-70.609921,0.0,hamlet,,,,
PUNO,named,n3641347312,Hacienda Huanacuyo,-14.77522,-70.616874,0.0,hamlet,,,,
PUNO,named,n3641347313,Hacienda Huaracone,-14.854404,-70.584358,0.0,hamlet,,,,
PUNO,named,n3641347314,Hacienda Huayllacuyo,-15.075672,-70.62394,0.0,hamlet,,,,
PUNO,named,n3641347315,Hacienda Irupampa,-14.919652,-70.526072,0.0,hamlet,,,,
PUNO,named,n3641347316,Hacienda Jajapunco,-14.980264,-70.624137,0.0,hamlet,,,,
PUNO,named,n3641347317,Hacienda Jancopuquio,-14.987611,-70.563516,0.0,hamlet,,,,
PUNO,named,n3641347318,Hacienda Machacmarca,-14.975425,-70.629442,0.0,hamlet,,,,
PUNO,named,n3641347319,Hacienda Malliri,-14.901209,-70.495675,0.0,hamlet,,,,
PUNO,named,n3641347320,Hacienda Pallallaje,-14.914985,-70.551858,0.0,hamlet,,,,
PUNO,named,n3641347321,Hacienda Quenoane,-14.861096,-70.482519,0.0,hamlet,,,,
PUNO,named,n3641347322,Hacienda Reata,-14.906586,-70.561881,0.0,hamlet,,,,
PUNO,named,n3641347323,Hacienda Rioja,-14.968918,-70.545546,0.0,hamlet,,,,
PUNO,named,n3641347324,Hacienda Surimarca,-14.975541,-70.721592,0.0,hamlet,,,,
PUNO,named,n3641347325,Hacienda Tinajani,-14.998843,-70.585478,0.0,hamlet,,,,
PUNO,named,n3641347326,Hacienda Tocotoco,-14.867211,-70.546316,0.0,hamlet,,,,
PUNO,named,n3641347327,Hacienda Torrenepunco,-14.862708,-70.530025,0.0,hamlet,,,,
PUNO,named,n3641347328,Hacienda Totorani,-14.837066,-70.487583,0.0,hamlet,,,,
PUNO,named,n3641347329,Hacienda Urcuyo,-14.958765,-70.580599,0.0,hamlet,,,,
PUNO,named,n3641347330,Hacienda Vilaccarcca,-14.759678,-70.665742,0.0,hamlet,,,,
PUNO,named,n3641347331,Hacienda Vilanta,-14.883414,-70.548694,0.0,hamlet,,,,
PUNO,named,n3641373248,Hacienda Alaitira,-14.367364,-70.244139,0.0,hamlet,,,,
PUNO,named,n3641373249,Hacienda Collpatira,-14.340115,-70.211979,0.0,hamlet,,,,
PUNO,named,n3641373250,Hacienda Linde,-14.424294,-70.158928,0.0,hamlet,,,,
PUNO,named,n3641373251,Hacienda Pasto Grande,-14.473636,-70.057022,0.0,hamlet,,,,
PUNO,named,n3641373252,Hacienda San Antonio,-14.381411,-70.145662,0.0,hamlet,,,,
PUNO,named,n3641373253,Hacienda San Bosco,-14.345027,-70.247736,0.0,hamlet,,,,
PUNO,named,n3641373289,Macho Hacienda,-14.300989,-70.202775,0.0,hamlet,,,,
PUNO,named,n3641390089,Fundo Vista Alegre,-14.408069,-70.272154,0.0,hamlet,,,,
PUNO,named,n3641390090,Hacienda Condoriri,-14.429547,-70.325217,0.0,hamlet,,,,
PUNO,named,n3641390091,Hacienda Quillhuiri,-14.626689,-70.226971,0.0,hamlet,,,,
PUNO,named,n3641390092,Hacienda Triunfo,-14.554409,-70.298532,0.0,hamlet,,,,
PUNO,named,n3641436501,Hacienda Bellavista,-14.766133,-70.326502,0.0,hamlet,,,,
PUNO,named,n3641436502,Hacienda Carmen,-14.80553,-70.291356,0.0,hamlet,,,,
PUNO,named,n3641436503,Hacienda Chejorani,-14.830476,-70.38481,0.0,hamlet,,,,
PUNO,named,n3641436504,Hacienda Fray Lima,-14.802043,-70.254181,0.0,hamlet,,,,
PUNO,named,n3641436505,Hacienda Huariumana,-14.87072,-70.330744,0.0,hamlet,,,,
PUNO,named,n3641436506,Hacienda Puenta,-14.76002,-70.343592,0.0,hamlet,,,,
PUNO,named,n3641436507,Hacienda Versalles,-14.866423,-70.362756,0.0,hamlet,,,,
PUNO,named,n3645116535,Fundo Los Sauces,-14.698382,-69.953955,0.0,hamlet,,,,
PUNO,named,n3645116538,Hacienda Munani,-14.761538,-69.960584,0.0,hamlet,,,,
PUNO,named,n3645130381,Hacienda Triunfo,-14.682991,-70.241767,0.0,hamlet,,,,
PUNO,named,n3645478887,Hacienda Alcamarine,-14.937202,-70.077515,0.0,hamlet,,,,
PUNO,named,n3645478888,Hacienda Balsapata,-14.920334,-70.17207,0.0,hamlet,,,,
PUNO,named,n3645478889,Hacienda Cairahuire,-14.923338,-70.228681,0.0,hamlet,,,,
PUNO,named,n3645478890,Hacienda Chictani,-14.823429,-70.176189,0.0,hamlet,,,,
PUNO,named,n3645478891,Hacienda Huayrapata,-14.916438,-70.173539,0.0,hamlet,,,,
PUNO,named,n3645478892,Hacienda Inquillane,-14.871794,-70.09012,0.0,hamlet,,,,
PUNO,named,n3645478893,Hacienda Jarjapunco,-14.818179,-70.089617,0.0,hamlet,,,,
PUNO,named,n3645478894,Hacienda Lucero,-14.87863,-70.218778,0.0,hamlet,,,,
PUNO,named,n3645478895,Hacienda Pumiri,-14.932024,-70.210382,0.0,hamlet,,,,
PUNO,named,n3645478896,Hacienda Salla,-14.949034,-70.204684,0.0,hamlet,,,,
PUNO,named,n3645478897,Hacienda San Antonio,-14.846661,-70.22453,0.0,hamlet,,,,
PUNO,named,n3645478898,Hacienda San Martin,-14.932609,-70.164684,0.0,hamlet,,,,
PUNO,named,n3645478899,Hacienda Tocucuri,-14.831208,-70.111109,0.0,hamlet,,,,
PUNO,named,n3645487997,Hacienda Huataccoya,-15.00556,-70.359181,0.0,hamlet,,,,
PUNO,named,n3645512220,Hacienda Bellavista,-15.040338,-70.28942,0.0,hamlet,,,,
PUNO,named,n3645512221,Hacienda Iquilo,-15.060291,-70.297692,0.0,hamlet,,,,
PUNO,named,n3645613227,Fundo Punta,-15.166578,-69.993939,0.0,village,,,,
PUNO,named,n3645613231,Hacienda Barranca,-15.194944,-70.17811,0.0,hamlet,,,,
PUNO,named,n3645613232,Hacienda Bellavista,-15.190111,-70.126058,0.0,hamlet,,,,
PUNO,named,n3645613233,Hacienda Cututone,-15.040854,-70.047282,0.0,hamlet,,,,
PUNO,named,n3645613234,Hacienda Kceache,-15.153845,-70.188489,0.0,hamlet,,,,
PUNO,named,n3645613235,Hacienda Pajcha,-15.147786,-70.137332,0.0,hamlet,,,,
PUNO,named,n3645613236,Hacienda Pura,-15.116547,-70.062204,0.0,hamlet,,,,
PUNO,named,n3645613237,Hacienda Sunata,-15.142416,-70.192486,0.0,hamlet,,,,
PUNO,named,n5750314406,Hacienda Tayataya,-15.68054,-70.424565,0.0,village,,,,
PUNO,named,n9392830371,Hacienda San Fernando,-16.485802,-70.005399,0.0,hamlet,,,,
PUNO,named,n12710715463,Machu Hacienda,-15.620355,-70.131472,0.0,hamlet,,,,
PUNO,named,w849542530,Hacienda Alaitira,-14.367687,-70.243918,0.0,hamlet,,,,
PUNO,retail,n3751937867,SebisVet,-15.837336,-70.027342,0.0,veterinary,,,,
PUNO,retail,n4281324837,Ferretex,-14.914321,-69.864793,0.0,hardware,,,,
PUNO,retail,n4285398311,Ferreteria Vidreria San Antonio,-14.916517,-69.867645,0.0,hardware,,,,
PUNO,retail,n4286876454,Ferreteria La Economica,-14.914067,-69.860803,0.0,hardware,,,,
PUNO,retail,n4296679172,Pernos,-14.914473,-69.862381,0.0,hardware,,,,
PUNO,retail,n4297300586,Agro Veterinaria El Altiplano,-14.914105,-69.86283,0.0,veterinary,,,,+51367267
PUNO,retail,n4321951192,Sebisvet,-15.837397,-70.027504,0.0,veterinary,,,,+51 51 366237
PUNO,retail,n4388500640,San Pedro,-15.489166,-70.132765,0.0,hardware,,,,
PUNO,retail,n4388501162,Veteniraria Pet Shop,-15.490882,-70.133875,0.0,veterinary,,,,
PUNO,retail,n4388501572,El Altiplano,-15.490689,-70.133265,0.0,veterinary,,,,
PUNO,retail,n4388501573,Clínica,-15.490863,-70.133787,0.0,veterinary,,,,+51948992015
PUNO,retail,n4388503373,Vetermij,-15.490677,-70.133666,0.0,veterinary,,,,
PUNO,retail,n4388503924,RJ Maquicenters,-15.490839,-70.134132,0.0,hardware,,,,
PUNO,retail,n4388535645,Promart,-15.49614,-70.129356,0.0,doityourself,,,,
PUNO,retail,n5000661723,Solar,-15.833786,-70.026517,0.0,hardware,,,,
PUNO,retail,n6286473387,Mundo Animal,-15.045157,-70.367481,0.0,veterinary,,,,+51 951665950
PUNO,retail,n6928837585,Comercial y Ferretería Hervas,-15.844867,-70.022983,0.0,hardware,,,,+51 51 352483
PUNO,retail,n12532224002,Ferretería Checa,-15.63941,-70.347169,0.0,hardware,,,,
SAN MARTIN,landuse,w858607000,Vivero Municipal,-6.046843,-76.974805,0.07,plant_nursery,,,,
SAN MARTIN,agroind,w496799799,Palmawasi Oil Palm Mill,-8.334048,-76.492256,0.0,industrial,,Industrias del Espino S.A.,,
SAN MARTIN,agroind,w498693988,Cementos Selva,-5.996432,-77.273241,0.0,industrial,,,,
SAN MARTIN,agroind,w633787177,CIRCUITO PUCAYACU,-6.049154,-76.947151,0.0,industrial,,,,
SAN MARTIN,agroind,w682035846,Canchon MPSM,-6.479071,-76.370208,0.0,industrial,,,,
SAN MARTIN,agroind,w893903674,Nuevo Horizonte,-8.098864,-76.598447,0.0,industrial,,Industrias del Espino S.A.,,
SAN MARTIN,agroind,w1210563455,Pajaten Gas E.I.R.L.,-7.19377,-76.733839,0.0,industrial,,,,
SAN MARTIN,farmbld,w1328207251,Alamacen agricola,-5.979659,-77.291645,0.0,barn,,,,
SAN MARTIN,named,n11135195317,Fundo Las Brisas,-6.658824,-76.283923,0.0,farm,,,,
SAN MARTIN,named,w682323172,La Chacra,-6.477782,-76.391411,0.0,recreation_ground,,,,
SAN MARTIN,named,w982301537,Hacienda Amatos,-6.420194,-76.460608,0.0,farmyard,grass,OrganicCrops E.I.R.L.,https://organiccrops.net/,
SAN MARTIN,named,w982301538,Hacienda Amatos,-6.420063,-76.459832,0.0,farmyard,,OrganicCrops E.I.R.L.,https://organiccrops.net/,
SAN MARTIN,retail,n4931035021,Clínica Veterinaria Moyobamba,-6.032614,-76.968844,0.0,veterinary,,,,+51 920088917
SAN MARTIN,retail,n5840065985,Pinturas Selva,-6.492633,-76.36276,0.0,hardware,,,,+51 942459624
SAN MARTIN,retail,n6362834817,Promart,-6.482678,-76.377459,0.0,doityourself,,INTERCORP,,
SAN MARTIN,retail,n7727804596,Agrooriente,-6.025725,-76.969437,0.0,garden_centre,,,https://www.orquideasamazonicas.com/,
SAN MARTIN,retail,n7873343388,Conselva de la villa,-6.507594,-76.347321,0.0,hardware,,,,
SAN MARTIN,retail,n7873344385,Ferro selva,-6.511313,-76.359967,0.0,hardware,,,,
SAN MARTIN,retail,n7932616277,Cobos,-6.03496,-76.976408,0.0,hardware,,,,
SAN MARTIN,retail,n8007024773,Rotermar,-6.04395,-76.971192,0.0,hardware,,,,
SAN MARTIN,retail,n9593555037,Marrufo,-6.03286,-76.974073,0.0,hardware,,,,+51942089354
SAN MARTIN,retail,n9598942170,Agroferreteria,-6.419854,-76.516453,0.0,farm,,,,
SAN MARTIN,retail,n9617127197,Santa Rosa,-6.477878,-76.386476,0.0,hardware,,,,
SAN MARTIN,retail,n9793182354,El Lobito,-6.479962,-76.384204,0.0,hardware,,,,
SAN MARTIN,retail,n12660057801,Gaia Veterinario,-6.038193,-76.969803,0.0,veterinary,,,,
SAN MARTIN,retail,n12677644001,Stihl Importaciones Tagle,-6.037819,-76.969671,0.0,hardware,,,,
SAN MARTIN,retail,n12677644201,La casa del Tornill (Screw shop),-6.037863,-76.969864,0.0,hardware,,,,
TACNA,landuse,w1149525033,Vivero Vargas,-17.966294,-70.187925,0.14,plant_nursery,,,,
TACNA,agroind,n10693102571,Bodega Santa Rita,-17.980036,-70.200963,0.0,alcohol,,,,
TACNA,agroind,n11813708065,Mecanico de motos torito,-17.981963,-70.238047,0.0,agricultural_engines,,,,
TACNA,agroind,n12179462855,Mayclen Industries,-18.067177,-70.245579,0.0,works,,,,
TACNA,agroind,n12179502059,MECANICO,-18.048797,-70.258239,0.0,agricultural_engines,,,,
TACNA,agroind,n13675156811,Mecanico de motores,-17.987375,-70.244986,0.0,agricultural_engines,,,,
TACNA,agroind,n13675213194,ELECTRICISTA AUTOMOTRIZ ANQUISE,-17.994023,-70.254953,0.0,agricultural_engines,,,,
TACNA,agroind,w172373089,Quimica Sol,-17.867207,-70.571942,0.0,industrial,,,,
TACNA,agroind,w385971517,Cemento Yura,-18.082635,-70.302849,0.0,industrial,,,,
TACNA,agroind,w431590957,PLETASA,-17.993053,-70.233889,0.0,works,,,,
TACNA,agroind,w655058145,Planta Lechera de Ite,-17.896209,-70.968331,0.0,works,,,,
TACNA,agroind,w949458314,Camal Municipal Tarata,-17.474417,-70.030129,0.0,industrial,,,,
TACNA,agroind,w974179366,Urbanización Parque Industrial,-17.994098,-70.236467,0.0,industrial,,,,
TACNA,agroind,w975130046,Urbanización Zona Auxiliar Parque Industrial,-17.990461,-70.234989,0.0,industrial,,,,
TACNA,agroind,w980737527,Vino Castillo,-18.033968,-70.273773,0.0,winery,,,,
TACNA,agroind,w982355550,Central Hidroeléctrica Aricota 2,-17.420988,-70.39832,0.0,industrial,,EGESUR S.A.,,
TACNA,agroind,w982355551,Central Hidroeléctrica Aricota 1,-17.398823,-70.355807,0.0,industrial,,EGESUR S.A.,,
TACNA,agroind,w983072528,Ladrillera Maxx S.A.C.,-18.08786,-70.298832,0.0,industrial,,,,
TACNA,agroind,w984099135,Desembarcadero Pesquero Artesanal de Morro Sama,-17.994695,-70.883708,0.0,industrial,,,,
TACNA,agroind,w989744348,Patio Constructor Heleo,-18.030479,-70.25051,0.0,industrial,,,,
TACNA,agroind,w989744350,Deposito Ladrillos Maxx,-18.029904,-70.250749,0.0,industrial,,,,
TACNA,agroind,w989744367,FONGAL Tacna,-18.02855,-70.251472,0.0,industrial,,,,
TACNA,agroind,w1007748280,Minsur,-17.805729,-69.805042,0.0,industrial,,,,
TACNA,agroind,w1037240420,Ladrillera Santa Rita,-17.980807,-70.194423,0.0,industrial,,,,
TACNA,agroind,w1037447022,Camal Municipal Mario Reynaldo Eyzaguirre Yañez,-17.980089,-70.209928,0.0,industrial,,,,
TACNA,agroind,w1101819952,Mina Toquepala,-17.259822,-70.613561,0.0,industrial,,,,
TACNA,agroind,w1115553956,Planta de Gas Natural Fenosa,-18.084404,-70.303344,0.0,industrial,,,,
TACNA,agroind,w1117232012,Unidad de Equipo Mecanico Municipal,-17.85748,-70.970849,0.0,industrial,,,,
TACNA,agroind,w1351096424,Coca Cola,-18.072074,-70.234727,0.0,industrial,,,,
TACNA,agroind,w1454286582,Centro de Mantenimiento de la RDNFO,-18.082577,-70.301668,0.0,industrial,,,,
TACNA,agroind,w1486543572,Nodo de Telecomunicaciones Boliviacom,-18.033843,-70.26355,0.0,industrial,,Boliviacom,,
TACNA,agroind,w1486745891,Nodo Regional de la RDNFO,-18.038079,-70.246678,0.0,industrial,,MTC,,
TACNA,agroind,w1486748086,Nodo de telecomunicaciones Boliviacom,-17.48019,-70.035206,0.0,industrial,,Boliviacom,,
TACNA,agroind,w1486748204,Nodo de Telecomunicaciones Boliviacom,-16.885631,-70.375176,0.0,industrial,,Boliviacom,,
TACNA,named,n3388383296,Hacienda Santa Rosa,-17.868204,-70.12776,0.0,hamlet,,,,
TACNA,named,n3393024127,Hacienda El Carmen,-18.182507,-70.463463,0.0,village,,,,
TACNA,named,n3397402802,Hacienda Soajani,-17.2508,-70.348022,0.0,hamlet,,,,
TACNA,named,n3497163841,Hacienda Santa Adela,-18.203643,-70.517825,0.0,village,,,,
TACNA,named,n8657587682,Fundo Izarza,-18.031888,-70.262764,0.0,neighbourhood,,,,
TACNA,named,n11902985408,Hacienda Tres Vilcas,-17.918144,-70.16554,0.0,neighbourhood,,,,
TACNA,named,n11983702925,Fundo Los Algarrobos,-18.079743,-70.234138,0.0,farm,,,,
TACNA,named,n12173464607,Fundo Chololo,-18.029385,-70.285935,0.0,locality,,,,
TACNA,named,n12219350361,Hacienda del Dragón,-18.113183,-70.389009,0.0,locality,,,,
TACNA,named,w1548009324,Fundo Los Olivos,-18.016672,-70.270104,0.0,recreation_ground,,,,
TACNA,retail,n6137748406,La Pradera,-18.224943,-70.531952,0.0,agrarian,,,,
TACNA,retail,n6137748407,El Olivar,-18.224312,-70.535638,0.0,agrarian,,,,
TACNA,retail,n9592314518,Veterinaria & Spa Bolognesi,-18.011191,-70.2452,0.0,veterinary,,,,
TACNA,retail,n9922942079,Aceros Junior,-18.040846,-70.251894,0.0,hardware,,,,
TACNA,retail,n9957534057,Animal Center,-18.016064,-70.252856,0.0,veterinary,,,,
TACNA,retail,n9957534058,Animal Spa,-18.015963,-70.25272,0.0,veterinary,,,,
TACNA,retail,n9957534059,City Can,-18.015872,-70.252598,0.0,veterinary,,,,
TACNA,retail,n9957534060,Linares,-18.015799,-70.2525,0.0,veterinary,,,,
TACNA,retail,n10035392247,Veterinaria Sebas,-17.994132,-70.249068,0.0,veterinary,,,,
TACNA,retail,n10065035217,Ferretería Dayum,-18.041037,-70.251907,0.0,hardware,,,,
TACNA,retail,n10107450076,Ferretería Rancés,-18.035066,-70.250933,0.0,hardware,,,,
TACNA,retail,n10107450087,Comercial Yolanda,-18.034224,-70.250885,0.0,hardware,,,,
TACNA,retail,n10684203916,Grupo Santa Fe,-17.996491,-70.254736,0.0,hardware,,,,
TACNA,retail,n10684203921,Ferretería Tuesta,-17.997253,-70.256785,0.0,hardware,,,,
TACNA,retail,n10687272069,Ferretería Wilson,-18.020834,-70.260476,0.0,hardware,,,,
TACNA,retail,n10693866139,Ferretería Bartartino,-17.964418,-70.187123,0.0,hardware,,,,
TACNA,retail,n10738267406,Animal Planet,-18.038001,-70.251269,0.0,veterinary,,,,
TACNA,retail,n11145323012,Estética Canina,-18.00776,-70.245618,0.0,veterinary,,,,
TACNA,retail,n11468193543,Grupo Titanes,-18.012861,-70.259709,0.0,hardware,,,,
TACNA,retail,n11468193550,Las Gardenias,-18.015331,-70.261213,0.0,garden_centre,,,,
TACNA,retail,n11468193557,Venko,-18.016348,-70.261451,0.0,hardware,,,,
TACNA,retail,n11468193562,Kame House,-18.020532,-70.260745,0.0,doityourself,,,,
TACNA,retail,n11468193563,Drywall Are-llanos,-18.020888,-70.260973,0.0,hardware,,,,
TACNA,retail,n11468193564,Practicasa,-18.020599,-70.26135,0.0,doityourself,,,,
TACNA,retail,n11794272967,ferreteria yura,-18.054719,-70.251389,0.0,hardware,,,,
TACNA,retail,n11794289469,ferreteria diamante,-18.054887,-70.251397,0.0,hardware,,,,
TACNA,retail,n11794289470,ferreterua gomez,-18.0557,-70.251419,0.0,hardware,,,,
TACNA,retail,n11802499496,Ferreteria Flores,-18.071544,-70.251307,0.0,hardware,,,,
TACNA,retail,n11802501719,FERRETEIA,-18.076362,-70.254741,0.0,hardware,,,,
TACNA,retail,n11802534937,Maderas y palos Flores,-18.071244,-70.251336,0.0,trade,,,,
TACNA,retail,n11802541299,freco sur tu socio ferretero,-18.055397,-70.257056,0.0,hardware,,,,
TACNA,retail,n11802570553,tienda de acero guzman,-18.057327,-70.256904,0.0,hardware,,,,
TACNA,retail,n11802589159,aceros liz EIRL,-18.060907,-70.256627,0.0,hardware,,,,
TACNA,retail,n11802606334,ferreteria,-18.061384,-70.256568,0.0,hardware,,,,
TACNA,retail,n11803544080,el porton,-18.05657,-70.252678,0.0,hardware,,,,
TACNA,retail,n11805898733,Ferreteria Pacco,-18.068964,-70.251559,0.0,hardware,,,,
TACNA,retail,n11808213526,Ferreteria Rossel,-18.071545,-70.251594,0.0,hardware,,,,
TACNA,retail,n11811758644,Comercial Rosa,-17.475199,-70.031238,0.0,hardware,,,,
TACNA,retail,n11811758646,ferreteria tarata,-17.474908,-70.032278,0.0,hardware,,,,
TACNA,retail,n11811758652,Ferreteria Viscacho,-17.476333,-70.032535,0.0,hardware,,,,
TACNA,retail,n11811758653,VIKI,-17.475452,-70.032162,0.0,hardware,,,,
TACNA,retail,n11812752735,ferreteria flores,-18.075654,-70.254833,0.0,hardware,,,,
TACNA,retail,n11812810268,ferreteria,-18.072401,-70.255154,0.0,hardware,,,,
TACNA,retail,n11812899888,peluditos,-18.072621,-70.251209,0.0,veterinary,,,,
TACNA,retail,n11813708057,Ajrota,-17.983108,-70.237985,0.0,hardware,,PRIVADO,,
TACNA,retail,n11815799256,Ferreteria Iron Mano,-18.044717,-70.248681,0.0,hardware,,,,
TACNA,retail,n11815801192,San Francisco,-17.996969,-70.220648,0.0,veterinary,,,,
TACNA,retail,n11815801194,Ferreplaza,-17.995845,-70.21984,0.0,hardware,,,,
TACNA,retail,n11815824074,Veterinaria El Amigo,-18.044492,-70.248929,0.0,veterinary,,,,
TACNA,retail,n11991812448,Guardería canina Pet Camp,-17.982376,-70.199699,0.0,pet,,,,
TACNA,retail,n12176229760,YOLA,-17.985137,-70.240565,0.0,hardware,,,,
TACNA,retail,n12176672750,YURA,-17.973917,-70.230406,0.0,hardware,,,,
TACNA,retail,n12176672752,tu casa,-17.973496,-70.228846,0.0,hardware,,,,
TACNA,retail,n12176672753,ARON,-17.973781,-70.228814,0.0,hardware,,,,
TACNA,retail,n12179294992,Constructor Gomesur,-18.0566,-70.251515,0.0,hardware,,,,
TACNA,retail,n12179479684,Ferreteria Cutipa,-18.069984,-70.243779,0.0,hardware,,,,
TACNA,retail,n12179506549,lorsac,-18.045494,-70.257699,0.0,hardware,,,,
TACNA,retail,n12179514434,andrea,-18.045443,-70.257655,0.0,hardware,,,,
TACNA,retail,n12179530604,FERRETE,-18.048771,-70.258689,0.0,hardware,,,,
TACNA,retail,n12179531006,Josconstruye,-18.065174,-70.244205,0.0,hardware,,,,
TACNA,retail,n12179548943,FERRETERIA,-18.049371,-70.256644,0.0,hardware,,,,
TACNA,retail,n12202921355,Ferreteria Lucho,-18.055899,-70.267761,0.0,hardware,,,,
TACNA,retail,n12219889867,Álex,-17.98233,-70.236318,0.0,veterinary,,,,
TACNA,retail,n12219907772,Solucion,-17.982134,-70.236024,0.0,hardware,,,,
TACNA,retail,w989744353,Centro Constructor Tommy,-18.032373,-70.250874,0.0,hardware,,,,
TACNA,retail,w989744354,Ladrillos del Sur,-18.032128,-70.250855,0.0,hardware,,,,
TACNA,retail,w1148702217,Ferretería Angelo,-18.021041,-70.260828,0.0,hardware,,,,
TACNA,retail,w1148990083,Ferretería Rojas,-18.008375,-70.230568,0.0,hardware,,,,
TACNA,retail,w1149525014,Ferretería Ramírez,-17.969461,-70.190283,0.0,hardware,,,,
TACNA,retail,w1267006763,Ferreteria Vilca,-17.985112,-70.195349,0.0,hardware,,,,
TACNA,retail,w1318283021,POSTA VETERINARIA,-17.795701,-70.495339,0.0,yes,,,,
TACNA,retail,w1318593631,21,-18.050613,-70.246892,0.0,hardware,,,,
TUMBES,agroind,n4860139746,Complex de Perú S.A.C.,-3.488885,-80.26013,0.0,works,,,,
TUMBES,agroind,w1546994427,Ministerio de Transportes y Comunicaciones,-3.556209,-80.451374,0.0,industrial,,,,
TUMBES,named,n2686491033,Hacienda Papayal,-4.04256,-80.959507,0.0,hamlet,,,,
TUMBES,named,n10179267600,Chacra Gonzales,-3.46175,-80.242571,0.0,isolated_dwelling,,,,
TUMBES,named,n10181399389,Hacienda Carrizal,-4.002732,-80.755193,0.0,hamlet,,,,
TUMBES,named,n10181482063,Hacienda San Miguel,-4.184512,-80.881509,0.0,isolated_dwelling,,,,
TUMBES,retail,n9818614018,Ferreteria Andysu,-3.681431,-80.6778,0.0,hardware,,,,
TUMBES,retail,n11541066846,Promart,-3.557912,-80.453464,0.0,doityourself,,,,
TUMBES,retail,n13976529259,Socola,-3.682763,-80.199848,0.0,hardware,,,,
TUMBES,retail,w461523338,Placacentro Masisa,-3.553391,-80.423381,0.0,doityourself,,,,+51 72 508599
UCAYALI,agroind,w126947530,Compañía MAPLE,-8.392513,-74.532278,0.0,industrial,,,,
UCAYALI,agroind,w261966234,Central Térmica de Aguaytía,-9.028766,-75.492739,0.0,industrial,,Energy del Perú S.R.L,,
UCAYALI,agroind,w276664792,Cervecería San Juan (Backus),-8.403033,-74.644777,0.0,industrial,,,,
UCAYALI,agroind,w276906541,Electro Ucayali,-8.351764,-74.580533,0.0,industrial,,,,
UCAYALI,agroind,w279024059,Aguatía Energy,-9.029904,-75.492481,0.0,industrial,,,,
UCAYALI,agroind,w280175514,Orivisa S.A.,-8.386727,-74.560929,0.0,industrial,,,,
UCAYALI,agroind,w285271271,Ladrillería Flaceví,-8.40074,-74.546535,0.0,industrial,,,,
UCAYALI,agroind,w288589763,Galpesa,-8.391931,-74.572433,0.0,industrial,,,,
UCAYALI,agroind,w292129436,Embotelladora Pucallpa,-8.386462,-74.560094,0.0,industrial,,,,
UCAYALI,agroind,w292129785,Embotelladora La Loretana,-8.38662,-74.564266,0.0,industrial,,,,
UCAYALI,agroind,w302792150,Aspash,-9.058845,-75.645064,0.0,industrial,,,,
UCAYALI,agroind,w428693409,zona deforestada,-10.568322,-73.117199,0.0,industrial,,,,
UCAYALI,agroind,w1547532499,Depósito Municipal Vehicular,-8.406793,-74.577751,0.0,industrial,,,,
UCAYALI,agroind,w1547532500,Ransa Comercial S.A. Sede Pucallpa,-8.406752,-74.579912,0.0,industrial,,,,
UCAYALI,agroind,w1547532501,Distribuidora Jelkon & Billi,-8.405026,-74.580349,0.0,industrial,,,,
UCAYALI,agroind,w1547532506,Planta Coca Cola,-8.405984,-74.585281,0.0,industrial,,,,
UCAYALI,agroind,w1547553694,Triplay Amazónico S.A.C.,-8.39049,-74.565778,0.0,industrial,,,,
UCAYALI,agroind,w1547559102,Industrias Gina Sac.,-8.405594,-74.611772,0.0,industrial,,,,
UCAYALI,agroind,w1547563240,TransBer - Soluciones Logísticas Integradas,-8.401457,-74.600493,0.0,industrial,,,,
UCAYALI,agroind,w1547563245,Industrial Ucayali S.A.C.,-8.390506,-74.561688,0.0,industrial,,,,
UCAYALI,agroind,w1547955930,Aguaytía Energy del Perú S.R.L.,-8.416479,-74.54943,0.0,industrial,,,,
UCAYALI,agroind,w1547955937,Industrial Forestal Cabrera,-8.417947,-74.545846,0.0,industrial,,,,
UCAYALI,agroind,w1547955938,Servicios Forestales J+C,-8.41708,-74.543014,0.0,industrial,,,,
UCAYALI,agroind,w1547955939,Aserradero Mario Pezo,-8.418911,-74.543855,0.0,industrial,,,,
UCAYALI,agroind,w1548008795,Aserraderos y Depósitos de Madera,-8.402082,-74.534534,0.0,industrial,,,,
UCAYALI,agroind,w1548028622,Selva Oriente S.A.C.,-8.395961,-74.608933,0.0,industrial,,,,
UCAYALI,agroind,w1548028627,Infraestructuras y Energías del Perú,-8.396705,-74.61602,0.0,industrial,,,,
UCAYALI,agroind,w1549182421,Petróleos de la Selva,-8.390698,-74.529494,0.0,industrial,,,,
UCAYALI,agroind,r2365900,La Parquetera,-8.369689,-74.547691,0.0,industrial,,,,
UCAYALI,named,n8546865423,Fundo porvenir,-8.793714,-74.208165,0.0,farm,,,,
UCAYALI,named,n9368383234,Fundo San Juan,-9.750054,-70.732112,0.0,hamlet,,,,
UCAYALI,named,w323037965,El Fundo Vencedor - terrenos privados,-8.417699,-74.591246,0.0,residential,,,,
UCAYALI,retail,n2497983338,Distribuidor Ferretero,-8.395032,-74.592923,0.0,hardware,,,,
UCAYALI,retail,n2795704925,Sodimac,-8.387023,-74.567369,0.0,doityourself,,,,
UCAYALI,retail,n2819907969,Vargas,-8.382438,-74.541151,0.0,hardware,,Mayólica y Sanitarios Vargas S.A.,,
UCAYALI,retail,n2819907970,Caimán,-8.382862,-74.542482,0.0,hardware,,,,
UCAYALI,retail,n2835095554,Pucallpa,-8.382123,-74.53485,0.0,hardware,,,,
UCAYALI,retail,n2836584254,Clínica Dra Alfaro,-8.382402,-74.536363,0.0,veterinary,,,,
UCAYALI,retail,n2845374848,Comisesa,-8.3848,-74.529928,0.0,doityourself,,,,
UCAYALI,retail,n2888372570,Ferrocel,-8.380726,-74.544665,0.0,hardware,,,,
UCAYALI,retail,n2903239605,El Peregrino,-8.382343,-74.53796,0.0,hardware,,,,
UCAYALI,retail,n3739683955,Ferremal,-8.385897,-74.532688,0.0,hardware,,,,
UCAYALI,retail,n3739683957,Ferretería Yancán,-8.386142,-74.53283,0.0,hardware,,,,
UCAYALI,retail,n3739683958,Yumelsa,-8.385981,-74.532579,0.0,hardware,,,,
UCAYALI,retail,n3739683960,El Rey,-8.38629,-74.532648,0.0,hardware,,,,
UCAYALI,retail,n3746417949,"""Inga"" Parts",-8.383938,-74.542775,0.0,hardware,,,,
UCAYALI,retail,n7766262685,Asociación de Productores Agropecuarios Grano de Oro,-10.724928,-73.754738,0.0,agrarian,,,,+51 955871679
UCAYALI,retail,n8587030834,Miguel Angel's,-8.353551,-74.576698,0.0,hardware,,,,
UCAYALI,retail,n8587030835,Commercial El Baratillo,-8.352598,-74.576271,0.0,hardware,,,,+51 61 506039
UCAYALI,retail,n8638534220,Ferreteria Maestrito,-8.385004,-74.559539,0.0,hardware,,,,+51 961965225
UCAYALI,retail,n8734391817,Veterinaria D' Yarina,-8.353869,-74.576054,0.0,veterinary,,,,+51 61 608194
UCAYALI,retail,n9966305617,Besuto Calaminas,-8.383232,-74.545554,0.0,hardware,,,,+51 993 238 798
UCAYALI,retail,n10005265817,Ferreteria MJL,-8.36332,-74.578429,0.0,hardware,,,,
UCAYALI,retail,n10005265818,Miferreteria,-8.363134,-74.578635,0.0,hardware,,,,
UCAYALI,retail,n10032105717,D'Pecos,-8.400192,-74.580665,0.0,veterinary,,,,+51 961953755
UCAYALI,retail,n10039571717,Oh My Pet,-8.362849,-74.571139,0.0,veterinary,,,https://oh-my-pet-centro-veterinario.negocio.site/,+51 914 680 396
UCAYALI,retail,n10131455842,Grupo Cafrapi,-8.359374,-74.591193,0.0,hardware,,,,
UCAYALI,retail,n10131462187,Jaimito,-8.362518,-74.59024,0.0,hardware,,,,
UCAYALI,retail,n10677395355,Mi Dogtora,-8.359689,-74.571072,0.0,veterinary,,,,
UCAYALI,retail,n11597320556,Clínica Veterinaria Safari Blue,-8.38152,-74.556722,0.0,veterinary,,,,
UCAYALI,retail,n13058401257,El Duro,-8.369774,-74.589191,0.0,hardware,,,,+51923509765
UCAYALI,retail,n13788070975,Uywa wai,-8.355258,-74.578015,0.0,veterinary,,,,
UCAYALI,retail,w276422160,Ferreteria Industrial/ Soluciones Logísticas integrales,-8.382969,-74.537714,0.0,doityourself,,,,
UCAYALI,retail,w307668704,Promart,-8.384874,-74.556858,0.0,doityourself,,,,
UCAYALI,retail,w1247504279,Clínica Veterinaria Safari Blue,-8.381513,-74.556709,0.0,yes,,,,
