h3,dep,prov,centro_lat,centro_lon,sam_usd,clientes,cluster,horas_al_territorio
868e4581fffffff,ICA,ICA,-13.875541173526411,-75.7908120549539,1846853.1000618795,251.0557179279325,1,0.0
86b330107ffffff,AREQUIPA,AREQUIPA,-16.63610085236615,-72.04644407198954,1260531.1850285537,243.1577055441658,32,0.0
868f51667ffffff,LA LIBERTAD,OTUZCO,-7.962250804472213,-78.42354775059133,1047646.0702162446,273.1554125836235,0,0.0
868e45897ffffff,ICA,ICA,-13.895926600895352,-75.98292621226766,998318.5337644944,135.7084525058374,1,0.0
868f53857ffffff,LA LIBERTAD,ASCOPE,-7.699709325926152,-79.21685376078293,889468.1462567515,231.91328195466207,2,0.0
86b330d0fffffff,AREQUIPA,CAYLLOMA,-16.342526708694475,-72.27212609832195,856593.8085109731,165.23778827109982,15,0.0
868e636c7ffffff,ICA,PISCO,-13.628267410837893,-76.04237189239949,801519.8116511044,108.95621949617278,1,0.0
868f4aa1fffffff,HUANUCO,PUERTO INCA,-9.57870101694129,-75.10592702659503,800589.6930784951,269.0046584340797,3,0.0
868f56a47ffffff,LAMBAYEQUE,LAMBAYEQUE,-6.198577318066968,-79.73440657869644,766004.6911852624,172.05356897490924,4,0.0
868e63617ffffff,ICA,CHINCHA,-13.468891279495091,-76.09080286123388,736431.4329302165,100.10829886404989,1,0.0
868f50517ffffff,LAMBAYEQUE,CHICLAYO,-6.704284423088323,-79.85002500915118,734690.717339929,165.0200859938324,4,0.0
868e6598fffffff,JUNIN,SATIPO,-10.951788584112148,-74.58280913110674,725845.9347082854,248.25196394282136,5,0.0
868e45127ffffff,ICA,ICA,-13.997479431260103,-75.90786389141236,705986.7755772854,95.96974268513452,1,0.0
868f50577ffffff,LAMBAYEQUE,CHICLAYO,-6.745856360360348,-79.6862405012802,700179.9933812455,157.26857573113173,4,0.0
868e653a7ffffff,JUNIN,SATIPO,-11.602388222470651,-74.51505221779517,695642.9020118603,237.92200020619148,5,0.0
868e65327ffffff,JUNIN,SATIPO,-11.531299559305811,-74.36302749213323,688953.9929734467,235.63427670176983,5,0.0
868e65c07ffffff,JUNIN,CHANCHAMAYO,-11.042391456673196,-74.92413801646296,685297.1476825689,234.3835718594808,5,0.0
868f513b7ffffff,LA LIBERTAD,OTUZCO,-7.73220498407443,-78.31665337870147,677558.860775936,176.66163738555198,0,0.0
86b33080fffffff,AREQUIPA,AREQUIPA,-16.44836737171471,-71.84414435051355,665910.0307458446,128.45469996947088,55,0.0
868e65d2fffffff,JUNIN,CHANCHAMAYO,-10.86966050277431,-74.84624199535659,663620.0155203446,226.96961474462407,5,0.0
868f5478fffffff,LAMBAYEQUE,LAMBAYEQUE,-6.016213886751315,-79.52681491404108,659933.739521896,148.22879869836083,4,0.0
868e6434fffffff,JUNIN,CHANCHAMAYO,-11.06863175444613,-75.17692851707997,657091.7999711524,224.7368512150188,5,0.0
868e45b9fffffff,ICA,ICA,-14.135915013482444,-75.66715200123777,624745.3689458471,84.92602747754847,6,0.0
868e63787ffffff,ICA,CHINCHA,-13.367028468385268,-76.16574628141886,624053.936305931,84.83203618078147,1,0.0
868f0dc9fffffff,TUMBES,TUMBES,-3.5696847169700576,-80.50417828840153,623514.0272270537,92.0425539190211,7,0.0
868f4b6dfffffff,JUNIN,CHANCHAMAYO,-10.863086910557644,-74.78316483714379,617677.838815104,211.25658936346272,5,0.0
868f5056fffffff,LAMBAYEQUE,CHICLAYO,-6.792667189620269,-79.58604581523521,614835.706121576,138.09925551205404,4,0.0
868f4611fffffff,SAN MARTIN,MOYOBAMBA,-5.766549854293461,-77.22700849794845,612672.4275323768,133.43331989481962,8,0.0
868e658e7ffffff,JUNIN,SATIPO,-11.104486562818687,-74.47136810704643,612378.1355769688,209.4439984619101,5,0.0
868e458efffffff,ICA,ICA,-13.976997945161548,-75.71576131090183,602099.7632635058,81.84765118855039,6,0.0
868e45d5fffffff,ICA,PISCO,-13.851868815978309,-76.08453254800966,595690.4509978577,80.97638834029102,1,0.0
868f538d7ffffff,LA LIBERTAD,ASCOPE,-7.768087266481169,-79.37120125560342,590597.590381897,153.98800516510497,2,0.0
868f5ed8fffffff,LA LIBERTAD,TRUJILLO,-8.277795563282412,-78.87585553638553,589014.3354847718,153.575199106891,12,0.0
868e6512fffffff,JUNIN,SATIPO,-11.226281695898004,-74.58613634520655,586476.6208915308,200.5852288769595,5,0.0
868e636cfffffff,ICA,PISCO,-13.679124914712434,-76.00487393156523,584814.0499226524,79.49788272426974,1,0.0
868e6588fffffff,JUNIN,SATIPO,-11.117821284472749,-74.59741375623756,584332.1306507981,199.85177582795663,5,0.0
868e45ab7ffffff,ICA,ICA,-14.193455782120292,-75.69362706503681,580620.3637924363,78.9278055036448,6,0.0
868f56247ffffff,LAMBAYEQUE,LAMBAYEQUE,-6.600016945111664,-79.92320427570407,578128.3062806679,129.85434627965122,4,0.0
868f43c07ffffff,SAN MARTIN,MARISCAL CACERES,-7.361053065945274,-76.62958268660424,567769.38776811,123.65393143229802,8,0.0
868f402d7ffffff,SAN MARTIN,PICOTA,-7.091468871467745,-76.08495672768929,567084.0499160207,123.50467238171174,8,0.0
868f50c97ffffff,LAMBAYEQUE,LAMBAYEQUE,-6.537393505257864,-79.83262989362957,566100.7243728171,127.15281139716666,4,0.0
868b61aafffffff,CUSCO,URUBAMBA,-13.349638752227367,-72.1324109632056,561368.8137887279,265.2329757707507,9,0.0
868e65aa7ffffff,JUNIN,SATIPO,-11.36539773068716,-74.34854374537073,555108.0123877096,189.85661789375297,5,0.0
86b330857ffffff,AREQUIPA,AREQUIPA,-16.497185495050648,-71.80656757948333,551454.1204040181,106.37604227719264,14,0.0
868f50627ffffff,LA LIBERTAD,CHEPEN,-7.173374652324637,-79.52030717299736,546503.2824451209,142.49118460759232,4,0.0
868f51747ffffff,LA LIBERTAD,OTUZCO,-7.852779431376063,-78.43361410011937,542072.4874777957,141.3359322167507,0,0.0
868f5b29fffffff,LIMA,HUAURA,-11.0324417083314,-77.58965059829868,539550.0291298967,110.47909006411318,10,0.0
868e65167ffffff,JUNIN,SATIPO,-11.27046284642129,-74.48591331664723,536044.7572722471,183.3366522987696,5,0.0
868e65c5fffffff,JUNIN,SATIPO,-11.195319978090527,-74.812620337486,533883.626030496,182.59750773730207,5,0.0
868f56347ffffff,LAMBAYEQUE,LAMBAYEQUE,-6.433151780621695,-79.90577461916982,530253.1117018613,119.10102036998032,4,0.0
868f46aafffffff,SAN MARTIN,MOYOBAMBA,-5.899606618812999,-76.86592921253437,526049.7057097064,114.56784328494956,8,0.0
868f726f7ffffff,PIURA,HUANCABAMBA,-5.012868613657514,-79.36080160041715,524939.5927991866,134.26616502575453,17,0.0
86b330207ffffff,AREQUIPA,ISLAY,-17.139883608815094,-71.79622625300699,524072.2073872198,101.09404432136756,11,0.0
868f53b87ffffff,LA LIBERTAD,ASCOPE,-7.861384521146201,-79.17026376042476,516026.31666977424,134.54484815167126,2,0.0
868e64a57ffffff,JUNIN,CHANCHAMAYO,-10.787188379954411,-75.10991226497278,512243.6394675649,175.19625506499366,5,0.0
868f5e1afffffff,LA LIBERTAD,VIRU,-8.584229922870906,-78.59099914509358,510603.7347826784,133.13100464598006,12,0.0
868e658dfffffff,JUNIN,SATIPO,-11.219599234022237,-74.52308420775611,510288.52616363554,174.52757222994236,5,0.0
868f53bb7ffffff,LA LIBERTAD,ASCOPE,-7.809308530086915,-79.20702966075049,503776.8238362991,131.35100686882524,2,0.0
868f53b9fffffff,LA LIBERTAD,ASCOPE,-7.918920050609073,-79.19719927949748,500819.6492056235,130.57997523964414,2,0.0
868e65d1fffffff,JUNIN,CHANCHAMAYO,-10.933801122762675,-74.93531599257435,490629.8617686599,167.80396628110296,5,0.0
868f4aa37ffffff,HUANUCO,PUERTO INCA,-9.469986361016511,-75.11700447687629,488758.7776483059,164.2269306920116,3,0.0
868e636a7ffffff,ICA,CHINCHA,-13.475574725349402,-76.15483293170176,487891.6585999285,66.32254109260278,1,0.0
868f5cd8fffffff,LA LIBERTAD,SANCHEZ CARRION,-7.796741125777339,-77.7989536643981,486170.636647692,126.76050110332774,0,0.0
868f538afffffff,LA LIBERTAD,ASCOPE,-7.658465377719295,-79.38097381745719,481336.85803481657,125.50017776620555,2,0.0
868e65a97ffffff,JUNIN,SATIPO,-11.4296963715262,-74.43741318919413,478853.874075425,163.77637318948229,5,0.0
868f5c337ffffff,LA LIBERTAD,PATAZ,-8.349192361609074,-77.2034592967519,478023.56086558313,124.63629340582486,0,0.0
86b330c77ffffff,AREQUIPA,CAYLLOMA,-16.497611331154598,-72.2224171130986,476519.8151576696,91.92114108422018,15,0.0
868e636afffffff,ICA,CHINCHA,-13.526492181362268,-76.11735142336568,475654.39296363154,64.65904359532352,1,0.0
868f538dfffffff,LA LIBERTAD,ASCOPE,-7.820188420583094,-79.33444947953352,474986.3786575447,123.84440119841445,2,0.0
868f5e817ffffff,LA LIBERTAD,JULCAN,-8.29072556424822,-78.39331037789262,474828.4827497695,123.80323259857929,0,0.0
868f5635fffffff,LAMBAYEQUE,LAMBAYEQUE,-6.490511683307218,-79.93277240322622,474509.6170321311,106.580382682735,4,0.0
868f50d9fffffff,LAMBAYEQUE,LAMBAYEQUE,-6.422671735024293,-79.77868549597493,474504.82280310703,106.5793058430974,4,0.0
868f50507ffffff,LAMBAYEQUE,CHICLAYO,-6.699017663244657,-79.78643171384579,474396.4727344978,106.55496915662876,4,0.0
868f51627ffffff,LA LIBERTAD,OTUZCO,-7.863887656532977,-78.56073338093923,472306.40164590784,123.14564400632456,0,0.0
868f5ecafffffff,LA LIBERTAD,VIRU,-8.387397795491697,-78.86591000540726,472162.40487253485,123.10809936299546,12,0.0
868e63417ffffff,LIMA,CAÑETE,-13.112032679952575,-76.3530071396106,471874.5808852619,96.6217616643621,13,0.0
86b335487ffffff,AREQUIPA,AREQUIPA,-16.41522971780886,-71.59258650574043,468864.8024375861,90.44448160047664,14,0.0
868f5130fffffff,LA LIBERTAD,SANCHEZ CARRION,-7.767366578534296,-78.08943576131773,468683.8844883551,122.20113593542774,0,0.0
868f4622fffffff,SAN MARTIN,MOYOBAMBA,-6.231518858309408,-76.89734868950067,465619.58996004,101.4068283546994,8,0.0
868f56277ffffff,LAMBAYEQUE,LAMBAYEQUE,-6.54788067047261,-79.95978128809334,464352.77707726,104.29903821598177,4,0.0
868f51377ffffff,LA LIBERTAD,SANCHEZ CARRION,-7.761761538244687,-78.0259944882434,457882.9663518878,119.38498520120156,0,0.0
868e636d7ffffff,ICA,PISCO,-13.634983383926818,-76.10641866038978,455530.5237078673,61.92346465657389,1,0.0
868f5462fffffff,LAMBAYEQUE,FERREÑAFE,-6.057748063439617,-79.36346520178834,450702.566239875,101.23304199055649,4,0.0
868f546c7ffffff,LAMBAYEQUE,FERREÑAFE,-6.229642680419456,-79.44400736944114,446082.3558446574,100.19528896233136,4,0.0
86b330d57ffffff,AREQUIPA,CAYLLOMA,-16.39152729850855,-72.23451778017369,443505.2254275366,85.55259424967338,15,0.0
868f48d9fffffff,UCAYALI,CORONEL PORTILLO,-8.67809707516227,-74.88068330585062,439784.8188609004,89.49754261418133,19,0.0
868f5120fffffff,LA LIBERTAD,SANCHEZ CARRION,-7.934265628066855,-78.10592389835654,437920.864426485,114.1802158210766,0,0.0
868f5475fffffff,LAMBAYEQUE,FERREÑAFE,-6.052484949866967,-79.30008318674471,437610.2564241326,98.2923568278609,4,0.0
868e648f7ffffff,PASCO,OXAPAMPA,-10.442038161041458,-75.49621982733544,432515.5705409889,167.56146508512512,16,0.0
868f42b1fffffff,SAN MARTIN,HUALLAGA,-6.890562676229523,-76.89740827513366,431832.4441853867,94.04835941128678,8,0.0
868f09a47ffffff,PIURA,AYABACA,-5.033453662895807,-79.61365181898829,428384.2231850461,109.56976306147314,17,0.0
86b3344d7ffffff,AREQUIPA,CASTILLA,-15.884332383372264,-72.48417381247795,426895.4002529029,82.34854263482802,25,0.0
868f5075fffffff,LA LIBERTAD,CHEPEN,-7.220121331539716,-79.42000158887696,426241.7623263369,111.13509395839093,4,0.0
868e65c77ffffff,JUNIN,CHANCHAMAYO,-11.086781156250511,-74.82383441332618,425716.2729130503,145.60238720019447,5,0.0
868e65bafffffff,JUNIN,SATIPO,-11.250302485038157,-74.29691710269857,419830.0186230853,143.5891856130864,5,0.0
868f56267ffffff,LAMBAYEQUE,LAMBAYEQUE,-6.542640658184856,-79.89619980114402,417693.0812542945,93.81872747375516,4,0.0
868e45d67ffffff,ICA,PISCO,-13.736709661990163,-76.03141401817895,411810.3680633736,55.98027672090019,1,0.0
868f43c2fffffff,SAN MARTIN,BELLAVISTA,-7.355307575117925,-76.56660476366783,409196.5905197783,89.11851930828028,8,0.0
868e65077ffffff,JUNIN,SATIPO,-11.443154460543353,-74.56356087331308,408554.3914749792,139.732724551099,5,0.0
868e65137ffffff,JUNIN,SATIPO,-11.1820412547553,-74.68638717434622,407417.3359125375,139.3438317255138,5,0.0
86b3362e7ffffff,AREQUIPA,CAMANA,-16.61952080860712,-72.75419234882187,403424.56423546886,77.82099527940633,34,0.0
868f50c9fffffff,LAMBAYEQUE,FERREÑAFE,-6.58951201848474,-79.79604499770781,400665.3222806372,89.99409462649535,4,0.0
868f5134fffffff,LA LIBERTAD,SANCHEZ CARRION,-7.865509667901251,-77.95236517066206,400308.7771614366,104.3735210726346,0,0.0
868f724e7ffffff,PIURA,AYABACA,-4.644303205837377,-79.55254603449443,397540.4442743494,101.68071074755152,17,0.0
868f56a4fffffff,LAMBAYEQUE,LAMBAYEQUE,-6.25065979025629,-79.69785251738018,396338.9720375741,89.02234600860804,4,0.0
868f54d17ffffff,PIURA,HUANCABAMBA,-5.137378984742362,-79.54077749527443,394986.5246786336,101.02748322460477,17,0.0
868e61ca7ffffff,JUNIN,HUANCAYO,-12.21874026385606,-75.1550412146312,393831.5360720524,134.6972513275813,18,0.0
868f50527ffffff,LAMBAYEQUE,FERREÑAFE,-6.641628765494901,-79.75945178231915,392973.1516585764,88.26634357755377,4,0.0
868f5cda7ffffff,LA LIBERTAD,SANCHEZ CARRION,-7.687422102609166,-77.80920122170545,392398.1167515565,102.31095455374935,0,0.0
868f50d87ffffff,LAMBAYEQUE,LAMBAYEQUE,-6.365324841333535,-79.75173001571079,391779.6600249248,87.99827146588862,4,0.0
868e64b97ffffff,PASCO,OXAPAMPA,-10.595616214809954,-75.38485031137304,389454.09004089975,150.87895640155466,16,0.0
868f5b087ffffff,LIMA,BARRANCA,-10.612984461029752,-77.822998590953,386293.6126104061,79.09807156826625,10,0.0
868f0d1b7ffffff,TUMBES,ZARUMILLA,-3.6585405532750648,-80.24247788384594,384993.7267033421,56.83241162379372,7,0.0
868e65d6fffffff,JUNIN,CHANCHAMAYO,-10.965029601972429,-74.7088770358374,384835.85802438256,131.62057260618175,5,0.0
868e65d57ffffff,JUNIN,CHANCHAMAYO,-10.978227734815304,-74.8350416308054,384356.47466201487,131.4566151387653,5,0.0
868f507afffffff,LA LIBERTAD,CHEPEN,-7.126597759761675,-79.62061029306896,379999.242643825,99.07816471302505,4,0.0
868f50197ffffff,LAMBAYEQUE,CHICLAYO,-6.73526803827697,-79.55910659907163,379452.2132376313,85.22938344142983,4,0.0
868f406b7ffffff,SAN MARTIN,BELLAVISTA,-6.976857866766124,-76.63510471270443,379327.58936064417,82.61337919179469,8,0.0
868f0d537ffffff,TUMBES,TUMBES,-3.6264851967414766,-80.53108095672904,378903.79020779225,55.9334209294738,7,0.0
868e650e7ffffff,JUNIN,SATIPO,-11.50744145999875,-74.65260082528293,378260.4104845672,129.37165491234884,5,0.0
868b61c57ffffff,CUSCO,QUISPICANCHI,-13.609325401875225,-71.59721976720611,377254.943189522,178.2436942498918,9,0.0
868e63687ffffff,ICA,CHINCHA,-13.5331768317135,-76.18140126553588,375857.8338860786,51.09299614676743,1,0.0
868f51707ffffff,LA LIBERTAD,OTUZCO,-7.754401140230146,-78.57075542240104,374516.6943621707,97.64868601744249,0,0.0
868f09567ffffff,PIURA,PIURA,-4.881450784683916,-80.45543285384528,374031.6696575442,95.66776553337576,17,0.0
868e6648fffffff,LIMA,HUARAL,-11.387384286515092,-77.26520854151788,373845.3946682368,76.54915540308977,24,0.0
868f53b97ffffff,LA LIBERTAD,ASCOPE,-7.866838931557187,-79.23397008996267,373824.2339195573,97.46813905289282,2,0.0
868f5cd1fffffff,LA LIBERTAD,SANCHEZ CARRION,-7.733615092607502,-77.70903346108196,370562.7062706908,96.6177526906406,0,0.0
868f5cc0fffffff,LA LIBERTAD,SANCHEZ CARRION,-7.894736188007571,-77.66192603784026,370330.49746199016,96.55720829998292,0,0.0
868f42aefffffff,SAN MARTIN,MARISCAL CACERES,-7.160205425521954,-76.83966693514813,370121.0844439239,80.60830362373994,8,0.0
868f48cafffffff,HUANUCO,PUERTO INCA,-8.780497439322039,-74.80688583633983,369949.3198971086,124.30598507228645,19,0.0
868f5072fffffff,LA LIBERTAD,CHEPEN,-7.058481142511131,-79.46640980962634,365866.3335760122,95.39325554648909,4,0.0
868f51047ffffff,CAJAMARCA,CAJABAMBA,-7.617228661377711,-78.26327637125613,364033.3299346732,198.69861341942985,0,0.0
86b330c67ffffff,AREQUIPA,AREQUIPA,-16.489442931903774,-72.1592946236805,363703.5385779657,70.158770357521,15,0.0
868f737afffffff,AMAZONAS,BAGUA,-5.484747039670345,-78.42760955684253,361828.27004650433,103.43704600750428,22,0.0
868f5139fffffff,LA LIBERTAD,OTUZCO,-7.841637778071848,-78.30655561394855,359737.2038187367,93.79519202558876,0,0.0
868e64acfffffff,JUNIN,CHANCHAMAYO,-10.902367687462895,-75.16198278807262,357507.06013321044,122.27364728186132,5,0.0
868f5071fffffff,LA LIBERTAD,CHEPEN,-7.121264684110348,-79.55697534939988,356866.0112462195,93.04657871614248,4,0.0
868f512cfffffff,LA LIBERTAD,SANTIAGO DE CHUCO,-8.1012076366853,-78.12242974194137,356383.9621853613,92.9208928439308,0,0.0
868f09577ffffff,PIURA,PIURA,-4.886495594936622,-80.5187811338546,356133.448408196,91.0898568351234,17,0.0
868f5b397ffffff,LIMA,BARRANCA,-10.813753843260503,-77.61046776938561,356092.1725668929,72.91397846384363,10,0.0
868f514d7ffffff,LA LIBERTAD,ASCOPE,-7.729930383887647,-78.92548818538786,356067.7164743735,92.8384372989538,0,0.0
868f50777ffffff,LA LIBERTAD,CHEPEN,-7.110575237951468,-79.42974293985522,355594.7926877964,92.71513068261112,4,0.0
86b320717ffffff,PUNO,CHUCUITO,-16.62132246492194,-69.22671125351921,355278.38397618773,211.61278157143263,20,0.0
868e45aa7ffffff,ICA,ICA,-14.186563980621012,-75.62960121393665,354740.7789956392,48.22240650654904,6,0.0
868e6a027ffffff,ICA,NASCA,-14.821574678689302,-74.94915339338871,353813.8182884756,48.096398224774966,21,0.0
868f5ecf7ffffff,LA LIBERTAD,VIRU,-8.439420097494759,-78.82906148915708,350265.51916640013,91.32561570337056,12,0.0
868f50db7ffffff,LAMBAYEQUE,LAMBAYEQUE,-6.31322706757588,-79.78829311905815,349725.44795445254,78.55240597653157,4,0.0
868f5452fffffff,PIURA,HUANCABAMBA,-5.527131233550479,-79.60195902298257,349649.30023804,89.43137704009933,17,0.0
868f5e99fffffff,LA LIBERTAD,JULCAN,-8.244378399941981,-78.4937873713093,349024.2346944845,91.00197246000904,0,0.0
868f09957ffffff,PIURA,AYABACA,-4.508865204935046,-79.91433968719757,348992.2845289556,89.26332917167692,17,0.0
868e4516fffffff,ICA,ICA,-14.14279058544244,-75.73118003459778,347799.45682849945,47.27882381446489,6,0.0
868f0dcf7ffffff,TUMBES,TUMBES,-3.5598039201303746,-80.37800014346799,347165.9169974781,51.24830595423101,7,0.0
868e64a6fffffff,JUNIN,CHANCHAMAYO,-10.774155552826668,-74.98362682296006,347159.0330818886,118.73444162459396,5,0.0
868f5461fffffff,LAMBAYEQUE,LAMBAYEQUE,-6.120295216217902,-79.45371215269202,345744.8998889336,77.65832855242469,4,0.0
868e64a1fffffff,PASCO,OXAPAMPA,-10.742586005020785,-75.21023411494741,343960.2211098921,133.25411269723332,5,0.0
868f40577ffffff,SAN MARTIN,LAMAS,-6.478467804662264,-76.58834457254966,343592.4120256372,74.83065038833777,8,0.0
868e61d9fffffff,JUNIN,HUANCAYO,-12.167843520326288,-75.192349087795,340433.3194006664,116.43413029068596,18,0.0
868f72457ffffff,PIURA,AYABACA,-4.639197403550794,-79.48940032794687,339345.4077094638,86.7959040187708,17,0.0
868e65157ffffff,JUNIN,SATIPO,-11.334726349917917,-74.57485205270649,339074.10949452943,115.96925680655649,5,0.0
868f50437ffffff,LAMBAYEQUE,CHICLAYO,-6.813821602187001,-79.84042506241308,338897.2132449447,76.12025843369332,4,0.0
868f7249fffffff,PIURA,AYABACA,-4.659592326563809,-79.74205615362777,337547.05093791266,86.33593020392343,17,0.0
868e458cfffffff,ICA,ICA,-14.03455285843834,-75.74223811671736,337434.33988841384,45.86982064322569,6,0.0
868f5e9afffffff,LA LIBERTAD,JULCAN,-8.18122467933327,-78.40339589493182,336420.2290219023,87.71569814697708,0,0.0
868f0d197ffffff,TUMBES,ZARUMILLA,-3.715355152461248,-80.26932805105581,336416.7994669806,49.66153134022154,7,0.0
868e6501fffffff,JUNIN,SATIPO,-11.456567687340057,-74.68980682457514,336276.3332292381,115.01236854787896,5,0.0
868f40457ffffff,SAN MARTIN,EL DORADO,-6.701783771469096,-76.63006081122722,335067.61933650204,72.97404424970708,8,0.0
868e636dfffffff,ICA,PISCO,-13.685856624544908,-76.06891907846133,333006.87202692893,45.26796382931303,1,0.0
868f5ece7ffffff,LA LIBERTAD,VIRU,-8.433849585837491,-78.76532549417242,332529.9712625091,86.7013813910288,12,0.0
868f5626fffffff,LAMBAYEQUE,LAMBAYEQUE,-6.594768079912737,-79.85961880091979,332344.2147898239,74.64837871198296,4,0.0
868f48527ffffff,HUANUCO,PUERTO INCA,-8.895331803621147,-74.85844550043018,331295.17704322794,111.31787819885608,19,0.0
868f505b7ffffff,LAMBAYEQUE,LAMBAYEQUE,-6.71479592770062,-79.97724655379909,330980.9145717892,74.34216561590621,4,0.0
868f51a6fffffff,LA LIBERTAD,SANCHEZ CARRION,-7.572496136649663,-77.75610278588816,330629.0691468527,86.2057543692274,0,0.0
868f516dfffffff,LA LIBERTAD,JULCAN,-8.146010460667531,-78.63110044458526,330141.3820789369,86.07859848515986,0,0.0
868f5c1afffffff,LA LIBERTAD,PATAZ,-8.1019398520413,-77.51454490599595,330033.91815204377,86.05057914339658,0,0.0
868f5dbafffffff,HUANUCO,LEONCIO PRADO,-8.742753800074198,-76.11255484811281,329788.5155164621,110.81162765268068,31,0.0
868f5456fffffff,PIURA,HUANCABAMBA,-5.625947054595205,-79.46564347386182,329404.7498317643,84.25333716083072,17,0.0
868f0dcdfffffff,TUMBES,TUMBES,-3.668455552521007,-80.3686538553404,329042.0136002983,48.57287239088862,7,0.0
868e65d37ffffff,JUNIN,CHANCHAMAYO,-10.825197364418475,-74.9464871251163,328760.5805515695,112.44185010378294,5,0.0
868f5b2afffffff,LIMA,HUAURA,-10.968677435507878,-77.49894707927137,327807.8020526068,67.12242745143092,10,0.0
868f5175fffffff,LA LIBERTAD,OTUZCO,-7.910297285408035,-78.46036062706946,325494.7148640832,84.86706117661998,0,0.0
868f50c87ffffff,LAMBAYEQUE,FERREÑAFE,-6.5321392348372616,-79.76907171885289,325167.2792483612,73.03635545883438,4,0.0
868f46327ffffff,SAN MARTIN,MOYOBAMBA,-6.013887125120257,-76.91826497232636,325165.9655934319,70.81757290871957,8,0.0
868f5cc4fffffff,LA LIBERTAD,PATAZ,-7.992649116394415,-77.52488596091905,324535.253738109,84.61689844783761,0,0.0
868f40647ffffff,SAN MARTIN,BELLAVISTA,-7.057191247710194,-76.31011591031114,324503.41910931136,70.67327756754204,8,0.0
868f5c597ffffff,LA LIBERTAD,SANTIAGO DE CHUCO,-8.15310178132024,-78.08558341078157,324298.3988227593,84.5551426660291,0,0.0
868e6a017ffffff,ICA,NASCA,-14.886184354168156,-75.03940221819033,324187.3563524924,44.06906509754703,21,0.0
868e6358fffffff,LIMA,CAÑETE,-13.060976538663825,-76.39044231805829,322939.2012428118,66.1255252953529,13,0.0
868e45d07ffffff,ICA,PISCO,-13.699276221813877,-76.19707358605754,322846.59717722033,43.88680628264447,1,0.0
868f5b01fffffff,LIMA,BARRANCA,-10.6010215178455,-77.69515473535348,322752.441750859,66.08728413583512,10,0.0
868f091afffffff,PIURA,PIURA,-4.8662851959206685,-80.26544934138771,321879.3523795703,82.32853234507509,17,0.0
868f50587ffffff,LAMBAYEQUE,LAMBAYEQUE,-6.766944747232548,-79.94065229553765,321510.9926370658,72.21511093134309,4,0.0
868f54697ffffff,LAMBAYEQUE,LAMBAYEQUE,-6.136034056843291,-79.64401966846317,321014.5208817935,72.10359759679984,4,0.0
868f56ac7ffffff,LAMBAYEQUE,LAMBAYEQUE,-6.266352093795184,-79.88836330018104,320495.44155940943,71.98700633955956,4,0.0
868f09187ffffff,PIURA,PIURA,-4.871345564123585,-80.32876680534531,320438.0145243201,81.95987486717569,17,0.0
868f09437ffffff,PIURA,SULLANA,-4.953669175448033,-80.67255036445177,319217.826378683,81.64778184700363,17,0.0
868f0dc1fffffff,TUMBES,ZARUMILLA,-3.503024472148923,-80.35113770053236,319201.02758296224,47.12015529622229,7,0.0
868f736efffffff,AMAZONAS,UTCUBAMBA,-5.749301831064954,-78.30792360265336,318897.20008419466,91.16419884088552,22,0.0
868f5ecefffffff,LA LIBERTAD,VIRU,-8.485854261904313,-78.72846698229093,318334.1967774912,83.00008116508631,12,0.0
868f5e19fffffff,LA LIBERTAD,VIRU,-8.647440768570481,-78.68159154005927,318106.5705629417,82.94073160580501,12,0.0
868f5468fffffff,LAMBAYEQUE,LAMBAYEQUE,-6.182851248827638,-79.54401481589208,317814.1252943842,71.3847514992736,4,0.0
868f09a37ffffff,PIURA,AYABACA,-4.882684138327662,-79.78613488665025,316126.91761162656,80.85720618403224,17,0.0
868f509b7ffffff,LAMBAYEQUE,FERREÑAFE,-6.276407871927383,-79.3439979384004,315754.4152900396,70.92211665985445,4,0.0
86b334007ffffff,AREQUIPA,CAYLLOMA,-15.656562887807905,-71.96685672890723,314968.9047886431,60.75781156055287,37,0.0
868f09a87ffffff,PIURA,AYABACA,-5.001962245260835,-79.90310652927428,314261.58987204725,80.38010290292142,17,0.0
868f51657ffffff,LA LIBERTAD,JULCAN,-8.025354856413959,-78.51388868205339,312933.6580698383,81.59198503338578,0,0.0
868e45d2fffffff,ICA,PISCO,-13.692573739671204,-76.1329856797935,312812.0573762997,42.52274078457528,1,0.0
868e4599fffffff,ICA,PISCO,-13.780779028704378,-75.92986177389179,312672.8730029622,42.503820474794594,1,0.0
868f40787ffffff,SAN MARTIN,BELLAVISTA,-6.86227267716761,-76.58277731263266,312214.0940741712,67.9967976656966,8,0.0
868e6505fffffff,JUNIN,SATIPO,-11.55156524248737,-74.55226280159746,311395.9565383149,106.5028459593957,5,0.0
868f50647ffffff,LA LIBERTAD,PACASMAYO,-7.329684199769393,-79.41025400656696,311150.105968321,81.1269549779074,4,0.0
868f546d7ffffff,LAMBAYEQUE,LAMBAYEQUE,-6.234906964129295,-79.50745006787473,311102.2294632398,69.87718157754199,4,0.0
868f50677ffffff,LA LIBERTAD,PACASMAYO,-7.277584560307858,-79.44694647419537,310441.90861122246,80.94230488779735,4,0.0
868e635afffffff,LIMA,CAÑETE,-13.003342707759566,-76.36385079594237,309199.31524723914,63.312125201901935,13,0.0
868f59a37ffffff,HUANUCO,HUANUCO,-9.960251676343296,-76.18365295810558,308427.5630107871,103.63417360562698,23,0.0
868f56b4fffffff,LAMBAYEQUE,LAMBAYEQUE,-6.083967203765819,-79.68056462563547,308074.71347872395,69.19716625092757,4,0.0
868e60ae7ffffff,JUNIN,HUANCAYO,-11.957426277231006,-75.27806863747801,307773.7779600043,105.2639977371781,18,0.0
868e60acfffffff,JUNIN,CHUPACA,-12.065995758969049,-75.26695079409852,307082.8738449752,105.02769648473524,18,0.0
868e65117ffffff,JUNIN,SATIPO,-11.23961366733078,-74.71231393315419,307045.18646494934,105.01480674373111,5,0.0
868f5ccd7ffffff,LA LIBERTAD,SANTIAGO DE CHUCO,-8.015412581603439,-77.77843919795582,306240.6889954968,79.8469102596754,0,0.0
868f5622fffffff,LAMBAYEQUE,LAMBAYEQUE,-6.495742905687496,-79.99634985068516,305170.6453552881,68.5448787506901,4,0.0
868e75b27ffffff,LIMA,HUARAL,-11.4450777987724,-77.29192714648609,304605.8411693315,62.37155841668886,24,0.0
868f50417ffffff,LAMBAYEQUE,CHICLAYO,-6.87123634021929,-79.86743846931572,303585.17436097265,68.18876351247127,4,0.0
868f5cca7ffffff,LA LIBERTAD,SANCHEZ CARRION,-7.854229996458421,-77.8255267259269,303347.5093023469,79.09256419259398,0,0.0
868f0b867ffffff,PIURA,PAITA,-5.082990392958552,-80.9169608251288,302787.02444241394,77.44520159864253,17,0.0
868f517afffffff,LA LIBERTAD,OTUZCO,-7.817442219722721,-78.66110955737949,301687.8602317341,78.65983968809249,0,0.0
868f54c0fffffff,PIURA,HUANCABAMBA,-5.350423357259221,-79.45819638204657,301474.64946437883,77.10952953695457,17,0.0
868f461b7ffffff,SAN MARTIN,RIOJA,-5.725732213740744,-77.38933830586538,301276.5207022935,65.61471441693526,8,0.0
868f55c37ffffff,AMAZONAS,UTCUBAMBA,-5.936935879033349,-78.57714223450647,299560.53902441944,85.63636349674722,22,0.0
868f50097ffffff,LAMBAYEQUE,CHICLAYO,-6.90218075282484,-79.57636186061937,297610.41881442553,66.8467638780494,4,0.0
868f5b297ffffff,LIMA,HUAURA,-10.980800419775363,-77.6268362415967,297257.8646348146,60.86697549107023,10,0.0
868f5460fffffff,LAMBAYEQUE,FERREÑAFE,-6.115035907290596,-79.39030133962275,296795.3199697765,66.66368319081211,4,0.0
86b320737ffffff,PUNO,CHUCUITO,-16.56453018846764,-69.20232064602575,295311.26603365265,175.8948510612203,20,0.0
868f4618fffffff,SAN MARTIN,RIOJA,-5.829132859851572,-77.31613623923954,295255.16406731645,64.30332913179734,8,0.0
868f5058fffffff,LAMBAYEQUE,CHICLAYO,-6.819091601516638,-79.9040495917224,294922.6327331839,66.24305584174071,4,0.0
868f5634fffffff,LAMBAYEQUE,LAMBAYEQUE,-6.485273375933319,-79.86920644309889,294347.2094253438,66.11380906959359,4,0.0
868f50ca7ffffff,LAMBAYEQUE,FERREÑAFE,-6.474775598484286,-79.74210959796459,293499.04647328064,65.92330179900631,4,0.0
868e60ac7ffffff,JUNIN,HUANCAYO,-12.015045013922782,-75.3042445657783,293357.0816216399,100.33323625126496,18,0.0
868f5e967ffffff,LA LIBERTAD,SANTIAGO DE CHUCO,-8.158743707858555,-78.1491144000349,293107.30691285414,76.42261029483886,0,0.0
868e64047ffffff,JUNIN,JUNIN,-10.826029178519809,-75.48932212347523,292941.65535941493,100.19115322711436,5,0.0
868e45d27ffffff,ICA,PISCO,-13.641684806022765,-76.17048678803079,291657.98427643767,39.6471189990592,1,0.0
86b33548fffffff,AREQUIPA,AREQUIPA,-16.46396996646944,-71.5550417146119,290956.3174052046,56.12575983372199,14,0.0
868f54657ffffff,LAMBAYEQUE,FERREÑAFE,-6.167065777328833,-79.35373467018222,290390.5556545756,65.22509858218737,4,0.0
86b33459fffffff,AREQUIPA,CASTILLA,-15.67929249115876,-72.57129966618866,289124.29746335826,55.772361384828855,25,0.0
868f09027ffffff,PIURA,PIURA,-4.913230917838192,-80.16577002315037,288154.5107215007,73.70257763020179,17,0.0
868e65897ffffff,JUNIN,SATIPO,-11.073542721792998,-74.69763553859458,287749.2721838317,98.41526765795396,5,0.0
868f4029fffffff,SAN MARTIN,PICOTA,-7.045705243497353,-76.18448658842175,287608.7717609322,62.638028940684805,8,0.0
868e45a87ffffff,ICA,ICA,-14.244099444502757,-75.65606892781996,287056.71613461606,39.02163629191522,6,0.0
868f5165fffffff,LA LIBERTAD,JULCAN,-8.077317870089729,-78.47706505175596,286868.0212803616,74.79582555367259,0,0.0
868f460c7ffffff,SAN MARTIN,RIOJA,-6.041384262019917,-77.23255065974709,286655.0578758288,62.43032054024041,8,0.0
868f50537ffffff,LAMBAYEQUE,FERREÑAFE,-6.646893798324037,-79.82302942949376,286454.34270464553,64.34097934104696,4,0.0
868f55677ffffff,CAJAMARCA,CELENDIN,-6.799876602295066,-78.37056146656599,285718.4220378157,155.9523527625597,53,0.0
868f40707ffffff,SAN MARTIN,PICOTA,-6.793645843021902,-76.43095159681616,285438.594303578,62.16538814621985,8,0.0
868e75b77ffffff,LIMA,HUARAL,-11.548094266468526,-77.21743117547595,284901.7694604241,58.33692252487237,24,0.0
86b33696fffffff,AREQUIPA,CASTILLA,-15.687202988810172,-72.63444395429741,282138.83733881667,54.42485925538704,25,0.0
868f407afffffff,SAN MARTIN,BELLAVISTA,-6.856594861420117,-76.51990877584498,281739.4855286992,61.35976291762564,8,0.0
868f72697ffffff,PIURA,AYABACA,-4.971227094407413,-79.52363376403667,281660.7546187957,72.04164037097637,17,0.0
868f404cfffffff,SAN MARTIN,BELLAVISTA,-6.816322235628088,-76.68238982733311,281191.663583342,61.24045331987752,8,0.0
868e65c87ffffff,JUNIN,CHANCHAMAYO,-11.113126739673854,-75.07651826532167,280481.2661975197,95.92948290147493,5,0.0
868e4502fffffff,ICA,ICA,-14.214040886295802,-75.885838432958,279353.938211212,37.97454356887469,6,0.0
868f5cd17ffffff,LA LIBERTAD,SANCHEZ CARRION,-7.681788144429564,-77.74584311192496,279172.5630412929,72.78936924168647,0,0.0
868e65d5fffffff,JUNIN,CHANCHAMAYO,-11.029205709181278,-74.79788443397457,278628.7639411113,95.29589483357904,5,0.0
86b3345afffffff,AREQUIPA,CASTILLA,-15.61413280894372,-72.4826411142051,278065.85425175494,53.63917681140396,25,0.0
868b61a1fffffff,CUSCO,ANTA,-13.3572081693892,-72.19489381752929,278042.7245080578,131.36835784474786,9,0.0
868e75b0fffffff,LIMA,HUARAL,-11.55428654028537,-77.28140700675091,277540.85094815976,56.82968958007481,24,0.0
868f51a4fffffff,LA LIBERTAD,SANCHEZ CARRION,-7.629954827107326,-77.78264607962491,276445.92708386004,72.07844654451624,0,0.0
868f42a0fffffff,SAN MARTIN,HUALLAGA,-7.051207539921014,-76.85017459033205,275998.50956716365,60.10944146106954,8,0.0
868f4ab67ffffff,HUANUCO,PUERTO INCA,-9.39359493130305,-74.90251873679195,275337.20768675994,92.5155446645353,3,0.0
868e60167ffffff,JUNIN,JAUJA,-11.76660471717985,-75.55413917619303,275178.331634689,94.11578683054206,18,0.0
868e45d1fffffff,ICA,PISCO,-13.756864168594404,-76.2236731248359,274693.8104140232,37.341059655227234,1,0.0
868f5176fffffff,LA LIBERTAD,OTUZCO,-7.847212770066992,-78.37007718229637,274360.87299109314,71.53480511144014,0,0.0
868f09477ffffff,PIURA,PIURA,-5.052767157902693,-80.53646134168467,274056.615334909,70.09669540211836,17,0.0
868e64aefffffff,JUNIN,CHANCHAMAYO,-10.844776089942435,-75.1359411404587,273345.4097759848,93.48889560002232,5,0.0
868e6a1afffffff,ICA,NASCA,-14.778403808747738,-75.05068266852403,272912.04349259083,37.09885155885755,21,0.0
868f51237ffffff,LA LIBERTAD,SANCHEZ CARRION,-7.83046290786843,-78.17955912758765,272305.5046598496,70.99890372213196,0,0.0
868f46247ffffff,SAN MARTIN,LAMAS,-6.334801187999752,-76.82402508501094,270931.10477080697,59.005816400036295,8,0.0
868f406dfffffff,SAN MARTIN,BELLAVISTA,-7.183281217364892,-76.4881006716078,270022.2771962846,58.80788374462222,8,0.0
868f5cc87ffffff,LA LIBERTAD,SANCHEZ CARRION,-7.911726918929311,-77.85211163965862,269664.7675842246,70.31037765791608,0,0.0
868f09177ffffff,PIURA,AYABACA,-4.851073313234744,-80.07556101469203,268928.2239426856,68.7849836272202,17,0.0
86b320637ffffff,PUNO,CHUCUITO,-16.72589756459868,-69.21386764432819,267726.0201318146,159.4643816634222,20,0.0
868e45b97ffffff,ICA,ICA,-14.085244595422248,-75.70469764589201,267711.027907953,36.391840967970886,6,0.0
868e65dafffffff,JUNIN,CHANCHAMAYO,-10.940357865696985,-74.99846115068765,267675.8823480389,91.54981837810344,5,0.0
868f5c1a7ffffff,LA LIBERTAD,PATAZ,-8.050149805520528,-77.55140002120122,267444.22172667424,69.73140911393554,0,0.0
868f5e957ffffff,LA LIBERTAD,SANTIAGO DE CHUCO,-8.221922726267179,-78.23937505446195,267372.5332849563,69.71271760500744,0,0.0
86b335457ffffff,AREQUIPA,AREQUIPA,-16.438898484393533,-71.36673165638264,266979.9617165657,51.50069723645814,14,0.0
868f516efffffff,LA LIBERTAD,JULCAN,-8.082894268620201,-78.54067020197813,266837.3336930165,69.57317366024685,0,0.0
868f5b0c7ffffff,LIMA,BARRANCA,-10.710406573868092,-77.68478145850177,265994.5581230105,54.4654529827876,10,0.0
868f5019fffffff,LAMBAYEQUE,CHICLAYO,-6.787360100573228,-79.5224814873205,263054.25964226126,59.08504833759203,4,0.0
868f5b0d7ffffff,LIMA,BARRANCA,-10.716408204604608,-77.74871371899323,262917.50248012744,53.83539035810275,10,0.0
868f54c07ffffff,PIURA,HUANCABAMBA,-5.298448783220515,-79.49466629162409,262018.52528607275,67.01765886674646,17,0.0
868e45997ffffff,ICA,PISCO,-13.729962165383167,-75.96737054840698,261566.64403692493,35.556591697785784,1,0.0
86b335497ffffff,AREQUIPA,AREQUIPA,-16.423537026205675,-71.65542858864579,261284.7256269497,50.40208059251372,14,0.0
868f50737ffffff,LAMBAYEQUE,CHICLAYO,-7.011713519374074,-79.56667170714061,260623.7777473525,58.53913381623198,4,0.0
868f5b3a7ffffff,LIMA,BARRANCA,-10.750022203283722,-77.51981407006336,260323.6242665713,53.30426388363487,10,0.0
868f4ab57ffffff,HUANUCO,PUERTO INCA,-9.457389627158236,-74.99122558181556,259541.92212810065,87.20820004929642,3,0.0
868e65d8fffffff,JUNIN,CHANCHAMAYO,-10.997943892446242,-75.02446737997958,259472.59399100667,88.74415074528684,5,0.0
868e6a0e7ffffff,ICA,NASCA,-14.986749942642705,-74.96415554164665,258874.61290575672,35.19064499184738,21,0.0
868f724dfffffff,PIURA,AYABACA,-4.758355963073287,-79.60609185620338,258562.72540579445,66.13375335954855,17,0.0
868f5cd97ffffff,LA LIBERTAD,SANCHEZ CARRION,-7.750527128343715,-77.89916056281633,257648.208265095,67.17726972006554,0,0.0
86b330217ffffff,AREQUIPA,ISLAY,-17.14827273140323,-71.85931224465347,257220.10568940543,49.61801140829918,11,0.0
868e65ab7ffffff,JUNIN,SATIPO,-11.37213866410014,-74.41155945382515,257053.04968748952,87.91662441156673,5,0.0
868f55d07ffffff,AMAZONAS,UTCUBAMBA,-5.822492167585487,-78.52392001026607,256786.63542806223,73.40844599973047,22,0.0
868e60917ffffff,JUNIN,TARMA,-11.331684059372394,-75.59820522174091,256548.2698430277,87.7439809045162,18,0.0
868f48407ffffff,HUANUCO,PUERTO INCA,-9.118840406350484,-74.8989370733503,256408.6183325917,86.15538445028467,19,0.0
868f510dfffffff,LA LIBERTAD,OTUZCO,-7.743319511621619,-78.44367407137588,256287.4563681024,66.82247743246575,0,0.0
868e75b47ffffff,LIMA,HUARAL,-11.59958032920003,-77.18017358748189,255730.8444383821,52.3638392540571,24,0.0
868f51767ffffff,LA LIBERTAD,OTUZCO,-7.795269067935269,-78.40687924556349,255664.1617782577,66.65996425584017,0,0.0
868f0914fffffff,PIURA,AYABACA,-4.955066958455781,-80.00279072641595,255194.1805499855,65.27216546312992,17,0.0
868e608c7ffffff,JUNIN,JAUJA,-11.65790111927132,-75.56516591807755,254197.00433916016,86.93980711063706,18,0.0
868f5138fffffff,LA LIBERTAD,SANCHEZ CARRION,-7.83605448183363,-78.24304954560967,254140.996087446,66.26282540853744,0,0.0
868f4bdb7ffffff,HUANUCO,PUERTO INCA,-9.73224732305844,-74.99489087598727,254010.8949823197,85.34972987287044,3,0.0
868e60a87ffffff,JUNIN,JAUJA,-11.919713105983543,-75.44230820005998,253652.88499632908,86.75370880930625,18,0.0
868f5160fffffff,LA LIBERTAD,OTUZCO,-7.973385635404698,-78.5507049759475,253496.8093442217,66.09486496786111,0,0.0
868f4631fffffff,SAN MARTIN,MOYOBAMBA,-6.128219114044177,-76.97064860758812,253299.64714320583,55.16587874312039,8,0.0
868b61b9fffffff,CUSCO,ANTA,-13.449155143233185,-72.05793241045184,253136.87323621535,119.60095487422832,9,0.0
868f4626fffffff,SAN MARTIN,LAMAS,-6.329228165242051,-76.76118813869435,252948.40058722004,55.089381104315954,8,0.0
868f5131fffffff,LA LIBERTAD,SANCHEZ CARRION,-7.7729634734412,-78.15289304211707,252464.65362313404,65.82574839322818,0,0.0
868e64a17ffffff,PASCO,OXAPAMPA,-10.691467915060809,-75.24737365130417,252428.1990930361,97.79356339917096,5,0.0
868f546afffffff,LAMBAYEQUE,LAMBAYEQUE,-6.1255480261921385,-79.51713557969312,252146.4681091422,56.63503140622896,4,0.0
868f48c1fffffff,HUANUCO,PUERTO INCA,-8.774273255328051,-74.74422752479934,252094.03491952884,84.70564927713583,19,0.0
868f516c7ffffff,LA LIBERTAD,JULCAN,-8.088461992269965,-78.60429031657767,251939.05170373112,65.68870687392996,0,0.0
868f5132fffffff,LA LIBERTAD,SANCHEZ CARRION,-7.709878073512261,-78.0627987817262,251453.2633454534,65.56204604523398,0,0.0
868e45d0fffffff,ICA,PISCO,-13.75016070196363,-76.15956545594733,251436.6556690572,34.17955120538743,1,0.0
868f5b08fffffff,LIMA,BARRANCA,-10.664702549718182,-77.7858595750099,250570.93001323933,51.30728727607319,10,0.0
868f4061fffffff,SAN MARTIN,BELLAVISTA,-7.017065474359031,-76.47257182837375,249456.4347328969,54.32886932679342,8,0.0
868f40527ffffff,SAN MARTIN,LAMAS,-6.375260333184982,-76.66170066727352,249411.9416964777,54.31917923255249,8,0.0
868e656c7ffffff,JUNIN,HUANCAYO,-11.968129542073124,-74.86049979987163,249194.5038628152,85.2288647349983,26,0.0
868f50557ffffff,LAMBAYEQUE,CHICLAYO,-6.80325923189478,-79.71321135800123,248643.96119952243,55.84832758953705,4,0.0
868e60b8fffffff,JUNIN,JAUJA,-11.804462183216932,-75.38989896115694,248339.0557647107,84.93628657171226,18,0.0
868e6515fffffff,JUNIN,SATIPO,-11.385587309328931,-74.5376654078414,248257.35227760387,84.90834255471724,5,0.0
868f0bb5fffffff,PIURA,PIURA,-5.395710179948229,-80.69880979143606,246689.73176201747,63.09694427562234,17,0.0
868f5c027ffffff,LA LIBERTAD,PATAZ,-8.147983635646222,-77.41431909675292,246689.33489437032,64.31993491766028,0,0.0
868f09867ffffff,PIURA,AYABACA,-4.612738808002965,-79.841621512116,245747.4956934572,62.85594431065508,17,0.0
868f54d07ffffff,PIURA,HUANCABAMBA,-5.132223766302413,-79.47753948043521,245567.2952231104,62.809853624371954,17,0.0
868f5624fffffff,LAMBAYEQUE,LAMBAYEQUE,-6.652151579390937,-79.8866188404119,245423.28373024624,55.1249259452878,4,0.0
868e64307ffffff,JUNIN,CHANCHAMAYO,-10.921862094733983,-75.35170620854386,245099.30723150383,83.82823609213945,5,0.0
868e6368fffffff,ICA,CHINCHA,-13.584090074706667,-76.14391273304506,244995.8975761796,33.30401370489357,1,0.0
868f5b76fffffff,LIMA,HUAURA,-10.871449112867534,-77.63723540411752,243967.43672251533,49.9551458793242,10,0.0
868e667a7ffffff,LIMA,HUARAL,-11.47175537811002,-76.99896509981043,243663.42031042697,49.89289501330859,24,0.0
868e4512fffffff,ICA,ICA,-14.04822447917804,-75.87032469281844,243299.33963241163,33.073388663538225,6,0.0
868e636f7ffffff,ICA,CHINCHA,-13.577389788166007,-76.07986439997025,243067.09495765885,33.041818013142134,1,0.0
868f5e997ffffff,LA LIBERTAD,JULCAN,-8.19241274747096,-78.53062905357804,243002.80211919083,63.35873589268866,0,0.0
868f5e837ffffff,LA LIBERTAD,JULCAN,-8.233168177010297,-78.36655042498374,242735.2541067806,63.28897742196699,0,0.0
868f5454fffffff,PIURA,HUANCABAMBA,-5.683161229510678,-79.49246948405052,242589.6181048087,62.048239730423866,17,0.0
868e6295fffffff,LIMA,HUAROCHIRI,-11.972734200537325,-76.4984475371064,242402.5781125256,49.63472303440385,35,0.0
868e618f7ffffff,HUANCAVELICA,TAYACAJA,-12.27289787073623,-74.63680064532787,242336.27083625653,62.32721789649514,27,0.0
868f50567ffffff,LAMBAYEQUE,CHICLAYO,-6.740565857091042,-79.62266742296127,242053.65884814603,54.368068978557055,4,0.0
868f50d17ffffff,LAMBAYEQUE,LAMBAYEQUE,-6.302741081712941,-79.66129023309652,241944.88079779112,54.34363616240714,4,0.0
868f09acfffffff,PIURA,MORROPON,-5.152812724312981,-79.7305649255111,241386.8589812376,61.74060460976074,17,0.0
868f5c077ffffff,LA LIBERTAD,PATAZ,-8.251501732245014,-77.34057568183388,241273.9363952441,62.90796435490313,0,0.0
868e6091fffffff,JUNIN,TARMA,-11.382809611064902,-75.56098219839649,241272.79620915512,82.51950261176431,18,0.0
868f48c27ffffff,HUANUCO,PUERTO INCA,-8.659486420059826,-74.69275923031343,240699.90729769465,80.8771295802612,19,0.0
868f5062fffffff,LA LIBERTAD,CHEPEN,-7.225481327778223,-79.48363087214045,239995.95191814832,62.574752226264565,4,0.0
868f09ac7ffffff,PIURA,MORROPON,-5.100824724506973,-79.76699536372674,239736.1519356394,61.31839583062938,17,0.0
868e61c87ffffff,JUNIN,HUANCAYO,-12.27635054463184,-75.18119995027104,239009.7279127824,81.74549380046325,18,0.0
868f09ae7ffffff,PIURA,AYABACA,-5.043715109137551,-79.7401504281259,237832.84820067263,60.83157925805863,17,0.0
868f5122fffffff,LA LIBERTAD,SANCHEZ CARRION,-7.876756446990782,-78.07926898052521,237574.88569199853,61.943501498850765,0,0.0
868f0dc57ffffff,TUMBES,ZARUMILLA,-3.549908902008425,-80.25186289501863,236868.2171386836,34.96626330068187,7,0.0
868f538f7ffffff,LA LIBERTAD,ASCOPE,-7.710565827746898,-79.34423486806072,236239.1702768292,61.59523703655046,2,0.0
868b61a27ffffff,CUSCO,ANTA,-13.471935936762808,-72.24542771415213,236183.585365039,111.59094277394342,9,0.0
86b32055fffffff,PUNO,CHUCUITO,-16.420923730043572,-69.31400249767086,236046.9726113058,140.59554059202793,20,0.0
86b334587ffffff,AREQUIPA,CASTILLA,-15.62205445864886,-72.54573288519133,235356.7508359796,45.40054875065257,25,0.0
868f5b0f7ffffff,LIMA,BARRANCA,-10.658713911807611,-77.72192818344124,234794.32775443263,48.0768460421672,10,0.0
868b61aa7ffffff,CUSCO,URUBAMBA,-13.399408618141916,-72.09517269853667,234188.90120473108,110.64850350306445,9,0.0
868f40477ffffff,SAN MARTIN,EL DORADO,-6.6445319386417925,-76.60391444340566,233964.1037305533,50.9548099344391,8,0.0
86b326117ffffff,PUNO,PUNO,-15.6105908698913,-70.00874155519796,233828.5970291663,139.2742200482536,28,0.0
868f72407ffffff,PIURA,AYABACA,-4.535398404618224,-79.56217121560108,233730.60291600772,59.782329496900594,17,0.0
868f40287ffffff,SAN MARTIN,PICOTA,-6.988428735053796,-76.15844268533411,232814.05770968777,50.70434255301315,8,0.0
868f405b7ffffff,SAN MARTIN,EL DORADO,-6.449238796905715,-76.87640648196682,232329.7020747256,50.59885522001358,8,0.0
868f54b97ffffff,CAJAMARCA,JAEN,-5.532173058500355,-78.9959869544444,232309.60029962976,126.80046486908732,41,0.0
868f5e9b7ffffff,LA LIBERTAD,JULCAN,-8.134861908611342,-78.50384121711303,232115.98422382987,60.52018829682332,0,0.0
868e75927ffffff,LIMA,HUAURA,-11.084069605022924,-77.5524582663474,232103.1667563563,47.52579979579229,10,0.0
868f4054fffffff,SAN MARTIN,LAMAS,-6.581654450913044,-76.51496578423307,232059.26666325805,50.53995736016606,8,0.0
868e65d87ffffff,JUNIN,CHANCHAMAYO,-10.946903786803889,-75.0616298327613,231838.2182333544,79.29271246323847,5,0.0
868f50137ffffff,LAMBAYEQUE,CHICLAYO,-6.609887592807117,-79.37824150799796,231078.7357558576,51.90297351767732,4,0.0
868f098cfffffff,PIURA,AYABACA,-4.788928420849061,-79.98540441233787,230735.0221863078,59.0161363155916,17,0.0
868e45307ffffff,ICA,ICA,-14.409768701252128,-75.67146513314823,230254.47871158528,31.30010906504804,6,0.0
868f516e7ffffff,LA LIBERTAD,OTUZCO,-8.030920332955654,-78.57749182565097,230046.0697419324,59.98049425282348,0,0.0
868b654afffffff,CUSCO,CANAS,-14.389743365192944,-71.35002417705994,229816.856150916,108.58281960445088,9,0.0
868f7259fffffff,PIURA,AYABACA,-4.493661028075235,-79.72482726659504,229761.1813223016,58.76705264968204,17,0.0
868f516f7ffffff,LA LIBERTAD,OTUZCO,-8.036477187766938,-78.64110984087671,229646.2277939037,59.87624244929268,0,0.0
868f5399fffffff,LA LIBERTAD,PACASMAYO,-7.554251255153799,-79.45442758573131,228878.5916078199,59.67609472279897,4,0.0
868e64817ffffff,PASCO,OXAPAMPA,-10.333224113388807,-75.50721782753888,228377.58249486,88.47608021966279,16,0.0
868f5b767ffffff,LIMA,BARRANCA,-10.81978163138196,-77.67440160415185,227672.0778926846,46.618483255672494,10,0.0
868e6905fffffff,AREQUIPA,LA UNION,-15.16929017090151,-72.82039924396756,227428.0223650276,43.87108922931934,29,0.0
868e6589fffffff,JUNIN,SATIPO,-11.124472388837765,-74.66047331377727,227055.55104020392,77.65695690298769,5,0.0
868f5055fffffff,LAMBAYEQUE,CHICLAYO,-6.855376635260292,-79.67658877196172,226982.33495446705,50.982874220713015,4,0.0
868f0941fffffff,PIURA,PIURA,-5.062863550098991,-80.6632563971853,226601.0672736203,57.95877603999077,17,0.0
868e61d97ffffff,JUNIN,HUANCAYO,-12.116928639939328,-75.22965229119804,225185.35500778936,77.01731725522748,18,0.0
868e6432fffffff,JUNIN,CHANCHAMAYO,-10.915374867020846,-75.28844215226151,225135.90108418232,77.00040315118271,5,0.0
868f09b37ffffff,PIURA,AYABACA,-4.716621788402211,-79.76887030968095,224926.3555824805,57.530427484504415,17,0.0
868f5c387ffffff,LA LIBERTAD,PATAZ,-8.470054712608146,-77.31976240207742,224516.3344853318,58.538712377783234,0,0.0
868f402b7ffffff,SAN MARTIN,PICOTA,-6.936898503496558,-76.19517768103287,224460.1231476773,48.88494743630663,8,0.0
868f53167ffffff,LA LIBERTAD,ASCOPE,-7.872284728775104,-79.29768969941958,224307.36907080287,58.484228296141445,2,0.0
868f5162fffffff,LA LIBERTAD,OTUZCO,-7.915858052160928,-78.5239297715857,224025.0536085692,58.41061947083534,0,0.0
868f50427ffffff,LAMBAYEQUE,CHICLAYO,-6.808544137820765,-79.77681226666044,223600.4591888471,50.2232655629588,4,0.0
868e609a7ffffff,JUNIN,TARMA,-11.338175045491225,-75.66165449043872,222844.04064914412,76.21654692650092,18,0.0
868e6ad57ffffff,ICA,PALPA,-14.461887290822103,-75.14837656759693,222764.13667322893,30.281894244441936,43,0.0
868f46367ffffff,SAN MARTIN,LAMAS,-6.111619155304248,-76.78218888075031,222603.2423580558,48.48053921214999,8,0.0
868f4e357ffffff,UCAYALI,PADRE ABAD,-8.69663470849162,-75.06881849811188,222354.5726989777,45.24982898938828,30,0.0
868f40567ffffff,SAN MARTIN,LAMAS,-6.472847795094972,-76.5255479307568,222136.522640376,48.37889278807111,8,0.0
868f400afffffff,SAN MARTIN,SAN MARTIN,-6.621922206847382,-76.35269993681906,220762.11402830636,48.07956170059404,8,0.0
868f5c5b7ffffff,LA LIBERTAD,SANTIAGO DE CHUCO,-8.095568449627272,-78.05891615218418,220293.69227036092,57.4377321811169,0,0.0
868f53aefffffff,LA LIBERTAD,TRUJILLO,-8.121684686855543,-78.98631674844175,219887.5831495519,57.33184632175824,2,0.0
868e6a00fffffff,ICA,NASCA,-14.929306836568909,-74.93784288437124,219537.9704010972,29.843338795945368,21,0.0
868b656b7ffffff,CUSCO,ACOMAYO,-14.085821554003592,-71.51130135627494,219255.11074960532,103.59265432751592,9,0.0
868f51347ffffff,LA LIBERTAD,SANCHEZ CARRION,-7.81363878585635,-77.98918327507319,219085.07075921964,57.12260523422241,0,0.0
868f7279fffffff,PIURA,AYABACA,-4.857089416663351,-79.4700933668531,219045.4451628893,56.02624052712897,17,0.0
868f4041fffffff,SAN MARTIN,EL DORADO,-6.65579901523816,-76.72963827525737,218893.4106624686,47.67257864929755,8,0.0
86b33030fffffff,AREQUIPA,ISLAY,-17.025903287194883,-71.74542262814083,218718.2090345194,42.19095767024459,11,0.0
868f50407ffffff,LAMBAYEQUE,CHICLAYO,-6.865957284567215,-79.80381002645343,218492.8610979052,49.07603958569197,4,0.0
868f5e1a7ffffff,LA LIBERTAD,VIRU,-8.532250321239493,-78.62787487881175,218228.89125275868,56.89937138361034,12,0.0
868f5316fffffff,LA LIBERTAD,ASCOPE,-7.924376040989388,-79.26092194291887,217562.2994942667,56.725569226572574,2,0.0
868f51007ffffff,LA LIBERTAD,GRAN CHIMU,-7.518911074431408,-78.40029470266089,217480.6752296471,56.704287125381285,0,0.0
868b60b6fffffff,CUSCO,CANAS,-14.135209782823429,-71.4740441484898,217075.25436974768,102.5627257312329,9,0.0
868e646f7ffffff,JUNIN,TARMA,-11.248733667067546,-75.86306258033508,217021.8488965668,74.22525584403462,18,0.0
868e7595fffffff,LIMA,HUAURA,-11.296568230772989,-77.4675970157947,216923.6014053864,44.417608753252,10,0.0
868e60b97ffffff,JUNIN,JAUJA,-11.760028121421684,-75.4906413824096,215474.06228211816,73.69588583804882,18,0.0
868f51757ffffff,LA LIBERTAD,OTUZCO,-7.858337735629744,-78.49716621666006,215298.23086605984,56.13525288039678,0,0.0
868f5d30fffffff,HUANUCO,LEONCIO PRADO,-9.133339499373648,-76.16958223255395,215094.2283497442,72.27341287129433,31,0.0
868e634a7ffffff,LIMA,CAÑETE,-13.118608142119276,-76.41704648004534,214640.5679820057,43.95013133395169,13,0.0
868f5465fffffff,LAMBAYEQUE,FERREÑAFE,-6.219094239915672,-79.31716006096018,214375.86226013344,48.15131373002112,4,0.0
868e60af7ffffff,JUNIN,CONCEPCION,-11.964076541539544,-75.34153357554318,213702.82061906988,73.09009030976527,18,0.0
868f40417ffffff,SAN MARTIN,EL DORADO,-6.604166708362384,-76.76633909466061,213658.8619799425,46.532551487191256,8,0.0
868f50c07ffffff,LAMBAYEQUE,FERREÑAFE,-6.464249758558118,-79.61506053981304,213561.4976357257,47.96839795719543,4,0.0
868f50cb7ffffff,LAMBAYEQUE,LAMBAYEQUE,-6.480028006619169,-79.80565212362724,213423.56639168813,47.93741699443774,4,0.0
868e45327ffffff,ICA,ICA,-14.352247270537902,-75.64497892742335,213314.65676927505,28.997360048813043,6,0.0
868e45d77ffffff,ICA,PISCO,-13.743442520327235,-76.09547903715804,213215.2331064792,28.983844691776035,1,0.0
868e45bb7ffffff,ICA,ICA,-14.027694742828016,-75.67822815333615,212943.23490379105,28.94687006501839,6,0.0
868f09af7ffffff,PIURA,MORROPON,-5.04883798626807,-79.803417580537,212908.68030283693,54.45661252663777,17,0.0
86b3244e7ffffff,PUNO,MOHO,-15.410577426482002,-69.34315436133299,212879.7690666973,126.79656884362365,54,0.0
868e6560fffffff,JUNIN,HUANCAYO,-11.852944646488616,-74.80844749531815,212726.5825720128,72.75619987810633,26,0.0
868f50007ffffff,LAMBAYEQUE,CHICLAYO,-6.828794645234187,-79.3587506361237,212450.3308982327,47.7188169753661,4,0.0
868f5e917ffffff,LA LIBERTAD,JULCAN,-8.123678444845314,-78.3766422179976,212335.4092416917,55.36274889625172,0,0.0
868e60aefffffff,JUNIN,HUANCAYO,-12.008379209299449,-75.24078234679135,212017.64846006923,72.51373205238684,18,0.0
868f73617ffffff,AMAZONAS,BAGUA,-5.593748026593361,-78.41761361939184,211557.16129751183,60.47854642075156,22,0.0
868f51617ffffff,LA LIBERTAD,OTUZCO,-7.926954171170655,-78.65111287665759,211373.26096140937,55.11188553892256,0,0.0
868e658a7ffffff,JUNIN,SATIPO,-11.00934590229962,-74.60868429121935,211265.0046634544,72.25631475248268,5,0.0
868e6359fffffff,LIMA,CAÑETE,-13.067536779937168,-76.4544827594686,210872.1754913029,43.17850951780857,13,0.0
868f40427ffffff,SAN MARTIN,EL DORADO,-6.541308902522662,-76.67730773248329,210770.2122494863,45.903435329474696,8,0.0
86b330c6fffffff,AREQUIPA,AREQUIPA,-16.538357753255184,-72.12167984979666,210537.29793548188,40.61285187188808,32,0.0
868f549afffffff,CAJAMARCA,SAN IGNACIO,-5.158281529046036,-79.12507164197524,210155.5299758649,114.70821206432748,41,0.0
868f724afffffff,PIURA,AYABACA,-4.597487677352891,-79.65208654043872,210127.24094981427,53.745191250161625,17,0.0
868e45b87ffffff,ICA,ICA,-14.078370305136325,-75.64068984693124,210064.37318188208,28.55552616420416,6,0.0
868e60357ffffff,JUNIN,CHUPACA,-12.1879073666639,-75.38284930185246,209936.7156322191,71.80201674663878,18,0.0
868f541a7ffffff,PIURA,HUANCABAMBA,-5.506348833100529,-79.34873885134348,209320.4698614531,53.5388397735845,17,0.0
868f4850fffffff,HUANUCO,PUERTO INCA,-9.003951435486288,-74.84731645472463,209305.1437871153,70.32823330068588,19,0.0
868f51307ffffff,LA LIBERTAD,SANCHEZ CARRION,-7.715471967042561,-78.12623870736945,209239.81552052448,54.55562690712216,0,0.0
868f48cdfffffff,HUANUCO,PUERTO INCA,-8.940268266972243,-74.75882963682783,208748.5650528668,70.14121831211854,19,0.0
868e646efffffff,JUNIN,TARMA,-11.293482931822764,-75.76234815621423,208135.51437762595,71.18597451573653,18,0.0
868e65c67ffffff,JUNIN,SATIPO,-11.080167379032344,-74.76072293860098,207968.4569636516,71.12883796770723,5,0.0
868e60d6fffffff,JUNIN,TARMA,-11.459932984346224,-75.7776661167173,207953.3936989992,71.12368606858576,18,0.0
868b61a87ffffff,CUSCO,URUBAMBA,-13.342057207942853,-72.06995819614325,207918.4573936769,98.2363640758704,9,0.0
868f5b2c7ffffff,LIMA,HUAURA,-11.071893267861627,-77.42456685918184,207911.27557802192,42.57223111816189,10,0.0
868f0942fffffff,PIURA,PIURA,-5.000698820172184,-80.57281891013491,207484.03455462767,53.06912644018833,17,0.0
868f5daf7ffffff,HUANUCO,LEONCIO PRADO,-8.960736249088136,-76.09100058557152,207461.5224832108,69.70876152453599,31,0.0
868b6696fffffff,PUNO,AZANGARO,-15.10803193583114,-70.25725917181677,207369.845049488,123.51471889125769,28,0.0
868f09ad7ffffff,PIURA,MORROPON,-5.105950435726986,-79.83027803214014,207269.2750490458,53.01419643374024,17,0.0
868e65a1fffffff,JUNIN,SATIPO,-11.409425775945358,-74.24837833364163,207256.63763027336,70.88538334595664,5,0.0
868f4855fffffff,HUANUCO,PUERTO INCA,-9.10629403334577,-74.77344782484012,206865.8132594491,69.50859837273741,19,0.0
868f5e95fffffff,LA LIBERTAD,SANTIAGO DE CHUCO,-8.273836934275424,-78.20251905089222,205925.6071914572,53.69150497773087,0,0.0
86b3200b7ffffff,PUNO,CHUCUITO,-16.403077238774518,-69.19078691485412,205526.6522678985,122.41686670244934,20,0.0
868f46257ffffff,SAN MARTIN,EL DORADO,-6.3403681968815135,-76.88688082898435,205223.76058969056,44.695479127522766,8,0.0
868f5c3b7ffffff,LA LIBERTAD,PATAZ,-8.418308022924885,-77.35666222546887,203336.608518617,53.0164687982775,0,0.0
868f4e237ffffff,UCAYALI,PADRE ABAD,-8.708952140483623,-75.19435741680132,203212.59126459764,41.3543777921855,30,0.0
868f4a527ffffff,HUANUCO,LEONCIO PRADO,-9.3844434731445,-75.9214433632303,203101.1782742728,68.24365035120817,31,0.0
868e60367ffffff,JUNIN,CHUPACA,-12.12361335511349,-75.29313208034274,203085.7685641207,69.45887341112191,18,0.0
86b320197ffffff,PUNO,YUNGUYO,-16.298366073238938,-69.20362233508921,202991.81981109735,120.90705644887312,20,0.0
868f5136fffffff,LA LIBERTAD,SANCHEZ CARRION,-7.808014367586035,-77.92575695681182,201679.72874715464,52.58446634015551,0,0.0
868e6361fffffff,ICA,CHINCHA,-13.51979310583428,-76.05332290074494,201636.11883232032,27.409814333340314,1,0.0
868f5c047ffffff,LA LIBERTAD,PATAZ,-8.303248863570687,-77.30369440931126,201592.857143367,52.56181608693638,0,0.0
868f59b6fffffff,HUANUCO,PACHITEA,-9.935426514708832,-75.93039214898211,200782.2665081758,67.46447710807158,23,0.0
868f09037ffffff,PIURA,PIURA,-4.918304047323292,-80.22908129642188,200639.3097131441,51.31842032518189,17,0.0
868f56367ffffff,LAMBAYEQUE,LAMBAYEQUE,-6.375801113458065,-79.87878794106298,200518.08324055743,45.03869527504221,4,0.0
868e6568fffffff,JUNIN,HUANCAYO,-11.923993388344192,-74.96109240802123,199743.33092975125,68.31570146868746,26,0.0
868e64327ffffff,JUNIN,CHANCHAMAYO,-10.864257891197402,-75.3256039723977,199525.53042359743,68.24120989848649,5,0.0
868b61c77ffffff,CUSCO,QUISPICANCHI,-13.666619706236208,-71.62228530826091,199110.24694968143,94.07470099468053,9,0.0
868e63587ffffff,LIMA,CAÑETE,-13.00990172194365,-76.42787176052542,198875.7082123228,40.722094510097484,13,0.0
868f4000fffffff,SAN MARTIN,SAN MARTIN,-6.6105799777660295,-76.22721152965178,198036.7174036752,43.1302201254163,8,0.0
868f557b7ffffff,CAJAMARCA,CHOTA,-6.602989406166358,-78.6439275425846,198017.77896734112,108.083120082072,33,0.0
868f51acfffffff,LA LIBERTAD,SANCHEZ CARRION,-7.698666114022863,-77.935967275015,197994.42726904468,51.62358835438653,0,0.0
868e65cc7ffffff,JUNIN,CHANCHAMAYO,-11.208554545227832,-74.93894940567412,197972.1150828549,67.70991476997794,5,0.0
868f4a4dfffffff,HUANUCO,PACHITEA,-9.83266915677856,-76.00451644720037,197493.8916005576,66.35955635219034,23,0.0
868f4046fffffff,SAN MARTIN,LAMAS,-6.690480338613265,-76.50437710606053,197221.94730723056,42.95277215479764,8,0.0
868f0952fffffff,PIURA,SULLANA,-4.834449410184303,-80.55512191767154,197003.17013788348,50.38838852158848,17,0.0
868b61cf7ffffff,CUSCO,QUISPICANCHI,-13.593808392219588,-71.47274471651362,196874.343287314,93.01829143408524,9,0.0
868e60adfffffff,JUNIN,CHUPACA,-12.072664876259218,-75.33043332029217,196772.13080440345,67.299499226429,18,0.0
868f5384fffffff,LA LIBERTAD,ASCOPE,-7.746333955827179,-79.11642705818838,196342.3296301116,51.19283275378752,2,0.0
868b61b8fffffff,CUSCO,ANTA,-13.45676099525014,-72.12040075510862,196313.47140815476,92.75329324772083,9,0.0
868f5b0efffffff,LIMA,BARRANCA,-10.704393304569711,-77.62086646726449,196101.03955904293,40.1539491083854,10,0.0
868f0994fffffff,PIURA,AYABACA,-4.555729553775274,-79.81479846518872,195725.81740529105,50.06167425742749,17,0.0
868f50757ffffff,LA LIBERTAD,CHEPEN,-7.168024261065972,-79.45668125420146,195380.14107912447,50.941958896575535,4,0.0
86b3261afffffff,PUNO,PUNO,-15.667581987759974,-70.03337135336506,195147.22469696324,116.23461740593136,28,0.0
86b330237ffffff,AREQUIPA,ISLAY,-17.091282442091558,-71.8338798552706,195100.28976512016,37.63503781083678,11,0.0
868e6a067ffffff,ICA,NASCA,-14.914916155245017,-74.81003922181692,194916.2933445873,26.496341241129187,21,0.0
86b330d07ffffff,AREQUIPA,CAYLLOMA,-16.29349775221467,-72.30973220011595,194726.17493542872,37.56287069218215,15,0.0
868f5b357ffffff,LIMA,HUAURA,-10.841126784308177,-77.31773974138864,194621.751802366,39.851047882406014,10,0.0
868f5166fffffff,LA LIBERTAD,JULCAN,-8.014198143821472,-78.38672761546417,194553.71204491548,50.726481961923504,0,0.0
868f558b7ffffff,AMAZONAS,UTCUBAMBA,-5.96742414952051,-78.28783795335335,194270.8429421159,55.53684933666897,22,0.0
868e64227ffffff,JUNIN,CHANCHAMAYO,-11.030585651354585,-75.34064456039353,193270.567491283,66.10190352769214,5,0.0
868e60aafffffff,JUNIN,JAUJA,-11.913090478788163,-75.37881779272278,193098.284050092,66.04297958724507,18,0.0
86b32458fffffff,PUNO,MOHO,-15.265677920362643,-69.45448887740714,192997.7811703205,114.9543545359729,54,0.0
868b61137ffffff,CUSCO,QUISPICANCHI,-13.575197458431862,-71.75904478310476,192415.67957808543,90.91168234837852,9,0.0
86b326d57ffffff,PUNO,AZANGARO,-15.359572425601254,-70.13303799642053,192198.28596408092,114.47815499196484,28,0.0
868f46317ffffff,SAN MARTIN,MOYOBAMBA,-6.076563078955193,-77.0072896128557,191828.43612800524,41.77812470831071,8,0.0
86b320457ffffff,PUNO,CHUCUITO,-16.53456640989964,-69.36286330011804,191583.758977898,114.11212719302726,20,0.0
868f5e81fffffff,LA LIBERTAD,SANTIAGO DE CHUCO,-8.342666531586165,-78.35645223096394,191081.52724948,49.82117042845113,0,0.0
868f512efffffff,LA LIBERTAD,SANTIAGO DE CHUCO,-8.04367879654651,-78.09575686711119,190484.05206135364,49.66538920981168,0,0.0
868e65c6fffffff,JUNIN,SATIPO,-11.131112606706408,-74.72355717520945,190279.67910039888,65.07896755537844,5,0.0
868f5ecd7ffffff,LA LIBERTAD,VIRU,-8.497007868216508,-78.85595812795198,190214.78565829011,49.595182698743926,12,0.0
868f09b5fffffff,PIURA,AYABACA,-4.9244111396525385,-79.62326967232977,189643.58499080103,48.50599426626075,17,0.0
868f5c5afffffff,LA LIBERTAD,SANTIAGO DE CHUCO,-8.14179209744439,-77.95856974579475,189532.82010908367,49.41737209432591,0,0.0
86b336257ffffff,AREQUIPA,CAMANA,-16.611476455185564,-72.69080659542912,189390.50394637816,36.53361450983176,34,0.0
868f4038fffffff,SAN MARTIN,PICOTA,-6.873910203987535,-76.10639158434789,188987.51415636536,41.15940313181539,8,0.0
868f46357ffffff,SAN MARTIN,MOYOBAMBA,-6.174332266313333,-76.87116340443083,188536.26785653023,41.06112664805104,8,0.0
868e64357ffffff,JUNIN,CHANCHAMAYO,-11.02407931660657,-75.27736302265171,188534.4387625184,64.48206493360487,5,0.0
868f0950fffffff,PIURA,SULLANA,-4.891535177180571,-80.58213938110057,188446.5918398765,48.19983393440289,17,0.0
868f0dc5fffffff,TUMBES,ZARUMILLA,-3.601740824606836,-80.21563852599789,188200.2328337823,27.781941258344364,7,0.0
868f0915fffffff,PIURA,AYABACA,-4.960158216369301,-80.0660843632072,188027.5609939934,48.092656526800205,17,0.0
868e619b7ffffff,JUNIN,HUANCAYO,-12.012203956372632,-74.75993348169403,187155.22559881525,64.01034998665445,26,0.0
868f5c05fffffff,LA LIBERTAD,PATAZ,-8.360774748071837,-77.33017230277854,187040.7707848205,48.767613764007976,0,0.0
868f72797ffffff,PIURA,AYABACA,-4.805165647931362,-79.50650805003839,186851.7974068164,47.79192617612236,17,0.0
868f5108fffffff,LA LIBERTAD,GRAN CHIMU,-7.63940343255197,-78.51724189785028,186579.9649475667,48.64746669127566,0,0.0
868e64ae7ffffff,JUNIN,CHANCHAMAYO,-10.793688776434571,-75.17308993454677,186511.44764003303,63.79016670123725,5,0.0
868e60b9fffffff,JUNIN,JAUJA,-11.81106613119421,-75.45337172676571,186220.67832485083,63.69071852622294,18,0.0
868f40297ffffff,SAN MARTIN,PICOTA,-6.99416935672904,-76.22122830734882,186213.9906498452,40.5553602001433,8,0.0
868f43d2fffffff,SAN MARTIN,BELLAVISTA,-7.189011280574236,-76.55102257960526,186000.8827826191,40.50894764925668,8,0.0
868e65147ffffff,JUNIN,SATIPO,-11.328023387522862,-74.5117828886697,185519.242039702,63.45081508798307,5,0.0
868f54ca7ffffff,PIURA,HUANCABAMBA,-5.3087828055087645,-79.62122454944706,185393.60406371823,47.41895749414535,17,0.0
868e45a9fffffff,ICA,ICA,-14.301630738976836,-75.68254956267695,185236.57492935623,25.18050910700079,6,0.0
86b3262e7ffffff,PUNO,EL COLLAO,-16.207330736922255,-69.68540419954735,184910.0387581234,110.137090819211,20,0.0
868f5c037ffffff,LA LIBERTAD,PATAZ,-8.15372240610844,-77.47768328388067,184814.7550419653,48.18721904298189,0,0.0
868f7361fffffff,AMAZONAS,BAGUA,-5.645600804088,-78.38105739360648,184720.4138148746,52.8066365290879,22,0.0
868f54d1fffffff,PIURA,HUANCABAMBA,-5.189343105435409,-79.50432825815476,184507.7090308465,47.192368129748594,17,0.0
868b654c7ffffff,CUSCO,CANAS,-14.291157473856137,-71.42456829958485,184459.5447444192,87.15260406377539,9,0.0
868e6226fffffff,LIMA,CAÑETE,-12.836984271863518,-76.34811452964821,184391.81860515184,37.75635109799941,13,0.0
868f727b7ffffff,PIURA,AYABACA,-4.748126088092112,-79.4797499128601,184333.57931998424,47.14783018897364,17,0.0
868f50c1fffffff,LAMBAYEQUE,FERREÑAFE,-6.521609434430292,-79.64199117986213,184295.69437707355,41.39495792802617,4,0.0
868f5c007ffffff,LA LIBERTAD,PATAZ,-8.205497320168623,-77.44081518365469,184292.33465116288,48.05100705169146,0,0.0
868f50087ffffff,LAMBAYEQUE,CHICLAYO,-6.89686241649953,-79.5127781494488,183972.08740845995,41.32227203649596,4,0.0
86b3354b7ffffff,AREQUIPA,AREQUIPA,-16.36646046533578,-71.63012967240635,183627.08372088632,35.4218450790059,14,0.0
868f59ae7ffffff,HUANUCO,AMBO,-10.12068184234079,-76.13577037876146,183498.60425559245,61.65702579943937,23,0.0
868f507a7ffffff,LAMBAYEQUE,CHICLAYO,-7.074475223863613,-79.65726675640238,183466.08076230183,41.20861705448559,4,0.0
868f50d2fffffff,LAMBAYEQUE,LAMBAYEQUE,-6.292227975561932,-79.53433586289464,183307.01122008992,41.172888183934646,4,0.0
86b326347ffffff,PUNO,EL COLLAO,-16.027881038609884,-69.55011857822655,182947.1960235888,108.96797209548367,20,0.0
868f5044fffffff,LAMBAYEQUE,CHICLAYO,-7.017035470134401,-79.63028721957082,182741.92760126988,41.04596382628247,4,0.0
868f09a9fffffff,PIURA,MORROPON,-5.059067939923039,-79.92998682605953,182238.4350221392,46.61194569120278,17,0.0
868f538efffffff,LA LIBERTAD,ASCOPE,-7.757227569445166,-79.24378766223566,181527.59560686487,47.33014964020385,2,0.0
868e65017ffffff,JUNIN,SATIPO,-11.405676664004666,-74.72700860685968,181464.90277681235,62.06416037742476,5,0.0
868f0dc77ffffff,TUMBES,ZARUMILLA,-3.4931359715094343,-80.22503020469071,181310.70901284477,26.764916235531032,7,0.0
868b61dafffffff,CUSCO,QUISPICANCHI,-13.80732066070563,-71.44836685253168,180745.3133118245,85.39772094349733,9,0.0
868f54c37ffffff,PIURA,HUANCABAMBA,-5.246474749561833,-79.53112818930704,180590.70229301965,46.19049766639941,17,0.0
868e60497ffffff,LIMA,HUAROCHIRI,-12.01757001991325,-76.39730244015773,180504.04844671316,36.96028532783279,35,0.0
868f5c0a7ffffff,LA LIBERTAD,PATAZ,-8.2169732958271,-77.56759696624472,180365.7352829312,47.02721485605184,0,0.0
868e65817ffffff,JUNIN,SATIPO,-11.002704462411415,-74.5456661945025,179582.79651990958,61.42044722524879,5,0.0
868e60ad7ffffff,JUNIN,CONCEPCION,-12.021698583815732,-75.36772977401085,179518.51623099943,61.398462245790064,18,0.0
868f5b25fffffff,LIMA,HUAURA,-11.059668986193437,-77.29674716888273,179172.5736399227,36.68765050778705,10,0.0
868f0dcafffffff,TUMBES,TUMBES,-3.507963512820573,-80.41420695075595,179132.49850054804,26.44337084958892,7,0.0
868b6101fffffff,CUSCO,PAUCARTAMBO,-13.303969141082405,-71.75815008528053,178782.8290268442,84.47049532279418,9,0.0
868f406afffffff,SAN MARTIN,BELLAVISTA,-7.022772774669753,-76.53545725868617,178675.62902321646,38.91358790355072,8,0.0
868f405afffffff,SAN MARTIN,EL DORADO,-6.495291051440294,-76.77685003492358,178411.14209413028,38.85598555777698,8,0.0
868f538cfffffff,LA LIBERTAD,ASCOPE,-7.81475275472409,-79.27073297667145,178401.711772824,46.515130033248525,2,0.0
868f09487ffffff,PIURA,SULLANA,-5.072938017610706,-80.79008996701667,178240.9541646779,45.58949199965867,17,0.0
868e66ccfffffff,LIMA,HUARAL,-11.08039222738774,-76.94031930355331,178200.13490415135,36.48853246335962,56,0.0
868f5050fffffff,LAMBAYEQUE,CHICLAYO,-6.7511395244955015,-79.74982568099533,177985.27319852664,39.97756388592982,4,0.0
868f0d507ffffff,TUMBES,TUMBES,-3.678355804164224,-80.49487083963997,177829.32729914034,26.25099794323311,7,0.0
868f5ec1fffffff,LA LIBERTAD,VIRU,-8.381838144491047,-78.80217644257648,177336.03624837493,46.23727375541123,12,0.0
868f4605fffffff,SAN MARTIN,MOYOBAMBA,-6.030402583861347,-77.10678189182349,177236.38765801696,38.60013695511813,8,0.0
868f53a5fffffff,LA LIBERTAD,TRUJILLO,-8.116169564849924,-78.92261003981768,177072.13450432156,46.1684659854708,2,0.0
868f512e7ffffff,LA LIBERTAD,SANTIAGO DE CHUCO,-7.991782424664365,-78.13259059234791,177037.26623219188,46.159374692590085,0,0.0
868b65617ffffff,CUSCO,ACOMAYO,-14.101527157541828,-71.63600759246059,176856.2289534313,83.56022411064278,9,0.0
868e6016fffffff,JUNIN,JAUJA,-11.817658019541131,-75.51686711334168,176745.3576762377,60.44999367329456,18,0.0
868f5c187ffffff,LA LIBERTAD,PATAZ,-8.107658367170414,-77.5779260260925,176192.68955106626,45.93916607600666,0,0.0
868b6112fffffff,CUSCO,CUSCO,-13.533256050634169,-71.85863006523203,175856.17570647498,83.0877235154828,9,0.0
868f42b47ffffff,SAN MARTIN,HUALLAGA,-6.930906118488134,-76.73476720048379,175277.26207959733,38.17346093989045,8,0.0
868f5092fffffff,CAJAMARCA,CUTERVO,-6.255221219274495,-79.09039518843338,175150.54703006326,95.60160560235944,36,0.0
868e65397ffffff,JUNIN,SATIPO,-11.666710869332864,-74.60410275077903,175027.32691221818,59.86239720014844,5,0.0
868f09a97ffffff,PIURA,AYABACA,-5.007066606472174,-79.96639296451458,174893.33257310727,44.733255740814414,17,0.0
868f5982fffffff,HUANUCO,HUANUCO,-9.64538840961048,-76.3426418495065,174685.50396748673,58.695752311604544,23,0.0
86b334bafffffff,AREQUIPA,CAYLLOMA,-15.501690649217842,-71.6025433275368,174190.05679129623,33.601433301326914,37,0.0
868e60a1fffffff,JUNIN,CONCEPCION,-11.906455704131025,-75.31535019053749,174019.68335266048,59.51776553569603,18,0.0
86b326c17ffffff,PUNO,SAN ROMAN,-15.433517685378003,-70.2815692758915,173699.0418974693,103.459537844216,28,0.0
868f51a47ffffff,LA LIBERTAD,SANCHEZ CARRION,-7.57811528877583,-77.81944233564083,173658.66448616143,45.278463304546406,0,0.0
868f50767ffffff,LA LIBERTAD,CHEPEN,-7.105218915774568,-79.3661457802009,172827.605410248,45.06177916739727,4,0.0
868f0d577ffffff,TUMBES,TUMBES,-3.72527641267277,-80.39553377114794,172311.47526904763,25.43645781932336,7,0.0
868f51787ffffff,LA LIBERTAD,OTUZCO,-7.822964616981198,-78.72470414496624,172225.71609350087,44.90484704182569,0,0.0
868f43d97ffffff,SAN MARTIN,MARISCAL CACERES,-7.269218622523273,-76.82915275633192,172121.14779259518,37.48609394187108,8,0.0
868f46767ffffff,AMAZONAS,RIOJA,-6.150270923215221,-77.22218572112762,171968.55436853462,37.95897390642496,8,0.0
86b334a17ffffff,AREQUIPA,CAYLLOMA,-15.607881608760977,-71.59031633029787,171921.39983677,33.16380714317921,37,0.0
868f5985fffffff,HUANUCO,HUANUCO,-9.805929744585528,-76.2948494924166,171835.00422758353,57.737961178982616,23,0.0
868f5cc47ffffff,LA LIBERTAD,PATAZ,-7.940856233553861,-77.56172859823167,171832.52875271553,44.80233031089126,0,0.0
868f5178fffffff,LA LIBERTAD,OTUZCO,-7.874962243482548,-78.68791224769964,171431.53585819725,44.69777841816794,0,0.0
868f42a57ffffff,SAN MARTIN,HUALLAGA,-7.1028645252867,-76.81342388450213,171157.12806225117,37.27614104162062,8,0.0
868f4070fffffff,SAN MARTIN,PICOTA,-6.845219629237176,-76.39423049827401,171153.00323462064,37.27524269950499,8,0.0
868f09857ffffff,PIURA,AYABACA,-4.674838569046682,-79.93167261744331,170909.49665367074,43.71429207655292,17,0.0
868f5daa7ffffff,HUANUCO,LEONCIO PRADO,-8.857775636457223,-76.16490802757116,170800.77152853156,57.39045056729834,31,0.0
868f72487ffffff,PIURA,AYABACA,-4.602576082308443,-79.71525303841996,170730.62632486186,43.66854160656455,17,0.0
868e75b37ffffff,LIMA,HUARAL,-11.451242533173684,-77.35590255896066,170721.1752760539,34.95712923895255,24,0.0
868b654cfffffff,CUSCO,CANAS,-14.24182622400198,-71.46183818873753,170604.39088408466,80.60638418501816,9,0.0
868f5ec5fffffff,LA LIBERTAD,VIRU,-8.480263595287035,-78.66474315866033,170509.43996821155,44.45735802197565,12,0.0
868f40007ffffff,SAN MARTIN,SAN MARTIN,-6.559042788265812,-76.26390494461826,169389.3429972125,36.89113688689044,8,0.0
868f51677ffffff,LA LIBERTAD,OTUZCO,-7.9678224778587055,-78.487118822395,169255.24438555908,44.13034843202006,0,0.0
868f5d367ffffff,HUANUCO,LEONCIO PRADO,-9.121186067498115,-76.04323951000798,169253.74636143752,56.870637509172624,31,0.0
868f42a4fffffff,SAN MARTIN,MARISCAL CACERES,-7.148818153358091,-76.71368665643571,168865.1987963227,36.77698404160893,8,0.0
868f5b2d7ffffff,LIMA,HUAURA,-11.077987445506672,-77.48850367400162,168816.0059679844,34.56702385444719,10,0.0
868f510f7ffffff,LA LIBERTAD,GRAN CHIMU,-7.633871852408867,-78.45372766980137,168796.9951080806,44.0108679375913,0,0.0
868f5ecc7ffffff,LA LIBERTAD,VIRU,-8.491435695096975,-78.79220535633019,168761.59521073455,44.00163803272182,12,0.0
868f5b0dfffffff,LIMA,BARRANCA,-10.768101280252932,-77.71156105224773,168749.22695467266,34.55335008143682,10,0.0
868f4e32fffffff,UCAYALI,PADRE ABAD,-8.587960443176145,-75.07987619816333,168402.79521385385,34.270478867453015,30,0.0
868f54d0fffffff,PIURA,HUANCABAMBA,-5.18417944606043,-79.44108689033192,168385.57269923174,43.06873667393577,17,0.0
868f0ba67ffffff,PIURA,SECHURA,-5.447837119603939,-80.66241970228496,168323.14256779672,43.05276863790874,17,0.0
86b32631fffffff,PUNO,PUNO,-15.99718244330745,-69.71082292789929,168087.238165483,100.11700575974736,20,0.0
868f48c07ffffff,HUANUCO,PUERTO INCA,-8.716875359711707,-74.71848702917238,167904.92582656437,56.41742282203719,19,0.0
868f546cfffffff,LAMBAYEQUE,FERREÑAFE,-6.281687934660396,-79.40743122653335,167629.93639073867,37.65163471575681,4,0.0
868e63627ffffff,ICA,CHINCHA,-13.404591095276327,-76.00027819459702,167584.71318765334,22.78096751802474,1,0.0
86b320427ffffff,PUNO,CHUCUITO,-16.38187602259839,-69.41290380229374,167293.56902103737,99.64427636533868,20,0.0
868f40c97ffffff,SAN MARTIN,LAMAS,-6.272033209392356,-76.73503383855488,167292.87650822132,36.434549531064725,8,0.0
86b3262afffffff,PUNO,PUNO,-16.167927920710195,-69.78450057181726,166977.99744966975,99.45631396454584,20,0.0
868f5009fffffff,LAMBAYEQUE,CHICLAYO,-6.954283749849591,-79.53971929732579,166910.86045079838,37.49012189050338,4,0.0
868f50aa7ffffff,CAJAMARCA,SANTA CRUZ,-6.802028807071854,-79.04123490915856,166885.91082676296,91.09055779718597,50,0.0
868e60ab7ffffff,JUNIN,JAUJA,-11.868694195076824,-75.47959011110326,166768.63477290052,57.03778050789029,18,0.0
868f5ec8fffffff,LA LIBERTAD,VIRU,-8.444981402536937,-78.89281178845961,166707.85535864014,43.4661612409056,12,0.0
868e4514fffffff,ICA,ICA,-14.200332560094209,-75.75767531755712,166664.28675937775,22.65584748668991,6,0.0
86b335477ffffff,AREQUIPA,AREQUIPA,-16.381849229507335,-71.3415374172996,165998.05806432926,32.0211886886362,14,0.0
868f40b87ffffff,SAN MARTIN,LAMAS,-6.421996986527473,-75.96127226269486,165966.4583407065,36.14567023487516,57,0.0
86b320777ffffff,PUNO,CHUCUITO,-16.651094112257642,-69.06629906481581,165928.2560437809,98.83106146157976,20,0.0
868f4654fffffff,SAN MARTIN,RIOJA,-5.897177657912557,-77.46825702852074,165857.0248946039,36.12183683326476,8,0.0
86b326277ffffff,PUNO,EL COLLAO,-16.141667788637662,-69.59910244893456,165721.32993717838,98.70781104451856,20,0.0
868f5da87ffffff,HUANUCO,LEONCIO PRADO,-8.915297665685543,-76.19110317850156,165225.17358048994,55.51700423824144,31,0.0
86b326917ffffff,PUNO,HUANCANE,-15.21160471975188,-69.83672483240659,165053.3795254331,98.30996290357824,28,0.0
868f512b7ffffff,LA LIBERTAD,OTUZCO,-7.89915046906194,-78.33326790981478,165029.98578279934,43.028686057940696,0,0.0
868f506efffffff,LA LIBERTAD,PACASMAYO,-7.392534298784634,-79.50087018284849,164941.72341619068,43.00567318760976,4,0.0
868b61a37ffffff,CUSCO,ANTA,-13.464354608001171,-72.18289923201813,164899.23665242165,77.91083894465758,9,0.0
86b324487ffffff,PUNO,MOHO,-15.379573080747448,-69.50327759746172,164725.1680843998,98.1144718770674,54,0.0
868f40517ffffff,SAN MARTIN,EL DORADO,-6.438064927653693,-76.75067802292008,164498.9054972909,35.82605335770195,8,0.0
868f51497ffffff,LA LIBERTAD,ASCOPE,-7.631311734339619,-79.06263616765493,164249.36708415137,42.825153368073714,2,0.0
868b60b27ffffff,CUSCO,CANCHIS,-14.275275650075464,-71.2999908387438,163983.06914652776,77.47797230168773,9,0.0
86b320557ffffff,PUNO,CHUCUITO,-16.372993581063884,-69.3512304780102,163923.90557896998,97.63721968501096,20,0.0
86b326c0fffffff,PUNO,SAN ROMAN,-15.473625906180716,-70.18236726877866,163764.1873657509,97.54208748195192,28,0.0
868f50657ffffff,LA LIBERTAD,PACASMAYO,-7.3350556001609455,-79.47390267379019,163413.50016581384,42.607215669995625,4,0.0
868f53aa7ffffff,LA LIBERTAD,ASCOPE,-7.970995961925109,-79.16042057301325,163405.81781538491,42.60521263131616,2,0.0
86b3262efffffff,PUNO,EL COLLAO,-16.255443342208032,-69.6481426593093,163335.71416401738,97.28687801766398,20,0.0
868e60907ffffff,JUNIN,TARMA,-11.325181521883488,-75.53477817716033,163321.44306097212,55.85878084466619,18,0.0
868f5051fffffff,LAMBAYEQUE,CHICLAYO,-6.756415325975608,-79.8134228088961,163320.27249339974,36.6836340453273,4,0.0
868b61d0fffffff,CUSCO,QUISPICANCHI,-13.82293837744222,-71.57290269709176,163137.92309898871,77.0786615533104,9,0.0
868e61cafffffff,HUANCAVELICA,HUANCAYO,-12.26961873449009,-75.11772870247196,162520.03184246577,53.29663284208281,18,0.0
868b6690fffffff,PUNO,AZANGARO,-15.139878479859052,-70.09634477691814,162078.54497569983,96.53807628683984,28,0.0
868f54d27ffffff,PIURA,HUANCABAMBA,-5.075116879167731,-79.45076186089224,161925.29076811753,41.41636125441259,17,0.0
868f5cdb7ffffff,LA LIBERTAD,SANCHEZ CARRION,-7.693048101423738,-77.8725759922556,161909.10510106458,42.21497093555441,0,0.0
868f55767ffffff,CAJAMARCA,CELENDIN,-6.627812310312378,-78.29069756052853,161895.6660657186,88.36675579031746,53,0.0
868b66987ffffff,PUNO,AZANGARO,-15.114547824980082,-69.91105541277288,161852.3002134634,96.403319190399,28,0.0
868f5c31fffffff,LA LIBERTAD,PATAZ,-8.458440823675849,-77.19301267864888,161352.89282024174,42.06994829921609,0,0.0
868f42b2fffffff,SAN MARTIN,HUALLAGA,-6.827621261550918,-76.80822457183288,161125.2039032802,35.09129823605172,8,0.0
868f51397ffffff,LA LIBERTAD,OTUZCO,-7.789705020033812,-78.3433594329369,160869.0816891747,41.9438029979772,0,0.0
868f722dfffffff,CAJAMARCA,SAN IGNACIO,-5.085591741689972,-78.90897701753762,160443.99401263893,87.5743964089981,52,0.0
868f43d17ffffff,SAN MARTIN,MARISCAL CACERES,-7.200450528822448,-76.6769248130674,160304.04833638633,34.91245958016171,8,0.0
868f51267ffffff,LA LIBERTAD,SANCHEZ CARRION,-7.923012877887935,-77.97898520076345,160240.35456693094,41.77987338342373,0,0.0
868e650a7ffffff,JUNIN,SATIPO,-11.412350670158288,-74.79017158896794,160104.17229081603,54.75841815193021,5,0.0
86b33034fffffff,AREQUIPA,ISLAY,-17.114619771802246,-71.6071579493339,159976.10272110067,30.85954757928457,11,0.0
868f5164fffffff,LA LIBERTAD,JULCAN,-8.071732823191716,-78.41347501734587,159759.82515217052,41.65458373238695,0,0.0
868f55527ffffff,CAJAMARCA,CUTERVO,-6.165960678489832,-78.68372457944567,159720.19652233634,87.17932940305829,33,0.0
868f54c9fffffff,PIURA,HUANCABAMBA,-5.423111969079312,-79.67491154559518,159687.81188294833,40.844071197882805,17,0.0
868f5c067ffffff,LA LIBERTAD,PATAZ,-8.245730520881532,-77.27722854817668,159686.83714599785,41.63555338472799,0,0.0
868f50c37ffffff,LAMBAYEQUE,LAMBAYEQUE,-6.412163848646158,-79.65164379174989,159628.630701373,35.85444833275377,4,0.0
868e65027ffffff,JUNIN,SATIPO,-11.341418218584776,-74.63794574211214,159603.97832598665,54.58734309566341,5,0.0
868e6238fffffff,LIMA,CAÑETE,-12.703068339645954,-76.65232624700555,159552.66369165084,32.670247706937474,38,0.0
868f54827ffffff,CAJAMARCA,SAN IGNACIO,-5.204990395056074,-79.02542950252803,159299.1658910105,86.94952021864495,41,0.0
868b66877ffffff,PUNO,AZANGARO,-14.985532978631284,-70.14610257366522,159282.17737926784,94.87248909643858,28,0.0
86b330357ffffff,AREQUIPA,ISLAY,-17.074495183497657,-71.70778666837688,158946.14150315136,30.660867047195747,11,0.0
868f5161fffffff,LA LIBERTAD,OTUZCO,-7.978940250743536,-78.61430605993206,158799.03117455286,41.40407348582072,0,0.0
868e60a07ffffff,JUNIN,CONCEPCION,-11.848836224352768,-75.28917962052289,158629.2410277308,54.25396594625831,18,0.0
86b326c87ffffff,PUNO,LAMPA,-15.499002446896943,-70.36830204603578,158339.08196030295,94.31075763768534,28,0.0
86b330827ffffff,AREQUIPA,AREQUIPA,-16.342421907014323,-71.85634005380206,158259.06337732376,30.52832900086249,55,0.0
86b33415fffffff,AREQUIPA,CAYLLOMA,-15.640393617116636,-71.84121840016341,158165.65456845364,30.5103103497476,37,0.0
86b33088fffffff,AREQUIPA,AREQUIPA,-16.521935496876182,-71.99554185212614,157916.53293708307,30.462254542001663,32,0.0
868f512d7ffffff,LA LIBERTAD,SANTIAGO DE CHUCO,-8.054926058584117,-78.2227971200087,157828.2018290383,41.15094669237263,0,0.0
868e6511fffffff,JUNIN,SATIPO,-11.29052441328042,-74.6751319376661,157113.6099367899,53.735593689906,5,0.0
868f0905fffffff,PIURA,MORROPON,-5.126399695327502,-80.08352356194537,157084.64074414564,40.17824638583349,17,0.0
868b66b27ffffff,PUNO,AZANGARO,-14.90476918226251,-70.34420073595426,156685.50906294,93.32584784265104,39,0.0
868e648efffffff,PASCO,OXAPAMPA,-10.486845163848733,-75.39588474997842,156552.5884200509,60.65025831491155,16,0.0
868e64707ffffff,JUNIN,JUNIN,-10.966963982305122,-75.79518296898706,156049.15487849724,53.37153150244438,42,0.0
868f5172fffffff,LA LIBERTAD,OTUZCO,-7.748864451376005,-78.50720723999801,156002.63534806823,40.67496212135689,0,0.0
868e6a117ffffff,ICA,NASCA,-14.720936502544903,-75.02435979687532,155719.96408041986,21.16810880985164,21,0.0
868f54d8fffffff,PIURA,HUANCABAMBA,-5.251636061112271,-79.59439773454231,155595.54087476127,39.79737260236356,17,0.0
868f5198fffffff,CAJAMARCA,CAJAMARCA,-7.070406592631759,-78.31373172067825,155574.38699389074,84.91644153795256,40,0.0
868b6459fffffff,PUNO,AZANGARO,-15.116404498443044,-70.31916986270097,155531.0830756302,92.63824255814448,28,0.0
868f09167ffffff,PIURA,AYABACA,-4.845992497031778,-80.01228676661502,155422.59430348437,39.75313727853157,17,0.0
868f5ccc7ffffff,LA LIBERTAD,SANTIAGO DE CHUCO,-8.009734174298053,-77.71502536752901,155190.21185569774,40.4631368870912,0,0.0
868e60177ffffff,JUNIN,JAUJA,-11.773169261062764,-75.61765935475476,154990.0703093953,53.00930611591416,18,0.0
86b326d4fffffff,PUNO,AZANGARO,-15.399629894638862,-70.0339596960355,154903.15381881015,92.2642320282084,28,0.0
868f0dc0fffffff,TUMBES,ZARUMILLA,-3.4980819517753683,-80.28807873510654,154400.07879164294,22.792394327490893,7,0.0
86b336b37ffffff,AREQUIPA,CONDESUYOS,-15.900258414391509,-72.61049736391699,154210.18989061346,29.7472973225032,25,0.0
868f0990fffffff,PIURA,AYABACA,-4.456932289973807,-79.95068632332443,153918.3139667103,39.36838071851426,17,0.0
868f094f7ffffff,PIURA,PIURA,-5.119996204861972,-80.69031692576849,153276.02349941817,39.20409919153692,17,0.0
868f548e7ffffff,CAJAMARCA,SAN IGNACIO,-5.371160244221973,-79.04231096317483,153025.42473621984,83.52515336566196,41,0.0
868b6565fffffff,CUSCO,PARURO,-13.960878067944776,-71.81024127610411,152365.46598780158,71.98894016911133,9,0.0
868f463b7ffffff,SAN MARTIN,MOYOBAMBA,-6.087578418329058,-77.1330221303326,152273.88161433593,33.16357753996991,8,0.0
86b3348cfffffff,AREQUIPA,CAYLLOMA,-15.468834005141137,-71.76535101813643,152271.21853290164,29.373267840284253,37,0.0
868e63457ffffff,LIMA,CAÑETE,-13.207468207933298,-76.21410362715376,152249.71582437286,31.1748849201656,13,0.0
868b60b07ffffff,CUSCO,CANCHIS,-14.21804134498143,-71.27499478016367,152054.35766495863,71.84194912823433,9,0.0
868f4609fffffff,SAN MARTIN,RIOJA,-6.000624355935674,-77.39501917328562,151872.63594982878,33.076190644946365,8,0.0
868e6005fffffff,JUNIN,CONCEPCION,-12.048189775395588,-75.6218976249977,151653.9905182833,51.86830866671532,18,0.0
868f5e9a7ffffff,LA LIBERTAD,JULCAN,-8.12927452738905,-78.44023411329154,151476.6389029108,39.49488760814481,0,0.0
868f4840fffffff,HUANUCO,PUERTO INCA,-9.170022110520426,-74.86198971395024,151460.9569593149,50.89211533097338,19,0.0
868f400d7ffffff,SAN MARTIN,PICOTA,-6.730713225718951,-76.34206376584697,151407.75695459874,32.97494510998285,8,0.0
86b32619fffffff,PUNO,PUNO,-15.733129486048425,-70.11994339270356,151145.8415907937,90.026281937059,28,0.0
868e635a7ffffff,LIMA,CAÑETE,-12.952264515271857,-76.40127338759669,151057.12792413664,30.930688795754214,13,0.0
868f4aca7ffffff,HUANUCO,LEONCIO PRADO,-9.21794602322075,-75.90613905986638,150899.31886969742,50.70340035778885,31,0.0
868f4044fffffff,SAN MARTIN,BELLAVISTA,-6.74773286290068,-76.53049838583821,150730.9253194704,32.82753861994583,8,0.0
868f724d7ffffff,PIURA,AYABACA,-4.7064273650612565,-79.64248702776081,150699.69340408465,38.54513963412133,17,0.0
868f40ccfffffff,SAN MARTIN,LAMAS,-6.415644019344637,-76.49944996498454,150234.48581097324,32.7194195521227,8,0.0
868e618c7ffffff,HUANCAVELICA,TAYACAJA,-12.323627269886671,-74.59950259858822,150133.28459176025,38.61324559454752,27,0.0
868f4055fffffff,SAN MARTIN,LAMAS,-6.587291900776619,-76.57778017240777,149898.99567258486,32.64635348786805,8,0.0
868f72497ffffff,PIURA,AYABACA,-4.607659799619055,-79.77843141242182,149758.91758364203,38.304513163395,17,0.0
868e64177ffffff,PASCO,OXAPAMPA,-10.608444189873271,-75.51134127036416,149567.93217598018,57.94432282244228,16,0.0
868f09b27ffffff,PIURA,AYABACA,-4.711526986524955,-79.70567271536129,149293.17037692037,38.18538690167693,17,0.0
868f56207ffffff,LAMBAYEQUE,LAMBAYEQUE,-6.500967020087408,-80.05993863198309,149187.6846984583,33.50929034097154,4,0.0
86b32635fffffff,PUNO,EL COLLAO,-16.084775741480897,-69.57460347271281,149081.8117603243,88.79689362251038,20,0.0
868e6004fffffff,JUNIN,CONCEPCION,-12.041585514526558,-75.55832189779849,148849.50358507808,50.9091252426186,18,0.0
868f40ca7ffffff,SAN MARTIN,LAMAS,-6.209282986405962,-76.64611043797834,148742.08404227896,32.39439085217642,8,0.0
868f0918fffffff,PIURA,PIURA,-4.923371977010784,-80.29240323681007,148656.3010975095,38.02249197635183,17,0.0
868f09a0fffffff,PIURA,AYABACA,-4.986617893473935,-79.71331655972492,148582.91204625598,38.00372092802196,17,0.0
86b32440fffffff,PUNO,MOHO,-15.353654262565543,-69.31881333988375,148291.9324861963,88.3264215706136,54,0.0
868e6022fffffff,JUNIN,CHUPACA,-12.245529689004917,-75.40907652578744,148265.01462403795,50.70921982806333,18,0.0
868f5cce7ffffff,LA LIBERTAD,SANCHEZ CARRION,-7.952231200064494,-77.68846975338268,148138.58570118342,38.62454854472836,0,0.0
868f510c7ffffff,LA LIBERTAD,OTUZCO,-7.68582190824387,-78.41694548908694,147920.0796518958,38.567576909228535,0,0.0
86b334a1fffffff,AREQUIPA,CAYLLOMA,-15.656872990589552,-71.55286893391352,147886.77357874656,28.527504095761824,37,0.0
868f46397ffffff,SAN MARTIN,RIOJA,-6.144766775876618,-77.1592742859804,147653.96667613753,32.15741085099662,8,0.0
868f53acfffffff,LA LIBERTAD,TRUJILLO,-8.179244532380144,-79.01322734295876,147537.2396896628,38.46775807650417,2,0.0
868f501afffffff,LAMBAYEQUE,CHICLAYO,-6.724650548711527,-79.43202232581216,147481.32870542482,33.126022925090766,4,0.0
868f55d37ffffff,AMAZONAS,UTCUBAMBA,-5.770605143797138,-78.5604902433157,147453.88683119562,42.15313102589637,22,0.0
868b66b17ffffff,PUNO,AZANGARO,-14.839369195163096,-70.25765474900744,146966.8555866922,87.53717229132475,39,0.0
868f7359fffffff,CAJAMARCA,SAN IGNACIO,-5.184121301275503,-78.77290084992096,146908.64962264668,80.18646255434652,52,0.0
868f514efffffff,LA LIBERTAD,OTUZCO,-7.718952865015392,-78.79826540598543,146775.6340743801,38.269182716005176,0,0.0
868f5cc5fffffff,LA LIBERTAD,PATAZ,-7.99835241418287,-77.58824860072889,146649.36332154254,38.2362598228935,0,0.0
868f46017ffffff,SAN MARTIN,RIOJA,-5.880828672749884,-77.2795258113818,146578.166718615,31.92311344601449,8,0.0
868f46307ffffff,SAN MARTIN,MOYOBAMBA,-6.071046756896487,-76.94445080688824,146551.46520575354,31.91729815003052,8,0.0
868b61a17ffffff,CUSCO,ANTA,-13.406996232711004,-72.1576483248705,146212.87500991044,69.081992056421,9,0.0
868f5e92fffffff,LA LIBERTAD,SANTIAGO DE CHUCO,-8.112460282685328,-78.24950465741223,146146.71995152158,38.10520434430792,0,0.0
868f09cc7ffffff,PIURA,SULLANA,-4.772340425198985,-80.46478654209238,145973.56859078334,37.33631739472554,17,0.0
86b326257ffffff,PUNO,EL COLLAO,-16.198557036679667,-69.62361551007724,145958.24197141515,86.93641653953688,20,0.0
868f404f7ffffff,SAN MARTIN,EL DORADO,-6.713061633845302,-76.75582164572576,145632.1261718581,31.71707621431255,8,0.0
868e458c7ffffff,ICA,ICA,-13.983839934803049,-75.77977338255806,145140.05528968194,19.729907473220287,6,0.0
868b618e7ffffff,CUSCO,PARURO,-13.655584589523038,-71.97139033142514,144949.34368275022,68.48500454010274,9,0.0
868e6408fffffff,JUNIN,JUNIN,-10.851705504177596,-75.74271195850858,144853.5099186691,49.54242574324371,42,0.0
868e608a7ffffff,JUNIN,TARMA,-11.50458523415073,-75.67691532467929,144828.545858796,49.53388759954801,18,0.0
868f51a87ffffff,CAJAMARCA,CAJABAMBA,-7.548623137371893,-78.10975008332923,144357.90116502214,78.79419942887199,0,0.0
868f542c7ffffff,CAJAMARCA,CUTERVO,-6.192608304323269,-79.00027103587993,144251.98217360352,78.73638616014344,36,0.0
868f09947ffffff,PIURA,AYABACA,-4.503801737052899,-79.8511572854121,144090.76417238257,36.85474402472271,17,0.0
868f460f7ffffff,SAN MARTIN,RIOJA,-5.989687553924792,-77.26917957206302,144053.6995656386,31.373312250384124,8,0.0
868f4634fffffff,SAN MARTIN,LAMAS,-6.220412644628128,-76.77169175619792,143988.60166749635,31.359134643759507,8,0.0
868f400b7ffffff,SAN MARTIN,LAMAS,-6.576010788170599,-76.45217092582907,143893.36567315692,31.33839329107717,8,0.0
868e69397ffffff,AREQUIPA,LA UNION,-15.283895974789862,-72.87166504007928,143885.25531018543,27.755607285565613,29,0.0
868f59ad7ffffff,HUANUCO,AMBO,-10.184514871717134,-76.22546178066149,143850.43556124115,48.33491814633095,23,0.0
868f55d0fffffff,AMAZONAS,UTCUBAMBA,-5.874377533436587,-78.48734253018712,143788.83276074225,41.10538987936642,22,0.0
868f5179fffffff,LA LIBERTAD,OTUZCO,-7.880486857315167,-78.75152364713225,143446.60861211183,37.401197477956615,0,0.0
868e6345fffffff,ICA,CHINCHA,-13.258452081921968,-76.17665278784648,143441.07299092284,19.498952872257423,1,0.0
868f0bb77ffffff,PIURA,PIURA,-5.286409355709083,-80.70810199066119,142972.1413051139,36.56862881345167,17,0.0
86b326577ffffff,PUNO,PUNO,-15.70170925642642,-70.28119349917145,142709.88074105044,85.00161052118833,28,0.0
86b326cefffffff,PUNO,SAN ROMAN,-15.579173258840935,-70.16979399750625,142459.400949436,84.85241842895421,28,0.0
86b33406fffffff,AREQUIPA,CAYLLOMA,-15.73850252100101,-71.76625815001024,142326.29787781142,27.454882863354275,37,0.0
868f0dc8fffffff,TUMBES,TUMBES,-3.5647461061242134,-80.44108417910496,142287.83453070102,21.00439622835249,7,0.0
868f50607ffffff,LA LIBERTAD,CHEPEN,-7.230833441052219,-79.54727278199266,142053.77437145388,37.03804027965874,4,0.0
868f51777ffffff,LA LIBERTAD,OTUZCO,-7.800824838075957,-78.47041431524121,141971.76738547068,37.01665839055724,0,0.0
868f09c6fffffff,PIURA,PIURA,-4.70015212915057,-80.24792532545086,141638.8912992761,36.22761745183984,17,0.0
868e60a8fffffff,JUNIN,CONCEPCION,-11.970714614681375,-75.4050214108187,141453.9763772101,48.37972600518447,18,0.0
86b334307ffffff,AREQUIPA,CAYLLOMA,-15.836500489638794,-71.69129082818455,141391.50469708495,27.27456033926009,37,0.0
868e61c97ffffff,JUNIN,HUANCAYO,-12.28306986651332,-75.24469450426018,141194.01460242586,48.29081454607961,18,0.0
868f09aafffffff,PIURA,MORROPON,-4.9968526582857145,-79.83983154929827,141154.62157974008,36.10375360355688,17,0.0
868f500b7ffffff,LAMBAYEQUE,CHICLAYO,-6.844766092780694,-79.5494160483226,141073.14370584322,31.686669990941645,4,0.0
868f4601fffffff,SAN MARTIN,RIOJA,-5.9325212823795965,-77.2429091582174,140976.7843429782,30.703193937980068,8,0.0
868e60a17ffffff,JUNIN,CONCEPCION,-11.855467627037902,-75.3526269753093,140913.22258609568,48.1947787812152,18,0.0
868e6ac27ffffff,ICA,PALPA,-14.46893816229153,-75.2122947989855,140715.6857190319,19.12847183174949,43,0.0
868f43dafffffff,SAN MARTIN,MARISCAL CACERES,-7.257797513805182,-76.703136583975,140432.36212418828,30.584624763306703,8,0.0
868f556cfffffff,CAJAMARCA,CAJAMARCA,-6.9720296581502375,-78.45052992358335,139974.31942014114,76.40152946462754,40,0.0
868f54cefffffff,PIURA,HUANCABAMBA,-5.459569046992965,-79.44851560131501,139478.65347645484,35.67508368987468,17,0.0
868f4ad87ffffff,HUANUCO,LEONCIO PRADO,-9.108996291132105,-75.91698045136265,139215.9045624287,46.77767797809478,31,0.0
868f40087ffffff,SAN MARTIN,LAMAS,-6.627584020621855,-76.41547406399842,138967.97754350305,30.26569789892893,8,0.0
868f51a0fffffff,CAJAMARCA,CAJABAMBA,-7.531869773871327,-77.91958698018372,138918.90575781412,75.82545795126933,0,0.0
868f505a7ffffff,LAMBAYEQUE,LAMBAYEQUE,-6.709543852336514,-79.91363000699586,138790.10400290426,31.173872701940365,4,0.0
86b320727ffffff,PUNO,CHUCUITO,-16.555552027465563,-69.14072866626336,138742.53548059976,82.63855944945615,20,0.0
868f55dafffffff,AMAZONAS,UTCUBAMBA,-5.885032857940538,-78.61372295850383,138433.41746866866,39.57441957158944,22,0.0
868f5d35fffffff,HUANUCO,HUAMALIES,-9.236271492766935,-76.0956122267878,138129.56950022612,46.41266054796891,31,0.0
868f090c7ffffff,PIURA,MORROPON,-5.136591871123654,-80.21021311808448,137760.2893225337,35.23556994728492,17,0.0
868f0bb57ffffff,PIURA,PIURA,-5.3435849843499685,-80.73519089998635,137704.2012998589,35.221224060992995,17,0.0
868f098c7ffffff,PIURA,AYABACA,-4.736952372598198,-80.02177674255819,137542.31438447902,35.17981751518455,17,0.0
868f09bb7ffffff,PIURA,AYABACA,-4.783845341280888,-79.92215666391897,137533.3025881726,35.17751252743615,17,0.0
868e6ac17ffffff,ICA,PALPA,-14.533473069551938,-75.30261854364045,137396.61117767607,18.677286709441443,43,0.0
86b32625fffffff,PUNO,CHUCUITO,-16.2466493097004,-69.58636474464679,136972.56913888268,81.584322778295,20,0.0
868f46337ffffff,SAN MARTIN,MOYOBAMBA,-6.019397969989047,-76.98108559004737,136939.78061586493,29.82397890311053,8,0.0
868e6ad0fffffff,ICA,PALPA,-14.4114362631253,-75.18594653271596,136864.3878734425,18.6049378562826,43,0.0
868f4ac9fffffff,HUANUCO,LEONCIO PRADO,-9.333031378959832,-75.95844532524238,136847.0369487239,45.98171916322437,31,0.0
868f500a7ffffff,LAMBAYEQUE,CHICLAYO,-6.839449670924986,-79.48584826835835,136413.18411525595,30.639988830805663,4,0.0
868b61b5fffffff,CUSCO,ANTA,-13.429685665121749,-72.34525497243997,136216.7895114583,64.35908718944148,9,0.0
868e6a177ffffff,ICA,NASCA,-14.756948066651455,-74.85898380109094,136086.72622316636,18.49922484429017,21,0.0
86b336227ffffff,AREQUIPA,CAMANA,-16.456126836821024,-72.74045554813851,135679.832927996,26.17277323657798,34,0.0
868f55d47ffffff,AMAZONAS,UTCUBAMBA,-5.920914701957112,-78.38758802674687,135616.9256380491,38.769259723172645,22,0.0
86b334b9fffffff,AREQUIPA,CAYLLOMA,-15.566992910616058,-71.6904485213402,135531.7177625235,26.144201675461257,37,0.0
868f5e1b7ffffff,LA LIBERTAD,VIRU,-8.537852023446877,-78.6916009351195,135158.07046004917,35.24010593854536,12,0.0
868f598dfffffff,HUANUCO,HUANUCO,-9.875812731498574,-76.44796020680761,135127.87579355104,45.40406701089387,23,0.0
868f7379fffffff,AMAZONAS,BAGUA,-5.547189654021034,-78.51727452194109,134968.9202119597,38.58401226568982,22,0.0
868f736dfffffff,AMAZONAS,UTCUBAMBA,-5.811832647557838,-78.39760285968127,134842.00203189,38.5477297451743,22,0.0
868f51727ffffff,LA LIBERTAD,GRAN CHIMU,-7.696898420369169,-78.5439928462206,134840.4686540543,35.15729681548348,0,0.0
868f51427ffffff,LA LIBERTAD,GRAN CHIMU,-7.499940263816439,-78.81815076947487,134672.34390207013,35.11346122319774,47,0.0
86b32009fffffff,PUNO,CHUCUITO,-16.507734554330238,-69.1779441925899,134603.94733493024,80.17351178885211,20,0.0
868b61107ffffff,CUSCO,CALCA,-13.525576956425406,-71.79626811277261,134561.16979233926,63.57684753867965,9,0.0
868e64287ffffff,JUNIN,CHANCHAMAYO,-11.158804293741468,-75.51960944381382,134265.14575221002,45.92102060260368,5,0.0
868f50cdfffffff,LAMBAYEQUE,FERREÑAFE,-6.688462245269902,-79.65928084431422,134248.77896106534,30.15383824221075,4,0.0
86b3263a7ffffff,PUNO,PUNO,-15.957647105456315,-69.80986969640252,134120.84856882013,79.88576595831168,20,0.0
868f55d2fffffff,AMAZONAS,UTCUBAMBA,-5.817165337417019,-78.46075396100483,133772.36806376616,38.24194993986004,22,0.0
868e60a0fffffff,JUNIN,HUANCAYO,-11.89980881891806,-75.2519055368896,133618.06369308167,45.69970725726499,18,0.0
86b32634fffffff,PUNO,EL COLLAO,-16.076002238532958,-69.51290004614653,133533.83080559006,79.53612334758286,20,0.0
868f090e7ffffff,PIURA,MORROPON,-5.079464039445173,-80.1832608413914,133129.00310629242,34.051005003201475,17,0.0
868f4009fffffff,SAN MARTIN,PICOTA,-6.684819099878206,-76.44156453261348,132952.73186674478,28.95564351331616,8,0.0
868f4062fffffff,SAN MARTIN,PICOTA,-6.954063688091788,-76.38359888804337,132780.81137621845,28.91820112032115,8,0.0
86b32629fffffff,PUNO,PUNO,-16.233569927421904,-69.8709827347684,132757.7165419519,79.07385008370552,20,0.0
868f0ba77ffffff,PIURA,SECHURA,-5.452905836938803,-80.72590558461908,132677.89229191665,33.93562235750523,17,0.0
868f5daefffffff,HUANUCO,LEONCIO PRADO,-9.006128185023483,-75.99091648773492,132449.55896850093,44.50413074025516,31,0.0
868f09007ffffff,PIURA,MORROPON,-4.970325071656531,-80.19270466967637,132364.2718638041,33.85540624743461,17,0.0
868b61847ffffff,CUSCO,PARURO,-13.670905822938638,-72.09635899397188,132250.02305249177,62.48488747214964,9,0.0
868f4075fffffff,SAN MARTIN,PICOTA,-6.94834853834742,-76.32077175791918,132171.39852337987,28.785477699963657,8,0.0
868f54cd7ffffff,PIURA,HUANCABAMBA,-5.4699430181464805,-79.57511911100143,132120.86376733964,33.79314866180608,17,0.0
868e6378fffffff,ICA,CHINCHA,-13.417969688588734,-76.12827733174147,131955.60852240055,17.93765298988778,1,0.0
86b334337ffffff,AREQUIPA,CAYLLOMA,-15.787515428411124,-71.72877535707731,131841.88836450578,25.432429954993204,37,0.0
86b326317ffffff,PUNO,PUNO,-15.948961208092188,-69.74806311393425,131823.19479177444,78.51722531869503,20,0.0
868f51d2fffffff,CAJAMARCA,CAJAMARCA,-6.98294003681114,-78.57731647381713,131735.5322721386,71.90459072866155,40,0.0
868f59b2fffffff,HUANUCO,PACHITEA,-9.838862556156194,-76.0678034219027,131628.4026130762,44.22821551573784,23,0.0
868e6379fffffff,ICA,CHINCHA,-13.424637555305637,-76.19230889412246,131530.12377060734,17.87981385810992,1,0.0
868f518b7ffffff,CAJAMARCA,CAJAMARCA,-7.133309379656301,-78.40377464590898,131436.26444100076,71.74124276516932,40,0.0
868f54c47ffffff,PIURA,HUANCABAMBA,-5.397205850360101,-79.35845143485803,131366.24973135765,33.60013762953541,17,0.0
868b610b7ffffff,CUSCO,PAUCARTAMBO,-13.338273672992964,-71.59646448423055,131336.8905650129,62.05345480083256,9,0.0
868f59d07ffffff,HUANUCO,HUAMALIES,-9.5271520187505,-76.83417453846803,130806.85331933494,43.95216826074531,23,0.0
868f408dfffffff,SAN MARTIN,LAMAS,-6.38183287788742,-76.1231970450591,130720.96764017743,28.469589797511173,57,0.0
868f5074fffffff,LA LIBERTAD,CHEPEN,-7.214753476664959,-79.35638508534582,130696.97510650278,34.07695325128207,4,0.0
868e63437ffffff,LIMA,CAÑETE,-13.05440231023396,-76.32642249341296,130498.31710641726,26.72103521533515,13,0.0
868e66c77ffffff,LIMA,HUAURA,-10.907354393470497,-76.86058988251035,130397.46298117348,26.70038417023353,56,0.0
868e662cfffffff,LIMA,HUAROCHIRI,-11.799726303281604,-76.41888387369492,130237.23344459206,26.667575324997323,35,0.0
868e65d9fffffff,JUNIN,CHANCHAMAYO,-11.004494190001404,-75.08765643166237,130096.3435558498,44.49521757327143,5,0.0
868f400a7ffffff,SAN MARTIN,SAN MARTIN,-6.570360939087592,-76.38939573887247,130089.75650408924,28.332118950680258,8,0.0
868e75977ffffff,LIMA,HUAURA,-11.187284645247638,-77.47805365470582,130026.43968039578,26.624412871096336,10,0.0
868e636e7ffffff,ICA,PISCO,-13.570675032590724,-76.0158374811513,129846.17034175708,17.650902237026983,1,0.0
868f5598fffffff,AMAZONAS,UTCUBAMBA,-5.904839826028775,-78.19816998387756,129798.66601967905,37.105974574802126,22,0.0
868f519a7ffffff,CAJAMARCA,CELENDIN,-6.961090180326504,-78.32380368281174,129584.75612543618,70.73064262286023,40,0.0
868f5101fffffff,LA LIBERTAD,GRAN CHIMU,-7.576387409964585,-78.42700535884451,129308.53717427218,33.714942313612134,0,0.0
86b334177ffffff,AREQUIPA,CAYLLOMA,-15.534106533449576,-71.85338330012,129063.00953946916,24.8963814961319,37,0.0
868e6c45fffffff,AYACUCHO,HUAMANGA,-13.420215987314766,-74.13162990970261,129046.29119609672,41.545092032085925,44,0.0
868f51857ffffff,CAJAMARCA,SAN MARCOS,-7.220610788415908,-78.14017354880278,128966.988170973,70.39344922359425,45,0.0
868e45a97ffffff,ICA,ICA,-14.250992458325626,-75.72011503646354,128874.5309582104,17.518820468858635,6,0.0
868f093a7ffffff,PIURA,MORROPON,-5.178427924170244,-80.0471128714642,128774.268242045,32.93717484455668,17,0.0
86b334497ffffff,AREQUIPA,CONDESUYOS,-15.793755030003055,-72.62247425825572,128772.18647135537,24.840281440217563,25,0.0
868e4585fffffff,ICA,ICA,-13.970141180472767,-75.65177155880268,128693.35574478027,17.494192049155455,6,0.0
868e64ad7ffffff,JUNIN,CHANCHAMAYO,-10.857774785743317,-75.26236006170228,128664.72642526808,44.005579556046825,5,0.0
868e60d67ffffff,JUNIN,TARMA,-11.408763671075649,-75.81490274966171,128512.0164640561,43.95335008699326,18,0.0
868f40617ffffff,SAN MARTIN,BELLAVISTA,-6.965474115866601,-76.50931262370224,128443.94364249056,27.97367900107587,8,0.0
868f59b47ffffff,HUANUCO,PACHITEA,-9.941647914000974,-75.99367579279372,128433.05125683786,43.154551430884965,23,0.0
868f0979fffffff,PIURA,PIURA,-5.328388382925497,-80.54482152238366,128239.51052629044,32.800397453982214,17,0.0
868e45d6fffffff,ICA,PISCO,-13.787542361951823,-75.99390351048969,128164.18667222034,17.422258379167115,1,0.0
868f51647ffffff,LA LIBERTAD,JULCAN,-8.019780784543093,-78.45030056156924,128043.02073963427,33.38498100925339,0,0.0
868f559afffffff,AMAZONAS,UTCUBAMBA,-5.847635742658679,-78.17165463371651,127879.8313877639,36.55743096300338,22,0.0
868e69337ffffff,AREQUIPA,LA UNION,-15.153738133322564,-72.69418465043583,127816.86534382882,24.65599905499284,29,0.0
868f54d97ffffff,PIURA,HUANCABAMBA,-5.204801836947063,-79.69412629257236,127699.2635517146,32.662216050944444,17,0.0
868f5cc2fffffff,LA LIBERTAD,PATAZ,-7.837249289325612,-77.63539422429275,127648.74242855734,33.28217982687243,0,0.0
868f56257ffffff,LAMBAYEQUE,LAMBAYEQUE,-6.605258590910588,-79.9868012686083,127583.93099734106,28.65683581907992,4,0.0
868f5195fffffff,CAJAMARCA,CELENDIN,-7.10578416082853,-78.08697286801201,127561.74291757852,69.62643076565847,45,0.0
868f59177ffffff,HUANUCO,HUANUCO,-9.9334312958063,-76.47432074917204,127342.94826889664,42.7882679470176,23,0.0
868e62b37ffffff,LIMA,HUAROCHIRI,-12.126461800720334,-76.38650157954909,127175.74843310166,26.040700966636475,35,0.0
868e62257ffffff,LIMA,CAÑETE,-12.850052909789635,-76.47610131585002,126738.70742710576,25.951211781099783,13,0.0
868f460a7ffffff,SAN MARTIN,RIOJA,-5.8862839722638745,-77.34241870574643,126725.24642741193,27.599365640467177,8,0.0
868f55d4fffffff,AMAZONAS,UTCUBAMBA,-5.972786433158448,-78.35099433629182,126718.85453077576,36.22553866350314,22,0.0
868f7365fffffff,AMAZONAS,UTCUBAMBA,-5.743961605936248,-78.24481982516309,126566.24279707708,36.18191104170939,22,0.0
868e664cfffffff,LIMA,HUARAL,-11.484199129069257,-77.1267863683021,126480.0822175531,25.8982552872134,24,0.0
868f0dc87ffffff,TUMBES,TUMBES,-3.5128990540094995,-80.47728633541638,126265.75915473336,18.639232539500785,7,0.0
868e60337ffffff,JUNIN,CONCEPCION,-12.034968871079863,-75.4947685839864,126212.98169983708,43.16704011665558,18,0.0
868f4675fffffff,AMAZONAS,RODRIGUEZ DE MENDOZA,-6.2646947812766856,-77.27476174347909,125852.73270944192,35.97793754966563,8,0.0
868f43cf7ffffff,SAN MARTIN,MARISCAL CACERES,-7.475798937980158,-76.68201681136884,125766.40194223372,27.39053985172479,8,0.0
868b66b77ffffff,PUNO,AZANGARO,-14.80716569627227,-70.41860665678745,125446.99994880822,74.71940257625668,39,0.0
868f4019fffffff,SAN MARTIN,SAN MARTIN,-6.518794054380836,-76.42608603014205,125313.00739881674,27.291795504122938,8,0.0
868b66ba7ffffff,PUNO,AZANGARO,-14.83104436122235,-70.19583122717646,125277.8018685838,74.61862392490131,39,0.0
868f554e7ffffff,CAJAMARCA,CHOTA,-6.499080723544943,-78.71722392597253,125152.224135882,68.31125437503212,33,0.0
868f5cc07ffffff,LA LIBERTAD,SANCHEZ CARRION,-7.842917648840461,-77.69875483804842,124868.58185976262,32.55730152225463,0,0.0
868e613a7ffffff,HUANCAVELICA,ACOBAMBA,-12.763546085698833,-74.6175500710099,124755.94854714876,32.0863697462606,46,0.0
86b326267ffffff,PUNO,EL COLLAO,-16.13288736979372,-69.53737418877905,124682.76108842732,74.26420260259036,20,0.0
868e6c48fffffff,AYACUCHO,HUAMANGA,-13.391140387225423,-74.3591357748595,124528.37910510064,40.09059789766648,44,0.0
868f54cafffffff,PIURA,HUANCABAMBA,-5.3607743637305365,-79.58476149281724,124463.4197233694,31.83456969427047,17,0.0
868f72417ffffff,PIURA,AYABACA,-4.540488097902883,-79.62531004939893,124242.86393593924,31.77815714669605,17,0.0
868f5ccf7ffffff,LA LIBERTAD,SANCHEZ CARRION,-7.957906329080166,-77.75186586262288,124213.718291312,32.38655728590276,0,0.0
868f53a57ffffff,LA LIBERTAD,TRUJILLO,-8.06413121729796,-78.95941767433331,124204.33975421188,32.384111996177694,2,0.0
868b66a27ffffff,PUNO,AZANGARO,-14.74178973791663,-70.33202057614123,124039.92421144198,73.88131271744416,39,0.0
868e64267ffffff,JUNIN,CHANCHAMAYO,-11.126233310686237,-75.20300099790074,123578.03232974977,42.265841494833765,5,0.0
868b656d7ffffff,CUSCO,ACOMAYO,-13.93750695681115,-71.62306366881593,123525.98138660014,58.36299207119975,9,0.0
868f5990fffffff,HUANUCO,DOS DE MAYO,-9.536309393366777,-76.35337306515775,123367.94619025958,41.45263486844674,23,0.0
868e60597ffffff,LIMA,HUAROCHIRI,-11.850990635117334,-76.38159463721014,123362.06052779676,25.25980439204809,35,0.0
868f5045fffffff,LAMBAYEQUE,CHICLAYO,-7.022349758128144,-79.69391498859339,123300.5049776336,27.69472848134246,4,0.0
868f59c77ffffff,HUANUCO,DOS DE MAYO,-9.73951110494804,-76.74949185964265,123298.39932065722,41.42926655373537,23,0.0
868f51547ffffff,LA LIBERTAD,GRAN CHIMU,-7.488980836972647,-78.69106152362643,123193.43284280274,32.12053567749537,47,0.0
868e6a087ffffff,ICA,NASCA,-14.950776425993142,-75.12972993155998,123149.5495913168,16.74058352779313,21,0.0
868b645b7ffffff,PUNO,LAMPA,-15.22215490545664,-70.30664357576401,123111.96159272324,73.3285947368463,28,0.0
868f5495fffffff,CAJAMARCA,SAN IGNACIO,-5.251676408234787,-78.92578792492128,122961.5654031091,67.11553734342061,52,0.0
868f59d0fffffff,HUANUCO,HUAMALIES,-9.578743304613944,-76.79714466843829,122914.98601571798,41.30043656001204,23,0.0
868f59d17ffffff,HUANUCO,HUAMALIES,-9.533161419101958,-76.89764903264421,122785.26574064192,41.25684949089224,23,0.0
868f50107ffffff,LAMBAYEQUE,CHICLAYO,-6.661947058276963,-79.34161918195767,122457.9621110324,27.505483547360683,4,0.0
868f48567ffffff,HUANUCO,PUERTO INCA,-8.991429018227285,-74.72190846086174,122347.72786103464,41.10983319918464,19,0.0
868b61177ffffff,CUSCO,CALCA,-13.483593307735948,-71.8958592714264,122106.56052107149,57.6923505770733,9,0.0
868f54197ffffff,PIURA,HUANCABAMBA,-5.568744281114909,-79.43882865912775,121972.6347917887,31.197490408854083,17,0.0
868e63747ffffff,ICA,CHINCHA,-13.391155608632513,-75.87236536669472,121948.2622833472,16.577284103745857,1,0.0
86b3200afffffff,PUNO,CHUCUITO,-16.44197167419188,-69.09204014122004,121820.18267779924,72.55917857844385,20,0.0
868f5c58fffffff,LA LIBERTAD,SANTIAGO DE CHUCO,-8.19932700562638,-77.98521386721953,121790.34505867412,31.754705046845853,0,0.0
868f50667ffffff,LA LIBERTAD,CHEPEN,-7.272214896782052,-79.3833138786967,121786.24535812985,31.75363612154228,4,0.0
868f40737ffffff,SAN MARTIN,PICOTA,-6.742066030702493,-76.467667142374,121761.62823817947,26.51834416158792,8,0.0
868f54da7ffffff,PIURA,HUANCABAMBA,-5.142528898540991,-79.60402784149501,121247.76537311828,31.01208729138232,17,0.0
868e6401fffffff,PASCO,PASCO,-10.787682261534634,-75.65313465172484,121058.67291365084,46.89951062177986,42,0.0
868b65497ffffff,CUSCO,CANCHIS,-14.373785587710785,-71.22548031444443,120696.57048889592,57.026164920059294,9,0.0
868e6098fffffff,JUNIN,TARMA,-11.446949385159748,-75.65066592385178,120507.60910274976,41.21570322197184,18,0.0
868f404efffffff,SAN MARTIN,EL DORADO,-6.759047252713361,-76.65621927337602,120487.49641843273,26.240852257182848,8,0.0
868f46557ffffff,SAN MARTIN,RIOJA,-5.8508774289126615,-77.5678110039185,120434.99846320187,26.229418779619063,8,0.0
868b6156fffffff,CUSCO,PAUCARTAMBO,-13.387873102146887,-71.5592855222113,120382.17762324252,56.87762201338167,9,0.0
868f50717ffffff,LAMBAYEQUE,CHICLAYO,-7.069151573315413,-79.59363537402058,120357.94911439202,27.033796186795566,4,0.0
868f54177ffffff,CAJAMARCA,JAEN,-5.5426505850959416,-79.12244711094291,120317.39538876216,65.67228236566828,41,0.0
868f562efffffff,LAMBAYEQUE,LAMBAYEQUE,-6.662645293250715,-80.01383233958433,120310.56006506576,27.023152054767746,4,0.0
868e60067ffffff,JUNIN,JAUJA,-11.932921770840416,-75.56935685501445,120310.20388086754,41.1481871945596,18,0.0
868f4079fffffff,SAN MARTIN,BELLAVISTA,-6.919559673568773,-76.60893495474822,120141.06429955928,26.165403149858623,8,0.0
868f5dacfffffff,HUANUCO,LEONCIO PRADO,-9.06365360797152,-76.01707178602155,120107.05123008174,40.3569475987556,31,0.0
868b61b1fffffff,CUSCO,ANTA,-13.521713729561174,-72.20816368574,120047.04194642795,56.719278637930245,9,0.0
86b326cd7ffffff,PUNO,LAMPA,-15.596157194912308,-70.2937451766546,119950.85439185596,71.44575942293136,28,0.0
868f48d47ffffff,HUANUCO,PUERTO INCA,-8.647039173337063,-74.56759561934524,119630.87331487748,40.1969479403278,19,0.0
868f736c7ffffff,AMAZONAS,UTCUBAMBA,-5.754636321138299,-78.37104268101506,119398.8302493513,34.132939076753225,22,0.0
868e642a7ffffff,JUNIN,CHANCHAMAYO,-11.101183175521166,-75.49343626477554,119385.13220575644,40.83179655413189,5,0.0
868f506cfffffff,LA LIBERTAD,PACASMAYO,-7.450020503718971,-79.52784899653318,119198.9610814758,31.07904694094746,4,0.0
86b320517ffffff,PUNO,CHUCUITO,-16.285883440465515,-69.48738274942666,119189.8326425015,70.99247564187235,20,0.0
868f59a87ffffff,HUANUCO,AMBO,-10.081665199068144,-76.29965021828986,119168.34159595409,40.04153351501154,23,0.0
868f548afffffff,CAJAMARCA,SAN IGNACIO,-5.324449159650776,-79.14200576380793,119157.58988705472,65.03923114185082,41,0.0
868b66a2fffffff,PUNO,AZANGARO,-14.692959260335904,-70.36920270884801,119139.93802497846,70.96275714709277,39,0.0
868f43d9fffffff,SAN MARTIN,MARISCAL CACERES,-7.320873897500598,-76.79237755113138,119111.74843205356,25.94122946870428,8,0.0
868f43d8fffffff,SAN MARTIN,MARISCAL CACERES,-7.315154877917478,-76.72936047135713,118981.47876449072,25.912858167102684,8,0.0
868f0932fffffff,PIURA,MORROPON,-5.163075068281962,-79.8571495255897,118792.02344187946,30.383971112066973,17,0.0
868f42b4fffffff,SAN MARTIN,HUALLAGA,-6.982539670595215,-76.6980297834676,118790.80133030548,25.87133071796508,8,0.0
868f090f7ffffff,PIURA,MORROPON,-5.084549645473601,-80.24660669451275,118777.78390839182,30.38032900242357,17,0.0
86b33636fffffff,AREQUIPA,CAMANA,-16.432020491338683,-72.55050472695856,118531.50548289352,22.86484400404836,34,0.0
868f55447ffffff,CAJAMARCA,CHOTA,-6.488310866472625,-78.59056311785962,118383.70423300251,64.6168247472689,33,0.0
868f40187ffffff,SAN MARTIN,SAN MARTIN,-6.461589542778714,-76.40001326721479,118284.37143375272,25.76103585344312,8,0.0
868e623a7ffffff,LIMA,CAÑETE,-12.59420821234846,-76.66306905670304,118222.5289326293,24.20742603353787,38,0.0
868b656efffffff,CUSCO,ACOMAYO,-13.95310024985307,-71.74781771046803,118061.54359142648,55.7811794344302,9,0.0
868f5154fffffff,LA LIBERTAD,GRAN CHIMU,-7.540967953232545,-78.65430547252309,117868.9817454322,30.732278061081672,47,0.0
868e66c47ffffff,LIMA,HUAURA,-10.958833019391395,-76.8234028219783,117850.13750281,24.1311745942034,56,0.0
868f59c6fffffff,HUANUCO,YAROWILCA,-9.784993975544143,-76.6489658937867,117589.17476564107,39.51092059622003,23,0.0
868e6516fffffff,JUNIN,SATIPO,-11.321309368530942,-74.44873838845467,117417.11291791766,40.15869964758287,5,0.0
868f5559fffffff,CAJAMARCA,CUTERVO,-6.348542333256792,-78.89045758979951,117145.27636202352,63.9408594425874,36,0.0
868f59bb7ffffff,HUANUCO,HUANUCO,-9.863536263086942,-76.32115939856419,117092.25003344296,39.34394983827986,23,0.0
868b61a07ffffff,CUSCO,ANTA,-13.414571641764438,-72.22015399750423,117070.34275841185,55.31286138741829,9,0.0
868f5579fffffff,CAJAMARCA,HUALGAYOC,-6.712300352723204,-78.63396253437865,116949.45961291472,63.83397770036012,33,0.0
86b326c9fffffff,PUNO,LAMPA,-15.556046099239024,-70.39306061968148,116865.65342328054,69.60813577873328,28,0.0
868f5daafffffff,HUANUCO,LEONCIO PRADO,-8.909261277323443,-76.12795699106195,116815.79545423968,39.25105884768373,31,0.0
868f09327ffffff,PIURA,MORROPON,-5.111070810110336,-79.89357233756637,116792.9547047606,29.872660293379106,17,0.0
868f59d27ffffff,HUANUCO,HUAMALIES,-9.469543443940012,-76.80774259848715,116745.24587829188,39.22735361547229,23,0.0
868f42497ffffff,CAJAMARCA,SAN MARCOS,-7.152124226100622,-77.98692252911906,116641.90118043922,63.66610451663461,45,0.0
868f40637ffffff,SAN MARTIN,PICOTA,-6.908186643005583,-76.48318013346329,116504.22367776529,25.37333924052158,8,0.0
868e64277ffffff,JUNIN,CHANCHAMAYO,-11.132769915229572,-75.26627707218455,116445.87139885288,39.82651811560592,5,0.0
868e6012fffffff,JUNIN,JAUJA,-11.722083773153736,-75.65492870768665,116411.0758153968,39.81461741944374,18,0.0
868b611b7ffffff,CUSCO,PAUCARTAMBO,-13.502467102470328,-71.60936759259707,116398.0742546192,54.99523103211861,9,0.0
868f53a37ffffff,LA LIBERTAD,ASCOPE,-7.907982092690635,-79.0697942247061,116110.79166779324,30.27386071030712,2,0.0
868f554dfffffff,CAJAMARCA,SANTA CRUZ,-6.613771809982263,-78.77065516520742,116097.8441100042,63.36914438516567,33,0.0
868f5cd37ffffff,LA LIBERTAD,SANCHEZ CARRION,-7.624324335698198,-77.71930562790969,116094.03731106268,30.269492304453827,0,0.0
868f4619fffffff,SAN MARTIN,RIOJA,-5.834577393519469,-77.37902887047838,116031.88325793654,25.270468689300422,8,0.0
868f59a07ffffff,HUANUCO,AMBO,-10.011667041694588,-76.14657650461767,115844.5491038705,38.92471216224021,23,0.0
868f5b38fffffff,LIMA,BARRANCA,-10.85935541975925,-77.50938387609906,115628.33031568411,23.67623395278148,10,0.0
868f51ad7ffffff,CAJAMARCA,CAJABAMBA,-7.652397719096049,-78.0361735749001,115626.51747473684,63.11188236766832,0,0.0
868f43d27ffffff,SAN MARTIN,BELLAVISTA,-7.137403061019891,-76.58778295315814,115529.62955698148,25.16108335427268,8,0.0
868f48cefffffff,HUANUCO,PUERTO INCA,-8.876597412777114,-74.6704199668368,115508.63743135091,38.81184310395559,19,0.0
868b61d5fffffff,CUSCO,QUISPICANCHI,-13.723914808994156,-71.64736449376227,115239.91163476573,54.44802764186082,9,0.0
868f5184fffffff,CAJAMARCA,SAN MARCOS,-7.266955720984413,-78.04007733219358,115091.14552098673,62.81966279290332,45,0.0
868f542b7ffffff,CAJAMARCA,FERREÑAFE,-6.041939622503859,-79.17335823698407,115044.21101049548,32.61725582334415,4,0.0
868f5c01fffffff,LA LIBERTAD,PATAZ,-8.26301863619852,-77.46732325757576,114964.89828854147,29.975089028071203,0,0.0
868b6180fffffff,CUSCO,PARURO,-13.71291624226742,-71.9965945384179,114938.6618607887,54.30569452317023,9,0.0
868f4018fffffff,SAN MARTIN,SAN MARTIN,-6.513150001223607,-76.36332955955695,114886.51822056496,25.021020774623587,8,0.0
868e6970fffffff,AREQUIPA,LA UNION,-15.307136656868131,-73.0613392992327,114638.65730899065,22.113909762007705,29,0.0
868f0dce7ffffff,TUMBES,ZARUMILLA,-3.554858178808572,-80.31492633198904,114239.64081471082,16.863948267756616,7,0.0
868b6181fffffff,CUSCO,PARURO,-13.70523101476916,-71.934132846033,113893.98123331313,53.81210858688471,9,0.0
868f4aa77ffffff,HUANUCO,PUERTO INCA,-9.566064379438687,-74.98011381299258,113862.84084470366,38.25884204427344,3,0.0
868f59c2fffffff,HUANUCO,DOS DE MAYO,-9.687940841968626,-76.78654011338251,113827.00394633268,38.246800554495366,23,0.0
868f5c897ffffff,LA LIBERTAD,PATAZ,-7.877671960332307,-77.47189368728621,113731.86566756829,29.653597310700004,0,0.0
868f4a4a7ffffff,HUANUCO,HUANUCO,-9.620855768300672,-76.08942901447594,113579.07717999094,38.16349514140672,23,0.0
868f59377ffffff,HUANUCO,AMBO,-10.293545672365209,-76.21467247882009,113574.92733004328,38.16210075801985,23,0.0
868b6108fffffff,CUSCO,PAUCARTAMBO,-13.239003970043369,-71.67081758837945,113539.7529105121,53.64474440517198,9,0.0
868e6a19fffffff,ICA,NASCA,-14.842988970072566,-75.14098723305268,113465.919394357,15.424219637690072,21,0.0
868b610f7ffffff,CUSCO,PAUCARTAMBO,-13.246650729087843,-71.73306408014493,113218.88292897207,53.4931412203335,9,0.0
86b33549fffffff,AREQUIPA,AREQUIPA,-16.472296785912373,-71.61787567183676,113201.54623003218,21.83668962122736,14,0.0
86b3344afffffff,AREQUIPA,CASTILLA,-15.7778739900562,-72.49618300303888,113199.8422938263,21.83636093025712,25,0.0
868f5ed37ffffff,LA LIBERTAD,TRUJILLO,-8.105112849978998,-78.79523892902327,113195.37747416543,29.51371738561716,2,0.0
86b326d2fffffff,PUNO,AZANGARO,-15.253957502060292,-70.14561111995458,113158.09949097114,67.3998229856457,28,0.0
868e60947ffffff,JUNIN,JAUJA,-11.420841925697356,-75.39693212981317,112925.62765949393,38.62253338542416,18,0.0
868e642dfffffff,JUNIN,JAUJA,-11.312141935191804,-75.40799133482939,112874.18310370558,38.60493845046905,18,0.0
868e6421fffffff,JUNIN,CHANCHAMAYO,-11.145809583626724,-75.39289792781332,112817.59633768848,38.58558478996731,5,0.0
868e613b7ffffff,HUANCAVELICA,ACOBAMBA,-12.770463796012988,-74.68094039207716,112788.15628269926,29.00833609643878,46,0.0
868e60927ffffff,JUNIN,TARMA,-11.26755588457744,-75.50858687333246,112753.79180463268,38.563762527305016,18,0.0
868f59b37ffffff,HUANUCO,HUANUCO,-9.793620457456509,-76.16816864840276,112709.97822078568,37.87147081148132,23,0.0
868e64a97ffffff,PASCO,OXAPAMPA,-10.761977755687468,-75.39991334307231,112285.37631781964,43.50063545669608,5,0.0
868b61b47ffffff,CUSCO,ANTA,-13.487061563767204,-72.37057418394225,112284.10778270906,53.05148292434346,9,0.0
868f4aa57ffffff,HUANUCO,PUERTO INCA,-9.62356811641402,-75.00600425297225,112123.82518261374,37.67451861588507,3,0.0
868f5402fffffff,CAJAMARCA,JAEN,-5.657037210438523,-79.17592771099713,112063.13495577849,61.16689791877975,41,0.0
86b336237ffffff,AREQUIPA,CAMANA,-16.46413039028897,-72.80383146319097,112061.92391407271,21.616855355461563,34,0.0
868f50d1fffffff,LAMBAYEQUE,LAMBAYEQUE,-6.354821042607237,-79.6247197528577,112029.48424698078,25.163126044680624,4,0.0
868e60aa7ffffff,JUNIN,JAUJA,-11.862086962865416,-75.41609718667092,111769.52076080468,38.22712467070456,18,0.0
868f5e947ffffff,LA LIBERTAD,SANTIAGO DE CHUCO,-8.21628685784254,-78.1758108376178,111725.70862978807,29.130526906542165,0,0.0
868f506e7ffffff,LA LIBERTAD,PACASMAYO,-7.340418983429598,-79.53756399950895,111699.6151517502,29.12372348794326,4,0.0
868f40027ffffff,SAN MARTIN,SAN MARTIN,-6.501843670962502,-76.23787635384184,111427.30043263586,24.26764116597749,8,0.0
868f59b1fffffff,HUANUCO,HUANUCO,-9.902646313191807,-76.15737592600779,111183.1275278412,37.358436541010015,23,0.0
868f40197ffffff,SAN MARTIN,SAN MARTIN,-6.467221699017292,-76.4627707817848,111129.8189376119,24.20285296643636,8,0.0
868b60b5fffffff,CUSCO,CANCHIS,-14.070065673162311,-71.38672108703753,111092.90021142933,52.48866660621061,9,0.0
868f5d6dfffffff,HUANUCO,HUAMALIES,-9.515103631005326,-76.70728312949623,110960.4653609798,37.28362023915079,23,0.0
868f093b7ffffff,PIURA,MORROPON,-5.183534613259251,-80.11045643261677,110955.72433310312,28.379645578685796,17,0.0
868f42b0fffffff,SAN MARTIN,HUALLAGA,-6.88491797644905,-76.83444412220693,110946.8885384048,24.16301273635745,8,0.0
868f501a7ffffff,LAMBAYEQUE,CHICLAYO,-6.672574724998756,-79.46864613858283,110880.6118040508,24.905075922563004,4,0.0
86b334067ffffff,AREQUIPA,CAYLLOMA,-15.689461879692328,-71.80373917502278,110801.03659126635,21.37362895058974,37,0.0
868f5bb47ffffff,LIMA,CAJATAMBO,-10.43127822130608,-77.06754699798392,110597.19603627702,22.64605119461236,49,0.0
868e61c5fffffff,HUANCAVELICA,TAYACAJA,-12.35775583280626,-74.91623036848468,110548.62862665857,28.432345025347363,18,0.0
868f50af7ffffff,CAJAMARCA,SAN MIGUEL,-6.9060648359282855,-78.96790218582295,110463.3351391396,60.29368665163605,50,0.0
868b6579fffffff,CUSCO,CANAS,-14.143087701429804,-71.53637346556198,110429.46395528948,52.17520927098287,9,0.0
868b61c2fffffff,CUSCO,QUISPICANCHI,-13.71614940693708,-71.58506480377044,110258.7041857497,52.09452947419956,9,0.0
868f598cfffffff,HUANUCO,HUANUCO,-9.869679556108355,-76.3845496887047,110242.05321539022,37.04222790608679,23,0.0
868f5545fffffff,CAJAMARCA,CHOTA,-6.545645041316316,-78.61723956798194,110237.024744648,60.17016070527294,33,0.0
868f48c77ffffff,HUANUCO,PUERTO INCA,-8.761800403249385,-74.61898235052566,110164.5776772304,37.01619549415361,19,0.0
868e608cfffffff,JUNIN,JAUJA,-11.708973071417375,-75.52790612302962,110063.57421986676,37.64366121252661,18,0.0
868e61c37ffffff,JUNIN,HUANCAYO,-12.154405737500968,-75.06546503205023,110046.13109787382,37.63769536070465,18,0.0
868e646c7ffffff,JUNIN,TARMA,-11.299935839272395,-75.82584344659112,109961.15833449474,37.60863319422854,18,0.0
868f59c37ffffff,HUANUCO,HUAMALIES,-9.642384797097852,-76.88707516850258,109688.08900872974,36.856091420086834,23,0.0
868f4672fffffff,SAN MARTIN,RIOJA,-6.10405778690458,-77.32175601657522,109651.60299646696,23.88091378379216,8,0.0
868f510afffffff,LA LIBERTAD,GRAN CHIMU,-7.581916328649635,-78.49050258136879,109628.42574186304,28.583697028740502,0,0.0
868b6568fffffff,CUSCO,ACOMAYO,-13.986970022647132,-71.58581114784147,109581.66980154152,51.77464735746652,9,0.0
868f51d97ffffff,CAJAMARCA,SAN MIGUEL,-7.062093178030964,-78.8578457215249,109481.48556459868,59.7577682809672,51,0.0
868f42a6fffffff,SAN MARTIN,HUALLAGA,-7.091487254230986,-76.68748056608888,109423.23826937116,23.83117845653743,8,0.0
868e60307ffffff,JUNIN,CHUPACA,-12.085966127459471,-75.45746704270393,109377.97059939482,37.40917282163018,18,0.0
868f4040fffffff,SAN MARTIN,EL DORADO,-6.650168648177996,-76.66676676295673,109274.20803665325,23.79872131007118,8,0.0
868f51127ffffff,CAJAMARCA,CAJAMARCA,-7.294604372778742,-78.35698061838481,109258.9781912845,59.63631811990349,40,0.0
868f5060fffffff,LA LIBERTAD,PACASMAYO,-7.282946285983849,-79.51059178885627,109161.09103520958,28.46184766735816,4,0.0
868f0951fffffff,PIURA,SULLANA,-4.896569510483069,-80.64550744294863,109075.54504544828,27.898743650202668,17,0.0
868f51af7ffffff,CAJAMARCA,CAJABAMBA,-7.594925666529746,-78.00956014452778,108827.44538429884,59.40077658196675,0,0.0
868f0ba57ffffff,PIURA,SECHURA,-5.510112092300862,-80.75301213930322,108758.90812155211,27.81775599741315,17,0.0
868f54157ffffff,CAJAMARCA,JAEN,-5.599838023001031,-79.14918176379565,108750.09403414535,59.35855625553573,41,0.0
868f54817ffffff,CAJAMARCA,SAN IGNACIO,-5.267315621918445,-79.11529521194365,108729.39395762584,59.34725762938288,41,0.0
868b61ab7ffffff,CUSCO,URUBAMBA,-13.391808842692482,-72.03272724530083,108562.8095113542,51.293260896332015,9,0.0
868f55637ffffff,CAJAMARCA,HUALGAYOC,-6.701463845636551,-78.50725551206813,108523.52027258895,59.23488655675688,33,0.0
868e610a7ffffff,HUANCAVELICA,HUANCAVELICA,-12.574498239429978,-74.89375793639951,108474.71389546724,27.898948456589174,18,0.0
868f50947ffffff,CAJAMARCA,CHOTA,-6.359213333391134,-79.01718922167711,108006.77630008318,58.952834606051766,36,0.0
868b66957ffffff,PUNO,AZANGARO,-15.091248278193012,-70.13354039092164,107910.19144795743,64.2740363673198,28,0.0
868f43d1fffffff,SAN MARTIN,MARISCAL CACERES,-7.252076321971509,-76.64015719719258,107855.73643895071,23.489793788687088,8,0.0
868e7592fffffff,LIMA,HUAURA,-11.13568396541656,-77.51525927528978,107827.25291466544,22.078873399999875,10,0.0
868f59a9fffffff,HUANUCO,AMBO,-10.139288315519712,-76.32598383909354,107686.6695936306,36.1835981931608,23,0.0
868f59d2fffffff,HUANUCO,HUAMALIES,-9.521132745770982,-76.77071918844068,107658.06555296326,36.17398700248964,23,0.0
86b33622fffffff,AREQUIPA,CAMANA,-16.50525156111052,-72.70278974315832,107632.34216576791,20.762384678947747,34,0.0
868b60b2fffffff,CUSCO,CANCHIS,-14.225982268585252,-71.33724408886147,107568.2116993034,50.823337860164585,9,0.0
868f5065fffffff,LA LIBERTAD,PACASMAYO,-7.387161233399211,-79.43720546419478,107533.79753455744,28.037559312538544,4,0.0
868f0d51fffffff,TUMBES,TUMBES,-3.735182621912621,-80.52178026097165,107470.56762668092,15.864704054018729,7,0.0
868e6032fffffff,JUNIN,CHUPACA,-12.079321678142287,-75.39393878438847,107467.79775480214,36.75586040715621,18,0.0
868f42a2fffffff,SAN MARTIN,HUALLAGA,-6.99388299985251,-76.82393726263241,107285.81150562353,23.36567040312692,8,0.0
86b326cdfffffff,PUNO,SAN ROMAN,-15.644691732299972,-70.25646597414729,107244.02814510018,63.87725267358432,28,0.0
868b6695fffffff,PUNO,AZANGARO,-15.042590209686187,-70.17073564085213,107156.72926044215,63.82525525228383,28,0.0
868f09517ffffff,PIURA,SULLANA,-4.844508836036133,-80.68183835533343,107054.86202052304,27.38190444772868,17,0.0
868f40607ffffff,SAN MARTIN,PICOTA,-6.959772223006157,-76.44644589059489,107015.10483362,23.306713465716516,8,0.0
868e61237ffffff,HUANCAVELICA,ACOBAMBA,-12.864797825218275,-74.5428374886795,106851.21145478549,27.48139482325694,46,0.0
868f513afffffff,LA LIBERTAD,SANCHEZ CARRION,-7.778552196346658,-78.21636618096365,106287.91670939304,27.712717650356232,0,0.0
868e6088fffffff,JUNIN,JAUJA,-11.613343430488763,-75.66592542297631,106281.81065064334,36.35023214123969,18,0.0
86b326c8fffffff,PUNO,LAMPA,-15.547594063942524,-70.33102387780124,106210.1949833876,63.26147552276996,28,0.0
868f5189fffffff,CAJAMARCA,CAJAMARCA,-7.242671643783312,-78.39372136016128,106185.8398076109,57.9589213392528,40,0.0
868e6904fffffff,AREQUIPA,LA UNION,-15.161521417249508,-72.7572773871509,105915.45358565976,20.43119518298568,29,0.0
868f4ad8fffffff,HUANUCO,LEONCIO PRADO,-9.160413464114152,-75.88000462315458,105757.03329504257,35.535224678123825,31,0.0
868f4a797ffffff,HUANUCO,PACHITEA,-9.877836898219517,-75.90419278155098,105743.5414406533,35.530691305145126,23,0.0
868e60bb7ffffff,JUNIN,JAUJA,-11.70239974557592,-75.46442841365452,105699.56621306777,36.15109439283994,18,0.0
868f40cc7ffffff,SAN MARTIN,LAMAS,-6.364061161765864,-76.53612355095214,105680.76460220464,23.016108831092964,8,0.0
868e656dfffffff,JUNIN,HUANCAYO,-12.02572452457504,-74.88654533749167,105636.44878880966,36.129507133365394,26,0.0
868f5496fffffff,CAJAMARCA,SAN IGNACIO,-5.189346383318416,-78.83601214943596,105465.45923642926,57.565719374328935,52,0.0
86b334ab7ffffff,AREQUIPA,CAYLLOMA,-15.624166391288044,-71.71570459469046,105448.37972826476,20.341096176445625,37,0.0
868f5cccfffffff,LA LIBERTAD,SANTIAGO DE CHUCO,-8.061554941449602,-77.67817820165313,105395.67767642446,27.48008190809316,0,0.0
868f5636fffffff,LAMBAYEQUE,LAMBAYEQUE,-6.427915249474967,-79.84222420668117,105388.87034549816,23.67156687398339,4,0.0
868f514cfffffff,LA LIBERTAD,OTUZCO,-7.776464866279996,-78.82509526495707,105324.20561853403,27.461446817468303,0,0.0
868f5001fffffff,LAMBAYEQUE,CHICLAYO,-6.886203325217941,-79.38564847340218,105248.04269247552,23.6399353440571,4,0.0
868f54d57ffffff,PIURA,HUANCABAMBA,-5.2361358378391305,-79.404626337104,105157.60227609116,26.896633773851235,17,0.0
868f5574fffffff,CAJAMARCA,CELENDIN,-6.737058870778792,-78.28062591259724,105138.69918470545,57.38736546038914,53,0.0
868b6561fffffff,CUSCO,ACOMAYO,-14.052076352986704,-71.67327931155558,105101.72932448132,49.657985521574616,9,0.0
868e609afffffff,JUNIN,TARMA,-11.389315609264372,-75.62442922227844,105093.21027102428,35.943710089556355,18,0.0
868e6415fffffff,PASCO,OXAPAMPA,-10.7172424270805,-75.50033509184006,105078.67768780584,40.7086782114074,5,0.0
868b618f7ffffff,CUSCO,PARURO,-13.647905391194916,-71.90895165015027,104934.65700857632,49.57904795605984,9,0.0
868f59107ffffff,HUANUCO,YAROWILCA,-9.88804860174202,-76.57484134371126,104771.99989645224,35.20424543216947,23,0.0
868e642c7ffffff,JUNIN,CHANCHAMAYO,-11.254523606217344,-75.3818401735551,104726.84704355604,35.81840747864902,5,0.0
868f59d77ffffff,HUANUCO,HUAMALIES,-9.572710833561429,-76.73368984390291,104715.72776446304,35.1853375374314,23,0.0
86b324417ffffff,PUNO,MOHO,-15.31400653653731,-69.41737712317544,104555.80373956756,62.27607829991036,54,0.0
868f4acb7ffffff,HUANUCO,LEONCIO PRADO,-9.224063704718096,-75.96927573219111,104443.67971705686,35.093927177414464,31,0.0
86b32699fffffff,PUNO,HUANCANE,-15.334118450498016,-69.94755930713247,104383.5493505516,62.1734792338214,28,0.0
868f5c017ffffff,LA LIBERTAD,PATAZ,-8.211239559058543,-77.5041973592683,104211.92492769916,27.17143905659245,0,0.0
868f4014fffffff,SAN MARTIN,SAN MARTIN,-6.542019830359102,-76.0758198149525,104139.33377990693,22.680402142225333,57,0.0
868f50457ffffff,LAMBAYEQUE,CHICLAYO,-6.9702215128180764,-79.73055496243649,103969.92410664778,23.352855033981506,4,0.0
868e648dfffffff,PASCO,OXAPAMPA,-10.550842712860614,-75.48521504846666,103932.61410727992,40.26468010888029,16,0.0
868b61a8fffffff,CUSCO,URUBAMBA,-13.292282315036578,-72.10718714591208,103908.74453035872,49.094329509301936,9,0.0
868b66927ffffff,PUNO,AZANGARO,-15.245512619349997,-70.08376459030121,103824.45262230662,61.840467096952025,28,0.0
868e690cfffffff,AREQUIPA,LA UNION,-15.23435290707939,-72.90919879030596,103703.6524472994,20.004536567703983,29,0.0
868f54cb7ffffff,PIURA,MORROPON,-5.313941523193148,-79.68452198171862,103682.581860888,26.5193611558192,17,0.0
868f5cd47ffffff,LA LIBERTAD,PATAZ,-7.774097777882481,-77.54554861708336,103610.28615730743,27.014572256606524,0,0.0
868f5e987ffffff,LA LIBERTAD,JULCAN,-8.186823103866487,-78.46700489929079,103431.02405394902,26.967832794496605,0,0.0
86b32691fffffff,PUNO,HUANCANE,-15.260090797713016,-69.7995593560305,103334.10233338315,61.54840207621492,28,0.0
868e64037ffffff,PASCO,PASCO,-10.67884304026675,-75.66410017577216,103318.5442439304,40.02678244004314,42,0.0
868e608afffffff,JUNIN,TARMA,-11.555707062005222,-75.63967054938824,103270.96504717472,35.32047045429149,18,0.0
868e4598fffffff,ICA,PISCO,-13.774001052482737,-75.86584183022885,103178.8457391189,14.025825438494264,1,0.0
868e61067ffffff,HUANCAVELICA,CHURCAMPA,-12.597744197950398,-74.60285858538974,102908.3225901787,26.46731099437744,46,0.0
868e608dfffffff,JUNIN,JAUJA,-11.715534426017944,-75.5914062691,102873.76376921404,35.184620692490505,18,0.0
868e61807ffffff,HUANCAVELICA,TAYACAJA,-12.157741923134529,-74.58484198404098,102819.99383022382,26.444593446363527,27,0.0
868f55957ffffff,AMAZONAS,BONGARA,-5.888711899191559,-78.00889209514527,102641.33595822207,29.342418679496145,22,0.0
868f55d6fffffff,AMAZONAS,UTCUBAMBA,-5.915562344603003,-78.32443335232371,102583.56064955884,29.325902260644927,22,0.0
868f09597ffffff,PIURA,PAITA,-4.91164080814697,-80.83566898762257,102418.20995069384,26.195967055094545,17,0.0
868e61137ffffff,HUANCAVELICA,TAYACAJA,-12.344141515272716,-74.78946652035216,102330.64087394589,26.31873524020652,18,0.0
868f56d37ffffff,PIURA,SECHURA,-5.552095633311932,-80.58961268639685,102266.79475192504,26.15723890742922,17,0.0
868f54db7ffffff,PIURA,HUANCABAMBA,-5.147673485711388,-79.66729036849887,102065.068112525,26.10564237589052,17,0.0
86b326207ffffff,PUNO,EL COLLAO,-16.1022824697495,-69.69811720724708,101949.50778154362,60.72370257948717,20,0.0
868e6156fffffff,HUANCAVELICA,HUANCAVELICA,-12.530543545972073,-74.99455354593212,101892.47504659064,26.206042010661776,18,0.0
868f09057ffffff,PIURA,MORROPON,-5.07437304441088,-80.11992577607984,101780.08884090996,26.03275194347419,17,0.0
868f401afffffff,SAN MARTIN,SAN MARTIN,-6.455951352770193,-76.33727552835097,101478.11862878362,22.10081873580541,8,0.0
868e6ac47ffffff,ICA,NASCA,-14.620205721956582,-75.09954781060168,101354.70347852256,13.777856964541812,43,0.0
868f460afffffff,SAN MARTIN,RIOJA,-5.937987408206488,-77.30580226350708,101333.09579813962,22.069234357459365,8,0.0
86b326c1fffffff,PUNO,SAN ROMAN,-15.48209801870748,-70.24431129825349,101309.35666753344,60.34241240262454,28,0.0
868f0bb2fffffff,PIURA,PIURA,-5.234295419648666,-80.744470233839,101258.660894406,25.899383968044827,17,0.0
868f4ac97ffffff,HUANUCO,LEONCIO PRADO,-9.281607575047396,-75.99544204812959,101249.79103956177,34.02075456453421,31,0.0
868f09b9fffffff,PIURA,AYABACA,-4.8928868275869535,-79.91263463629298,101191.44664355772,25.882192276238246,17,0.0
86b326107ffffff,PUNO,PUNO,-15.602032472070784,-69.9468970233556,101175.33893397324,60.26258805457056,28,0.0
868f51aafffffff,CAJAMARCA,CAJABAMBA,-7.543046530216794,-78.0463462449845,101159.69489518327,55.21552412031214,0,0.0
868b64417ffffff,PUNO,LAMPA,-15.07602710421034,-70.41834926511345,101134.1722979042,60.23806816605662,28,0.0
868e60377ffffff,JUNIN,CHUPACA,-12.130285711452606,-75.35663489949832,101007.69688566416,34.546393285628874,18,0.0
868e6108fffffff,HUANCAVELICA,HUANCAVELICA,-12.682832007467056,-74.88251134799714,100986.31537053264,25.972983990152564,18,0.0
868f51227ffffff,LA LIBERTAD,SANCHEZ CARRION,-7.824863082764876,-78.11608450996268,100861.60887605262,26.29790266926639,0,0.0
868e69727ffffff,AREQUIPA,LA UNION,-15.200218940125882,-73.07317520292099,100801.71179011032,19.444749360367705,29,0.0
86b326137ffffff,PUNO,PUNO,-15.55359773727578,-69.98412575794171,100321.08992602272,59.75377576291377,28,0.0
868f5995fffffff,HUANUCO,HUANUCO,-9.63926991585024,-76.27930783373387,100292.3449772894,33.69904488830762,23,0.0
868e64017ffffff,PASCO,PASCO,-10.73646029103505,-75.6902914698293,100275.0418325042,38.8476948931814,42,0.0
868f401b7ffffff,SAN MARTIN,LAMAS,-6.4100237011628405,-76.43669145889857,100141.90458600225,21.80980600566427,8,0.0
868e45867ffffff,ICA,ICA,-13.855023537811428,-75.59889707117378,100104.27034310378,13.60787680286955,6,0.0
868f0d467ffffff,TUMBES,TUMBES,-3.885886737983403,-80.34994335605279,99969.16224198075,14.757353650595856,7,0.0
868e63427ffffff,LIMA,CAÑETE,-13.04781413147693,-76.2624234353565,99951.55681445565,20.466233808123977,13,0.0
868f54c1fffffff,PIURA,HUANCABAMBA,-5.355601645156625,-79.52147274052243,99736.6636068775,25.51009586370055,17,0.0
86b33081fffffff,AREQUIPA,AREQUIPA,-16.456613455388425,-71.90711234878097,99710.64008364164,19.23428055493068,55,0.0
868e64d97ffffff,HUANUCO,AMBO,-10.281067750942215,-76.08785107111144,99676.18685263794,33.49201073923446,23,0.0
868f5d32fffffff,HUANUCO,LEONCIO PRADO,-9.075798137147888,-76.1433759541779,99471.2440681584,33.423148294196665,31,0.0
868f4a4b7ffffff,HUANUCO,HUANUCO,-9.627003563362964,-76.1527012717129,99290.4236952283,33.36239117593931,23,0.0
868f40cd7ffffff,SAN MARTIN,LAMAS,-6.369663740639257,-76.5989024520308,99237.52988063572,21.61284313620402,8,0.0
86b326cc7ffffff,PUNO,SAN ROMAN,-15.587671902659013,-70.2317524291863,98999.77742287736,58.96676865320329,28,0.0
868f7360fffffff,AMAZONAS,UTCUBAMBA,-5.6402801961310765,-78.31795695687961,98996.61169908548,28.3004892834638,22,0.0
868f505afffffff,LAMBAYEQUE,CHICLAYO,-6.761683741348764,-79.87703173159657,98959.72657019136,22.227506354872517,4,0.0
868f51b27ffffff,CAJAMARCA,SAN MARCOS,-7.255843471928651,-77.91342750211508,98870.00222710958,53.96575185801813,45,0.0
868e6d96fffffff,CUSCO,ANTA,-13.387363678234,-72.44512356181363,98801.64355211874,46.68134974136973,9,0.0
868b65487ffffff,CUSCO,CANAS,-14.381770853233556,-71.28773624637637,98678.8826265653,46.62334821938785,9,0.0
86b3261b7ffffff,PUNO,SAN ROMAN,-15.62766795111703,-70.13253473740481,98664.45853204114,58.76704425002077,28,0.0
868e45337ffffff,ICA,ICA,-14.359157711413143,-75.7090431166505,98558.6831668988,13.397774278673475,6,0.0
868b6111fffffff,CUSCO,CALCA,-13.468259859211772,-71.77115079709908,98501.40333384211,46.53949361295014,9,0.0
86b33635fffffff,AREQUIPA,CAMANA,-16.497213057431463,-72.63944982535224,98435.91402281178,18.9883846438813,34,0.0
868b61c47ffffff,CUSCO,PAUCARTAMBO,-13.61706578083948,-71.65950419113724,98291.16034309535,46.4401589639618,9,0.0
868b60b77ffffff,CUSCO,CANCHIS,-14.176663434136248,-71.37449595572585,98285.46633549036,46.43746868522874,9,0.0
868f40767ffffff,SAN MARTIN,PICOTA,-6.8338184429529205,-76.26863156101273,98283.30819111769,21.40502414154017,8,0.0
868f4076fffffff,SAN MARTIN,PICOTA,-6.885361690820022,-76.23190731592841,98061.42228344674,21.35669982993756,8,0.0
868e61d8fffffff,JUNIN,HUANCAYO,-12.161130792373614,-75.12889535593003,98052.78962645071,33.535763487635386,18,0.0
868f5556fffffff,CAJAMARCA,CHOTA,-6.316370975086828,-78.5106029552066,98022.78868743309,53.50332124587034,33,0.0
868e6419fffffff,PASCO,PASCO,-10.69159314699071,-75.79080813148734,98020.71003299362,37.974341042263376,42,0.0
868e64207ffffff,JUNIN,CHANCHAMAYO,-11.088196050123589,-75.36676487495855,97872.510857833,33.474105005819226,5,0.0
868e64b1fffffff,PASCO,OXAPAMPA,-10.57629497871254,-75.19528377475066,97833.11711767864,37.90166540727883,5,0.0
868f5d68fffffff,HUANUCO,HUAMALIES,-9.411940282236044,-76.78132291218013,97482.63611227264,32.75495982192776,23,0.0
868b61b57ffffff,CUSCO,ANTA,-13.479504936880016,-72.30798607407448,97354.12813026262,45.99743425945725,9,0.0
86b326cb7ffffff,PUNO,LAMPA,-15.45038245163574,-70.40557964980952,97303.24445239033,57.95627075323405,28,0.0
868f5135fffffff,LA LIBERTAD,SANCHEZ CARRION,-7.871137182457427,-78.01580897958463,97243.00903167222,25.354415969351844,0,0.0
868f0931fffffff,PIURA,MORROPON,-5.225337415886499,-79.9473572111935,97222.905973638,24.867140746865992,17,0.0
868f55937ffffff,AMAZONAS,UTCUBAMBA,-5.733264045727125,-78.11865876246428,97154.1240689808,27.77377124194952,22,0.0
868f09c67ffffff,PIURA,PIURA,-4.648158237637893,-80.28426786662324,96945.5303208499,24.796195126298905,17,0.0
868b66937ffffff,PUNO,AZANGARO,-15.237054848446318,-70.02195258208063,96874.8296352678,57.70109606429549,28,0.0
868f55557ffffff,CAJAMARCA,CHOTA,-6.327120961332653,-78.63716325763184,96727.72258696474,52.79644136073525,33,0.0
868e69767ffffff,AREQUIPA,LA UNION,-15.291657670158733,-72.93486107355325,96720.32352931295,18.657445550103063,29,0.0
868b60b47ffffff,CUSCO,CANAS,-14.127319263751888,-71.41174640792163,96495.60873789666,45.59180493413493,9,0.0
868f59d4fffffff,HUANUCO,DOS DE MAYO,-9.675832787298848,-76.65961346943661,96404.6957565406,32.39276308155881,23,0.0
868b656c7ffffff,CUSCO,ACOMAYO,-13.945309864024848,-71.68542513310736,96272.66283746916,45.48646847234044,9,0.0
868f408cfffffff,SAN MARTIN,LAMAS,-6.376177051526241,-76.06055876950231,96215.64894473075,20.954710686489108,57,0.0
868f5128fffffff,LA LIBERTAD,SANTIAGO DE CHUCO,-8.003007262122026,-78.25962785034372,96156.53519616048,25.07113689520874,0,0.0
868f5cdafffffff,LA LIBERTAD,SANCHEZ CARRION,-7.73926045808581,-77.77239245857203,96081.86207176105,25.051667182407705,0,0.0
868e61dafffffff,JUNIN,HUANCAYO,-12.10352228279526,-75.10276237554271,96076.12694980911,32.85971039142844,18,0.0
868e75b5fffffff,LIMA,HUARAL,-11.657271456099275,-77.20688566775775,96067.78308277662,19.670986352419547,24,0.0
868e609b7ffffff,JUNIN,TARMA,-11.344654444753932,-75.72512583923529,96029.5088377655,32.84376618437742,18,0.0
868f5552fffffff,CAJAMARCA,CUTERVO,-6.217892571243648,-78.6471156569256,95837.54142281818,52.31055793066647,33,0.0
868f5d69fffffff,HUANUCO,HUAMALIES,-9.417943073172347,-76.84476004455814,95674.60677983802,32.14744723812201,23,0.0
868f4aa2fffffff,HUANUCO,PUERTO INCA,-9.514884999354145,-75.0171108467915,95578.92473255296,32.11529729081352,3,0.0
868f5ba77ffffff,LIMA,CAJATAMBO,-10.546622261565146,-77.1207279016768,95565.01637123604,19.568039070783584,49,0.0
868e63507ffffff,LIMA,CAÑETE,-12.939135267923444,-76.27329117173991,95524.3284892554,19.55970775777243,13,0.0
868f50c4fffffff,LAMBAYEQUE,CHICLAYO,-6.615195643890238,-79.44174536047863,95509.18151854322,21.45247377625193,4,0.0
86b3354e7ffffff,AREQUIPA,AREQUIPA,-16.447270763763242,-71.42946958057539,95432.46734926009,18.40901682613981,14,0.0
868f5ba6fffffff,LIMA,CAJATAMBO,-10.59208093138046,-77.01984975559421,95318.35722132315,19.51753276559014,49,0.0
868b66b07ffffff,PUNO,AZANGARO,-14.847681452265457,-70.31951237297767,94943.05227175968,56.55048066041525,39,0.0
868f50c2fffffff,LAMBAYEQUE,FERREÑAFE,-6.458976373332171,-79.55155431275782,94739.45492999858,21.279584225811888,4,0.0
86b3303afffffff,AREQUIPA,ISLAY,-17.042651336054323,-71.87153161498229,94735.66341083383,18.27460266098925,11,0.0
868b611a7ffffff,CUSCO,PAUCARTAMBO,-13.510182436950638,-71.67163675205795,94675.40792684634,44.731804759994674,9,0.0
868f5c0efffffff,LA LIBERTAD,PATAZ,-8.36655301547628,-77.39355566179555,94472.13768917767,24.63195966822812,0,0.0
868b6116fffffff,CUSCO,ANTA,-13.441537096741229,-71.99549432466705,94471.57609473375,44.6354992259855,9,0.0
868b654efffffff,CUSCO,CANAS,-14.299079298992488,-71.4869046520537,94416.58139241762,44.60951557996054,9,0.0
868b645a7ffffff,PUNO,LAMPA,-15.23054104408112,-70.3686027834387,94396.43318394084,56.22490052143012,28,0.0
868f4008fffffff,SAN MARTIN,SAN MARTIN,-6.679151548559983,-76.37877166771253,94235.31831406192,20.52341644397877,8,0.0
868e608d7ffffff,JUNIN,JAUJA,-11.664447284300085,-75.62866836153019,94226.57776600722,32.22713232584736,18,0.0
868e6c4cfffffff,AYACUCHO,CANGALLO,-13.484870765854586,-74.22091710046206,94182.38428573492,30.321025011143377,44,0.0
868b61acfffffff,CUSCO,URUBAMBA,-13.20019033842538,-72.24411330384808,94176.22600631764,44.49595356381011,9,0.0
868f5066fffffff,LA LIBERTAD,CHEPEN,-7.324304806710124,-79.34661815110834,94148.68913949167,24.547626108879385,4,0.0
868f5b0cfffffff,LIMA,BARRANCA,-10.762086599405777,-77.64762797734646,94131.99651321674,19.27461173057365,10,0.0
868f59897ffffff,HUANUCO,YAROWILCA,-9.727376363737925,-76.62256649862239,93978.78736495585,31.57763810066971,23,0.0
868f0916fffffff,PIURA,AYABACA,-4.897980543314288,-79.97590172396497,93800.55694850764,23.99179111561868,17,0.0
868f54297ffffff,LAMBAYEQUE,FERREÑAFE,-6.09921921890737,-79.20014609834877,93797.7822637066,21.06807358507292,4,0.0
86b326187ffffff,PUNO,PUNO,-15.67613388243876,-70.09527511282681,93707.57845613828,55.8146012417005,28,0.0
868e6026fffffff,JUNIN,HUANCAYO,-12.340683990273323,-75.27088650534725,93672.42931122846,32.03760389338463,18,0.0
868f09277ffffff,PIURA,MORROPON,-5.381409100760553,-79.83803742063118,93507.81002467404,23.91691391579341,17,0.0
868f5c317ffffff,LA LIBERTAD,PATAZ,-8.406718556333702,-77.22991287875026,93422.76744609344,24.358354707686928,0,0.0
868f404c7ffffff,SAN MARTIN,EL DORADO,-6.76469475686543,-76.71910863270573,93326.87517540724,20.32556751447075,8,0.0
868b61b97ffffff,CUSCO,CUSCO,-13.498878205064868,-72.02069013025343,93230.31532148758,44.049033999366245,9,0.0
868b61b37ffffff,CUSCO,ANTA,-13.628822443458684,-72.19616626121667,93226.57594202188,44.047267234418015,9,0.0
868f5986fffffff,HUANUCO,HUANUCO,-9.742182500858544,-76.20522051561812,93174.97382206011,31.30755020243573,23,0.0
868e62927ffffff,LIMA,HUAROCHIRI,-11.761184237081574,-76.58378748818834,93130.69262323275,19.06958321297449,35,0.0
868f5ba67ffffff,LIMA,CAJATAMBO,-10.540521354146442,-77.05699364737181,93047.8204426441,19.05261417839241,49,0.0
868e6c78fffffff,AYACUCHO,CANGALLO,-13.578433580248143,-74.08272582102694,92935.5295389146,29.919613279530125,44,0.0
868f51367ffffff,LA LIBERTAD,SANCHEZ CARRION,-7.756148379261504,-77.96256937233936,92914.56111350605,24.22584878378567,0,0.0
868e646e7ffffff,JUNIN,TARMA,-11.242295576519764,-75.79956533889195,92885.99441820364,31.768629449400127,18,0.0
868f554b7ffffff,CAJAMARCA,CHOTA,-6.405864396767696,-78.91719936177634,92731.88879168122,50.61541405007715,36,0.0
868f40677ffffff,SAN MARTIN,PICOTA,-7.005630744160109,-76.3468601441191,92627.88591909104,20.173335338107385,8,0.0
868f5ec57ffffff,LA LIBERTAD,VIRU,-8.428269894100987,-78.70160395637723,92588.67342088257,24.140879260522805,12,0.0
868f4268fffffff,LA LIBERTAD,BOLIVAR,-7.561234453516399,-77.62947415580985,92460.866078743,24.10755572859169,0,0.0
86b32618fffffff,PUNO,PUNO,-15.724570946430536,-70.0580151552811,92399.13328168348,55.03525823805,28,0.0
868e61cf7ffffff,HUANCAVELICA,TAYACAJA,-12.320478796426952,-75.08041158210602,92344.31663488293,23.750321503850525,18,0.0
868b61d37ffffff,CUSCO,QUISPICANCHI,-13.921863763957784,-71.49843457651863,92322.16154082293,43.61995364472831,9,0.0
868f5c0e7ffffff,LA LIBERTAD,PATAZ,-8.314789837467835,-77.43044268212992,92301.40823803372,24.06597988202775,0,0.0
868e61c8fffffff,HUANCAVELICA,HUANCAYO,-12.327226404791023,-75.14387987267891,92052.11518968946,31.11035679304704,18,0.0
868e6412fffffff,PASCO,OXAPAMPA,-10.55723666518193,-75.54847415737771,91903.30877264332,35.60439002196654,16,0.0
868e66c37ffffff,LIMA,OYON,-10.810512925177417,-76.99869800776762,91855.68910133568,18.80851153968612,56,0.0
868f5e107ffffff,LA LIBERTAD,VIRU,-8.52101916424559,-78.50046730718223,91631.471889713,23.89130568161525,12,0.0
868f5ccefffffff,LA LIBERTAD,PATAZ,-8.004047442665954,-77.65162845231829,91520.93378955002,23.86248480287135,0,0.0
868f50b4fffffff,CAJAMARCA,SAN MIGUEL,-6.775082144022522,-78.72406057197206,91456.92800271403,49.91950815328087,33,0.0
86b326997ffffff,PUNO,HUANCANE,-15.285600799129575,-69.98475606394491,91441.82522116756,54.46506137090791,28,0.0
868f55617ffffff,CAJAMARCA,HUALGAYOC,-6.7588286231339785,-78.53392768639992,91386.90655137577,49.88128867130919,33,0.0
86b326c27ffffff,PUNO,LAMPA,-15.368031068011833,-70.19493328649617,91351.88319132732,54.41148962555809,28,0.0
868f59aefffffff,HUANUCO,AMBO,-10.172072203669064,-76.09867620818632,91237.84223026255,30.656658207824115,23,0.0
868b61147ffffff,CUSCO,CALCA,-13.433906900631651,-71.93308662396338,91191.17849241477,43.08559193437426,9,0.0
868f4e267ffffff,UCAYALI,PADRE ABAD,-8.799120638610859,-74.99500203052496,91179.60795489844,18.55532637443974,30,0.0
868f09117ffffff,PIURA,PIURA,-4.809210708038658,-80.23850632695635,91072.9448145348,23.294137469504115,17,0.0
868f094d7ffffff,PIURA,PIURA,-5.177140210928452,-80.71738820654782,90956.5886820654,23.2643765372022,17,0.0
868e6180fffffff,HUANCAVELICA,TAYACAJA,-12.208476748136748,-74.54755971216069,90943.7930770574,23.39011650169983,27,0.0
868e64cb7ffffff,HUANUCO,AMBO,-10.390055371174965,-76.07701921313536,90737.52889433649,30.48854885142797,23,0.0
868e66c57ffffff,LIMA,HUAURA,-10.965031724083916,-76.88715401185416,90706.04234295066,18.57310810922693,56,0.0
868e61087ffffff,HUANCAVELICA,HUANCAVELICA,-12.63208844604804,-74.91986320481274,90639.90835127242,23.311959445580836,18,0.0
868f5e847ffffff,LA LIBERTAD,SANTIAGO DE CHUCO,-8.383305089315746,-78.19237038637968,90458.49923572334,23.585473551510745,0,0.0
868b618a7ffffff,CUSCO,PARURO,-13.747137301356718,-71.83444994383612,90419.49407073428,42.72098999979783,9,0.0
868f5e867ffffff,LA LIBERTAD,SANTIAGO DE CHUCO,-8.325744069942932,-78.16565595883785,90406.17154939774,23.571830021358554,0,0.0
868f5932fffffff,HUANUCO,AMBO,-10.242139735774906,-76.25178179423659,90364.17931773936,30.36310035240617,23,0.0
868f5091fffffff,CAJAMARCA,CHOTA,-6.3178436590871945,-79.18057677321781,90318.43509278524,49.298089881961324,36,0.0
868f50a5fffffff,CAJAMARCA,SAN MIGUEL,-6.947261196279216,-78.8042971720019,90184.7124500072,49.22510067597971,51,0.0
868f50117ffffff,LAMBAYEQUE,CHICLAYO,-6.667264474473148,-79.40512627393407,90129.21946872926,20.244071683847267,4,0.0
868f0bb67ffffff,PIURA,PIURA,-5.2813512585611,-80.64465051237012,90039.25559302921,23.029746119520524,17,0.0
868f5064fffffff,LA LIBERTAD,PACASMAYO,-7.381780096040063,-79.37355349669859,90023.8773266932,23.47215348068329,4,0.0
868f426b7ffffff,LA LIBERTAD,BOLIVAR,-7.457605113410613,-77.70305175725343,89876.16302528333,23.433639556856143,0,0.0
868b61087ffffff,CUSCO,PAUCARTAMBO,-13.288650588565682,-71.63364185002017,89749.0415431236,42.404217648638806,9,0.0
868f50347ffffff,CAJAMARCA,SAN MIGUEL,-7.124942245082323,-78.94814347065079,89727.59069810688,48.9755920436719,51,0.0
868e61037ffffff,HUANCAVELICA,HUANCAVELICA,-12.510071708069397,-74.8042576801458,89725.88246431742,23.076878289868183,18,0.0
868f0900fffffff,PIURA,MORROPON,-5.022348120259867,-80.15631948744958,89671.51206944845,22.93568670144357,17,0.0
868f5052fffffff,LAMBAYEQUE,FERREÑAFE,-6.693743596163135,-79.72285027448852,89580.19493575048,20.120754383782668,4,0.0
868f09047ffffff,PIURA,MORROPON,-5.069276681811549,-80.05660165056354,89576.99423355225,22.91151144865944,17,0.0
868f51577ffffff,LA LIBERTAD,GRAN CHIMU,-7.4369888226344605,-78.7278101158824,89506.70585705189,23.33731005389776,47,0.0
868f51887ffffff,CAJAMARCA,CAJAMARCA,-7.185240887201597,-78.36704650059941,89342.71999437004,48.765519863764666,40,0.0
868f5c1b7ffffff,LA LIBERTAD,PATAZ,-8.055856547638996,-77.61478053365303,89322.13585647767,23.28918665030689,0,0.0
868f54a67ffffff,AMAZONAS,UTCUBAMBA,-5.666826716831526,-78.63360885782456,89285.29547509887,25.52428314864515,22,0.0
868f5b20fffffff,LIMA,HUAURA,-10.956506901625106,-77.37112887939526,89267.8160070789,18.27861468264034,10,0.0
868f5032fffffff,CAJAMARCA,SAN MIGUEL,-7.020894310918053,-79.0215269883733,88971.21051103332,48.56274057642735,50,0.0
868f5544fffffff,CAJAMARCA,CHOTA,-6.540246732684618,-78.553914341471,88893.93921327339,48.52056394462068,33,0.0
868f09b6fffffff,PIURA,AYABACA,-4.862218331491778,-79.53327731400441,88845.2258014762,22.724343739442,17,0.0
86b33545fffffff,AREQUIPA,AREQUIPA,-16.48755082285437,-71.32921033386236,88759.4875455851,17.121792457972024,14,0.0
868f51817ffffff,CAJAMARCA,CAJAMARCA,-7.1223214926438905,-78.27700727911974,88748.08294809207,48.44095190015412,40,0.0
868f5bb4fffffff,LIMA,CAJATAMBO,-10.48285017900668,-77.03041566100318,88681.51637784252,18.1585630728806,49,0.0
868f51697ffffff,LA LIBERTAD,TRUJILLO,-7.995552581005512,-78.80519737804903,88658.29474268192,23.116101675825547,0,0.0
868e6c40fffffff,AYACUCHO,HUAMANGA,-13.319419777203626,-74.2064301942654,88610.83633768582,28.52732392824173,44,0.0
86b326d77ffffff,PUNO,AZANGARO,-15.302543240791572,-70.1083943114552,88606.6198677923,52.77634143123893,28,0.0
868e6030fffffff,JUNIN,CHUPACA,-12.136945671649466,-75.42016060510102,88603.66283244587,30.30399738964216,18,0.0
86b3354afffffff,AREQUIPA,AREQUIPA,-16.406907232154243,-71.52977622064877,88506.46419098851,17.07298400397777,14,0.0
868f54d5fffffff,PIURA,HUANCABAMBA,-5.2880927929562285,-79.36815784768086,88447.23776088038,22.62254854496644,17,0.0
868f5911fffffff,HUANUCO,LAURICOCHA,-9.945673907045864,-76.60123989634046,88435.03233364156,29.71489125102385,23,0.0
868e66c1fffffff,LIMA,HUAURA,-10.919712559884674,-76.98811215424935,88346.88266954356,18.090042962415087,56,0.0
868e62217ffffff,LIMA,CAÑETE,-12.754252318615103,-76.61493186243908,87952.82006941694,18.009354101067984,38,0.0
868e4504fffffff,ICA,ICA,-14.366052922653989,-75.77312969462123,87842.15711985763,11.941001598516529,6,0.0
868b61807ffffff,CUSCO,PARURO,-13.762557076353197,-71.9593276459319,87598.13005173417,41.38796480119184,9,0.0
868f554f7ffffff,CAJAMARCA,CHOTA,-6.504455512149916,-78.78057600849272,87477.93950166325,47.7476754309515,33,0.0
868e6c7b7ffffff,AYACUCHO,CANGALLO,-13.4777329922527,-74.1575576958671,87276.51350692182,28.097752769777628,44,0.0
868b61a57ffffff,CUSCO,URUBAMBA,-13.31493605067832,-72.29465710460931,87230.79946584397,41.21441012199668,9,0.0
868e611afffffff,HUANCAVELICA,TAYACAJA,-12.459318752238216,-74.84158629457107,87084.3105763389,22.397484214506928,18,0.0
868f59a8fffffff,HUANUCO,AMBO,-10.13309653489948,-76.2625587615669,87005.67066989632,29.234614088503783,23,0.0
868e6090fffffff,JUNIN,TARMA,-11.376292016708543,-75.49755749057731,86981.86919238429,29.749315690671047,18,0.0
868b60a67ffffff,CUSCO,CANCHIS,-14.020690017302329,-71.4239603828599,86972.95761905587,41.09258618268613,9,0.0
868f59b87ffffff,HUANUCO,HUANUCO,-9.91499073811377,-76.28409260517586,86881.02735652648,29.19273291987392,23,0.0
868e61c4fffffff,HUANCAVELICA,TAYACAJA,-12.350954884362515,-74.85283641511096,86874.51033330326,22.34352503861759,18,0.0
868b618b7ffffff,CUSCO,ACOMAYO,-13.73940880209298,-71.77205718828598,86733.86068432967,40.97961875389882,9,0.0
868f59327ffffff,HUANUCO,AMBO,-10.190720569167524,-76.2888855909551,86628.77524399824,29.10797415523256,23,0.0
868f542dfffffff,CAJAMARCA,CUTERVO,-6.249908073451999,-79.02702785730683,86525.5373407616,47.227830204628994,36,0.0
868b61027ffffff,CUSCO,CALCA,-13.418610239315727,-71.8083628805789,86275.405385197,40.76300988596731,9,0.0
868e61c17ffffff,JUNIN,HUANCAYO,-12.212011794534236,-75.09159042181429,86244.32960872033,29.49706429492033,18,0.0
868f555b7ffffff,CAJAMARCA,CUTERVO,-6.239262168312399,-78.9003342779869,86214.23699296791,47.05791458873006,36,0.0
868f40b97ffffff,SAN MARTIN,LAMAS,-6.4276708226938455,-76.02388839566284,86212.90942983319,18.776223975586248,57,0.0
868e640d7ffffff,JUNIN,JUNIN,-10.902926917331673,-75.70554078821169,86045.69332607063,29.42912722326352,42,0.0
868e6ac2fffffff,ICA,PALPA,-14.51938336241546,-75.17471718244916,85838.85868732061,11.668679167356396,43,0.0
868f500afffffff,LAMBAYEQUE,CHICLAYO,-6.891536599314525,-79.44920696945384,85768.42789042834,19.26458714121156,4,0.0
868f518e7ffffff,CAJAMARCA,SAN MARCOS,-7.226137299717341,-78.20353712242947,85623.38458819222,46.735412378326586,40,0.0
868f5c207ffffff,HUANUCO,MARAÑON,-8.567695422454763,-77.18255952071537,85540.46179659091,28.74229197156208,0,0.0
86b326987ffffff,PUNO,HUANCANE,-15.277110259017537,-69.92298895865912,85539.00265409246,50.94919111569669,28,0.0
868b60b17ffffff,CUSCO,CANCHIS,-14.210087854067254,-71.2127774622876,85430.88729736247,40.36399583312597,9,0.0
868f59b5fffffff,HUANUCO,PACHITEA,-9.999246698617675,-76.01990715386306,85428.46179177615,28.70465905759843,23,0.0
868e613afffffff,HUANCAVELICA,ACOBAMBA,-12.814181946415353,-74.58019585871645,85360.58116692721,21.95415289590464,46,0.0
868f0dc2fffffff,TUMBES,ZARUMILLA,-3.441320888570268,-80.26124192182166,85316.2191068136,12.594299974660116,7,0.0
868f5185fffffff,CAJAMARCA,SAN MARCOS,-7.272500585696785,-78.1034264346182,85222.34103786794,46.51651264905032,45,0.0
868f5041fffffff,LAMBAYEQUE,CHICLAYO,-6.923378813005447,-79.83081895531993,85029.63594217382,19.098645871021123,4,0.0
868f55567ffffff,CAJAMARCA,CUTERVO,-6.264453810046251,-78.54722861416606,84838.1091716349,46.30678916283612,33,0.0
868f59a1fffffff,HUANUCO,AMBO,-10.069278372131878,-76.17285913362387,84757.92711142189,28.47935394286069,23,0.0
868f5d6d7ffffff,HUANUCO,HUAMALIES,-9.463527519468878,-76.74430597584872,84747.28797328113,28.47577910577956,23,0.0
868f51d67ffffff,CAJAMARCA,CAJAMARCA,-7.029433035751316,-78.4772092910809,84723.35206211031,46.24415182535208,40,0.0
86b326d5fffffff,PUNO,SAN ROMAN,-15.408121495771788,-70.09581040464228,84680.10435855392,50.43760959088866,28,0.0
868f5cc77ffffff,LA LIBERTAD,PATAZ,-7.88905624193772,-77.5985646955902,84624.35472002026,22.064322279564085,0,0.0
868e664e7ffffff,LIMA,HUARAL,-11.375020596344134,-77.13734986777558,84611.58393597385,17.32519747465205,24,0.0
868f5551fffffff,CAJAMARCA,CUTERVO,-6.280539394815918,-78.7370846345638,84597.34541743372,46.17537420660116,33,0.0
868e690c7ffffff,AREQUIPA,LA UNION,-15.184783898663152,-72.94672978484633,84596.15504685322,16.318681523603377,29,0.0
868f5c0cfffffff,LA LIBERTAD,PATAZ,-8.424089711656539,-77.42006367138188,84592.24530151996,22.055950309575724,0,0.0
868b61b0fffffff,CUSCO,ANTA,-13.52930090574443,-72.27071496851384,84574.75900371186,39.95949624321476,9,0.0
868f09c5fffffff,PIURA,PIURA,-4.762254606226428,-80.33815958098722,84531.72184706565,21.62105939639249,17,0.0
868b618dfffffff,CUSCO,CUSCO,-13.540922974071638,-71.92102269920396,84287.80253160508,39.82391635857549,9,0.0
868e62947ffffff,LIMA,HUAROCHIRI,-11.915064589837131,-76.47191378609804,84181.51173230828,17.237135231750383,35,0.0
868f5542fffffff,CAJAMARCA,CHOTA,-6.384430433895744,-78.663838649454,84181.255802684,45.9482619542043,33,0.0
868b6095fffffff,CUSCO,CANCHIS,-14.414984852958884,-71.12600789790815,84173.42450941644,39.76987555252657,9,0.0
868e6112fffffff,HUANCAVELICA,TAYACAJA,-12.388058481904771,-74.68881129302602,84113.7796574753,21.633484144647856,18,0.0
868f090efffffff,PIURA,MORROPON,-5.131498505691334,-80.14686290061923,84003.8390499365,21.48604043473319,17,0.0
868f5c397ffffff,LA LIBERTAD,PATAZ,-8.475848536526998,-77.38316417424923,83970.05454821783,21.893724939046844,0,0.0
86b3268b7ffffff,PUNO,HUANCANE,-15.391125277250373,-69.97214363726032,83934.16474289176,49.99330910970551,28,0.0
868f5c2b7ffffff,ANCASH,POMABAMBA,-8.585150204300945,-77.37276616606115,83890.1494589522,53.419881753938114,0,0.0
868f46057ffffff,SAN MARTIN,MOYOBAMBA,-5.978727821146629,-77.14341092725404,83854.29668298687,18.26254404645101,8,0.0
868f0d547ffffff,TUMBES,TUMBES,-3.7771500805071136,-80.35930159461134,83732.14635302927,12.360460645494948,7,0.0
868b61ba7ffffff,CUSCO,CUSCO,-13.56385026774376,-72.10838343378505,83709.27625051414,39.55057690093849,9,0.0
86b32642fffffff,PUNO,PUNO,-15.815736808757162,-70.33069049997785,83573.28474766742,49.77835986695048,28,0.0
868f095afffffff,PIURA,SULLANA,-4.901598573960066,-80.70888516662086,83570.48368076317,21.375199179262324,17,0.0
868e63407ffffff,LIMA,CAÑETE,-13.105443185610042,-76.28898851065208,83522.57844277206,17.102211042498993,13,0.0
86b326d07ffffff,PUNO,AZANGARO,-15.26238944533558,-70.20749205572604,83346.83402738065,49.64348009669136,28,0.0
868f40547ffffff,SAN MARTIN,LAMAS,-6.530063804215458,-76.55165800070762,83343.45662784719,18.151288697867635,8,0.0
86b32612fffffff,PUNO,PUNO,-15.593460905716483,-69.88508735081393,83282.8576057441,49.60537412360632,28,0.0
868b61c67ffffff,CUSCO,QUISPICANCHI,-13.674366505187404,-71.6845929422886,83002.52928586575,39.216656319769214,9,0.0
868e603afffffff,JUNIN,CONCEPCION,-12.150228254873992,-75.54728009975219,82953.1440746021,28.371421464292062,18,0.0
868f51bafffffff,CAJAMARCA,SAN MARCOS,-7.376264666320369,-78.02991134461394,82900.62506605848,45.24926125634112,45,0.0
868b61077ffffff,CUSCO,CALCA,-13.319240258144768,-71.88278168215602,82870.04211909295,39.15405938771411,9,0.0
868f54d87ffffff,PIURA,HUANCABAMBA,-5.199654322928424,-79.63084810993446,82786.24551491204,21.17461104980885,17,0.0
868e6eb67ffffff,AYACUCHO,CANGALLO,-13.542390209552655,-74.24687944654869,82742.51234643067,26.638078929171456,44,0.0
868f51d87ffffff,CAJAMARCA,SAN PABLO,-7.05666843459712,-78.79437014590467,82710.67973064074,45.14558428044507,51,0.0
868f54c87ffffff,PIURA,HUANCABAMBA,-5.365941490742426,-79.64806248808608,82672.10897256288,21.14541783207344,17,0.0
868b65437ffffff,CUSCO,CANAS,-14.504208905971788,-71.40011248877852,82665.3839916495,39.05736344945716,9,0.0
868f5008fffffff,LAMBAYEQUE,CHICLAYO,-6.948956010710364,-79.47613214587786,82511.31559806419,18.53300181164109,4,0.0
868f0904fffffff,PIURA,MORROPON,-5.121295461554055,-80.0201952540329,82413.40527353897,21.07924802125636,17,0.0
868f50a9fffffff,CAJAMARCA,SAN MIGUEL,-6.916832167279284,-79.09487966957403,82377.80778241044,44.963894338561296,50,0.0
868f51d47ffffff,CAJAMARCA,CAJAMARCA,-7.086845675723013,-78.50390025951036,82271.77777382935,44.90602047385311,40,0.0
868e6292fffffff,LIMA,HUAROCHIRI,-11.812493795240382,-76.54650207007771,82152.90937914724,16.821755507945024,35,0.0
868f53917ffffff,LA LIBERTAD,PACASMAYO,-7.433872099020783,-79.33684497207207,82119.29626019674,21.41117204439168,4,0.0
868f51d8fffffff,CAJAMARCA,SAN PABLO,-7.1086602890050425,-78.75766706621754,82112.62010632767,44.8191481870399,51,0.0
868f0ba0fffffff,PIURA,SECHURA,-5.457968571258562,-80.78940096634625,82014.57105758306,20.977236396696085,17,0.0
868f5c5a7ffffff,LA LIBERTAD,SANTIAGO DE CHUCO,-8.089920722618384,-77.99541867451556,81789.27871075309,21.32512573310306,0,0.0
868f09ba7ffffff,PIURA,AYABACA,-4.778757301167853,-79.85892031004387,81697.67916642886,20.896183529782103,17,0.0
868f59c47ffffff,HUANUCO,YAROWILCA,-9.791069687512136,-76.7124376814724,81681.94698921827,27.445799565035003,23,0.0
868f54847ffffff,CAJAMARCA,SAN IGNACIO,-5.360703576159206,-78.91594847421149,81550.42276067285,44.51228663381415,41,0.0
868f548c7ffffff,CAJAMARCA,JAEN,-5.428311548346649,-79.06901170618615,81530.55462736399,44.50144210334104,41,0.0
868e61cb7ffffff,JUNIN,HUANCAYO,-12.22545632561726,-75.21851536459216,81515.51885971185,27.87972857749005,18,0.0
868f5ed5fffffff,LA LIBERTAD,VIRU,-8.313119200123204,-78.64791280217237,81410.73568953945,21.22642725269076,12,0.0
868b654e7ffffff,CUSCO,CANAS,-14.348403976226122,-71.44962505821917,81358.76582959361,38.4400184619805,9,0.0
868f098f7ffffff,PIURA,PIURA,-4.6849786255735015,-80.05814066568419,81356.59147471198,20.808941993932024,17,0.0
868e6291fffffff,LIMA,HUAROCHIRI,-11.876533608816391,-76.63690775928062,81311.63165803539,16.649494193698533,35,0.0
868e62237ffffff,LIMA,CAÑETE,-12.696599517234995,-76.58829961224234,81288.43370305862,16.64474414491934,38,0.0
868f096b7ffffff,PIURA,PIURA,-5.385569967141135,-80.57187709246621,81256.35318121396,20.78330359393073,17,0.0
868f53a1fffffff,LA LIBERTAD,TRUJILLO,-8.017581177781768,-79.05991894400249,81057.67655344281,21.13437325017158,2,0.0
868e459a7ffffff,ICA,PISCO,-13.665617864661758,-75.87684859752325,81057.42861411857,11.018705783057596,1,0.0
868f59b17ffffff,HUANUCO,HUANUCO,-9.851219452283122,-76.19444008361351,81055.53785857368,27.235320994444017,23,0.0
868f5d347ffffff,HUANUCO,LEONCIO PRADO,-9.178725412757206,-76.0694196576268,81041.45297639947,27.230588359298803,31,0.0
86b33440fffffff,AREQUIPA,CASTILLA,-15.761932702037509,-72.37001090801203,81019.59157469955,15.628758911651287,25,0.0
868f5e937ffffff,LA LIBERTAD,JULCAN,-8.066139154516895,-78.3499002499616,81006.32988986319,21.120985504563954,0,0.0
868e646cfffffff,JUNIN,TARMA,-11.351122221765864,-75.7886191237951,80934.05393596562,27.680857436409845,18,0.0
868e61c47ffffff,HUANCAVELICA,TAYACAJA,-12.30016116513858,-74.8901485253146,80898.78558034834,20.8066098361114,18,0.0
868e62317ffffff,LIMA,CAÑETE,-12.587755493409947,-76.59906089148593,80762.83680348414,16.537122119026485,38,0.0
868b61567ffffff,CUSCO,PAUCARTAMBO,-13.437448755154564,-71.52210499517108,80702.67847564504,38.13003330252909,9,0.0
868f0bb47ffffff,PIURA,PIURA,-5.338525270745918,-80.6717247654593,80692.52014325798,20.639089477183525,17,0.0
868f53ac7ffffff,LA LIBERTAD,TRUJILLO,-8.127190950608663,-79.05003735538837,80546.62022387679,21.001124239341745,2,0.0
868e610efffffff,HUANCAVELICA,ACOBAMBA,-12.719791764146123,-74.71829405204619,80473.57901815014,20.697249640208017,46,0.0
868f59c4fffffff,HUANUCO,YAROWILCA,-9.84261644502056,-76.6753776084533,80394.8205886819,27.01331460959376,23,0.0
868f51b57ffffff,CAJAMARCA,CAJABAMBA,-7.416975335260746,-77.86645402240286,80368.45360001341,43.86713792347572,0,0.0
86b32626fffffff,PUNO,CHUCUITO,-16.180969004740415,-69.50014504352555,80316.38732923838,47.83846947932482,20,0.0
868b61817ffffff,CUSCO,PARURO,-13.754853408018858,-71.89687347156212,80136.49398550438,37.86252503796817,9,0.0
868f4e277ffffff,UCAYALI,PADRE ABAD,-8.805311814312343,-75.05775405817857,80084.66705723805,16.297472298525747,30,0.0
868f554d7ffffff,CAJAMARCA,CHOTA,-6.561799085067209,-78.80730251040973,80024.4831314596,43.67939012804408,33,0.0
86b33086fffffff,AREQUIPA,AREQUIPA,-16.480608348295817,-71.68074138672723,79987.3270909656,15.429634077326943,14,0.0
868f5912fffffff,HUANUCO,YAROWILCA,-9.88193575732618,-76.51139080714788,79977.56483996449,26.873113279082272,23,0.0
868f400cfffffff,SAN MARTIN,PICOTA,-6.776570846451806,-76.24257975478679,79967.04401240002,17.415943145549534,8,0.0
868f50c6fffffff,LAMBAYEQUE,CHICLAYO,-6.557825835131121,-79.41485585293196,79944.75162394113,17.95652167146464,4,0.0
86b320cb7ffffff,PUNO,EL COLLAO,-16.067215381426895,-69.45123239634145,79911.05801602668,47.59704509976866,20,0.0
868e60a5fffffff,JUNIN,HUANCAYO,-12.001701207147512,-75.17734326019497,79900.60688402467,27.327400527708733,18,0.0
868f51557ffffff,LA LIBERTAD,GRAN CHIMU,-7.494464555213164,-78.75459894633806,79890.66714944434,20.830095933336544,47,0.0
868f5c52fffffff,LA LIBERTAD,SANTIAGO DE CHUCO,-8.072926573845676,-77.80502441070514,79827.91102395333,20.81373336983539,0,0.0
868f5c587ffffff,LA LIBERTAD,SANTIAGO DE CHUCO,-8.147451235448862,-78.02206847604849,79554.086473356,20.74233840141968,0,0.0
86b326237ffffff,PUNO,PUNO,-16.054100380585027,-69.73536807600362,79546.81757721001,47.38009429190875,20,0.0
868b644cfffffff,PUNO,MELGAR,-14.87254226169959,-70.50528869455397,79537.1149738692,47.3743151762236,39,0.0
868f53a77ffffff,LA LIBERTAD,TRUJILLO,-8.006584276903341,-78.93253012508717,79491.65021568276,20.72605923786457,2,0.0
868e61ce7ffffff,HUANCAVELICA,TAYACAJA,-12.313718694949824,-75.0169668324743,79485.51136967204,20.44312545396607,18,0.0
868f09a17ffffff,PIURA,AYABACA,-4.939762120834512,-79.81297769977014,79482.58859434561,20.32961983297195,17,0.0
868f724a7ffffff,PIURA,AYABACA,-4.545573201370375,-79.68846096896362,79406.1498334061,20.31006874665373,17,0.0
868f55747ffffff,CAJAMARCA,CELENDIN,-6.685156962217141,-78.31730723925546,79204.03058249578,43.23156634255498,53,0.0
868f5969fffffff,LIMA,CAJATAMBO,-10.585955301553124,-76.95613444420007,79170.74816557189,16.211123611897108,49,0.0
868b61007ffffff,CUSCO,CALCA,-13.361289027106398,-71.78324968495441,79158.74639535253,37.40056331776072,9,0.0
868f5529fffffff,CAJAMARCA,CELENDIN,-6.840851087472167,-78.20724202649417,79140.51738061757,43.19689922801001,53,0.0
868f5cc9fffffff,LA LIBERTAD,SANCHEZ CARRION,-7.9692317418383665,-77.87870840206996,79110.82471678717,20.6267656412669,0,0.0
868f73487ffffff,CAJAMARCA,SAN IGNACIO,-5.293101023073031,-78.76301738818782,79105.37949163232,43.17772007806485,52,0.0
86b326567ffffff,PUNO,PUNO,-15.693197568953916,-70.2191863018332,78927.82134175404,47.011404495189055,28,0.0
868f0d0a7ffffff,TUMBES,ZARUMILLA,-3.8190795176965584,-80.19683718978455,78874.85439900485,11.643431778370656,7,0.0
868f55807ffffff,AMAZONAS,LUYA,-5.951301419869617,-78.0984616051406,78829.03999483188,22.535118761242288,22,0.0
868b644d7ffffff,PUNO,AZANGARO,-14.913075765756908,-70.4061165304286,78766.58837110613,46.91537006433521,39,0.0
868f5bb6fffffff,LIMA,CAJATAMBO,-10.425181948095696,-77.00384994436277,78692.45712325299,16.113188005765416,49,0.0
868b60b67ffffff,CUSCO,CANCHIS,-14.18457282980424,-71.43678544125439,78687.38827348035,37.17785818301321,9,0.0
868f598e7ffffff,HUANUCO,HUANUCO,-9.760590278570277,-76.39527626092351,78612.9802183344,26.41460173038313,23,0.0
868e60a47ffffff,JUNIN,HUANCAYO,-11.944089323422723,-75.15120802571144,78604.02278053139,26.883946159890844,18,0.0
868b61547ffffff,CUSCO,PAUCARTAMBO,-13.380159120098869,-71.49709401625674,78474.31850049968,37.0771879488528,9,0.0
868e64137ffffff,PASCO,OXAPAMPA,-10.51238325840473,-75.64888570780964,78220.35312435473,30.303456942830728,16,0.0
868f091a7ffffff,PIURA,PIURA,-4.814268666045038,-80.30180877831553,78073.18927242262,19.96913141765653,17,0.0
868f0ba2fffffff,PIURA,SECHURA,-5.400771439306865,-80.76229056045814,77962.89108486963,19.940919953222952,17,0.0
868f5930fffffff,HUANUCO,AMBO,-10.299768805781405,-76.27811426483977,77935.13644993477,26.186840702522712,23,0.0
868f0980fffffff,PIURA,AYABACA,-4.622882613065364,-79.96803628642027,77898.8760530388,19.92454654008013,17,0.0
868e604a7ffffff,LIMA,HUAROCHIRI,-11.95347023566346,-76.30699913809626,77877.55331168904,15.946327053618774,35,0.0
868f09347ffffff,PIURA,MORROPON,-5.267087153312899,-79.78427903759973,77822.18958678053,19.90493209705637,17,0.0
868e61527ffffff,HUANCAVELICA,HUANCAVELICA,-12.384834652811646,-75.17004393106794,77816.79953138146,24.424112037309857,18,0.0
868e6c4c7ffffff,AYACUCHO,CANGALLO,-13.434471013267116,-74.25833166030748,77611.53764162754,24.98621575395299,44,0.0
868b61957ffffff,CUSCO,PARURO,-13.82758049652504,-72.04704374039298,77576.52108597376,36.6530007228349,9,0.0
868e610b7ffffff,HUANCAVELICA,HUANCAVELICA,-12.581325580796756,-74.9572106144368,77548.05220586469,19.944824316247505,18,0.0
86b3269afffffff,PUNO,HUANCANE,-15.268606908030256,-69.86125668477139,77331.60388811669,46.06065705151765,28,0.0
868f40777ffffff,SAN MARTIN,PICOTA,-6.839522266823727,-76.3314210413216,77183.76196011096,16.809774909880122,8,0.0
868e66cf7ffffff,LIMA,HUAURA,-10.977394164006702,-77.01471381047288,77167.724599425,15.80098143968418,56,0.0
868e60a97ffffff,JUNIN,JAUJA,-11.926323548906092,-75.50582126883653,77149.96644273598,26.386633542597902,18,0.0
868e693a7ffffff,AREQUIPA,LA UNION,-15.21882230276774,-72.78288084558125,77128.47416556084,14.878158535836157,29,0.0
868f50ae7ffffff,CAJAMARCA,SAN MIGUEL,-6.900670145656246,-78.90443412829357,77118.92812592309,42.09346460051727,50,0.0
868e64a87ffffff,PASCO,OXAPAMPA,-10.755524577942522,-75.3366641488784,77115.61614801473,29.87546923811594,5,0.0
868f0bae7ffffff,PIURA,SECHURA,-5.51517623069731,-80.81652211189646,77077.41914303601,19.71443880472747,17,0.0
868f51da7ffffff,CAJAMARCA,SAN MIGUEL,-6.999250604065053,-78.76760675461259,77070.64011713474,42.06710778205574,51,0.0
868f5d36fffffff,HUANUCO,LEONCIO PRADO,-9.172630553123703,-76.00626025835277,77017.05313383974,25.87835722965847,31,0.0
868f59acfffffff,HUANUCO,AMBO,-10.229689914751887,-76.12495754296336,77006.05790943204,25.874662744690987,23,0.0
868f50b07ffffff,CAJAMARCA,SANTA CRUZ,-6.624526515708675,-78.89743992914546,76979.18785847907,42.01719082255036,33,0.0
868f54a4fffffff,AMAZONAS,UTCUBAMBA,-5.775916456654486,-78.62366904606743,76937.66117872755,21.99442403444867,22,0.0
868e6db27ffffff,CUSCO,ANTA,-13.594246865235162,-72.35861963094753,76917.00847262623,36.34139721245119,9,0.0
868f09b2fffffff,PIURA,AYABACA,-4.763463631356018,-79.66928112421547,76865.85521282781,19.660326144991984,17,0.0
86b32052fffffff,PUNO,CHUCUITO,-16.26818683635979,-69.36402782444596,76835.9413301239,45.76542790910888,20,0.0
868f55877ffffff,AMAZONAS,LUYA,-5.997734393127101,-77.99875940377937,76788.31776387099,21.951730737787656,22,0.0
868e4586fffffff,ICA,ICA,-13.905714069373422,-75.5613808592576,76707.81202900226,10.427431840126763,6,0.0
868f54c77ffffff,PIURA,HUANCABAMBA,-5.3452395223255404,-79.3949325680546,76692.75813556388,19.61605232556552,17,0.0
868b60b0fffffff,CUSCO,CANCHIS,-14.168741454309025,-71.31223825429998,76590.84549757211,36.18729321818762,9,0.0
868f512c7ffffff,LA LIBERTAD,SANTIAGO DE CHUCO,-8.049306684890235,-78.15926905874456,76558.06325773212,19.961177682318294,0,0.0
868e61337ffffff,HUANCAVELICA,CHURCAMPA,-12.699049386335192,-74.52818599236734,76549.62702758251,19.68803624475742,46,0.0
868f5c217ffffff,HUANUCO,MARAÑON,-8.57352255033711,-77.2459437099664,76506.38520415884,25.706768645412755,0,0.0
868b61b6fffffff,CUSCO,ANTA,-13.494605772909154,-72.43319191550695,76326.58024062918,36.06243437535533,9,0.0
86b326c47ffffff,PUNO,SAN ROMAN,-15.51365266427258,-70.08321924637785,76317.6419054689,45.45671567699776,28,0.0
86b3362efffffff,AREQUIPA,CAMANA,-16.66859833860253,-72.71650558749357,76179.95223788568,14.695187722950951,34,0.0
868e6132fffffff,HUANCAVELICA,CHURCAMPA,-12.742716362468371,-74.42752756232967,76173.47052989772,19.591291387235767,46,0.0
868b610a7ffffff,CUSCO,PAUCARTAMBO,-13.345957319348726,-71.65869520994185,76085.09305882268,35.94833761353354,9,0.0
868e6a147ffffff,ICA,NASCA,-14.807221469109846,-74.82138499083659,76040.72549159302,10.33675008012987,21,0.0
868e6131fffffff,HUANCAVELICA,ACOBAMBA,-12.807235033502945,-74.51683396935533,75977.559646405,19.54090445885064,46,0.0
868f0dc47ffffff,TUMBES,ZARUMILLA,-3.5449561096087576,-80.18880998275725,75896.60775911003,11.203785812175193,7,0.0
868f5125fffffff,LA LIBERTAD,SANTIAGO DE CHUCO,-8.038042420522764,-78.03226069518718,75857.14074615683,19.778424381101807,0,0.0
868e6e6d7ffffff,ICA,PALPA,-14.296420323193516,-75.13328914354565,75857.06464535445,10.311783770894916,43,0.0
868f4604fffffff,SAN MARTIN,MOYOBAMBA,-6.024903131307578,-77.04392461092998,75817.94342461931,16.51231464665504,8,0.0
868f4a597ffffff,HUANUCO,HUANUCO,-9.517977258233731,-76.16348619831443,75705.05004314824,25.437513503680947,23,0.0
868f4aadfffffff,HUANUCO,PUERTO INCA,-9.74493439195391,-75.12077883729289,1547482.5672362573,519.966748299453,3,0.7206224885869452
868f4a267ffffff,PASCO,OXAPAMPA,-9.962357444403878,-75.09860048404967,1264712.5803975798,489.9640783288853,3,1.0331686700436307
868f485a7ffffff,HUANUCO,PUERTO INCA,-8.965221436593,-75.00975302865079,1025662.6986993232,344.63102175503025,30,0.7742490500360526
868e6658fffffff,LIMA,HUAURA,-11.220467464695853,-77.24902774674938,786305.4358892858,161.00510495681976,24,0.683987529188146
868e6a2f7ffffff,AREQUIPA,CARAVELI,-15.345270408964184,-74.76458583627625,687351.362884521,132.59075403030943,21,1.6775908625208709
868f5d857ffffff,SAN MARTIN,TOCACHE,-8.588252529858474,-76.22333469483151,638095.1765445609,138.97011516927188,31,1.1520115550318206
868f4bd17ffffff,HUANUCO,PUERTO INCA,-9.719522671049312,-74.86909634304318,606565.4658452099,203.81093757298845,3,0.6639343534536947
868f4086fffffff,SAN MARTIN,SAN MARTIN,-6.2505889574968325,-75.88352403721674,587006.11755325,127.84347971911912,57,3.8119826653167714
868e45a5fffffff,ICA,ICA,-14.324454015930744,-75.38894902046957,580908.477976565,78.96697088899094,6,0.8360157800955494
86b3346e7ffffff,AREQUIPA,CAYLLOMA,-16.162986617548132,-72.13257863041244,559903.3753153741,108.00591186090833,15,0.5940365710252276
868f484cfffffff,HUANUCO,PUERTO INCA,-9.336119535156664,-74.87667912989141,537378.6941188129,180.5636186812734,3,0.9736077329205417
86b3346cfffffff,AREQUIPA,CAYLLOMA,-16.269129618858013,-72.12046058771836,524474.5691347829,101.1716602982654,15,0.6235340528717392
868f40807ffffff,SAN MARTIN,LAMAS,-6.158914938340209,-76.08196063299887,521662.4788753628,113.61235350716424,57,3.287384667860057
868e61937ffffff,JUNIN,HUANCAYO,-11.941056483278931,-74.60745589207912,520533.5959969078,178.03156472369844,26,2.433962281290023
86b330057ffffff,AREQUIPA,ISLAY,-16.896579453985787,-71.98447551503858,506308.000349205,97.6673113095402,55,1.2067497017583366
868f4bd47ffffff,PASCO,OXAPAMPA,-9.808938725576798,-74.66937673128184,499690.054409124,193.5856262944037,3,0.6639343534536947
868f4a357ffffff,PASCO,OXAPAMPA,-9.859997728053406,-75.17268897286621,475507.8711950624,184.2171727073182,3,1.485971606985121
868e45b0fffffff,ICA,ICA,-14.057658436455975,-75.44880209086622,467828.5619393276,63.595223399703485,6,0.8460051224976419
868f4ea57ffffff,UCAYALI,CORONEL PORTILLO,-8.460873679569266,-74.9028940987732,467198.596218108,95.07632933446232,30,0.7018121190093646
868f40887ffffff,SAN MARTIN,LAMAS,-6.227282560483966,-76.23318092982613,456934.0911098959,99.51522218076867,57,2.801390089959955
868e4538fffffff,ICA,ICA,-14.531711170586629,-75.78860127433988,455169.4168986823,61.874376870855805,6,2.536475230966001
868e45a2fffffff,ICA,ICA,-14.165798835098856,-75.4376595481687,454169.3784736384,61.73843462144438,6,0.9124697728633335
868f5d147ffffff,HUANUCO,MARAÑON,-8.818290150117146,-76.3281718963437,453590.8315962122,152.41021434234952,31,1.807305111477585
868f4849fffffff,HUANUCO,PUERTO INCA,-9.246295651318237,-75.07627238178647,422388.1762867677,141.92586798325834,3,0.7509100802720838
86b334397ffffff,AREQUIPA,CAYLLOMA,-15.918121202348123,-71.90505037238479,421314.265455556,81.27193624240084,37,2.7874615543820345
868e64d4fffffff,PASCO,OXAPAMPA,-10.352261969309716,-75.69695612269382,420041.0097038419,162.7286779381759,16,1.4416578205630106
868f4ab37ffffff,HUANUCO,PUERTO INCA,-9.303778653607091,-75.10216744084107,419013.8046153943,140.7920516142304,3,0.5246572114081705
868e649a7ffffff,PASCO,OXAPAMPA,-10.173152288958164,-75.55529819529792,416081.2484151197,161.19462125185655,16,1.5077847923862122
868f4e02fffffff,UCAYALI,PADRE ABAD,-8.394987580838585,-75.35293441827466,394560.9470807127,80.29434773740277,30,1.1593181882507309
868e45cefffffff,ICA,PISCO,-14.02457939611382,-76.16430620132891,394520.4672832562,53.62993902857933,1,1.5154909640578285
868f40c67ffffff,SAN MARTIN,LAMAS,-6.238504966378924,-76.35852623179824,379457.5765887978,82.64168898119769,57,2.987381280214951
868e45247ffffff,ICA,ICA,-14.669485298350544,-75.54757150572192,371146.8146549388,50.452594202938506,6,2.0889994007846506
86b334527ffffff,AREQUIPA,CASTILLA,-15.49172343566728,-72.36857835784211,343266.5098510381,66.21644741271632,25,2.498716859723741
868f4a66fffffff,PASCO,OXAPAMPA,-10.057994289298856,-75.50310145636483,341368.1737347659,132.24992398050588,16,1.8658944786541005
868e644efffffff,JUNIN,JUNIN,-10.93484660002222,-76.0227589175533,331887.98976782843,113.51147857845532,42,2.216693854156415
86b334757ffffff,AREQUIPA,CAYLLOMA,-15.991526941092047,-72.05626905305354,329794.3942516305,63.61766306141642,15,2.6506999770409005
86b336ae7ffffff,AREQUIPA,CASTILLA,-16.219469475644015,-72.5745234366218,308352.1480828391,59.48143268326962,15,1.0370845855167594
868e64717ffffff,JUNIN,JUNIN,-10.973362589111538,-75.8586248399054,281511.1911719121,96.28173519825116,42,2.5686085819084665
868e66517ffffff,LIMA,HUAURA,-11.105085823298973,-77.19566391651848,270529.3869975115,55.394011486360064,24,1.0840840355190844
868f48d37ffffff,UCAYALI,CORONEL PORTILLO,-8.499751479217949,-74.7407891379874,269911.71578173275,54.92785164301653,30,0.8656461377656751
868e62067ffffff,LIMA,CAÑETE,-12.427660076125246,-76.6471778653584,263930.0327371775,54.042717603810935,38,1.0928296876338497
86b330d97ffffff,AREQUIPA,CASTILLA,-16.37487631544566,-72.5248836701831,262471.63731092395,50.6310370238869,34,0.9592267206575238
868f51147ffffff,CAJAMARCA,CAJABAMBA,-7.450372692975664,-78.24671546055619,256500.25443009468,140.0043367076768,40,3.0008673049175267
868f53957ffffff,LA LIBERTAD,ASCOPE,-7.532624892457782,-79.19975561696559,251878.6232161465,65.67295120135385,2,1.03962612429806
86b334217ffffff,AREQUIPA,CAYLLOMA,-16.007923157890275,-71.76716685434246,247751.0976978425,47.791430452306685,37,2.493291794039965
868f4c697ffffff,UCAYALI,CORONEL PORTILLO,-8.391195165115668,-74.7519300560041,238403.9915999083,48.51593434459199,30,1.2612210855141277
86b33579fffffff,AREQUIPA,AREQUIPA,-16.650218249376753,-71.34207827227634,237140.54968348864,45.7446453030142,14,1.1123792391946523
868f5d25fffffff,HUANUCO,LEONCIO PRADO,-9.402836483457298,-76.11102783287598,235123.617933618,79.0034509297843,31,1.3191238996618
868f4e84fffffff,UCAYALI,CORONEL PORTILLO,-8.147237228808951,-75.06139001826396,231695.5214296401,47.15074034700327,30,1.2752626438329535
868f486b7ffffff,HUANUCO,PUERTO INCA,-9.495905195630211,-74.82855692830911,214748.589480288,72.15727539560179,3,1.0455142001671576
868f4898fffffff,UCAYALI,CORONEL PORTILLO,-8.628308727564521,-74.3800315722586,214372.9892370849,43.62555258107657,19,2.304584037282501
868f5e2f7ffffff,ANCASH,SANTA,-9.166960522158885,-78.31239537852589,214060.18791835324,136.31004355784856,12,1.8502753930660933
868f5190fffffff,CAJAMARCA,CELENDIN,-7.002013806792415,-78.16042391060401,213793.28483125367,116.69379081849064,40,1.3488916366290864
86b330cafffffff,AREQUIPA,CAYLLOMA,-16.52202218758728,-72.41196709646125,211567.67082613896,40.81161181604719,15,0.3145125023203377
868e6441fffffff,PASCO,PASCO,-10.832243231570423,-76.09711433044083,207476.20802852625,80.37864936072036,42,2.788255600279503
868f5e767ffffff,ANCASH,SANTA,-8.96492247577375,-78.52393469911952,206534.4884385985,131.51780061970857,12,1.2177039687062738
868f5d3a7ffffff,HUANUCO,LEONCIO PRADO,-9.093946832299888,-76.33298696127261,205248.33824336744,68.96511359147125,31,1.859241141043049
868e6a06fffffff,ICA,NASCA,-14.9651358645294,-74.77242368830473,204767.9483344721,27.835545921880986,21,0.8062551854415358
868e63667ffffff,ICA,CHINCHA,-13.499609709473749,-75.86136674058429,204059.0162481765,27.73917580241608,1,1.5455686230175734
86b3309afffffff,AREQUIPA,AREQUIPA,-16.301740216883292,-71.95686347159292,203974.7106957053,39.34692233788665,55,1.1066524329027243
868e6ac8fffffff,ICA,NASCA,-14.648457773904743,-75.35542154599756,194273.57278031125,26.40897171905623,43,0.7812422405995231
86b3368e7ffffff,AREQUIPA,CONDESUYOS,-15.874697361899758,-72.83780842229793,192235.091093458,37.08233816865079,25,3.828186200520823
86b336a77ffffff,AREQUIPA,CASTILLA,-16.15427642005173,-72.48570917460431,192031.61624950025,37.04308767109836,15,1.07476943613227
868f40877ffffff,SAN MARTIN,LAMAS,-6.204769513535701,-75.98273292293725,188715.855018986,41.10023875791614,57,3.5438707909098257
86b335db7ffffff,AREQUIPA,CAYLLOMA,-15.803680132051117,-71.44051737907806,186122.3466926086,35.903183760777246,37,1.8415510679124352
868f4a677ffffff,PASCO,OXAPAMPA,-10.013032799928029,-75.60334257094321,181775.83135701463,70.42203031245896,16,2.217279394633712
868f732d7ffffff,AMAZONAS,BONGARA,-5.722543831391867,-77.99256067002143,181645.7143185614,51.92766200004261,22,1.9645941099644872
86b330b87ffffff,AREQUIPA,AREQUIPA,-16.65178942039668,-71.75676308731954,180489.7558036851,34.81665143766888,55,1.330952737468841
868e669b7ffffff,LIMA,OYON,-10.670481461220977,-76.6908000855674,178849.06731389975,36.6214088571534,56,2.179593976940128
868b668cfffffff,PUNO,AZANGARO,-14.814357163519686,-70.07228695208214,178127.48162892702,106.09722843238876,39,0.8834987904630329
868e6a267ffffff,AREQUIPA,CARAVELI,-15.26594925247206,-74.54663955111572,174919.2871322677,33.74210255142547,21,2.4385111569755162
868e6acefffffff,ICA,NASCA,-14.684772888530937,-75.18983993347182,174501.6119374395,23.72123016338847,43,0.548583549517711
868f4844fffffff,HUANUCO,PUERTO INCA,-9.266035114150416,-74.72533574029525,174034.4439093034,58.47699082855544,3,1.0388357225789073
86b33409fffffff,AREQUIPA,CAYLLOMA,-15.787063939931912,-72.14345200726403,162019.9909968528,31.25381563819757,37,2.9894907220506295
868f5e287ffffff,ANCASH,SANTA,-9.120752956659324,-78.41312623738938,160756.49816484787,102.36712150984172,12,1.6580060652872846
86b33426fffffff,AREQUIPA,AREQUIPA,-16.081004197578057,-71.50384326355744,158813.92444780393,30.635362247160707,14,1.6588347248395874
868f51937ffffff,CAJAMARCA,CELENDIN,-6.898225453045411,-78.23384695720263,157512.1934271633,85.97414537906954,40,2.7637654097206745
86b336c67ffffff,AREQUIPA,CONDESUYOS,-15.856668924435532,-73.12880958230838,152986.20863741767,29.511190134762803,34,3.8917758997995753
868e6b59fffffff,AREQUIPA,CARAVELI,-15.54550312018095,-74.61390067259497,149666.94668029557,28.8709012381612,21,1.7267805665236564
868f4ebafffffff,UCAYALI,CORONEL PORTILLO,-8.255872079829631,-75.05034217902791,149425.0985149143,30.408460111481457,30,1.0364097914454429
86b331c9fffffff,AREQUIPA,ISLAY,-17.211613670502143,-71.5318938382699,149136.31009863972,28.7685409195862,11,0.6766523734785541
868e619a7ffffff,JUNIN,HUANCAYO,-12.005425688142124,-74.6966638075331,148725.72467246372,50.86679069656432,26,1.3397391961538785
868e4c94fffffff,AREQUIPA,CARAVELI,-15.610213321651138,-74.70412742972952,147786.54061603828,28.508169058658805,21,1.3677783568315027
868e6191fffffff,HUANCAVELICA,TAYACAJA,-12.049410027582688,-74.59615239606224,146324.47473288054,37.6336459614364,27,2.4033337528897762
868b66d37ffffff,PUNO,HUANCANE,-15.177493897471772,-69.59024471638956,140406.93360246308,83.62991702170116,54,1.3682871374714622
868f72647ffffff,CAJAMARCA,SAN IGNACIO,-4.997376130630846,-79.17129729124017,137728.40709065233,75.17565362020662,52,3.167405042401265
868e62117ffffff,LIMA,LIMA,-12.228944875721709,-76.86056079986884,137123.22029065518,28.07756053466053,38,0.9565467030640844
868b66d2fffffff,PUNO,HUANCANE,-15.137586095820131,-69.68894563778562,137013.73937544244,81.60884481135218,54,1.2531896128916684
868e6962fffffff,AREQUIPA,LA UNION,-15.414009177658738,-73.0494962409351,136641.66558665954,26.35831170256427,29,2.1744091972028285
868e6b5a7ffffff,AREQUIPA,CARAVELI,-15.430762831477944,-74.56142079072224,135980.90878605246,26.230851065757665,21,1.9764863497608942
86b334c87ffffff,AREQUIPA,CASTILLA,-15.385155184276991,-72.380602453288,134566.53662510935,25.958017284630166,25,3.131105803718551
86b336707ffffff,AREQUIPA,CAMANA,-16.405347144169205,-73.196545356666,134510.9394257523,25.94729253018465,34,1.811432965849761
868f55967ffffff,AMAZONAS,BONGARA,-5.826137452754468,-77.9193847578026,134222.39505506083,38.37060064644298,22,1.6502937223870044
86b336a4fffffff,AREQUIPA,CASTILLA,-16.252513203469512,-72.41049439099595,134094.56986746914,25.866974432819784,15,1.899170274002853
86b32694fffffff,PUNO,MOHO,-15.33982713043929,-69.60198132139953,132924.7093954216,79.17331524629094,54,1.4168830128589893
868e62107ffffff,LIMA,LIMA,-12.22258137874571,-76.79656806451632,129139.2721974285,26.44275509895099,38,1.0302480327198436
868f4c7b7ffffff,UCAYALI,CORONEL PORTILLO,-8.167975706251438,-74.71166164935936,128992.1900917509,26.250301362231568,30,2.0205139796818363
86b331c5fffffff,MOQUEGUA,MARISCAL NIETO,-17.225919219146228,-71.24271665994924,127910.30568403366,37.326165708974834,11,1.210786156209539
868e63107ffffff,LIMA,YAUYOS,-12.892750565125931,-75.8260188309626,127019.90969138952,26.00879118728041,13,3.1017306158066704
868f4ea9fffffff,UCAYALI,PADRE ABAD,-8.485412640361549,-75.1536509673986,125941.32935609735,25.6294419623862,30,1.1592752284460488
868e65667ffffff,JUNIN,HUANCAYO,-11.839448012325663,-74.68195983278086,124445.00326085894,42.562360667894495,26,3.7693521992280115
868e6964fffffff,AREQUIPA,CONDESUYOS,-15.562545815399371,-72.93678723743209,123382.67139801352,23.800638681042344,29,2.7217891706035213
868f734f7ffffff,CAJAMARCA,SAN IGNACIO,-5.339725367125345,-78.66339069163375,123100.17465714252,67.19119378561639,52,1.536923634060535
868f481afffffff,UCAYALI,CORONEL PORTILLO,-8.972582351366981,-74.53397569676387,121997.59060883634,24.82687918291965,19,0.20953943695984933
868f592a7ffffff,PASCO,DANIEL ALCIDES CARRION,-10.427466340999633,-76.45783834949663,121391.29194646214,47.02837102877827,56,3.809654953541838
868b6471fffffff,PUNO,MELGAR,-14.848374977162878,-70.7286177428561,121157.8064535714,72.16465056442026,39,0.8636381229814628
86b33608fffffff,AREQUIPA,CAMANA,-16.29096418706687,-73.14487059687346,119160.00126626444,22.986081458895768,34,1.4979864329829995
86b331d8fffffff,AREQUIPA,ISLAY,-17.040729325283234,-71.45598166752752,118850.7554502159,22.92642763678284,11,1.0266331071481443
868f4e38fffffff,UCAYALI,PADRE ABAD,-8.715098464697288,-75.25716109939188,118698.33747647224,24.1554711780378,30,0.8796136960130543
868e692f7ffffff,AREQUIPA,CONDESUYOS,-15.481806471926042,-72.72150312080721,118512.77440266396,22.86123076024679,29,1.7408217962459025
868e64c4fffffff,PASCO,PASCO,-10.51874138317684,-75.71219129618599,115069.50379353312,44.57923819516115,16,2.0237271235104224
868e6280fffffff,LIMA,HUAROCHIRI,-12.036801691545664,-76.58886983136273,114822.63498860536,23.51125854401704,35,2.3491883735794152
868f4eac7ffffff,UCAYALI,PADRE ABAD,-8.52441034543772,-74.99134713539115,114044.5513165405,23.20841159957264,30,0.6899864693028431
86b334797ffffff,AREQUIPA,CASTILLA,-15.97470935094953,-72.34592108668217,112774.5538965746,21.754322380081994,15,2.532071863686129
868f4e28fffffff,UCAYALI,PADRE ABAD,-8.881289223953923,-75.27206232891264,111875.5469075011,22.76701263307092,30,1.0127997468269445
868e66737ffffff,LIMA,HUARAL,-11.407830278901931,-76.9084639867303,109531.69996704636,22.427878588106665,24,3.029169033019855
868b668e7ffffff,PUNO,AZANGARO,-14.920098097110731,-70.0597142083053,108862.89338193487,64.8414897091222,39,0.8311423926498565
868f409afffffff,LORETO,ALTO AMAZONAS,-6.055917114731175,-76.15523764543666,107497.53690283957,30.85764962040847,57,3.609634611329565
868e6a427ffffff,ICA,NASCA,-14.871323943628514,-75.39709786254261,107482.53583602296,14.61085627120174,43,1.8938280280508584
868f4c6a7ffffff,UCAYALI,CORONEL PORTILLO,-8.327686054233954,-74.6636740441664,107472.89279459014,21.871059186777952,30,1.4160777684502381
868f5db0fffffff,HUANUCO,LEONCIO PRADO,-8.730700039632591,-75.9863986603252,104575.29668594104,35.13815155110415,31,1.1132402811035176
868f550e7ffffff,CAJAMARCA,CELENDIN,-6.461269065877668,-78.27417099045634,102357.51663111312,55.86932556782142,53,3.9533016556341662
868e62137ffffff,LIMA,LIMA,-12.171269819598194,-76.83390054923801,101724.49376512947,20.829263092669404,38,1.519940457353921
868f484b7ffffff,HUANUCO,PUERTO INCA,-9.137595111488436,-75.0873467089585,101405.78113991104,34.07316850893837,3,1.1071471453785542
868f722efffffff,CAJAMARCA,SAN IGNACIO,-5.0233135427715485,-78.81925413716031,100347.94353334524,54.77244966318071,52,1.089839458731093
868e64487ffffff,PASCO,PASCO,-10.844874970841056,-76.22415696013347,100247.30036697073,38.836947533028365,42,2.8573159040625513
868f4a6efffffff,PASCO,OXAPAMPA,-10.128197952785548,-75.65559338589543,99514.49077434107,38.55304873878178,16,2.5739890772476643
868e6ccd7ffffff,AYACUCHO,HUAMANGA,-13.03886236502296,-74.14014703306442,98388.58995112928,31.675168550295133,44,1.8047959894130432
868f4e047ffffff,UCAYALI,PADRE ABAD,-8.497634285304818,-75.27916692167155,97810.03793147524,19.904638956251983,30,1.1593181882507309
868f40a8fffffff,SAN MARTIN,SAN MARTIN,-6.639304191161169,-75.93978530268656,97532.16610078684,21.241433651220152,57,0.15627746958313588
868e62a5fffffff,LIMA,YAUYOS,-12.497639374230204,-76.25280719427552,96909.15622149124,19.84326720452048,38,3.057712215277984
868f4095fffffff,SAN MARTIN,LAMAS,-6.147660035410488,-75.95681540866761,96695.9024674894,21.05930462454336,57,3.566293754097576
868e6cc8fffffff,AYACUCHO,HUANTA,-12.988394562641458,-74.17750494367323,96008.8862146594,30.909048037846567,44,2.107483641492797
868f4eb5fffffff,UCAYALI,CORONEL PORTILLO,-8.346134214518715,-74.8513751980094,95184.48732225609,19.3703314552725,30,1.1929933444363965
868f08b07ffffff,TUMBES,CONTRALMIRANTE VILLAR,-4.076442013085565,-80.68346171828263,94947.61956281858,14.01607824600076,7,2.5980624165102237
868f54aa7ffffff,CAJAMARCA,JAEN,-5.6360325003078655,-78.92293172661108,94244.24044447896,51.44089389409973,52,1.8460000112219337
868f54a87ffffff,CAJAMARCA,JAEN,-5.69323018231643,-78.94962392735496,93912.96466401084,51.260075181015765,52,2.5884063864067106
868e6650fffffff,LIMA,HUAURA,-11.150449466462154,-77.09459263582136,93726.84403969736,19.191652089771058,24,1.5514284743096742
868e62b8fffffff,LIMA,HUAROCHIRI,-12.299452169870433,-76.4661171311665,93717.62178187969,19.1897637261402,38,2.8539201257970452
868f5e0c7ffffff,ANCASH,SANTA,-8.855344620685786,-78.5340015314943,92150.5431688032,58.679966019697225,12,1.1886804912943696
868e632e7ffffff,ICA,PISCO,-13.523269836407325,-75.56826113217336,91887.5355245089,12.490918307991608,1,1.3522548848664897
868f4eaafffffff,UCAYALI,PADRE ABAD,-8.421896729152554,-75.0651010908177,91782.10215238952,18.67793576840296,30,0.9879771726498302
868f54a1fffffff,CAJAMARCA,JAEN,-5.682686149557212,-78.82317550888584,91754.3917255049,50.081871388734434,52,1.5035677299770587
868e6cc5fffffff,AYACUCHO,LA MAR,-13.01757968136159,-73.95050493580136,91681.2781144998,29.51582026559913,44,3.5638907241220275
868f4875fffffff,UCAYALI,CORONEL PORTILLO,-9.464091646755884,-74.51477604140604,91007.63702157154,18.520329768659472,3,1.0455142001671576
868b66d17ffffff,PUNO,HUANCANE,-15.120520650545798,-69.5658252596853,90933.3346698876,54.16219155159924,54,1.4960538980984979
868e6c62fffffff,AYACUCHO,VILCAS HUAMAN,-13.614332894199508,-73.91869032454765,89492.8110205219,28.811266372683743,44,1.8718266769810523
868f4801fffffff,UCAYALI,CORONEL PORTILLO,-9.132192561875543,-74.48582925186429,89294.29133493103,18.171658732219186,19,0.20953943695984933
868e6654fffffff,LIMA,HUARAL,-11.247236384969309,-76.9563146085623,89179.72153723131,18.260576324113817,24,1.9088869166171092
868f446efffffff,LORETO,ALTO AMAZONAS,-5.958471656313824,-76.29110227338607,88613.63807434078,25.43694185066919,57,3.5484528441061953
868e6a557ffffff,ICA,NASCA,-14.864263620518392,-75.33303505477494,88503.10256791554,12.03084855709045,43,1.750225104970941
868f4e2dfffffff,UCAYALI,PADRE ABAD,-8.98384717117831,-75.19818980246924,88381.064785129,17.98581436344583,30,0.7073909503608717
86b330b0fffffff,AREQUIPA,AREQUIPA,-16.626771360656093,-71.56804843779298,88264.67612025126,17.026342847291833,14,1.049442414759349
868f4895fffffff,UCAYALI,CORONEL PORTILLO,-8.660553546363001,-74.15583312320769,87715.54714292365,17.8503795076042,19,2.403405052182979
868f5b32fffffff,LIMA,HUAURA,-10.731838493752342,-77.32822609065082,87470.83695802257,17.91066250121951,10,1.9665740083633796
868e6311fffffff,LIMA,YAUYOS,-12.950373109072396,-75.85243979962137,87404.02341270079,17.896981657381893,13,3.7671088534063975
86b33401fffffff,AREQUIPA,CAYLLOMA,-15.71375127642643,-71.99222008462034,86588.9539834655,16.70309439874103,37,1.6138786234616809
86b3342dfffffff,AREQUIPA,AREQUIPA,-16.219979777569254,-71.74274910435985,83927.60682068965,16.1897179131427,14,1.0721996639501234
868e6c437ffffff,AYACUCHO,HUAMANGA,-13.218538388614505,-74.28121509460559,83913.46597082372,27.0150550951644,44,1.3890585309897514
868e69027ffffff,AREQUIPA,LA UNION,-14.963208643171551,-72.90729871541605,83662.40249376031,16.138559737603345,29,3.378328357161401
86b324597ffffff,PUNO,HUANCANE,-15.22589979569708,-69.55312175164522,83549.2527175081,49.7640457826206,54,1.1937853513802474
868b64707ffffff,PUNO,MELGAR,-14.905510897908789,-70.75346079276325,82520.4787032465,49.151281987846914,39,0.9640803007347072
868e6c58fffffff,AYACUCHO,HUAMANGA,-13.225605130422242,-74.34457020608096,82112.88829151538,26.435378107128287,44,1.674421386905057
86b334547ffffff,AREQUIPA,CASTILLA,-15.63951599635598,-72.25602504822398,82032.86280047966,15.824219927833155,25,3.0475620815963396
868e63d0fffffff,LIMA,YAUYOS,-12.586719843468344,-76.05035922647028,81081.76448167946,16.602426238720632,13,3.4347480682651
868f552afffffff,CAJAMARCA,CELENDIN,-6.778009364399617,-78.11737572655663,80817.63520033433,44.112312619906135,40,2.2910809016173403
868f4e2afffffff,UCAYALI,PADRE ABAD,-8.823835223479847,-75.24614810170584,80761.89545630464,16.435290328857,30,0.9529735444790499
868b6470fffffff,PUNO,MELGAR,-14.856578336404336,-70.79072002639657,80598.63713737347,48.00658459606514,39,1.2296535296724247
868e62887ffffff,LIMA,LIMA,-12.05591789655688,-76.7806174069305,79569.28424498242,16.292728469711683,35,1.8814320336092152
868e666c7ffffff,LIMA,LIMA,-11.79281110459456,-76.90318508089254,79164.1418468859,16.2097708919681,24,1.4662315423258305
868f4eb67ffffff,UCAYALI,CORONEL PORTILLO,-8.231433342139482,-74.79990685521601,78311.2497588669,15.936576507159426,30,1.8100383837282763
868e660b7ffffff,LIMA,HUARAL,-11.241015478105677,-76.89248849609028,77783.8111529681,15.927132265671426,24,2.028731096297223
868b64717ffffff,PUNO,MELGAR,-14.897288078785756,-70.69136772932632,77641.24877369059,46.245089368514606,39,0.8327628767572884
868e6c54fffffff,AYACUCHO,HUAMANGA,-13.247660060750563,-74.05392573217932,77614.81026173764,24.9872693394718,44,1.6663348643638818
868f5436fffffff,CAJAMARCA,CUTERVO,-5.952902713262554,-78.7668286002499,76606.17184072315,41.81358923056251,22,2.3387092076518745
868f55977ffffff,AMAZONAS,BONGARA,-5.831520667184532,-77.982428268134,75536.61635018195,21.59390270876502,22,1.5946464215605596
868f55517ffffff,CAJAMARCA,CUTERVO,-6.228590270513557,-78.77369647797921,75381.29562888328,41.145020764739066,36,3.3840074254821224
86b3261a7ffffff,PUNO,SAN ROMAN,-15.61913604696135,-70.07062083160932,75360.23357736472,44.88645908794685,28,0.37199734182213695
868f50b47ffffff,CAJAMARCA,SANTA CRUZ,-6.723108829856957,-78.76072803186415,75352.34724726253,41.12922000471028,51,3.1827530368569255
868f5560fffffff,CAJAMARCA,HUALGAYOC,-6.805325875416504,-78.43389640118298,75172.71221583881,41.03117065392183,51,3.2011080241978194
868f51c2fffffff,CAJAMARCA,CAJAMARCA,-7.149735198260777,-78.59403934400922,75089.75351271032,40.98588969218775,40,2.182778933585708
868f54a07ffffff,CAJAMARCA,JAEN,-5.625495485496956,-78.79651617791106,75071.77700975681,40.97607766148266,52,0.9227511658222464
868e6cc97ffffff,AYACUCHO,HUANTA,-12.944941115221924,-74.27813337101506,74980.38957525244,24.1391453921904,46,1.7069116038350587
868f50b57ffffff,CAJAMARCA,SAN MIGUEL,-6.728502495583828,-78.82413233348936,74940.77752459387,40.90457482391225,51,2.9765197553053984
868b66b5fffffff,PUNO,MELGAR,-14.70121265741554,-70.4310895636247,74715.73871075804,44.50258166229325,39,0.4523308080883583
868e61327ffffff,HUANCAVELICA,CHURCAMPA,-12.692109864300848,-74.46486612877115,74201.27945392711,19.08405744119308,46,2.335968692037569
868f72267ffffff,CAJAMARCA,SAN IGNACIO,-4.904011321651201,-78.70301226546854,74146.992877167,40.47130705465152,52,1.089839458731093
868f516afffffff,LA LIBERTAD,OTUZCO,-7.984486297585324,-78.67792192281362,74102.39976672169,19.32090632243524,2,1.468260241534239
868f5169fffffff,LA LIBERTAD,TRUJILLO,-8.047564926982574,-78.76838987918612,73995.82259732502,19.29311818719933,2,1.435468529172222
868f4e34fffffff,UCAYALI,PADRE ABAD,-8.741698199672163,-74.96918057381666,73859.48590516798,15.030629079877476,30,0.2835789905732569
86b326d6fffffff,PUNO,AZANGARO,-15.342616065320362,-70.00935089162172,73793.97731518574,43.95355728687475,28,0.4228407474133755
868f5031fffffff,CAJAMARCA,SAN MIGUEL,-7.083716866949342,-79.11188767287382,73633.04495903006,40.1907812612525,51,3.065269932159503
868f4e29fffffff,UCAYALI,PADRE ABAD,-8.887452444819502,-75.33492577713808,73462.17566409343,14.949775242485542,30,1.1390703960393187
868e63997ffffff,LIMA,YAUYOS,-12.56691556954604,-75.85896217995966,73444.41105255343,15.038590057099857,13,3.420064741349296
868f55d5fffffff,AMAZONAS,UTCUBAMBA,-5.978142696882292,-78.41416593965099,73278.6315210222,20.948405106745074,22,3.712977680847046
868f556e7ffffff,CAJAMARCA,CAJAMARCA,-6.862703823537976,-78.46055791955607,73260.42029096938,39.98739327784225,51,2.71406655627726
868f5ec77ffffff,LA LIBERTAD,VIRU,-8.370691489050973,-78.67475256159285,73158.72539609988,19.0748597143488,12,0.8166355040154701
868f50b2fffffff,CAJAMARCA,SANTA CRUZ,-6.619152637311045,-78.83404047967146,73157.71981696018,39.93133675744943,33,2.897104349459503
868b66907ffffff,PUNO,AZANGARO,-15.188480706041458,-70.05914883018835,73131.57061802848,43.5590111224045,28,0.7930597405819214
868f5570fffffff,CAJAMARCA,HUALGAYOC,-6.638683630027059,-78.41728061596834,73123.16803293634,39.91247751843982,53,1.8561467369154023
868e69167ffffff,AREQUIPA,LA UNION,-14.890449807914155,-72.75551026629773,72904.88646419208,14.063424313607356,29,2.943947699076894
868f54a17ffffff,CAJAMARCA,JAEN,-5.630766861974459,-78.85971695742379,72880.57775519094,39.78006559938368,52,2.1066229463236423
868f50b0fffffff,CAJAMARCA,SANTA CRUZ,-6.676516018984945,-78.8607899120065,72864.41101259914,39.77124138173011,33,2.6667266743225375
868f50067ffffff,CAJAMARCA,SAN MIGUEL,-6.870159001969756,-79.19505061378374,72831.32456306311,39.75318195940479,50,1.870460431581849
86b32650fffffff,PUNO,SAN ROMAN,-15.710207437227092,-70.34323494284332,72782.76468795564,43.351253497903855,28,0.8157163838185804
868f542efffffff,CAJAMARCA,CUTERVO,-6.18729161956735,-78.93693373770662,72654.915756348,39.65689356379124,36,1.7175927368628041
868f722f7ffffff,CAJAMARCA,SAN IGNACIO,-4.976649025176553,-78.9188103627198,72654.69007851362,39.65677038311221,52,0.7103617317445763
868f5b2dfffffff,LIMA,HUAURA,-11.129588407556556,-77.45130415661946,72587.85800360604,14.863200943337862,10,1.9597322395320176
868f5d34fffffff,HUANUCO,LEONCIO PRADO,-9.23017220505042,-76.03243350215978,72570.65125693915,24.384329978874188,31,0.982980246155314
868b64727ffffff,PUNO,MELGAR,-14.962645677457798,-70.77831770374473,72553.13947800886,43.21448292140005,39,1.0240922900537155
868f5e157ffffff,LA LIBERTAD,VIRU,-8.624926270385858,-78.42670036193773,72236.37681271422,18.834373432766487,12,1.203892472670889
868f54b07ffffff,CAJAMARCA,JAEN,-5.459256505847157,-78.7797579089134,72163.35025227736,39.388584658996216,52,0.43203558406804915
868f51c57ffffff,CAJAMARCA,CAJAMARCA,-7.259137663766928,-78.58404273003372,72142.0114262312,39.3769373871705,40,1.1738581315305585
86b3269b7ffffff,PUNO,AZANGARO,-15.228584240642013,-69.96017521015742,71926.08786712121,42.84099513955494,28,0.9184967090297363
868e75967ffffff,LIMA,HUAURA,-11.181175632633796,-77.41409806446786,71834.8970642273,14.709023508539955,24,0.9028324441140226
868b66d4fffffff,PUNO,HUANCANE,-14.992053886425587,-69.80034683918397,71771.66224956766,42.74901534019123,28,1.2006711271078658
868f5582fffffff,AMAZONAS,BONGARA,-5.945915297564064,-78.03536758084901,71732.27892253667,20.50634416757962,22,1.2621868047240732
868f592f7ffffff,PASCO,DANIEL ALCIDES CARRION,-10.530324088002022,-76.38356867146332,71676.53024895172,27.768305325309544,42,3.6918542669408287
868f540f7ffffff,CAJAMARCA,JAEN,-5.776712940313389,-79.29276814800522,71633.88420542142,39.09958867782652,36,3.102850650391424
86b326d67ffffff,PUNO,AZANGARO,-15.29407847686982,-70.04655788642779,71478.1332243203,42.57418203677048,28,0.660730590791912
868f550b7ffffff,CAJAMARCA,CHOTA,-6.368285452278888,-78.4739700383813,71457.57603079092,39.00335520975403,33,3.231375895789413
868f557afffffff,CAJAMARCA,HUALGAYOC,-6.649527529774904,-78.5439241732942,71388.7437511659,38.96578480782834,33,1.180702955583688
86b33621fffffff,AREQUIPA,CAMANA,-16.570414819252427,-72.79187646645863,71362.77646662024,13.765949778141742,34,0.5196371430164929
868f5590fffffff,AMAZONAS,BONGARA,-5.83689813639098,-78.04548784872325,71314.9862391989,20.38705132603505,22,1.5586286618720548
868e61027ffffff,HUANCAVELICA,HUANCAVELICA,-12.503222540455544,-74.74087391935116,71199.09092406866,18.311915252072414,46,2.4030189004220257
868e612b7ffffff,HUANCAVELICA,ANGARAES,-12.936255575660544,-74.69568644041107,71154.32758115033,18.300402428927043,46,1.4579224552292334
86b326d37ffffff,PUNO,LAMPA,-15.213755751332409,-70.24471846040372,71024.58933143373,42.3040398354231,28,0.5259037576288543
868f54b4fffffff,AMAZONAS,UTCUBAMBA,-5.609647159165974,-78.60699926743304,70990.18372367705,20.29419895511038,22,0.8100796438453224
868e61307ffffff,HUANCAVELICA,CHURCAMPA,-12.749672329229714,-74.49084351577156,70931.35919878489,18.243056498399334,46,1.5190510333068497
868e6c55fffffff,AYACUCHO,HUAMANGA,-13.25478305437211,-74.1171995569452,70779.598949934,22.78674516806325,44,1.1684719701826112
868e66547ffffff,LIMA,HUARAL,-11.19575949194365,-76.99353395357424,70623.22710875086,14.460920113281247,24,2.2070674025552983
868f55727ffffff,CAJAMARCA,CHOTA,-6.52942982143865,-78.42730841767461,70479.88373014951,38.46970598449445,33,2.2374954134512604
868e66d47ffffff,LIMA,OYON,-10.792006344891718,-76.8074986708956,70165.22691124195,14.367139291599951,56,2.3730335200846957
868f54067ffffff,CAJAMARCA,JAEN,-5.703750860565434,-79.0761274731088,70147.15554010797,38.2880945094719,41,3.350795403389653
868e63707ffffff,ICA,CHINCHA,-13.296072057897709,-76.01123368217597,70097.41816945371,9.528834558004135,1,1.8895618372893224
868e6e6a7ffffff,ICA,PALPA,-14.13790408288587,-75.18205989181854,69964.10177865591,9.51071192431866,43,2.4647176756563627
86b326d9fffffff,PUNO,LAMPA,-15.393328227146158,-70.3808247165708,69923.37052746213,41.6481260935873,28,0.8151662911031891
868f554cfffffff,CAJAMARCA,CHOTA,-6.608384058116003,-78.70728413612406,69897.8607572127,38.15202310166185,33,1.0724410132421742
868b6446fffffff,PUNO,MELGAR,-15.003294639182938,-70.67893968773775,69854.14876961327,41.60689586573127,39,0.9123295914830365
868b66997ffffff,PUNO,HUANCANE,-15.106078940813733,-69.84936177413039,69741.08293084662,41.53955099556399,28,1.146131237335486
868e6c4a7ffffff,AYACUCHO,HUAMANGA,-13.283143499466275,-74.3705518510147,69724.70650883969,22.447133675605727,44,1.4915638319612354
868f50acfffffff,CAJAMARCA,SAN MIGUEL,-7.010087356887209,-78.89453882329181,69640.9880424617,38.0118154666756,51,1.8651944780669092
868f40017ffffff,SAN MARTIN,SAN MARTIN,-6.56470493024498,-76.3266403647623,69554.10617216524,15.148119748506756,57,1.3394714294702417
868e690d7ffffff,AREQUIPA,LA UNION,-15.192508778651854,-73.00993820137002,69529.68543832077,13.4123447156182,29,0.9754798588811597
868e6c6b7ffffff,AYACUCHO,VICTOR FAJARDO,-13.643115260857735,-74.17202240906319,69482.6246118005,22.369197962780685,44,2.195252862152583
86b326c67ffffff,PUNO,SAN ROMAN,-15.456642142492289,-70.0585824800166,69337.51391393204,41.299175092956105,28,0.3754533675207219
868e6c797ffffff,AYACUCHO,CANGALLO,-13.535248926225398,-74.18349867797106,69276.85405606726,22.30295230321004,44,0.23603762945699114
868f40077ffffff,SAN MARTIN,SAN MARTIN,-6.604899615980684,-76.16449753143411,69152.206012149,15.060590311555895,57,0.7265712173117185
868e6c75fffffff,AYACUCHO,VILCAS HUAMAN,-13.607103636186949,-73.85542279435252,69027.09717317921,22.222545709660885,44,2.1036853786567606
86b3354c7ffffff,AREQUIPA,AREQUIPA,-16.504319506287104,-71.45470152572472,68913.8929958207,13.293557747720728,14,0.4633239142472163
868e6eb47ffffff,AYACUCHO,CANGALLO,-13.599908356581496,-74.2728549755113,68810.18507691332,22.152713148657288,44,0.7562120757286929
868f5ec27ffffff,LA LIBERTAD,VIRU,-8.266692305650457,-78.74844114338917,68788.43645660013,17.93538321334661,12,1.0519289033056949
868f51117ffffff,CAJAMARCA,CAJAMARCA,-7.357559621947144,-78.447105998785,68694.23918433403,37.49505595622046,40,1.6613146219694432
868f5540fffffff,CAJAMARCA,CHOTA,-6.441750404382894,-78.69052554028414,68569.34346836872,37.426884710502975,33,0.6578941600276973
868f55417ffffff,CAJAMARCA,CUTERVO,-6.395160735932572,-78.79049056710215,68499.46661005158,37.38874415106515,36,1.8533860371966049
86b326d87ffffff,PUNO,LAMPA,-15.336272131164447,-70.35608372819401,68491.20307641917,40.79509097616912,28,0.8149753975066804
868e66c4fffffff,LIMA,HUAURA,-11.01029758143089,-76.78620972928353,68455.36615779107,14.017025585773212,56,2.7054404286696165
868f5d22fffffff,HUANUCO,HUAMALIES,-9.242361536487168,-76.15881176279184,68395.42806367812,22.98142097479948,31,1.4337676862606774
868f51d17ffffff,CAJAMARCA,SAN PABLO,-6.993821115126969,-78.70416213403635,68225.64667085666,37.239286291658736,51,1.2227340518640066
868f5491fffffff,CAJAMARCA,SAN IGNACIO,-5.153086177403908,-79.06190795930429,68119.16977755565,37.18116850594963,52,1.182200706675191
868f51187ffffff,CAJAMARCA,CAJAMARCA,-7.4205214182049986,-78.53729213883717,68004.9551218763,37.11882725351612,40,3.6831927353275495
868e635b7ffffff,LIMA,CAÑETE,-12.958808367033344,-76.46529543639096,67924.406328533,13.908305438187226,13,0.5347070155064169
868e61847ffffff,HUANCAVELICA,TAYACAJA,-12.252321908494322,-74.447046812475,67903.46012110305,17.46430173365845,27,1.6838443817547066
868f40ab7ffffff,SAN MARTIN,SAN MARTIN,-6.536333422886481,-76.01316561622171,67851.10079854922,14.777223898475548,57,0.15627746958313588
868f4854fffffff,HUANUCO,PUERTO INCA,-9.100007973758297,-74.71073876511579,67804.38392516559,22.78282532964615,19,0.20953943695984933
868f55707ffffff,CAJAMARCA,HUALGAYOC,-6.586764295253396,-78.45394587370481,67670.88033317403,36.93648077083159,33,1.8877774321006133
868f5ba5fffffff,LIMA,CAJATAMBO,-10.655871921032608,-77.11018641749568,67517.26762701944,13.824939094299443,49,3.4167224852127656
868e61adfffffff,HUANCAVELICA,CHURCAMPA,-12.735747723107549,-74.36423667823672,67506.8238884901,17.362289629525606,46,2.355115860609022
868e62367ffffff,LIMA,CAÑETE,-12.619461275639782,-76.36977935154022,67465.27448230966,13.814292898382506,38,1.5895018652553663
868f540afffffff,CAJAMARCA,JAEN,-5.724721415281044,-79.32929515092388,67429.00313853873,36.80445807060124,36,3.4635552201093853
868e6ac07ffffff,ICA,PALPA,-14.526435811474744,-75.23865611111404,67332.86760783847,9.153029776361716,43,0.3188943060206624
868f550d7ffffff,CAJAMARCA,CHOTA,-6.524011268056937,-78.36402801889821,67316.18020134816,36.74287645337489,33,3.838913768624551
868e63607ffffff,ICA,CHINCHA,-13.46219349038483,-76.02679416489987,67258.02130206805,9.142855392146307,1,1.2431690634494217
868e6204fffffff,LIMA,CAÑETE,-12.536548332748024,-76.6364359625178,67221.79184766707,13.764437021319344,38,0.42010177572905066
868e61227ffffff,HUANCAVELICA,ACOBAMBA,-12.857834453983251,-74.47947943733304,66925.60841662761,17.212805017772776,46,0.6374206282197433
86b326507ffffff,PUNO,LAMPA,-15.661661797225648,-70.38053433491054,66826.01756251026,39.80326441332837,28,0.8074143148778787
86b335427ffffff,AREQUIPA,AREQUIPA,-16.28443808329298,-71.41655601111869,66794.66357847498,12.88475630848318,14,1.1009628993982097
868f0d4f7ffffff,TUMBES,CONTRALMIRANTE VILLAR,-3.957670700038642,-80.56633814913448,66750.87299659188,9.853701053453957,7,2.318480071857161
868b64787ffffff,PUNO,MELGAR,-14.831929612689333,-70.60451288655865,66709.80829918088,39.73404724007319,39,0.7051505675394866
868b64c97ffffff,PUNO,LAMPA,-15.401734186371929,-70.44285665757664,66671.95453402444,39.71150058117418,28,1.358756231331645
868e61a9fffffff,HUANCAVELICA,CHURCAMPA,-12.641483506702892,-74.5022006405092,66631.92343021171,17.137271264290035,46,2.476729421665444
868b668a7ffffff,PUNO,SAN ANTONIO DE PUTINA,-15.008949583435497,-69.92367099714342,66631.3160359601,39.68729526499919,28,1.4048462609101984
868f50a6fffffff,CAJAMARCA,SAN MIGUEL,-6.884442271683756,-78.71411450664631,66602.29299066032,36.35321872910279,51,1.989373062619586
868e61317ffffff,HUANCAVELICA,ACOBAMBA,-12.756615583554492,-74.55418439872778,66553.85503553822,17.11719261147899,46,1.4717906512679826
868e69207ffffff,AREQUIPA,CONDESUYOS,-15.367262115420424,-72.67030990705628,66415.29273796415,12.811575300171285,29,1.8457823562418254
868f518afffffff,CAJAMARCA,CAJAMARCA,-7.179740076231218,-78.30365339650716,66388.38048775423,36.23645986603894,40,0.9661183214032935
868f5578fffffff,CAJAMARCA,HUALGAYOC,-6.706885590571982,-78.57060163887061,66178.21500317722,36.12174622050114,33,1.4301791569133735
868b644dfffffff,PUNO,MELGAR,-14.864268035565685,-70.4433294625125,66167.55242230669,39.4110659397628,39,0.2796686635537131
868e62337ffffff,LIMA,CAÑETE,-12.530096944011108,-76.57244703383078,66123.81373042957,13.53961334093084,38,0.3939298731622817
868f55c0fffffff,AMAZONAS,UTCUBAMBA,-6.040736278004018,-78.50395892723746,66095.42787287141,18.894918887607066,22,2.7598520622918694
868b64627ffffff,PUNO,MELGAR,-14.799434864377234,-70.76586688812797,66031.60068838054,39.33008965222851,39,1.0157160870287636
868f53af7ffffff,LA LIBERTAD,TRUJILLO,-8.0751315617611,-79.0868395831267,65968.73078165294,17.200194213071352,2,0.39280817949424573
868e6acc7ffffff,ICA,NASCA,-14.691845011266237,-75.25381737395222,65803.49236458392,8.94513105411704,43,0.7789935779939945
868e61387ffffff,HUANCAVELICA,ACOBAMBA,-12.821116026576648,-74.6435824881921,65764.69740308449,16.91422670982962,46,0.5585240222233746
868f54867ffffff,CAJAMARCA,SAN IGNACIO,-5.30357183971941,-78.88929167628869,65763.92888169062,35.89561836041461,52,1.3186390994144137
86b326427ffffff,PUNO,PUNO,-15.767228845834396,-70.36800079038738,65560.61998484883,39.04956164592152,28,0.9542439323147685
868b669b7ffffff,PUNO,HUANCANE,-15.163090359735849,-69.87389019507887,65419.35706605417,38.96542188249296,28,1.0515370384058085
86b3346b7ffffff,AREQUIPA,CASTILLA,-16.081023071435254,-72.33386535052409,65169.15711153882,12.571194512042222,15,2.0629580421754827
868f55597ffffff,CAJAMARCA,CUTERVO,-6.2965664412764495,-78.92706967914222,65162.435497939805,35.56730803412197,36,0.6757817672256806
868b6462fffffff,PUNO,MELGAR,-14.75046785272684,-70.80311513368626,65156.89392304186,38.809092203408,39,1.0598553161973445
86b326d0fffffff,PUNO,AZANGARO,-15.31099503949905,-70.1702652239237,65119.39775668007,38.78675853938577,28,0.21549070703815576
868f5e89fffffff,LA LIBERTAD,VIRU,-8.41147600504053,-78.5105276116466,64897.39809803008,16.920862929798446,12,1.3900977349602732
868e66d9fffffff,LIMA,OYON,-10.822793196612194,-77.12625902435161,64873.58875802313,13.28361536137436,56,3.64721304275792
868e666afffffff,LIMA,CANTA,-11.690001529078016,-76.97774369067432,64839.91916285924,13.27672112351743,24,1.7431468659904918
868e6619fffffff,LIMA,HUARAL,-11.18333355539914,-76.86590025010314,64828.3481901436,13.274351833427978,24,2.7343803542876377
868f73687ffffff,AMAZONAS,BAGUA,-5.656225111306284,-78.50730347816994,64684.540242635965,18.49158376760296,22,0.5642154921042688
868b6461fffffff,PUNO,MELGAR,-14.685145301855568,-70.71620216017782,64519.70925489183,38.429568916646666,39,1.064755316257048
868b64867ffffff,AREQUIPA,CAYLLOMA,-15.509782885437431,-71.25231064223875,64508.48812534453,12.443750814722229,37,2.9494980949566703
868e6660fffffff,LIMA,CANTA,-11.677445386242674,-76.84992426952712,64415.65583072973,13.189848314045388,24,1.6566948817190588
868b647a7ffffff,PUNO,MELGAR,-14.88905233317814,-70.62930794605121,64088.06983886015,38.17247357512864,39,0.7019963060624703
868f558e7ffffff,AMAZONAS,LUYA,-6.060358005651133,-78.08835351388055,64013.65458537546,18.299795462651247,22,1.6833595964648924
868f54397ffffff,CAJAMARCA,JAEN,-5.932682868136976,-79.18314001862647,63929.94821153288,34.89458525099087,36,2.30789561998093
868e6431fffffff,JUNIN,CHANCHAMAYO,-10.979469817244352,-75.37782117339484,63906.22512430292,21.857043122596384,16,1.7500665424412531
868f50a17ffffff,CAJAMARCA,SANTA CRUZ,-6.79665384298576,-78.97777212529968,63822.13188112665,34.8357363665782,33,3.21192736455475
868e6356fffffff,LIMA,CAÑETE,-13.027966263334392,-76.07055235438122,63642.43188015679,13.031521794050873,13,0.7701087024809311
86b326927ffffff,PUNO,HUANCANE,-15.146100089082433,-69.75055873722947,63620.01265338961,37.89368689004127,54,1.4889355208807735
86b3244c7ffffff,PUNO,MOHO,-15.467499583486635,-69.36750942126935,63613.10050611221,37.88956984048809,54,1.362488835220369
868f54927ffffff,CAJAMARCA,SAN IGNACIO,-5.038907884035444,-79.00856587094233,63499.564042508224,34.65967066875134,52,0.7103617317445763
868e6195fffffff,HUANCAVELICA,TAYACAJA,-12.14405304711078,-74.45839835295499,63342.28949239748,16.29120009824328,27,2.248105484684615
868f55457ffffff,CAJAMARCA,CHOTA,-6.493699166862627,-78.65388624581611,63309.31635980675,34.55582866404856,33,0.0
868f7368fffffff,AMAZONAS,BAGUA,-5.708095824164517,-78.47074379460898,63299.77874548215,18.09571741179801,22,0.3716660516708259
868b64487ffffff,PUNO,AZANGARO,-15.010609021304116,-70.33168891440688,63272.676980945485,37.686804988130206,39,0.434891435792336
868f548efffffff,CAJAMARCA,SAN IGNACIO,-5.423082429422318,-79.00580735137797,63066.86740357144,34.423493881852686,41,0.6933430995677639
868e6344fffffff,ICA,CHINCHA,-13.25180235247597,-76.1126592256247,63036.47325269473,8.568990705091784,13,1.6227228015095787
86b32698fffffff,PUNO,HUANCANE,-15.325607948004912,-69.88580252065375,63035.23950335996,37.54538122764455,28,0.9270920568411065
86b3245b7ffffff,PUNO,HUANCANE,-15.168934871631365,-69.52871297680157,62933.14552116495,37.48457147245427,54,1.4382997657087286
868e6134fffffff,AYACUCHO,HUANTA,-12.894415376928896,-74.31548784547684,62861.40053377303,20.237564723754016,46,1.3702127185013329
868f5566fffffff,CAJAMARCA,CELENDIN,-6.846324898104266,-78.27054791166903,62789.24717234254,34.271961726782536,40,3.1696749478150235
868e75b57ffffff,LIMA,HUARAL,-11.60578645602174,-77.24414954568489,62742.73414657488,12.847298308604731,24,0.2591914676168087
868f516a7ffffff,LA LIBERTAD,OTUZCO,-7.932489470992926,-78.71472653426221,62684.44758412392,16.343874738998082,2,1.9601971288609346
868f51c0fffffff,CAJAMARCA,CAJAMARCA,-7.207168746817723,-78.62077036705676,62648.64299768257,34.19521640637209,40,2.5879079076022817
86b3260b7ffffff,PUNO,PUNO,-15.790122713233446,-70.14462567401242,62646.096768199845,37.3135979829283,28,1.0547612122946861
86b326897ffffff,PUNO,HUANCANE,-15.448130594785354,-69.99674195192033,62587.71913601309,37.27882679029244,28,0.6492109761264443
868f5420fffffff,CAJAMARCA,CUTERVO,-6.078040728711679,-78.94679154283664,62562.633457582015,34.14827022053276,36,3.5003063613436423
868f51c17ffffff,CAJAMARCA,SAN PABLO,-7.160648106747333,-78.72095649008384,62446.18488851276,34.084709641580034,51,2.7922343687464153
868e6c5a7ffffff,AYACUCHO,HUAMANGA,-13.1175728631343,-74.35598436073238,62403.97681881116,20.09030198447179,44,2.690259961283205
86b32689fffffff,PUNO,HUANCANE,-15.496602734355465,-69.9595239587408,62354.87693717468,37.14014009392786,28,0.9313087637871355
868f54977ffffff,CAJAMARCA,SAN IGNACIO,-5.142679884721663,-78.93562115623293,62248.70375703711,33.976919437293645,52,0.25177342829156807
868e6c61fffffff,AYACUCHO,VILCAS HUAMAN,-13.679046585469449,-74.0078789673796,62144.284967339,20.00669693259936,44,1.298888802875434
868f55097ffffff,CAJAMARCA,CHOTA,-6.425595370296921,-78.50060658935816,62118.976407796894,33.906110963736474,33,3.1354201687509424
868f5562fffffff,CAJAMARCA,HUALGAYOC,-6.747957719844199,-78.40724648099238,62068.29062532204,33.87844537965481,53,1.7507123827907276
868e6100fffffff,HUANCAVELICA,HUANCAVELICA,-12.611519940688607,-74.7295874509857,62037.772771361415,15.955687392526295,46,0.4289916338595834
868f538e7ffffff,LA LIBERTAD,ASCOPE,-7.705141789190187,-79.28053773717726,62024.47758875102,16.17179909102502,2,0.8911835297218142
868f5109fffffff,LA LIBERTAD,GRAN CHIMU,-7.644926894202361,-78.58077110577528,62016.84116523197,16.16980802698506,47,2.6351537785383004
868e610dfffffff,HUANCAVELICA,HUANCAVELICA,-12.784260683027773,-74.80779441665202,61935.29655968451,15.929331217479312,46,1.1241179709363707
868f480dfffffff,UCAYALI,CORONEL PORTILLO,-9.298129564298328,-74.50029466420403,61812.378184224886,12.57900617159842,3,1.0455142001671576
868e62b47ffffff,LIMA,HUAROCHIRI,-12.27354028546819,-76.21067477153217,61528.5063046968,12.59867115661007,38,3.610583502982279
868f5484fffffff,CAJAMARCA,SAN IGNACIO,-5.412607650932657,-78.87943966958986,61233.00978260755,33.42252793579613,52,1.0657711122193967
868f50a2fffffff,CAJAMARCA,SAN MIGUEL,-6.785882313036702,-78.850888130398,61161.41606974442,33.383450273654574,51,3.564665659691526
868f5e3afffffff,ANCASH,SANTA,-8.947875146261202,-78.33266268229042,60962.96264702984,38.820222361954,12,2.1653514046302
868e660d7ffffff,LIMA,HUARAL,-11.395316524023617,-76.78079486140207,60868.56559191454,12.463540685832369,24,3.6714220166774756
868e62937ffffff,LIMA,HUAROCHIRI,-11.767534732582613,-76.64762760730206,60813.97947430203,12.452363548813793,35,3.2265184150140134
868f55cb7ffffff,CAJAMARCA,CUTERVO,-6.004832878493025,-78.73024707036285,60813.60541634747,33.19360640805336,22,2.7983035098112072
868e6138fffffff,HUANCAVELICA,ANGARAES,-12.871748322932447,-74.60622037143686,60793.08176635399,15.635561448460232,46,1.9691141024554928
868e647a7ffffff,JUNIN,JUNIN,-10.979749961802094,-75.92208829079304,60746.938308051394,20.776511952977984,42,2.7536557177259526
868f554a7ffffff,CAJAMARCA,CUTERVO,-6.400515908562868,-78.85383792985202,60567.30552866317,33.0591696899182,33,1.644450960593761
86b3354cfffffff,AREQUIPA,AREQUIPA,-16.552981817515235,-71.41716190390937,60512.06526737012,11.672836914240422,14,0.7145751092906131
868f7364fffffff,AMAZONAS,UTCUBAMBA,-5.738615669544394,-78.18173149601664,60510.18864851479,17.298248051084414,22,0.4803570589339873
86b330a97ffffff,AREQUIPA,ISLAY,-16.82291808380782,-71.83290977871275,60406.03169171074,11.652382933193222,55,1.0487201910796562
868e66d5fffffff,LIMA,OYON,-10.849679215724182,-76.83403810126136,60388.19867217416,12.3651800198615,56,2.685951853426464
868e6388fffffff,LIMA,YAUYOS,-12.77750167061428,-75.77321520746852,60310.41230816242,12.349252364868558,13,3.9091803276045596
868f55627ffffff,CAJAMARCA,HUALGAYOC,-6.696035142696334,-78.44392430361569,60308.42175767847,32.91786436949415,53,2.253934239056487
868f554afffffff,CAJAMARCA,CUTERVO,-6.4524870179423655,-78.81721072687823,60294.335385470506,32.910175670697434,36,2.1631327100883126
86b326c4fffffff,PUNO,SAN ROMAN,-15.562136124166788,-70.04598054626064,60289.97884184021,35.91023461888897,28,0.5712654715001875
868f511a7ffffff,CAJAMARCA,CAJAMARCA,-7.363061710346887,-78.51056540343752,60199.99458046198,32.85868206941804,40,2.1467293885327154
868e6c407ffffff,AYACUCHO,HUAMANGA,-13.268989665222604,-74.24382458309512,60140.19185809633,19.361500298952336,44,0.7691088453746109
86b330d47ffffff,AREQUIPA,AREQUIPA,-16.383381719669064,-72.17141124599459,60107.81388253268,11.594856424453573,15,0.13845770837744403
868b6460fffffff,PUNO,MELGAR,-14.693316060611332,-70.77826577027385,59760.22015069264,35.59469695813759,39,1.036256207578523
868f44287ffffff,LORETO,ALTO AMAZONAS,-5.827618788746233,-76.05148359565752,59709.40476246458,17.139852170460394,57,3.6131815828752156
868f5e75fffffff,ANCASH,SANTA,-9.080179648818875,-78.57766830069731,59676.02993069755,38.00072455470092,12,1.2412003890600791
868f55487ffffff,CAJAMARCA,CHOTA,-6.4578452291673125,-78.88057463632443,59645.794240152594,32.556185484295426,33,1.3698084342214674
868e61aafffffff,HUANCAVELICA,CHURCAMPA,-12.576986259878195,-74.4129505577809,59532.15946323301,15.311260926437786,46,3.204218823306011
868e61157ffffff,HUANCAVELICA,TAYACAJA,-12.496360826755248,-74.67751449142266,59444.08724550689,15.288609359316192,46,3.254560356465088
868f542f7ffffff,CAJAMARCA,CUTERVO,-6.140626357869317,-79.03686024829902,59425.058667704994,32.43570241702916,36,1.285524792757955
868e6122fffffff,HUANCAVELICA,ACOBAMBA,-12.908413712694353,-74.44212083374525,59392.34488397978,15.275301580706536,46,0.7295452747895269
868f53b6fffffff,LA LIBERTAD,TRUJILLO,-7.886002983371048,-78.81514948821012,59381.86311867582,15.482783529000478,2,1.794877496596841
868e62d07ffffff,LIMA,LIMA,-11.863059450700188,-77.05776658541028,59270.603312111096,12.136339482796275,24,0.8666716802295751
86b336247ffffff,AREQUIPA,CAMANA,-16.603415978119177,-72.62745037580477,59242.9753797174,11.42802822654108,34,0.5675817210161562
868f53ba7ffffff,LA LIBERTAD,ASCOPE,-7.803855771900445,-79.14333968512449,59226.11421884711,15.442174723983555,2,0.36312472165931736
868e66197ffffff,LIMA,HUARAL,-11.13187005479571,-76.90311283021425,59068.39041579783,12.094934060541098,24,3.532712066626843
86b3357a7ffffff,AREQUIPA,AREQUIPA,-16.536173843787015,-71.29168761490166,59064.399991699305,11.393580858532363,14,1.0130884605785269
868f5541fffffff,CAJAMARCA,CHOTA,-6.447122068277367,-78.7538609781682,58981.67350613608,32.19369156370894,33,1.4931639803380663
868e640a7ffffff,PASCO,PASCO,-10.742844533595484,-75.75365431946932,58866.74231693273,22.805647378373408,42,0.5640892970031911
868b64447ffffff,PUNO,MELGAR,-14.99503280105361,-70.61686522333763,58858.26217885818,35.057468002229,39,1.2411967367820056
86b335587ffffff,AREQUIPA,AREQUIPA,-16.25229221210735,-71.57957347919518,58841.1792439534,11.35052135671566,14,0.6152170787516256
868b644afffffff,PUNO,LAMPA,-15.01894215358937,-70.39361917947136,58749.56539608182,34.992725452193326,39,0.5803942062811072
868f7228fffffff,CAJAMARCA,SAN IGNACIO,-4.981838284425734,-78.98191177433736,58709.053349278765,32.0448885758961,52,0.7103617317445763
868f51d4fffffff,CAJAMARCA,CAJAMARCA,-7.138792146214185,-78.46718120877779,58662.0682902079,32.0192429403976,40,0.3518262568113984
868f51cb7ffffff,CAJAMARCA,SAN PABLO,-7.17153067004085,-78.84793144182379,58640.13531921962,32.00727136921119,51,0.7181325517681021
868f50b6fffffff,CAJAMARCA,HUALGAYOC,-6.717708107371018,-78.69733804873351,58596.66962087173,31.98354668995013,51,2.2766127790795516
86b326ccfffffff,PUNO,PUNO,-15.636186530248274,-70.19448315694714,58422.66228185035,34.79801369818039,28,0.7169614745648827
868e6176fffffff,HUANCAVELICA,ANGARAES,-12.885610538452289,-74.73306006834561,58367.36752558278,15.01168447157412,46,1.578536167311733
868e6c0b7ffffff,AYACUCHO,HUAMANGA,-13.24052399680347,-73.99067788430149,58009.14247632981,18.675431432735376,44,2.1015402791439293
868b644c7ffffff,PUNO,LAMPA,-14.921369595085674,-70.46806615941298,57896.16901370478,34.4844210058696,39,0.6405349136606467
868f54287ffffff,CAJAMARCA,JAEN,-6.093934146572929,-79.13678725441112,57883.40506830229,31.594228828252664,36,3.13452781612515
868b64537ffffff,PUNO,LAMPA,-15.295986801105228,-70.45535753798488,57734.19161826581,34.38794317680238,28,1.083480869079486
868f5e72fffffff,LA LIBERTAD,VIRU,-8.918614105887295,-78.62464174365277,57733.84836055795,15.053092468254489,12,0.8454256131871957
868b66d6fffffff,PUNO,HUANCANE,-15.049066734917696,-69.8248473231533,57715.97302354284,34.377091721494274,28,1.2387693779083506
868b644efffffff,PUNO,MELGAR,-14.929650620142285,-70.53004950568622,57559.01376199444,34.283602819754954,39,0.7417310145882647
868f51c37ffffff,CAJAMARCA,SAN PABLO,-7.103217871822573,-78.69420344874179,57489.50938306343,31.37923058481461,51,0.877055751773997
868e66657ffffff,LIMA,CANTA,-11.72882955584406,-76.8126487826097,57467.49669697334,11.76713261156276,24,1.7043892637389888
868e6119fffffff,HUANCAVELICA,HUANCAVELICA,-12.523732249574747,-74.93109763515987,57446.157577934144,14.774755624986764,46,1.3356834086200293
868b6478fffffff,PUNO,MELGAR,-14.78302843714693,-70.6417434488726,57422.04641030657,34.2020216046223,39,0.9866020594795026
868f5111fffffff,CAJAMARCA,CAJAMARCA,-7.409503836890424,-78.41035446368781,57317.91596189084,31.285570548616803,40,3.055752350321579
868e61147ffffff,HUANCAVELICA,CHURCAMPA,-12.48948660595159,-74.61417953722098,57298.98868728671,14.73690480107454,46,3.0026439284039914
868e6c09fffffff,AYACUCHO,HUAMANGA,-13.34839734720701,-73.97915982374352,57173.82233995731,18.406508927329035,44,1.1293523780006174
868f51c1fffffff,CAJAMARCA,CAJAMARCA,-7.2126317384398595,-78.68423844535691,57090.01110685014,31.161174305294065,51,1.2795542402578484
868e63897ffffff,LIMA,YAUYOS,-12.733184203534714,-75.87439770789588,57054.726506392384,11.68261315535123,13,3.964212567626352
868e62a4fffffff,LIMA,YAUYOS,-12.491107986589492,-76.18894123232602,56989.15131202106,11.669185878150254,38,3.7936346451489027
868e6672fffffff,LIMA,CANTA,-11.452997512565172,-76.80737596138088,56942.61294643695,11.65965661115884,24,3.632063443023754
868f556f7ffffff,CAJAMARCA,CAJAMARCA,-6.868149212683004,-78.52392487540061,56862.10707335245,31.03677851039029,51,1.9709961494219173
868f50367ffffff,CAJAMARCA,SAN MIGUEL,-7.067510417777249,-78.92133541339312,56793.80474143228,30.999497367346923,50,1.722810772650523
868b66a37ffffff,PUNO,AZANGARO,-14.733504230180651,-70.27017735170104,56502.10128953446,33.65407904836281,39,0.21276057824497563
868e6130fffffff,HUANCAVELICA,ACOBAMBA,-12.800275327642012,-74.4534969605139,56500.45051030541,14.531526288053628,46,1.2133414575233488
868f559a7ffffff,AMAZONAS,UTCUBAMBA,-5.795799657585272,-78.20824072300606,56458.44290301525,16.13996207460701,22,0.5458405061354497
868e6620fffffff,LIMA,HUAROCHIRI,-11.633106907679764,-76.40317404390893,56393.57683617588,11.54723513659827,35,3.3079332667864167
868f5b1afffffff,LIMA,BARRANCA,-10.439911193290213,-77.74264273759108,56108.95167524879,11.488954852860193,10,0.9438063664362543
868e61a87ffffff,HUANCAVELICA,CHURCAMPA,-12.583918096560948,-74.47622834400508,55563.1953723037,14.290470729142626,46,2.93593373805554
868f5421fffffff,CAJAMARCA,CUTERVO,-6.083344877979432,-79.01010982617679,55420.36633190109,30.24983989054444,36,2.6887270923761166
868e6ace7ffffff,ICA,PALPA,-14.634362374605214,-75.22743758708414,55309.18056309521,7.5185655176409405,43,0.5924344567661638
868f5094fffffff,CAJAMARCA,CHOTA,-6.411206176494622,-78.98057471253713,55186.93096201497,30.12242495211628,36,1.638830373587436
868f55577ffffff,CAJAMARCA,CUTERVO,-6.26982213575734,-78.61049936894393,54823.61598460576,29.924118433703043,36,3.2474066314733707
868f51b87ffffff,CAJAMARCA,SAN MARCOS,-7.381823796092716,-78.09327912610075,54757.698251623246,29.888138865168123,40,1.8439476782595143
868f556afffffff,CAJAMARCA,HUALGAYOC,-6.816203202489902,-78.5606114254584,54578.32563012566,29.79023274436492,33,2.1879321349579217
868e6ac0fffffff,ICA,PALPA,-14.576875107670253,-75.20107085609341,54531.09745157277,7.412795213460104,43,0.302189909653587
868f51107ffffff,CAJAMARCA,CAJAMARCA,-7.352049784340482,-78.38366171507333,54519.04733371926,29.75787714850799,40,2.6848268308644334
868e6c557ffffff,AYACUCHO,HUAMANGA,-13.20436548213282,-74.15458141950276,54497.10639176841,17.544768466750625,44,1.4842169425859353
86b3268dfffffff,PUNO,PUNO,-15.584876223096709,-69.8233126518508,54368.21530085806,32.38308264107678,28,0.9193857006677164
868f73497ffffff,CAJAMARCA,SAN IGNACIO,-5.298339092189979,-78.82614751184887,54353.135176060256,29.667318089857545,52,0.5125243706384435
868e61177ffffff,HUANCAVELICA,TAYACAJA,-12.438782140533103,-74.65149751996745,54294.140371119065,13.964078533254968,27,3.411338772679089
868f50a07ffffff,CAJAMARCA,SANTA CRUZ,-6.791271670158097,-78.9143231486925,54276.18642872752,29.62531751424509,33,3.0145707155681167
868e612afffffff,HUANCAVELICA,ANGARAES,-12.97992306317462,-74.594883721065,53973.864986051005,13.881705912585613,46,2.5743719039666244
868e69667ffffff,AREQUIPA,CONDESUYOS,-15.4557752763175,-72.94866567125621,53970.7899930189,10.411018479333556,29,2.470661110303744
868f51dafffffff,CAJAMARCA,SAN PABLO,-7.051236212370647,-78.73090883758609,53892.06178225894,29.41565255129449,51,0.49106765434544514
868b66817ffffff,PUNO,AZANGARO,-15.017378662261573,-69.98538528813194,53871.80771768072,32.0874097428451,39,1.063773712153208
868f50977ffffff,CAJAMARCA,CHOTA,-6.307218297860145,-79.05379605613055,53755.15309628894,29.34092432222767,36,0.5903014478535967
868e6104fffffff,HUANCAVELICA,ACOBAMBA,-12.705976236699312,-74.59153069438675,53666.726909050296,13.802712116966518,46,0.6687633162574271
868f5486fffffff,CAJAMARCA,SAN IGNACIO,-5.355467098802261,-78.85278790585855,53588.68071943231,29.25005948174731,52,0.653523861492552
868f734a7ffffff,CAJAMARCA,SAN IGNACIO,-5.235989583777349,-78.73640484908202,53525.07957333514,29.21534436501978,52,0.7271978289761254
868f7221fffffff,CAJAMARCA,SAN IGNACIO,-4.919596553574861,-78.89218387529921,53481.67647353318,29.19165385363089,52,0.7103617317445763
868f50b1fffffff,CAJAMARCA,SANTA CRUZ,-6.68189273280627,-78.92420588988516,53443.51077412827,29.170822048056102,33,2.1737857595630348
868f50867ffffff,CAJAMARCA,CHOTA,-6.468541339748324,-79.00734433603972,53254.66210901079,29.067743662591543,33,1.784232648551112
868e6051fffffff,LIMA,HUAROCHIRI,-11.831701868337753,-76.19032434848877,53149.51110444131,10.88297527041277,35,2.053207288948632
868f48c67ffffff,HUANUCO,PUERTO INCA,-8.755551799433182,-74.55639575964335,53143.696993275815,17.856715095379982,19,2.403405052182979
868e62d27ffffff,LIMA,LIMA,-11.805373446332082,-77.03107991628201,53131.33901994461,10.879254326568134,24,1.144837842096149
86b335707ffffff,MOQUEGUA,GENERAL SANCHEZ CERRO,-16.519305455144856,-71.16634306600632,53098.71328560176,15.49500926006397,14,1.468126337568682
868b66ad7ffffff,PUNO,AZANGARO,-14.513403207557705,-70.23342044257424,53037.16400492742,31.590274860333725,39,0.6828412522063295
86b33410fffffff,AREQUIPA,CAYLLOMA,-15.542174680422608,-71.91617132306932,53023.96472551356,10.228374953864073,37,1.0785627926123345
868e6ccefffffff,AYACUCHO,LA MAR,-13.024686713182486,-74.01369298506233,52832.04991119148,17.008721098918315,44,2.8056739595941713
86b326147ffffff,PUNO,PUNO,-15.690203560177553,-69.81065012351537,52710.21913420058,31.39553823509717,28,1.0829999309942588
868f55817ffffff,AMAZONAS,UTCUBAMBA,-5.95668161875289,-78.16157144019199,52540.48404379301,15.019922198439252,22,1.3299794470916453
868f55407ffffff,CAJAMARCA,CUTERVO,-6.389798902987431,-78.72715742366039,52495.26939639236,28.653247882589262,33,2.040680519449907
86b3309b7ffffff,AREQUIPA,AREQUIPA,-16.260976103895267,-72.0574312279055,52426.71864015383,10.113165596502546,15,0.546914325586745
868f50327ffffff,CAJAMARCA,SAN MIGUEL,-6.9688649404539245,-79.0582071973571,52072.60753583781,28.42254833193949,50,3.3067098889692823
868e66137ffffff,LIMA,HUAURA,-11.004073337984757,-76.72247842420245,52071.74552796937,10.662290340818634,56,3.1581410288417993
86b330367ffffff,AREQUIPA,ISLAY,-17.009091426774262,-71.61944007289178,52038.64173245825,10.03830517926678,11,0.8946800834798075
86b32611fffffff,PUNO,PUNO,-15.65901679513488,-69.97150230464818,52024.011418121576,30.98681558242661,28,0.8441330367907243
868f48b87ffffff,UCAYALI,CORONEL PORTILLO,-8.934665302693386,-74.15876880684235,51842.07855830967,10.550020000684835,19,2.403405052182979
868e6ac77ffffff,ICA,PALPA,-14.569805925277546,-75.13713484250285,51809.40500076696,7.042816435942178,43,0.5311448034875369
868e6c6e7ffffff,AYACUCHO,VILCAS HUAMAN,-13.729319923313914,-73.97045000193759,51798.29153218533,16.675913494788972,44,2.420812836955077
868e66d1fffffff,LIMA,OYON,-10.752835563813113,-76.9721145727313,51506.45649206138,10.546540892317912,56,2.402247690208677
868b66967ffffff,PUNO,AZANGARO,-15.156701741042715,-70.22004358153248,51502.007794795456,30.67589703600074,28,0.4574580005738103
868e612a7ffffff,HUANCAVELICA,ANGARAES,-12.929314561082766,-74.63225793597012,51435.46680186615,13.22884740243441,46,2.205219918158848
868e6c59fffffff,AYACUCHO,HUAMANGA,-13.23265867665816,-74.40795064742179,51388.43834741051,16.543965585838695,44,2.0606083832465067
868f50957ffffff,CAJAMARCA,CHOTA,-6.36453882811444,-79.08057562791659,51327.08486375504,28.015623171426924,36,1.7745366556703184
868e4590fffffff,ICA,PISCO,-13.702826569224417,-75.71141513823376,51306.59488798731,6.97446592455549,1,0.7594221432018533
868f55737ffffff,CAJAMARCA,CHOTA,-6.534841651196203,-78.49060390824765,51270.08240523205,27.98450978553984,33,1.832929015693639
868f5548fffffff,CAJAMARCA,CHOTA,-6.509823508366419,-78.84394234333149,51242.12945427154,27.96925235678233,33,0.9986015215095866
868e6139fffffff,HUANCAVELICA,ANGARAES,-12.878685907265258,-74.66962794498333,51121.827320592936,13.148181490465056,46,0.7451240984439391
868f736b7ffffff,AMAZONAS,BAGUA,-5.604353062314545,-78.54385593560201,51101.8478185056,14.60865449565862,22,0.7862035555871899
86b326c57ffffff,PUNO,SAN ROMAN,-15.52215789947253,-70.14511882079813,51092.53586694469,30.432005210502787,28,0.2968473132995251
868f556a7ffffff,CAJAMARCA,HUALGAYOC,-6.764253532792221,-78.59729065440563,50930.05241309349,27.798912801958483,33,1.6926960346389424
868e639b7ffffff,LIMA,YAUYOS,-12.50927981665888,-75.83257070155989,50787.50385489055,10.399327049549855,13,3.8123716969494432
868f55507ffffff,CAJAMARCA,CUTERVO,-6.223244634078428,-78.71039887023383,50765.9829222764,27.70935951755006,36,3.1299852742613132
868e6661fffffff,LIMA,CANTA,-11.683729724896388,-76.91382437430427,50750.29174622714,10.391707441204863,24,1.485373779276088
868e62357ffffff,LIMA,CAÑETE,-12.683621011539357,-76.46030680505721,50737.66588807868,10.389122151159064,38,0.6608378374124596
868f55437ffffff,CAJAMARCA,CUTERVO,-6.337844811797942,-78.7637818682547,50605.67166396845,27.621857571651223,36,2.4572878359487187
868f0d417ffffff,TUMBES,CONTRALMIRANTE VILLAR,-3.848879475604414,-80.57563125845309,50377.105397820495,7.43662088964454,7,1.5347092856183466
868f51097ffffff,LA LIBERTAD,GRAN CHIMU,-7.592950022074156,-78.6175419905637,50251.07797150109,13.102090797939002,47,1.9660073423776327
868f54877ffffff,CAJAMARCA,SAN IGNACIO,-5.308799242912578,-78.95244973275565,50229.37336559158,27.416464427751485,52,1.6656388568477964
868e610d7ffffff,HUANCAVELICA,HUANCAVELICA,-12.733556131045574,-74.84515507494956,50019.82334607807,12.864753666782809,46,2.1378889785927253
86b335627ffffff,MOQUEGUA,GENERAL SANCHEZ CERRO,-16.624865368637277,-71.15396688620653,49987.562704372656,14.587128370252088,14,1.7534562447709918
86b326937ffffff,PUNO,HUANCANE,-15.154601527514188,-69.81220696060012,49870.87531451707,29.704353320337045,28,0.9786820230180987
868e6eb2fffffff,AYACUCHO,CANGALLO,-13.499105969186845,-74.34771270789435,49814.07855948746,16.03711706137016,44,2.607578859619922
868f51db7ffffff,CAJAMARCA,SAN MIGUEL,-7.004672692937628,-78.83106570132786,49791.6752298217,27.17755769718,51,1.6771493182335935
868f51507ffffff,CAJAMARCA,CONTUMAZA,-7.390455018362863,-78.82808397121663,49709.11068118307,27.132491874951462,51,2.633361802092146
868f5ba57ffffff,LIMA,CAJATAMBO,-10.60429843393259,-77.14733672954975,49696.28687952288,10.175887790922536,49,3.5214556461129627
868e6ccdfffffff,AYACUCHO,HUAMANGA,-13.089309339937287,-74.10278534060942,49668.85003703112,15.990362270703883,44,1.9464470842357562
868e75b67ffffff,LIMA,HUARAL,-11.541889501952276,-77.15347381997113,49649.42011321256,10.166291280095614,24,0.3568175010546645
868e6c60fffffff,AYACUCHO,VILCAS HUAMAN,-13.671827061355328,-73.94456353569394,49621.22186221127,15.975028882290545,44,1.2329777547491636
868f55497ffffff,CAJAMARCA,CHOTA,-6.463196677800242,-78.94395255621127,49601.85700073819,27.07395009914112,33,1.5865693446396691
868e61007ffffff,HUANCAVELICA,HUANCAVELICA,-12.560805482221454,-74.76692472196818,49586.071558461335,12.753195697823015,46,1.720716251326005
868f5144fffffff,LA LIBERTAD,GRAN CHIMU,-7.707942141765596,-78.6710998884886,49536.45660230972,12.915765758890032,47,2.4253758659486784
868f518cfffffff,CAJAMARCA,SAN MARCOS,-7.3354740339458,-78.19342108970392,49432.10240904025,26.981293742653065,40,0.8397167012975736
868e6c0f7ffffff,AYACUCHO,HUAMANGA,-13.334044039635874,-73.85270895883343,49319.12816777396,15.877773004408406,44,2.443954523468633
868e75937ffffff,LIMA,HUAURA,-11.090139714543245,-77.61643048420106,49309.73049391362,10.096735913552696,10,0.7736895600847234
868e6668fffffff,LIMA,LIMA,-11.747687420918847,-77.00440561705132,49184.43783574747,10.0710807970323,24,1.4433426213454286
86b335607ffffff,MOQUEGUA,GENERAL SANCHEZ CERRO,-16.681865929574187,-71.17911140051055,49095.944166827816,14.326940568310595,14,1.9047373893482138
868f5bae7ffffff,LIMA,CAJATAMBO,-10.610390242710867,-77.21110809295226,49052.53759366892,10.044072701513198,49,3.5214556461129627
868b6694fffffff,PUNO,AZANGARO,-15.050968659887298,-70.23258786897665,48927.1182866778,29.142227790622744,39,0.7606373282999099
868b644a7ffffff,PUNO,AZANGARO,-15.067687157746944,-70.35639479748444,48826.80887383562,29.082480970025983,39,0.5583441382607054
868f51d27ffffff,CAJAMARCA,SAN PABLO,-6.930981166685363,-78.61401358149381,48746.45079915751,26.607047724583925,51,1.2592016800899983
868e689b7ffffff,AYACUCHO,VILCAS HUAMAN,-13.829799629521808,-73.89558115085033,48517.81252529255,15.61979788706813,44,2.2668600509937242
86b330b6fffffff,AREQUIPA,AREQUIPA,-16.658638754112914,-71.40484694838392,48374.089107863154,9.331409373256069,14,1.0021545891708175
868f54ab7ffffff,CAJAMARCA,JAEN,-5.641292377372472,-78.98616033616705,48371.953206597405,26.40263745153569,41,2.245889180663582
868f55c2fffffff,AMAZONAS,UTCUBAMBA,-5.983492916690734,-78.47735261529292,48320.11631403708,13.813431696811936,22,3.5077391426106503
868e632dfffffff,ICA,PISCO,-13.638430326033337,-75.62106192571123,48271.49854758474,6.561883954341034,1,1.1775122697496665
868e61207ffffff,HUANCAVELICA,ACOBAMBA,-12.915393589633972,-74.5054749919751,48255.54114556095,12.410992449928733,46,0.8717531207890036
868f55da7ffffff,AMAZONAS,UTCUBAMBA,-5.833128154085239,-78.65029635922288,48252.11666357016,13.793992411504194,22,1.4933644644889905
868e619afffffff,HUANCAVELICA,TAYACAJA,-12.056216258457498,-74.65939406258096,48231.48564366333,12.404805540708711,27,2.2064517332168982
868f4464fffffff,LORETO,ALTO AMAZONAS,-5.9473229009354895,-76.16590475178765,48142.27929644428,13.81945697788617,57,3.407254118987229
868f5581fffffff,AMAZONAS,LUYA,-6.008521061410626,-78.12496594089019,48137.46645852477,13.76121697764292,22,1.6833595964648924
868e61187ffffff,HUANCAVELICA,TAYACAJA,-12.466139254837856,-74.90499760805719,48112.72962452724,12.374262311436125,46,2.654285390192701
868e6eb77ffffff,AYACUCHO,CANGALLO,-13.549517978015098,-74.31028581268397,48100.50913801359,15.485451464020136,44,0.807206800449161
868f5ba4fffffff,LIMA,CAJATAMBO,-10.649755318560986,-77.04643365886382,48082.78457412508,9.845504588452572,49,3.479471855962798
868f5594fffffff,AMAZONAS,BONGARA,-5.935125379701093,-77.90922755240327,47948.57312619995,13.707217415077832,22,1.3573619537646613
868e66c27ffffff,LIMA,OYON,-10.804355522367146,-76.93494578769653,47947.51954736979,9.817807514471276,56,3.9201441739863743
868f519b7ffffff,CAJAMARCA,CAJAMARCA,-6.966563544020375,-78.38715918968347,47816.94368102975,26.09969919260028,40,2.4894314175611907
868f51ba7ffffff,CAJAMARCA,SAN MARCOS,-7.324385261204944,-78.06667235712943,47722.03062450802,26.047893241948305,45,1.6331270126865227
86b330527ffffff,AREQUIPA,CAMANA,-16.636248137451418,-72.46316719966718,47697.97677374833,9.200986638930978,34,0.7409755558511623
868f48997ffffff,UCAYALI,CORONEL PORTILLO,-8.58344339319312,-74.47939615217409,47683.42387177634,9.703721176660622,19,2.18458449704036
868b66d67ffffff,PUNO,HUANCANE,-15.09759747563833,-69.78770306637571,47656.41201352093,28.385363030055107,28,1.3352631864785152
868e6c4efffffff,AYACUCHO,CANGALLO,-13.427350177003913,-74.19496793787154,47575.99976064973,15.31659120347099,44,0.08954996062926475
868e66d2fffffff,LIMA,OYON,-10.6890077401379,-76.88182870152305,47568.26518862832,9.74015081130294,56,2.893099627565504
868f5558fffffff,CAJAMARCA,CUTERVO,-6.343196875694519,-78.82711266512177,47524.01471367559,25.939811141541597,36,1.9884153605712263
868f5509fffffff,CAJAMARCA,CHOTA,-6.47751413233777,-78.46396111683391,47433.37294925779,25.89033657032324,33,1.9148111479258993
868e6c637ffffff,AYACUCHO,VILCAS HUAMAN,-13.57124832525268,-74.01940118506403,47161.80699720572,15.183246212950056,44,0.586560610097301
86b334a27ffffff,AREQUIPA,CAYLLOMA,-15.542559187679704,-71.50248407670954,47129.11626450745,9.091252887124938,37,1.2350227756582042
868e66477ffffff,LIMA,HUARAL,-11.311132283080717,-77.04679793874945,47114.051213099,9.64714526223123,24,0.6552892839193915
868f51c67ffffff,CAJAMARCA,CAJAMARCA,-7.196219944848058,-78.49387844381789,47112.04091192561,25.714945404144576,40,0.41004126929964047
868e6e2dfffffff,AYACUCHO,LUCANAS,-14.297135364782465,-74.64927163227287,47044.18890094691,15.145380307712331,43,3.574264557321119
868b6686fffffff,PUNO,AZANGARO,-14.94519090846031,-70.24512492311662,46922.33617423277,27.948128913817506,39,1.0795218248937077
868e6c757ffffff,AYACUCHO,VILCAS HUAMAN,-13.556837572952182,-73.89283036886437,46827.833068789216,15.07572683006987,44,2.2368803288496624
868e6ea5fffffff,AYACUCHO,HUANCA SANCOS,-13.822807230598988,-74.31340150697224,46752.32854298381,15.051418944547938,44,1.5495877595434437
868f552d7ffffff,CAJAMARCA,CELENDIN,-6.887249647909121,-78.10724782088272,46636.036529386256,25.455130153686284,40,2.022250990414748
86b326d47ffffff,PUNO,AZANGARO,-15.351100740871397,-70.07117715968158,46588.26173347974,27.74914573654544,28,0.39259357354420116
868f5e747ffffff,ANCASH,SANTA,-9.02254867224405,-78.55079563990463,46534.76933218364,29.63258369671147,12,1.1409024744300902
86b326c6fffffff,PUNO,SAN ROMAN,-15.50513425859743,-70.02135425397279,46533.00618000706,27.716234132870703,28,0.7214081715365253
86b334b37ffffff,AREQUIPA,CAYLLOMA,-15.387337355809226,-71.55214717783973,46455.9800650785,8.961404252108297,37,2.2204023313115617
868e610cfffffff,HUANCAVELICA,ACOBAMBA,-12.777368674942233,-74.74435522103806,46392.64126417818,11.9318674455469,46,0.894236832183849
868f50337ffffff,CAJAMARCA,SAN MIGUEL,-6.974247325847519,-79.12171915528052,46314.26034205201,25.279496559184985,50,2.9926787792672833
868f5b06fffffff,ANCASH,OCROS,-10.634643786398817,-77.46637588659019,46159.190488831926,29.393421202300296,10,1.4505359243042468
868e6625fffffff,LIMA,HUAROCHIRI,-11.73565767890931,-76.32862848439663,46150.30393079492,9.44980689312314,35,0.7971622235770177
868e618afffffff,HUANCAVELICA,TAYACAJA,-12.22214958365991,-74.6740944994224,46083.35011035582,11.852319893415215,27,2.6064368719278197
86b3244cfffffff,PUNO,MOHO,-15.51573286495696,-69.33038767202038,45989.32433249902,27.39240348842377,54,1.508380741434862
868e6c717ffffff,AYACUCHO,VILCAS HUAMAN,-13.46341730926832,-74.03091638143516,45772.64020204493,14.73601861874378,44,0.7911202572447865
868e6c6f7ffffff,AYACUCHO,VICTOR FAJARDO,-13.736543063623458,-74.03378698834537,45694.93214661785,14.711001330107049,44,1.1596017637761746
868b66b47ffffff,PUNO,MELGAR,-14.75832313474502,-70.45580872598353,45588.11190065935,27.153431227425425,39,0.4210482563811687
868e63cefffffff,LIMA,CAÑETE,-12.86170659181003,-76.05498714369449,45581.29431239227,9.333295612454265,13,1.1360054216557192
868f5b107ffffff,LIMA,BARRANCA,-10.376254938888858,-77.65202307711435,45521.190852749234,9.32098873603397,10,1.157425346485443
868e6c7a7ffffff,AYACUCHO,HUAMANGA,-13.470581826152232,-74.09422407654547,45487.47971206868,14.644214207395176,44,0.2961704405068325
868e6402fffffff,PASCO,PASCO,-10.7236592032948,-75.56363171281552,45406.203991595125,17.59088130693021,42,1.2940070953807088
868e62127ffffff,LIMA,LIMA,-12.16490768669586,-76.76992683225501,45306.75567650814,9.27708066102736,38,1.6999248192446466
86b326977ffffff,PUNO,HUANCANE,-15.243020505507271,-69.67626998671912,45298.77015924164,26.981091976044937,54,1.033206206162442
868e6c4e7ffffff,AYACUCHO,HUAMANGA,-13.376945853371392,-74.23237434117723,45250.61229223423,14.567957240494277,44,0.2397172412487432
868e66897ffffff,LIMA,OYON,-10.894949968653108,-76.73314459072374,45114.41709535791,9.237697118663425,56,2.4288479018880853
86b33691fffffff,AREQUIPA,CONDESUYOS,-15.6614379648892,-72.86163392049984,45079.04421119777,8.695791971438265,29,3.079277283875185
868f51c5fffffff,CAJAMARCA,CAJAMARCA,-7.311102034678968,-78.5473077328281,44923.18207930509,24.520210803632533,40,1.3909330832004827
868f540efffffff,CAJAMARCA,JAEN,-5.823452062480965,-79.19291558719621,44922.35643172549,24.51976014426772,36,3.763640198725596
868b64437ffffff,PUNO,LAMPA,-15.13311083762506,-70.44309326338254,44903.2496567727,26.74550997198585,28,0.5723454958856669
868e6c467ffffff,AYACUCHO,HUAMANGA,-13.305179370184868,-74.0798139273475,44767.44280697429,14.412405922078491,44,0.8075970268624935
868b66dafffffff,PUNO,HUANCANE,-15.063546830050027,-69.54141979810372,44730.80632116615,26.64279836453381,54,2.051784258157373
868e61257ffffff,HUANCAVELICA,ANGARAES,-13.01652424671756,-74.43073774297252,44666.34123903612,11.487874982303726,44,2.0299659893450497
868e662c7ffffff,LIMA,HUAROCHIRI,-11.748445803932643,-76.45616739441313,44611.56214607236,9.1347317693317,35,3.8042680542506027
868e6c567ffffff,AYACUCHO,HUAMANGA,-13.139735356940768,-74.06541989751213,44564.76907833624,14.347157253320091,44,2.44947461877414
86b326d17ffffff,PUNO,LAMPA,-15.270808397986489,-70.26940728185144,44487.74356227594,26.498024044380884,28,0.288895503123784
868f50a67ffffff,CAJAMARCA,SAN MIGUEL,-6.83246577127828,-78.75079460307555,44426.73432139006,24.249237041008648,51,2.182902946058755
86b32688fffffff,PUNO,HUANCANE,-15.488058143507203,-69.8977284753873,44391.48788155543,26.44069172905296,28,0.8568792911275128
868f5e047ffffff,ANCASH,SANTA,-8.786406795098326,-78.3797010794792,44380.95430732992,28.26106934503137,12,1.549497911295695
868e690b7ffffff,AYACUCHO,PAUCAR DEL SARA SARA,-15.043592372183197,-73.12253249141638,44360.70785714492,14.281461895972004,29,2.8516792418231427
868e6e62fffffff,AYACUCHO,LUCANAS,-14.116828521974686,-74.99060719111141,44245.83154604029,14.244478679539258,43,1.7092663634006389
868e66cd7ffffff,LIMA,HUAURA,-11.03507761937282,-77.04132777810928,44008.36159980722,9.011219501924325,56,1.780287335842592
868f54127ffffff,CAJAMARCA,SAN IGNACIO,-5.438753131793478,-79.19546069630245,43884.9237503681,23.95350310582922,41,0.7184407720122554
868f5d207ffffff,HUANUCO,HUAMALIES,-9.248442304901635,-76.22203196659164,43868.24162955635,14.740086535819865,31,1.6134903197090003
868f0d527ffffff,TUMBES,TUMBES,-3.62154358436336,-80.46797214387148,43853.59146392764,6.473625901910018,7,0.6781236987110555
86b33465fffffff,AREQUIPA,AREQUIPA,-16.2038458964749,-72.03199990393368,43842.801689988366,8.457319573036948,15,0.9141096117661109
868f54047ffffff,CAJAMARCA,JAEN,-5.760966843756363,-79.10286363403765,43641.88611936614,23.820847010032995,41,3.453606057425401
868e610c7ffffff,HUANCAVELICA,ACOBAMBA,-12.72668036232943,-74.78171242598545,43590.70604287482,11.211229026595412,46,0.83780347734493
86b3260a7ffffff,PUNO,PUNO,-15.7815576014444,-70.0826729637667,43560.66269883671,25.945831259504978,28,0.8426228817431213
868e6111fffffff,HUANCAVELICA,TAYACAJA,-12.45248570647986,-74.77819908122622,43525.58972853255,11.19448155953808,46,2.346673951538199
868f5030fffffff,CAJAMARCA,SAN MIGUEL,-7.0783222869628615,-79.04835654063173,43466.96503994381,23.725370653663965,51,2.185871954485899
868f54857ffffff,CAJAMARCA,SAN IGNACIO,-5.36593463221645,-78.9791228763538,43355.691241523775,23.66463459562241,52,1.9806990677098895
868b64657ffffff,PUNO,MELGAR,-14.64431494333009,-70.81550303074938,43355.61885752978,25.823701967209058,39,1.2537708420999003
868f54ac7ffffff,CAJAMARCA,JAEN,-5.79181518134176,-78.81329222054892,43230.343663194246,23.59621671197964,22,0.9915653297906712
868f0d59fffffff,TUMBES,CONTRALMIRANTE VILLAR,-3.801920409347368,-80.67501567409697,43222.59915627421,6.380479411272161,7,1.5694824413194122
868f51807ffffff,CAJAMARCA,CAJAMARCA,-7.11681642325176,-78.2136467743177,43012.51957021823,23.477322803964547,40,1.603497456234825
868f48c2fffffff,HUANUCO,PUERTO INCA,-8.710649332329599,-74.65587284914665,42832.15637036516,14.391953448837958,19,1.9266874436188963
86b330387ffffff,AREQUIPA,ISLAY,-17.051001299682003,-71.9346331976228,42817.09033631578,8.259458843947586,11,0.5181412234233422
868e6cdb7ffffff,AYACUCHO,HUANTA,-12.721772586396275,-74.23773067565719,42603.52820925485,13.715756446308456,46,3.4709072566338044
868f51c77ffffff,CAJAMARCA,CAJAMARCA,-7.201698140505895,-78.55731698304606,42459.36433720888,23.175396664881667,40,1.754700204325287
868f55477ffffff,CAJAMARCA,CHOTA,-6.436372050527628,-78.62720456310814,42356.12460006297,23.119045801007857,33,1.236923895134934
868f7349fffffff,CAJAMARCA,SAN IGNACIO,-5.350225222942622,-78.78964132020586,42235.23837958727,23.053063039499875,52,0.6201900968856563
868e61397ffffff,HUANCAVELICA,ACOBAMBA,-12.82803723427934,-74.70699371702528,42176.29532860216,10.84745234356155,46,1.7232218177263379
86b330997ffffff,AREQUIPA,AREQUIPA,-16.318101057995964,-72.08287636067143,42156.466033863246,8.132023766165329,15,0.6688183115644775
868b6441fffffff,PUNO,LAMPA,-15.027262427500442,-70.45558332596947,42113.15123250948,25.08365685891837,39,0.6328463672761236
868f55887ffffff,AMAZONAS,UTCUBAMBA,-6.019283727384927,-78.251235494587,41951.743854736334,11.992883968518203,22,1.5537010761752068
868f51c07ffffff,CAJAMARCA,CAJAMARCA,-7.15519543307615,-78.657490615935,41950.745166223714,22.897779436669552,40,2.612774401921847
868f51cd7ffffff,CAJAMARCA,CONTUMAZA,-7.327530202996396,-78.73776875226679,41935.54467446431,22.88948262319802,51,1.8989809776156736
868f5490fffffff,CAJAMARCA,SAN IGNACIO,-5.147885621818655,-78.99875774769981,41904.71846084071,22.872656894891552,52,0.7781251651172129
868e61667ffffff,HUANCAVELICA,ANGARAES,-13.000756135747366,-74.78523184597559,41800.49460234551,10.750798987998092,46,1.4069882066447241
868e6c08fffffff,AYACUCHO,HUAMANGA,-13.341227246536308,-73.91592124344186,41654.28298187715,13.410156959745157,44,1.6871084042670454
868e63d47ffffff,LIMA,YAUYOS,-12.631167482418764,-75.9491636732001,41558.9406003655,8.50967230779545,13,3.888293888705357
868f4805fffffff,UCAYALI,CORONEL PORTILLO,-9.22797700619336,-74.34936384322597,41420.10133261184,8.429116070219841,19,0.20953943695984933
868f51537ffffff,CAJAMARCA,CONTUMAZA,-7.338443368492279,-78.86481514662273,41380.284064394975,22.586407315980956,51,2.8944539300706573
868e6c777ffffff,AYACUCHO,VILCAS HUAMAN,-13.49934124869798,-73.86698366898779,41241.39717345742,13.277232729606116,44,2.206387639385904
868e6eb0fffffff,AYACUCHO,CANGALLO,-13.556632190034865,-74.37371763648912,41070.671857958485,13.222269515407016,44,1.831328348088146
868e660a7ffffff,LIMA,HUARAL,-11.23478258646179,-76.82868159311859,40975.08304385842,8.390120740586788,24,2.50348329375369
86b33032fffffff,AREQUIPA,ISLAY,-16.96890312773961,-71.72004170104528,40883.98670388592,7.886561251707461,11,0.5374318966797594
868f55797ffffff,CAJAMARCA,HUALGAYOC,-6.660343811438924,-78.67062703754914,40786.58701283353,22.26235242529929,51,2.730921449539315
868f0d407ffffff,TUMBES,TUMBES,-3.843922585886459,-80.51247361151236,40761.102662475845,6.017115615337199,7,1.289584360851512
868e631b7ffffff,LIMA,CAÑETE,-12.912711628289811,-76.01757844849502,40599.67895713618,8.313252425012223,13,1.2159282086201537
868f5564fffffff,CAJAMARCA,CELENDIN,-6.90370268743961,-78.29716997422432,40558.26393074367,22.1377279030583,40,2.294486000419942
868f5181fffffff,CAJAMARCA,CAJAMARCA,-7.174231777950231,-78.2402757369895,40477.69574151389,22.09375174436825,40,1.765912482140255
868f542a7ffffff,CAJAMARCA,JAEN,-6.036657455291244,-79.11001560407104,40434.56541689454,22.07021012058416,36,1.762542237107854
868e6409fffffff,PASCO,PASCO,-10.85809707421244,-75.80611434860668,40420.77389974823,15.659468828011905,42,1.4461535793993456
868e6a02fffffff,ICA,NASCA,-14.87185872092778,-74.91154337437554,40381.12543741788,5.489290099515316,21,0.1406565249280553
86b33541fffffff,AREQUIPA,AREQUIPA,-16.39856962098566,-71.46699786009296,40302.95912166865,7.77448045955584,14,0.412050689481138
868e612c7ffffff,HUANCAVELICA,ANGARAES,-13.081079083262546,-74.52012279800289,40265.67912099921,10.356055029090587,46,2.2870637060850734
868e6c5b7ffffff,HUANCAVELICA,ANGARAES,-13.124606158153444,-74.41934768269861,40175.53575529205,10.3328707769893,44,2.54353827649103
868f51407ffffff,LA LIBERTAD,GRAN CHIMU,-7.557426307910225,-78.84496783998311,40138.345836583954,10.465372542420914,47,0.9651928826653373
868f51527ffffff,CAJAMARCA,CONTUMAZA,-7.332990697293935,-78.80128481206685,40011.94177061814,21.83953142825548,51,1.856098396236633
868f51687ffffff,LA LIBERTAD,TRUJILLO,-7.990023749717528,-78.74155241284106,39992.99230666364,10.42747414852184,2,1.1430410066200283
868b644f7ffffff,PUNO,LAMPA,-14.970169595932974,-70.43084297725035,39967.81859333766,23.80584253739872,39,0.3578008088161978
868e6c56fffffff,AYACUCHO,HUAMANGA,-13.190140285861991,-74.02805073499553,39814.57614162834,12.817882751150885,44,2.5137820769850268
868f50a37ffffff,CAJAMARCA,SANTA CRUZ,-6.739268558681053,-78.9509832900598,39737.36880662228,21.68966254883658,33,3.3015034084507384
868e6105fffffff,HUANCAVELICA,ACOBAMBA,-12.712890375802012,-74.65490009450488,39700.65658220125,10.210735128068064,46,0.1890502352603529
868e6c41fffffff,AYACUCHO,HUAMANGA,-13.32652015104178,-74.26977687449221,39497.91602710407,12.715937367995233,44,1.0979081795147216
868b64597ffffff,PUNO,LAMPA,-15.165094066061258,-70.28194440653512,39467.25206237264,23.507692464789265,28,0.7526981722780085
868e66d8fffffff,LIMA,OYON,-10.816658827381346,-77.06246913653807,39438.27486695713,8.075441545293357,56,3.728547446463687
868e61367ffffff,HUANCAVELICA,CHURCAMPA,-12.78631769675504,-74.32689814424167,39368.71540720455,10.125362146667287,46,2.410585814108934
868e61acfffffff,AYACUCHO,HUANTA,-12.728766451076591,-74.30097100297182,39337.45791956827,12.664279573082402,46,3.562551335922965
86b32614fffffff,PUNO,PUNO,-15.738531304960787,-69.7734313561242,39315.04272000295,23.417032734919047,28,1.3022241461053494
868f5508fffffff,CAJAMARCA,CHOTA,-6.47210574762026,-78.40068254237376,39201.541654122746,21.397194515062733,33,3.195322079627965
86b334bb7ffffff,AREQUIPA,CAYLLOMA,-15.460742029441237,-71.70264870730571,39172.56759085292,7.5564268213243615,37,1.5503298627293827
868e62d2fffffff,LIMA,LIMA,-11.856783231290116,-76.99379081842845,38970.57968800856,7.979675564368589,24,1.1242862120326984
868e6190fffffff,HUANCAVELICA,TAYACAJA,-12.042591854416283,-74.53293531659206,38914.51309109413,10.008544442789873,27,2.947045150217856
868e63577ffffff,LIMA,CAÑETE,-12.983582380640414,-76.17191253217992,38870.859363578966,7.959256678057629,13,0.789720057667129
868e6ad5fffffff,ICA,PALPA,-14.51231576379907,-75.11080190385529,38855.68850440069,5.281926739451876,43,0.7895724276832388
868e668b7ffffff,LIMA,OYON,-10.83727953530721,-76.70663059222532,38795.25453241948,7.943775717071635,56,3.927760032828561
868e6115fffffff,HUANCAVELICA,CHURCAMPA,-12.54706221852789,-74.64018863977665,38773.17653929945,9.9721936562153,46,2.08369596096226
868e66c87ffffff,LIMA,OYON,-10.932024206378069,-77.11571021116964,38751.83433430108,7.934884930824694,56,2.118650714440437
868f55cafffffff,CAJAMARCA,CUTERVO,-6.051425777426798,-78.63041043510069,38716.14775257935,21.132254227270327,22,1.638817702413121
868e6608fffffff,LIMA,HUARAL,-11.343897636495274,-76.81803212484415,38487.66820664165,7.880793870063121,24,2.361567591131419
868b66a07ffffff,PUNO,AZANGARO,-14.68469336751022,-70.30734971161347,38465.50089173007,22.911024158404704,39,0.30343773417909475
868f734afffffff,CAJAMARCA,SAN IGNACIO,-5.287857655160918,-78.6999014538546,38005.04708225512,20.744117467319235,52,1.148488184793872
868f59287ffffff,PASCO,DANIEL ALCIDES CARRION,-10.48511336391458,-76.48424651610733,37866.59741476263,14.66995172606146,56,3.8284482460786378
868e689a7ffffff,AYACUCHO,VILCAS HUAMAN,-13.82252836699769,-73.83227993987997,37795.92669776882,12.167999859141045,44,2.471013452826098
868b644e7ffffff,PUNO,LAMPA,-14.97847022930588,-70.49281674997044,37725.4876684748,22.470253586268846,39,0.7627276702812817
868e6ea77ffffff,AYACUCHO,VICTOR FAJARDO,-13.714940154472506,-74.32484557947194,37697.700217834106,12.1363768802003,44,1.0104479257642656
868f5925fffffff,PASCO,PASCO,-10.569220939939523,-76.2194106442661,37697.62408628916,14.604489531385068,42,3.5560038501487137
868f4e6c7ffffff,UCAYALI,PADRE ABAD,-8.969508441952543,-75.61262877306048,37603.53597006078,7.652433459711728,31,2.1217787222594273
868f5e70fffffff,ANCASH,SANTA,-8.976238583960248,-78.65152505721302,37571.828367288974,20.213498838719666,12,1.1118252814874123
86b32652fffffff,PUNO,SAN ROMAN,-15.653183505273066,-70.31848307246517,37521.70499661884,22.34887547836125,28,0.6867414246078386
868f55867ffffff,AMAZONAS,BONGARA,-5.992332118891551,-77.93568013427797,37488.64712766825,10.717003724461131,22,1.1761393350292628
868e61297ffffff,HUANCAVELICA,ANGARAES,-12.99382487962396,-74.72175797348024,37471.25752993412,9.637349064028228,46,1.2609246005820192
868f518dfffffff,CAJAMARCA,SAN MARCOS,-7.341006964506068,-78.25681911074354,37428.48998048149,20.429417995432683,40,2.4971476126132326
868e45987ffffff,ICA,PISCO,-13.723200069061932,-75.90334877692314,37387.770620789655,5.082382347904506,1,0.41930370680289597
868e62af7ffffff,LIMA,CAÑETE,-12.45949722783642,-76.41796705347323,37276.95557916919,7.632886498752263,38,1.2441469381534178
868f550f7ffffff,CAJAMARCA,CELENDIN,-6.466690717248702,-78.33741911732761,37193.03364839357,20.300899964638383,53,3.9533016556341662
868b60d27ffffff,PUNO,MELGAR,-14.562683365230065,-70.6046103297807,37158.28932274637,22.13241592133972,39,1.9494533772475517
86b334a87ffffff,AREQUIPA,CAYLLOMA,-15.673196272488855,-71.67824111089139,37145.60456577036,7.165423659914459,37,0.4434067347913921
868e63557ffffff,LIMA,CAÑETE,-13.041212039342312,-76.19844529340834,37085.54497185857,7.593692969732539,13,0.6614062581127468
868f5412fffffff,CAJAMARCA,JAEN,-5.490701980063588,-79.15895777834832,36964.23524165551,20.176015998163155,41,0.743700528939671
868e61097ffffff,HUANCAVELICA,HUANCAVELICA,-12.638919096064743,-74.98333654467544,36775.12833915474,9.458309436125669,46,2.3769216776551314
868e6c1a7ffffff,AYACUCHO,LA MAR,-13.067975982802327,-73.9131569444806,36710.91899483976,11.818693075847197,44,3.3136036026644895
868f50b27ffffff,CAJAMARCA,SANTA CRUZ,-6.56717005756241,-78.8706854121868,36567.60372973226,19.95952447121494,33,1.327476298155737
868f4e257ffffff,UCAYALI,PADRE ABAD,-8.862748659730517,-75.08360826387883,36563.49182175739,7.440781325550968,30,0.5531965124807484
868e6c6c7ffffff,AYACUCHO,VICTOR FAJARDO,-13.786811328950622,-73.99634972289091,36419.01297884762,11.724717013562037,44,1.438750145935193
868f55787ffffff,CAJAMARCA,HUALGAYOC,-6.654939135212851,-78.60726826687547,36376.40426883587,19.855162961862288,33,1.0961701205975427
868e6cc9fffffff,AYACUCHO,HUANTA,-12.995446334320713,-74.24077499734724,36232.091889069685,11.66453974069674,44,1.628254116329231
868f51907ffffff,CAJAMARCA,CELENDIN,-6.950121805527147,-78.19713894747802,36180.53447677858,19.748252267449992,40,1.2372731199652387
868e6198fffffff,HUANCAVELICA,TAYACAJA,-12.11379866304906,-74.68538260965622,36154.31133355442,9.298639582956865,27,2.2955408380996496
868f73697ffffff,AMAZONAS,UTCUBAMBA,-5.66152876351498,-78.57044883019718,36132.04048375749,10.329186089807408,22,0.6229913153093694
86b32692fffffff,PUNO,HUANCANE,-15.194574468003836,-69.71341436693655,36120.717695926585,21.514412046255536,54,1.2042754394894994
868f518c7ffffff,CAJAMARCA,CAJAMARCA,-7.283567665401676,-78.2301722701341,36094.65087416098,19.70137482147919,40,0.7264074192143659
868e6eb6fffffff,AYACUCHO,CANGALLO,-13.592763637794128,-74.20945285544788,36014.73593395028,11.594564284017896,44,0.47555885565959133
868b6440fffffff,PUNO,LAMPA,-15.0355697926755,-70.51758123664845,36003.62599370506,21.44466927010147,39,1.3010579694356743
868e6c667ffffff,AYACUCHO,VILCAS HUAMAN,-13.657347540949033,-73.81801167208293,35957.462826957475,11.576125811444022,44,1.872214292728418
868e6c787ffffff,AYACUCHO,CANGALLO,-13.528094169709918,-74.12014364647531,35811.65693964078,11.529185144252068,44,0.5536895480944558
86b3244d7ffffff,PUNO,MOHO,-15.47616705572788,-69.4290113292444,35734.23997389968,21.28421615069273,54,1.1945371232284303
868e610e7ffffff,HUANCAVELICA,ACOBAMBA,-12.66910006413796,-74.75564343707477,35698.17036442636,9.181323270890758,46,0.5829123758388977
868e6626fffffff,LIMA,HUAROCHIRI,-11.671582074649718,-76.23844502045225,35412.52650011488,7.251123145917002,35,1.381697047799217
868e62207ffffff,LIMA,CAÑETE,-12.747768595214035,-76.55090603360328,35406.39184523672,7.249867004591443,38,0.5104353386170324
868f55c87ffffff,CAJAMARCA,CUTERVO,-6.0567612492975,-78.69365811653465,35334.89513838643,19.286680894241947,22,3.17723575667538
86b326c77ffffff,PUNO,SAN ROMAN,-15.465140596875443,-70.12045762409271,35269.72136152088,21.00753712914053,28,0.18578910014261624
868f54bafffffff,CAJAMARCA,JAEN,-5.521672921170947,-78.86958143174462,35260.974560382936,19.246333170161044,52,0.948539658335624
868e66127ffffff,LIMA,HUAURA,-10.997837467034412,-76.65876669989187,35188.216624393324,7.2051931123257225,56,3.6648354474770874
868e62967ffffff,LIMA,HUAROCHIRI,-11.857395239394412,-76.44539256413263,35140.63404785809,7.195450031101177,35,0.42805157794076537
868f5555fffffff,CAJAMARCA,CHOTA,-6.379055352882985,-78.60053439420183,35106.022327824256,19.16175631627467,33,1.6067885290524064
868e62b87ffffff,LIMA,HUAROCHIRI,-12.248232718312792,-76.50345854856114,35048.72901072484,7.1766314149829205,38,3.491209649539686
868e6a8d7ffffff,ICA,NASCA,-14.649182807182154,-74.87031024703774,35037.31603025012,4.762868541059156,43,1.315140782712443
868f5e09fffffff,LA LIBERTAD,VIRU,-8.814647838913931,-78.6984579724226,35023.11551609816,9.131665588922626,12,0.759288060500576
868f51b8fffffff,CAJAMARCA,SAN MARCOS,-7.433708776242721,-78.05651250392117,34985.79794316544,19.09613480152161,40,2.1108599986407235
868f5546fffffff,CAJAMARCA,CHOTA,-6.482915846802612,-78.5272546917282,34944.05664705207,19.073351344683903,33,1.3880442527622803
868e6310fffffff,LIMA,YAUYOS,-12.94369028175789,-75.78861024324891,34939.523934625046,7.154270416397963,13,3.4698469128033755
86b330bb7ffffff,AREQUIPA,AREQUIPA,-16.603039067945783,-71.79435313830729,34897.38251189541,6.731739414203678,55,0.8441347682640608
868e66c67ffffff,LIMA,OYON,-10.901157946954967,-76.79685753962444,34553.96068953038,7.075321896000478,56,2.3952685317404816
868f7369fffffff,AMAZONAS,UTCUBAMBA,-5.713409093698706,-78.53389111497411,34441.16317258788,9.845809392331514,22,0.34932995855434734
868b64497ffffff,PUNO,AZANGARO,-15.002263081060926,-70.26979264758393,34379.67478219939,20.47740289955289,39,0.6798983811556633
868e6c517ffffff,AYACUCHO,HUAMANGA,-13.110526493031156,-74.29264632614576,34216.13059272914,11.015522269421092,44,1.586325724716534
868e64737ffffff,JUNIN,JUNIN,-10.915728286252042,-75.83236328744553,34190.94368736327,11.693898820081737,42,2.9809231573866937
868f54b5fffffff,CAJAMARCA,JAEN,-5.614935610848637,-78.67015718411947,34169.07845119176,18.65034861310609,52,1.3314732878929283
868f736cfffffff,AMAZONAS,UTCUBAMBA,-5.806494121759211,-78.33446685437123,34116.859888529354,9.753099738358827,22,0.01686929023984382
868f55c77ffffff,AMAZONAS,UTCUBAMBA,-6.035382298300458,-78.44075539849143,34100.40838685358,9.748396693084034,22,3.17623201217106
868f50b37ffffff,CAJAMARCA,SANTA CRUZ,-6.572534135142153,-78.93408235726277,33961.73204965756,18.537173694507985,33,1.5797066851840982
868e6284fffffff,LIMA,HUAROCHIRI,-12.132901783792924,-76.4503553911567,33915.07827813746,6.944503355257403,35,3.8846060007973944
868e6c6a7ffffff,AYACUCHO,CANGALLO,-13.635939953368675,-74.10865037037237,33858.7788924127,10.90047665950962,44,0.718605546154507
868b64477ffffff,PUNO,MELGAR,-15.043864198808173,-70.57961279381148,33806.88839773679,20.13623685757241,39,1.4334113930467582
868f088cfffffff,TUMBES,CONTRALMIRANTE VILLAR,-4.09626888764246,-80.93642004250306,33787.95754478037,4.987746495391285,7,2.04503314616447
86b326127ffffff,PUNO,PUNO,-15.54504620674792,-69.92230574790295,33732.77314127442,20.092091938308386,28,0.8065007910582275
868e638d7ffffff,LIMA,YAUYOS,-12.828448023286898,-75.73582105495672,33729.25630823452,6.906454164189979,13,3.2759591714441867
868f5b2cfffffff,LIMA,HUAURA,-11.123480782250208,-77.38736690985931,33645.38872483884,6.889281309405089,10,1.009617654382218
868f55587ffffff,CAJAMARCA,CUTERVO,-6.291230636755207,-78.86372724461033,33638.50977847564,18.36075079080944,36,2.5336849963837818
868e6a90fffffff,AYACUCHO,LUCANAS,-14.361778487733762,-74.7391678060407,33610.32265422009,10.820488794798557,43,3.2933600898452973
868e61047ffffff,HUANCAVELICA,ACOBAMBA,-12.655317125757444,-74.62887282528955,33559.67490988637,8.631316985385778,46,0.9593843993091085
868f54b47ffffff,CAJAMARCA,JAEN,-5.557764429178927,-78.64354239911549,33547.8319766006,18.311256549433995,52,1.9109535645126727
868f5095fffffff,CAJAMARCA,CHOTA,-6.416541223749898,-79.04396383159413,33406.825565267834,18.2342916780578,36,1.4517137647815173
86b330197ffffff,AREQUIPA,CAMANA,-16.717816312013337,-72.2613790348915,33352.381919476786,6.433707280148717,55,2.914499894183338
86b3245afffffff,PUNO,HUANCANE,-15.20872908229066,-69.43011554445171,33311.991345169445,19.84146366953545,54,2.177668277446192
868f736d7ffffff,AMAZONAS,UTCUBAMBA,-5.759965052410082,-78.43417691255573,33172.453618343214,9.483119189833792,22,0.18267772372837687
868e61377ffffff,HUANCAVELICA,CHURCAMPA,-12.79330286872936,-74.39018497224382,33171.99422040795,8.531608185196673,46,1.3316653196145603
868e66c2fffffff,LIMA,HUAURA,-10.85586184671994,-76.8977708810247,33157.50976099158,6.789382465781283,56,1.0329001189743063
868e62957ffffff,LIMA,HUAROCHIRI,-11.92145862465238,-76.53575131589797,33116.218468569736,6.780927597524314,35,0.7509037543971946
86b3260afffffff,PUNO,PUNO,-15.829956667223248,-70.0454022123346,33072.10007598738,19.698578368780087,28,0.8589875781454963
868e64cdfffffff,PASCO,PASCO,-10.595376476119844,-75.92849065361489,32951.52078510709,12.765794980812698,42,3.7328569037861734
868e6c46fffffff,AYACUCHO,HUAMANGA,-13.355554299866988,-74.04242456197956,32782.101376628416,10.55385169208484,44,0.6332355168724149
868e6342fffffff,LIMA,CAÑETE,-13.098839696070849,-76.22499074289257,32728.93886965389,6.701627633890513,13,0.9122747042491561
86b326dafffffff,PUNO,LAMPA,-15.327859535949104,-70.29411004852044,32703.63266529232,19.47910986967536,28,0.6899392900932354
868f40127ffffff,SAN MARTIN,LAMAS,-6.335959388102028,-76.22252370997937,32659.9441528102,7.112976820975954,57,2.7374227998275797
868e6eaefffffff,AYACUCHO,HUANCA SANCOS,-13.829964947054965,-74.37688890693552,32476.561576378663,10.455486376792267,44,2.623383298464229
868e6c427ffffff,AYACUCHO,HUAMANGA,-13.211458492173357,-74.21788545264883,32372.367167530523,10.421942086098577,44,0.724015019380904
868e6106fffffff,HUANCAVELICA,CHURCAMPA,-12.648406631606774,-74.56552435925016,32228.222995411423,8.288876733640475,46,1.3396716905082722
868e66917ffffff,PASCO,DANIEL ALCIDES CARRION,-10.658074510623782,-76.56354550088516,32021.123228559714,12.405348355754318,56,3.045331290153598
868e61817ffffff,HUANCAVELICA,TAYACAJA,-12.1645682843872,-74.6481008125719,31942.01121107125,8.215265036202217,27,2.5876234434099645
868e6c5afffffff,AYACUCHO,HUAMANGA,-13.168066077715382,-74.31860169755772,31930.245511883848,10.279605683378502,44,1.8269125554013974
868f5bb5fffffff,LIMA,CAJATAMBO,-10.48894880599651,-77.09413132348914,31874.78598476893,6.52672998139681,49,0.7403998441668895
868e6688fffffff,LIMA,HUAURA,-10.94016736121474,-76.6322658786729,31851.43018594272,6.521947612269334,56,2.7328980494845343
868e61647ffffff,HUANCAVELICA,ANGARAES,-13.058328124403037,-74.81133727016497,31596.58609417742,8.126424077920277,46,1.661159696656484
868e60407ffffff,LIMA,HUAROCHIRI,-11.940564494286342,-76.1794699775044,31565.4045861092,6.463380572516581,35,3.3311093556362037
868f51c4fffffff,CAJAMARCA,CAJAMARCA,-7.305610501500945,-78.48385028241741,31545.12878372829,17.218130412918413,40,1.8090304386788163
868f51897ffffff,CAJAMARCA,CAJAMARCA,-7.190734185254505,-78.43045489964932,31543.88181416838,17.217449785343526,40,0.4268522914744214
868f5429fffffff,CAJAMARCA,CUTERVO,-6.151221530429308,-79.1635702369146,31539.461045276345,17.21503681769231,36,3.419934534403093
868f51477ffffff,LA LIBERTAD,GRAN CHIMU,-7.603951351327954,-78.74464034556534,31532.760076578583,8.221616377409172,47,1.7623648407172525
868e66927ffffff,PASCO,DANIEL ALCIDES CARRION,-10.594200262860994,-76.47352168750962,31518.043259863665,12.210449438001485,42,3.9321878151558796
868e6389fffffff,LIMA,YAUYOS,-12.784164798546492,-75.83700679375407,31468.026841286373,6.4434413563926,13,2.641487434943974
868b6451fffffff,PUNO,LAMPA,-15.190193208424066,-70.46785117678473,31409.32733563632,18.708188914828884,28,1.228389593582585
868e6eb4fffffff,AYACUCHO,VICTOR FAJARDO,-13.650276975500107,-74.2354202277087,31389.714724667123,10.105587498950634,44,1.3253101628870756
868e6c577ffffff,AYACUCHO,HUAMANGA,-13.146837566201514,-74.1286767927994,31248.05007004542,10.059980057935466,44,1.5900658718778575
868f5401fffffff,CAJAMARCA,JAEN,-5.719487684279542,-79.26598353368692,31137.13044989464,16.99543458661939,36,3.908915933350947
868f50967ffffff,CAJAMARCA,CUTERVO,-6.301895669596488,-78.99042599978917,30919.28127937894,16.876526990647864,36,0.1474718504863226
868f51cefffffff,CAJAMARCA,CAJAMARCA,-7.316585846302472,-78.61078006171604,30830.041053697547,16.827817414776575,40,1.9340689833658802
868e6c597ffffff,AYACUCHO,HUAMANGA,-13.182152912335187,-74.4453454248554,30791.18895043309,9.912898440290723,44,2.5107525805708213
868f55827ffffff,AMAZONAS,BONGARA,-5.894093729194084,-78.07196890653219,30537.12553017952,8.72974922052426,22,0.7573808971733954
868e6456fffffff,PASCO,PASCO,-10.69795191610153,-75.85419472759763,30525.513154451462,11.825931954859913,42,3.912408495786706
868e6628fffffff,LIMA,HUAROCHIRI,-11.703510223824274,-76.55724608277762,30450.5948592726,6.235110425975863,35,3.4191611433379694
868e6c647ffffff,AYACUCHO,VILCAS HUAMAN,-13.714832928712232,-73.8438548864753,30438.842162559013,9.799464109139011,44,2.0968027034598173
86b326547ffffff,PUNO,PUNO,-15.750206230210956,-70.24390343485909,30325.884387316124,18.0628629217244,28,1.2121987975121988
868e6101fffffff,HUANCAVELICA,HUANCAVELICA,-12.618388829405935,-74.79298851616015,30222.69973535656,7.773069979684154,46,0.7055193025059183
868e6459fffffff,PASCO,PASCO,-10.735874406516624,-76.23496186264259,30206.76883982804,11.702446771935625,42,2.835277198083268
868e6c707ffffff,AYACUCHO,HUAMANGA,-13.456239483411885,-73.9676347491073,30202.954897448,9.72352269271084,44,1.0847287550272633
868f732dfffffff,AMAZONAS,BONGARA,-5.774341748221891,-77.95597610339972,30172.756641433443,8.62558587943406,22,1.676880725321181
868e6c66fffffff,AYACUCHO,VILCAS HUAMAN,-13.707569159509893,-73.78059703345515,30127.3610034028,9.699186036026926,44,2.159474321566278
868f0dcd7ffffff,TUMBES,TUMBES,-3.616598321087148,-80.4048733438077,30067.66800500635,4.438560854641737,7,0.24298397864064192
868e6135fffffff,HUANCAVELICA,ACOBAMBA,-12.901420961724876,-74.37879173832057,29889.278986938774,7.687316462201462,46,0.8946558142783398
868f4eb57ffffff,UCAYALI,CORONEL PORTILLO,-8.29490646597734,-74.88822871133416,29752.10729897675,6.054643945529338,30,1.2752626438329535
86b32696fffffff,PUNO,HUANCANE,-15.282863929908968,-69.57754453211943,29713.79233345672,17.69828542999712,54,0.796083903506436
868e61287ffffff,HUANCAVELICA,ANGARAES,-12.986880508807772,-74.6583085513748,29652.45202229442,7.626406199869629,46,1.3203525223239228
868e6c51fffffff,AYACUCHO,HUAMANGA,-13.161002967609557,-74.25526783171296,29627.18691148469,9.538160263893529,44,1.2275457968064947
868f554c7ffffff,CAJAMARCA,CHOTA,-6.556421241949354,-78.74393380234591,29614.76045699815,16.164486478779477,33,0.7795316603435138
868e63c5fffffff,LIMA,CAÑETE,-12.85508191713028,-75.99111058086844,29594.36469531244,6.059787426638223,13,1.331893091461285
868f59297ffffff,PASCO,DANIEL ALCIDES CARRION,-10.491313848237375,-76.5478067595858,29488.329212979093,11.424115066329176,56,3.424761966715313
868b64467ffffff,PUNO,MELGAR,-15.052145595648634,-70.64167787931842,29444.895265481413,17.5381235426517,39,1.6164940911133154
868e61547ffffff,HUANCAVELICA,HUANCAVELICA,-12.537342141296405,-75.05803322267928,29361.390744760774,7.551547246220347,46,2.6895744041512586
868e6e657ffffff,AYACUCHO,LUCANAS,-14.224804235732734,-74.9793333338974,29288.590680934056,9.429152779605836,43,1.5752004398681152
868f08857ffffff,TUMBES,CONTRALMIRANTE VILLAR,-3.9824408872612937,-80.88236780594703,29284.117698228365,4.322893895743288,7,2.641021972995384
868f55697ffffff,CAJAMARCA,SAN MIGUEL,-6.827052071057804,-78.68738565841407,29267.880819652444,15.97515078532417,51,1.6244477104311317
868b645afffffff,PUNO,LAMPA,-15.181839850551096,-70.40584832101503,29245.49500949178,17.419355712355415,28,0.5043657240815066
868e6c1afffffff,AYACUCHO,LA MAR,-13.118351189127749,-73.8758053673609,29136.551663012822,9.380205421774315,44,3.4311887977133146
868b64637ffffff,PUNO,MELGAR,-14.79123806123769,-70.70378855176571,29111.002167416376,17.339248377666202,39,0.8730638265895699
868b66b6fffffff,PUNO,MELGAR,-14.766570924286771,-70.51775341792447,29081.351695884696,17.321587807705537,39,0.6710539026155128
868f5da17ffffff,HUANUCO,LEONCIO PRADO,-8.851743785074756,-76.10178104730944,29074.199341844807,9.769167815692173,31,0.5328132635196148
868e61357ffffff,HUANCAVELICA,ACOBAMBA,-12.85085824918307,-74.41614635766616,28912.379689885787,7.43606469893778,46,1.2152204324157296
868e6118fffffff,HUANCAVELICA,TAYACAJA,-12.516908290707404,-74.86766563259937,28909.814465948948,7.435404941029016,46,1.5216049435112324
868f5979fffffff,LIMA,CAJATAMBO,-10.419074643383578,-76.94017174259207,28860.70022575675,5.90956116654591,49,1.9458285703567348
868f5158fffffff,CAJAMARCA,CONTUMAZA,-7.510867550347834,-78.94529701068738,28801.46680347563,15.720570199776269,2,2.2306427614645425
868e62907ffffff,LIMA,HUAROCHIRI,-11.818858750144004,-76.61034138122261,28543.03259110689,5.844515055297371,35,1.015426287841895
86b33038fffffff,AREQUIPA,ISLAY,-17.099651968974865,-71.89697367009371,28529.118330869354,5.503294989385807,11,0.30816437936560037
868f55d9fffffff,CAJAMARCA,CUTERVO,-5.947586512866906,-78.70358537550042,28518.11609420667,15.56591020462347,22,2.801635967615893
868f50247ffffff,CAJAMARCA,CONTUMAZA,-7.291861981148656,-78.96508062451055,28507.548559549785,15.560142176503732,51,1.9182272184435551
86b33571fffffff,MOQUEGUA,GENERAL SANCHEZ CERRO,-16.57632105353942,-71.19148361224823,28490.162847684434,8.313861293985552,14,1.3993000448854034
868b66a4fffffff,PUNO,MELGAR,-14.546306167076894,-70.48074560787114,28375.527665265283,16.90118118249035,39,2.9130444958670036
86b334197ffffff,AREQUIPA,CASTILLA,-15.574302488674125,-72.16763169964538,28287.486699252186,5.456684009960023,25,3.6580786248455697
868e660afffffff,LIMA,HUARAL,-11.286217005430569,-76.79145688918958,28267.745710020416,5.788146892037204,24,2.847561644465882
868f55c67ffffff,AMAZONAS,UTCUBAMBA,-6.030022197253269,-78.37756688463482,28226.671900263333,8.069252188644663,22,3.8860157533173205
868f54937ffffff,CAJAMARCA,SAN IGNACIO,-5.044095926773103,-79.0716971563649,28139.04112540344,15.359001483664509,52,1.4017943702644782
868f51137ffffff,CAJAMARCA,CAJAMARCA,-7.3001112723258945,-78.42040786087786,27874.73143323112,15.21473455800311,40,1.523894588985068
868e6c52fffffff,AYACUCHO,HUAMANGA,-13.096394690566504,-74.16604667705072,27868.346235262,8.971920063681882,44,1.3964732013181027
868e6455fffffff,PASCO,PASCO,-10.761931644021397,-75.94387302794054,27823.287620289226,10.779058962684594,42,3.878470236391646
868e61467ffffff,HUANCAVELICA,HUANCAVELICA,-12.64573692210167,-75.04683369191375,27821.07867246661,7.155389602021272,46,2.7031551550784125
868f54a57ffffff,CAJAMARCA,JAEN,-5.729314292993127,-78.72342108047481,27812.830824204644,15.18094763748793,52,1.6966265680988135
86b32655fffffff,PUNO,PUNO,-15.807212369268278,-70.26863455870172,27651.24903216977,16.46978252978659,28,1.1366647532314953
868f502cfffffff,CAJAMARCA,CONTUMAZA,-7.412227579687781,-79.08235561005071,27649.56854358288,15.09183494885291,51,2.9660403857580975
86b336387ffffff,AREQUIPA,CAMANA,-16.422927223124606,-72.90491263407363,27645.47809839322,5.332839919326955,34,0.7024772772503238
868e6444fffffff,JUNIN,JUNIN,-10.922112257222906,-75.89580705790227,27441.53298318561,9.385482691193168,42,2.5459126297933037
868e64097ffffff,PASCO,PASCO,-10.806846054891306,-75.84328238974307,27415.34372048771,10.621016843096198,42,1.0598059165846885
868e6c72fffffff,AYACUCHO,HUAMANGA,-13.44904839048866,-73.90437931776455,27291.243878780857,8.78612804835376,44,1.6451849935728937
868e612efffffff,HUANCAVELICA,ANGARAES,-13.074075517283507,-74.45673039737518,27289.72081933947,7.018728026027776,44,2.47233673354999
868e64027ffffff,PASCO,PASCO,-10.672451771168555,-75.60077910341641,27218.802749423503,10.544874629257333,42,2.317080225782532
868e66cdfffffff,LIMA,HUAURA,-11.086583419739172,-77.00412721486384,27123.872988858308,5.553925762280344,56,3.485937424238946
868f50b67ffffff,CAJAMARCA,HUALGAYOC,-6.665741533836811,-78.73400033540868,27078.006892960093,14.779862120752668,51,3.0663906808390804
868f597b7ffffff,LIMA,CAJATAMBO,-10.309854934563898,-76.95075533192197,27026.29938069904,5.53394644087971,49,2.9313347324550283
86b3269a7ffffff,PUNO,AZANGARO,-15.22010084727992,-69.89843258894531,26948.885968162103,16.05143734372636,28,1.0477173738372352
868e6c18fffffff,AYACUCHO,LA MAR,-13.17586312995035,-73.90162414813847,26876.32534526822,8.652549403815993,44,3.7523196274135415
868e6c0a7ffffff,AYACUCHO,LA MAR,-13.233374904001062,-73.92745615136495,26804.77523709928,8.629514601333623,44,3.8560721113364407
868f50b17ffffff,CAJAMARCA,SANTA CRUZ,-6.62989342084241,-78.96085336305316,26802.653850810773,14.629567454916137,33,1.9359643262998494
868e6c527ffffff,AYACUCHO,HUAMANGA,-13.0459309030659,-74.20341275563281,26737.760308990204,8.607939852226078,44,1.4103201435623187
868e6eb57ffffff,AYACUCHO,CANGALLO,-13.60703947970026,-74.33628264460481,26737.08551780194,8.607722610321959,44,1.3106247445281107
868e6eb1fffffff,AYACUCHO,CANGALLO,-13.563732804133735,-74.43717477771445,26729.759567008885,8.605364097751789,44,2.7956023397431147
868e6451fffffff,PASCO,PASCO,-10.665638925029624,-76.08163899066402,26681.07571456177,10.336553042904704,42,3.3512152801327515
868e6c1b7ffffff,AYACUCHO,LA MAR,-13.075099944912386,-73.97634033638343,26668.30358812772,8.585578993702109,44,3.1516579171189636
868e61827ffffff,HUANCAVELICA,TAYACAJA,-12.100166077993505,-74.55888215063653,26656.61190654848,6.8558967790849685,27,2.858619522456497
868e6ccb7ffffff,AYACUCHO,HUANTA,-12.887396998603185,-74.2522092946324,26588.06412497015,8.559746745052507,46,1.6617881990952588
86b3268d7ffffff,PUNO,PUNO,-15.536481584697665,-69.86052063063627,26541.62108954098,15.808860092510466,28,0.9610357241245486
868f55087ffffff,CAJAMARCA,CHOTA,-6.420197092744761,-78.43732989149166,26499.64064193737,14.464175169375356,33,3.130738100381313
868f50a27ffffff,CAJAMARCA,SANTA CRUZ,-6.733889080016228,-78.88755080311975,26461.36869443693,14.443285370898485,33,2.6569234468333898
868e6c087ffffff,AYACUCHO,HUAMANGA,-13.290886360143196,-73.95330137669053,26270.35138050765,8.45746247879333,44,1.6065626767669845
868e6c547ffffff,AYACUCHO,HUAMANGA,-13.197259399621569,-74.09130313409663,26204.58216730048,8.436288774456347,44,1.5526272587686722
868f5b777ffffff,LIMA,BARRANCA,-10.82579764974036,-77.73835274460014,26158.63528599393,5.35628221237636,10,0.45516951338263945
868f73207ffffff,AMAZONAS,BONGARA,-5.551106771091074,-77.91325729809465,26135.619572899108,7.471476133827627,22,2.066726908047463
868e6296fffffff,LIMA,HUAROCHIRI,-11.908657923033712,-76.40809653634395,26007.68809326892,5.325374034080299,35,0.14253401384550213
868e6c627ffffff,AYACUCHO,VILCAS HUAMAN,-13.56404964211299,-73.95610265491739,25914.58192314275,8.342926255307681,44,1.9196708542127279
868e63817ffffff,LIMA,YAUYOS,-12.662248723421357,-75.72046268198955,25903.523572034504,5.304045147227118,13,3.207447619866307
868b66a67ffffff,PUNO,MELGAR,-14.652335606870391,-70.46828077274397,25800.332355552688,15.367329793956356,39,2.7784632320735563
868f5b2b7ffffff,LIMA,HUAURA,-10.923103579744655,-77.60006248159009,25760.97947021649,5.274857598691061,10,0.7628196886746553
868e6a1b7ffffff,ICA,NASCA,-14.735160471700825,-75.15223753826363,25731.744685572303,3.497896846997832,21,0.5295684618344167
868b66a77ffffff,PUNO,MELGAR,-14.644101764924915,-70.40638427923983,25692.931568728163,15.303359171852817,39,0.3197117843097008
868e66d4fffffff,LIMA,OYON,-10.843485100986475,-76.7703246220836,25586.99288324979,5.239231838754693,56,3.586247735599107
868f54acfffffff,CAJAMARCA,JAEN,-5.843740418013979,-78.7767307176716,25493.372642836435,13.914928603997453,22,0.8868022408486439
868b6469fffffff,PUNO,MELGAR,-14.611633512230515,-70.56741099247104,25441.86862206613,15.153819737738988,39,2.3279057573414264
868f5e777ffffff,ANCASH,SANTA,-8.970585426051535,-78.58772241195534,25369.34119588509,16.15478355444593,12,0.9966823760962915
868e6109fffffff,HUANCAVELICA,HUANCAVELICA,-12.68967875816255,-74.94598143665755,25266.052083383336,6.498254380786751,46,3.1243268840099945
868e645a7ffffff,PASCO,PASCO,-10.620587282757649,-76.18226429208416,25260.92487397521,9.786370409727096,42,3.2836414506461256
868f73607ffffff,AMAZONAS,BAGUA,-5.588437134581417,-78.35451493092297,25238.525760914992,7.215020954437355,22,1.5255365984033205
868f08b67ffffff,TUMBES,TUMBES,-4.118444412219285,-80.52078287203531,25232.4221736544,3.72478641539906,7,3.3686133298611898
868b66a5fffffff,PUNO,MELGAR,-14.538098923727189,-70.41886360656379,25105.432539051675,14.953429906669342,39,1.1051660179543998
868e6210fffffff,LIMA,LIMA,-12.273876324047851,-76.75922952350416,25012.97593303114,5.121695249156499,38,1.34676244387596
868e61737ffffff,HUANCAVELICA,HUANCAVELICA,-12.747269023335525,-74.97211263072971,25008.163791466064,6.431927290302869,46,2.423041220364341
868e6166fffffff,HUANCAVELICA,ANGARAES,-13.051393666984731,-74.7478425431732,24882.13839203007,6.399514426541144,46,1.4369517575459523
868e605a7ffffff,LIMA,HUAROCHIRI,-11.78690893373051,-76.29134723570027,24828.1365833322,5.083847260906525,35,1.4398124242172576
868e66d67ffffff,LIMA,OYON,-10.734335934949684,-76.78097159417767,24646.51451214616,5.046658047530796,56,1.6200631767568316
868e66cafffffff,LIMA,OYON,-10.925874214403557,-77.0519017844087,24617.771716381456,5.040772628662217,56,0.8811440543220628
86b335737ffffff,MOQUEGUA,GENERAL SANCHEZ CERRO,-16.470721833101848,-71.20384853778721,24617.49887240977,7.183759254878919,14,2.3940985736559215
868e66567ffffff,LIMA,HUARAL,-11.138075091654011,-76.96692046021253,24616.882142339706,5.040590478119411,24,2.725432686800416
868e61077ffffff,HUANCAVELICA,ACOBAMBA,-12.60463838380584,-74.66621076041459,24551.67844460048,6.314522406657231,46,1.1902017091077737
86b32651fffffff,PUNO,SAN ROMAN,-15.718692059316869,-70.40531051561847,24170.296382449746,14.396439185669502,28,0.8833311678977303
868f51b97ffffff,CAJAMARCA,SAN MARCOS,-7.387375253406835,-78.15666286871308,24151.06428175534,13.182262696246688,40,1.7066359186142983
868e61767ffffff,HUANCAVELICA,HUANCAVELICA,-12.834945529911948,-74.77042940410863,23944.57314700981,6.158379110243227,46,1.4222835035657366
868e64ccfffffff,PASCO,PASCO,-10.58904666658666,-75.86510030650226,23811.297810934408,9.224768351779575,42,3.8949467918565124
868b60d57ffffff,PUNO,MELGAR,-14.407549497986295,-70.65422650059696,23769.593302427525,14.157770307482348,39,2.2251182340107194
868b6472fffffff,PUNO,MELGAR,-14.913720740822106,-70.81558701716982,23658.52800560705,14.091617010641718,39,1.0240922900537155
86b330a57ffffff,AREQUIPA,ISLAY,-16.838094819588054,-71.54348125886082,23547.74801799377,4.542383755986046,11,0.9255081840473836
868e62b5fffffff,LIMA,YAUYOS,-12.33119542384398,-76.2371606531154,23535.6352338148,4.81919270564388,38,3.252731873836483
868e68d27ffffff,AYACUCHO,VICTOR FAJARDO,-13.801250984745383,-74.12309283414302,23525.99208422559,7.573944955923229,44,2.0496001738539777
868b60d97ffffff,PUNO,MELGAR,-14.423862039442094,-70.36950189951288,23424.37536079257,13.952149779545492,39,1.6078223970060508
868e6eb37ffffff,AYACUCHO,CANGALLO,-13.455752987363924,-74.44857559693634,23314.381946097103,7.50581930440713,44,2.176682207225222
868f55467ffffff,CAJAMARCA,CHOTA,-6.4309870310378505,-78.56389819631259,23200.44909737343,12.663392846977562,33,2.469064499727511
868f5156fffffff,CAJAMARCA,CAJAMARCA,-7.483489134625846,-78.62753865266171,23153.68614063092,12.63786844055632,47,1.8244403717847604
86b3308efffffff,AREQUIPA,AREQUIPA,-16.554259550211547,-71.8319413870272,22908.30189661107,4.419033970164593,55,0.7766982004662848
86b335417ffffff,AREQUIPA,AREQUIPA,-16.34983940895238,-71.50452462443596,22864.339457909387,4.410553572494316,14,0.45976376581453293
868b663a7ffffff,PUNO,AZANGARO,-14.431523556717805,-70.02374141534384,22813.672168001925,13.588399528560211,39,1.9692527851179613
868e6335fffffff,HUANCAVELICA,CASTROVIRREYNA,-13.40127425770521,-75.45170221270635,22772.97946752601,5.857053294279493,1,1.8117458036871907
868e6102fffffff,HUANCAVELICA,CHURCAMPA,-12.55394014417666,-74.70354446876146,22770.677766913574,5.856461312752712,46,1.3990856911513156
868e66467ffffff,LIMA,HUARAL,-11.304921579154891,-76.98293402103165,22760.546493524373,4.660484348451649,24,0.8372048456195496
868e6121fffffff,HUANCAVELICA,ANGARAES,-12.972952582698392,-74.53148362360588,22753.377918592098,5.852011911050739,46,3.0219002273624658
868e6c50fffffff,AYACUCHO,HUAMANGA,-13.153926783446966,-74.19195948376942,22634.07504171341,7.286801673673867,44,0.9817785573443301
86b3308c7ffffff,AREQUIPA,AREQUIPA,-16.562528970324806,-71.89492511047936,22544.76249192654,4.3489068613965705,55,0.7020976200029592
868e62d47ffffff,LIMA,LIMA,-11.959555615523442,-76.91919401674889,22479.28181703675,4.602892162652602,35,1.2273271467750213
86b32448fffffff,PUNO,MOHO,-15.427884517722411,-69.46614436445151,22473.267192061936,13.385645724590406,54,1.0530160458986428
868e6c6afffffff,AYACUCHO,VICTOR FAJARDO,-13.686252562371983,-74.07122054797324,22466.971474328435,7.233004443071173,44,0.9840563252501968
868f4ad07ffffff,UCAYALI,PADRE ABAD,-9.039256711647234,-75.76471620786829,22443.44376042515,4.567308779689694,31,1.4770356180324702
868f5b157ffffff,ANCASH,OCROS,-10.479647475810486,-77.57778413919746,22375.339732568653,14.248252153882142,10,2.4475247386249137
868b66aa7ffffff,PUNO,AZANGARO,-14.668124293464542,-70.18374575441412,22199.126634365137,13.222360682290583,39,1.2694575810718525
868f5168fffffff,LA LIBERTAD,OTUZCO,-8.0420253945243,-78.70474257602783,22193.810556180186,5.78664842223371,2,1.2379668951709668
868f73677ffffff,AMAZONAS,UTCUBAMBA,-5.634953983386363,-78.25487178736773,21997.555825405227,6.288514144217205,22,1.707356515578402
868e61057ffffff,HUANCAVELICA,ACOBAMBA,-12.662214949716114,-74.69224589816763,21918.770817272605,5.637356719393315,46,0.35454997046964676
868e66c8fffffff,LIMA,OYON,-10.983557833784047,-77.07852212013789,21847.83093098221,4.473595312416148,56,1.3799440451120737
868f55847ffffff,AMAZONAS,LUYA,-6.049550867666082,-77.96214440329722,21839.928318823822,6.243452646816205,22,2.0696817240051684
868b60c37ffffff,PUNO,MELGAR,-14.391264044765316,-70.53037206753469,21792.47685570474,12.980149800151745,39,2.577356254822663
86b3265afffffff,PUNO,SAN ROMAN,-15.727163070715797,-70.46742009981703,21758.73553710272,12.960052618321118,28,0.8833311678977303
868e6124fffffff,AYACUCHO,HUAMANGA,-13.060029199142033,-74.33002090474136,21724.034352910952,6.993823674703024,44,1.426071539496387
868e606dfffffff,LIMA,YAUYOS,-12.522491490215195,-75.96010748773881,21705.35965078654,4.444422674946977,13,3.1190464117392254
868e612cfffffff,HUANCAVELICA,ANGARAES,-13.131626337459316,-74.48273615211058,21549.39868376427,5.542356753558142,46,2.573004954978837
868f5e0afffffff,LA LIBERTAD,VIRU,-8.751407893121483,-78.60781143003102,21420.34144643556,5.584979862784646,12,0.6686419535620778
868e6c537ffffff,AYACUCHO,HUAMANGA,-13.052986528025116,-74.26670409252351,21330.39325097733,6.867095074788495,44,1.1972083780441027
868f5baf7ffffff,LIMA,CAJATAMBO,-10.616470714023269,-77.27489784074612,21214.6504103604,4.343944299557472,10,2.0236524308733648
868f54c6fffffff,CAJAMARCA,SAN IGNACIO,-5.3920077982866825,-79.29519716815379,21175.24543873604,11.557985386250222,41,2.164970040517004
868e61347ffffff,HUANCAVELICA,ACOBAMBA,-12.843869250867682,-74.35283838959299,21164.353636505937,5.443325822374704,46,1.146915360439855
868e6ad77ffffff,ICA,PALPA,-14.404387044896453,-75.12204901295883,21145.381317641502,2.8744402504901503,43,0.6672631993711702
868e66c07ffffff,LIMA,OYON,-10.862032961271735,-76.96152281235858,21082.43532508565,4.316871736263463,56,0.8562538379613219
868e6c79fffffff,AYACUCHO,CANGALLO,-13.585605365072116,-74.14607642415963,21042.66404472475,6.774463692334288,44,0.7169994919829064
868e459afffffff,ICA,PISCO,-13.71642341170616,-75.83934885249076,21019.153556663103,2.8572812240609204,1,0.9592316841419919
868e66d27ffffff,LIMA,CAJATAMBO,-10.63748817827024,-76.91898462373693,20979.259285419725,4.2957452524097,49,3.221734554048466
868e63c77ffffff,LIMA,YAUYOS,-12.746439354016948,-76.00204997840136,20957.78011516102,4.291347144620991,13,2.2267513147045426
868e6c187ffffff,AYACUCHO,LA MAR,-13.12549212710636,-73.93898404699814,20949.851229893065,6.744583585760129,44,3.7197849128436307
868e6c457ffffff,AYACUCHO,HUAMANGA,-13.369828594496088,-74.16903195937512,20843.222478311505,6.7102555841053535,44,0.27545941019956804
868f736f7ffffff,AMAZONAS,BAGUA,-5.702776825630893,-78.40761138878298,20742.47354826973,5.929719616563015,22,0.5446969039199178
868e66967ffffff,PASCO,PASCO,-10.690775394237605,-76.3356576064806,20716.92312812042,8.025972306758366,42,3.3611477177276226
868e6e4f7ffffff,HUANCAVELICA,HUAYTARA,-13.88501656967856,-75.36967644079297,20584.97967191473,5.294314833594441,6,2.005869420761641
868e6652fffffff,LIMA,HUARAL,-11.092762771654543,-77.06795405421471,20572.30005160737,4.212415656603202,24,1.7214441153832096
868b668dfffffff,PUNO,AZANGARO,-14.805994900228056,-70.01056642877708,20375.40302696196,12.136104825514508,39,0.9029967189129805
868f518f7ffffff,CAJAMARCA,CAJAMARCA,-7.231656296554861,-78.26691638179376,20238.874908182745,11.046890629896058,40,0.5549872764416882
868e62c37ffffff,LIMA,LIMA,-11.978430777651832,-77.1111770214137,20097.968635142654,4.115290829523955,24,1.0960452899308921
868e6c497ffffff,AYACUCHO,HUAMANGA,-13.347741459182576,-74.45996942872942,20068.91269778673,6.460974719114334,44,1.2748613560045021
868e62157ffffff,LIMA,LIMA,-12.325154515321657,-76.72188495644977,20057.96762699841,4.107100161851211,38,1.202542088463206
868e66097ffffff,LIMA,HUARAL,-11.298698776091102,-76.91908910691443,19889.16846219745,4.072536586419908,24,1.3653642498956313
868f5586fffffff,AMAZONAS,BONGARA,-6.044138279482277,-77.89906398296822,19874.97194328211,5.68172405940228,22,1.5832908557479706
868f5bb9fffffff,ANCASH,OCROS,-10.461593004795825,-77.38630981420874,19822.16946696528,12.622434884919723,10,3.2846447852489717
868e45167ffffff,ICA,ICA,-14.092103986362536,-75.7687278053121,19800.253632904973,2.6915875934028315,6,0.24618568488393858
868e610f7ffffff,HUANCAVELICA,HUANCAVELICA,-12.675972429773008,-74.81906530085287,19706.151052054644,5.068286172285599,46,2.23721664415118
868f556d7ffffff,CAJAMARCA,CAJAMARCA,-6.9255399137573255,-78.55061488891536,19592.659677701213,10.694169986733415,51,1.3722985264020613
868e6c417ffffff,AYACUCHO,HUAMANGA,-13.276073199978915,-74.30717550654427,19516.389178042413,6.283095600970689,44,1.3312546517627664
868f5d20fffffff,HUANUCO,HUAMALIES,-9.299918478251026,-76.18503600905842,19459.48597108176,6.538545802188303,31,1.273774767885635
868f5525fffffff,AMAZONAS,CHACHAPOYAS,-6.870732980939773,-77.91746858883046,19372.191863876724,5.5379926527921,40,3.136805566644661
868e6a9a7ffffff,AYACUCHO,LUCANAS,-14.3256510497574,-74.90424755356705,19283.31473626271,6.208059743339178,43,3.2445247667665096
868f5961fffffff,LIMA,OYON,-10.516006115559293,-76.80224552250579,19035.41960499616,3.897721663253316,56,3.1997413808493476
868f7376fffffff,AMAZONAS,UTCUBAMBA,-5.515333002106425,-78.13883058844827,19007.017063191903,5.433598922986627,22,2.370970326328371
868b66b4fffffff,PUNO,MELGAR,-14.709453509102149,-70.4930101592284,18910.169698767208,11.263374836258418,39,0.6272292758046119
868f736a7ffffff,AMAZONAS,BAGUA,-5.599053343654914,-78.48072733690086,18756.288283401744,5.361922256242962,22,1.0362764606653136
868b66ab7ffffff,PUNO,AZANGARO,-14.65982121179134,-70.12199502565994,18741.456717448327,11.162885122067166,39,1.3880915704058399
868b646b7ffffff,PUNO,MELGAR,-14.717681765801228,-70.55496437850138,18529.62124539163,11.036710562906764,39,1.7984223340365988
868e61a97ffffff,HUANCAVELICA,CHURCAMPA,-12.5908374224089,-74.53953106650529,18507.73844733253,4.760062713673036,46,2.2836002593053397
868f51cf7ffffff,CAJAMARCA,CONTUMAZA,-7.2700767121517025,-78.7109978255334,18368.28625521581,10.02587595607664,51,1.2665466913802519
868e63227ffffff,HUANCAVELICA,CASTROVIRREYNA,-13.35731999315395,-75.55296867357188,18231.977392308003,4.689138871754655,1,3.8686812840224523
868e6685fffffff,PASCO,PASCO,-10.972778373947396,-76.40411857530434,18208.390016175003,7.054137968109306,42,3.6737383413583458
868e61017ffffff,HUANCAVELICA,HUANCAVELICA,-12.567658193621314,-74.83032925832136,18136.790585566232,4.664657481394915,46,0.9946493765971158
868e66d57ffffff,LIMA,OYON,-10.798186651416852,-76.87121262570508,18107.95684049564,3.707812967565533,56,1.2898503991879295
868e6629fffffff,LIMA,HUAROCHIRI,-11.709858759207483,-76.62106705009424,18102.87120216789,3.706771624474976,35,2.417706906385387
868e64187ffffff,PASCO,PASCO,-10.633972060131205,-75.7645899108896,18085.36740141853,7.006477604017876,42,2.3196543021222054
868f51977ffffff,CAJAMARCA,CELENDIN,-6.9965081802127616,-78.09711353649895,17997.768849675216,9.823638169932462,40,2.524182493941848
86b33578fffffff,MOQUEGUA,GENERAL SANCHEZ CERRO,-16.64178248178519,-71.27934195308264,17981.976878579826,5.247413374203253,14,1.3547007151579744
868f5439fffffff,CAJAMARCA,JAEN,-5.984670797666353,-79.14658169266708,17967.15334384906,9.806927451279629,36,1.8544234358591776
868e6e41fffffff,HUANCAVELICA,HUAYTARA,-13.827462872256367,-75.34332714411063,17948.120700951866,4.616132887992998,6,3.1618263786792498
868e6c487ffffff,AYACUCHO,HUAMANGA,-13.340681033134285,-74.39654663163586,17941.478705945152,5.7760697895419,44,1.1121703306740962
868f510a7ffffff,CAJAMARCA,CAJAMARCA,-7.5299554860580145,-78.52727019565306,17846.47724396258,9.74105937891216,47,2.851194817728419
86b326537ffffff,PUNO,LAMPA,-15.613087517405903,-70.41783315150491,17785.844389627488,10.593698276160792,28,0.9306638475481542
868f4e6dfffffff,UCAYALI,PADRE ABAD,-9.027004845173751,-75.63866707374964,17658.538860416982,3.5935661404997465,31,1.86883820185682
868f592efffffff,PASCO,DANIEL ALCIDES CARRION,-10.575482199367736,-76.28290772446194,17575.95655229289,6.809126030979739,42,3.44277563801486
868f596d7ffffff,LIMA,OYON,-10.631337704862888,-76.85528864568427,17497.8167604521,3.5828797505966445,56,2.4374124594764766
868e6c727ffffff,AYACUCHO,HUAMANGA,-13.398733713763116,-73.94177137979325,17445.359318221654,5.616349386647452,44,1.0456762018468506
868e6e297ffffff,AYACUCHO,LUCANAS,-14.153134020755004,-74.82557017223094,17416.428460379128,5.607035402181145,43,2.5125086202463827
868e6299fffffff,LIMA,LIMA,-11.94690774783886,-76.79130125314369,17362.521752005596,3.555176537518349,35,0.9604910537686855
868f5baa7ffffff,ANCASH,OCROS,-10.51323155656025,-77.34917894302517,17252.240815671204,10.985946148714032,10,3.444013634055315
868e62a2fffffff,LIMA,YAUYOS,-12.337694870138725,-76.30100973097836,17228.667146100983,3.527768263469916,38,2.6472365392190946
868f5571fffffff,CAJAMARCA,HUALGAYOC,-6.6441090198011805,-78.48059490649895,16894.549384728907,9.221473038455366,33,1.6973641140418134
868e45927ffffff,ICA,PISCO,-13.594470623528569,-75.72246366154847,16873.27699683928,2.293703094250659,1,0.8042282351076457
868e6c507ffffff,AYACUCHO,HUAMANGA,-13.103467088568785,-74.22933371851369,16859.45269902283,5.427722931820987,44,1.3314543576726954
86b330307ffffff,AREQUIPA,ISLAY,-16.97728149381031,-71.78305682350826,16853.874291034943,3.2511289294639933,11,0.843586896696747
868e6a24fffffff,AREQUIPA,CARAVELI,-15.373383972036558,-74.53520075916089,16773.231522738854,3.235572860133457,21,2.164687253888917
868f50b77ffffff,CAJAMARCA,SANTA CRUZ,-6.67113227785053,-78.79738801033659,16657.663928159687,9.092174955315617,33,3.548932063426046
868e61217ffffff,HUANCAVELICA,ANGARAES,-12.922360552434704,-74.56885407287865,16593.564227960935,4.267750303108463,46,2.608938664611771
868f540c7ffffff,CAJAMARCA,JAEN,-5.828703790255742,-79.25623327352645,16568.53904324932,9.04352833535905,36,3.1643752427996437
868e6c687ffffff,AYACUCHO,VICTOR FAJARDO,-13.69344494981959,-74.13458813875299,16539.278284018445,5.324646156701093,44,2.0308456925001237
868f736afffffff,AMAZONAS,BAGUA,-5.650915783662794,-78.4441729499689,16531.314636532683,4.7258616702442495,22,1.2411868126421555
868e61a8fffffff,HUANCAVELICA,CHURCAMPA,-12.634547790577631,-74.43890180917481,16358.021100142949,4.207170234756032,46,2.60643850084265
868b646d7ffffff,PUNO,MELGAR,-14.57085322172018,-70.66659281528213,16349.030676964689,9.737895727934466,39,1.693469053619737
868f5159fffffff,CAJAMARCA,CONTUMAZA,-7.516319077576088,-79.00889112507619,16340.492330119085,8.91905466229739,2,2.280887197928515
868f54d4fffffff,CAJAMARCA,SAN IGNACIO,-5.282906615480911,-79.30492268208118,16206.815736884711,8.846090591323257,41,1.801936302035393
868e697a7ffffff,AYACUCHO,PAUCAR DEL SARA SARA,-15.272921256818895,-73.22549545296641,16167.83624567089,5.205064311111395,29,3.7482420082113563
868e6a82fffffff,AYACUCHO,LUCANAS,-14.469594366549444,-74.72781502800893,16124.460292476291,5.19109988059002,43,2.2388088104226425
868f5036fffffff,CAJAMARCA,SAN PABLO,-7.119522500600187,-78.88463722828517,16122.515946943142,8.800077630433261,51,2.0924579913362167
868f518d7ffffff,CAJAMARCA,CAJAMARCA,-7.2890898285512895,-78.2935687048929,16026.503343655566,8.747671519302024,40,1.6734937512625518
868e6e58fffffff,HUANCAVELICA,HUAYTARA,-13.726148493087791,-75.4183248729229,15838.456088467256,4.07354169626958,6,3.2071143190159517
868f54b0fffffff,CAJAMARCA,JAEN,-5.511150356793899,-78.74323173714116,15837.449676371867,8.644481238461886,52,1.093400407235064
868e6125fffffff,HUANCAVELICA,ANGARAES,-13.067058875751664,-74.39336305293033,15794.896321254651,4.062338424496801,44,2.902480714978786
868e6126fffffff,HUANCAVELICA,ANGARAES,-13.002485232613822,-74.30407057460643,15760.56176417498,4.053507813160332,44,1.488050690088128
868f59647ffffff,PASCO,DANIEL ALCIDES CARRION,-10.55515965454037,-76.63784560145841,15715.576321414925,6.088393510965704,56,3.140327750330253
868e612f7ffffff,HUANCAVELICA,ANGARAES,-13.030511281245271,-74.55750533136865,15483.851795547607,3.982339917206268,46,2.883333166377066
868e6172fffffff,HUANCAVELICA,HUANCAVELICA,-12.791139780907647,-74.8712578373308,15334.837490010374,3.9440144653089337,46,1.5134611587754783
86b326d8fffffff,PUNO,LAMPA,-15.384909020148086,-70.31882676303768,15329.843342993212,9.130842002148178,28,0.6764448027162906
868b66a47ffffff,PUNO,MELGAR,-14.595217363215092,-70.44356525601408,15224.380063318476,9.068025408253988,39,3.230800569153502
868e6c4afffffff,AYACUCHO,HUAMANGA,-13.33360725006927,-74.3331490668595,15176.723116357778,4.88598589521991,44,0.8681492041001427
868e6c65fffffff,AYACUCHO,VILCAS HUAMAN,-13.772317008564752,-73.86971137949874,15040.23721545665,4.842045699330026,44,1.9764439307714314
868e63dafffffff,LIMA,YAUYOS,-12.599856453117804,-76.17806425957933,15010.273353578545,3.0735265539532035,38,3.3499133898924685
868b66acfffffff,PUNO,AZANGARO,-14.47276805147867,-70.33235166878958,14973.169687352569,8.918398161521987,39,1.0180160471770279
868f40c4fffffff,SAN MARTIN,SAN MARTIN,-6.347217768583547,-76.34790414892778,14928.816592020516,3.251332148236582,57,2.541585497250248
868f51b9fffffff,CAJAMARCA,SAN MARCOS,-7.43927117505211,-78.11989763540547,14879.96300602492,8.121860758079867,40,1.317146592487473
868e6c6cfffffff,AYACUCHO,VICTOR FAJARDO,-13.837057230468636,-73.95890878303094,14791.618281634686,4.762005456477506,44,1.8020905034790846
868e62b77ffffff,LIMA,HUAROCHIRI,-12.22238031097102,-76.24801153271342,14730.585020000744,3.016257142541896,38,3.8144375531704826
868e6c42fffffff,AYACUCHO,HUAMANGA,-13.261892936290684,-74.18049922017897,14709.888372507216,4.735693374471871,44,1.119129406667159
868f54ba7ffffff,CAJAMARCA,JAEN,-5.469760601875628,-78.9061027987821,14687.284040899733,8.016691697839322,41,0.7419215064473472
86b32654fffffff,PUNO,PUNO,-15.798674319977149,-70.20661291111004,14686.39916796186,8.74759039494247,28,1.1748190024535234
868e63c1fffffff,LIMA,YAUYOS,-12.75964078087735,-76.12978818875236,14679.532927937402,3.0058036380056747,13,3.3279308819902504
868e6c64fffffff,AYACUCHO,VILCAS HUAMAN,-13.765049455602869,-73.80643184158315,14665.196723076971,4.721305369427823,44,2.7626384232510937
868e6ea67ffffff,AYACUCHO,VICTOR FAJARDO,-13.707788787866706,-74.26140079414239,14662.854750013774,4.720551395907581,44,1.5504632421954494
868e6c69fffffff,AYACUCHO,VICTOR FAJARDO,-13.750948418260505,-74.16053912564271,14659.38234632388,4.719433492172943,44,1.8405715341812097
868e61bb7ffffff,AYACUCHO,HUANTA,-12.367458748999177,-74.49893193733278,14605.680418100095,4.702144722928368,27,2.1886649507497458
868e6e937ffffff,HUANCAVELICA,ANGARAES,-13.102010924583425,-74.71044893092021,14558.249077104763,3.744281280259774,46,1.3833351484279215
868e6c0dfffffff,APURIMAC,CHINCHEROS,-13.44184407249829,-73.84115022523969,14504.883078014467,3.814754625831603,44,1.8454083679389195
868f54b8fffffff,CAJAMARCA,JAEN,-5.578846697450973,-78.89625089330633,14203.981566157643,7.7528929637765245,52,1.708629038945277
868e6a8a7ffffff,AYACUCHO,LUCANAS,-14.491022486693227,-74.91919942543105,14140.02816691026,4.552232893217334,43,1.9137781547004682
868e641b7ffffff,PASCO,PASCO,-10.582706081474605,-75.80173147346486,14020.226087288236,5.431595493943202,42,3.83593555017469
868e6e60fffffff,AYACUCHO,LUCANAS,-14.17434735874739,-75.01686942416806,13759.74097230871,4.4298034428867,43,1.6358751937701927
868e64587ffffff,PASCO,PASCO,-10.678229208142112,-76.20860682662169,13753.490127948531,5.328258941037273,42,3.006021004446106
868e6c477ffffff,AYACUCHO,HUAMANGA,-13.312306169803271,-74.1431091655485,13685.85450107614,4.406016472964266,44,0.5865410982338888
868f55d97ffffff,CAJAMARCA,CUTERVO,-5.895664244802913,-78.74016176014794,13628.49382858428,7.43877717796034,22,2.568808871582291
86b3355afffffff,AREQUIPA,AREQUIPA,-16.243998115234213,-71.51680234011717,13626.641141786742,2.628592480427638,14,1.0138210212094658
868b60d77ffffff,PUNO,MELGAR,-14.464703337202796,-70.67900668908388,13613.882561406635,8.108772407046207,39,2.2988117434885895
86b324557ffffff,PUNO,MOHO,-15.23980548738064,-69.27017339900713,13613.615630541071,8.108613416278693,54,1.6971592565208087
868f51c9fffffff,CAJAMARCA,CONTUMAZA,-7.280984885175499,-78.83801086019275,13586.875404903416,7.416060788008974,51,1.26549539225569
868f596dfffffff,LIMA,OYON,-10.68284357696899,-76.81813312864598,13356.531214173268,2.734903781461075,56,1.8389397516749173
868e662dfffffff,LIMA,HUAROCHIRI,-11.806116301382348,-76.48268285130233,13349.748319008546,2.733514905461925,35,3.8042680542506027
868f73797ffffff,CAJAMARCA,JAEN,-5.495324863165549,-78.5538144774862,13301.265217319711,7.260167512353337,22,1.034623086718799
868e64547ffffff,PASCO,PASCO,-10.704299783509716,-75.91760287719089,13259.417760874989,5.136849670889221,42,3.950608173148684
868f73667ffffff,AMAZONAS,UTCUBAMBA,-5.629622189492883,-78.19180203243073,13170.455975859217,3.765081873065549,22,0.621754198426979
868e61657ffffff,HUANCAVELICA,ANGARAES,-13.06524934644026,-74.8748562556918,13142.661870052514,3.38020201139518,46,2.0640070077493062
868f50377ffffff,CAJAMARCA,SAN MIGUEL,-7.072920129008028,-78.98483907024982,13094.763919988713,7.1474538730380965,50,1.8595678786981436
868f5022fffffff,CAJAMARCA,SAN MIGUEL,-7.187797179325592,-79.03849961045448,13055.424603469584,7.125981477511505,51,1.3115898903355327
86b33569fffffff,MOQUEGUA,GENERAL SANCHEZ CERRO,-16.812794816769326,-71.35496093813474,13013.888439082188,3.797649875024325,14,1.5494211300166183
868e6174fffffff,HUANCAVELICA,ANGARAES,-12.943183556347517,-74.75913944501198,12819.117399898914,3.2969886045828947,46,1.5770432752213657
868b64697ffffff,PUNO,MELGAR,-14.660556930949012,-70.53021092517284,12808.366024835665,7.628986406564412,39,2.736488476650361
868f55c1fffffff,AMAZONAS,UTCUBAMBA,-6.046084112362814,-78.56717732235231,12752.26343068294,3.645531785036677,22,2.2664267529219844
868e637afffffff,ICA,CHINCHA,-13.360361875001615,-76.10173446790337,12740.626462642043,1.73192287103021,1,1.155453183737134
868e62b57ffffff,LIMA,HUAROCHIRI,-12.280037776237174,-76.27450432741881,12645.10928366643,2.5892319377197266,38,3.2662951938149343
868f72357ffffff,CAJAMARCA,SAN IGNACIO,-4.800350003681196,-78.77592641674404,12540.436617552945,6.844887988770615,52,1.1050273593774906
868e6c68fffffff,AYACUCHO,VICTOR FAJARDO,-13.743752576039736,-74.09715007589513,12518.614215057809,4.030235777085912,44,1.0454371854388056
868e6298fffffff,LIMA,LIMA,-11.940564588799706,-76.72738409509775,12386.309669271255,2.536239732430755,35,0.706579103159319
868f55947ffffff,AMAZONAS,BONGARA,-5.8833242470319975,-77.9458312978278,12295.995201949712,3.515096875234921,22,1.293378634697397
868e69557ffffff,AYACUCHO,PAUCAR DEL SARA SARA,-15.009162215832974,-73.28660766526855,12244.232655895275,3.941901528796726,29,3.977286719042911
86b326887ffffff,PUNO,HUANCANE,-15.439606005561096,-69.93493615472225,12174.329680610008,7.251338341074545,28,0.6640330422449588
868e6c0d7ffffff,AYACUCHO,HUAMANGA,-13.391546526916628,-73.87853751585297,11962.503879965205,3.8512019215812354,44,1.5104548056236036
868e6aad7ffffff,AYACUCHO,LUCANAS,-15.000810483814783,-74.60711280287612,11961.000353377309,3.850717877058236,21,2.046337366845648
868f5014fffffff,CAJAMARCA,SANTA CRUZ,-6.812757011549963,-79.16820129338352,11672.95498743769,6.37139453941624,50,1.9223260692003779
868f540d7ffffff,CAJAMARCA,JAEN,-5.833949431887596,-79.31956402334774,11517.791473266889,6.2867023626736405,36,2.3826356073999557
868f50877ffffff,CAJAMARCA,CHOTA,-6.47387919097836,-79.07074982510913,11419.146031947022,6.232859181847526,33,1.9726160919348095
868f552dfffffff,CAJAMARCA,CELENDIN,-6.939124736927047,-78.07053690999251,11414.000462311486,6.230050599589364,40,2.9099136041992764
868e6c697ffffff,AYACUCHO,VICTOR FAJARDO,-13.70062370566674,-74.19798160062848,11384.055354523234,3.664976521358049,44,2.0166851417191807
868e6944fffffff,AYACUCHO,PAUCAR DEL SARA SARA,-15.215594920357674,-73.19973442161738,11272.382085018631,3.629024490376836,29,3.5047798667966124
868f4ac37ffffff,HUANUCO,LEONCIO PRADO,-9.154291297582189,-75.81690867250553,11230.358988278142,3.773492101949479,31,1.1619090055974333
868e6a947ffffff,AYACUCHO,LUCANAS,-14.40494138381765,-74.63789618229482,11107.417637315097,3.575915926788199,43,3.170923892506265
868b64687ffffff,PUNO,MELGAR,-14.668765687721,-70.59217461916386,11057.052159184952,6.585859621401472,39,2.0539549267034563
868e6171fffffff,HUANCAVELICA,HUANCAVELICA,-12.855592549733853,-74.96088179856505,10998.225172728462,2.8286676792123315,46,2.6764345780764263
868e63377ffffff,HUANCAVELICA,CASTROVIRREYNA,-13.292920270946832,-75.4628141692747,10858.521859342143,2.7927369502948483,1,2.405578018731606
868e6a81fffffff,AYACUCHO,LUCANAS,-14.534233001322376,-74.81781384445193,10856.48325639219,3.495130250169141,43,1.9283463954143458
868e6e6cfffffff,AYACUCHO,LUCANAS,-14.339820383177097,-75.03188153187406,10764.90477266692,3.46564752347269,43,1.0140836491157
868f4e6d7ffffff,UCAYALI,PADRE ABAD,-8.975633767705983,-75.67562287281736,10741.442296341063,2.185916039904538,31,2.1397489688570746
868f59257ffffff,PASCO,DANIEL ALCIDES CARRION,-10.517840675670262,-76.25655149429127,10714.605355266922,4.1509603200916665,42,3.6647752727703113
86b335757ffffff,MOQUEGUA,GENERAL SANCHEZ CERRO,-16.616384128588233,-71.09132838780567,10512.18212206734,3.067614057779449,14,2.540970397096902
868e62827ffffff,LIMA,HUAROCHIRI,-11.92783999258816,-76.59960897684304,10487.003646908735,2.147334923283976,35,0.320666082248616
868e6155fffffff,HUANCAVELICA,HUANCAVELICA,-12.594941995285083,-75.08418740161287,10435.623316028908,2.6839703609343792,46,3.0682641986648953
868f5408fffffff,CAJAMARCA,JAEN,-5.781949606991342,-79.35609579782029,10391.21044402629,5.671785897593612,36,2.6369114193051444
868e633a7ffffff,HUANCAVELICA,CASTROVIRREYNA,-13.262464451647151,-75.69170640175308,10329.509331196978,2.656678575715179,1,2.2644106084243276
868f55d57ffffff,AMAZONAS,UTCUBAMBA,-5.926261092739605,-78.45075783074765,10215.585061675823,2.9203631376905026,22,3.759678818481744
868e618cfffffff,HUANCAVELICA,CHURCAMPA,-12.374337646951968,-74.562200390113,10151.547548473836,2.6109080322849363,27,2.1216093171895793
868e6c0c7ffffff,APURIMAC,CHINCHEROS,-13.384346195389044,-73.81533003791995,10099.686598498058,1.809143718846343,44,2.7639837339998157
868f4ac77ffffff,UCAYALI,PADRE ABAD,-9.250904624036068,-75.67987492205863,9918.354850476631,2.0184152517867275,31,1.0860419075145187
868e64467ffffff,PASCO,PASCO,-10.813211976229926,-75.90670834711912,9821.60698066088,3.805002564673834,42,1.6698985639227542
868b60d4fffffff,PUNO,MELGAR,-14.366617751862842,-70.7533997524208,9688.050838715952,5.770447847239536,39,2.751840589395428
868e62d1fffffff,LIMA,LIMA,-11.920745279369374,-77.0844656214557,9644.648976600898,1.9748530912712097,24,0.958814027040897
868e6ea47ffffff,AYACUCHO,VICTOR FAJARDO,-13.765298923401602,-74.28739455411552,9642.557352426618,3.104319612118753,44,2.0673145976053453
868e64567ffffff,PASCO,PASCO,-10.646671406797095,-75.89134530271392,9577.143733857689,3.7102947146360346,42,2.888544153270882
868e63cc7ffffff,LIMA,CAÑETE,-12.868317672404125,-76.11888508357296,9522.19975623751,1.9497802014288657,13,1.0606257835039419
868e6ea37ffffff,AYACUCHO,VICTOR FAJARDO,-13.621260772495614,-74.46321406908785,9499.864642163728,3.0583811994357326,44,3.6289671945391535
868e6c767ffffff,APURIMAC,CHINCHEROS,-13.492119754777294,-73.80375940293594,9227.45849136856,1.652902632944803,44,2.0713872863785183
868e66ce7ffffff,LIMA,HUAURA,-10.971218783214692,-76.95092439115233,9222.83300507516,1.888481407103523,56,0.9947794953526792
868b646cfffffff,PUNO,MELGAR,-14.52999498349887,-70.76582568661757,9203.05402009276,5.481571488668202,39,1.7639666438252246
86b33570fffffff,MOQUEGUA,GENERAL SANCHEZ CERRO,-16.567859589168187,-71.12883633865134,9123.670850375442,2.662425425489123,14,1.5529155291337726
868f5405fffffff,CAJAMARCA,JAEN,-5.818194271613977,-79.12961111492075,8891.379278661941,4.853140052789722,36,3.8091153132199107
868b66a6fffffff,PUNO,MELGAR,-14.603431682808068,-70.50547133577174,8765.38875500884,5.22088699921214,39,2.520585146147745
868e6e59fffffff,HUANCAVELICA,HUAYTARA,-13.733027875951306,-75.48218812186573,8686.146018345176,2.234016863005948,6,2.514077326782729
868f5595fffffff,AMAZONAS,BONGARA,-5.940523276078313,-77.97228951433901,8421.906825590098,2.407598399311125,22,1.0388161604051007
868e6e65fffffff,AYACUCHO,LUCANAS,-14.27523884250252,-74.94179269989276,8404.957557674492,2.705887414685535,43,1.485884994711938
868e6160fffffff,HUANCAVELICA,HUANCAVELICA,-13.014579144908495,-74.91225237476948,8404.024395079894,2.161457126793578,46,2.1925524735021
868f50257ffffff,CAJAMARCA,CONTUMAZA,-7.297288812517893,-79.02863640141453,8100.510771370248,4.421463986688429,51,2.1125855256150605
868f552e7ffffff,AMAZONAS,CHACHAPOYAS,-6.824387502945483,-78.01741880687852,8066.522147923691,2.3060034043998168,40,2.7988905602800074
86b331577ffffff,MOQUEGUA,ILO,-17.356876613373814,-71.41898590407922,8065.320200330381,2.3535826662562034,11,1.037664560653489
868e621a7ffffff,LIMA,LIMA,-12.235295193954366,-76.92457293795846,7982.506763831132,1.634510306895702,38,0.9730905540765209
86b3356dfffffff,MOQUEGUA,GENERAL SANCHEZ CERRO,-16.901309214347243,-71.21707079928575,7875.269206289419,2.2981229059281203,14,2.366217226152881
86b335677ffffff,MOQUEGUA,GENERAL SANCHEZ CERRO,-16.72186488346464,-71.07892972911374,7835.133099771932,2.2864105817743066,14,2.3894927557198984
868e69467ffffff,AYACUCHO,PAUCAR DEL SARA SARA,-15.10858920261014,-73.21153019510335,7709.48231888184,2.4819864987128986,29,3.3951528270882
868b66357ffffff,PUNO,AZANGARO,-14.350336363558672,-70.22132398963171,7482.863450210324,4.456982524792009,39,1.06408435037878
868e6ea2fffffff,AYACUCHO,VICTOR FAJARDO,-13.66455945878357,-74.3622926460932,7450.715643184831,2.3986792974208218,44,1.8763173180785413
868e612dfffffff,HUANCAVELICA,ANGARAES,-13.138633360519073,-74.54614962867714,7388.030083456419,1.900150395351205,46,2.179349872723788
86b33560fffffff,MOQUEGUA,GENERAL SANCHEZ CERRO,-16.7303706103707,-71.1415834169561,7278.471786758755,2.1239683743056474,14,2.0710974741253074
868e618dfffffff,HUANCAVELICA,TAYACAJA,-12.381204237572431,-74.62549355537155,7254.84797218672,1.8658968746529736,27,1.6127284846278835
868e62c6fffffff,LIMA,LIMA,-12.119941787000478,-76.8712269474513,7133.135837106947,1.4605918154766069,35,1.3415301738828522
868e6ea57ffffff,AYACUCHO,HUANCA SANCOS,-13.772453502215418,-74.3508606531179,7088.864122094001,2.282185017683447,44,1.2154425484901032
868e6338fffffff,HUANCAVELICA,CASTROVIRREYNA,-13.370896372453906,-75.6806605487021,7029.709459676016,1.8079928016154347,1,2.0487678980289887
868f51c47ffffff,CAJAMARCA,CAJAMARCA,-7.253656624643059,-78.52058728651579,7016.968477197902,3.830039153495301,40,0.8226052355332897
868e63c0fffffff,LIMA,YAUYOS,-12.753046801421954,-76.06590841499765,6605.250295586786,1.3525011637548394,13,3.3279308819902504
868e6eb5fffffff,AYACUCHO,VICTOR FAJARDO,-13.65742505540556,-74.29884368670731,6479.599793269438,2.086038794663214,44,0.9231727320215821
868f51c6fffffff,CAJAMARCA,CAJAMARCA,-7.248167942809413,-78.45714677981613,6364.250183077698,3.473768973458616,40,0.6670485900922303
868e633afffffff,HUANCAVELICA,CASTROVIRREYNA,-13.313299763103776,-75.65425744311928,6305.053341119313,1.6216162445880715,1,2.1877239131854136
868f4ac07ffffff,UCAYALI,PADRE ABAD,-9.205683242881491,-75.77992957858312,6184.71344627606,1.2586079179546756,31,1.0850847995456028
868e6aa37ffffff,AYACUCHO,LUCANAS,-14.77833174652292,-74.56614337660929,6139.8756851016615,1.9766682020756177,21,1.4398480636989697
868b64d97ffffff,PUNO,LAMPA,-15.564484705338884,-70.4551313610272,5833.252772292945,3.4744327277645883,28,0.9896681330251388
868f5020fffffff,CAJAMARCA,CONTUMAZA,-7.245248368973786,-79.06534704092479,5778.778496580085,3.15420369539936,51,1.4167482372538
868f502afffffff,CAJAMARCA,CONTUMAZA,-7.256058523759933,-79.19249393735434,5700.2262410341655,3.1113278843829786,51,1.8441090396290614
868e6146fffffff,HUANCAVELICA,HUANCAVELICA,-12.6965126428995,-75.00947542464058,5637.877860243829,1.4500233112305123,46,2.527282474860312
868e62d6fffffff,LIMA,LIMA,-11.95323810152694,-76.85523794381123,5608.954741247288,1.148498160630453,35,1.0118141398671125
868e6200fffffff,LIMA,LIMA,-12.44049046685979,-76.77517848521708,5595.427424121092,1.1457282864641578,38,0.5854877092772127
868f5ba07ffffff,ANCASH,OCROS,-10.501112596118077,-77.22161843896036,5584.206103675155,3.5559315565876943,49,3.5201955203039175
868e61787ffffff,HUANCAVELICA,HUANCAVELICA,-12.869291947457755,-75.08796975020066,5571.544889155888,1.432962928447311,46,2.3522087902759754
868e63387ffffff,HUANCAVELICA,CASTROVIRREYNA,-13.320065078972396,-75.7181168024704,5551.720261485092,1.427864170905608,1,2.0229339760411156
86b334127ffffff,AREQUIPA,CAYLLOMA,-15.435816576575938,-71.92831336753862,5499.616193966657,1.0608813736473943,37,1.0927555843484702
868f50267ffffff,CAJAMARCA,CONTUMAZA,-7.234407053519988,-78.93825468414533,5244.101829061891,2.8623636254732028,51,1.3580036516369025
868e61747ffffff,HUANCAVELICA,ANGARAES,-12.89252217682613,-74.79651660020053,5133.662211860732,1.3203425231456356,46,1.7261788508481453
868e6129fffffff,HUANCAVELICA,ANGARAES,-13.044446014015644,-74.684372216687,5116.03384839234,1.3158086296130596,46,1.4103540491097315
868e6a987ffffff,AYACUCHO,LUCANAS,-14.383149640926604,-74.93049955897288,4969.492631502488,1.5998757253303262,43,3.4127433897425377
868e62d37ffffff,LIMA,LIMA,-11.811635537338416,-77.09505583171635,4804.336555389754,0.9837433089516726,24,1.0016098874307342
868e6c0cfffffff,APURIMAC,CHINCHEROS,-13.434626571533297,-73.77794760899415,4733.256283365094,0.8478620392055913,44,1.9588603768800095
868f548b7ffffff,CAJAMARCA,SAN IGNACIO,-5.277715012883236,-79.24170042098453,4360.607154378568,2.380129850740188,41,1.1820176500980972
868e64387ffffff,JUNIN,TARMA,-10.992419232363076,-75.50445743442774,4205.2459001982215,1.4382674113980811,16,2.296712298865751
868e60cd7ffffff,JUNIN,YAULI,-11.709933469542454,-76.07379895181435,4134.73578893407,1.414151724084647,35,2.7719575486979244
868e61607ffffff,HUANCAVELICA,HUANCAVELICA,-12.96388889833386,-74.94964404264692,4021.855157332717,1.0343934148784282,46,2.5310940762287304
868e62c27ffffff,LIMA,LIMA,-11.972151987643386,-77.04716370660861,3859.848940928424,0.7903485789193416,24,1.0817181302916805
868e6144fffffff,HUANCAVELICA,HUANCAVELICA,-12.754106068783967,-75.03562725307421,3732.045191493725,0.9598562899689356,46,2.3822472935645846
868f552c7ffffff,CAJAMARCA,CELENDIN,-6.881751127988402,-78.04397199889611,3667.6460866725306,2.001894145422913,40,2.4227812683496457
86b3351afffffff,AREQUIPA,AREQUIPA,-16.18552405815681,-71.07830508352828,3619.1977708712952,0.6981468101129834,14,3.4202342484927697
86b33146fffffff,MOQUEGUA,ILO,-17.55874653994788,-71.33133715166325,3498.2309206461505,1.0208367991461758,11,1.4609866871318826
86b3356e7ffffff,MOQUEGUA,GENERAL SANCHEZ CERRO,-16.78735577264138,-71.16673189728681,3294.216731785245,0.9613023669541746,14,2.362144429690983
868e66697ffffff,LIMA,LIMA,-11.702507399165402,-77.10563935587295,3271.5403946823576,0.6698856202368597,24,0.5621754522093474
868e612d7ffffff,HUANCAVELICA,ANGARAES,-13.088069533310088,-74.58354011438433,3130.44436180146,0.8051287047438673,46,2.0422087154142554
868e64557ffffff,PASCO,PASCO,-10.710636715171097,-75.98103243586608,3129.384116682384,1.2123590990020257,42,3.3660462256079584
868e6a777ffffff,ICA,NASCA,-15.15904768980338,-75.04317238457287,3069.092202971163,0.4172032666691947,21,0.5650572039736211
868e6ea0fffffff,AYACUCHO,VICTOR FAJARDO,-13.722077763637913,-74.38831581643045,2961.464829612595,0.9534123588959242,44,1.093577093231756
868e61b37ffffff,AYACUCHO,HUANTA,-12.296103401602965,-74.34656272004476,2880.116937529851,0.9272232632476176,27,2.41317796376376
868e628cfffffff,LIMA,HUAROCHIRI,-12.20341216308933,-76.60470778103894,2803.475806877462,0.5740439985890745,38,3.0663471962039863
868f55857ffffff,AMAZONAS,LUYA,-6.054957451204937,-78.02524096256892,2729.617467116326,0.7803247863764496,22,1.8367541055280658
868f5085fffffff,CAJAMARCA,SANTA CRUZ,-6.583241508687098,-79.06091777463526,2700.4911812783685,1.473996497429786,33,2.508528612110049
868f5084fffffff,CAJAMARCA,SANTA CRUZ,-6.577891293574142,-78.99749319501915,2222.908957737051,1.2133200213816804,33,2.7762576859010286
868e64c57ffffff,PASCO,PASCO,-10.473808706034756,-75.81264805673032,2164.460990654212,0.8385368745453069,16,3.5572285023769616
868e6175fffffff,HUANCAVELICA,ANGARAES,-12.95009846342116,-74.82261680823389,2158.354395494128,0.5551138681865615,46,1.66632167803351
868f08b87ffffff,TUMBES,CONTRALMIRANTE VILLAR,-4.143293703005312,-80.83693575048284,2152.457541347091,0.3177437566062941,7,3.0868484807079652
868f59687ffffff,LIMA,CAJATAMBO,-10.52828599252302,-76.9295815083756,2014.1136513052847,0.412412995029874,49,1.9954535474621728
868e62d0fffffff,LIMA,LIMA,-11.914467737329986,-77.02047107193417,1817.9614548661625,0.3722485709603977,24,1.1138797021872915
868b66cb7ffffff,PUNO,HUANCANE,-14.941070152427285,-69.4312178696429,1522.850160299985,0.9070480301418528,54,2.2877082431381384
868f0d517ffffff,TUMBES,TUMBES,-3.683300349835626,-80.55799433493522,1424.3851660960445,0.2102663977503544,7,0.7725700018894484
86b324527ffffff,PUNO,HUANCANE,-15.0862413675898,-69.32001090421988,1316.027643244748,0.7838593136321618,54,2.4190051984730827
868e6162fffffff,HUANCAVELICA,ANGARAES,-12.957000257257866,-74.88611838818993,1278.114205690369,0.3287221608212976,46,1.8642490382523864
868f5035fffffff,CAJAMARCA,CONTUMAZA,-7.182382687584896,-78.97496299068202,988.9566401732636,0.5397975871320045,51,1.2012964003791462
868f5eccfffffff,LA LIBERTAD,VIRU,-8.543444438970033,-78.75534163507523,977.0650046624464,0.2547526326467312,12,0.39116134196715624
868e60ca7ffffff,JUNIN,YAULI,-11.549841947433912,-76.12193367361888,863.0540412783093,0.2951795284521877,35,1.994309030204387
868e62817ffffff,LIMA,LIMA,-11.991883746003488,-76.69007795994871,650.1506887201388,0.1331258504613384,35,0.9749446897860642
868f5b00fffffff,LIMA,BARRANCA,-10.595022769825446,-77.63125858080073,604.1910482551157,0.1237150841113896,10,1.3777707665061474
868e61677ffffff,HUANCAVELICA,ANGARAES,-13.00767423740118,-74.84873002710607,576.6239790067583,0.1483037114497071,46,1.700773427606961
868e62d57ffffff,LIMA,LIMA,-11.965860255600449,-76.98316932132076,563.7956111423351,0.1154436525591402,35,1.3087586832844833
868e61447ffffff,HUANCAVELICA,HUANCAVELICA,-12.703333622816372,-75.07299316941082,517.0821972634491,0.1329899757391815,46,2.86807083867449
868b64cb7ffffff,PUNO,LAMPA,-15.458794872416028,-70.46763582390518,233.11264704040832,0.1388477821465397,28,1.4259363464763495
868e6041fffffff,LIMA,HUAROCHIRI,-11.998223828548673,-76.20591925634501,223.6756609925125,0.0458001708123206,35,3.78494520485307
868e6686fffffff,PASCO,PASCO,-10.9088281076466,-76.31410195689786,191.63472987947725,0.0742414800457555,42,2.944259177422231
868e6128fffffff,HUANCAVELICA,ANGARAES,-13.037485205426036,-74.62092643232828,160.97620281824018,0.0414019693980607,46,2.296775456225456
868e62c57ffffff,LIMA,LIMA,-12.132597959720226,-76.99923328328205,127.91111207529502,0.0261912751519196,38,1.0983342254452797
868f53ae7ffffff,LA LIBERTAD,TRUJILLO,-8.069635791694596,-79.02312172610151,96.20326306471584,0.0250833203706946,2,0.5169543538112155
868e62c4fffffff,LIMA,LIMA,-12.177618855406289,-76.89789372516867,56.908089435408826,0.0116525875241821,38,1.1213909044456447
86b33001fffffff,AREQUIPA,ISLAY,-16.856101703720732,-72.08525168090947,48.70714594175169,0.0093956563641326,11,1.2023751369946463
868e62c67ffffff,LIMA,LIMA,-12.068597421558032,-76.90854722896887,46.1985343887342,0.0094596826355359,35,1.1956726962763093
868e628a7ffffff,LIMA,LIMA,-11.998241338557415,-76.75399452082664,24.920031313397345,0.0051026637665337,35,0.718374443942134
868f5e757ffffff,ANCASH,SANTA,-9.028213197639587,-78.61460041164432,3.990715120734962,0.002541222434794,12,1.0832334927754894
868f5615fffffff,LAMBAYEQUE,LAMBAYEQUE,-6.125577982397928,-80.18854321521519,4315768.262347482,969.3717818575846,-1,
86b304457ffffff,TACNA,TACNA,-18.18680416319234,-70.49046962416766,2398653.359430876,728.3194040048361,-1,
86b304717ffffff,TACNA,TACNA,-18.273167512573128,-70.35262629984656,1482521.370857013,450.1480286852296,-1,
868f439afffffff,SAN MARTIN,BELLAVISTA,-7.217601980143415,-76.26269168228046,1378917.1113194383,300.3129890538513,-1,
868f4a2dfffffff,PASCO,OXAPAMPA,-10.147759106662528,-75.30268630081945,1292058.3270995286,500.5581324932105,-1,
868f4315fffffff,SAN MARTIN,BELLAVISTA,-7.710548226213327,-76.2460426773468,1287388.9773414894,280.37916759946546,-1,
868f4a00fffffff,HUANUCO,PUERTO INCA,-9.616387614222706,-75.48391632091317,1008925.3309899574,339.00712986300454,-1,
868f4a2afffffff,PASCO,OXAPAMPA,-9.987773882510966,-75.35079074276734,1004245.0178216918,389.05597382347486,-1,
868e64d37ffffff,HUANUCO,PACHITEA,-10.153330511124723,-75.90865514231291,975957.7533237909,327.929755215094,-1,
868f462afffffff,SAN MARTIN,MOYOBAMBA,-6.299811081121922,-77.04931377882767,973386.5663847324,211.9928941748736,-1,
868f436dfffffff,SAN MARTIN,TOCACHE,-8.348256901980971,-76.5972752296877,951438.2315061588,207.21278810611045,-1,
868f4b0c7ffffff,PASCO,OXAPAMPA,-10.402702385849338,-74.5761718188176,923981.797387114,357.96108678473496,-1,
868f4b037ffffff,PASCO,OXAPAMPA,-10.185648121097238,-74.59866786467067,908049.5895254244,351.7887677442752,-1,
868e64697ffffff,JUNIN,JUNIN,-11.210327899988528,-76.02733916745936,895983.6898810698,306.44204236413475,-1,
868f4b757ffffff,PASCO,OXAPAMPA,-10.575310420773532,-74.6536977788945,874832.1896624224,338.9199681762014,-1,
868f42017ffffff,SAN MARTIN,MARISCAL CACERES,-7.044588070534398,-77.39143849412693,874171.9015719037,190.38503079909293,-1,
868b6d177ffffff,JUNIN,SATIPO,-12.182954295033753,-73.81617670820916,837457.9779214384,286.42522854679265,-1,
868f46177ffffff,SAN MARTIN,MOYOBAMBA,-5.75564390832632,-77.10134782989181,770389.4763246449,167.7823594119496,-1,
868f42947ffffff,SAN MARTIN,HUALLAGA,-6.569312415804218,-76.99176479222255,721810.1320125816,157.20231223081612,-1,
868f5694fffffff,LAMBAYEQUE,LAMBAYEQUE,-5.719483609117101,-79.93614820060984,710485.4514816436,159.58330156309933,-1,
868f4a177ffffff,HUANUCO,PUERTO INCA,-9.44379259678997,-75.40583966687247,698152.5173102812,234.5849329283476,-1,
868b69b67ffffff,JUNIN,SATIPO,-11.0776880980028,-74.21957453233765,660173.6236974217,225.79088865738507,-1,
868f436b7ffffff,SAN MARTIN,TOCACHE,-8.141779615713931,-76.74480382980592,655738.5852991377,142.81265565026993,-1,
868f56b77ffffff,LAMBAYEQUE,LAMBAYEQUE,-5.979831075520039,-79.75362991099449,626168.8565728597,140.64481300708164,-1,
868f09097ffffff,PIURA,PIURA,-5.04264900932393,-80.40970602431133,621653.568088938,159.00313427836343,-1,
868b6160fffffff,CUSCO,PAUCARTAMBO,-12.910373769523426,-71.64497224580725,621106.6234434919,293.4576235095951,-1,
868f46c1fffffff,SAN MARTIN,MOYOBAMBA,-5.570610904866838,-77.49909400948576,598276.281383702,130.2979975137464,-1,
868f4a72fffffff,HUANUCO,PUERTO INCA,-9.79530148875179,-75.62524263498189,598206.1649710712,201.00214438487163,-1,
868b69a67ffffff,UCAYALI,ATALAYA,-10.91181113024202,-74.20519661225282,582303.6078202229,118.5005478139647,-1,
868b65cb7ffffff,CUSCO,ESPINAR,-14.8315272468372,-71.42578727893712,573669.1095425788,271.04456338573726,-1,
868f4a55fffffff,HUANUCO,PACHITEA,-9.596167875567575,-75.83655016861809,546828.4005917009,183.7387970329541,-1,
868f5d297ffffff,HUANUCO,HUAMALIES,-9.324201908877242,-76.43811589263233,544755.4023665374,183.04225274276936,-1,
868f4aa9fffffff,HUANUCO,PUERTO INCA,-9.648825342427164,-75.2578035862355,532254.1689205971,178.8417364705718,-1,
868f4a397ffffff,HUANUCO,PUERTO INCA,-9.834039048005568,-75.4619490084229,522435.4521460003,175.54256765157928,-1,
868f434d7ffffff,SAN MARTIN,TOCACHE,-7.935167435508687,-76.8922386251207,519499.1521134024,113.14120471884956,-1,
868b6d30fffffff,JUNIN,SATIPO,-11.821918574898069,-74.0137964622671,510567.0862610023,174.6228446396104,-1,
868f4b497ffffff,PASCO,OXAPAMPA,-10.358858499731353,-75.21745038091123,492955.16187502176,190.97645211185696,-1,
868f5d907ffffff,SAN MARTIN,TOCACHE,-8.318710787835755,-76.28168053294823,490005.225358905,106.71775168467616,-1,
868b6d01fffffff,JUNIN,SATIPO,-12.003413170393562,-73.67620478893764,481630.2591401037,164.7259452846198,-1,
868f5442fffffff,PIURA,HUANCABAMBA,-5.693569226171204,-79.61917466417904,467285.66668717546,119.51976055574684,-1,
868f738dfffffff,AMAZONAS,CONDORCANQUI,-5.012240887543885,-78.0268121665992,465317.1596794087,133.02175766325317,-1,
868f4614fffffff,SAN MARTIN,MOYOBAMBA,-5.858951675155542,-77.02813270788694,465228.49631103873,101.32165245705669,-1,
868f4344fffffff,SAN MARTIN,TOCACHE,-7.911950256983362,-76.63969860496663,464143.6332017192,101.08538119724015,-1,
868f5d8b7ffffff,SAN MARTIN,TOCACHE,-8.503020717479878,-76.48656834393793,457930.8986781988,99.7323159117052,-1,
86b304547ffffff,TACNA,TACNA,-18.01667765772732,-70.4154884623185,457565.29286187846,138.93365628684757,-1,
868f73d4fffffff,AMAZONAS,BAGUA,-4.810483412533015,-78.23567035143867,438660.30555512814,125.40127448178656,-1,
86b304cb7ffffff,TACNA,TACNA,-17.720687412064777,-70.57841239954791,424902.7273416037,129.01609977145358,-1,
868f4b61fffffff,PASCO,OXAPAMPA,-10.696966407806157,-74.76846152188102,420857.42612863536,163.04496697278074,-1,
868f43d6fffffff,SAN MARTIN,BELLAVISTA,-7.286452931242148,-76.41456485120565,417492.1046484711,90.92519109679876,-1,
868f43677ffffff,SAN MARTIN,TOCACHE,-8.169944520543764,-76.45540396549589,401227.3591503896,87.38290831806435,-1,
868b65c77ffffff,CUSCO,ESPINAR,-14.814318281654302,-71.7131203024964,401101.2866626701,189.5105058099206,-1,
868f5d9a7ffffff,SAN MARTIN,TOCACHE,-8.330554076108028,-76.4078586013908,394377.074208318,85.89099155966281,-1,
868b65c5fffffff,CUSCO,ESPINAR,-14.70777920373032,-71.72528553086708,394181.21482509526,186.24094184244643,-1,
868f73837ffffff,AMAZONAS,CONDORCANQUI,-4.737804928721504,-78.02060796160718,390877.5709557728,111.74146587566896,-1,
868f5451fffffff,PIURA,HUANCABAMBA,-5.589514760778036,-79.69216172969429,379216.22307436256,96.9938421223704,-1,
868f40a27ffffff,SAN MARTIN,SAN MARTIN,-6.462082959545206,-75.79943209444612,375901.6597287413,81.86724937760997,-1,
86b331327ffffff,TACNA,JORGE BASADRE,-17.537465286938772,-70.79135182256488,369739.4045175792,112.2664855580632,-1,
868f702cfffffff,AMAZONAS,CONDORCANQUI,-4.608211011101089,-77.77949141256138,366730.0529294672,104.83833491596536,-1,
868f5d9b7ffffff,SAN MARTIN,TOCACHE,-8.336463328389346,-76.47097768451772,361637.7820093499,78.76073360646967,-1,
868f562b7ffffff,LAMBAYEQUE,LAMBAYEQUE,-6.516596486546936,-80.25077144150129,357241.8294944218,80.24067275167076,-1,
868f4351fffffff,SAN MARTIN,MARISCAL CACERES,-7.653754052575163,-76.82384908640755,348447.59526551125,75.88805592722153,-1,
868b6092fffffff,CUSCO,CANAS,-14.57049491464234,-71.07644404983571,343525.21101057075,162.3072242892705,-1,
868f5d8afffffff,HUANUCO,MARAÑON,-8.548645841174281,-76.38649984449725,335464.8109418031,112.71890915438628,-1,
868b64347ffffff,CUSCO,ESPINAR,-14.872621006753292,-71.32604761630128,324509.120854467,153.32258877739025,-1,
868f40a5fffffff,SAN MARTIN,SAN MARTIN,-6.673573399376052,-75.71526572622757,324368.71547054284,70.64394059575243,-1,
868f73c17ffffff,AMAZONAS,BAGUA,-4.831369210539951,-78.48745332331258,317913.9143270508,90.88310368464708,-1,
86b334d37ffffff,AREQUIPA,CASTILLA,-15.098852282583753,-72.25336195660014,315438.0889007509,60.84831763730282,-1,
868b6596fffffff,AREQUIPA,CONDESUYOS,-14.992184172640425,-72.26540069752575,314686.4100081568,60.703318039514194,-1,
86b322977ffffff,PUNO,EL COLLAO,-16.3780001136193,-69.75910228859578,314303.8057765751,187.20728757684904,-1,
868b65cdfffffff,CUSCO,ESPINAR,-14.634625419678432,-71.57511478562718,311691.2033329877,147.2664375913974,-1,
868f73737ffffff,AMAZONAS,BAGUA,-5.370491353817405,-78.37453780631634,310998.2393971112,88.90609678629397,-1,
868f42b9fffffff,SAN MARTIN,MARISCAL CACERES,-6.9591545062232125,-77.04967903243109,307008.86122488405,66.86315516981448,-1,
868f73457ffffff,AMAZONAS,BAGUA,-5.329204191965114,-78.53719777571014,303271.12422497565,86.6971207782481,-1,
868b6dba7ffffff,JUNIN,SATIPO,-12.26142639148221,-74.03095542390244,294444.16286148585,100.70503698727876,-1,
868f73b9fffffff,AMAZONAS,CONDORCANQUI,-5.110437890650277,-77.89089626156286,292156.68788933964,83.51980004969117,-1,
868f7308fffffff,AMAZONAS,BAGUA,-5.308098620079329,-78.28498981398074,291367.48883285647,83.29418910142546,-1,
868e66b57ffffff,JUNIN,JUNIN,-11.114146970275074,-76.16532423752129,277460.82167819364,94.89643821795764,-1,
868f70307ffffff,AMAZONAS,CONDORCANQUI,-4.225785039637056,-77.78365376206791,272167.3123084181,77.80537104346863,-1,
86b32209fffffff,TACNA,CANDARAVE,-17.029986818653015,-70.21703013134916,271279.6692846122,82.37048770518336,-1,
868e6ba67ffffff,AREQUIPA,CARAVELI,-15.509864928086964,-73.39210834368782,270269.06737175176,52.1351689527523,-1,
868f5d957ffffff,SAN MARTIN,TOCACHE,-8.421766811727771,-76.20789235154595,270253.4346805345,58.85822730368563,-1,
86b304467ffffff,TACNA,TACNA,-18.121127032167063,-70.40286727454232,258689.6729676353,78.54770164985301,-1,
868b6da1fffffff,JUNIN,SATIPO,-12.052076566868768,-74.1169151828512,257912.08972107776,88.2104310794094,-1,
86b3204efffffff,PUNO,CHUCUITO,-16.59138267061003,-69.38731490891837,255494.08016791585,152.17872918210242,-1,
868e6525fffffff,JUNIN,SATIPO,-11.90694948860303,-74.29170431161673,252267.58627267144,86.27991249475677,-1,
868e69a37ffffff,AREQUIPA,LA UNION,-14.916736803803468,-72.52902520727227,251696.4880804144,48.55250013808399,-1,
868f7028fffffff,AMAZONAS,CONDORCANQUI,-4.510088311315899,-77.91517909112244,250100.2824410412,71.49699612476071,-1,
868b60957ffffff,CUSCO,CANAS,-14.464156136244496,-71.08875808799827,248217.12910370048,117.27649661390768,-1,
868b6db1fffffff,JUNIN,SATIPO,-12.21778700072949,-74.13129126003946,245025.96385512807,83.80315137876319,-1,
868f4a41fffffff,HUANUCO,HUANUCO,-9.666105523763076,-75.9891425904991,244277.9096393638,82.07936751327277,-1,
868f70677ffffff,AMAZONAS,CONDORCANQUI,-4.474015661849104,-78.14004106487783,238139.82683747253,68.07782106589084,-1,
868f5444fffffff,PIURA,HUANCABAMBA,-5.849649610221019,-79.50963314528553,232678.5088436541,59.51323065528342,-1,
868b6976fffffff,UCAYALI,ATALAYA,-10.577341176900182,-73.63798792897606,230549.94020478096,46.91761109812335,-1,
868f73557ffffff,AMAZONAS,BAGUA,-5.163169520056796,-78.52059869958022,230446.7500522855,65.87857572426405,-1,
868f0b95fffffff,PIURA,PAITA,-5.030878796231584,-80.95328750550485,229699.7010691867,58.75132756831311,-1,
868e64b57ffffff,PASCO,OXAPAMPA,-10.62093699550713,-75.0950190898916,229286.5378062008,88.82821987436857,-1,
868f54337ffffff,CAJAMARCA,JAEN,-5.807660593069872,-79.00304241382761,228590.15096820472,124.7702952003633,-1,
86b3045b7ffffff,TACNA,TACNA,-17.956636069712303,-70.74126842745126,225994.849126046,68.6203503213562,-1,
868b6c267ffffff,CUSCO,LA CONVENCION,-12.328018556331855,-73.16454901433193,225717.7489907049,106.6460921564684,-1,
868b62aafffffff,PUNO,CARABAYA,-13.477149680239204,-70.13653672722533,223480.4807674698,133.11062055859554,-1,
868f4a91fffffff,UCAYALI,PADRE ABAD,-9.053699271174944,-75.3498805323337,217643.1241193166,44.29103493386606,-1,
868e65adfffffff,JUNIN,SATIPO,-11.575280863856154,-74.26280426457132,217486.2364628414,74.3840844877531,-1,
868b65d8fffffff,CUSCO,ESPINAR,-14.896778520777628,-71.51335532476345,212004.87099719315,100.16709413010284,-1,
868f5c957ffffff,SAN MARTIN,MARISCAL CACERES,-7.739893865030895,-77.1659626274432,210445.8075143424,45.83278354419002,-1,
868b60347ffffff,CUSCO,QUISPICANCHI,-13.726551859162765,-71.23685702546148,208965.2877819592,98.73096572133316,-1,
86b331297ffffff,TACNA,JORGE BASADRE,-17.83907751546982,-71.042534667596,203324.14269842432,61.7366898170924,-1,
868b61d9fffffff,CUSCO,QUISPICANCHI,-13.742229373264198,-71.36115625205008,202263.8317619572,95.56469235786324,-1,
868f40b0fffffff,SAN MARTIN,SAN MARTIN,-6.404940497362004,-75.77354896121842,201899.7202697994,43.97153968547259,-1,
868f46287ffffff,SAN MARTIN,MOYOBAMBA,-6.305348637316192,-77.1122251749625,196857.03995479105,42.87329934469234,-1,
868e65217ffffff,JUNIN,SATIPO,-11.761546797632333,-74.46650864775383,196545.52719712385,67.22199684217127,-1,
868b64337ffffff,CUSCO,ESPINAR,-15.011745652871488,-71.15171131472022,196238.93538940704,92.71807680966984,-1,
86b336b9fffffff,AREQUIPA,CONDESUYOS,-16.079825563403222,-72.75065011500851,194613.8810886612,37.54120909868012,-1,
868e65747ffffff,JUNIN,HUANCAYO,-11.731033356629151,-74.69323236390368,193707.1986603016,66.25123899964885,-1,
868f5426fffffff,CAJAMARCA,CUTERVO,-6.119359241417686,-78.7836048127103,193413.2303248537,105.56984078742956,-1,
86b3361afffffff,AREQUIPA,CAMANA,-16.06997701418472,-73.10511061878348,192850.5313049641,37.20105719084305,-1,
868f4a457ffffff,HUANUCO,HUANUCO,-9.711305415730973,-75.88887535528461,192260.3785093924,64.6010533216484,-1,
868e66387ffffff,LIMA,CANTA,-11.48549003768538,-76.57871390606975,190582.26279137723,39.02391592769607,-1,
868f7326fffffff,SAN MARTIN,RIOJA,-5.643896510089832,-77.7141814438348,188838.78067875752,41.12701061535002,-1,
868e6b40fffffff,AREQUIPA,CARAVELI,-15.630655897848172,-74.41073229019715,185026.766985985,35.69184535767592,-1,
868b6916fffffff,JUNIN,SATIPO,-10.979675638460586,-73.81701705836002,184329.19259663383,63.04379743133744,-1,
868f5ebb7ffffff,LA LIBERTAD,SANTIAGO DE CHUCO,-8.49844659697411,-78.24583458588083,180165.95496320663,46.97512562743555,-1,
868f46cdfffffff,SAN MARTIN,RIOJA,-5.736573106840114,-77.51513949282656,179862.62191612693,39.172101907568354,-1,
868f46acfffffff,SAN MARTIN,LAMAS,-6.054463485244893,-76.75604591612483,179388.0524806917,39.06874590125063,-1,
868f099a7ffffff,PIURA,AYABACA,-4.415084979347626,-80.1134071147893,178032.11271740045,45.53607568164986,-1,
86b32079fffffff,PUNO,CHUCUITO,-16.7438813257816,-69.33723861240877,177843.89417160067,105.92831657799452,-1,
868f40c07ffffff,SAN MARTIN,LAMAS,-6.198130089717739,-76.52060587209986,177330.65556445712,38.62066746889774,-1,
868f43607ffffff,SAN MARTIN,TOCACHE,-8.124229069871067,-76.55537735711516,174940.31881678544,38.10007840110986,-1,
868f4a637ffffff,HUANUCO,PACHITEA,-9.916702338838371,-75.7406694638284,172784.943934976,58.05714865882321,-1,
868b6d267ffffff,JUNIN,SATIPO,-11.669907746031797,-74.12541280017184,172066.34969207982,58.849691369695975,-1,
86b33446fffffff,AREQUIPA,CAYLLOMA,-15.795105834967632,-72.20642527043118,169916.63737834673,32.77708649291601,-1,
868f082c7ffffff,PIURA,SULLANA,-4.807479881065718,-80.90829074743796,167067.2943770262,42.73155468730892,-1,
868e65437ffffff,JUNIN,JAUJA,-11.394549364250748,-75.14356144294833,156263.64170985136,53.44488973809384,-1,
868b614cfffffff,CUSCO,PAUCARTAMBO,-13.093736930632716,-71.3722436365045,155887.4299024154,73.65298160975644,-1,
868f50147ffffff,LAMBAYEQUE,CHICLAYO,-6.760714928412649,-79.20485038990715,155398.063772975,34.90421376213799,-1,
868f543afffffff,CAJAMARCA,JAEN,-5.922136746265891,-79.05650631782474,153724.2872951553,83.90661025439287,-1,
868e6b16fffffff,AREQUIPA,CARAVELI,-15.4485380346134,-73.78494298320082,153162.19947496962,29.54513894044424,-1,
868b614afffffff,CUSCO,PAUCARTAMBO,-13.242413919398544,-71.26086719158221,152722.16359240026,72.15747102582118,-1,
86b322637ffffff,TACNA,CANDARAVE,-17.248525158872127,-70.25406990752747,150741.2740632631,45.77059642779504,-1,
868f42c27ffffff,AMAZONAS,RODRIGUEZ DE MENDOZA,-6.6193167262878845,-77.55893708584023,150737.77263480282,43.09190633747568,-1,
868b6d8efffffff,CUSCO,LA CONVENCION,-12.305001308991702,-73.93065086273032,149808.71935068918,70.7809401837249,-1,
868b6d2a7ffffff,JUNIN,SATIPO,-11.69306940174322,-73.83652393012315,149633.76176938458,51.17735521427308,-1,
86b336c17ffffff,AREQUIPA,CARAVELI,-15.830487280817342,-73.35679904335363,148642.27462405595,28.673240990568985,-1,
868b6c01fffffff,CUSCO,LA CONVENCION,-12.657798081960342,-72.71609511018377,147685.62876044284,69.77783202871106,-1,
868e62b4fffffff,LIMA,YAUYOS,-12.324682942774816,-76.17333245750928,147176.00935216623,30.13598501461701,-1,
868f4e6e7ffffff,UCAYALI,PADRE ABAD,-8.9120196476417,-75.58660298832187,146753.37768999778,29.864756831771864,-1,
868f55bb7ffffff,AMAZONAS,LUYA,-6.164023805527847,-78.01510798853711,146530.10761137403,41.88904720058007,-1,
868b690a7ffffff,UCAYALI,ATALAYA,-10.888194250332186,-73.47822450994214,146324.73109372583,29.77752595118886,-1,
868f5c927ffffff,SAN MARTIN,MARISCAL CACERES,-7.578999940952314,-77.21320156415617,143644.16604969738,31.284120352422704,-1,
868f58c57ffffff,ANCASH,YUNGAY,-9.115045607073757,-77.73909554070053,143165.44125632904,91.16542278787584,-1,
868f40b27ffffff,SAN MARTIN,SAN MARTIN,-6.296372829177098,-75.78433456519804,143131.70627607533,31.172512246958675,-1,
86b3342b7ffffff,AREQUIPA,CAYLLOMA,-16.02427279850047,-71.89288365619352,142439.31677106113,27.47668431903593,-1,
868f73037ffffff,AMAZONAS,BAGUA,-5.1368657336950365,-78.2055539470615,142386.30535621537,40.7044447247764,-1,
86b30411fffffff,TACNA,TACNA,-17.924006808535633,-70.14064972056349,142074.53633679767,43.13905601334216,-1,
86b336997ffffff,AREQUIPA,CONDESUYOS,-15.684886538928344,-73.05152348226221,139117.84253211055,26.835968671093443,-1,
868e6639fffffff,LIMA,CANTA,-11.54316494258497,-76.60524371499187,138651.83267470042,28.390561546860265,-1,
868e63017ffffff,ICA,CHINCHA,-13.06561362307346,-75.90532004086788,138357.41081453155,18.80789495468172,-1,
868b6528fffffff,CUSCO,CHUMBIVILCAS,-14.041456008651306,-72.02293648645028,137772.2674719824,65.09401231902108,-1,
868f494cfffffff,UCAYALI,ATALAYA,-10.005291282243522,-73.92005980417268,136164.9148261146,27.709972569701208,-1,
868b69867ffffff,JUNIN,SATIPO,-11.267203660121996,-73.9452867834115,135263.97128230205,46.26263634724683,-1,
868f465b7ffffff,AMAZONAS,BONGARA,-5.763578687120022,-77.82993996482328,134415.3496375433,38.425761212042325,-1,
868e63077ffffff,ICA,CHINCHA,-13.103124409681532,-75.74017677023916,133848.04355823738,18.19490498060544,-1,
868f4a897ffffff,UCAYALI,PADRE ABAD,-9.238559510749718,-75.55379937620472,133804.91978723207,27.22970643157321,-1,
868f4240fffffff,LA LIBERTAD,BOLIVAR,-7.129898942348103,-77.73382834470173,133124.207636579,34.709811734732035,-1,
868e6d80fffffff,CUSCO,ANTA,-13.51716344978823,-72.6212215518375,130529.44166071682,61.6719550266932,-1,
868f7301fffffff,AMAZONAS,BAGUA,-5.245722704336209,-78.19550255247249,130285.2088022351,37.24506417158073,-1,
868f5d11fffffff,HUANUCO,MARAÑON,-8.778706298582827,-76.49151586310214,128825.13108778112,43.28629344794268,-1,
868f5dd87ffffff,SAN MARTIN,TOCACHE,-8.429254369093815,-76.87645919046557,128823.04943328135,28.056244074977275,-1,
86b336a37ffffff,AREQUIPA,CASTILLA,-16.063909412115873,-72.62413008098612,128767.77183968348,24.839429853425496,-1,
868e6b50fffffff,AREQUIPA,CARAVELI,-15.466001514761569,-74.39603251535512,127226.00532118794,24.54202157541157,-1,
86b30451fffffff,TACNA,TACNA,-17.986746053520413,-70.57829121321929,126056.10283941231,38.27527030123122,-1,
868f5536fffffff,AMAZONAS,LUYA,-6.641370916500396,-77.81146549291107,125631.6888274582,35.91474700298035,-1,
868f55157ffffff,AMAZONAS,LUYA,-6.289382941477991,-78.19446512397036,125387.13565882616,35.844835778653355,-1,
868e6bae7ffffff,AREQUIPA,CARAVELI,-15.582494578651872,-73.54495397441927,124598.98688080451,24.03526713413104,-1,
868e6c98fffffff,AYACUCHO,LA MAR,-12.77328450092382,-73.72117037096729,123245.86851090426,39.677707142154205,-1,
868f58857ffffff,ANCASH,CARLOS FERMIN FITZCARRALD,-9.07412362942016,-77.2941404578582,123198.58360820252,78.45085282418135,-1,
868e69787ffffff,AREQUIPA,LA UNION,-15.330243421253153,-73.25127001204118,122089.4960596926,23.551183886216865,-1,
868b64757ffffff,PUNO,MELGAR,-14.807618797093424,-70.82797833880242,121619.64942673036,72.43973590765336,-1,
868b65207ffffff,APURIMAC,COTABAMBAS,-14.163839318340564,-72.13607226235548,119927.1456607388,21.48239355501996,-1,
868e604d7ffffff,LIMA,HUAROCHIRI,-12.113543314300404,-76.25885562518367,119628.88315605123,24.49539327758017,-1,
868f5d737ffffff,HUANUCO,HUACAYBAMBA,-9.072424758676297,-76.68638692502785,119299.39883821191,40.08556981599528,-1,
868e66397ffffff,LIMA,CANTA,-11.49180571582944,-76.64249820365919,118608.69112902477,24.28649719612076,-1,
86b336057ffffff,AREQUIPA,CAMANA,-16.267275306287083,-72.95449355058477,117254.29906555952,22.61846962978948,-1,
868f4669fffffff,AMAZONAS,RODRIGUEZ DE MENDOZA,-6.401201020467992,-77.57949359477118,116627.03354392356,33.340556371814415,-1,
868e66db7ffffff,LIMA,HUAURA,-10.71355100454873,-77.13680119529215,116406.65795656804,23.83560551221828,-1,
86b331157ffffff,MOQUEGUA,MARISCAL NIETO,-17.35356372450388,-71.0043843782471,115953.4542057816,33.83697523876125,-1,
868f5526fffffff,AMAZONAS,CHACHAPOYAS,-6.807861223312459,-77.82774035448791,115910.24565287185,33.13564584325121,-1,
868f0832fffffff,PIURA,SULLANA,-4.470210713827465,-80.80925853219927,115800.96902006988,29.61893564492261,-1,
868f4cab7ffffff,UCAYALI,CORONEL PORTILLO,-7.889749147195537,-74.11029060689782,115797.27758744764,23.565096704183134,-1,
86b3226a7ffffff,TACNA,CANDARAVE,-17.31419271757214,-70.34128830437606,115272.85926389496,35.001080846852034,-1,
868f580c7ffffff,ANCASH,HUARAZ,-9.540961973733044,-77.57043734162697,113939.86659935188,72.55505253063215,-1,
868f09287ffffff,PIURA,MORROPON,-5.401952958487265,-80.09149955043215,113866.36944782324,29.12411439503189,-1,
868e60b07ffffff,JUNIN,JAUJA,-11.682608304253293,-75.27413134264731,113758.1574701,38.90727309483228,-1,
868f55c4fffffff,AMAZONAS,LUYA,-6.139154340746249,-78.36753942799486,113682.11214320536,32.49868193680848,-1,
868e6570fffffff,JUNIN,CONCEPCION,-11.686900612596109,-74.79368401492215,113272.65986865445,38.74122445105662,-1,
868b6438fffffff,CUSCO,ESPINAR,-14.840224836355391,-71.07675288615336,112646.48425870197,53.22269690829856,-1,
868e6c817ffffff,AYACUCHO,LA MAR,-12.823662578848593,-73.68386555218684,112509.57924037776,36.22127207770647,-1,
868f43ccfffffff,SAN MARTIN,MARISCAL CACERES,-7.579046845028436,-76.60841400423283,112292.76622666926,24.456130102256875,-1,
868f4245fffffff,LA LIBERTAD,BOLIVAR,-7.23352962776532,-77.66032549326805,112264.8576604142,29.27110059845163,-1,
868f4e76fffffff,UCAYALI,PADRE ABAD,-8.727366172259652,-75.38283621801543,112051.88535023504,22.802898040243395,-1,
868f43cdfffffff,SAN MARTIN,MARISCAL CACERES,-7.584819406686031,-76.67144710048423,111869.76720046456,24.364005564180147,-1,
868f5d417ffffff,HUANUCO,HUACAYBAMBA,-8.935376380501118,-76.98738136203629,111637.13000186656,37.51098507056178,-1,
868f4c227ffffff,UCAYALI,CORONEL PORTILLO,-8.214661009969479,-74.07638000739642,110486.0968870948,22.48425534569188,-1,
868e6d82fffffff,CUSCO,ANTA,-13.459765289311507,-72.59581185364009,110244.45470478928,52.08779694445175,-1,
868f549b7ffffff,CAJAMARCA,SAN IGNACIO,-5.1115502874649446,-79.22471374054865,110240.51493641365,60.17206574035456,-1,
86b3201afffffff,PUNO,YUNGUYO,-16.28052128872901,-69.08057984917626,109884.61863895404,65.45005508599608,-1,
86b3226b7ffffff,TACNA,CANDARAVE,-17.323020317900234,-70.40368592040916,109666.84912635732,33.298889929534475,-1,
86b30412fffffff,TACNA,TACNA,-17.858272663994374,-70.05344116916231,109540.680648727,33.26058053811257,-1,
868e60687ffffff,LIMA,YAUYOS,-12.36926757675704,-76.0721789652615,109414.00506106744,22.403779198956965,-1,
868f55067ffffff,AMAZONAS,LUYA,-6.393107312107321,-78.12117524690233,108851.22919775805,31.11766142832009,-1,
868f5d90fffffff,SAN MARTIN,TOCACHE,-8.370243523211018,-76.24478916714992,108647.8146571435,23.662299717663707,-1,
868f55077ffffff,AMAZONAS,LUYA,-6.398538305173168,-78.18437516824824,108325.48477347508,30.96736512837715,-1,
868f5805fffffff,ANCASH,HUARAZ,-9.529159043682371,-77.44314041572726,107736.40154598872,68.60478695412968,-1,
868f58877ffffff,ANCASH,CARLOS FERMIN FITZCARRALD,-9.016530571123718,-77.26761488308208,106950.95385690565,68.10462664990644,-1,
868f58047ffffff,ANCASH,HUARAZ,-9.471526071162671,-77.41653632780502,106729.19809222288,67.96341618832056,-1,
868e6825fffffff,AYACUCHO,PARINACOCHAS,-14.874925664757566,-73.52589517270506,106447.55549481664,34.26966748623997,-1,
868e604cfffffff,LIMA,HUAROCHIRI,-12.158229271969498,-76.15774088496683,105820.13355784216,21.66789256741703,-1,
868b66887ffffff,PUNO,SAN ANTONIO DE PUTINA,-14.951921302380471,-69.89913549471666,104726.80165693036,62.37792897973809,-1,
868e6c247ffffff,APURIMAC,ANDAHUAYLAS,-13.663705432860707,-73.4016144173234,104281.79873553704,18.67986291777128,-1,
868f4e7afffffff,UCAYALI,PADRE ABAD,-8.700415718100235,-75.67137808662734,104221.35557119068,21.209361513887536,-1,
868e630c7ffffff,ICA,CHINCHA,-13.225062898127243,-75.8568994037402,103897.67821228383,14.123541387106684,-1,
868e65637ffffff,JUNIN,CONCEPCION,-11.751200865535663,-74.88294835687802,102938.95704604746,35.20691792973585,-1,
86b3204dfffffff,PUNO,CHUCUITO,-16.657125313431905,-69.4735428049629,102922.67765543892,61.30334714342524,-1,
868b69adfffffff,UCAYALI,ATALAYA,-10.725883652610202,-74.00248103537396,102560.71518019788,20.87141616474005,-1,
868f590a7ffffff,HUANUCO,LAURICOCHA,-10.067050161597908,-76.71760108083019,101939.41158146904,34.25247268422615,-1,
868f5e367ffffff,ANCASH,SANTA,-8.925009959460665,-78.07785162624303,101734.19827634215,64.78268160570008,-1,
868f7320fffffff,AMAZONAS,BONGARA,-5.602880333226365,-77.87668961835836,101582.38082204008,29.039691667239577,-1,
868f55ac7ffffff,AMAZONAS,CHACHAPOYAS,-6.480423766458539,-77.85834595793901,100731.1977190801,28.796361134303687,-1,
868f58c87ffffff,ANCASH,HUAYLAS,-9.080594955187404,-77.96700944310655,100582.14367885364,64.04907198920951,-1,
868e6399fffffff,LIMA,YAUYOS,-12.617920685406633,-75.82159085648986,99285.24876005978,20.329799550728502,-1,
868f5eaf7ffffff,ANCASH,SANTA,-8.763642856129925,-78.12497210813333,98756.7379390698,62.88668332497276,-1,
868f58c07ffffff,ANCASH,HUAYLAS,-9.011421099718325,-77.8130175404003,98103.57735359854,62.4707612951845,-1,
868b6504fffffff,CUSCO,CHUMBIVILCAS,-14.369794603458171,-72.04933812676227,97431.33212646186,46.03391125132133,-1,
868f5c61fffffff,ANCASH,SIHUAS,-8.66586878868845,-77.65321513818029,97254.28379912052,61.92994498305245,-1,
868f4dca7ffffff,UCAYALI,CORONEL PORTILLO,-8.240701459164587,-73.79063570569316,97115.88083885198,19.763375885510023,-1,
868b6c477ffffff,CUSCO,LA CONVENCION,-12.62108730420551,-72.40349316922075,97063.0550341476,45.85990937108957,-1,
868b6d8c7ffffff,CUSCO,LA CONVENCION,-12.298001499630642,-73.86763716140386,97019.44753656288,45.83930589959951,-1,
868f0b91fffffff,PIURA,PAITA,-4.931661125212137,-81.08934583388624,96913.17883459743,24.787920440884456,-1,
868e606c7ffffff,LIMA,YAUYOS,-12.464850731910891,-75.93368902039654,96912.22604925104,19.84389578715275,-1,
868e660f7ffffff,LIMA,HUARAL,-11.337636669937588,-76.75422616827511,96894.33231022426,19.840231837752707,-1,
868e60b47ffffff,JUNIN,CONCEPCION,-11.777926528632104,-75.13623697594323,96749.76970090123,33.09010795647326,-1,
868b652cfffffff,APURIMAC,COTABAMBAS,-13.949940881323906,-72.16013125829431,96323.90308469551,17.25437542451623,-1,
868f42d27ffffff,AMAZONAS,RODRIGUEZ DE MENDOZA,-6.452969538986452,-77.54282364376056,96123.54225231391,27.47915540452099,-1,
86b322797ffffff,TACNA,CANDARAVE,-17.218146925378253,-70.41627408566578,95138.6593006854,28.88759702074457,-1,
868f55aa7ffffff,AMAZONAS,LUYA,-6.3249462565482215,-77.96832316925729,94526.99419912104,27.022744924460717,-1,
868e6314fffffff,ICA,CHINCHA,-13.038784666826682,-75.64997413842927,94343.73810351004,12.82480718189658,-1,
868e69617ffffff,AREQUIPA,LA UNION,-15.429472083945324,-73.17612143970452,94303.81884397754,18.191299419248253,-1,
86b334d77ffffff,AREQUIPA,CASTILLA,-15.189619640331308,-72.11560464236528,94283.1549798943,18.187313339540086,-1,
868f5d42fffffff,HUANUCO,HUACAYBAMBA,-8.923537448688212,-76.86063306531582,93788.45931784592,31.51368632643895,-1,
868e66007ffffff,LIMA,HUARAL,-11.222280981991888,-76.70112601348728,93690.7041494228,19.184252030505014,-1,
868e66777ffffff,LIMA,CANTA,-11.504400471538606,-76.77012613256709,93682.3062797774,19.182532469858536,-1,
868e6c2efffffff,APURIMAC,ANDAHUAYLAS,-13.728509475917894,-73.49043598574018,93550.5268751896,16.757584152777987,-1,
868f0b907ffffff,PIURA,PAITA,-4.874561331152265,-81.06221247346441,92599.5007412975,23.684591557546533,-1,
868f55b57ffffff,AMAZONAS,CHACHAPOYAS,-6.251333137140326,-77.75253222649796,92579.1240276782,26.465900826805537,-1,
868b65337ffffff,CUSCO,CHUMBIVILCAS,-14.3775864268287,-72.11198468848121,92474.9968281181,43.69216456392507,-1,
868f58acfffffff,ANCASH,HUARI,-9.551130077199598,-77.08818590658694,92456.77225730366,58.87496771897676,-1,
868b6698fffffff,PUNO,AZANGARO,-15.065977223150254,-69.94822045421486,92016.98244736032,54.80763954612196,-1,
86b3318e7ffffff,MOQUEGUA,MARISCAL NIETO,-17.125974504930983,-70.90393256904805,91949.817637416,26.832350307428133,-1,
868f54357ffffff,CAJAMARCA,JAEN,-5.963516762760986,-78.89335761200489,89642.1499790291,48.92895633475656,-1,
868f464a7ffffff,AMAZONAS,BONGARA,-5.924312059657295,-77.78315252826825,89528.520483845,25.593814687506438,-1,
86b3227a7ffffff,TACNA,CANDARAVE,-17.152498138795124,-70.32901495615255,89384.92800348737,27.14055252483896,-1,
868e6bb37ffffff,AYACUCHO,PARINACOCHAS,-15.2613647683109,-73.58008402024635,89236.01247745847,28.72859279092956,-1,
868f55b97ffffff,AMAZONAS,LUYA,-6.221277699887064,-78.04160729758391,88599.47163881543,25.328224416977843,-1,
868f4a427ffffff,HUANUCO,HUANUCO,-9.550962556536271,-75.93676442586182,87974.83865039887,29.56026242474182,-1,
86b336817ffffff,AREQUIPA,CONDESUYOS,-15.775945246671618,-72.91300884650246,87787.83766268866,16.934360239774264,-1,
868e6cc2fffffff,AYACUCHO,LA MAR,-12.859196359155924,-73.9993512870221,87735.47755758828,28.245511403889648,-1,
868b6431fffffff,CUSCO,ESPINAR,-14.905524850863324,-71.1640241537256,87268.17463075122,41.23206896937968,-1,
868f4a9b7ffffff,UCAYALI,PADRE ABAD,-9.014717702035028,-75.51270521874795,86990.91073184878,17.70291380324465,-1,
868f42d97ffffff,AMAZONAS,CHACHAPOYAS,-6.58405682637489,-77.78499413279725,86891.25162753949,24.839889904379977,-1,
868f581b7ffffff,ANCASH,YUNGAY,-9.22446471375433,-77.72878241427699,86785.30634363004,55.26347053564919,-1,
868b66c77ffffff,PUNO,SAN ANTONIO DE PUTINA,-14.926581605002152,-69.71427521917583,86512.0450272841,51.52875973699438,-1,
868f464c7ffffff,AMAZONAS,CHACHAPOYAS,-6.07963662253097,-77.67329537371339,86450.83761668827,24.713987292356567,-1,
868e6b3a7ffffff,AREQUIPA,CARAVELI,-15.727583031289493,-73.8512796898062,86282.73417474418,16.644024296418124,-1,
868f58007ffffff,ANCASH,CARHUAZ,-9.37394118800574,-77.55417316576303,86131.34142446276,54.84703631925489,-1,
868f44687ffffff,LORETO,ALTO AMAZONAS,-5.866493736129194,-76.48962072766392,86079.06418396531,24.70938105904908,-1,
868f4908fffffff,UCAYALI,ATALAYA,-9.864073311915696,-73.61900925834648,85976.91196194153,17.496561982471125,-1,
86b335747ffffff,MOQUEGUA,GENERAL SANCHEZ CERRO,-16.607887836696058,-71.02872274487977,85675.30440877698,25.00135225560681,-1,
868f62a77ffffff,LORETO,LORETO,-4.252384666190199,-75.5167182257517,85598.67025881099,24.57148183038505,-1,
86b331367ffffff,TACNA,JORGE BASADRE,-17.624757580109904,-70.6535630631639,85171.27531683673,25.861132553062408,-1,
86b3222efffffff,TACNA,TARATA,-17.386369916298502,-69.73112393218516,84953.77880052156,25.79509260922768,-1,
868f5a907ffffff,ANCASH,SANTA,-9.287960855750192,-78.42986577236962,84554.03417143825,53.84263273326024,-1,
868f73257ffffff,AMAZONAS,BONGARA,-5.654651943050218,-77.84011523186642,84524.02470175891,24.16316290236685,-1,
868e6c34fffffff,APURIMAC,ANDAHUAYLAS,-13.548791401415022,-73.35024705370098,84465.7923930161,15.130247485890214,-1,
868e6c987ffffff,AYACUCHO,LA MAR,-12.72288570456438,-73.75847177650682,84190.3572466424,27.10419732025391,-1,
868f4668fffffff,AMAZONAS,RODRIGUEZ DE MENDOZA,-6.395701859808998,-77.51644056690408,83869.75272315055,23.976124004759328,-1,
868e61ab7ffffff,HUANCAVELICA,CHURCAMPA,-12.533268761050168,-74.51355081703487,83731.12316101091,21.535067532259028,-1,
86b320117ffffff,PUNO,YUNGUYO,-16.223711002054124,-69.05627411320059,83352.39012019115,49.64678944594347,-1,
868e6d8c7ffffff,APURIMAC,ABANCAY,-13.631960337339214,-72.67208139539729,82929.06284536245,14.854975121585698,-1,
868b6465fffffff,PUNO,MELGAR,-14.595287232100324,-70.852739350141,82908.89096326505,49.38263014311347,-1,
868b66c2fffffff,PUNO,HUANCANE,-14.975108476635636,-69.67716266739309,82749.52305369731,49.28770658975956,-1,
868f55acfffffff,AMAZONAS,CHACHAPOYAS,-6.532242256581214,-77.82167339500253,82595.71388438036,23.611910302042613,-1,
868f58557ffffff,ANCASH,YUNGAY,-9.3513647233294,-77.90952798427315,82247.73494292813,52.374018922570905,-1,
868b66c4fffffff,PUNO,SAN ANTONIO DE PUTINA,-14.829444286705195,-69.78850025970975,82116.71215712834,48.91078843185483,-1,
868f593a7ffffff,HUANUCO,AMBO,-10.26073552104056,-76.44217216359212,82008.69099251961,27.55558821178297,-1,
868b65a9fffffff,CUSCO,CHUMBIVILCAS,-14.434895774324383,-72.13729691021744,81970.13828844536,38.72887693181805,-1,
868f55af7ffffff,AMAZONAS,LUYA,-6.428601504235826,-77.89501179340267,81854.72656177955,23.400081801829003,-1,
868e6b95fffffff,AYACUCHO,PARINACOCHAS,-15.111958657888078,-73.69282956142288,81481.95452537232,26.232255637372592,-1,
868f41417ffffff,LORETO,UCAYALI,-7.285811598491789,-75.81243169972339,81456.05209969422,23.382324726434792,-1,
868f082d7ffffff,PIURA,PAITA,-4.812479093644602,-80.97168579936431,81032.64982040043,20.726085977329088,-1,
868e630efffffff,ICA,CHINCHA,-13.218343089645815,-75.7930137966258,80956.32231512095,11.00496169345944,-1,
868e638dfffffff,LIMA,YAUYOS,-12.879375496780645,-75.69842174205498,80733.23520458578,16.531060850313356,-1,
868e604dfffffff,LIMA,HUAROCHIRI,-12.164722628262762,-76.22153134918744,80339.52388149287,16.450443916989514,-1,
868e6b327ffffff,AREQUIPA,CARAVELI,-15.65506793006802,-73.69801167224385,79980.31341274915,15.428281131899816,-1,
868f5885fffffff,ANCASH,CARLOS FERMIN FITZCARRALD,-9.125835307847384,-77.25716573795275,79891.63746595057,50.87369439778891,-1,
868f5d4e7ffffff,HUANUCO,HUACAYBAMBA,-9.038677325990692,-76.91345110276761,79812.50883496404,26.81765311686497,-1,
868e61b6fffffff,AYACUCHO,HUANTA,-12.434047291982106,-74.10839774548256,79411.10456109312,25.56556733852109,-1,
868f5908fffffff,HUANUCO,LAURICOCHA,-10.176219036368344,-76.70695752307532,79360.77327079694,26.665866287491703,-1,
868f592b7ffffff,PASCO,DANIEL ALCIDES CARRION,-10.433663819727242,-76.52137950478775,79160.77564613677,30.667787353760783,-1,
868f5c627ffffff,ANCASH,SIHUAS,-8.550734382275099,-77.60004331897225,78961.57411182686,50.28144519187624,-1,
868f5938fffffff,PASCO,DANIEL ALCIDES CARRION,-10.369822919901232,-76.43144260116722,78947.25945694327,30.58506874680773,-1,
868b6d82fffffff,AYACUCHO,HUANTA,-12.470585512316454,-73.94492651605584,78754.69606669291,25.354243548757463,-1,
86b3040afffffff,TACNA,TACNA,-18.094102118866218,-70.21529172579166,78659.19472952074,23.883825313757608,-1,
868e6c267ffffff,APURIMAC,ANDAHUAYLAS,-13.60624873713106,-73.37592405619833,78618.93262487551,14.082907103458943,-1,
868f4c297ffffff,UCAYALI,CORONEL PORTILLO,-8.34788924140308,-74.31448969009888,78374.9203520937,15.949533665720164,-1,
868f4258fffffff,LA LIBERTAD,BOLIVAR,-7.031792476606396,-77.87055144430782,78328.34853043979,20.4227486439288,-1,
868e682dfffffff,AYACUCHO,PARINACOCHAS,-14.947345917042764,-73.67858764424709,78176.89935602857,25.16822799342539,-1,
868f5850fffffff,ANCASH,YUNGAY,-9.299533964712795,-77.94651458429455,78080.61694869047,49.72046600911703,-1,
868b60497ffffff,PUNO,CARABAYA,-13.86083208846816,-70.18511716235862,77836.90624572789,46.36162790212779,-1,
868b6d81fffffff,CUSCO,LA CONVENCION,-12.406034716069472,-73.85611983103338,77719.68642145333,36.72064282731909,-1,
868f4a98fffffff,UCAYALI,PADRE ABAD,-9.117369580239174,-75.43878804424388,77668.62603171612,15.805800632370188,-1,
868f5d4d7ffffff,ANCASH,ANTONIO RAYMONDI,-9.102191355264187,-77.00329877093039,77327.43988885848,49.24085511635434,-1,
868b653afffffff,CUSCO,CHUMBIVILCAS,-14.262964292547831,-72.06140115108985,77290.82492746357,36.518016305413305,-1,
86b3352efffffff,MOQUEGUA,MARISCAL NIETO,-16.77579059319889,-70.6912067657941,77086.08280984795,22.49488722139222,-1,
868f466d7ffffff,AMAZONAS,RODRIGUEZ DE MENDOZA,-6.447459473484526,-77.47977006460778,76723.27890573801,21.93313786399117,-1,
868e6c2c7ffffff,APURIMAC,ANDAHUAYLAS,-13.735844290555788,-73.55358112328014,76319.15744412519,13.670951367759985,-1,
868f588afffffff,ANCASH,YUNGAY,-9.034117185638596,-77.4581503134679,76181.39491069378,48.511072327634814,-1,
868f5585fffffff,AMAZONAS,LUYA,-6.106781478965832,-77.98862035590871,75728.6256260828,21.648793036440832,-1,
868f096efffffff,PIURA,PIURA,-5.531699802373494,-80.33572875163074,75691.94208223843,19.36006909393371,-1,
86b30402fffffff,TACNA,TACNA,-18.019323678612444,-70.06557047597757,75669.34158526879,22.975995905426498,-1,
868e68707ffffff,AYACUCHO,LUCANAS,-14.612328257106968,-74.06841967372148,75629.29601601265,24.348053974930146,-1,
868f5510fffffff,AMAZONAS,LUYA,-6.237516188948556,-78.23109958132444,75608.51150664937,21.614455615275844,-1,
868f0bbafffffff,PIURA,PIURA,-5.3015489387107735,-80.8985130089177,75604.27101796602,19.337645070779324,-1,
868e61c0fffffff,HUANCAVELICA,TAYACAJA,-12.256117800925836,-74.99085669657096,75353.3473471496,19.38036135956505,-1,
868f59137ffffff,HUANUCO,YAROWILCA,-9.836527301480858,-76.61190652430074,75160.74553573053,25.25462275531396,-1,
868b6192fffffff,CUSCO,PARURO,-13.934536407007762,-72.03499368238488,75105.31801729977,35.48541797235299,-1,
868f5c2cfffffff,HUANUCO,MARAÑON,-8.78621981000499,-77.16163356356574,75057.32345888396,25.219872095022936,-1,
868f0930fffffff,PIURA,MORROPON,-5.220211736487872,-79.88403205586734,74913.19856197436,19.16088635474088,-1,
868a6e497ffffff,LORETO,MARISCAL RAMON CASTILLA,-4.067063134764025,-70.45245558995855,74881.58353210795,21.4950940666074,-1,
868e60997ffffff,JUNIN,TARMA,-11.40229267476242,-75.75138964229258,74809.62727769939,25.586196747086834,-1,
868b65d0fffffff,CUSCO,ESPINAR,-14.970043373182005,-71.66357005516157,74700.83063318535,35.29430761866888,-1,
868f5d997ffffff,SAN MARTIN,TOCACHE,-8.3939486437085,-76.49722088334062,74670.82069318739,16.26248392553337,-1,
868f59b0fffffff,HUANUCO,PACHITEA,-9.89645898147764,-76.09404864659811,74611.28818393892,25.07000060926253,-1,
868e61ccfffffff,HUANCAVELICA,TAYACAJA,-12.422143152199965,-75.00576364002491,74567.9886057137,19.17837250649127,-1,
868f59187ffffff,HUANUCO,LAURICOCHA,-9.957875345640003,-76.7282379858419,74537.77403488435,25.045299256337977,-1,
868f4068fffffff,SAN MARTIN,BELLAVISTA,-7.080082472192682,-76.56161403598797,74537.65885026654,16.233482739931134,-1,
868f5098fffffff,CAJAMARCA,CHOTA,-6.380475005050319,-79.27081539789823,74209.40082466645,40.50537089335749,-1,
86b320187ffffff,PUNO,YUNGUYO,-16.2894503322963,-69.14208283956063,74194.77019018406,44.192279649218335,-1,
868e61cdfffffff,HUANCAVELICA,HUANCAVELICA,-12.428922505880712,-75.0692258509014,74191.02765692814,19.08142074969337,-1,
868f09cf7ffffff,PIURA,SULLANA,-4.720314298365024,-80.50111933714392,74151.51052252472,18.966065972727872,-1,
868f5c537ffffff,LA LIBERTAD,SANTIAGO DE CHUCO,-8.02674431368417,-77.90531700961401,74139.9025265887,19.33068451197437,-1,
868e6c25fffffff,APURIMAC,ANDAHUAYLAS,-13.721161338221666,-73.4273181371658,73931.52180487094,13.243257302451774,-1,
868b61ac7ffffff,CUSCO,URUBAMBA,-13.250029489181143,-72.20688129713771,73422.70881198776,34.690426452300144,-1,
868f5dc47ffffff,HUANUCO,MARAÑON,-8.623969182463451,-76.60231619686299,73402.87594981572,24.66396425493739,-1,
868f4671fffffff,AMAZONAS,RODRIGUEZ DE MENDOZA,-6.166747791687865,-77.41102663728628,73338.4285213874,20.965499473299385,-1,
868f46047ffffff,SAN MARTIN,MOYOBAMBA,-5.97323941820295,-77.08055357334023,73302.0877202969,15.96438892987987,-1,
868f54327ffffff,CAJAMARCA,JAEN,-5.802384751756391,-78.9397784851698,73275.72603530629,39.99574754083691,-1,
868f5832fffffff,ANCASH,HUARI,-9.563059257733952,-77.21530350380645,73232.98441052517,46.63357251035121,-1,
868f54627ffffff,LAMBAYEQUE,FERREÑAFE,-6.005724833194639,-79.40001916914396,73145.75754917916,16.42938847050212,-1,
868f463a7ffffff,SAN MARTIN,MOYOBAMBA,-6.082073641193856,-77.07014676844743,72986.18552379611,15.895588904047242,-1,
868f4042fffffff,SAN MARTIN,EL DORADO,-6.592923111266211,-76.64061394840054,72964.84100533057,15.89094030255577,-1,
868f51717ffffff,LA LIBERTAD,GRAN CHIMU,-7.759929552110141,-78.63431846750386,72931.6632185337,19.015657217858333,-1,
868f5c177ffffff,LA LIBERTAD,PATAZ,-8.084734186784491,-77.32450650951277,72700.06454945353,18.95527191044879,-1,
868e6b74fffffff,AREQUIPA,CARAVELI,-15.907069783449648,-73.99314865721868,72618.26692550757,14.008135122654837,-1,
86b322617ffffff,TACNA,CANDARAVE,-17.30534985590645,-70.27892517729428,72599.51499900522,22.04388361795693,-1,
868e6d947ffffff,CUSCO,ANTA,-13.394871793952436,-72.50775493967583,72539.7270277386,34.27323924767585,-1,
868f40cdfffffff,SAN MARTIN,LAMAS,-6.421258327298239,-76.56222801623758,72518.7606354332,15.7937889015452,-1,
868f4a44fffffff,HUANUCO,PACHITEA,-9.756455027760335,-75.78862791727786,72429.03042412046,24.33674422541157,-1,
868f58037ffffff,ANCASH,CARHUAZ,-9.322181595853388,-77.59117093913403,72217.09281339023,45.98666927625551,-1,
868f59b67ffffff,HUANUCO,PACHITEA,-9.88405424148497,-75.96745693037074,72202.56465349733,24.260649881704467,-1,
868f5506fffffff,AMAZONAS,LUYA,-6.444964633141626,-78.08451988317191,71982.03040272142,20.577741450448062,-1,
868f5c00fffffff,LA LIBERTAD,PATAZ,-8.25726444675415,-77.4039406341489,71931.53486121345,18.75489121887549,-1,
868f551a7ffffff,AMAZONAS,LUYA,-6.196420537457155,-78.39412973366295,71851.6826695718,20.54047851223421,-1,
868e6c257ffffff,APURIMAC,ANDAHUAYLAS,-13.6710493047866,-73.46471030243633,71830.47358936409,12.86689926945669,-1,
868e65567ffffff,JUNIN,SATIPO,-11.317117763748753,-74.92776292761984,71801.74794600997,24.5574495768006,-1,
868e61127ffffff,HUANCAVELICA,TAYACAJA,-12.337315764066654,-74.726120825463,71751.09892952142,18.453887904856657,-1,
868f5c657ffffff,ANCASH,SIHUAS,-8.711877665930018,-77.55278378725272,71722.2760194721,45.6715779956767,-1,
868e6d887ffffff,APURIMAC,ABANCAY,-13.53960777137785,-72.80951312779933,71706.21654755829,12.844641267239194,-1,
868f58917ffffff,ANCASH,MARISCAL LUZURIAGA,-8.809600093006093,-77.41542546845203,71528.9326106057,45.54846005982654,-1,
868b61167ffffff,CUSCO,CUSCO,-13.491241847847071,-71.9582594655341,71500.44215500871,33.78220267297327,-1,
868f59117ffffff,HUANUCO,YAROWILCA,-9.894151232979915,-76.63831167019609,71474.10589926719,24.0158818062981,-1,
868f0986fffffff,PIURA,AYABACA,-4.664679200083935,-79.80525002606706,71273.04558244937,18.22982802465438,-1,
868e61cc7ffffff,HUANCAVELICA,TAYACAJA,-12.371320314104164,-75.0430898843453,71211.4656397998,18.315097943632043,-1,
868e6cb87ffffff,AYACUCHO,LA MAR,-13.075237654211392,-73.49729135102032,71070.79938045224,22.880494074548903,-1,
868f09bafffffff,PIURA,AYABACA,-4.830719780786725,-79.82253172458192,71050.63897258593,18.172942083886404,-1,
868f4d65fffffff,UCAYALI,CORONEL PORTILLO,-9.137991846594703,-73.47560366149578,71008.55836548562,14.450456690949771,-1,
86b322657ffffff,TACNA,TARATA,-17.39233078874836,-70.14164886985937,70603.32480488828,21.43776683716268,-1,
868e6d507ffffff,APURIMAC,ANDAHUAYLAS,-13.756479328315317,-73.26378062545577,70447.99923354223,12.619258436950735,-1,
868b6c147ffffff,CUSCO,LA CONVENCION,-12.78727801262959,-72.8922158683167,70400.78548088747,33.262641905008856,-1,
868b6506fffffff,CUSCO,CHUMBIVILCAS,-14.42709863189341,-72.07462732634893,70372.46883663237,33.24926298613209,-1,
868e6d877ffffff,CUSCO,ANTA,-13.50965676025444,-72.55851572871191,70356.72686449545,33.24182529096303,-1,
86b32059fffffff,PUNO,CHUCUITO,-16.408441541228342,-69.598139521581,70270.95006948196,41.855153250379,-1,
868e6c277ffffff,APURIMAC,ANDAHUAYLAS,-13.613588269539187,-73.43899796675531,70247.12262222663,12.583275670943047,-1,
86b30491fffffff,TACNA,TARATA,-17.526876745239864,-69.96698190681653,70219.19215895796,21.32113003399861,-1,
868b6086fffffff,CUSCO,CANCHIS,-14.316564542416176,-71.20050387335496,70180.29537849812,33.15846574746631,-1,
868f55b47ffffff,AMAZONAS,CHACHAPOYAS,-6.245872492777741,-77.68946437293131,70050.89785603403,20.02568219302017,-1,
868e642e7ffffff,JUNIN,CHANCHAMAYO,-11.196908027490718,-75.35570176015868,70025.40111776016,23.949907993015536,-1,
868f426c7ffffff,LA LIBERTAD,BOLIVAR,-7.607385846921419,-77.52938605705066,70005.77524398119,18.25278303774769,-1,
86b320037ffffff,PUNO,YUNGUYO,-16.328379319452676,-69.04340821797544,69868.29114787799,41.6153194235316,-1,
868b656e7ffffff,CUSCO,ACOMAYO,-14.002600677454195,-71.71054936136669,69824.60781634295,32.990412111001625,-1,
86b320577ffffff,PUNO,CHUCUITO,-16.316157428503928,-69.32681040270748,69707.59239200894,41.51960318449693,-1,
868f588a7ffffff,ANCASH,MARISCAL LUZURIAGA,-8.982361412089597,-77.4951115036595,69705.36037298384,44.387238939923904,-1,
868f55d67ffffff,AMAZONAS,UTCUBAMBA,-5.863698461118925,-78.3610216636908,69565.74069685134,19.886988708984774,-1,
868e61d2fffffff,HUANCAVELICA,HUANCAYO,-12.032466748650124,-74.9498872374619,69544.67810597765,21.840134061991364,-1,
868f4a48fffffff,HUANUCO,HUANUCO,-9.729861124646977,-76.0786195676868,69440.99097351277,23.332738629602005,-1,
868e61c1fffffff,HUANCAVELICA,TAYACAJA,-12.262874473939137,-75.05428090372858,69351.38190223163,17.836697232021383,-1,
868f082dfffffff,PIURA,PAITA,-4.86456496201006,-80.93538485824146,69346.58933354417,17.73708962926848,-1,
868f46487ffffff,AMAZONAS,BONGARA,-5.981509812190611,-77.80957032704283,69260.2203025906,19.79964858193136,-1,
868f5514fffffff,AMAZONAS,LUYA,-6.335819601138203,-78.09464093042297,69248.76933669747,19.79637505638355,-1,
868f4b6cfffffff,JUNIN,CHANCHAMAYO,-10.856502683490843,-74.72011167149643,69172.34283084208,23.658147186818805,-1,
868e6cca7ffffff,AYACUCHO,HUANTA,-12.880365867136986,-74.18895622484673,69141.53306585531,22.25938713802692,-1,
868f43567ffffff,SAN MARTIN,MARISCAL CACERES,-7.636444605922348,-76.6346363373158,69048.21524794128,15.037942266233337,-1,
868e60147ffffff,JUNIN,JAUJA,-11.824237811740907,-75.58038497693742,69027.71357723135,23.60868146064252,-1,
868f5b8efffffff,ANCASH,OCROS,-10.300601875733832,-77.43387545129076,68944.32674326874,43.90262511133557,-1,
868f58747ffffff,ANCASH,AIJA,-9.70799920033593,-77.58671913982705,68673.25891211706,43.73001352844043,-1,
868e61ad7ffffff,HUANCAVELICA,CHURCAMPA,-12.685157710280611,-74.40157124356993,68572.002429522,17.636246205635608,-1,
868f5cc37ffffff,LA LIBERTAD,SANCHEZ CARRION,-7.791092356193064,-77.73557698782808,68503.761089597,17.86115908409456,-1,
868e60807ffffff,JUNIN,TARMA,-11.49154807673954,-75.54996366004126,68460.33407143701,23.4146277780646,-1,
868f454f7ffffff,SAN MARTIN,SAN MARTIN,-6.233591891295088,-75.69597326910325,68406.05534329986,14.898086897966223,-1,
868f55cd7ffffff,CAJAMARCA,CUTERVO,-6.160612011984085,-78.62045804745547,68387.70800969693,37.32774347584635,-1,
868f59317ffffff,HUANUCO,AMBO,-10.254547495708374,-76.37868836908514,68318.45263330585,22.95555660315676,-1,
868f09a07ffffff,PIURA,AYABACA,-4.934650225379295,-79.74972982282598,68122.38140798788,17.423968451873392,-1,
868b656a7ffffff,CUSCO,ACOMAYO,-14.093680663886229,-71.57363879035194,68110.47159415527,32.180524849864284,-1,
868b69857ffffff,JUNIN,SATIPO,-11.202883096202164,-73.85681166031,68059.79736885762,23.2776372428948,-1,
868e6bd07ffffff,AYACUCHO,LUCANAS,-15.014288579121,-74.25072909827125,67789.88560684808,21.82423849827206,-1,
86b3205afffffff,PUNO,CHUCUITO,-16.342743325736752,-69.5118635375496,67723.67610467675,40.33793252030202,-1,
868e68c5fffffff,AYACUCHO,LUCANAS,-14.174656261474944,-74.05107860411357,67630.99203825778,21.77308439016709,-1,
868e60877ffffff,JUNIN,JAUJA,-11.536088356123924,-75.44928346596477,67626.81724712273,23.12955049276085,-1,
868f587b7ffffff,ANCASH,HUARAZ,-9.62794430520969,-77.91572359534824,67450.02701400423,42.95107936541565,-1,
868e6466fffffff,JUNIN,TARMA,-11.22291225521164,-75.60920470067644,67428.80713050393,23.06182758080307,-1,
868f0b917ffffff,PIURA,PAITA,-4.8795515202523925,-81.12563933502585,67258.55841847631,17.203024553463415,-1,
868f09cd7ffffff,PIURA,SULLANA,-4.777375734764058,-80.52811523450521,66925.49698229543,17.117835929158055,-1,
868e611b7ffffff,HUANCAVELICA,TAYACAJA,-12.415351220434886,-74.9423251537801,66831.7923511333,17.18867617261032,-1,
868f5cd2fffffff,LA LIBERTAD,PATAZ,-7.670496457711948,-77.61917746770722,66810.5325695587,17.41967932471938,-1,
868f095b7ffffff,PIURA,SULLANA,-4.854547408606357,-80.80859307683265,66758.50743611161,17.075124260476453,-1,
868e61517ffffff,JUNIN,HUANCAYO,-12.449184715889515,-75.25975340472782,66738.69996300676,22.825798898309937,-1,
868e61117ffffff,HUANCAVELICA,TAYACAJA,-12.401729776336976,-74.81551992345082,66681.52238227846,17.150027772765768,-1,
868f4056fffffff,SAN MARTIN,LAMAS,-6.524431997533108,-76.48886222435576,66611.30926717933,14.507210931392212,-1,
868f5c15fffffff,LA LIBERTAD,PATAZ,-8.19398744817384,-77.31410371775881,66596.58301363597,17.363895715271877,-1,
868f46567ffffff,SAN MARTIN,RIOJA,-5.788296121684612,-77.47854242517468,66504.3968849554,14.483926589781705,-1,
86b331357ffffff,TACNA,JORGE BASADRE,-17.690371856404592,-70.74124816682617,66353.45943870273,20.14735136365072,-1,
868b61997ffffff,CUSCO,ACOMAYO,-13.846272445977206,-71.75994102115766,66286.23978332162,31.318620127338733,-1,
868e6bb1fffffff,AYACUCHO,PARINACOCHAS,-15.368453669266788,-73.56838113613603,66278.49958194517,21.33766371244436,-1,
868e611a7ffffff,HUANCAVELICA,TAYACAJA,-12.408546748982973,-74.87891053431849,66275.44144570835,17.04558655589849,-1,
868f58a8fffffff,ANCASH,HUARI,-9.45375413295905,-77.22577892136215,66198.01489660014,42.15381842718178,-1,
868f54cf7ffffff,PIURA,HUANCABAMBA,-5.412766439373173,-79.54829034857752,66090.96957781336,16.904385094536845,-1,
868f50997ffffff,CAJAMARCA,CHOTA,-6.3337316074767935,-79.37084709467135,66054.87736021777,36.054425410500414,-1,
868e61c67ffffff,HUANCAVELICA,TAYACAJA,-12.242567369773385,-74.86407962544531,65999.31299152775,16.974568221450465,-1,
868f55ae7ffffff,AMAZONAS,CHACHAPOYAS,-6.423134200786039,-77.83187490023968,65937.29821387524,18.84971383823202,-1,
86b33505fffffff,MOQUEGUA,GENERAL SANCHEZ CERRO,-16.42838827042393,-70.89101668864778,65887.71838069362,19.22703476715264,-1,
868f09c97ffffff,PIURA,SULLANA,-4.678327796607306,-80.66409114666823,65856.39068806052,16.844385794893313,-1,
86b3318c7ffffff,MOQUEGUA,MARISCAL NIETO,-17.18288127135917,-70.92902445154603,65847.59695281286,19.215326726447483,-1,
868b61a9fffffff,CUSCO,URUBAMBA,-13.284706913034263,-72.04475724676652,65732.32933175711,31.056911044521268,-1,
86b326627ffffff,PUNO,PUNO,-16.106173339990026,-70.10681866025259,65548.99937745731,39.04264011856556,-1,
86b320017ffffff,PUNO,YUNGUYO,-16.385176925857316,-69.06771710616019,65398.09570222261,38.952758077028506,-1,
868f55b67ffffff,AMAZONAS,CHACHAPOYAS,-6.188633005954427,-77.66305788104192,65390.702858224286,18.693456813476352,-1,
86b322cc7ffffff,MOQUEGUA,MARISCAL NIETO,-16.723752998907454,-70.31710237044702,65209.37562601096,19.02908407089433,-1,
868f58aafffffff,ANCASH,HUARI,-9.396134324257316,-77.19924170789871,65051.68207022651,41.4238523414079,-1,
868f4606fffffff,SAN MARTIN,MOYOBAMBA,-5.967745357629295,-77.01771438982274,65043.98740734637,14.165865459157487,-1,
868f5984fffffff,HUANUCO,HUANUCO,-9.799780087945717,-76.23149878454754,64882.31352603787,21.80098587251412,-1,
868e654cfffffff,JUNIN,CONCEPCION,-11.662710434773045,-75.08404136121628,64872.894865614064,22.18766102687801,-1,
868f50787ffffff,LAMBAYEQUE,CHICLAYO,-7.131923038361375,-79.6842575248824,64690.83695640925,14.530314900685438,-1,
868f09a8fffffff,PIURA,MORROPON,-5.053955603756188,-79.8666964302373,64642.67116337088,16.533947283048576,-1,
868f50c8fffffff,LAMBAYEQUE,FERREÑAFE,-6.5842487840661805,-79.73248301934916,64570.50632769056,14.503287240977492,-1,
868e63037ffffff,LIMA,YAUYOS,-13.007994179545184,-75.87887353692396,64554.334969159056,13.218244466760371,-1,
868f5c0d7ffffff,ANCASH,SIHUAS,-8.378083556729225,-77.52037535357498,64514.166134097046,41.08157094205311,-1,
868b65597ffffff,CUSCO,CANAS,-14.537428934525622,-71.23819760472706,64474.22724294044,30.46248870996346,-1,
868b65097ffffff,CUSCO,CHUMBIVILCAS,-14.429412949987467,-71.66193950348986,64435.239144202,30.44406779096326,-1,
868f588dfffffff,ANCASH,ASUNCION,-9.19520767122552,-77.41077640832852,64394.78942619551,41.00555379747291,-1,
868e60317ffffff,JUNIN,CONCEPCION,-12.092598187148974,-75.52101795122779,64343.89253864314,22.006733008518804,-1,
868f59a2fffffff,HUANUCO,PACHITEA,-10.005461951723795,-76.08323136009578,64328.2522247203,21.614816761918465,-1,
868f40627ffffff,SAN MARTIN,PICOTA,-6.902490225665857,-76.42033211311048,64225.95745581345,13.98770752793466,-1,
868b6144fffffff,CUSCO,PAUCARTAMBO,-13.166378775297344,-71.52141479315617,64110.673692328695,30.29071858716311,-1,
868e6610fffffff,LIMA,HUARAL,-11.10693168187978,-76.64807551860004,64068.1489959121,13.118692282484004,-1,
868f4a437ffffff,HUANUCO,HUANUCO,-9.557125479326151,-75.99997536132398,64016.820139497824,21.51017304437504,-1,
868f09447ffffff,PIURA,PIURA,-5.104837752433561,-80.50009493992665,63709.44221758481,16.295251110459333,-1,
868b6114fffffff,CUSCO,CALCA,-13.384196951064569,-71.97031209155183,63651.34937389422,30.07369912895697,-1,
868f5432fffffff,CAJAMARCA,JAEN,-5.854328771118745,-78.90322189338069,63640.93491048724,34.73683446979772,-1,
868e6c9b7ffffff,AYACUCHO,LA MAR,-12.672466319962194,-73.79576973765835,63623.9382195167,20.48305568702405,-1,
868f4c6c7ffffff,UCAYALI,CORONEL PORTILLO,-8.481174784183189,-74.5531194135132,63452.67116394883,12.9128107609265,-1,
868f5c79fffffff,ANCASH,CORONGO,-8.567992079778996,-77.79056366957569,63280.39409171801,40.29592498671419,-1,
868f4ed67ffffff,LORETO,UCAYALI,-7.914681660200197,-75.4963292880613,63247.368488822656,18.15544051027833,-1,
868b6c7b7ffffff,CUSCO,LA CONVENCION,-12.456261096362192,-72.39014206805452,63141.12157582846,29.832629026952933,-1,
868f50617ffffff,LA LIBERTAD,CHEPEN,-7.236177647107097,-79.61092716510457,63004.13439125968,16.427227489686764,-1,
868f54277ffffff,CAJAMARCA,CUTERVO,-6.072730267549561,-78.88348708032277,62933.34373130288,34.35061327901559,-1,
868b7532fffffff,PUNO,SANDIA,-13.940886398682652,-69.17832834929722,62918.99557057007,37.47614340438278,-1,
86b326357ffffff,PUNO,EL COLLAO,-16.036634221932932,-69.6118328638906,62888.03194846799,37.45770068876576,-1,
868f7258fffffff,PIURA,AYABACA,-4.488583829260688,-79.66167995014156,62870.4479735217,16.08065777215092,-1,
868f58c4fffffff,ANCASH,YUNGAY,-9.161014566153195,-77.63850650186951,62853.732937853376,40.02423410839957,-1,
868f4a49fffffff,HUANUCO,HUANUCO,-9.736026743844535,-76.14190965702402,62820.986019543474,21.108363038871257,-1,
868e6c8afffffff,AYACUCHO,LA MAR,-12.88116852670862,-73.7095965781854,62774.92886382408,20.209726081876752,-1,
868f5918fffffff,HUANUCO,LAURICOCHA,-10.009412816014956,-76.69115895107332,62758.76046047836,21.08745474413939,-1,
868f59b27ffffff,HUANUCO,HUANUCO,-9.78745088523626,-76.1048592286326,62746.370033394734,21.08329145970756,-1,
868e6daf7ffffff,APURIMAC,COTABAMBAS,-13.930862065007553,-72.44810488825706,62697.12302187006,11.23085406646388,-1,
86b322287ffffff,TACNA,TARATA,-17.308762135615133,-69.93019841074882,62672.33238244448,19.029625764351863,-1,
868e608f7ffffff,JUNIN,JAUJA,-11.606812403292146,-75.6024207370299,62630.314307520064,21.420659379247965,-1,
868f4c617ffffff,UCAYALI,CORONEL PORTILLO,-8.32152138356957,-74.60115457502353,62534.75436401252,12.72601191204546,-1,
868f59357ffffff,HUANUCO,AMBO,-10.35117540382893,-76.24099812257276,62516.77666695173,21.006146218327743,-1,
868f5d497ffffff,ANCASH,CARLOS FERMIN FITZCARRALD,-9.00475908169981,-77.1406813816698,62514.0075718273,39.80790252478729,-1,
868f581afffffff,ANCASH,CARHUAZ,-9.27041209474449,-77.6281620923494,62480.70848122667,39.786698205878906,-1,
868f55337ffffff,AMAZONAS,LUYA,-6.49681851331238,-78.0478576066885,62430.663497314206,17.84726055711659,-1,
868e6dce7ffffff,APURIMAC,ANDAHUAYLAS,-13.626788946269148,-73.0865497321446,62401.36780345197,11.177875819020372,-1,
868f590c7ffffff,HUANUCO,LAURICOCHA,-10.221591386837687,-76.60630905684974,62327.247110942255,20.94246274361119,-1,
868f5878fffffff,ANCASH,HUARAZ,-9.731550086308731,-77.84166747919774,62289.97729077768,39.6652436881997,-1,
868f45457ffffff,SAN MARTIN,SAN MARTIN,-6.222232759618406,-75.57104580876828,62198.09980041923,13.546062421881512,-1,
868f55b8fffffff,AMAZONAS,LUYA,-6.267677831810842,-77.94183508809063,62102.092258033816,17.753330808648297,-1,
868f4c627ffffff,UCAYALI,CORONEL PORTILLO,-8.258027004511382,-74.51302022705472,62096.96989651792,12.636921446992783,-1,
868f5c21fffffff,HUANUCO,MARAÑON,-8.625243404458896,-77.20902489925749,62092.470007817305,20.86357572447981,-1,
868f42407ffffff,LA LIBERTAD,BOLIVAR,-7.078075653393666,-77.77056980852585,62074.00830372885,16.18471335975562,-1,
868e6b967ffffff,AYACUCHO,PARINACOCHAS,-14.99721227611873,-73.64102972900712,62053.60582305282,19.97750373874744,-1,
868f581a7ffffff,ANCASH,CARHUAZ,-9.218632831561033,-77.66514659635672,62046.76418210166,39.51036953920516,-1,
868f553b7ffffff,CAJAMARCA,CELENDIN,-6.56503570677535,-78.20084815221445,62035.407353545,33.8604968568974,-1,
868f09237ffffff,PIURA,MORROPON,-5.282488520002509,-79.97426616733213,61925.22517078779,15.83889387672586,-1,
868f42a47ffffff,SAN MARTIN,HUALLAGA,-7.097179342221335,-76.75044269839647,61917.100615331634,13.484863888262185,-1,
868e61c6fffffff,HUANCAVELICA,TAYACAJA,-12.29336381328225,-74.82677525157902,61886.9982682461,15.916909229948836,-1,
868b4e8c7ffffff,UCAYALI,PURUS,-9.644429363858167,-70.64296819030973,61794.56917559746,12.575381984404608,-1,
868f593afffffff,HUANUCO,AMBO,-10.312183253780743,-76.40505927355814,61752.257741602254,22.33104776215646,-1,
868e6e7afffffff,HUANCAVELICA,HUAYTARA,-14.0228444037853,-75.12945011879592,61701.21253495966,15.869126420381596,-1,
868e6c827ffffff,CUSCO,LA CONVENCION,-12.75901807973037,-73.595151914969,61692.506769880216,29.1481941130608,-1,
868f4b927ffffff,UCAYALI,CORONEL PORTILLO,-9.610799264851655,-74.34118396658936,61604.29276502934,12.536660158563958,-1,
868e6da5fffffff,APURIMAC,COTABAMBAS,-13.96529411024177,-72.28538941124646,61603.73155955724,11.034996276522396,-1,
868e661afffffff,LIMA,HUARAL,-11.119424447103071,-76.77555523431869,61533.273639309766,12.59964732334464,-1,
868e6d8b7ffffff,APURIMAC,ABANCAY,-13.48964465871638,-72.84683508446616,61483.4435529479,11.0134492424152,-1,
868f42cb7ffffff,AMAZONAS,CHACHAPOYAS,-6.693188035880319,-77.77477380247079,61415.62863941128,17.55708918028462,-1,
868a6e377ffffff,LORETO,MARISCAL RAMON CASTILLA,-3.943805386065377,-71.43826965058918,61410.72051805171,17.628222481000982,-1,
868f59227ffffff,HUANUCO,AMBO,-10.357401928942949,-76.30445919018499,61403.25134902827,20.631992640789324,-1,
86b326727ffffff,PUNO,PUNO,-15.943904224034638,-70.0947388990963,61391.66162737162,36.56642471986424,-1,
868f5c08fffffff,ANCASH,SIHUAS,-8.32629639467092,-77.55726141574412,61334.74439766464,39.056966929525686,-1,
868e663a7ffffff,LIMA,CANTA,-11.427816254979216,-76.55219656486811,61310.31524475636,12.553994021106588,-1,
868f59237ffffff,PASCO,DANIEL ALCIDES CARRION,-10.36361777857146,-76.36794073172403,61247.49420940908,23.72797781519109,-1,
868f59337ffffff,HUANUCO,AMBO,-10.196915798660948,-76.35232989014057,61137.92602104424,20.54284116926113,-1,
868e6dc9fffffff,APURIMAC,ANDAHUAYLAS,-13.64897813338209,-73.27550519193663,61100.85533316578,10.944916712422998,-1,
868f58837ffffff,ANCASH,MARISCAL LUZURIAGA,-8.918930802511449,-77.40502634091396,60982.89534546442,38.8329151798865,-1,
868b61187ffffff,CUSCO,PAUCARTAMBO,-13.452878220886756,-71.64656570723952,60939.35166347556,28.792346824821827,-1,
868e6036fffffff,JUNIN,HUANCAYO,-12.17454388371108,-75.25582608486673,60899.62115056002,20.828732146962228,-1,
868f5840fffffff,ANCASH,CASMA,-9.46664906168376,-77.96299878904082,60788.23516468241,38.70895874511268,-1,
868f5aa4fffffff,ANCASH,HUARMEY,-9.968085268435312,-78.01255833588284,60785.64310114846,38.70730816124347,-1,
868f59197ffffff,HUANUCO,DOS DE MAYO,-9.963960545920202,-76.79176626684152,60756.52619342887,20.4146877203203,-1,
868f59b57ffffff,HUANUCO,PACHITEA,-9.947859262426508,-76.05698057166592,60731.70605842878,20.40634795277681,-1,
868e6db2fffffff,CUSCO,ANTA,-13.64403227086387,-72.32133009444219,60719.72063388996,28.68857655807789,-1,
868f46597ffffff,AMAZONAS,BONGARA,-5.820748517275547,-77.85635746418126,60718.43995125794,17.35778154077055,-1,
868e60b87ffffff,JUNIN,JAUJA,-11.75343951015844,-75.42716611746805,60711.539057939735,20.764404792295387,-1,
86b331217ffffff,TACNA,JORGE BASADRE,-17.76475258648123,-70.8917687296878,60709.832084602494,18.433738475484613,-1,
868f5015fffffff,LAMBAYEQUE,CHICLAYO,-6.818110203369865,-79.23170459062968,60691.38552274885,13.631991560082472,-1,
868e66767ffffff,LIMA,CANTA,-11.498109205101953,-76.706302328849,60592.822240288704,12.407079054965669,-1,
868f5bb87ffffff,ANCASH,OCROS,-10.403914520491773,-77.35964545725416,60586.34840798837,38.58040054442,-1,
868f425afffffff,LA LIBERTAD,BOLIVAR,-6.974413923946724,-77.84403267037055,60507.05308606629,15.776157158239654,-1,
868b61047ffffff,CUSCO,CALCA,-13.26952014048777,-71.9199883377443,60468.866290565005,28.5700540425216,-1,
868f58b77ffffff,ANCASH,ANTONIO RAYMONDI,-9.211433807530549,-76.99276960043512,60380.45952148512,38.44929385260471,-1,
868a698a7ffffff,LORETO,MAYNAS,-3.221225307640055,-72.98651258331746,60329.50839275475,17.317855695965655,-1,
868b604d7ffffff,PUNO,CARABAYA,-13.770836205784232,-70.32087655048791,60324.54130714735,35.930820896443365,-1,
868b61357ffffff,CUSCO,CALCA,-13.077934943892322,-72.13119472685449,60308.140292032935,28.49411495608273,-1,
868f59d57ffffff,HUANUCO,DOS DE MAYO,-9.630323288101268,-76.76010883942246,60282.12800588907,20.255286064885325,-1,
868f5000fffffff,LAMBAYEQUE,CHICLAYO,-6.880862618226755,-79.32210281387567,60263.8025874925,13.535951456294349,-1,
868a6e047ffffff,LORETO,MARISCAL RAMON CASTILLA,-4.083876384393056,-71.20940700049562,60261.34768807971,17.298289860288474,-1,
868f58767ffffff,ANCASH,HUARAZ,-9.650350296305405,-77.56006073103661,60201.65232145677,38.33543233794689,-1,
86b320c9fffffff,PUNO,CHUCUITO,-16.17215478110793,-69.43846349115796,60161.63595274645,35.83379035157362,-1,
868f42d07ffffff,AMAZONAS,RODRIGUEZ DE MENDOZA,-6.510248588386529,-77.56921855197731,60144.87560475509,17.193814801273238,-1,
868e6dc8fffffff,APURIMAC,ANDAHUAYLAS,-13.641594792566018,-73.21249212087459,60140.83205423568,10.77294899163442,-1,
868e61897ffffff,HUANCAVELICA,TAYACAJA,-12.235773687999068,-74.80072704484465,60134.61156444975,15.46620745282924,-1,
868f58017ffffff,ANCASH,CARHUAZ,-9.379810130815429,-77.61781115688888,60051.09273420251,38.2395584433369,-1,
868e6d9a7ffffff,CUSCO,LA CONVENCION,-13.31738836424606,-72.77041722999823,60010.119903377104,28.353307642633908,-1,
868e6dc97ffffff,APURIMAC,ANDAHUAYLAS,-13.598896085111082,-73.31287766117931,59987.14727861463,10.74541963774947,-1,
868b61bafffffff,CUSCO,ANTA,-13.514114190834844,-72.14564236700112,59953.21285106975,28.32642045821062,-1,
868f5d597ffffff,HUANUCO,HUACAYBAMBA,-8.837916705587032,-77.12468979483572,59907.00092864783,20.129240311167685,-1,
868e6082fffffff,JUNIN,TARMA,-11.485011898255005,-75.4865212900493,59897.6015885768,20.48602398772808,-1,
868b62807ffffff,PUNO,CARABAYA,-13.88538171520318,-69.96341476293229,59866.808804128734,35.65818385307651,-1,
868f55997ffffff,AMAZONAS,UTCUBAMBA,-5.858350079065193,-78.29788393659155,59669.87909762321,17.058025976493763,-1,
868f5519fffffff,CAJAMARCA,CHOTA,-6.31098624167354,-78.44734504279467,59572.37737800755,32.51611270109054,-1,
868f54227ffffff,CAJAMARCA,JAEN,-5.968814564718996,-78.95664309989394,59565.91913560019,32.51258762877999,-1,
868f09697ffffff,PIURA,PIURA,-5.44276244053918,-80.5989434730662,59513.66949436875,15.222079414908842,-1,
868b61a0fffffff,CUSCO,ANTA,-13.364765414948574,-72.25740663213813,59454.95021205558,28.091003599961606,-1,
868f4a79fffffff,HUANUCO,PACHITEA,-9.929195097231894,-75.8671297839751,59410.00733845914,19.96224641638177,-1,
868f090cfffffff,PIURA,MORROPON,-5.188635801530884,-80.17381096357906,59348.24119790987,15.179767074104374,-1,
86b326397ffffff,PUNO,PUNO,-16.023260329306588,-69.89631661243881,59346.89477717277,35.348509923042165,-1,
868e6b86fffffff,AYACUCHO,PARINACOCHAS,-15.211587990814046,-73.61766925318757,59239.16114129278,19.07142296541273,-1,
868e60327ffffff,JUNIN,CONCEPCION,-12.028339881871643,-75.43123782801435,59219.32812991677,20.25404263996409,-1,
868e60bafffffff,JUNIN,JAUJA,-11.746838919854682,-75.36371352510852,59207.11556950173,20.24986573139048,-1,
868f50177ffffff,LAMBAYEQUE,CHICLAYO,-6.708670041394987,-79.24149163952622,59193.86454665817,13.295630919584935,-1,
86b3206afffffff,PUNO,CHUCUITO,-16.839442934386966,-69.26269779769282,59186.81289524122,35.25316110970993,-1,
868f55b5fffffff,AMAZONAS,CHACHAPOYAS,-6.30312366491516,-77.71588264016857,59164.48797985024,16.91354814369715,-1,
868e61197ffffff,HUANCAVELICA,TAYACAJA,-12.47294717563513,-74.96843288000284,59117.19427964716,15.204534742496914,-1,
868f424afffffff,LA LIBERTAD,BOLIVAR,-7.141026196773466,-77.86034246601398,59078.94639590154,15.403803284870124,-1,
868b61da7ffffff,CUSCO,QUISPICANCHI,-13.85675822169425,-71.41114985957124,59077.54402272898,27.91268844562696,-1,
868f59037ffffff,HUANUCO,LAURICOCHA,-10.00330375614642,-76.62765079317427,59072.63435718717,19.8488863464526,-1,
868f4a7b7ffffff,HUANUCO,PACHITEA,-9.820252617443373,-75.87800592985975,59043.856095732175,19.83921661617758,-1,
868e6c05fffffff,APURIMAC,CHINCHEROS,-13.369906266495972,-73.68899478865771,58919.7682075452,10.554221413604528,-1,
868f46697ffffff,AMAZONAS,RODRIGUEZ DE MENDOZA,-6.34942857465204,-77.61615705215956,58843.26792364556,16.821719902283327,-1,
868f5c2efffffff,HUANUCO,MARAÑON,-8.72865824917096,-77.13516849379093,58771.89041956315,19.747833933567318,-1,
868e6d86fffffff,CUSCO,ANTA,-13.551987811973031,-72.45854732235084,58719.83148554765,27.74367805820131,-1,
868b6d827ffffff,AYACUCHO,HUANTA,-12.521085942631364,-73.90764264357638,58676.41966205917,18.8902542830094,-1,
868f541afffffff,CAJAMARCA,JAEN,-5.558324079932736,-79.31223716377251,58655.724530459534,32.01578035562248,-1,
868f58527ffffff,ANCASH,HUAYLAS,-9.190063798374425,-77.95676525674392,58572.942540706346,37.298296458939525,-1,
868b6db57ffffff,JUNIN,SATIPO,-12.174083492301826,-74.23165777009328,58372.7713929909,19.964505477211592,-1,
868f510d7ffffff,LA LIBERTAD,OTUZCO,-7.691364250138151,-78.48046163152821,58318.32498772104,15.205484539180944,-1,
868f466afffffff,AMAZONAS,RODRIGUEZ DE MENDOZA,-6.338445698322545,-77.49006932463534,58284.0108438738,16.661843228515025,-1,
868b658cfffffff,CUSCO,CHUMBIVILCAS,-14.697910458584948,-72.07579965123284,58189.64070163252,27.49317593572865,-1,
868f59167ffffff,HUANUCO,HUANUCO,-9.927294630036805,-76.41089114502006,58182.32981433747,19.54973676768315,-1,
868e68cc7ffffff,AYACUCHO,LUCANAS,-14.189197693955348,-74.17801886422436,58151.412141066205,18.7212336503742,-1,
868f09317ffffff,PIURA,MORROPON,-5.173315755867473,-79.98378043207508,58044.96593233032,14.846422486874454,-1,
868b6d907ffffff,AYACUCHO,HUANTA,-12.629090518759444,-73.89612806317004,58044.56985352836,18.686836903071075,-1,
868f59147ffffff,HUANUCO,HUANUCO,-9.98491446457034,-76.43724499362166,58005.63061640423,19.49036439779561,-1,
868f5c277ffffff,HUANUCO,MARAÑON,-8.61355554702493,-77.08227468732818,57922.45991534166,19.462418364734624,-1,
868f59c0fffffff,HUANUCO,DOS DE MAYO,-9.74556334239693,-76.81298366308735,57919.70051020984,19.461491182132367,-1,
868f59367ffffff,HUANUCO,AMBO,-10.287311976440952,-76.1512513658329,57840.01797965846,19.434717202777588,-1,
868e6da07ffffff,APURIMAC,COTABAMBAS,-13.816130654816892,-72.39735434105837,57755.18870303817,10.34561180229348,-1,
86b33190fffffff,MOQUEGUA,MARISCAL NIETO,-16.906903955768737,-70.86625678687243,57724.576918678766,16.84490637423298,-1,
868f5d587ffffff,HUANUCO,HUACAYBAMBA,-8.832036298341597,-77.06128723696115,57701.7027914817,19.38824217284225,-1,
868f09b57ffffff,PIURA,AYABACA,-4.872461248730499,-79.6596820441862,57663.60593076222,14.748880320866885,-1,
868e64c1fffffff,PASCO,PASCO,-10.428822387086052,-75.9131251676231,57651.32446698776,22.334780640853047,-1,
868f582c7ffffff,ANCASH,RECUAY,-9.902941913760996,-77.3111394150883,57613.664867164574,36.68744404992256,-1,
868e6dd17ffffff,CUSCO,LA CONVENCION,-13.361735823142388,-73.1474076149988,57596.13054442852,27.21275696467297,-1,
868f5919fffffff,HUANUCO,LAURICOCHA,-10.01551147085139,-76.75468664327961,57481.29701528515,19.31418403662686,-1,
868f55a57ffffff,AMAZONAS,CHACHAPOYAS,-6.417660475524576,-77.76875448721405,57450.60539292678,16.423594851843315,-1,
868e61c9fffffff,JUNIN,HUANCAYO,-12.333961482041175,-75.2073715614515,57399.38668957905,19.63159093882404,-1,
868e6e71fffffff,HUANCAVELICA,HUAYTARA,-14.015837823409262,-75.06565018283857,57389.4919499714,14.760181616196878,-1,
868b65697ffffff,CUSCO,ACOMAYO,-14.028555384887442,-71.48624294268248,57309.56254894318,27.07736062569529,-1,
868e65787ffffff,JUNIN,CONCEPCION,-11.706985871879162,-74.98348210344517,57304.2390586935,19.599048790273823,-1,
868e6c80fffffff,AYACUCHO,LA MAR,-12.866858666031192,-73.58354493001741,57301.5179946124,18.44761919617575,-1,
868b61837ffffff,CUSCO,PARURO,-13.81217379648734,-71.92205884206037,57233.4595281188,27.04140381765289,-1,
868b6119fffffff,CUSCO,PAUCARTAMBO,-13.39557525035794,-71.621508285138,56965.85169576598,26.91496569004217,-1,
868e60267ffffff,JUNIN,HUANCAYO,-12.28977666238012,-75.30821222123981,56957.06783307572,19.48031017858939,-1,
868b61a4fffffff,CUSCO,URUBAMBA,-13.272592564941863,-72.39446198123035,56829.49030321974,26.85053828147064,-1,
868b618afffffff,CUSCO,PARURO,-13.69753338170896,-71.87170171472012,56781.52823574596,26.82787738266806,-1,
868f506c7ffffff,LA LIBERTAD,PACASMAYO,-7.397899267715482,-79.56454749923442,56780.39751553402,14.80449681524263,-1,
868e6bd57ffffff,AYACUCHO,LUCANAS,-15.114315783366884,-74.17552404561732,56706.870955504106,18.25617885536952,-1,
868b6d84fffffff,AYACUCHO,HUANTA,-12.318965148974833,-74.05675641019765,56699.09265243176,18.25367471275528,-1,
868f4c137ffffff,UCAYALI,CORONEL PORTILLO,-7.697568153311153,-74.38189508664875,56678.9180885311,11.53433149441756,-1,
86b32069fffffff,PUNO,CHUCUITO,-16.90522849926295,-69.34887672319807,56599.71836390047,33.71222224414147,-1,
868e6b527ffffff,AREQUIPA,CARAVELI,-15.358650352391162,-74.40751321053806,56586.9427508438,10.91567691976027,-1,
868b44d8fffffff,MADRE DE DIOS,TAMBOPATA,-12.728208270050844,-69.35483509956269,56568.69592893117,31.854335228168,-1,
868f58a47ffffff,ANCASH,HUARI,-9.429919393274416,-76.97169148232837,56449.86965822265,35.94635820315222,-1,
868f46297ffffff,AMAZONAS,RODRIGUEZ DE MENDOZA,-6.310880127633101,-77.1751547055514,56395.94256749649,16.12209489667835,-1,
868e6dcf7ffffff,APURIMAC,ANDAHUAYLAS,-13.634198382334011,-73.1495069230644,56349.13403037769,10.093747058314538,-1,
86b331a67ffffff,TACNA,JORGE BASADRE,-17.388666342957276,-70.49106098209751,56339.99436523117,17.10689498188139,-1,
868f58b37ffffff,ANCASH,ANTONIO RAYMONDI,-9.114032284993437,-77.1301954427843,56315.50267359385,35.86079549433841,-1,
868f59b77ffffff,HUANUCO,PACHITEA,-9.890261613419549,-76.03074226666924,56239.40662321329,18.89689874851973,-1,
868b61b4fffffff,CUSCO,ANTA,-13.43722419049658,-72.40785001911009,56077.50151655565,26.4952420506611,-1,
868f5c257ffffff,HUANUCO,MARAÑON,-8.671103444234959,-77.10871553405859,55925.21589947074,18.79132810596184,-1,
868e604f7ffffff,LIMA,HUAROCHIRI,-12.055883486501749,-76.23238113966632,55850.54222635804,11.436042538457286,-1,
868f5d4f7ffffff,HUANUCO,HUACAYBAMBA,-9.044608486194903,-76.97685293011592,55765.89368550007,18.737794544237687,-1,
868e6dcefffffff,APURIMAC,ANDAHUAYLAS,-13.676795159054349,-73.0491916699194,55760.63452387222,9.988329907459889,-1,
868f426a7ffffff,LA LIBERTAD,BOLIVAR,-7.45198544556299,-77.63976438583127,55759.66035706738,14.53835743135429,-1,
868e60a57ffffff,JUNIN,HUANCAYO,-11.950763858809458,-75.21462673988886,55679.6754097229,19.043419699963973,-1,
868e6c997ffffff,AYACUCHO,LA MAR,-12.729983479603913,-73.82152593508756,55640.46609120514,17.912861059715542,-1,
868f40697ffffff,SAN MARTIN,HUALLAGA,-7.034167109478382,-76.66128658399444,55613.74235819119,12.112061749729149,-1,
868f444d7ffffff,LORETO,ALTO AMAZONAS,-5.60866243560887,-76.67262547608368,55502.73369411272,15.932308391919342,-1,
868f504a7ffffff,LAMBAYEQUE,CHICLAYO,-6.876507851845486,-79.93107858439708,55422.57325529257,12.448555002439525,-1,
868f5e80fffffff,LA LIBERTAD,SANTIAGO DE CHUCO,-8.33703461426075,-78.29283784372593,55241.85327118803,14.403348278737605,-1,
868e6110fffffff,HUANCAVELICA,TAYACAJA,-12.445640156300913,-74.71483610936073,55231.468786169615,14.205152938517672,-1,
868f54c97ffffff,PIURA,HUANCABAMBA,-5.371103004002907,-79.71137557530608,55228.31618407306,14.12599528895126,-1,
868e6c38fffffff,APURIMAC,CHINCHEROS,-13.527856281860467,-73.64000641813045,55187.30146211339,9.885629502118382,-1,
868f5d407ffffff,HUANUCO,HUACAYBAMBA,-8.929461503877942,-76.92399778086991,55141.72656171946,18.528069306216263,-1,
868f55a4fffffff,AMAZONAS,RODRIGUEZ DE MENDOZA,-6.463970526012074,-77.66898212420858,55118.47397891432,15.756900720022855,-1,
868f51aefffffff,LA LIBERTAD,SANCHEZ CARRION,-7.641192141337287,-77.90937698670844,55057.983616058926,14.355407477987944,-1,
868f50d57ffffff,LAMBAYEQUE,FERREÑAFE,-6.401628307001399,-79.5246507284255,55010.49487912292,12.355997403075907,-1,
868b60b4fffffff,CUSCO,ACOMAYO,-14.07794987477918,-71.44899541404075,54988.53141647666,25.98073042644034,-1,
868e6c287ffffff,APURIMAC,CHINCHEROS,-13.642814341019427,-73.6915660594894,54979.15162360269,9.848343892387035,-1,
868f59c57ffffff,HUANUCO,DOS DE MAYO,-9.79713525161218,-76.77592892783294,54973.42331469636,18.471518044227487,-1,
868f42d0fffffff,AMAZONAS,RODRIGUEZ DE MENDOZA,-6.562019782516098,-77.53253623560303,54924.932551142985,15.70157239101703,-1,
868f58d8fffffff,ANCASH,HUAYLAS,-8.965366521547454,-77.91359948458518,54812.418850241695,34.903656180276066,-1,
868b65167ffffff,CUSCO,CHUMBIVILCAS,-14.64062440882022,-72.05048829250525,54800.33916667725,25.89181421092346,-1,
868f42797ffffff,LA LIBERTAD,BOLIVAR,-7.348354848956073,-77.71331705853963,54799.206593314775,14.287935889610536,-1,
868f5c0b7ffffff,ANCASH,PALLASCA,-8.222698502525963,-77.63101385645764,54648.56451860073,34.79931640882991,-1,
868f5584fffffff,AMAZONAS,LUYA,-6.101364572975767,-77.92552260740922,54640.41105851581,15.620235289526269,-1,
868f55117ffffff,AMAZONAS,LUYA,-6.191036704256349,-78.33092072987613,54623.255741947534,15.615331042356972,-1,
868f5d4a7ffffff,HUANUCO,HUACAYBAMBA,-8.94128204881533,-77.05078366203571,54607.33050503723,18.34850787801008,-1,
868f54017ffffff,CAJAMARCA,JAEN,-5.667504537728535,-79.30250574986981,54549.78458910646,29.77465432115548,-1,
868f506f7ffffff,LA LIBERTAD,PACASMAYO,-7.3457743251952445,-79.60123783026813,54488.44348046434,14.206909836328142,-1,
868f5881fffffff,ANCASH,YUNGAY,-9.028264435926245,-77.39462067738297,54483.42807753799,34.694160210971965,-1,
868f44007ffffff,LORETO,ALTO AMAZONAS,-5.399228971663922,-76.15666098332693,54480.95472887792,15.63900216177551,-1,
868f59c5fffffff,HUANUCO,DOS DE MAYO,-9.848695392138245,-76.73886824361341,54437.26669018676,18.291365050889816,-1,
868b4e947ffffff,UCAYALI,PURUS,-9.879568925339616,-70.80181618589995,54402.10541968454,11.070993220526272,-1,
868f6eba7ffffff,LORETO,REQUENA,-5.4083720296355,-73.83764906494514,54352.44216669845,15.602112054989725,-1,
868e6c04fffffff,APURIMAC,CHINCHEROS,-13.362666753459646,-73.6258672906852,54322.30890908327,9.730684511607882,-1,
868f59c67ffffff,HUANUCO,YAROWILCA,-9.733448768300203,-76.68601942253457,54301.261142864736,18.245666079095898,-1,
868b692d7ffffff,UCAYALI,ATALAYA,-10.374324596069073,-73.78613508275124,54281.38754134578,11.046426766666176,-1,
868b7502fffffff,PUNO,SANDIA,-14.1182986163193,-68.90870276573092,54204.27908108831,32.28543808674863,-1,
868e6c357ffffff,APURIMAC,ANDAHUAYLAS,-13.50598183825729,-73.4506707381997,54164.87057425412,9.702482787546057,-1,
868a68c6fffffff,LORETO,MARISCAL RAMON CASTILLA,-3.774889005459708,-71.9454121309157,54058.43248788676,15.517715259349838,-1,
868f4659fffffff,AMAZONAS,BONGARA,-5.87253157321541,-77.81975833165963,54005.24485250561,15.438658222413611,-1,
868f09387ffffff,PIURA,MORROPON,-5.235572213225784,-80.07404146379554,53986.27721761418,13.80831338587793,-1,
868f5c677ffffff,ANCASH,SIHUAS,-8.65430665211686,-77.52621576583338,53963.20195061076,34.36288868070297,-1,
86b32070fffffff,PUNO,CHUCUITO,-16.660113512746832,-69.12786813366222,53949.19046976805,32.13350086505632,-1,
868f46b57ffffff,LORETO,ALTO AMAZONAS,-5.774386185823894,-76.68820236022016,53751.90149481048,15.42972416434742,-1,
868f5876fffffff,ANCASH,RECUAY,-9.702085486480357,-77.52302516873665,53714.80426477712,34.2047130773602,-1,
868e6c36fffffff,APURIMAC,ANDAHUAYLAS,-13.49133357606633,-73.32458340972033,53709.87143101241,9.620979383054411,-1,
868f7125fffffff,LORETO,DATEM DEL MARAÑON,-5.231337033767671,-76.7406714280714,53704.25352937514,15.416046602378184,-1,
868f42697ffffff,LA LIBERTAD,BOLIVAR,-7.515046181912478,-77.7295713439529,53603.46795693057,13.976167927271606,-1,
868f4c6f7ffffff,UCAYALI,CORONEL PORTILLO,-8.430023174832932,-74.5899750217471,53579.617908806045,10.90361452099512,-1,
868f58a77ffffff,ANCASH,HUARI,-9.37828209321314,-77.00870356992192,53549.19004818208,34.09925263981971,-1,
868f09837ffffff,PIURA,AYABACA,-4.518978262077692,-80.04073852281938,53439.02423160999,13.668340023728078,-1,
868f425b7ffffff,AMAZONAS,CHACHAPOYAS,-6.928099178671378,-77.94399875913653,53328.04303093844,15.245064294651126,-1,
868e6c8f7ffffff,AYACUCHO,LA MAR,-12.931521849962174,-73.67227993990751,53279.88697794406,17.152897517947224,-1,
868f40437ffffff,SAN MARTIN,EL DORADO,-6.546922141431421,-76.74016140355081,53187.012017022666,11.583546557335422,-1,
868f4259fffffff,LA LIBERTAD,BOLIVAR,-7.037330512869364,-77.93381474602408,53135.17678771559,13.85406918498378,-1,
868f55277ffffff,AMAZONAS,CHACHAPOYAS,-6.761535989630189,-77.92765228225635,53130.85641926806,15.188693904850483,-1,
868f55017ffffff,CAJAMARCA,CHOTA,-6.357489396102812,-78.34746554970447,53121.84810447924,28.995250414383097,-1,
868e6862fffffff,AYACUCHO,LUCANAS,-14.769870593902835,-74.0193183180984,53117.29237976139,17.100551902410285,-1,
868f59ce7ffffff,HUANUCO,DOS DE MAYO,-9.803190636511422,-76.83943948581779,53102.16457851851,17.842759865700756,-1,
868f0985fffffff,PIURA,AYABACA,-4.726796847823837,-79.89530061649756,53002.77344700137,13.556758194804608,-1,
868f42a67ffffff,SAN MARTIN,HUALLAGA,-7.039854089628229,-76.72423019348618,52974.33454176163,11.537227741087683,-1,
868f55adfffffff,AMAZONAS,LUYA,-6.537724357751456,-77.88482875974594,52939.07327717221,15.133868222794511,-1,
868f584b7ffffff,ANCASH,CASMA,-9.432178265583785,-78.19131294989292,52916.18363189296,33.69616445693127,-1,
868f5dc87ffffff,HUANUCO,MARAÑON,-8.595957458833402,-76.89228819539295,52909.7359901181,17.778102292485496,-1,
868e62a67ffffff,LIMA,YAUYOS,-12.382335667973326,-76.19981140111015,52841.20781103536,10.81984661601498,-1,
86b32261fffffff,TACNA,CANDARAVE,-17.353305462668516,-70.2414414263905,52761.70233256432,16.020393878943562,-1,
868b61a2fffffff,CUSCO,ANTA,-13.422134800734442,-72.28268958923175,52647.35128314475,24.87458031919073,-1,
868f0bb0fffffff,PIURA,PIURA,-5.291461682179164,-80.77156300193396,52620.35686851581,13.458945783357928,-1,
868f44da7ffffff,LORETO,DATEM DEL MARAÑON,-4.884359556270213,-76.52199171498542,52610.5292068982,15.102088135080308,-1,
86b3222f7ffffff,TACNA,TARATA,-17.347609866687602,-69.83063289271877,52541.28682416138,15.95346762172416,-1,
868f0925fffffff,PIURA,MORROPON,-5.490622091995209,-79.82847220969389,52537.9396762788,13.43786556672796,-1,
868b60877ffffff,CUSCO,CANCHIS,-14.3577769875844,-71.10106493535923,52354.711105888855,24.73631502347576,-1,
868e602cfffffff,JUNIN,HUANCAYO,-12.469332350159762,-75.45048933041143,52319.78151690105,17.89427741280942,-1,
868b6d967ffffff,AYACUCHO,HUANTA,-12.592671303456484,-74.05963925807619,52294.49478693432,16.835660897787495,-1,
868f54037ffffff,CAJAMARCA,JAEN,-5.610299122617921,-79.27572759928698,51985.66711425455,28.375094047405188,-1,
868f55c57ffffff,AMAZONAS,UTCUBAMBA,-6.092633358417077,-78.46735639933317,51946.85987192909,14.85022089022372,-1,
868b4cd9fffffff,UCAYALI,PURUS,-10.293380870147852,-71.0961843745137,51926.65326535002,10.567231209718903,-1,
868e6b087ffffff,AREQUIPA,CARAVELI,-15.600835935857154,-74.15544000273078,51890.51104695746,10.009730624321325,-1,
86b32636fffffff,PUNO,EL COLLAO,-16.019114524136175,-69.48843998941096,51861.57945678903,30.890067002428594,-1,
868f4475fffffff,LORETO,ALTO AMAZONAS,-5.787251411203217,-76.21317188974018,51832.916414475934,14.878870898850964,-1,
868e6d88fffffff,APURIMAC,ABANCAY,-13.589547909693188,-72.77218853092371,51738.64314613122,9.267875825312789,-1,
868b6475fffffff,PUNO,MELGAR,-14.75863239248016,-70.86523569850574,51725.01550684317,30.808726063565395,-1,
868f082efffffff,PIURA,SULLANA,-4.8024754497660895,-80.84490471653571,51714.807505237,13.22732934231064,-1,
868e6e42fffffff,HUANCAVELICA,HUAYTARA,-13.762981913602944,-75.25317638369343,51605.79283409436,13.27265408348756,-1,
868f58cc7ffffff,ANCASH,HUAYLAS,-9.178473474390636,-77.82941130947195,51584.88282227893,32.84841377002492,-1,
868e6d5b7ffffff,APURIMAC,ANDAHUAYLAS,-13.778616302805256,-73.45303521579379,51542.61792022768,9.23276208166142,-1,
868f5a95fffffff,ANCASH,CASMA,-9.443703777405648,-78.3189368865655,51471.69960656973,32.776340540465654,-1,
868b618d7ffffff,CUSCO,CUSCO,-13.590580353781538,-71.88378405698829,51449.12149691691,24.308446176979597,-1,
868f58927ffffff,ANCASH,MARISCAL LUZURIAGA,-8.746197240567486,-77.3254307604971,51438.13163703351,32.754965003827444,-1,
868e6c2f7ffffff,APURIMAC,ANDAHUAYLAS,-13.685697276828948,-73.59098394159015,51426.17758916362,9.21190427666812,-1,
868f589afffffff,ANCASH,MARISCAL LUZURIAGA,-8.867181085321478,-77.44197544604474,51425.499912108746,32.74692132699314,-1,
868f55a8fffffff,AMAZONAS,LUYA,-6.43406236079066,-77.95816501976581,51408.27870621496,14.696254908489934,-1,
868e61597ffffff,JUNIN,HUANCAYO,-12.520247104933755,-75.41313864781193,51301.66767569582,17.546064729496468,-1,
86b33520fffffff,MOQUEGUA,MARISCAL NIETO,-16.67051408006314,-70.70370286896483,51229.297106277794,14.949485287501105,-1,
868f5c717ffffff,ANCASH,SIHUAS,-8.447128840335616,-77.67384448628968,51202.77482505223,32.605093616696635,-1,
868f097a7ffffff,PIURA,PIURA,-5.214058478020096,-80.49074283607963,51152.56282443523,13.083521486829902,-1,
86b3352d7ffffff,MOQUEGUA,MARISCAL NIETO,-16.793017504632527,-70.81617899517175,51131.05054543176,14.920815452096797,-1,
868e6c857ffffff,AYACUCHO,LA MAR,-12.917177807588772,-73.54623855409324,51123.37582012149,16.458631501546837,-1,
868f59aafffffff,HUANUCO,AMBO,-10.075476939630471,-76.23624437812006,51122.66483304871,17.177631826326607,-1,
86b326097ffffff,PUNO,PUNO,-15.84711341943271,-70.16932195950858,51101.96806148335,30.43762326387352,-1,
868f59adfffffff,HUANUCO,AMBO,-10.235920066511897,-76.18835930544921,51052.69895867012,17.154122722597226,-1,
868f424a7ffffff,LA LIBERTAD,BOLIVAR,-7.089180844372754,-77.89708199830078,51028.03818911706,13.304669602783031,-1,
868a68d97ffffff,LORETO,MARISCAL RAMON CASTILLA,-3.9548532174070177,-71.55902560309103,51020.8518804749,14.645764135837288,-1,
868b46977ffffff,MADRE DE DIOS,TAMBOPATA,-12.354414701605178,-68.96732533310673,50935.51383752067,28.68224034787344,-1,
868f56cd7ffffff,PIURA,SECHURA,-5.942661770930394,-80.65225885969872,50928.16238992484,13.026125576547804,-1,
868f41887ffffff,LORETO,UCAYALI,-6.907381503816032,-75.28164805483799,50865.8459898968,14.601269000428914,-1,
868f5196fffffff,CAJAMARCA,CELENDIN,-7.042861347416581,-77.99709435045858,50864.24262792565,27.76299215407543,-1,
868e6c20fffffff,APURIMAC,ANDAHUAYLAS,-13.62091463916742,-73.5020992578933,50775.520977611945,9.095353004464323,-1,
868e60a9fffffff,JUNIN,CONCEPCION,-11.977340459697787,-75.46853199971063,50744.31095249218,17.355439013300032,-1,
868f55027ffffff,AMAZONAS,LUYA,-6.294793372598591,-78.25766204709498,50725.52273528199,14.501073197651763,-1,
86b32072fffffff,PUNO,CHUCUITO,-16.603338579516958,-69.10351361320828,50715.88766276772,30.20766402411325,-1,
868e6c8cfffffff,AYACUCHO,LA MAR,-13.0321651800435,-73.59763657154008,50665.75784066513,16.311306220860065,-1,
868f55a07ffffff,AMAZONAS,CHACHAPOYAS,-6.314047544750134,-77.84207001398737,50637.89539931672,14.476022880879691,-1,
868f58357ffffff,ANCASH,HUARI,-9.67236246310684,-77.20482150441282,50604.00722778112,32.22380815647745,-1,
868f58bafffffff,ANCASH,HUARI,-9.22922888991248,-77.18319733474176,50549.36276395715,32.18901145132423,-1,
868f51287ffffff,LA LIBERTAD,SANTIAGO DE CHUCO,-7.951082016024796,-78.29645145639394,50498.03554910581,13.16648067245774,-1,
868a69ae7ffffff,LORETO,MAYNAS,-2.770007714702792,-73.37285032803652,50432.79156799316,14.476958788281925,-1,
868e66077ffffff,LIMA,HUARAL,-11.267404439149615,-76.60015483038677,50409.42667772882,10.321911387884162,-1,
868e6c207ffffff,APURIMAC,CHINCHEROS,-13.570757467879025,-73.53948497211107,50397.12184700033,9.02757086056446,-1,
868f5c66fffffff,ANCASH,POMABAMBA,-8.700273114240328,-77.4258180654688,50261.84204827706,32.00592293935354,-1,
868e6158fffffff,HUANCAVELICA,HUANCAVELICA,-12.56440874322633,-75.31218673281778,50232.93506972499,12.919564532651972,-1,
86b320527ffffff,PUNO,CHUCUITO,-16.22018592028819,-69.40124553106432,50217.52303652572,29.91082546158774,-1,
868e60ba7ffffff,JUNIN,JAUJA,-11.695814484811656,-75.40097328483142,50165.07628449665,17.157330658568462,-1,
868a682b7ffffff,LORETO,MARISCAL RAMON CASTILLA,-3.14185278618952,-72.07597605769074,50087.82269671231,14.37793392811649,-1,
868f588f7ffffff,ANCASH,ASUNCION,-9.085863492634958,-77.42118262668419,50003.88140740121,31.841657801889443,-1,
86b32049fffffff,PUNO,EL COLLAO,-16.57014989862486,-69.60992782579342,49991.05870577948,29.775937584595106,-1,
868f4b94fffffff,UCAYALI,ATALAYA,-9.814732574676276,-74.1932519183282,49951.14107190581,10.165208495120542,-1,
868e6dc5fffffff,APURIMAC,ANDAHUAYLAS,-13.669354977395514,-72.9862686139515,49898.02929279742,8.938169060740943,-1,
868f5d787ffffff,ANCASH,HUARI,-9.193552808984595,-76.80251050572872,49840.83382002688,31.73783175206148,-1,
868b62667ffffff,MADRE DE DIOS,TAMBOPATA,-13.053426652741614,-69.78147960986541,49721.801543594185,27.99878817266588,-1,
868f5891fffffff,ANCASH,MARISCAL LUZURIAGA,-8.86134666098685,-77.37848242713248,49641.16989793911,31.610689016266534,-1,
868e6150fffffff,HUANCAVELICA,HUANCAVELICA,-12.49329506221213,-75.15888102465894,49619.74160127672,12.761855400672689,-1,
868f09c8fffffff,PIURA,SULLANA,-4.725342349508215,-80.56444321988558,49564.07051080279,12.677225650032725,-1,
868e69ce7ffffff,AYACUCHO,PARINACOCHAS,-14.77971869955074,-73.18364697797516,49554.12280152952,15.953427047588812,-1,
868f5c107ffffff,LA LIBERTAD,PATAZ,-8.038711387082957,-77.42469105504618,49552.36857319418,12.919914527348704,-1,
868f424c7ffffff,LA LIBERTAD,BOLIVAR,-7.244701370888672,-77.7868431611463,49543.74226945656,12.917665369332926,-1,
868f095a7ffffff,PIURA,SULLANA,-4.849530739367613,-80.74521100704725,49389.85691190592,12.632666252837158,-1,
868f5c667ffffff,ANCASH,POMABAMBA,-8.648511991703314,-77.46274214544862,49339.78440310234,31.41877163859624,-1,
868e6605fffffff,LIMA,CANTA,-11.37645501620833,-76.58943772781507,49274.95944609361,10.08961614056348,-1,
868e660c7ffffff,LIMA,HUARAL,-11.389041437802163,-76.7169894603643,49221.50691140542,10.0786711177201,-1,
868f5846fffffff,ANCASH,HUARAZ,-9.506798714539594,-77.79852696437771,49149.91531788785,31.29786609549848,-1,
86b304807ffffff,TACNA,TACNA,-17.631373842621855,-69.95427337141032,49057.619260748885,14.895697988792463,-1,
868b65307ffffff,CUSCO,CHUMBIVILCAS,-14.328049135119985,-72.14934000013805,48933.03488203687,23.11965705337726,-1,
86b32018fffffff,PUNO,YUNGUYO,-16.33732892969475,-69.10489972154578,48913.53874154216,29.134139470454013,-1,
868e6b9b7ffffff,AYACUCHO,LUCANAS,-14.984686699676594,-73.99617963733832,48893.13385404697,15.740628629278405,-1,
868f4666fffffff,AMAZONAS,RODRIGUEZ DE MENDOZA,-6.368112130318931,-77.2014365021209,48888.92220763569,13.976038121616549,-1,
868f58027ffffff,ANCASH,CARHUAZ,-9.316315170943492,-77.52755096315347,48857.18732571275,31.111461674610982,-1,
868e6db1fffffff,APURIMAC,COTABAMBAS,-13.708990009534125,-72.4093073104371,48795.82321736599,8.74073232062095,-1,
86b326657ffffff,PUNO,PUNO,-16.25968512227272,-70.05687757203995,48767.03408774724,29.04687759722736,-1,
868e60157ffffff,JUNIN,JAUJA,-11.83080547137209,-75.64392517328271,48645.75861400349,16.637697527738094,-1,
868e6c2b7ffffff,APURIMAC,CHINCHEROS,-13.59260501683014,-73.72896728868231,48603.22490894722,8.706232436239581,-1,
868f50d77ffffff,LAMBAYEQUE,FERREÑAFE,-6.344289902559972,-79.49775837322427,48573.04874159266,10.910072076780551,-1,
868f54747ffffff,CAJAMARCA,JAEN,-5.995210408462592,-79.27327435902119,48570.15913696936,26.51082326942077,-1,
868f4a40fffffff,HUANUCO,HUANUCO,-9.659924460117962,-75.92591392256381,48541.11210574234,16.31020908076482,-1,
868f4bb37ffffff,UCAYALI,ATALAYA,-9.974072234306934,-74.14490606805914,48536.95394120795,9.877417130875909,-1,
868f54257ffffff,CAJAMARCA,CUTERVO,-6.130005531805652,-78.9102047062561,48461.23776900536,26.45137122751549,-1,
868f58b6fffffff,ANCASH,HUARI,-9.257113268232356,-76.89233796639928,48455.29038176305,30.855540242100403,-1,
868e6cc4fffffff,AYACUCHO,LA MAR,-13.01045990040836,-73.88734305320529,48393.05476831468,15.579633443384228,-1,
86b320697ffffff,PUNO,CHUCUITO,-16.8574533447031,-69.38616909403191,48373.218521628485,28.8123110963335,-1,
868e6079fffffff,LIMA,YAUYOS,-12.260506479872165,-76.08307861749144,48347.71036034102,9.899751198063283,-1,
868e6c39fffffff,APURIMAC,CHINCHEROS,-13.535121471991555,-73.70317235247127,48302.15583299016,8.65230232440942,-1,
868e6151fffffff,HUANCAVELICA,HUANCAVELICA,-12.500052271284122,-75.22241070680936,48277.71901602812,12.416696445291528,-1,
868b66107ffffff,PUNO,AZANGARO,-14.789233296298727,-69.88722918218981,48239.81197572223,28.7328507870878,-1,
868f55007ffffff,AMAZONAS,LUYA,-6.352081620831762,-78.28423612757014,48236.16040687388,13.78943094355204,-1,
868e61d5fffffff,HUANCAVELICA,TAYACAJA,-12.191752319650522,-74.90137961109248,48206.71917976046,12.398435776963185,-1,
868e6086fffffff,JUNIN,JAUJA,-11.580569832249813,-75.34862595591132,48114.05423170548,16.45584535934986,-1,
868b61117ffffff,CUSCO,PAUCARTAMBO,-13.517885736743668,-71.73393696684616,48073.15566856417,22.71338524598289,-1,
868f4679fffffff,AMAZONAS,CHACHAPOYAS,-6.23493273454989,-77.56337919368045,48071.09925927958,13.742244366572942,-1,
868b60a6fffffff,CUSCO,CANCHIS,-13.971289341530747,-71.46119822314404,48027.60581115996,22.69186405718776,-1,
868e6c06fffffff,AYACUCHO,LA MAR,-13.305180988553452,-73.60012551950838,47983.83504002095,15.447889469065167,-1,
868f5c797ffffff,ANCASH,CORONGO,-8.5161577310135,-77.82746508740877,47978.178919072576,30.551723428270016,-1,
868f55ad7ffffff,AMAZONAS,LUYA,-6.485895214899044,-77.92150027969808,47964.67600242375,13.71182079763995,-1,
868f46797ffffff,AMAZONAS,CHACHAPOYAS,-6.18317077155559,-77.60002443175345,47951.85512498793,13.708155650942004,-1,
868e60987ffffff,JUNIN,TARMA,-11.395809975676508,-75.68789841831823,47942.8696615716,16.397297251961863,-1,
868e6600fffffff,LIMA,HUARAL,-11.273687237905843,-76.66390248217769,47906.13385342404,9.809333316413731,-1,
868e6c2cfffffff,APURIMAC,ANDAHUAYLAS,-13.785968632439426,-73.5161750166823,47802.74844372595,8.56284412859103,-1,
868b6d917ffffff,AYACUCHO,LA MAR,-12.622026477577387,-73.83306422329223,47749.47403585461,15.372439416246316,-1,
868b64777ffffff,PUNO,MELGAR,-14.864768747536989,-70.85285538781908,47714.21375670177,28.419791208649265,-1,
868b65557ffffff,CUSCO,CANAS,-14.520139645496815,-71.52487770121307,47561.58044736701,22.47167851964564,-1,
868f5d52fffffff,HUANUCO,MARAÑON,-8.756790199766963,-76.844806430166,47549.110764120494,15.976888549191388,-1,
868e6c24fffffff,APURIMAC,ANDAHUAYLAS,-13.713799920771717,-73.36422771296515,47541.30124509071,8.516011432090206,-1,
868f60acfffffff,LORETO,LORETO,-3.9513145735968074,-74.54885454971922,47521.36280894085,13.641220118075765,-1,
868e63087ffffff,ICA,CHINCHA,-13.129905923857828,-75.99569041789988,47492.49993118614,6.45598919915002,-1,
868f5c2f7ffffff,HUANUCO,MARAÑON,-8.68279830334515,-77.23550235995172,47477.29130217259,15.952756624939498,-1,
868f50b8fffffff,CAJAMARCA,SANTA CRUZ,-6.744640907168043,-79.01442964340991,47262.82212387094,25.797245609317034,-1,
86b320107ffffff,PUNO,YUNGUYO,-16.214776101632875,-68.99483286783571,47246.30098341956,28.141090539109825,-1,
868f58c27ffffff,ANCASH,HUAYLAS,-8.953814408740127,-77.78635393675627,47189.843331690594,30.04972415741436,-1,
868e6114fffffff,HUANCAVELICA,CHURCAMPA,-12.540171744409854,-74.57685737574158,47158.40521249146,12.128816652940005,-1,
868f4c637ffffff,UCAYALI,CORONEL PORTILLO,-8.2641924690396,-74.57549526544435,47087.64102774856,9.582477563453866,-1,
86b331a4fffffff,TACNA,JORGE BASADRE,-17.493488161479238,-70.47848394157977,47066.55103118471,14.291136424868444,-1,
868f09077ffffff,PIURA,MORROPON,-5.017259565451194,-80.092999595203,46923.13895448315,12.00174268584682,-1,
868e6d89fffffff,APURIMAC,ABANCAY,-13.597021818266278,-72.83500369648596,46844.530872344985,8.391199861846173,-1,
86b326747ffffff,PUNO,PUNO,-16.088870366942846,-69.98286188930852,46837.23831130439,27.8974424766678,-1,
868e6199fffffff,HUANCAVELICA,TAYACAJA,-12.12059688359408,-74.7486695061436,46824.52653048281,12.042945358095295,-1,
868f09137ffffff,PIURA,PIURA,-4.752148660506432,-80.21157419883714,46715.79204934096,11.948708633614356,-1,
868e6c3a7ffffff,APURIMAC,CHINCHEROS,-13.420152189508396,-73.65162235332105,46654.7635825786,8.35720709415233,-1,
868f5d4dfffffff,ANCASH,ANTONIO RAYMONDI,-9.153842294506084,-76.96631791276569,46630.5137916347,29.693552210124043,-1,
868f59d67ffffff,HUANUCO,DOS DE MAYO,-9.566668471862418,-76.67025440263136,46615.96568948898,15.663344202766629,-1,
868e63d07ffffff,LIMA,YAUYOS,-12.535650595804666,-76.0877304840136,46607.15732771693,9.543352894160408,-1,
868f5c59fffffff,LA LIBERTAD,SANTIAGO DE CHUCO,-8.204988970320244,-78.04873009374694,46586.57927750298,12.14663677474528,-1,
868e6615fffffff,LIMA,HUARAL,-11.209731838903943,-76.57364906245209,46573.7440781349,9.53651114601731,-1,
868f4a497ffffff,HUANUCO,HUANUCO,-9.684590275323211,-76.17895467726864,46538.64902837957,15.637365174816592,-1,
868f082cfffffff,PIURA,SULLANA,-4.859558823041133,-80.87198441162934,46468.47158697401,11.88545036452984,-1,
868b444afffffff,MADRE DE DIOS,TAMBOPATA,-12.22330589064927,-69.19883103552627,46408.91262817712,26.13327099302367,-1,
868f5935fffffff,PASCO,PASCO,-10.402568541112457,-76.20387646710685,46375.72420831705,16.992702618276823,-1,
86b335267ffffff,MOQUEGUA,MARISCAL NIETO,-16.653277878044886,-70.57889504876522,46361.26436052653,13.528919556124633,-1,
868b611afffffff,CUSCO,PAUCARTAMBO,-13.460575041147818,-71.708842766872,46317.202230793206,21.883740377626964,-1,
868f09d57ffffff,PIURA,SULLANA,-4.544178967181131,-80.35692708791608,46225.61842386811,11.823334716706954,-1,
868e61107ffffff,HUANCAVELICA,TAYACAJA,-12.394900341084035,-74.75215346264527,46198.03014757943,11.881814808244714,-1,
868b64ac7ffffff,CUSCO,ESPINAR,-15.036116063069937,-71.33884714162905,46115.82220959583,21.78859326405208,-1,
86b326477ffffff,PUNO,PUNO,-15.86421584137252,-70.29337967602017,46020.824623311855,27.41116585748381,-1,
868e6c9a7ffffff,AYACUCHO,LA MAR,-12.665373165497725,-73.7327371590078,46004.734113780185,14.81073880507192,-1,
868f58467ffffff,ANCASH,HUARAZ,-9.454997245485355,-77.83553414537104,45865.33770372864,29.2063005315836,-1,
868f5b867ffffff,ANCASH,BOLOGNESI,-10.17924921822335,-77.31682519380533,45804.6607087974,29.16766240880856,-1,
868f42d77ffffff,AMAZONAS,RODRIGUEZ DE MENDOZA,-6.556494202672568,-77.46946437419871,45791.80859456116,13.090655994772552,-1,
86b3225a7ffffff,MOQUEGUA,MARISCAL NIETO,-16.81542965446792,-70.59130403694387,45769.23100533963,13.35615525067817,-1,
868f5eb2fffffff,ANCASH,PALLASCA,-8.475728479438212,-77.99145317147112,45758.40503047569,29.138207545724743,-1,
868b61727ffffff,CUSCO,PAUCARTAMBO,-13.181693861483332,-71.64576829243117,45715.92182265397,21.59965015386288,-1,
868e6c00fffffff,APURIMAC,CHINCHEROS,-13.269348942445552,-73.76372943365574,45694.98548601732,8.18528329256245,-1,
868f40aa7ffffff,SAN MARTIN,SAN MARTIN,-6.530641016004381,-75.95053207280469,45679.20052696369,9.948427744664354,-1,
868b6c517ffffff,CUSCO,CALCA,-12.821007370876345,-72.25476026177158,45670.829525524656,21.5783451510587,-1,
868f55ba7ffffff,AMAZONAS,LUYA,-6.158602650437105,-77.95199292966424,45628.63618170239,13.044009356648177,-1,
868e6891fffffff,AYACUCHO,SUCRE,-13.86541489198205,-73.73157525724847,45521.91742923305,14.655301067123633,-1,
868e6e227ffffff,AYACUCHO,HUANCA SANCOS,-14.016777180395149,-74.58223067071359,45515.75404753708,14.653316831409342,-1,
868f5c29fffffff,ANCASH,POMABAMBA,-8.694457212908398,-77.3623616317774,45456.77397569563,28.94613379947936,-1,
868e631a7ffffff,LIMA,YAUYOS,-12.90607152921564,-75.95370357451972,45424.8317796125,9.301258104684113,-1,
868f5c14fffffff,LA LIBERTAD,PATAZ,-8.188219871319594,-77.25077472246103,45387.99541527497,11.83412696946783,-1,
868f59aa7ffffff,HUANUCO,HUANUCO,-10.024046601989742,-76.27332903005215,45376.26458176752,15.246794532035029,-1,
868e6e96fffffff,AYACUCHO,HUAMANGA,-13.239698986480374,-74.47135627861519,45376.05695785259,14.608342827168205,-1,
868b64667ffffff,PUNO,MELGAR,-14.709619235407548,-70.90249207403635,45319.168460681205,26.993241719743523,-1,
868e6e537ffffff,HUANCAVELICA,HUAYTARA,-13.553442367866335,-75.33930965281661,45293.321020001975,11.649129858802835,-1,
868f55b1fffffff,AMAZONAS,CHACHAPOYAS,-6.20498308315905,-77.85225874160534,45115.73588478293,12.897384849937016,-1,
868f551afffffff,AMAZONAS,LUYA,-6.2483103386452745,-78.35750565147161,44928.382001456965,12.843825374756204,-1,
868f5bc0fffffff,ANCASH,HUARMEY,-10.232928106352253,-77.8910596939097,44921.36190750431,28.605192108984383,-1,
868f5cd67ffffff,LA LIBERTAD,PATAZ,-7.7166311993633085,-77.51905846543725,44711.258052810816,11.657679523417189,-1,
868f5eb67ffffff,ANCASH,CORONGO,-8.521880480785457,-77.89100464802236,44687.53253963181,28.456293373400904,-1,
868e6c2e7ffffff,APURIMAC,ANDAHUAYLAS,-13.678379933825248,-73.52783352238028,44686.691570971205,8.004668915535353,-1,
868f5905fffffff,HUANUCO,AMBO,-10.209274723560148,-76.47927937198094,44612.784239698056,14.99025891783072,-1,
868e604c7ffffff,LIMA,HUAROCHIRI,-12.107064882001104,-76.19506377914234,44604.490684214754,9.133283805974692,-1,
868f5d61fffffff,HUANUCO,HUAMALIES,-9.34833367447127,-76.6915163635724,44583.99695211636,14.980586154703602,-1,
868b6109fffffff,CUSCO,PAUCARTAMBO,-13.231345474711237,-71.60860210045153,44353.3291894642,20.95585860366066,-1,
868e6081fffffff,JUNIN,TARMA,-11.549179283127112,-75.5761858359524,44302.207043831375,15.152127166011793,-1,
868e65a67ffffff,JUNIN,SATIPO,-11.389055928291826,-74.05957078031103,44298.76577551657,15.150950192253651,-1,
868b610c7ffffff,CUSCO,PAUCARTAMBO,-13.196962312888584,-71.77024596312536,44227.155403443816,20.89624458893728,-1,
868b640d7ffffff,PUNO,MELGAR,-14.970861931511736,-70.84046786265652,44219.59035717421,26.338305220556588,-1,
868e6142fffffff,HUANCAVELICA,HUANCAVELICA,-12.601730991191127,-75.14771122551255,44174.39565541325,11.361349970270348,-1,
868f58977ffffff,ANCASH,MARISCAL LUZURIAGA,-8.849650076567007,-77.2515499261763,44100.10881611241,28.082231507350485,-1,
868b65787ffffff,CUSCO,CHUMBIVILCAS,-14.20035367967938,-71.56145927216495,44048.80604629226,20.811978898428308,-1,
868e6dcb7ffffff,APURIMAC,ANDAHUAYLAS,-13.541443242547544,-73.28722268968893,43992.63779679443,7.880343966058183,-1,
868f4a787ffffff,HUANUCO,PACHITEA,-9.871609616246234,-75.84094996375534,43936.10957403351,14.76289071801274,-1,
868f59d47ffffff,HUANUCO,DOS DE MAYO,-9.624277562345783,-76.69665459438734,43925.517207790646,14.759331596670306,-1,
868f5d487ffffff,ANCASH,ANTONIO RAYMONDI,-8.998859301508562,-77.07724211071363,43900.843239380985,27.95534243139489,-1,
868e6ca0fffffff,CUSCO,LA CONVENCION,-13.218643957487195,-73.32233282466765,43807.02953340861,20.69774543477933,-1,
868e6d79fffffff,APURIMAC,AYMARAES,-14.236046734669577,-73.17937728022575,43795.45680945768,7.845023192365144,-1,
868e6d527ffffff,APURIMAC,ANDAHUAYLAS,-13.699037420273248,-73.2381296773978,43767.832338061504,7.840074856748444,-1,
868e68477ffffff,AYACUCHO,LUCANAS,-14.469261575954985,-74.24458960738367,43762.71041561798,14.088942928453314,-1,
868e654c7ffffff,JUNIN,CONCEPCION,-11.611746044705075,-75.12128250047098,43754.87033652592,14.96492846993976,-1,
868b65687ffffff,CUSCO,ACOMAYO,-14.036408261214632,-71.54855703319464,43582.45536782775,20.591639657694497,-1,
868f59ccfffffff,HUANUCO,DOS DE MAYO,-9.912397531223617,-76.82883992189062,43503.90093931928,14.617665096000938,-1,
868b642e7ffffff,CUSCO,ESPINAR,-14.692954031887554,-71.18862820929878,43423.98099349639,20.51676440838445,-1,
868f41aafffffff,LORETO,UCAYALI,-7.260701377000227,-74.96212743724084,43421.30096673704,12.4642789955728,-1,
868f58ae7ffffff,ANCASH,HUARI,-9.441856494209697,-77.09869816869893,43367.74960168621,27.61587707970463,-1,
86b3200a7ffffff,PUNO,CHUCUITO,-16.394133782549734,-69.12923373387457,43309.12422801888,25.79600859118989,-1,
868b6c1afffffff,CUSCO,LA CONVENCION,-12.81539714766873,-72.66703603009474,43307.73524702459,20.46184114848813,-1,
868f5949fffffff,ANCASH,BOLOGNESI,-10.224864449979512,-77.2160098453439,43297.80174289898,27.571335421721493,-1,
86b33198fffffff,MOQUEGUA,MARISCAL NIETO,-16.98103404954578,-71.01656769320728,43272.89664439337,12.62768705162735,-1,
868b6d9b7ffffff,CUSCO,LA CONVENCION,-12.607861745199946,-73.70701575465641,43216.45211600175,20.41871211124173,-1,
868e60a2fffffff,JUNIN,HUANCAYO,-11.842192791662349,-75.22575526548862,43210.08049519956,14.778600846434202,-1,
868b712d7ffffff,MADRE DE DIOS,TAMBOPATA,-12.460277331947584,-68.95459833839575,43205.87070355608,24.32960962976829,-1,
868e6dc6fffffff,APURIMAC,ABANCAY,-13.60448292016409,-72.89784753126513,43052.50904828754,7.711939926617886,-1,
868f098d7ffffff,PIURA,PIURA,-4.742022756325834,-80.0850316103094,43042.65700377112,11.009214331878526,-1,
86b3260efffffff,PUNO,PUNO,-15.918028414098258,-69.90897262565373,42956.987804872966,25.58626724087032,-1,
868f5504fffffff,AMAZONAS,LUYA,-6.502270313167808,-78.11106031700005,42931.38111916172,12.27293611805868,-1,
868f5caafffffff,LA LIBERTAD,PATAZ,-8.228366188821324,-77.08729553074103,42902.51903729702,11.1860824200779,-1,
86b3048a7ffffff,TACNA,TARATA,-17.649360816424746,-70.07882249742228,42758.11620081512,12.982937107317625,-1,
868f0922fffffff,PIURA,MORROPON,-5.329384237323373,-79.87448567886985,42667.11053992181,10.913159120609068,-1,
868f5875fffffff,ANCASH,AIJA,-9.765652260486046,-77.61338960474522,42491.606680971,27.05796352816116,-1,
868f59a77ffffff,HUANUCO,PACHITEA,-10.056850443248814,-76.04615101151393,42397.51246772922,14.245909556966904,-1,
868b66297ffffff,PUNO,CARABAYA,-14.20323426221794,-69.92571010905718,42343.12206811149,25.220633298794635,-1,
868f59867ffffff,HUANUCO,HUANUCO,-9.69073227244736,-76.2422669206489,42324.35221010024,14.221327114444126,-1,
868f09847ffffff,PIURA,AYABACA,-4.669761288005279,-79.86845556422053,42287.59539090336,10.816088820851018,-1,
868b63b57ffffff,CUSCO,PAUCARTAMBO,-12.971506636987288,-71.26040193228714,42275.68716138978,19.9742237779328,-1,
868f58a37ffffff,ANCASH,HUARI,-9.28091050097182,-77.14620370985513,42258.31621766908,26.909407958236848,-1,
868f58c0fffffff,ANCASH,HUAYLAS,-9.063237940102724,-77.77605992309567,42221.39507360591,26.885897174637165,-1,
86b32690fffffff,PUNO,HUANCANE,-15.251561979658828,-69.73789708573231,42212.98814903389,25.14312224877069,-1,
868f4830fffffff,UCAYALI,CORONEL PORTILLO,-9.317228602288177,-74.15038057246399,42162.83338138872,8.580264291657997,-1,
868b6195fffffff,CUSCO,PARURO,-13.777926915469136,-72.08432743040242,42145.94593042253,19.912924233098167,-1,
868e66177ffffff,LIMA,HUARAL,-11.100667698487426,-76.58436523775835,42144.40085925815,8.629552046798462,-1,
868e6148fffffff,HUANCAVELICA,HUANCAVELICA,-12.730487720548451,-75.327298853781,42139.18575724152,10.837908017686354,-1,
868f59307ffffff,HUANUCO,AMBO,-10.248348889744356,-76.31522486399187,42108.5484863044,14.148815305323431,-1,
868f55107ffffff,AMAZONAS,LUYA,-6.185646589682249,-78.2677270139588,42048.67167429574,12.020593045340435,-1,
868e6dc4fffffff,APURIMAC,ABANCAY,-13.661901821552831,-72.92337391939583,42029.5813528906,7.528704219557774,-1,
868f09507ffffff,PIURA,SULLANA,-4.839481719372119,-80.61847527461391,41854.81987325054,10.705395876616368,-1,
868f0bb4fffffff,PIURA,PIURA,-5.3906430154719365,-80.63533858424361,41819.64517476901,10.69639908548871,-1,
868f58957ffffff,ANCASH,MARISCAL LUZURIAGA,-8.907227947737509,-77.27805747381043,41768.1474569104,26.597276469521177,-1,
868f5872fffffff,ANCASH,HUARAZ,-9.604493045549804,-77.6607823504441,41688.55825694461,26.54659536240093,-1,
868f46037ffffff,SAN MARTIN,RIOJA,-5.8236827729839735,-77.25326122186246,41686.14545169333,9.078784243059204,-1,
868f0972fffffff,PIURA,MORROPON,-5.198821589457554,-80.30055232632027,41666.89199117159,10.65732871541482,-1,
868e66827ffffff,PASCO,PASCO,-10.76093442524939,-76.48922220346091,41649.563818688366,16.13551605757616,-1,
868b6d91fffffff,AYACUCHO,HUANTA,-12.571566308136598,-73.87035520229635,41642.36671079851,13.406320641986214,-1,
868f55cefffffff,CAJAMARCA,CHOTA,-6.1498957292390735,-78.49396893821786,41625.363022603306,22.72017761987871,-1,
868b6291fffffff,PUNO,CARABAYA,-13.991370503697674,-69.95085373392425,41538.40183031479,24.74132159398121,-1,
868e6c9afffffff,AYACUCHO,LA MAR,-12.715775621292222,-73.6954441552985,41494.06504090565,13.358576483923986,-1,
868e68747ffffff,AYACUCHO,LUCANAS,-14.705054282287156,-73.92981471920497,41480.33158951026,13.354155144133037,-1,
868f55b87ffffff,AMAZONAS,LUYA,-6.215852364519882,-77.97847494618563,41419.88986368746,11.840841106487757,-1,
86b322a47ffffff,PUNO,CHUCUITO,-16.92322377629892,-69.47247060686674,41414.49227613574,24.66751793294884,-1,
868f591afffffff,HUANUCO,LAURICOCHA,-9.951779788799888,-76.66472914665387,41399.155900053855,13.91045361767017,-1,
86b326227ffffff,PUNO,PUNO,-16.045374020457484,-69.67358273407805,41384.10885240744,24.649420798141907,-1,
868e6c31fffffff,APURIMAC,CHINCHEROS,-13.463101991855591,-73.5511293713156,41375.74442258058,7.411583260992974,-1,
868f4e4b7ffffff,HUANUCO,LEONCIO PRADO,-8.461325713431178,-76.04490162218153,41316.52368740114,13.882688521101388,-1,
868b65457ffffff,CUSCO,CANAS,-14.356331907390082,-71.51198483286633,41290.061770363885,19.50853999031257,-1,
868f5535fffffff,AMAZONAS,LUYA,-6.704196656182524,-77.90113993522152,41264.02788312687,11.79628432585811,-1,
86b326377ffffff,PUNO,EL COLLAO,-15.97973002251988,-69.58733723815227,41186.46377860318,24.531698398699746,-1,
868f5849fffffff,ANCASH,CASMA,-9.541704396933527,-78.18112497376377,41162.495163867214,26.21160694709174,-1,
868f0999fffffff,PIURA,AYABACA,-4.529072674312513,-80.16718172898766,41157.58742544381,10.527061591714483,-1,
868f4960fffffff,UCAYALI,ATALAYA,-10.195320129049316,-73.64698838534309,41128.22752200266,8.369718865762858,-1,
868b652afffffff,CUSCO,CHUMBIVILCAS,-14.098775985106773,-72.04818994443322,41083.87702041787,19.41112276042115,-1,
868f466c7ffffff,AMAZONAS,RODRIGUEZ DE MENDOZA,-6.441943060563729,-77.41673378713722,41082.83858164467,11.744487140107331,-1,
868e6b927ffffff,AYACUCHO,PARINACOCHAS,-14.90493496004341,-73.77961196726348,41033.6996474812,13.210366702294984,-1,
868e646dfffffff,JUNIN,TARMA,-11.357578341224585,-75.85213419946737,41006.27065859461,14.02485946147547,-1,
868e6d517ffffff,APURIMAC,ANDAHUAYLAS,-13.763871607236997,-73.32683788512247,40987.61350759301,7.342057875220681,-1,
868f55aefffffff,AMAZONAS,CHACHAPOYAS,-6.474945818695212,-77.79520806022833,40936.58129133487,11.702676084092378,-1,
868f51257ffffff,LA LIBERTAD,SANTIAGO DE CHUCO,-7.986157339525653,-78.06909577929461,40929.04732890526,10.671534144612512,-1,
868e654a7ffffff,JUNIN,JAUJA,-11.458750691652645,-75.23297824091527,40920.67944613917,13.995585774633303,-1,
868f5dd37ffffff,SAN MARTIN,TOCACHE,-8.308385568869573,-76.76054317317093,40903.5255548727,8.908338232506528,-1,
868b6d98fffffff,CUSCO,LA CONVENCION,-12.506988544924786,-73.78157471219238,40849.39246058635,19.30033456547911,-1,
868f59d8fffffff,HUANUCO,HUAMALIES,-9.64840051837916,-76.95058695819709,40841.238458407664,13.722988812512188,-1,
868f59d37ffffff,HUANUCO,HUAMALIES,-9.475549575597569,-76.87119842002281,40804.37006172835,13.7106007309,-1,
86b3262a7ffffff,PUNO,PUNO,-16.119735136423934,-69.82177269757513,40790.75286373692,24.29600298020606,-1,
868e62b0fffffff,LIMA,HUAROCHIRI,-12.228862863858964,-76.31184239354937,40783.892058212405,8.350972181635367,-1,
868f09127ffffff,PIURA,PIURA,-4.747088192677712,-80.14829747955028,40735.47477550269,10.419095937201291,-1,
868e63ab7ffffff,HUANCAVELICA,CASTROVIRREYNA,-13.032043285225614,-75.58619314921789,40718.497143574525,10.472516702215788,-1,
868f55187ffffff,CAJAMARCA,CHOTA,-6.253697887217539,-78.4207316065718,40627.79955145224,22.175682206364897,-1,
868f5818fffffff,ANCASH,CARHUAZ,-9.328038126687549,-77.65480825968365,40627.52481151456,25.87094653405332,-1,
868b65727ffffff,CUSCO,CHUMBIVILCAS,-14.33063824821036,-71.73656465619652,40506.37731558203,19.138268334849183,-1,
868f594efffffff,ANCASH,BOLOGNESI,-10.25828523211126,-76.9878675671766,40482.87673608841,25.778836993957903,-1,
868e61537ffffff,JUNIN,HUANCAYO,-12.391572923377469,-75.2335560467517,40470.74185700398,13.841699275014896,-1,
868f59c1fffffff,HUANUCO,DOS DE MAYO,-9.751605449445952,-76.87649468572957,40454.5187991054,13.593047856789504,-1,
868f5909fffffff,HUANUCO,LAURICOCHA,-10.182337195264768,-76.77052230574225,40417.13294946702,13.58048590676793,-1,
868f42da7ffffff,AMAZONAS,RODRIGUEZ DE MENDOZA,-6.521258424513845,-77.69541235704116,40416.020845366496,11.553861745200622,-1,
868f508e7ffffff,CAJAMARCA,CHOTA,-6.536560756894421,-79.16098253634866,40407.574372501775,22.055477724799005,-1,
868b6c30fffffff,CUSCO,LA CONVENCION,-12.47885758664468,-73.05290306528985,40382.10552177961,19.07955296473069,-1,
868f4648fffffff,AMAZONAS,CHACHAPOYAS,-6.033295187207294,-77.77295214558949,40289.96766340399,11.517826504559055,-1,
868b75acfffffff,PUNO,SANDIA,-13.957557877884025,-69.30055574113625,40267.11274017943,23.984109692896364,-1,
868f558c7ffffff,AMAZONAS,LUYA,-6.117597020975062,-78.11486395392383,40207.53523565985,11.49426127340676,-1,
868f58ce7ffffff,ANCASH,HUAYLAS,-9.120853075086057,-77.80272964089629,40194.93091788629,25.59547778362029,-1,
868f58187ffffff,ANCASH,CARHUAZ,-9.276256272003955,-77.69179868848686,40160.94673712698,25.5738372104496,-1,
868f55a17ffffff,AMAZONAS,CHACHAPOYAS,-6.319500059120902,-77.90518844232534,40124.697586612325,11.470580200298288,-1,
868f5c057ffffff,LA LIBERTAD,PATAZ,-8.309023638485156,-77.36705966422561,40094.14298800028,10.453847421785705,-1,
868f5928fffffff,PASCO,DANIEL ALCIDES CARRION,-10.53654943630696,-76.44710780203138,40070.33814882357,15.523706021207753,-1,
868e6cc77ffffff,AYACUCHO,LA MAR,-12.90963833353038,-73.9620188232302,40060.61489216176,12.89709233121419,-1,
868e61cefffffff,HUANCAVELICA,TAYACAJA,-12.364544322167522,-74.97964823887575,39999.734483328095,10.28765590202912,-1,
868f5c477ffffff,ANCASH,PALLASCA,-8.29166072508931,-77.78449625951777,39977.73544999055,25.457171244803607,-1,
868f598efffffff,HUANUCO,HUANUCO,-9.812069395336724,-76.35822062706437,39963.56411668483,13.428083084206293,-1,
868f5c64fffffff,ANCASH,POMABAMBA,-8.75784447083316,-77.4523620580055,39754.72722952623,25.315163239761382,-1,
868f400e7ffffff,SAN MARTIN,SAN MARTIN,-6.667797615301844,-76.25324562924473,39682.883109771006,8.642495725915447,-1,
868e680b7ffffff,AYACUCHO,LUCANAS,-14.397208113463748,-74.09149181149905,39604.1037596156,12.75012338821309,-1,
868e6cd8fffffff,AYACUCHO,HUANTA,-12.82282589672443,-74.16306654872419,39602.65189754502,12.749655976536392,-1,
868f54687ffffff,LAMBAYEQUE,LAMBAYEQUE,-6.130794314089038,-79.5805714689146,39588.01988622287,8.89193002138806,-1,
868f58b5fffffff,ANCASH,HUARI,-9.320676755315027,-76.98223383939333,39586.12921403456,25.207802767648733,-1,
868f5b827ffffff,ANCASH,RECUAY,-10.081900940879354,-77.45473820864308,39526.897685577154,25.170085094397383,-1,
868f4600fffffff,SAN MARTIN,RIOJA,-5.927049500263413,-77.1800338463233,39492.32107577138,8.60099340966973,-1,
868f5d4cfffffff,ANCASH,HUARI,-9.147894849042157,-76.90289783309896,39479.99971593231,25.14022123065313,-1,
868f5024fffffff,CAJAMARCA,CONTUMAZA,-7.343888191379318,-78.92835960447793,39346.50393659298,21.476318601118592,-1,
868f5d717ffffff,HUANUCO,HUAMALIES,-9.129996014149436,-76.71275182039388,39306.0996149712,13.207169655960762,-1,
868b618cfffffff,CUSCO,CUSCO,-13.5485776815038,-71.98344588925384,39249.67533409504,18.544507516614207,-1,
86b3263afffffff,PUNO,PUNO,-16.005888558059336,-69.77261891621923,39239.16614912782,23.371838732291334,-1,
868e6bc57ffffff,AYACUCHO,LUCANAS,-15.279057262522066,-74.1900743761552,39231.75136408887,12.63024846273369,-1,
868e6e737ffffff,HUANCAVELICA,HUAYTARA,-13.907771991258894,-75.07689246037692,39213.24903234961,10.085377267029896,-1,
868e6dc1fffffff,APURIMAC,ANDAHUAYLAS,-13.576759844360955,-73.12390491314726,39172.64239719491,7.016944461825001,-1,
868f589b7ffffff,ANCASH,POMABAMBA,-8.821235124666861,-77.54242823641643,39135.86346312691,24.9210808661327,-1,
868e6eb87ffffff,AYACUCHO,CANGALLO,-13.577893073159943,-74.56416444962613,39129.493855448345,12.59732773662784,-1,
868f5c237ffffff,HUANUCO,MARAÑON,-8.51597811246508,-77.21947215869861,39102.89516750311,13.138891306319207,-1,
868b61c6fffffff,CUSCO,QUISPICANCHI,-13.624794014894578,-71.72181971584119,39078.10736694196,18.46344586631014,-1,
868e6e0dfffffff,HUANCAVELICA,HUAYTARA,-13.944253048783091,-74.91189890648334,39071.29120263825,10.048866692059004,-1,
868e657a7ffffff,JUNIN,CONCEPCION,-11.64938655174727,-74.95743165405179,39041.33040011712,13.352815636647277,-1,
868b44cafffffff,MADRE DE DIOS,TAMBOPATA,-12.622195390689717,-69.36748288296528,39036.83817078518,21.98199037330064,-1,
868f58dafffffff,ANCASH,HUAYLAS,-8.907760488564444,-77.88691236421855,38946.686505963495,24.80061605891259,-1,
868b6c197ffffff,CUSCO,LA CONVENCION,-12.800665048866184,-72.54188938720925,38937.97439771654,18.39723648039788,-1,
868f5c637ffffff,ANCASH,SIHUAS,-8.556495935601433,-77.66353305907342,38913.94658646642,24.77976781106172,-1,
868e66217ffffff,LIMA,HUAROCHIRI,-11.588164313283272,-76.50420074510696,38881.75756367738,7.961488210195902,-1,
868f5c70fffffff,ANCASH,SIHUAS,-8.493177183708413,-77.57347535871428,38864.312967353406,24.748161930262388,-1,
868e6c237ffffff,APURIMAC,CHINCHEROS,-13.52057791772764,-73.5768674136805,38818.22207792321,6.95345761119963,-1,
868f42d87ffffff,AMAZONAS,CHACHAPOYAS,-6.57855740775637,-77.72185438328337,38652.63415270069,11.049756550670493,-1,
868f09627ffffff,PIURA,PIURA,-5.313139719088019,-80.35454152227862,38642.00557317789,9.88363988615962,-1,
868f46687ffffff,AMAZONAS,RODRIGUEZ DE MENDOZA,-6.343940258376297,-77.55310462800178,38636.09387029219,11.045028125353571,-1,
868e6cc1fffffff,AYACUCHO,LA MAR,-12.923797621737208,-74.08838723546559,38582.6576901524,12.421279602248132,-1,
868f5c4f7ffffff,ANCASH,PALLASCA,-8.360607319887198,-77.9381285127204,38531.00270277457,24.535915378837565,-1,
868f0864fffffff,PIURA,PAITA,-4.827445213910865,-81.16192354736175,38481.08817858766,9.8424813190522,-1,
868f59407ffffff,ANCASH,BOLOGNESI,-10.097453077374835,-77.03552556812821,38453.69317807288,24.486685931820805,-1,
868f58c5fffffff,ANCASH,YUNGAY,-9.16684395330051,-77.70212442213614,38425.21589949397,24.468552064326584,-1,
868e66017ffffff,LIMA,HUARAL,-11.228537743301514,-76.76489404917068,38419.4904028478,7.866833678571961,-1,
868b6185fffffff,CUSCO,CUSCO,-13.613562716509833,-72.07112246371233,38367.48371691375,18.127693646520832,-1,
868e6d547ffffff,APURIMAC,ABANCAY,-13.84907745754586,-73.12598517648446,38316.9470138542,6.863664861223644,-1,
868f426afffffff,LA LIBERTAD,BOLIVAR,-7.503791793126354,-77.6029781569665,38262.63839616371,9.97631459208812,-1,
868b61017ffffff,CUSCO,PAUCARTAMBO,-13.353629119080091,-71.72095698482023,38202.00066187806,18.04950696773025,-1,
868e6c29fffffff,APURIMAC,CHINCHEROS,-13.700291932591927,-73.71736583364282,38189.53241114031,11.530954625003352,-1,
868e61af7ffffff,HUANCAVELICA,CHURCAMPA,-12.627599522854975,-74.37562800500203,38137.36244012245,9.808666653986876,-1,
868f5811fffffff,ANCASH,CARHUAZ,-9.264558074196904,-77.56454274780587,38122.531621374,24.275807642600927,-1,
868f5c737ffffff,ANCASH,SIHUAS,-8.389579251551293,-77.64726468968831,38121.57861307496,24.275200782427543,-1,
868f4c60fffffff,UCAYALI,CORONEL PORTILLO,-8.36649460528432,-74.50181897077952,38113.42873775587,7.756198182249565,-1,
868b656dfffffff,CUSCO,ACOMAYO,-13.888019182534908,-71.66031456472658,38110.56754172316,18.006307064303098,-1,
868f58da7ffffff,ANCASH,HUAYLAS,-8.855917012981614,-77.92384951305561,38086.74571442344,24.253019759517084,-1,
868f466cfffffff,AMAZONAS,RODRIGUEZ DE MENDOZA,-6.493685521763095,-77.38005646361397,38014.38144317269,10.867297134574075,-1,
868f5c747ffffff,ANCASH,SIHUAS,-8.539184454630629,-77.47311571383914,37937.29394439863,24.15785130488764,-1,
868f59267ffffff,PASCO,PASCO,-10.453948075028263,-76.16674932838542,37909.76948257494,14.686677077531089,-1,
868f5808fffffff,ANCASH,HUARAZ,-9.495081626775573,-77.67112765814664,37888.25837190878,24.12662625044395,-1,
868e68117ffffff,AYACUCHO,LUCANAS,-14.217519966292214,-73.95016236691994,37848.581993598775,12.184951676128238,-1,
868e61db7ffffff,JUNIN,HUANCAYO,-12.059314363526678,-75.20349134916185,37824.92828456529,12.936784906584284,-1,
868e61cd7ffffff,HUANCAVELICA,HUANCAVELICA,-12.37808377036919,-75.10655516261487,37789.30170630559,9.719147833205502,-1,
868e6db4fffffff,APURIMAC,COTABAMBAS,-13.793246454251117,-72.20944828471852,37771.26079442348,6.765916798774764,-1,
868f5c137ffffff,LA LIBERTAD,PATAZ,-7.986937576915483,-77.46154068079827,37726.44501051817,9.83651153297829,-1,
868f5aa2fffffff,ANCASH,HUARMEY,-9.812601353486176,-78.12369738376366,37706.16052508797,24.010669305468262,-1,
868b6d857ffffff,AYACUCHO,HUANTA,-12.362532435106845,-73.95642225340215,37655.08203981723,12.122656407402978,-1,
868b656f7ffffff,CUSCO,ACOMAYO,-13.994791626633727,-71.64816465554166,37625.996967179824,17.777359370202227,-1,
868b44997ffffff,MADRE DE DIOS,TAMBOPATA,-12.825174910794363,-69.68424941339283,37616.784127881525,21.18234532612475,-1,
868f59847ffffff,HUANUCO,HUANUCO,-9.748328363626944,-76.26855199901497,37608.02488169732,12.636602713157146,-1,
868f0b92fffffff,PIURA,PAITA,-4.869565804901065,-80.9987942633399,37576.86192202319,9.611203294971151,-1,
868e64627ffffff,JUNIN,TARMA,-11.07581779130334,-75.78424481405123,37490.84642055566,12.822523084767507,-1,
868f58987ffffff,ANCASH,POMABAMBA,-8.873006225673914,-77.50548611263659,37485.05707185312,23.869874225195183,-1,
868f583afffffff,ANCASH,HUARAZ,-9.632585381911325,-77.36908601567609,37472.5116412753,23.861885499196465,-1,
868f58c17ffffff,ANCASH,HUAYLAS,-9.017204388850928,-77.87664970802888,37468.97397619631,23.859632771654272,-1,
868f5d7a7ffffff,HUANUCO,HUAMALIES,-9.135971678650176,-76.77611464033787,37460.10261812007,12.586899627628544,-1,
868f55177ffffff,AMAZONAS,LUYA,-6.232109636687487,-78.1679197626805,37389.09808257995,10.68854530921492,-1,
868f49c4fffffff,UCAYALI,CORONEL PORTILLO,-9.532893472870818,-73.59109216313497,37352.83535591348,7.601415125435968,-1,
868b61927ffffff,CUSCO,CHUMBIVILCAS,-13.984135653293928,-71.99769664845901,37334.63408608564,17.639697565549795,-1,
868e64667ffffff,JUNIN,TARMA,-11.171753761944926,-75.64641047680848,37334.19076947415,12.768944120990078,-1,
868e61997ffffff,HUANCAVELICA,TAYACAJA,-12.069792740145148,-74.78595059705748,37294.62286540035,9.591919846245515,-1,
868b6cc4fffffff,CUSCO,LA CONVENCION,-12.922866774129837,-72.65518301972654,37208.0008492325,17.579866471593295,-1,
868f58d1fffffff,ANCASH,HUAYLAS,-8.901991657247738,-77.82329894471026,37167.72807938649,23.66780428773539,-1,
868f09c87ffffff,PIURA,SULLANA,-4.673311922008583,-80.60076236729557,37167.52606003193,9.506505617084049,-1,
868f58a07ffffff,ANCASH,HUARI,-9.33258179719934,-77.10920384177848,37114.619917836746,23.63398587486506,-1,
868f5c22fffffff,HUANUCO,MARAÑON,-8.561859465772727,-77.11919355387742,37061.22550641224,12.452873668863658,-1,
86b33525fffffff,MOQUEGUA,MARISCAL NIETO,-16.767154698864417,-70.62877111794913,36976.54345554384,10.790315768426938,-1,
868e66297ffffff,LIMA,CANTA,-11.65851750251664,-76.65834072561812,36973.08062273167,7.570664597412311,-1,
868b6cda7ffffff,CUSCO,URUBAMBA,-13.21520840376928,-72.3691514378766,36960.486507536894,17.462922024767344,-1,
868b64047ffffff,CUSCO,ESPINAR,-15.052590251009342,-71.05208215090398,36958.604602921645,17.462032871061336,-1,
868f5eb47ffffff,ANCASH,CORONGO,-8.579452086247437,-77.91766145789892,36931.51328754824,23.517386552996403,-1,
868f0ba17ffffff,PIURA,SECHURA,-5.410876157900122,-80.88928016895098,36827.05245728597,9.419421149537149,-1,
868e64777ffffff,JUNIN,TARMA,-11.0117599772946,-75.69457939804765,36688.96528487906,12.548265756508965,-1,
868b6e967ffffff,CUSCO,CALCA,-12.741270284453336,-72.04247860523321,36680.36187831976,17.3305700180848,-1,
868e6c28fffffff,APURIMAC,CHINCHEROS,-13.693001290740058,-73.65416142411968,36679.24249469172,6.57030498165969,-1,
868f58077ffffff,ANCASH,HUARAZ,-9.419799316020752,-77.45354772402187,36627.11364765904,23.323549816815845,-1,
868b61157ffffff,CUSCO,CALCA,-13.426264599827348,-71.87070943413877,36600.10136873539,17.292648898722526,-1,
86b330167ffffff,AREQUIPA,AREQUIPA,-16.66839046989151,-71.88273060845489,36571.58117234022,7.054693982669713,-1,
868e6cda7ffffff,AYACUCHO,HUANTA,-12.714766169177798,-74.17451583505644,36464.37923257434,11.739322200342365,-1,
868b61bb7ffffff,CUSCO,CUSCO,-13.556220127761971,-72.04589950953405,36422.72469296942,17.208842776276548,-1,
868f09537ffffff,PIURA,SULLANA,-4.78743104967405,-80.65480228126067,36378.28311134055,9.30463739177198,-1,
868e6dbb7ffffff,APURIMAC,ABANCAY,-13.67430078987267,-72.57201376802976,36305.840231312126,6.503417920085258,-1,
868b66157ffffff,PUNO,AZANGARO,-14.69189059386698,-69.9614743635383,36255.52098959859,21.59470429375921,-1,
868f5eb37ffffff,ANCASH,PALLASCA,-8.429536530252975,-78.09190862323703,36192.31166199761,23.04667498931568,-1,
868e6e0b7ffffff,HUANCAVELICA,HUAYTARA,-13.742123395763652,-75.06187383469424,36104.33061676597,9.285784887227054,-1,
868f460e7ffffff,SAN MARTIN,RIOJA,-5.984210541395333,-77.20628630807626,36022.672330276604,7.845342053128477,-1,
868b64277ffffff,CUSCO,ESPINAR,-14.758218486060764,-71.27595499067947,35976.66970772137,16.9980927520701,-1,
868b61c4fffffff,CUSCO,PAUCARTAMBO,-13.56748775086561,-71.69672142109702,35921.40199686443,16.971980116215448,-1,
868e6cd27ffffff,AYACUCHO,HUANTA,-12.64318174828347,-74.02233427224286,35821.483157485905,11.532348591422222,-1,
868f0988fffffff,PIURA,PIURA,-4.690041358706353,-80.1213913585857,35812.15674206867,9.159836699340373,-1,
86b32630fffffff,PUNO,PUNO,-15.9884629136458,-69.64906233087568,35784.673327535325,21.314255530312096,-1,
868f0936fffffff,PIURA,MORROPON,-5.261942285028595,-79.72097330967512,35770.061648725736,9.149069847635742,-1,
868b60247ffffff,CUSCO,QUISPICANCHI,-13.562630650371537,-71.22417324424723,35769.45927304748,16.900190911338367,-1,
868e6805fffffff,AYACUCHO,LUCANAS,-14.525376760983232,-73.78857287923394,35756.04742904367,11.5112822489871,-1,
868b60a0fffffff,CUSCO,CANCHIS,-14.004921995846036,-71.29949034747698,35756.01174760829,16.89383728587614,-1,
868e6e447ffffff,HUANCAVELICA,HUAYTARA,-13.864188622858745,-75.17817999322546,35681.00215835951,9.17690772666897,-1,
868f5c51fffffff,LA LIBERTAD,SANTIAGO DE CHUCO,-8.136124394581588,-77.89508736974366,35603.10054127056,9.282886553089076,-1,
868e639a7ffffff,LIMA,YAUYOS,-12.50265435911944,-75.76883500471044,35592.9538244957,7.288067721107631,-1,
868e6c037ffffff,AYACUCHO,LA MAR,-13.16870517070315,-73.83845023567801,35527.96377905275,11.437853124119904,-1,
868f4641fffffff,AMAZONAS,CHACHAPOYAS,-5.970663991000684,-77.6835264709918,35510.21144953397,10.15142176416886,-1,
868b6509fffffff,CUSCO,CHUMBIVILCAS,-14.380038314542324,-71.69925292738202,35438.1426872381,16.74365196257963,-1,
868e62b07ffffff,LIMA,HUAROCHIRI,-12.177670825637346,-76.34917482106428,35425.485107373264,7.253776570180018,-1,
868e6d137ffffff,APURIMAC,ABANCAY,-13.654435735515523,-72.86050771855358,35409.26873618256,6.342816234766474,-1,
868b6501fffffff,CUSCO,CHUMBIVILCAS,-14.453058607524696,-71.84946476812549,35356.41977507643,16.705039893920166,-1,
868e6675fffffff,LIMA,CANTA,-11.613468049336758,-76.75945069710573,35299.964131922374,7.228074703062826,-1,
868b609afffffff,PUNO,MELGAR,-14.497152481903004,-70.92720904000629,35295.880329136475,21.02311807115625,-1,
868f588c7ffffff,ANCASH,ASUNCION,-9.137600186277805,-77.38420847238224,35291.07602772016,22.47278280619239,-1,
868e6c937ffffff,CUSCO,LA CONVENCION,-12.600761135383966,-73.64403139751096,35266.10726346864,16.66236945050633,-1,
868e61c57ffffff,HUANCAVELICA,TAYACAJA,-12.306946138456432,-74.95354576618841,35244.46412506695,9.064633154533142,-1,
868f5c487ffffff,ANCASH,PALLASCA,-8.314418094200873,-78.03853759853061,35231.19088176905,22.434648919959525,-1,
868b442d7ffffff,MADRE DE DIOS,TAMBOPATA,-11.827110033057776,-69.89498920030255,35097.94320483685,19.76396362522968,-1,
868f50bafffffff,CAJAMARCA,SANTA CRUZ,-6.687262394942613,-78.98763579323455,35018.423488494474,19.113942650654813,-1,
868f5898fffffff,ANCASH,MARISCAL LUZURIAGA,-8.924768242550966,-77.46853745886052,34999.27789267966,22.286970503193565,-1,
868f59347ffffff,HUANUCO,AMBO,-10.34493823612931,-76.17755767461507,34996.50255950749,11.75910993958384,-1,
868f59cefffffff,HUANUCO,DOS DE MAYO,-9.85476411136866,-76.80237828281996,34984.59371911272,11.755108472202435,-1,
868e6b91fffffff,AYACUCHO,LUCANAS,-15.019715096372604,-73.83148972724877,34983.787042145115,11.262661164653256,-1,
868f551b7ffffff,CAJAMARCA,CHOTA,-6.2017980649810704,-78.45735387695359,34983.5038823111,19.094882644992605,-1,
868b6969fffffff,UCAYALI,ATALAYA,-10.371294888708595,-73.24924656368262,34974.32661536274,7.117381392946054,-1,
868e6c8efffffff,AYACUCHO,LA MAR,-12.974671204152283,-73.57193092812935,34922.93189718721,11.243069492746464,-1,
868f586e7ffffff,ANCASH,HUARMEY,-9.886879868201596,-77.73053201687082,34862.16729369359,22.199660705412946,-1,
868e6d317ffffff,APURIMAC,GRAU,-14.060825074825036,-72.62451002469807,34835.42615480957,6.240024559839461,-1,
868e66207ffffff,LIMA,HUAROCHIRI,-11.58180767211756,-76.44043829421467,34756.42059267718,7.116777895753081,-1,
868f58b4fffffff,ANCASH,HUARI,-9.314709705920697,-76.91877692698397,34735.55389625161,22.119035354719955,-1,
868e61d87ffffff,JUNIN,HUANCAYO,-12.110231603333624,-75.16619567529754,34731.727514786435,11.878856316992248,-1,
868b401b7ffffff,MADRE DE DIOS,TAHUAMANU,-11.340380565181317,-69.45795435581647,34642.847975401535,19.50769545851456,-1,
868b60427ffffff,PUNO,CARABAYA,-13.99939591729976,-70.41937618496767,34611.0640334014,20.61522418359664,-1,
868f59b97ffffff,HUANUCO,HUANUCO,-9.921147766784047,-76.34748171514501,34577.32150611105,11.618261691016782,-1,
868f42427ffffff,LA LIBERTAD,BOLIVAR,-7.0206949025353005,-77.74407434037718,34557.65052917627,9.010303724300128,-1,
868f09c4fffffff,PIURA,PIURA,-4.757204138708838,-80.2748616165685,34539.27046502222,8.834264840640211,-1,
868f55377ffffff,AMAZONAS,LUYA,-6.595035826409364,-77.91132330215463,34450.97299990445,9.848613760158656,-1,
868f5518fffffff,CAJAMARCA,CHOTA,-6.305595047177924,-78.38410215487613,34437.34437028201,18.796774947641133,-1,
868f425a7ffffff,AMAZONAS,CHACHAPOYAS,-6.922575779979105,-77.88075401168089,34426.27904958736,9.84155441879009,-1,
868e6dcafffffff,APURIMAC,ANDAHUAYLAS,-13.584151595342211,-73.18686795566019,34413.897291354995,6.164516643015124,-1,
868e6c82fffffff,CUSCO,LA CONVENCION,-12.809362079660252,-73.55785731868976,34395.1550684353,16.250865931307104,-1,
86b304b97ffffff,TACNA,TACNA,-17.887807923574385,-69.89133658535867,34388.95739425159,10.441752600580717,-1,
868f4e65fffffff,UCAYALI,PADRE ABAD,-8.957231599395573,-75.48670632643201,34386.54970319496,6.997767011120368,-1,
868b6ca77ffffff,CUSCO,LA CONVENCION,-12.723138118054749,-73.28057883371338,34327.876489438575,16.219078455275973,-1,
868e660efffffff,LIMA,CANTA,-11.38275425726814,-76.65320369951246,34327.3334844316,7.028917362497878,-1,
868f5d59fffffff,HUANUCO,HUACAYBAMBA,-8.889604167315895,-77.08773981793328,34323.18843284072,11.53287090824388,-1,
868e63d8fffffff,LIMA,YAUYOS,-12.657501566236943,-76.2045672355812,34302.370134329576,7.023805828709861,-1,
86b3224b7ffffff,MOQUEGUA,MARISCAL NIETO,-16.986175559842906,-70.66619263351703,34254.875732298504,9.996091879277838,-1,
868f59ac7ffffff,HUANUCO,AMBO,-10.17829873896975,-76.16205860469306,34240.070129612395,11.50494248128203,-1,
868f454b7ffffff,SAN MARTIN,SAN MARTIN,-6.136383038353818,-75.83175311261266,34229.50305535375,7.454809496522282,-1,
86b334c5fffffff,AREQUIPA,CASTILLA,-15.459863551083204,-72.11681547422434,34102.709629350975,6.578446233461547,-1,
868f42d37ffffff,AMAZONAS,RODRIGUEZ DE MENDOZA,-6.45847323162674,-77.60589437893091,34089.3044928639,9.745222386130832,-1,
868f4c64fffffff,UCAYALI,CORONEL PORTILLO,-8.462528284622422,-74.36566698793142,34051.90810672548,6.929666432710049,-1,
868f44767ffffff,LORETO,ALTO AMAZONAS,-5.673174180259985,-76.16127895498282,33965.797013732634,9.750034219621194,-1,
868f466f7ffffff,AMAZONAS,RODRIGUEZ DE MENDOZA,-6.390196403512364,-77.45340475027147,33925.835082100966,9.698490844231875,-1,
868f46497ffffff,AMAZONAS,BONGARA,-5.986923917099996,-77.87261705986579,33896.211204171035,9.690022168127696,-1,
868e686a7ffffff,AYACUCHO,LUCANAS,-14.791973824784591,-74.21008860934576,33872.87135758137,10.905013579997334,-1,
868f5e257ffffff,ANCASH,SANTA,-9.155492776139017,-78.18488223768932,33806.66969597115,21.527537014782403,-1,
868e6e7a7ffffff,HUANCAVELICA,HUAYTARA,-13.972299744645186,-75.16696772046781,33711.0625504605,8.670252842689926,-1,
868f5d687ffffff,HUANUCO,HUAMALIES,-9.36034206442688,-76.81833390901095,33709.73025511721,11.326743963332133,-1,
868b61d47ffffff,CUSCO,QUISPICANCHI,-13.781210562476428,-71.67245732523641,33706.711649093646,15.925593325710418,-1,
868f5902fffffff,HUANUCO,HUANUCO,-10.048682336878148,-76.527078960537,33705.4859980363,11.325317858379462,-1,
868f5a857ffffff,ANCASH,CASMA,-9.559017661423027,-78.37264152125657,33665.594899290416,21.4377028804323,-1,
868f50cc7ffffff,LAMBAYEQUE,FERREÑAFE,-6.631077037945532,-79.63233239205911,33657.27867296401,7.559816518494408,-1,
868f58497ffffff,ANCASH,CASMA,-9.489830053608792,-78.21812457942632,33654.209867686826,21.430453077613365,-1,
868b65277ffffff,APURIMAC,COTABAMBAS,-14.121952142165105,-72.23605741069647,33648.11449271957,6.027342966719279,-1,
868f58807ffffff,ANCASH,MARISCAL LUZURIAGA,-8.970671230111837,-77.36807078845482,33590.96260860598,21.39017825246226,-1,
86b304c2fffffff,TACNA,TACNA,-17.685149277018553,-70.32834067175013,33577.45639498673,10.1953510428858,-1,
868e6dad7ffffff,APURIMAC,GRAU,-13.988227069592982,-72.47350047939277,33561.39519007355,6.011809050873998,-1,
868f59487ffffff,ANCASH,BOLOGNESI,-10.167200455593768,-77.18941261073898,33487.58213925735,21.324347252232933,-1,
868b61a77ffffff,CUSCO,ANTA,-13.372310444493298,-72.31994927964878,33427.02650340343,15.793448964199428,-1,
868e66627ffffff,LIMA,CANTA,-11.568362275835971,-76.86057537083992,33393.95452618956,6.837797257921359,-1,
868b65227ffffff,APURIMAC,COTABAMBAS,-14.221163545739936,-72.1613759386519,33315.59525278024,5.967779227937396,-1,
868e6c217ffffff,APURIMAC,CHINCHEROS,-13.578053209950363,-73.60261876999198,33314.66135140939,5.9676119394000136,-1,
868e606a7ffffff,LIMA,YAUYOS,-12.31161902063916,-76.04573930517573,33307.63265342974,6.8201218590885295,-1,
868e6c317ffffff,APURIMAC,CHINCHEROS,-13.412895393089462,-73.5884999869464,33269.37728095339,5.959500262782104,-1,
868b619b7ffffff,CUSCO,ACOMAYO,-13.903575189409466,-71.78508432744228,33217.83875668863,15.694612892096524,-1,
868b6569fffffff,CUSCO,ACOMAYO,-13.979135912067118,-71.52348896245354,33144.812553088974,15.660109804617806,-1,
868f558cfffffff,AMAZONAS,LUYA,-6.16943880153039,-78.07823907376032,33133.14085233145,9.471880719202082,-1,
868b66d77ffffff,PUNO,HUANCANE,-15.089103480680494,-69.72607940254206,33118.11682083687,19.725987104621208,-1,
868f60577ffffff,LORETO,LORETO,-3.692316969419003,-75.3228925653333,33094.980443861095,9.500062421467073,-1,
868e6060fffffff,LIMA,YAUYOS,-12.349567974006272,-75.88089021760021,32998.69467954528,6.756863246544208,-1,
868f59007ffffff,HUANUCO,LAURICOCHA,-10.054815377229884,-76.59056660925015,32979.958161699025,11.081534595260196,-1,
868e618b7ffffff,HUANCAVELICA,TAYACAJA,-12.178184660718811,-74.77469179600722,32968.0041741279,8.479143351850269,-1,
868f58b27ffffff,ANCASH,ANTONIO RAYMONDI,-9.10811654359159,-77.06673783010544,32946.990821028056,20.980107499612817,-1,
868b61577ffffff,CUSCO,PAUCARTAMBO,-13.429716200524302,-71.45992158939713,32928.11673300731,15.557726352267752,-1,
868e68d67ffffff,AYACUCHO,VICTOR FAJARDO,-13.894541796141985,-73.98481344610265,32905.218959466074,10.593488099007883,-1,
868f71557ffffff,LORETO,DATEM DEL MARAÑON,-4.690475261750514,-77.45560540567448,32882.63142777615,9.439106684950897,-1,
868f464afffffff,AMAZONAS,CHACHAPOYAS,-5.976089828647605,-77.74654008207494,32861.85390123108,9.394327019933096,-1,
868f46077ffffff,SAN MARTIN,MOYOBAMBA,-5.92157208677416,-77.11717647164485,32851.56363771884,7.154709438405591,-1,
868f5801fffffff,ANCASH,HUARAZ,-9.431572137514625,-77.58080740915679,32835.64885238493,20.909206746216537,-1,
868f59af7ffffff,HUANUCO,AMBO,-10.126894366304084,-76.19915422637735,32829.19800971189,11.030877956108592,-1,
868b6cdb7ffffff,CUSCO,URUBAMBA,-13.207705405541732,-72.3066175199255,32827.97872197582,15.510413601717202,-1,
868a6d65fffffff,LORETO,MAYNAS,-3.43466493020473,-72.96365452145378,32794.686749292254,9.413861770947996,-1,
868e6dc17ffffff,APURIMAC,ANDAHUAYLAS,-13.526707978720845,-73.1612571815075,32779.89890001734,5.871820637306078,-1,
868f58117ffffff,ANCASH,CARHUAZ,-9.212791156970129,-77.6015279370614,32772.71639550242,20.869132381981508,-1,
868f59717ffffff,HUANUCO,LAURICOCHA,-10.29763966363844,-76.82349279992687,32761.26049896018,11.008050399080783,-1,
868e63acfffffff,HUANCAVELICA,CASTROVIRREYNA,-13.22850918071009,-75.37273600208978,32750.20273172297,8.423126322653202,-1,
868f5934fffffff,HUANUCO,AMBO,-10.396317284427708,-76.14043741155828,32731.14504654285,10.99793136174974,-1,
868b6d8a7ffffff,CUSCO,LA CONVENCION,-12.449471641596777,-73.75584974252155,32721.00531547624,15.459871294703872,-1,
868f5b857ffffff,ANCASH,BOLOGNESI,-10.242928045267812,-77.40721099698982,32706.371115313366,20.82688478741303,-1,
868f55cdfffffff,CAJAMARCA,CUTERVO,-6.212534106046053,-78.58384698749298,32693.107492792056,17.84472627370657,-1,
86b30499fffffff,TACNA,TARATA,-17.601574942488522,-70.11631883894546,32678.828175267296,9.922494455736718,-1,
868b40cefffffff,MADRE DE DIOS,TAHUAMANU,-11.389696748669664,-69.42130319973509,32674.447255342275,18.3992715259758,-1,
868f55a37ffffff,AMAZONAS,CHACHAPOYAS,-6.262235831547127,-77.87871773061478,32663.950017098978,9.337751581078066,-1,
868f588efffffff,ANCASH,ASUNCION,-9.131722529912102,-77.32067812442801,32657.04503182669,20.795474740295013,-1,
868e6d307ffffff,APURIMAC,GRAU,-14.053214823617791,-72.56169515655733,32640.209360318997,5.846798231821597,-1,
868e6b947ffffff,AYACUCHO,PARINACOCHAS,-15.054587517270036,-73.66692293220272,32620.187262409723,10.501725151181098,-1,
868e61457ffffff,HUANCAVELICA,HUANCAVELICA,-12.71014165915098,-75.13653452809257,32608.058249143145,8.386567741851556,-1,
868e688afffffff,AYACUCHO,SUCRE,-14.037814650906306,-73.80910890860838,32607.791806750512,10.497734565001764,-1,
868b61cefffffff,CUSCO,PAUCARTAMBO,-13.552032043534938,-71.57216786905248,32607.23681105288,15.40611847082764,-1,
86b335a8fffffff,MOQUEGUA,GENERAL SANCHEZ CERRO,-16.345821673026453,-70.67877117095587,32606.21608408342,9.514988008109013,-1,
868b64c9fffffff,PUNO,LAMPA,-15.353057759670454,-70.4801330377943,32605.73820468648,19.42080145564411,-1,
868f50017ffffff,LAMBAYEQUE,CHICLAYO,-6.834125847103151,-79.42229308008787,32551.746541241337,7.311501134700862,-1,
868e6b80fffffff,AYACUCHO,PARINACOCHAS,-15.17685007134942,-73.78227515886054,32528.593618236875,10.472237543738489,-1,
868f4e747ffffff,UCAYALI,PADRE ABAD,-8.733487492858877,-75.44570737587689,32510.29460825008,6.615943416686529,-1,
868e6d5a7ffffff,APURIMAC,ANDAHUAYLAS,-13.771250613250542,-73.3899227935237,32499.33794162003,5.821564117889576,-1,
868b7196fffffff,PUNO,SANDIA,-13.452990573641705,-69.14410201120114,32485.847782712422,19.349391691296045,-1,
868e6dcdfffffff,APURIMAC,ANDAHUAYLAS,-13.741655126389558,-73.13774958985684,32478.84111507372,5.8178925480204615,-1,
868f42db7ffffff,AMAZONAS,CHACHAPOYAS,-6.526753603736187,-77.75853454516454,32409.79164120183,9.265094484335776,-1,
868f50807ffffff,CAJAMARCA,CHOTA,-6.4271910251670406,-79.17078277143645,32389.574394508258,17.6790502193554,-1,
868f4e767ffffff,UCAYALI,PADRE ABAD,-8.676036091382647,-75.41975142176277,32304.667154842824,6.574097607134421,-1,
86b3260c7ffffff,PUNO,PUNO,-15.92666722823751,-69.9708598681389,32260.71102206954,19.215294548597896,-1,
868e65097ffffff,JUNIN,SATIPO,-11.47660275974614,-74.87935756747598,32200.134677559174,11.0130074313085,-1,
868e6ebb7ffffff,AYACUCHO,CANGALLO,-13.527413841259696,-74.60160719239389,32188.321229385547,10.362690437969102,-1,
868e6806fffffff,AYACUCHO,LUCANAS,-14.460536550719937,-73.69930662065767,32178.67363449116,10.359584496573492,-1,
868e6db57ffffff,APURIMAC,COTABAMBAS,-13.751154706120944,-72.30935698750235,32121.869708446487,5.753948724436527,-1,
868e6d6f7ffffff,APURIMAC,AYMARAES,-14.385646655552415,-73.06705671784894,32115.999604301087,5.752897220319042,-1,
868e6049fffffff,LIMA,HUAROCHIRI,-12.068797873206124,-76.35998819470473,32106.659525131377,6.574208762540607,-1,
868f4a4d7ffffff,HUANUCO,HUANUCO,-9.781271403481734,-76.04157066959048,32094.63707075824,10.78405949692707,-1,
868b46a0fffffff,MADRE DE DIOS,TAHUAMANU,-11.840363117323175,-69.15209530653384,32036.48596689217,18.04002985686584,-1,
868e63027ffffff,LIMA,YAUYOS,-13.001309389707938,-75.81502401424781,31998.58181630776,6.552078605405219,-1,
868e63177ffffff,LIMA,YAUYOS,-12.936993884545462,-75.72480269429587,31981.11235458337,6.548501531675221,-1,
868f41167ffffff,LORETO,UCAYALI,-7.1127151261925015,-75.13477467144,31980.245969025,9.180072895796611,-1,
868f4678fffffff,AMAZONAS,CHACHAPOYAS,-6.229453670754453,-77.50036215963306,31978.14093178882,9.141697066320353,-1,
868f50ccfffffff,LAMBAYEQUE,CHICLAYO,-6.683173634059125,-79.59572357638163,31974.257694938293,7.181790418574698,-1,
86b3318efffffff,MOQUEGUA,MARISCAL NIETO,-17.17422681689558,-70.8663854191454,31947.868404207795,9.322872177709398,-1,
868e642f7ffffff,JUNIN,CHANCHAMAYO,-11.203426099509926,-75.41904371739726,31938.580131507508,10.923551216662077,-1,
868e63157ffffff,LIMA,YAUYOS,-12.99461094843272,-75.75119644563397,31929.77603953218,6.537989829204838,-1,
868e638e7ffffff,LIMA,YAUYOS,-12.764135362897214,-75.64569824231984,31926.215364827825,6.537260740000662,-1,
868b604c7ffffff,PUNO,CARABAYA,-13.778891247982592,-70.38255656412684,31899.32002219029,19.00004093855993,-1,
868f5916fffffff,HUANUCO,HUANUCO,-9.978764103220888,-76.3738164398232,31835.23224378916,10.696897361967972,-1,
868b635afffffff,MADRE DE DIOS,TAMBOPATA,-12.896465278784229,-70.2359011129502,31725.425536662588,17.86486896517408,-1,
868f5838fffffff,ANCASH,RECUAY,-9.69022707747058,-77.39569001561141,31724.6572604184,20.20174538328844,-1,
868f59017ffffff,HUANUCO,LAURICOCHA,-10.060937996107588,-76.6540740316416,31717.567601491293,10.657361083666173,-1,
86b32274fffffff,TACNA,TARATA,-17.269826907944655,-70.02981993266944,31708.342832850543,9.62781940258435,-1,
868e6808fffffff,AYACUCHO,LUCANAS,-14.497448699794749,-74.01645103724876,31644.49475327815,10.187611241271894,-1,
868f466dfffffff,AMAZONAS,RODRIGUEZ DE MENDOZA,-6.499212951609134,-77.44309314946565,31632.797050544985,9.042972467139537,-1,
868f5901fffffff,HUANUCO,LAURICOCHA,-10.11245074177787,-76.61698325722568,31618.11276034461,10.62394344688721,-1,
868e6c2dfffffff,APURIMAC,ANDAHUAYLAS,-13.793307558781354,-73.57934206055549,31612.48126751016,5.662702635819287,-1,
868b610afffffff,CUSCO,PAUCARTAMBO,-13.296315771800565,-71.6958804853487,31603.284895701523,14.9317758506129,-1,
868b61897ffffff,CUSCO,QUISPICANCHI,-13.6821010812494,-71.74693163775558,31560.14575128533,14.911393664490932,-1,
868e6676fffffff,LIMA,CANTA,-11.54948271496604,-76.66904711981557,31500.2715211076,6.45004382640229,-1,
868f598d7ffffff,HUANUCO,YAROWILCA,-9.824318551416386,-76.48502359544871,31469.1087725346,10.573876893204735,-1,
868e660cfffffff,LIMA,CANTA,-11.440431167032852,-76.67974679547609,31469.044107984428,6.44364965347922,-1,
868e6945fffffff,AYACUCHO,PAUCAR DEL SARA SARA,-15.223260645777858,-73.26305636802341,31430.4618154558,10.118705594954516,-1,
868b61197ffffff,CUSCO,PAUCARTAMBO,-13.44516944375878,-71.58431974215914,31421.74253984636,14.846001546645205,-1,
868f509a7ffffff,CAJAMARCA,CHOTA,-6.271121145527069,-79.28057753918743,31416.87574185509,17.148126653670314,-1,
868f55137ffffff,AMAZONAS,LUYA,-6.133774292252347,-78.30434739396566,31382.212254879523,8.971336961614504,-1,
868e6e16fffffff,AYACUCHO,VICTOR FAJARDO,-13.642489706609162,-74.65379930911494,31343.85806886186,10.090824432394786,-1,
86b3263b7ffffff,PUNO,PUNO,-15.966319558330792,-69.87171147595562,31341.59177972673,18.66784390639664,-1,
868f5871fffffff,ANCASH,HUARAZ,-9.668022630999658,-77.75119252303115,31305.81620430644,19.93503421594044,-1,
868f400dfffffff,SAN MARTIN,PICOTA,-6.782268905895825,-76.30535038730406,31245.396777915124,6.804903952182169,-1,
868b656cfffffff,CUSCO,ACOMAYO,-13.895803430691393,-71.72268393211138,31243.42902405419,14.761752790298186,-1,
868e6120fffffff,HUANCAVELICA,ANGARAES,-12.965969107450151,-74.46810839970023,31191.71145685598,8.02229311290205,-1,
868f59b9fffffff,HUANUCO,HUANUCO,-9.972603496585895,-76.3104081523319,31165.5176612324,10.471867806770666,-1,
868f55bafffffff,AMAZONAS,LUYA,-6.210420817373458,-77.91535871187541,31143.7912311088,8.903178753849922,-1,
868e6e747ffffff,HUANCAVELICA,HUAYTARA,-14.052254214383424,-74.90060913765173,31139.79272548791,8.008939973185406,-1,
868a6eb87ffffff,LORETO,MARISCAL RAMON CASTILLA,-4.313424185087421,-71.36663001017902,31121.71679950649,8.933628250968638,-1,
868e68847ffffff,APURIMAC,ANDAHUAYLAS,-14.06587174818208,-73.58182099160038,31107.380187267547,5.572224536544473,-1,
868e6d3b7ffffff,APURIMAC,GRAU,-14.076005904365468,-72.7502272232461,31085.959158963964,5.568387415617135,-1,
868e6d55fffffff,APURIMAC,AYMARAES,-13.906503192394212,-73.15160986010844,31077.972524744604,5.566956780221495,-1,
868f5915fffffff,HUANUCO,HUANUCO,-10.04253890705166,-76.46361123209755,30941.89019541036,10.396727156597397,-1,
868f4a717ffffff,HUANUCO,PACHITEA,-9.807796640963527,-75.75158094475329,30925.6294093368,10.391263400017207,-1,
868b640dfffffff,PUNO,MELGAR,-14.921917557859866,-70.87774628291456,30923.887516604624,18.41904869402188,-1,
868b61d6fffffff,CUSCO,ACOMAYO,-13.788969985557884,-71.73481135583215,30905.16836844796,14.60193293912567,-1,
868e688cfffffff,AYACUCHO,SUCRE,-14.188141673227054,-73.69672196391556,30883.50760831878,9.942619458249402,-1,
868e6c21fffffff,APURIMAC,ANDAHUAYLAS,-13.628227802935804,-73.56522779427253,30799.363405867145,5.517049891278483,-1,
868b60697ffffff,PUNO,CARABAYA,-13.517169479854022,-70.44450439456283,30797.484264776325,18.34375972366659,-1,
868f44b0fffffff,LORETO,ALTO AMAZONAS,-5.246861551668484,-75.66833217466609,30791.78004509366,8.83891842730293,-1,
868b61537ffffff,CUSCO,QUISPICANCHI,-13.52097673842722,-71.32343691029457,30761.45043679358,14.534029746522146,-1,
868f55cc7ffffff,CAJAMARCA,CUTERVO,-6.1552570208855295,-78.55720611735823,30760.753999329663,16.789998785275575,-1,
868f4676fffffff,SAN MARTIN,RIOJA,-6.201967510561575,-77.18553835585709,30697.34261626971,6.685543780279125,-1,
868f0b927ffffff,PIURA,PAITA,-4.81747306696327,-81.0350897189868,30692.874945318472,7.850454926724215,-1,
868f5c407ffffff,ANCASH,PALLASCA,-8.245513472186953,-77.88485127843316,30621.35149325717,19.49917822849956,-1,
868f555a7ffffff,CAJAMARCA,CUTERVO,-6.233929456567077,-78.83700833051473,30612.691278587765,16.70918240146862,-1,
868b6574fffffff,CUSCO,PARURO,-14.132786034489056,-71.88579399024148,30593.94246958628,14.454886346467823,-1,
868b6d9afffffff,AYACUCHO,LA MAR,-12.564506873872146,-73.80731287253181,30533.392999695727,9.829903753658408,-1,
868f598b7ffffff,HUANUCO,DOS DE MAYO,-9.669763762304775,-76.59617942554407,30483.622404213977,10.242745445731131,-1,
868b6172fffffff,CUSCO,PAUCARTAMBO,-13.132018918269182,-71.68293284774275,30334.196566852355,14.332162787491663,-1,
868b6138fffffff,CUSCO,CALCA,-13.055319852016336,-71.94408895550109,30314.18542154337,14.322708012861307,-1,
868e6674fffffff,LIMA,CANTA,-11.607160608109004,-76.69560848461211,30302.38721740733,6.2047632023083406,-1,
868e6da6fffffff,APURIMAC,COTABAMBAS,-13.900280456535851,-72.19744089880177,30293.11722275292,5.426366671216263,-1,
868f5c427ffffff,ANCASH,PALLASCA,-8.187977170951893,-77.85823045446924,30252.472821225623,19.26428229413104,-1,
868f58a6fffffff,HUANUCO,HUAMALIES,-9.423936120379109,-76.90821628364338,30246.95592810372,10.16322358188596,-1,
868e60a77ffffff,JUNIN,HUANCAYO,-11.8931498601492,-75.18848397483583,30145.26501595781,10.310206182798268,-1,
86b326307ffffff,PUNO,PUNO,-15.94026191947971,-69.68629184223091,30134.581393611254,17.948918025421495,-1,
868f6c6dfffffff,LORETO,REQUENA,-5.742128430316303,-73.33595507657908,30073.243615736174,8.632659325788326,-1,
868f5118fffffff,CAJAMARCA,CAJAMARCA,-7.472481880093764,-78.50053717019598,30058.88459371985,16.406900683458318,-1,
868e65a5fffffff,JUNIN,SATIPO,-11.50412168360486,-74.11106470907772,30013.06332535241,10.264990899829794,-1,
868f5d6afffffff,HUANUCO,HUAMALIES,-9.35434268614388,-76.75491548225486,29956.60742371649,10.065664119248869,-1,
868f58607ffffff,ANCASH,AIJA,-9.777452814667171,-77.74086553682838,29941.958772387374,19.0665520018517,-1,
868f58587ffffff,ANCASH,CASMA,-9.316887455794436,-78.13772527089907,29915.013832888933,19.049393902943105,-1,
86b322497ffffff,MOQUEGUA,MARISCAL NIETO,-17.04307994549413,-70.6911836116412,29844.2732319829,8.709011225981042,-1,
868e6dd4fffffff,APURIMAC,ABANCAY,-13.497082881182004,-72.90966278184058,29744.53053794084,5.3280990521776594,-1,
868e68137ffffff,AYACUCHO,SUCRE,-14.16005824333551,-73.92424288286455,29705.37342375665,9.56333158666382,-1,
868f464efffffff,AMAZONAS,CHACHAPOYAS,-6.074189676647214,-77.61028023664137,29623.628478484738,8.468604792667012,-1,
868b7514fffffff,PUNO,SANDIA,-14.135173838040782,-69.03069553582517,29563.15047623719,17.608559333884706,-1,
868f49b57ffffff,UCAYALI,ATALAYA,-9.632300544124988,-72.98248197104347,29490.746757574427,6.001456283771468,-1,
868f464d7ffffff,AMAZONAS,CHACHAPOYAS,-6.085077609822121,-77.73632732534433,29479.831848924496,8.427497173890748,-1,
868e6948fffffff,AYACUCHO,PAUCAR DEL SARA SARA,-15.1964275403669,-73.49076447513423,29477.048437445206,9.489824766114294,-1,
868e6024fffffff,JUNIN,HUANCAYO,-12.398298544110398,-75.29709136637868,29471.15811625808,10.079649870837764,-1,
868b401afffffff,MADRE DE DIOS,TAHUAMANU,-11.298654658380835,-69.55536369468842,29457.03954402816,16.587520660609353,-1,
868f50887ffffff,CAJAMARCA,CHOTA,-6.495162010169802,-79.32450585284431,29323.578484231395,16.005551981622663,-1,
868f50057ffffff,CAJAMARCA,SAN MIGUEL,-6.9329276745099,-79.2854470432017,29293.06444960672,15.988896648522134,-1,
86b33112fffffff,MOQUEGUA,MARISCAL NIETO,-17.248425138150004,-71.01682689156524,29275.880609482585,8.543145644613318,-1,
868e6cc37ffffff,AYACUCHO,HUANTA,-12.815786126700829,-74.09986041901958,29242.852238249463,9.414427770517056,-1,
868b640c7ffffff,PUNO,MELGAR,-14.979065081842853,-70.90265102624873,29224.976756432392,17.407134522441496,-1,
868f55a0fffffff,AMAZONAS,CHACHAPOYAS,-6.365855808796512,-77.80541559013056,29202.520125366907,8.348221152964134,-1,
868e6e95fffffff,AYACUCHO,HUAMANGA,-13.304274576835889,-74.56083201003362,29182.28148072005,9.394927654142624,-1,
868f5c28fffffff,ANCASH,POMABAMBA,-8.688632266312917,-77.29892301394716,29121.1752614272,18.543890421393684,-1,
868f5438fffffff,CAJAMARCA,JAEN,-5.979391605585213,-79.08325529038616,29085.909084702456,15.87582600255612,-1,
868f5c7afffffff,ANCASH,SIHUAS,-8.50468531084376,-77.70043622164691,29081.67486914693,18.518737214509983,-1,
868e6801fffffff,AYACUCHO,LUCANAS,-14.43265350621514,-73.92702638501899,29075.17178344924,9.360444817097097,-1,
868e6daa7ffffff,APURIMAC,GRAU,-13.831322855700313,-72.52277339707258,29071.10935761273,5.207469992389818,-1,
868e61d6fffffff,HUANCAVELICA,TAYACAJA,-12.127383005064493,-74.81198066019776,29050.055416669864,7.471473946561828,-1,
86b326047ffffff,PUNO,PUNO,-15.85243017756982,-69.82254333678797,29018.922910922138,17.28440364612441,-1,
868f460efffffff,SAN MARTIN,RIOJA,-6.035896302476412,-77.16965728931818,29017.794950434072,6.319756761142865,-1,
868e6e4cfffffff,HUANCAVELICA,HUAYTARA,-13.986236278819204,-75.29464422712674,28982.469055887123,7.454091200591526,-1,
868b40117ffffff,MADRE DE DIOS,TAHUAMANU,-11.35563415100211,-69.57948381276776,28967.38168413838,16.3117899696344,-1,
868f5539fffffff,CAJAMARCA,CELENDIN,-6.674251248554055,-78.19075163858393,28942.905111745527,15.79777081144186,-1,
868b6c107ffffff,CUSCO,LA CONVENCION,-12.88017113544943,-72.75505822511002,28937.307409808207,13.672166972184128,-1,
868f5b837ffffff,ANCASH,RECUAY,-10.087872288679804,-77.51848874772718,28823.85473083672,18.354561546792823,-1,
868e6cd47ffffff,AYACUCHO,LA MAR,-12.794591427800658,-73.91039741529943,28750.19287902709,9.25582128729578,-1,
868f46907ffffff,LORETO,DATEM DEL MARAÑON,-5.309971196498988,-77.01741422089557,28738.439861059484,8.249497927299288,-1,
868f58a57ffffff,ANCASH,HUARI,-9.43589286135756,-77.03518549323148,28706.801074497045,18.280023683636543,-1,
868e6152fffffff,HUANCAVELICA,HUANCAVELICA,-12.435689243175789,-75.13271164391887,28701.715219976948,7.381883249855692,-1,
868f595a7ffffff,ANCASH,BOLOGNESI,-9.942600824479609,-77.14676906967401,28691.86174893768,18.27051056427733,-1,
868f5c567ffffff,ANCASH,PALLASCA,-8.11907017070041,-77.70473986046171,28641.486807347774,18.238432621390714,-1,
868b6080fffffff,CUSCO,CANCHIS,-14.349753748939955,-71.03890573139411,28599.48256143237,13.512553029223367,-1,
868e66c5fffffff,LIMA,HUAURA,-11.01651016425766,-76.84996046638673,28575.358751329124,5.851134209358725,-1,
868f5910fffffff,HUANUCO,HUANUCO,-9.93955773210932,-76.53777038168153,28545.91892241605,9.591661291420804,-1,
868e68837ffffff,AYACUCHO,SUCRE,-13.922883217381663,-73.757406494836,28499.861993374743,9.175229899612294,-1,
868f09337ffffff,PIURA,MORROPON,-5.11618582594186,-79.9568781286911,28471.84547062346,7.282372210032382,-1,
868e68d6fffffff,AYACUCHO,VICTOR FAJARDO,-13.944759890728792,-73.94736052721636,28455.11758875101,9.160824910590264,-1,
868f55367ffffff,AMAZONAS,LUYA,-6.5895496410433925,-77.84815048808193,28450.91583415944,8.133357544769362,-1,
868e6d8afffffff,APURIMAC,ABANCAY,-13.532138999460232,-72.74672038183948,28329.10767789176,5.074556196981526,-1,
868e6e477ffffff,HUANCAVELICA,HUAYTARA,-13.813595904961105,-75.21568055760437,28305.512565713583,7.279982659084745,-1,
868b654d7ffffff,CUSCO,CANCHIS,-14.28322290838023,-71.36226365413133,28252.22879071761,13.348484152057429,-1,
868b46b37ffffff,MADRE DE DIOS,TAMBOPATA,-12.10149672810395,-69.09007918714062,28218.75895882259,15.89023386232032,-1,
868b65637ffffff,CUSCO,CHUMBIVILCAS,-14.15880554914577,-71.66112633430747,28203.51278084224,13.325467033988977,-1,
868e6d397ffffff,APURIMAC,GRAU,-14.133389110418827,-72.77574031652115,28194.7230035292,5.050484045122042,-1,
868b652d7ffffff,APURIMAC,COTABAMBAS,-13.991862738274218,-72.06024291090912,28094.71818238835,5.032570311635676,-1,
868e6ebafffffff,AYACUCHO,CANGALLO,-13.570819778934109,-74.50065709574977,28087.136242872548,9.042357198431215,-1,
868f42537ffffff,AMAZONAS,CHACHAPOYAS,-6.859686861626836,-77.79103047668016,28083.77161723786,8.028400811421177,-1,
868f5d6e7ffffff,HUANUCO,HUAMALIES,-9.399905591904254,-76.65450655459424,28040.62133125875,9.421877184665505,-1,
868e663b7ffffff,LIMA,CANTA,-11.434129764870454,-76.61596173878594,28037.997590474257,5.741103315313961,-1,
868b61cc7ffffff,CUSCO,PAUCARTAMBO,-13.544286134990555,-71.50993792660488,28002.17187204862,13.230338400064156,-1,
868e61c2fffffff,HUANCAVELICA,TAYACAJA,-12.19851778449246,-74.96475947789517,27970.801000481093,7.193897152417779,-1,
868e6010fffffff,JUNIN,JAUJA,-11.779721716795482,-75.68120177370952,27888.56278691533,9.538374677509074,-1,
868f5956fffffff,HUANUCO,LAURICOCHA,-10.021599688962617,-76.81823372253815,27884.34543249554,9.369367209666168,-1,
868f5988fffffff,HUANUCO,YAROWILCA,-9.772812233754388,-76.5220812812343,27872.97069639476,9.36554520567833,-1,
868b6414fffffff,CUSCO,ESPINAR,-15.166901687307483,-71.10205620014295,27857.093094323584,13.161792241118324,-1,
868e6c30fffffff,APURIMAC,CHINCHEROS,-13.455814816696376,-73.48803930342346,27792.17386016264,4.978375940860977,-1,
868e68857ffffff,AYACUCHO,SUCRE,-14.073243927121569,-73.64507038499892,27738.3744432204,8.93007701641648,-1,
868e6c2a7ffffff,APURIMAC,CHINCHEROS,-13.585335740515491,-73.66577958760098,27699.50075043233,4.961775527299679,-1,
86b335297ffffff,MOQUEGUA,GENERAL SANCHEZ CERRO,-16.7048080104901,-70.95372118521038,27692.781297497346,8.081173273138473,-1,
868b640e7ffffff,PUNO,MELGAR,-15.036211173247253,-70.92756961996292,27665.7311657048,16.478408454409806,-1,
868f5bb07ffffff,ANCASH,BOLOGNESI,-10.334154779577483,-77.20550676166005,27585.950387484874,17.566284209453013,-1,
868e6951fffffff,AYACUCHO,PARINACOCHAS,-14.967000580679048,-73.3874641998117,27556.22389463022,8.871435568958105,-1,
868f4e647ffffff,UCAYALI,PADRE ABAD,-8.899753245524542,-75.46071997860548,27522.82825309832,5.600978907877114,-1,
868f59417ffffff,ANCASH,BOLOGNESI,-10.103501857261394,-77.09916727783308,27500.36270187309,17.511783364306567,-1,
868f58347ffffff,ANCASH,HUARI,-9.66638717935443,-77.14123505601123,27457.791810973154,17.48467491387822,-1,
868e6cc57ffffff,AYACUCHO,LA MAR,-12.967162414714377,-73.98784931010563,27439.431031282555,8.833835338750045,-1,
868e694d7ffffff,AYACUCHO,PAUCAR DEL SARA SARA,-15.246168205353982,-73.45318992271883,27375.45999856056,8.813240539649742,-1,
86b32010fffffff,PUNO,YUNGUYO,-16.262623512725263,-68.95768381991259,27368.32977539471,16.30126867252275,-1,
868e61a07ffffff,AYACUCHO,HUANTA,-12.512485149171786,-74.3237807714,27229.09087917492,8.766118545835202,-1,
868f0981fffffff,PIURA,AYABACA,-4.627947367383366,-80.03126065953245,27151.414946763,6.944639745090434,-1,
868e6070fffffff,LIMA,YAUYOS,-12.183215187849186,-75.8654692369262,27145.00899015893,5.558253602267774,-1,
868e6bc4fffffff,AYACUCHO,PARINACOCHAS,-15.32154191446309,-74.08874360881585,27117.09571449349,8.730062884097755,-1,
868e6c26fffffff,APURIMAC,ANDAHUAYLAS,-13.656348361284271,-73.33854600222399,27094.451094587494,4.853393769728648,-1,
868f5e267ffffff,ANCASH,SANTA,-9.09211772088632,-78.09439151440563,27080.51736599698,17.244432687950713,-1,
868f5c54fffffff,ANCASH,PALLASCA,-8.228415151278691,-77.69444788153058,27039.95328206941,17.218602139538977,-1,
868e63167ffffff,LIMA,YAUYOS,-12.930283955276192,-75.6610172995711,26977.790411683243,5.524013670112455,-1,
868f50c47ffffff,LAMBAYEQUE,CHICLAYO,-6.563124583594117,-79.47835641395352,26949.99761284534,6.053283128045334,-1,
86b3260e7ffffff,PUNO,PUNO,-15.869707876029826,-69.94623359995047,26935.06183288845,16.043203339491885,-1,
868b6d807ffffff,AYACUCHO,HUANTA,-12.463559613850784,-73.8818746535187,26927.92553469291,8.66916154042722,-1,
868f508efffffff,CAJAMARCA,CHOTA,-6.588584756371271,-79.1243559450903,26910.949781396663,14.688678117256435,-1,
868f5936fffffff,HUANUCO,AMBO,-10.338690458829928,-76.11413799174262,26900.46957372588,9.03877690652081,-1,
868e6d41fffffff,APURIMAC,AYMARAES,-13.978813940445102,-73.3034004323494,26728.208557243845,4.787789220562919,-1,
868e6cc27ffffff,AYACUCHO,HUANTA,-12.808733764793548,-74.03668009510544,26727.84397939908,8.604747394529966,-1,
86b335077ffffff,MOQUEGUA,GENERAL SANCHEZ CERRO,-16.32285905138591,-70.90344991203784,26660.290447394964,7.779876795440098,-1,
868e6d4f7ffffff,APURIMAC,AYMARAES,-14.036245854009731,-73.32909626096298,26657.413536004075,4.775107800525532,-1,
868b75a97ffffff,PUNO,SANDIA,-14.086642289476334,-69.06760298055306,26655.259282552488,15.876545871326464,-1,
86b322767ffffff,TACNA,TARATA,-17.165107072140373,-70.04249554613448,26654.295253789147,8.093224624176079,-1,
868e612e7ffffff,HUANCAVELICA,ANGARAES,-13.023524281600867,-74.49410905472794,26587.80001977445,6.838198836279984,-1,
868f588b7ffffff,ANCASH,YUNGAY,-8.98819235244202,-77.5586582382584,26576.153498845662,16.92326198652807,-1,
868e6d597ffffff,APURIMAC,ANDAHUAYLAS,-13.83607017617854,-73.4787656532541,26575.23149012512,4.760386637581132,-1,
868b65287ffffff,CUSCO,CHUMBIVILCAS,-14.091024717875149,-71.98562809252185,26567.28457458345,12.552389396745331,-1,
868b64407ffffff,PUNO,LAMPA,-15.084354114988962,-70.48033757907979,26566.160841639965,15.82347658885517,-1,
868f4a887ffffff,UCAYALI,PADRE ABAD,-9.232373381770886,-75.49079459172162,26537.495555298698,5.400460719598407,-1,
868e68c17ffffff,AYACUCHO,HUANCA SANCOS,-14.031225543886,-74.22699615972218,26465.37840837665,8.520249372910646,-1,
868f5c767ffffff,ANCASH,SIHUAS,-8.48163357532237,-77.44658368979931,26459.46236939072,16.848954974591383,-1,
86b335acfffffff,MOQUEGUA,GENERAL SANCHEZ CERRO,-16.434072036685894,-70.54160106253025,26428.552517113763,7.712252155341919,-1,
868e6c76fffffff,APURIMAC,CHINCHEROS,-13.54237344553309,-73.7663650802936,26426.759091041546,4.733790969923085,-1,
868e6e717ffffff,HUANCAVELICA,HUAYTARA,-13.965309713043842,-75.10316477456975,26401.90857865761,6.790388839387642,-1,
868e6d1b7ffffff,APURIMAC,ABANCAY,-13.726778357621589,-73.0118307579061,26396.390157708724,4.728351022410723,-1,
868f09587ffffff,PIURA,SULLANA,-4.906622346776546,-80.7722723991982,26338.161717471576,6.736630302119076,-1,
868f55327ffffff,AMAZONAS,LUYA,-6.491360138878759,-77.98467087839583,26318.52949712621,7.523765199701547,-1,
868e6c847ffffff,CUSCO,LA CONVENCION,-12.909987134369109,-73.48325833853637,26300.116572906936,12.42615907832573,-1,
868b652e7ffffff,APURIMAC,COTABAMBAS,-14.056908646418297,-72.148105329918,26292.89404187984,4.709811897849702,-1,
868f59077ffffff,HUANUCO,HUANUCO,-10.100167804720035,-76.48998985801244,26238.50061348724,8.816349943517805,-1,
868b6155fffffff,CUSCO,PAUCARTAMBO,-13.322871021028492,-71.47209667387045,26229.30331619044,12.39270155389331,-1,
868e6cd9fffffff,AYACUCHO,HUANTA,-12.829853034356889,-74.22629834610149,26209.316701984,8.437813007949098,-1,
868f5c497ffffff,ANCASH,PALLASCA,-8.320085497350773,-78.10208876284226,26191.79766379997,16.678510446663147,-1,
868e6dc87ffffff,APURIMAC,ANDAHUAYLAS,-13.591530356734385,-73.24985891627092,26187.57927291134,4.690947000318184,-1,
868f58947ffffff,ANCASH,MARISCAL LUZURIAGA,-8.901362591388365,-77.21460002128816,26187.477905477,16.67575969487277,-1,
868e63aafffffff,HUANCAVELICA,CASTROVIRREYNA,-13.076123079828822,-75.48501738098271,26165.469502473414,6.7295783392931865,-1,
868f44717ffffff,LORETO,ALTO AMAZONAS,-5.638236843104183,-76.3855355934906,26140.161331355528,7.503650433525533,-1,
868e654e7ffffff,JUNIN,CONCEPCION,-11.554139460805922,-75.09519639634222,26097.50518922045,8.925801754108791,-1,
868b408f7ffffff,MADRE DE DIOS,TAHUAMANU,-11.484876091498132,-69.74952905367678,26092.138942834503,14.692715238639783,-1,
868e68b6fffffff,APURIMAC,AYMARAES,-14.243544890444715,-73.24249462619531,26078.375314150213,4.671385437279661,-1,
868b6131fffffff,CUSCO,CALCA,-13.120220747285396,-72.03159694884941,26074.12939744606,12.319385688779953,-1,
868e6c297ffffff,APURIMAC,CHINCHEROS,-13.650087629623922,-73.7547755157456,26023.77657919621,4.661605236930309,-1,
868f5cc17ffffff,LA LIBERTAD,SANCHEZ CARRION,-7.848577893616601,-77.76213238804745,26021.9295134556,6.78476357096702,-1,
868f5819fffffff,ANCASH,CARHUAZ,-9.333884734083693,-77.7184627748249,25989.64991955906,16.549786053348544,-1,
86b33506fffffff,MOQUEGUA,GENERAL SANCHEZ CERRO,-16.362877028285606,-70.8035571025809,25961.041290417237,7.575825294150711,-1,
868e61aefffffff,AYACUCHO,HUANTA,-12.671215665479998,-74.27505696646651,25916.839665277927,8.34365311156927,-1,
868f5d70fffffff,HUANUCO,HUAMALIES,-9.175586710344286,-76.6124240169051,25916.68147259405,8.708216090656629,-1,
868e6029fffffff,LIMA,YAUYOS,-12.38075298007425,-75.65245647221796,25845.444353357576,5.292152757486338,-1,
868f5ea4fffffff,ANCASH,HUAYLAS,-8.798319932129703,-77.89716853760493,25838.504521384853,16.453539123879565,-1,
868b655a7ffffff,CUSCO,CANAS,-14.602664311784688,-71.32552367569292,25834.38027322048,12.206110116473733,-1,
868f5c227ffffff,HUANUCO,MARAÑON,-8.510154509089626,-77.15610622734286,25829.611571378104,8.678959894581435,-1,
868b618c7ffffff,CUSCO,CUSCO,-13.598253450721383,-71.9461997187754,25816.651711565475,12.19773380655342,-1,
868f5bb1fffffff,ANCASH,OCROS,-10.391826177485727,-77.23212216581848,25787.60275102924,16.421125705009768,-1,
868b6085fffffff,CUSCO,CANCHIS,-14.251358194241812,-71.11336459708079,25757.369190592945,12.169724271533804,-1,
868e608e7ffffff,JUNIN,JAUJA,-11.600269493797304,-75.53893830342344,25754.212416335016,8.808389640875095,-1,
868e6d29fffffff,APURIMAC,ANTABAMBA,-14.347680097212583,-72.75198519226198,25745.211069639183,4.611706159668122,-1,
868f59887ffffff,HUANUCO,YAROWILCA,-9.721293922628591,-76.55913323448358,25742.415089099886,8.649661166238195,-1,
868f4a9a7ffffff,UCAYALI,PADRE ABAD,-9.008560980721494,-75.44975737289082,25708.075536789544,5.231671233767936,-1,
86b336517ffffff,AREQUIPA,CARAVELI,-16.067260433040886,-73.52394213415383,25690.09393149676,4.955644390071435,-1,
868f58b47ffffff,ANCASH,HUARI,-9.263077000316407,-76.955776304518,25655.833137623868,16.337216959915427,-1,
868b61d77ffffff,CUSCO,QUISPICANCHI,-13.830728780728933,-71.63521765472552,25633.727921655,12.111306808926363,-1,
868f09307ffffff,PIURA,MORROPON,-5.168198130004012,-79.92045926624108,25621.289285690007,6.553272610018265,-1,
868e6e2f7ffffff,AYACUCHO,LUCANAS,-14.189291848657383,-74.66064007225656,25532.08153926076,8.219784292037014,-1,
868e6d78fffffff,APURIMAC,AYMARAES,-14.228534849741507,-73.1162879833748,25521.18987457019,4.57157753448803,-1,
868e6cc0fffffff,AYACUCHO,LA MAR,-12.916724313042092,-74.02519003619413,25419.43596756372,8.183519238622585,-1,
868b6dd6fffffff,CUSCO,LA CONVENCION,-12.4928428639852,-73.65561258611824,25374.889815353472,11.989012161466563,-1,
868b6521fffffff,APURIMAC,COTABAMBAS,-14.106514342339128,-72.11078219972752,25327.118797837185,4.536813835034874,-1,
868e6ccf7ffffff,AYACUCHO,HUANTA,-12.98132995827309,-74.1142605523602,25235.310710760896,8.124242054688018,-1,
868f5989fffffff,HUANUCO,YAROWILCA,-9.778908147124936,-76.58551371154522,25220.70509900941,8.474362359746847,-1,
868e6c397ffffff,APURIMAC,CHINCHEROS,-13.484885039746745,-73.74056170339304,25204.471700535363,4.5148442200815415,-1,
868e61b87ffffff,AYACUCHO,HUANTA,-12.418133689398962,-74.4616294513366,25204.241727678225,8.114239723357539,-1,
868e618a7ffffff,HUANCAVELICA,TAYACAJA,-12.17138254306281,-74.71138412998334,25185.42091104127,6.477516599230272,-1,
868f5002fffffff,LAMBAYEQUE,CHICLAYO,-6.8234560893049965,-79.29522108889188,25163.167011377303,5.651940178486548,-1,
868f59247ffffff,PASCO,PASCO,-10.511582677830065,-76.19307374002781,25120.364241482835,9.731915617534863,-1,
868f4339fffffff,SAN MARTIN,BELLAVISTA,-8.04327764164834,-76.27692117580736,25039.167875120864,5.453255519328121,-1,
868b6426fffffff,CUSCO,ESPINAR,-14.717098341251129,-71.37562793995126,25020.7116536515,11.821671679641042,-1,
868f586cfffffff,ANCASH,HUARMEY,-9.996302982811752,-77.72019195762863,24948.629114194668,15.886880948462943,-1,
868f4a4cfffffff,HUANUCO,PACHITEA,-9.826465833045276,-75.94125056863601,24935.29905858284,8.378463605261576,-1,
868e6c347ffffff,APURIMAC,ANDAHUAYLAS,-13.498664208541706,-73.38761333809244,24911.90461351132,4.462437058466305,-1,
868b61367ffffff,CUSCO,URUBAMBA,-13.14281931732484,-72.21886167610762,24862.566576839912,11.746952015320648,-1,
868f5865fffffff,ANCASH,HUARMEY,-9.932712564406124,-77.62970719102688,24854.83138723937,15.827152082618072,-1,
868f464e7ffffff,AMAZONAS,CHACHAPOYAS,-6.022428370901154,-77.64690662098786,24835.69966493602,7.099863724137341,-1,
868a6e4f7ffffff,LORETO,MARISCAL RAMON CASTILLA,-4.028062043846828,-70.60828425281365,24816.977829937943,7.123824680800118,-1,
86b32248fffffff,MOQUEGUA,MARISCAL NIETO,-17.082571426796513,-70.59119436593306,24798.648664948785,7.236621509708958,-1,
868f40b6fffffff,SAN MARTIN,SAN MARTIN,-6.444954471556288,-75.61184147324143,24773.014202208004,5.39529017507067,-1,
868e654d7ffffff,JUNIN,CONCEPCION,-11.618374934757012,-75.1846255201573,24764.454891313515,8.469875312056098,-1,
868f55a47ffffff,AMAZONAS,RODRIGUEZ DE MENDOZA,-6.412180353585933,-77.70565070102627,24688.0282695774,7.057648413228279,-1,
868e68aa7ffffff,AYACUCHO,SUCRE,-14.338258310211552,-73.5843042179408,24562.100936546354,7.907509270139082,-1,
868e6db8fffffff,APURIMAC,GRAU,-13.77394601618011,-72.49737305428664,24558.92064468112,4.3992074994265655,-1,
868f58827ffffff,ANCASH,MARISCAL LUZURIAGA,-8.913084027855877,-77.34153296308162,24545.0315894638,15.62987661379008,-1,
868e6062fffffff,LIMA,YAUYOS,-12.291926281516975,-75.85450988620072,24539.864685133754,5.024820265661287,-1,
868e6b81fffffff,AYACUCHO,PARINACOCHAS,-15.184359438180785,-73.84582759891036,24537.49206092815,7.899586702253649,-1,
868f5ea67ffffff,ANCASH,CORONGO,-8.688883528453877,-77.9074182336721,24512.719783573084,15.60930098171563,-1,
868e68917ffffff,AYACUCHO,SUCRE,-13.8152434857073,-73.76900528802413,24488.18007352898,7.883711228144357,-1,
868f500e7ffffff,LAMBAYEQUE,CHICLAYO,-6.938277948959607,-79.3489958661719,24434.66669866918,5.488310529421573,-1,
868f58b67ffffff,ANCASH,HUARI,-9.205482980753258,-76.92933096814474,24424.54530758736,15.55315291056244,-1,
86b3226dfffffff,TACNA,TARATA,-17.514816551378818,-70.25366814196295,24412.814716509973,7.412628671208973,-1,
86b326077ffffff,PUNO,PUNO,-15.804120590219906,-69.85978331067861,24389.721643806995,14.527134415092634,-1,
868e694cfffffff,AYACUCHO,PAUCAR DEL SARA SARA,-15.288244347849012,-73.35221200331765,24325.33637535745,7.83128541749397,-1,
868f59c07ffffff,HUANUCO,DOS DE MAYO,-9.693979809256264,-76.85003241981971,24308.604550290805,8.16788914545638,-1,
868e62a6fffffff,LIMA,YAUYOS,-12.43345837014297,-76.16245660190214,24296.86449010164,4.975063173671422,-1,
868e6dca7ffffff,APURIMAC,ANDAHUAYLAS,-13.5340820872262,-73.2242260209708,24255.81161478035,4.34491197330082,-1,
868f591b7ffffff,HUANUCO,DOS DE MAYO,-9.90632572927626,-76.76531110629762,24239.01582068624,8.144506765443271,-1,
868f5921fffffff,PASCO,DANIEL ALCIDES CARRION,-10.472679723081244,-76.35718639584096,24230.762852344786,9.387273893031658,-1,
868e6c35fffffff,APURIMAC,ANDAHUAYLAS,-13.556126520643948,-73.41329897866014,24191.6448448728,4.333417863300005,-1,
868e6c367ffffff,APURIMAC,ANDAHUAYLAS,-13.441201483643637,-73.36194104497237,24150.78613305333,4.326098895416452,-1,
868e66acfffffff,JUNIN,YAULI,-11.396068284244482,-76.23367412713571,24087.05948932865,8.2381942749829,-1,
868f5b957ffffff,ANCASH,RECUAY,-10.075918813632624,-77.39100541869946,23990.664054581062,15.276864390630935,-1,
868e6bbb7ffffff,AYACUCHO,PARINACOCHAS,-15.333851360549993,-73.73302592338574,23981.30283338512,7.72052744815686,-1,
868e6dc47ffffff,APURIMAC,ABANCAY,-13.611931171392762,-72.9607199035824,23966.24611218925,4.293042481599446,-1,
868e6034fffffff,JUNIN,CHUPACA,-12.232159942116258,-75.28201272870818,23926.007073354187,8.183111540959647,-1,
868f59277ffffff,PASCO,PASCO,-10.460202738590471,-76.23020774108204,23863.464931041417,9.244978489101268,-1,
868f09d8fffffff,PIURA,SULLANA,-4.5592423696401685,-80.54676546956253,23852.10289480643,6.100759834875842,-1,
868f5029fffffff,CAJAMARCA,CONTUMAZA,-7.318917445512859,-79.2829952604953,23847.427574019544,13.016530089231912,-1,
868b66217ffffff,PUNO,CARABAYA,-14.27679314509074,-70.07339294250791,23824.25355177768,14.1903273329814,-1,
868b61af7ffffff,CUSCO,URUBAMBA,-13.299845668227617,-72.16964717316651,23770.37861238692,11.230920029222666,-1,
868f4e677ffffff,UCAYALI,PADRE ABAD,-8.848414977641715,-75.4976568928344,23762.193199653368,4.835678284668186,-1,
868f5b81fffffff,ANCASH,BOLOGNESI,-10.19724092308245,-77.50807933903128,23715.317833236164,15.101528398497132,-1,
86b326067ffffff,PUNO,PUNO,-15.795481855755726,-69.7979803281438,23610.45951585363,14.062986203698667,-1,
868f50b97ffffff,CAJAMARCA,SANTA CRUZ,-6.697980466985273,-79.11453677238174,23540.74917496801,12.8491372500428,-1,
868e6c11fffffff,AYACUCHO,LA MAR,-13.11119742432203,-73.81265303458235,23511.15981654211,7.569169863820673,-1,
868e6c907ffffff,CUSCO,LA CONVENCION,-12.651150211948364,-73.60675188838958,23501.884630744065,11.104063217838638,-1,
868f55b37ffffff,AMAZONAS,BONGARA,-6.095941609714437,-77.86244108844829,23488.62853312906,6.714772037912303,-1,
868e6d06fffffff,APURIMAC,GRAU,-13.953662351575776,-72.63641353313007,23467.713951789083,4.20374106438864,-1,
868b65bb7ffffff,CUSCO,CHUMBIVILCAS,-14.70576042139246,-72.13852367458892,23451.515625552947,11.080265100085557,-1,
868e6dcd7ffffff,APURIMAC,ANDAHUAYLAS,-13.69163642427516,-73.1751223349236,23442.17412613989,4.199166148652092,-1,
868e61d47ffffff,HUANCAVELICA,TAYACAJA,-12.13415698925732,-74.87531593107387,23408.69706041409,6.02055547575584,-1,
86b331707ffffff,MOQUEGUA,ILO,-17.655227537904697,-71.25602931468379,23396.140727526406,6.827348438235759,-1,
868e68877ffffff,APURIMAC,ANDAHUAYLAS,-14.01579210178921,-73.6192646163885,23378.40148365369,4.187742638183432,-1,
868f51c27ffffff,CAJAMARCA,CAJAMARCA,-7.09776794711567,-78.63075434144157,23367.387071659323,12.754511822329649,-1,
868f55c6fffffff,AMAZONAS,UTCUBAMBA,-6.081899445244256,-78.340960693471,23363.69428938526,6.679056671845468,-1,
868f44c47ffffff,LORETO,ALTO AMAZONAS,-5.136390162298289,-76.27692641347541,23339.955234804645,6.699838726933618,-1,
868e6d1a7ffffff,APURIMAC,ABANCAY,-13.719320370466104,-72.9489137513367,23311.709989593004,4.175796277630194,-1,
868f5d627ffffff,HUANUCO,HUAMALIES,-9.233162988417456,-76.63877585275749,23218.80585506781,7.80170790642109,-1,
868f5922fffffff,PASCO,PASCO,-10.40880910810577,-76.2673362344511,23210.877518269303,8.992158682305794,-1,
868f4e74fffffff,UCAYALI,PADRE ABAD,-8.784820382533537,-75.40878492282401,23200.904550954223,4.721454344683353,-1,
868b61937ffffff,CUSCO,PARURO,-13.976395815847996,-71.93518087093697,23176.97550618378,10.950551637135426,-1,
868b6525fffffff,APURIMAC,COTABAMBAS,-14.014967018695272,-72.24806333701956,23168.94798720557,4.150223505902053,-1,
868f5bb37ffffff,ANCASH,BOLOGNESI,-10.2825317920817,-77.24261927907216,23103.832384488123,14.712144417457054,-1,
868e6b707ffffff,AREQUIPA,CARAVELI,-15.765325120300444,-74.17000063958952,23052.303042081363,4.446811932776042,-1,
868e68b4fffffff,APURIMAC,AYMARAES,-14.30095576857044,-73.26819112529306,23023.024820715666,4.12408447896149,-1,
868b4008fffffff,MADRE DE DIOS,TAHUAMANU,-11.07837643661312,-69.51971609459581,22856.82206804382,12.870879564216478,-1,
868b6188fffffff,CUSCO,CUSCO,-13.640213865649754,-71.84654357020821,22848.296037401105,10.795258661397042,-1,
868a45b07ffffff,LORETO,MARISCAL RAMON CASTILLA,-3.910929141679033,-70.50048307094555,22734.4619995349,6.526029180782167,-1,
868e6dbafffffff,APURIMAC,ABANCAY,-13.716568960978485,-72.47198623554412,22669.73724600131,4.060800535394767,-1,
868f4658fffffff,AMAZONAS,BONGARA,-5.867126600157791,-77.75674645535705,22637.426697029256,6.471436149671698,-1,
868f5080fffffff,CAJAMARCA,CHOTA,-6.4792102075173,-79.13416887251933,22623.62954273269,12.348550121667506,-1,
86b3049b7ffffff,TACNA,TARATA,-17.496983133188643,-70.12898752931314,22618.982561890647,6.867955235758073,-1,
868f4a81fffffff,UCAYALI,PADRE ABAD,-9.219974139430713,-75.36485170330998,22589.583291506544,4.5970486168774585,-1,
868e6c2d7ffffff,APURIMAC,ANDAHUAYLAS,-13.74316573892075,-73.61675341399527,22518.12797986753,4.033642964823654,-1,
868f5c4a7ffffff,ANCASH,PALLASCA,-8.256869055284582,-78.01186981935322,22504.875367954846,14.330738338134772,-1,
868e6d477ffffff,APURIMAC,AYMARAES,-13.96392782828832,-73.17724796829859,22462.13577432022,4.023613153900082,-1,
868a699b7ffffff,LORETO,MAYNAS,-3.378631051796642,-72.93891031461457,22458.26485413808,6.446745552669689,-1,
868b60a57ffffff,CUSCO,CANCHIS,-13.955559007452772,-71.33671157571308,22443.61591707489,10.604057244586985,-1,
868b6152fffffff,CUSCO,PAUCARTAMBO,-13.479249346060586,-71.42274768180489,22433.114375995305,10.59909552437328,-1,
868e68977ffffff,APURIMAC,ANDAHUAYLAS,-13.85076958790211,-73.60511633414735,22423.83328589469,4.016752078986971,-1,
868f5c65fffffff,ANCASH,POMABAMBA,-8.763654369952846,-77.51585419820374,22418.732117375686,14.275883718259642,-1,
868f55aafffffff,AMAZONAS,LUYA,-6.3767756181709,-77.9316708732218,22382.48966857177,6.398556456942923,-1,
868e68c6fffffff,AYACUCHO,VICTOR FAJARDO,-14.1098968706933,-73.96171977362359,22311.80983854852,7.18305179136319,-1,
868f5038fffffff,CAJAMARCA,SAN MIGUEL,-7.146544901560263,-79.20230598013251,22307.404500456338,12.1759464827642,-1,
868e629b7ffffff,LIMA,HUAROCHIRI,-11.837878035625929,-76.80197837650252,22229.252523031457,4.55169578159481,-1,
868e6cce7ffffff,AYACUCHO,LA MAR,-12.974252562004262,-74.05104196182135,22139.50299882867,7.127579422126006,-1,
868f55c5fffffff,AMAZONAS,UTCUBAMBA,-6.144528161142556,-78.43074665888496,22101.26303298108,6.318161267146418,-1,
868e6daafffffff,APURIMAC,GRAU,-13.881104400064938,-72.4854403255831,22088.438463082784,3.9566732407867873,-1,
86b33194fffffff,MOQUEGUA,MARISCAL NIETO,-16.99484656582994,-70.72869178103383,22061.54023728705,6.437891789003691,-1,
868f5d6b7ffffff,HUANUCO,HUAMALIES,-9.308733011296384,-76.85533893689092,22047.920860597664,7.408281010314208,-1,
868e62b1fffffff,LIMA,HUAROCHIRI,-12.235332473127755,-76.37569394892571,22019.338127385214,4.508713388544522,-1,
868f590f7ffffff,HUANUCO,LAURICOCHA,-10.170090263624724,-76.64341225791675,21976.33680644767,7.384228185000034,-1,
868e694e7ffffff,AYACUCHO,PAUCAR DEL SARA SARA,-15.18120705329624,-73.36396986623603,21967.55417149487,7.072222311199537,-1,
868f59387ffffff,HUANUCO,AMBO,-10.318374502924414,-76.46856220431025,21955.69629443904,7.377292804828654,-1,
868f5501fffffff,CAJAMARCA,CHOTA,-6.409380785246182,-78.31082181892909,21872.50883538041,11.938569411691574,-1,
868f5c517ffffff,LA LIBERTAD,SANTIAGO DE CHUCO,-8.084264482817693,-77.93193745872033,21871.79885002257,5.702689494736291,-1,
868e6c157ffffff,AYACUCHO,LA MAR,-13.154350697564102,-73.71218185815803,21821.61357067312,7.025238274415836,-1,
868e63a77ffffff,HUANCAVELICA,CASTROVIRREYNA,-13.055729303789676,-75.29388595685086,21820.74792841718,5.61214590826936,-1,
868b6476fffffff,PUNO,MELGAR,-14.823947853661345,-70.95230010426828,21728.682041926782,12.942151997295577,-1,
868e6334fffffff,HUANCAVELICA,CASTROVIRREYNA,-13.39443514783602,-75.38791539966407,21612.594526369125,5.558610288526693,-1,
868f5012fffffff,CAJAMARCA,CHOTA,-6.6566225002370105,-79.27812501479963,21611.82829699128,11.796283370101245,-1,
868e6ea8fffffff,AYACUCHO,HUANCA SANCOS,-13.793834041127193,-74.54141080321808,21608.40867146974,6.956599206396157,-1,
86b320147ffffff,PUNO,YUNGUYO,-16.301451093045674,-68.85915429698329,21599.163239228543,12.865007326128042,-1,
868f55237ffffff,AMAZONAS,LUYA,-6.663318202056369,-78.06425869083841,21560.673656809584,6.163621191637579,-1,
868f58cefffffff,ANCASH,YUNGAY,-9.172663599042858,-77.76575940806535,21525.752600490272,13.707248896312532,-1,
868a458e7ffffff,LORETO,MARISCAL RAMON CASTILLA,-3.994497037016633,-70.24910319133822,21509.945139843792,6.174526129649161,-1,
868e68b77ffffff,APURIMAC,AYMARAES,-14.201078938181393,-73.34308556502208,21464.74963677992,3.8449526728645833,-1,
868b61b87ffffff,CUSCO,ANTA,-13.506502334376329,-72.08315113955568,21452.567938036573,10.135811417324394,-1,
86b304dafffffff,TACNA,TACNA,-17.598249554873302,-70.46589955624785,21425.574939630096,6.50559277735522,-1,
868b652f7ffffff,APURIMAC,COTABAMBAS,-14.04918876617896,-72.08550574963104,21345.89248148338,3.823661945291249,-1,
868f59157ffffff,HUANUCO,HUANUCO,-9.991054548516535,-76.5006936679035,21344.79530021829,7.172025094404511,-1,
868e6b8afffffff,AYACUCHO,PARINACOCHAS,-15.191853603117323,-73.90940679726891,21343.56921614803,6.871336937770798,-1,
86b335387ffffff,MOQUEGUA,GENERAL SANCHEZ CERRO,-16.533864006345564,-70.87857617882116,21297.017219238864,6.214792385813427,-1,
868f55b0fffffff,AMAZONAS,CHACHAPOYAS,-6.199539186637052,-77.78917518209393,21237.43870164585,6.071216944384572,-1,
868b6d85fffffff,AYACUCHO,HUANTA,-12.311989205378122,-73.99369065783135,21236.77508901127,6.836955695200712,-1,
868f55b2fffffff,AMAZONAS,CHACHAPOYAS,-6.1423024769474095,-77.7627453801142,21198.93303804825,6.060209202793287,-1,
868e63067ffffff,HUANCAVELICA,CASTROVIRREYNA,-13.09639458955382,-75.6763533440255,21184.369477860386,5.44847375875738,-1,
868b618efffffff,CUSCO,CUSCO,-13.60591425338356,-72.00864589637634,21126.08002591329,9.981553898276982,-1,
868f5926fffffff,PASCO,PASCO,-10.505313863145435,-76.12961673637918,21051.23644177628,8.155489097480073,-1,
86b32011fffffff,PUNO,YUNGUYO,-16.271578997277764,-69.01911347307096,21015.545764219787,12.517390012971784,-1,
868b712f7ffffff,MADRE DE DIOS,TAMBOPATA,-12.517212162753555,-68.97857213929714,20996.78263981425,11.8234748377778,-1,
868f5424fffffff,CAJAMARCA,CUTERVO,-6.176638941810938,-78.8103008517951,20992.20447465355,11.45807699113521,-1,
868f09527ffffff,PIURA,SULLANA,-4.782405949865367,-80.59145386506249,20966.632734472867,5.362730130051419,-1,
868f5c607ffffff,ANCASH,SIHUAS,-8.608298301371281,-77.6266232465811,20943.075496937745,13.336209600599592,-1,
868f59997ffffff,HUANUCO,DOS DE MAYO,-9.560616250570863,-76.60683849119,20942.86497570633,7.036973231266126,-1,
868e6892fffffff,APURIMAC,ANDAHUAYLAS,-13.800633038550313,-73.64253621139758,20932.08622740141,3.749537369435295,-1,
868b46a17ffffff,MADRE DE DIOS,TAHUAMANU,-11.881632178003008,-69.05480920400885,20926.38190979749,11.783831561272384,-1,
868f5c48fffffff,ANCASH,PALLASCA,-8.366295072561986,-78.00166471964722,20835.121842082703,13.267466470274336,-1,
868e6b8e7ffffff,AYACUCHO,PARINACOCHAS,-15.234215295253907,-73.80823057269741,20826.24128050562,6.70478866662077,-1,
868f584afffffff,ANCASH,CASMA,-9.478260074897856,-78.09052933822328,20795.886431236107,13.242481999254675,-1,
868b6cd07ffffff,CUSCO,URUBAMBA,-13.230178017842851,-72.49430786735398,20761.219947574413,9.809166473217438,-1,
868e654efffffff,JUNIN,CONCEPCION,-11.60510548294747,-75.05796282628523,20734.640135036138,7.091608410315192,-1,
868b61b07ffffff,CUSCO,ANTA,-13.579073448806064,-72.23344168710771,20734.02579223957,9.79631790278412,-1,
868f58b2fffffff,ANCASH,ANTONIO RAYMONDI,-9.159780273326136,-77.02975678539953,20701.2789395426,13.182237488404487,-1,
868f5929fffffff,PASCO,DANIEL ALCIDES CARRION,-10.542763835395734,-76.51066709853684,20699.64270177981,8.019277672502064,-1,
868e6189fffffff,HUANCAVELICA,TAYACAJA,-12.286554121266713,-74.76342608636612,20656.99943556168,5.312837820212115,-1,
868e68987ffffff,AYACUCHO,VILCAS HUAMAN,-13.8800057427714,-73.85814132807407,20646.021255829462,6.646768730969786,-1,
868f46617ffffff,AMAZONAS,RODRIGUEZ DE MENDOZA,-6.281201201795922,-77.46370992015888,20645.23888210145,5.901922820484368,-1,
868e6d62fffffff,APURIMAC,ANTABAMBA,-14.263306877355198,-72.95277474343511,20640.604508434262,3.697324628387829,-1,
868e688b7ffffff,AYACUCHO,VICTOR FAJARDO,-13.99495528368747,-73.90990397295819,20624.304511217,6.639777254150112,-1,
868e66667ffffff,LIMA,CANTA,-11.664839241037352,-76.72218229538187,20583.96735559907,4.214804671632232,-1,
868f58b57ffffff,ANCASH,ANTONIO RAYMONDI,-9.269031136584545,-77.01923347275302,20577.97704784878,13.103720850672858,-1,
868f50027ffffff,LAMBAYEQUE,CHICLAYO,-6.771394847039433,-79.33186411080169,20539.00302157505,4.613299126902816,-1,
868f558efffffff,AMAZONAS,LUYA,-6.112192303133271,-78.05173418710463,20512.98700652171,5.8641155387670985,-1,
868e6601fffffff,LIMA,HUARAL,-11.27995810453589,-76.72766988473359,20508.88883175565,4.199431478138101,-1,
868f58217ffffff,ANCASH,RECUAY,-9.741926022075477,-77.35864701021227,20496.56525412833,13.051879145514732,-1,
868f58677ffffff,ANCASH,AIJA,-9.823309322852316,-77.64007212240578,20402.56449353745,12.992020991155352,-1,
868e6dc0fffffff,APURIMAC,ANDAHUAYLAS,-13.56935514730115,-73.06096992214391,20399.606041079383,3.654154886513708,-1,
868b6d80fffffff,AYACUCHO,HUANTA,-12.413055948551095,-73.91915024162262,20309.14686791556,6.538315575753814,-1,
868e6838fffffff,AYACUCHO,PARINACOCHAS,-14.682782492344623,-73.73942631468039,20285.29714553371,6.530637409243876,-1,
868f5998fffffff,HUANUCO,DOS DE MAYO,-9.606080873538271,-76.50640929754174,20276.73358357182,6.813147657239164,-1,
86b322597ffffff,MOQUEGUA,MARISCAL NIETO,-16.881011313072538,-70.6787033557178,20238.85780075373,5.906005430847852,-1,
868e6031fffffff,JUNIN,CHUPACA,-12.143593198493967,-75.48370905325868,20225.06053506745,6.917323303203219,-1,
868f5eb0fffffff,ANCASH,PALLASCA,-8.533298919981892,-78.01813327592541,20110.31108458829,12.805918777141672,-1,
868f5cd0fffffff,LA LIBERTAD,PATAZ,-7.727961742917038,-77.64569136443139,20107.96871022889,5.242801596275199,-1,
868f5d617ffffff,HUANUCO,HUAMALIES,-9.296750808051794,-76.72852031139595,20097.95529491664,6.753076695932895,-1,
868f5855fffffff,ANCASH,YUNGAY,-9.403185866020252,-77.8725344949897,20090.982844794205,12.793610868633095,-1,
868e6d857ffffff,APURIMAC,ABANCAY,-13.56704978504309,-72.58391636038259,20074.32533870084,3.595887777546427,-1,
86b331027ffffff,MOQUEGUA,MARISCAL NIETO,-17.362215624290684,-71.06712922683752,20035.61674196401,5.846696609727589,-1,
868e68b67ffffff,APURIMAC,AYMARAES,-14.193612381791873,-73.27993465194699,20028.169359130727,3.587619916983418,-1,
868f5ebafffffff,ANCASH,PALLASCA,-8.544681093339051,-78.14532691154179,20025.68533498364,12.752030477187803,-1,
868f5c41fffffff,ANCASH,PALLASCA,-8.303056905887434,-77.91148396571172,19988.42206744659,12.72830183492846,-1,
868e6e8efffffff,AYACUCHO,CANGALLO,-13.47691329388348,-74.63904574020012,19980.607860187385,6.432545908251662,-1,
868b61a97ffffff,CUSCO,URUBAMBA,-13.334463581082082,-72.00753564291018,19958.658692831847,9.429975993438148,-1,
868e6b11fffffff,AYACUCHO,PARINACOCHAS,-15.421306135662377,-74.01348367952595,19931.88971086967,6.416861614047794,-1,
868f5011fffffff,LAMBAYEQUE,CHICLAYO,-6.719330925476887,-79.36849918160175,19848.3242969295,4.458164646712582,-1,
868b6531fffffff,CUSCO,CHUMBIVILCAS,-14.270732157738298,-72.12403205031006,19814.165241315703,9.361706386748816,-1,
868e61497ffffff,HUANCAVELICA,HUANCAVELICA,-12.686372413988163,-75.42830851747702,19793.41919637163,5.090730937270626,-1,
868f59b07ffffff,HUANUCO,HUANUCO,-9.845045998768349,-76.13111134879102,19768.14561239948,6.642257955995554,-1,
868e6d58fffffff,APURIMAC,ANDAHUAYLAS,-13.878761306800453,-73.37822410183054,19746.999643117324,3.5372543516072508,-1,
868e66057ffffff,LIMA,HUARAL,-11.325078629946097,-76.62667304360748,19721.261259043604,4.038155650421142,-1,
86b32245fffffff,TACNA,CANDARAVE,-17.104437948613395,-70.36648669137483,19608.13092342183,5.953749912068914,-1,
868e63a97ffffff,HUANCAVELICA,CASTROVIRREYNA,-13.08965106898706,-75.61255220615467,19567.749329594863,5.032690203579662,-1,
868e6886fffffff,APURIMAC,ANDAHUAYLAS,-14.058485807564324,-73.51859874630861,19561.845203585068,3.504087877773685,-1,
868e62a37ffffff,LIMA,HUAROCHIRI,-12.29299375418041,-76.4022256558958,19544.36935878296,4.001934994086412,-1,
86b335bb7ffffff,MOQUEGUA,GENERAL SANCHEZ CERRO,-16.08629254289159,-70.74112733811414,19468.16514146507,5.681105632841272,-1,
868b652a7ffffff,CUSCO,CHUMBIVILCAS,-14.14833856146584,-72.0108721473138,19438.328548133944,9.184132780791517,-1,
868f5c68fffffff,ANCASH,HUAYLAS,-8.72921593612105,-77.74336227481781,19374.72545918316,12.33750982349848,-1,
868f4ba07ffffff,UCAYALI,ATALAYA,-10.190834874499192,-74.12217872369244,19363.62843921938,3.940557033989708,-1,
868e68617ffffff,AYACUCHO,LUCANAS,-14.784620975002492,-74.14647244251958,19362.44449642106,6.233534734815375,-1,
868e60977ffffff,JUNIN,TARMA,-11.369762861916518,-75.43415524240595,19337.28759177782,6.613689479318093,-1,
868f508f7ffffff,CAJAMARCA,CHOTA,-6.5418874915889,-79.22443122270269,19317.734036509424,10.544108607166716,-1,
868f5c71fffffff,ANCASH,SIHUAS,-8.49893569656814,-77.63694721528434,19289.17465829339,12.283032465942666,-1,
868e6810fffffff,AYACUCHO,SUCRE,-14.260311501693144,-73.84927827250304,19287.471580512218,6.209397995491241,-1,
868b61c5fffffff,CUSCO,PAUCARTAMBO,-13.559765930706837,-71.63442907507839,19273.64573252308,9.106324195473102,-1,
868f4e947ffffff,LORETO,UCAYALI,-7.9299887299605665,-75.08346554878258,19215.32554476356,5.515845293630498,-1,
868f0934fffffff,PIURA,MORROPON,-5.319094682417848,-79.74783141489057,19177.461697269533,4.905105791869064,-1,
868f71cf7ffffff,LORETO,DATEM DEL MARAÑON,-4.468211696406467,-77.4134438095255,19155.438019027595,5.498654311036508,-1,
868f6275fffffff,LORETO,ALTO AMAZONAS,-4.630146357626967,-76.10638280528279,19147.18423578476,5.496285025574827,-1,
868e6942fffffff,AYACUCHO,PAUCAR DEL SARA SARA,-15.06651434431431,-73.31238157143899,19143.13213906567,6.162929435076402,-1,
868e6e8cfffffff,AYACUCHO,CANGALLO,-13.53445670759539,-74.66514317313653,19139.64805887421,6.161807772215271,-1,
868e6d76fffffff,APURIMAC,GRAU,-14.190771058654333,-72.80126691878452,19100.192705479,3.421392666482424,-1,
868e69d0fffffff,APURIMAC,AYMARAES,-14.557804538272826,-73.14404068440389,19098.8053164282,3.4211441452870006,-1,
868e6e147ffffff,AYACUCHO,VICTOR FAJARDO,-13.649538384953424,-74.71737731751662,19097.424445553872,6.1482143253594055,-1,
868e6d807ffffff,CUSCO,ANTA,-13.467254015762876,-72.65852426589339,19088.19409448995,9.018702851698922,-1,
868e638efffffff,LIMA,YAUYOS,-12.815050484450328,-75.60830838679216,19079.196951271737,3.9066855797037454,-1,
868b66c37ffffff,PUNO,HUANCANE,-15.015096112960672,-69.57852152614974,19060.412017658287,11.35286295724811,-1,
86b32645fffffff,PUNO,PUNO,-15.969657343458149,-70.28081707470449,19056.95837607726,11.35080588106652,-1,
868b71347ffffff,MADRE DE DIOS,TAMBOPATA,-12.704141897265462,-69.17217311604742,19053.07795757804,10.72895746353431,-1,
868e6da8fffffff,APURIMAC,GRAU,-13.938475180750658,-72.51084506637127,19050.231592547643,3.412443197331592,-1,
868e60a37ffffff,JUNIN,JAUJA,-11.797846212220676,-75.3264489601381,19004.260600524605,6.49978844237448,-1,
868b61c9fffffff,CUSCO,QUISPICANCHI,-13.578243352534008,-71.34839554927036,18930.669085299447,8.944276154098944,-1,
868e6dd6fffffff,APURIMAC,ABANCAY,-13.439658696449808,-72.88415436953552,18889.713300261083,3.383689764498006,-1,
868e6d02fffffff,APURIMAC,ABANCAY,-13.861552197596534,-72.77396289045613,18871.849681084423,3.380489877638733,-1,
868b6ca9fffffff,CUSCO,LA CONVENCION,-12.63676413282313,-73.00393032805867,18816.444375761992,8.890307784511938,-1,
868f401a7ffffff,SAN MARTIN,SAN MARTIN,-6.40439739902849,-76.37395263937492,18803.933666787427,4.095290049769413,-1,
868f6331fffffff,LORETO,LORETO,-5.174859646783061,-74.86043114336782,18721.564400382165,5.3741089447943,-1,
868e6e777ffffff,HUANCAVELICA,HUAYTARA,-14.00178121486926,-74.938121931022,18699.39872582202,4.809356415760204,-1,
86b32604fffffff,PUNO,PUNO,-15.90071041824705,-69.78530326071855,18692.83913253397,11.133927260173426,-1,
868e6d8a7ffffff,APURIMAC,ABANCAY,-13.482193744419384,-72.7840360119343,18652.92231858138,3.3412737040581706,-1,
868e6d3afffffff,APURIMAC,GRAU,-14.118198599069348,-72.64997799955762,18649.218846861782,3.340610305987935,-1,
868f42d8fffffff,AMAZONAS,CHACHAPOYAS,-6.630357082635369,-77.685167602852,18622.941325582506,5.323801919738751,-1,
868f508afffffff,CAJAMARCA,CHOTA,-6.489851640933439,-79.26104703777649,18595.005752217134,10.149625200953192,-1,
868f5e247ffffff,ANCASH,SANTA,-9.1497440531685,-78.12114946508333,18582.08471623024,11.83276909964726,-1,
868e69457ffffff,AYACUCHO,PAUCAR DEL SARA SARA,-15.17357441120822,-73.3006142182382,18580.84147939221,5.98190588927439,-1,
868e6999fffffff,APURIMAC,ANTABAMBA,-14.584772584418584,-72.91725582263955,18534.331238073497,3.320030638115516,-1,
868f5c417ffffff,ANCASH,PALLASCA,-8.251195611850045,-77.9483523542464,18526.050848099992,11.797087644446156,-1,
868f59087ffffff,HUANUCO,LAURICOCHA,-10.12469167242231,-76.74405553327688,18507.77483579704,6.218763108145955,-1,
868e686b7ffffff,AYACUCHO,LUCANAS,-14.799311722084436,-74.27373065807998,18470.21761212753,5.946291702273289,-1,
868e6d047ffffff,APURIMAC,GRAU,-13.961236316393467,-72.69924156119471,18468.6209021915,3.308260031150159,-1,
868f59127ffffff,HUANUCO,YAROWILCA,-9.83042799306853,-76.54845513783441,18457.973573179363,6.202029478228064,-1,
86b33574fffffff,MOQUEGUA,GENERAL SANCHEZ CERRO,-16.65636284226469,-70.99122251759144,18390.039684328,5.366492285207113,-1,
868e6dd5fffffff,APURIMAC,ABANCAY,-13.504508368056005,-72.97251897243963,18385.089534882827,3.2932971660137698,-1,
86b3352b7ffffff,MOQUEGUA,GENERAL SANCHEZ CERRO,-16.647831692317993,-70.92865885388503,18325.460020719835,5.3476469606464585,-1,
868f5b99fffffff,ANCASH,RECUAY,-10.09978252363142,-77.64604247107125,18324.281460243,11.668604182318589,-1,
868e6d40fffffff,APURIMAC,AYMARAES,-13.971377615195596,-73.24031026464183,18319.5606208352,3.28155905690554,-1,
868f5b98fffffff,ANCASH,RECUAY,-10.093832826432482,-77.58225688545473,18282.906820161283,11.642257484940748,-1,
868b60a27ffffff,CUSCO,CANCHIS,-14.111500612698382,-71.28724614866498,18249.62116219483,8.622497738820767,-1,
868a6840fffffff,LORETO,MARISCAL RAMON CASTILLA,-3.423251527662696,-71.61794600983013,18246.461454240765,5.237728515362639,-1,
868f50837ffffff,CAJAMARCA,CHOTA,-6.375169687691379,-79.20738886710099,18236.035380784186,9.953690078542326,-1,
868e6a85fffffff,AYACUCHO,LUCANAS,-14.627646699256523,-74.67888367887917,18202.47511644828,5.860094830431447,-1,
868e6d46fffffff,APURIMAC,AYMARAES,-14.006402586310417,-73.0768145837694,18078.523673324427,3.238382422131165,-1,
868b63597ffffff,MADRE DE DIOS,TAMBOPATA,-12.880695382267326,-70.11307289068104,18070.54953144064,10.175686978092946,-1,
868e69427ffffff,AYACUCHO,PARINACOCHAS,-15.016770053233085,-73.34992445401403,18050.289843818708,5.811100387439545,-1,
868e6d56fffffff,APURIMAC,ABANCAY,-13.841623241429089,-73.0629953482065,18049.607986450977,3.2332027927661304,-1,
868e68997ffffff,AYACUCHO,VICTOR FAJARDO,-13.887280640581857,-73.92146420020518,18048.178039535887,5.810420514329902,-1,
868f59467ffffff,HUANUCO,LAURICOCHA,-10.136890341318754,-76.87120550844432,18035.9086342753,6.060212220638467,-1,
868e6b447ffffff,AREQUIPA,CARAVELI,-15.673117317661978,-74.30919225478343,18025.252096152224,3.477088860325384,-1,
86b326b9fffffff,PUNO,PUNO,-15.672940665533636,-69.68717796021762,17966.68584358198,10.701412015078546,-1,
868e6d7afffffff,APURIMAC,AYMARAES,-14.1711304620221,-73.0906494013129,17950.47885995169,3.2154459213214674,-1,
868f5948fffffff,ANCASH,BOLOGNESI,-10.21882147668911,-77.15231258709662,17838.407283426997,11.359207414757666,-1,
868e685a7ffffff,AYACUCHO,LUCANAS,-14.275595032855112,-74.4582997440631,17823.157593073596,5.737977555522421,-1,
868e6d15fffffff,APURIMAC,ABANCAY,-13.854014356797055,-72.71112192027205,17809.99641747782,3.190281484194519,-1,
868f55cf7ffffff,CAJAMARCA,CUTERVO,-6.103342476219536,-78.59381193456998,17732.708237034003,9.67896137285631,-1,
868f098afffffff,PIURA,AYABACA,-4.633007328054542,-80.0944961553453,17682.724131281084,4.522790029335271,-1,
868e6d467ffffff,APURIMAC,AYMARAES,-13.956464623903734,-73.11421367754276,17660.007283604577,3.1634141258071464,-1,
868f41847ffffff,LORETO,UCAYALI,-6.935291217468241,-74.99522243942742,17629.501169697665,5.060627301338119,-1,
868e6d4efffffff,APURIMAC,AYMARAES,-14.078773203144925,-73.22856445946513,17489.43548329707,3.1328598211632257,-1,
868e61507ffffff,HUANCAVELICA,HUANCAVELICA,-12.442443325880864,-75.19622087624906,17485.584284324443,4.4971717109280895,-1,
868e6d217ffffff,APURIMAC,GRAU,-14.22531725502748,-72.63807182517182,17482.577919205767,3.131631434630497,-1,
868b653a7ffffff,CUSCO,CHUMBIVILCAS,-14.312489452405911,-72.02406257161473,17470.861200759613,8.254552785504721,-1,
868e61577ffffff,HUANCAVELICA,HUANCAVELICA,-12.48652511772572,-75.09537473083724,17463.07753509041,4.491383130214148,-1,
868e606e7ffffff,LIMA,YAUYOS,-12.407209508650652,-75.907283263004,17458.524447323198,3.574834196400316,-1,
868b6512fffffff,CUSCO,CHUMBIVILCAS,-14.682169802691684,-71.95044311870615,17456.996232353653,8.248001928494228,-1,
868b65627ffffff,CUSCO,PARURO,-14.166645384368174,-71.72354963746916,17444.14654065923,8.241930764791977,-1,
868f5844fffffff,ANCASH,HUARAZ,-9.564445727037436,-77.82523899271902,17394.9523926518,11.076822558118351,-1,
868b63827ffffff,CUSCO,QUISPICANCHI,-13.310208260969793,-70.93879716441828,17374.143457568603,8.208856027497715,-1,
868f5d797ffffff,ANCASH,HUARI,-9.199522637829448,-76.8659112209422,17351.002332819822,11.048835875361858,-1,
868f5920fffffff,PASCO,DANIEL ALCIDES CARRION,-10.466446632304102,-76.2936868121757,17312.00279217888,6.706867333786224,-1,
868e6d6a7ffffff,APURIMAC,AYMARAES,-14.28593746066311,-73.1419400235929,17266.193657515898,3.09287080338956,-1,
868f4cd9fffffff,LORETO,UCAYALI,-7.516986692331292,-74.77838571078377,17258.918090820844,4.954249768115485,-1,
868e6d5afffffff,APURIMAC,ANDAHUAYLAS,-13.821317003945504,-73.35252430296816,17221.574648986043,3.0848782584491112,-1,
868f59b8fffffff,HUANUCO,HUANUCO,-9.966432676865862,-76.24702027667986,17094.098602672097,5.743756378086958,-1,
868e6ecdfffffff,HUANCAVELICA,HUAYTARA,-13.590302207996658,-75.1743068194432,17084.169783088186,4.393930669052563,-1,
868e6c387ffffff,APURIMAC,CHINCHEROS,-13.477637145946897,-73.67739070729667,17007.168324959952,3.0464719326082257,-1,
868e6dc07ffffff,APURIMAC,ABANCAY,-13.519320960385498,-73.09831630487277,16994.947460736643,3.0442828251014884,-1,
86b32268fffffff,TACNA,CANDARAVE,-17.41898144321249,-70.32867810595177,16980.306618155355,5.155845777936249,-1,
868b640afffffff,PUNO,LAMPA,-15.07691122878916,-70.82807311786915,16958.265434727324,10.100771341917191,-1,
86b335287ffffff,MOQUEGUA,GENERAL SANCHEZ CERRO,-16.696256970888367,-70.89116657585025,16942.513057554228,4.944082077912491,-1,
868f5e35fffffff,ANCASH,SANTA,-9.04024109600758,-78.13134323539887,16859.374035547833,10.735774977550369,-1,
868e6d45fffffff,APURIMAC,AYMARAES,-14.071301305730302,-73.16548574863697,16851.372712290773,3.018564467229431,-1,
868f6e797ffffff,LORETO,REQUENA,-5.908593817367722,-74.53499661116916,16845.79535757349,4.835661036503017,-1,
868f098dfffffff,PIURA,AYABACA,-4.794006518557613,-80.04866340419774,16827.08469223038,4.3039392745017055,-1,
868b61767ffffff,CUSCO,PAUCARTAMBO,-13.089924126242046,-71.78233472699294,16817.734156337476,7.945966299591317,-1,
868e68657ffffff,AYACUCHO,LUCANAS,-14.877299561208597,-74.00775251774073,16750.140766184166,5.392531108267635,-1,
868b62b5fffffff,PUNO,CARABAYA,-13.558339051097438,-70.34579937486468,16749.98261950737,9.976712834926298,-1,
868e608efffffff,JUNIN,JAUJA,-11.651343027404142,-75.50168581915268,16738.933741205947,5.725007163170519,-1,
868b40dafffffff,MADRE DE DIOS,TAHUAMANU,-11.643691564760717,-69.29873415870155,16685.725329180867,9.395880167161982,-1,
868e606efffffff,LIMA,YAUYOS,-12.458253674966572,-75.86992961455769,16670.560451134163,3.413489482097115,-1,
868e61b9fffffff,HUANCAVELICA,CHURCAMPA,-12.475700799429683,-74.48758361169926,16645.132948331855,4.281013422410045,-1,
868e694afffffff,AYACUCHO,PAUCAR DEL SARA SARA,-15.139076799739792,-73.46491919854735,16612.936421932263,5.348359617120435,-1,
868e6c017ffffff,AYACUCHO,LA MAR,-13.226212823905442,-73.86426067105465,16609.17029357749,5.34714715182869,-1,
868e6d11fffffff,APURIMAC,ABANCAY,-13.761773702878529,-72.84867376045976,16584.998564280977,2.9708492126980053,-1,
868f6c587ffffff,LORETO,REQUENA,-5.068407258846977,-73.68672385098876,16560.979361162234,4.753903328589302,-1,
868b6c127ffffff,CUSCO,LA CONVENCION,-12.937598321740165,-72.78047711898775,16538.244786800722,7.813914437504047,-1,
868f590afffffff,HUANUCO,LAURICOCHA,-10.11857647389303,-76.68050960914793,16526.025847091674,5.5528793047224445,-1,
868f59c8fffffff,ANCASH,BOLOGNESI,-9.815270743799545,-76.96651794706375,16523.31460893224,10.52177780448674,-1,
868e68bafffffff,APURIMAC,ANDAHUAYLAS,-14.223395734437243,-73.5327039009767,16522.398267718017,4.322228854794352,-1,
868e6d037ffffff,APURIMAC,ABANCAY,-13.819181489617312,-72.87419576629873,16437.560486096576,2.9444388215967847,-1,
868e600dfffffff,LIMA,YAUYOS,-12.119001791836157,-75.77544519583076,16430.263542686098,3.3642859192071755,-1,
868f5cd4fffffff,LA LIBERTAD,PATAZ,-7.82588833520274,-77.50872439773644,16426.62061462903,4.282954385938261,-1,
868e63347ffffff,HUANCAVELICA,CASTROVIRREYNA,-13.34368779798739,-75.42536723789858,16425.00590887732,4.224398265687329,-1,
868e6579fffffff,JUNIN,CONCEPCION,-11.764587299864468,-75.00954542775018,16414.248178723206,5.613959040289436,-1,
868a6e45fffffff,LORETO,MARISCAL RAMON CASTILLA,-3.988987575435501,-70.76427228430063,16385.35087648564,4.703488385143556,-1,
868b65327ffffff,CUSCO,CHUMBIVILCAS,-14.385364991731306,-72.17466157579712,16349.991508152916,7.7249693873553404,-1,
868e6d207ffffff,APURIMAC,GRAU,-14.217678941143868,-72.57521831399181,16321.27876664071,2.923609428494476,-1,
868e6cd87ffffff,AYACUCHO,HUANTA,-12.772309374042562,-74.20040052604323,16302.597806411495,5.248449373878122,-1,
868e687afffffff,AYACUCHO,LUCANAS,-14.677110437715502,-74.15799698660855,16198.508970216595,5.214939071186365,-1,
868e6d237ffffff,APURIMAC,GRAU,-14.167950914463134,-72.61259939683994,16193.00393266391,2.900631724393272,-1,
868f5c20fffffff,HUANUCO,MARAÑON,-8.619403915279122,-77.14564063614236,16170.32258360626,5.433360110652081,-1,
868f590b7ffffff,HUANUCO,LAURICOCHA,-10.073151841874086,-76.78114760965099,16160.17959908182,5.429951985227674,-1,
86b3226afffffff,TACNA,CANDARAVE,-17.362168665079526,-70.30379457587847,16160.02787946348,4.90677897562695,-1,
868e600a7ffffff,JUNIN,JAUJA,-11.908081365970066,-75.86101655508686,16146.997520746563,5.522554656059639,-1,
86b322867ffffff,PUNO,EL COLLAO,-16.530998923779297,-69.70908786169302,16093.792397367111,9.585869360034836,-1,
868a6d4a7ffffff,LORETO,MAYNAS,-3.9306928447838527,-72.47996823514796,16058.037488259772,4.609531610496046,-1,
868f55b17ffffff,AMAZONAS,CHACHAPOYAS,-6.153175360865013,-77.88889404415467,16024.813055709115,4.581066385697281,-1,
868f5c4b7ffffff,LA LIBERTAD,SANTIAGO DE CHUCO,-8.262533775058294,-78.0754035239173,15998.618775564448,4.1713603827152985,-1,
86b3318d7ffffff,MOQUEGUA,MARISCAL NIETO,-17.191520176507954,-70.99169678552595,15936.055482756274,4.650382504488278,-1,
868f582b7ffffff,ANCASH,RECUAY,-9.75380991612505,-77.48598302842518,15914.695763629854,10.134219229863143,-1,
868e6895fffffff,APURIMAC,ANDAHUAYLAS,-13.958338509074336,-73.59347219516987,15874.924297330805,2.843654533195933,-1,
868f464dfffffff,AMAZONAS,CHACHAPOYAS,-6.136856932057253,-77.69969589444025,15866.85964941645,4.535911722266376,-1,
868e6dcc7ffffff,APURIMAC,ANDAHUAYLAS,-13.68422232262223,-73.11214295460539,15804.37252738508,2.8310166864463344,-1,
868e6116fffffff,HUANCAVELICA,CHURCAMPA,-12.482599917120474,-74.55086919725883,15800.964065349172,4.063899006439463,-1,
868b6c737ffffff,CUSCO,LA CONVENCION,-12.528326802826072,-72.54032168189144,15797.337487090615,7.463853937088823,-1,
868e6881fffffff,AYACUCHO,SUCRE,-14.030487598537135,-73.74580064841281,15784.296432606432,5.081587714581251,-1,
868f09807ffffff,PIURA,AYABACA,-4.570929128043616,-80.00439159700656,15764.292147051949,4.032104036282863,-1,
868e687a7ffffff,AYACUCHO,LUCANAS,-14.627003197341562,-74.19554859157526,15757.5290488803,5.072970237782399,-1,
868b61cdfffffff,CUSCO,PAUCARTAMBO,-13.48700051144983,-71.48492293432653,15733.199305508317,7.433550221699316,-1,
868f55b4fffffff,AMAZONAS,CHACHAPOYAS,-6.297652349443689,-77.65281398763327,15707.91109587544,4.490472572795456,-1,
868e64637ffffff,JUNIN,JUNIN,-11.082234503646273,-75.84770448619834,15705.91159791654,5.371695580636018,-1,
868e6e327ffffff,AYACUCHO,HUANCA SANCOS,-13.851354412570917,-74.56750266510119,15702.550246572036,5.05527039239715,-1,
86b3264f7ffffff,PUNO,PUNO,-15.938276482154832,-70.44238222172862,15686.61551677124,9.343344522666046,-1,
868b66d47ffffff,PUNO,HUANCANE,-15.040592708420176,-69.76321314673994,15684.710608949035,9.342209911439824,-1,
868f6cc97ffffff,LORETO,REQUENA,-4.84211315370851,-73.58635935558861,15681.121168316102,4.501336092048512,-1,
86b335047ffffff,MOQUEGUA,GENERAL SANCHEZ CERRO,-16.371382866797333,-70.86600018992482,15666.11546482506,4.571609916252319,-1,
86b335777ffffff,MOQUEGUA,GENERAL SANCHEZ CERRO,-16.559383099428082,-71.06622183499744,15649.79603137729,4.566847658247457,-1,
868b75a4fffffff,PUNO,SANDIA,-14.031193745028585,-69.44720002357542,15647.04923499254,9.319777845600235,-1,
868f5914fffffff,HUANUCO,HUANUCO,-10.03638511983486,-76.40016357023976,15641.017945426986,5.255509440537309,-1,
868f09c57ffffff,PIURA,PIURA,-4.710243164926257,-80.37450172322491,15632.124665953015,3.998298964096098,-1,
868e6d49fffffff,APURIMAC,ANDAHUAYLAS,-14.051086149058287,-73.45540378550429,15622.306768775488,2.7984034840075065,-1,
868e6dc27ffffff,APURIMAC,ABANCAY,-13.461881880404398,-73.07274109792046,15573.896587577488,2.789731831240024,-1,
868b6535fffffff,APURIMAC,COTABAMBAS,-14.179287934722131,-72.26139331645192,15568.957130558878,2.788847032731418,-1,
868e6d187ffffff,APURIMAC,ABANCAY,-13.776738417173478,-72.97446702755367,15562.105243502672,2.7876196631186008,-1,
868b66d57ffffff,PUNO,HUANCANE,-15.032106228478687,-69.7016140469489,15531.992658824496,9.25124724194089,-1,
868e6864fffffff,AYACUCHO,LUCANAS,-14.919850742143966,-73.9066320616261,15500.691502169271,4.990284099215345,-1,
868f55a9fffffff,AMAZONAS,LUYA,-6.439516745419012,-78.02133443215718,15497.505395090318,4.4303231982052536,-1,
868f626b7ffffff,LORETO,DATEM DEL MARAÑON,-4.656963285162073,-76.41817994218118,15493.917126939636,4.447598333186739,-1,
868e6c3b7ffffff,APURIMAC,CHINCHEROS,-13.427395929778177,-73.71477160611649,15482.83593589719,2.7734202551911227,-1,
868e63adfffffff,HUANCAVELICA,CASTROVIRREYNA,-13.235327816586658,-75.43648465193183,15473.551758203388,3.9796908186223865,-1,
868b44d57ffffff,MADRE DE DIOS,TAMBOPATA,-12.75218647060614,-69.53781479417572,15466.45047957214,8.709295667432569,-1,
868e61c07ffffff,HUANCAVELICA,TAYACAJA,-12.205270955449024,-75.02816312879607,15466.27753666656,3.977819939000493,-1,
868f5904fffffff,HUANUCO,AMBO,-10.20310052762192,-76.41579453248966,15457.875254538709,5.193972004528537,-1,
868f5862fffffff,ANCASH,AIJA,-9.771557776322402,-77.6771189766221,15437.27940721892,9.830208264674113,-1,
868e60857ffffff,JUNIN,JAUJA,-11.593714738030418,-75.47547826624456,15384.607655157117,5.261804030654884,-1,
86b33522fffffff,MOQUEGUA,MARISCAL NIETO,-16.613557907266976,-70.67873729266866,15285.52592298938,4.460548120021816,-1,
86b32606fffffff,PUNO,PUNO,-15.84377128676759,-69.76075087230237,15235.827741804644,9.074843934784877,-1,
868e6e52fffffff,HUANCAVELICA,HUAYTARA,-13.597220110228925,-75.23805959942673,15206.483334208668,3.911002661467242,-1,
868e6014fffffff,JUNIN,JAUJA,-11.875289287008352,-75.5431056047759,15189.628824321397,5.195117871281826,-1,
868f5d45fffffff,HUANUCO,HUACAYBAMBA,-9.08435940803665,-76.81309438647835,15174.75183121272,5.098840227983137,-1,
868b6640fffffff,PUNO,SANDIA,-14.519125762946327,-69.4820543959071,15155.68153146397,9.027106827019445,-1,
868e6bb67ffffff,AYACUCHO,PAUCAR DEL SARA SARA,-15.345572907263586,-73.37803115438194,15129.483563275184,4.8707776194749774,-1,
868f5d60fffffff,HUANUCO,HUAMALIES,-9.342315060100258,-76.62813669932697,15128.72133982176,5.083373607913917,-1,
868f42997ffffff,AMAZONAS,RODRIGUEZ DE MENDOZA,-6.545423639433219,-77.34337280811383,15120.137153059124,4.322443688934917,-1,
868e662b7ffffff,LIMA,CANTA,-11.600840815578753,-76.63178598904558,15099.525951328576,3.091802052522231,-1,
868e6d587ffffff,APURIMAC,ANDAHUAYLAS,-13.828700288372596,-73.41563124399913,15079.047804595964,2.70109021263347,-1,
868e6d7a7ffffff,APURIMAC,AYMARAES,-14.121227762607807,-73.12806903810821,15066.164370000206,2.698782419758041,-1,
868b61967ffffff,APURIMAC,COTABAMBAS,-13.8926029952375,-72.13484972553151,15053.46893205573,2.6965083024781373,-1,
868b65157ffffff,CUSCO,CHUMBIVILCAS,-14.57548353904937,-71.96254325311224,15034.843373018111,7.103594197118221,-1,
868b40157ffffff,MADRE DE DIOS,TAHUAMANU,-11.264437132474384,-69.71366639770567,15028.92490371048,8.4629211287318,-1,
868e63ba7ffffff,HUANCAVELICA,CASTROVIRREYNA,-12.859212109816102,-75.50719302806583,15021.879108032894,3.8635237273821095,-1,
868f0ba47ffffff,PIURA,SECHURA,-5.505041892928763,-80.68951160357702,15016.692732643838,3.8408871653800136,-1,
86b33576fffffff,MOQUEGUA,GENERAL SANCHEZ CERRO,-16.599376545915717,-70.9661500809619,14993.575020035025,4.375352421956031,-1,
868f59577ffffff,ANCASH,BOLOGNESI,-9.976099750648006,-76.91888056461893,14993.504453247984,9.5476195970012,-1,
868b40c07ffffff,MADRE DE DIOS,TAHUAMANU,-11.545220312766691,-69.37205568410822,14988.516010032805,8.440166521713365,-1,
868e61d0fffffff,HUANCAVELICA,TAYACAJA,-12.090066940388052,-74.97596629440604,14986.112955066865,3.8543249194548417,-1,
868f5b917ffffff,ANCASH,RECUAY,-9.978498101125544,-77.52889158574409,14915.111238587844,9.497700073857368,-1,
868f4d547ffffff,UCAYALI,CORONEL PORTILLO,-8.559032002817384,-73.69421378468026,14911.776335573411,3.0345916475762498,-1,
868e64677ffffff,JUNIN,TARMA,-11.17821144207866,-75.70984420347067,14858.195491105353,5.081761893170485,-1,
868f5c49fffffff,ANCASH,PALLASCA,-8.371973970020246,-78.06521720106278,14837.275701534089,9.44813567073635,-1,
868e6d647ffffff,APURIMAC,ANTABAMBA,-14.36290786214361,-72.87792778530567,14835.372095647632,2.6574408999562964,-1,
868b60547ffffff,PUNO,CARABAYA,-14.01555543709036,-70.5429617864963,14780.306269617728,8.803523837242865,-1,
868e6d567ffffff,APURIMAC,ABANCAY,-13.791650773733458,-73.1003739171282,14758.210545752136,2.643619051924829,-1,
86b304827ffffff,TACNA,TARATA,-17.57463305747514,-69.92951690610015,14699.83764598886,4.463411501791444,-1,
868e6eb9fffffff,AYACUCHO,VICTOR FAJARDO,-13.635427184319758,-74.59024600370189,14689.590326656691,4.7291586327515525,-1,
868e6d32fffffff,APURIMAC,GRAU,-14.045591408529658,-72.49890961670536,14686.47139141652,2.6307685105544736,-1,
868e6ab17ffffff,AYACUCHO,LUCANAS,-14.670672574804044,-74.57755211714844,14657.466675319944,4.71881676210326,-1,
868e68c67ffffff,AYACUCHO,VICTOR FAJARDO,-14.059712504159096,-73.99919301270982,14618.341537511778,4.7062208367501,-1,
868e61da7ffffff,JUNIN,HUANCAYO,-12.052620727282308,-75.14005512850582,14603.68254179143,4.994714027370349,-1,
868e63307ffffff,HUANCAVELICA,CASTROVIRREYNA,-13.248923793365954,-75.56405038882092,14600.219079073431,3.7550756753736,-1,
868f5d637ffffff,HUANUCO,HUAMALIES,-9.239164800228895,-76.7021374022647,14597.99115487876,4.905043942474108,-1,
868f5004fffffff,CAJAMARCA,SAN MIGUEL,-6.979622241903319,-79.18524459065193,14529.582561231107,7.930614235234534,-1,
86b304c5fffffff,TACNA,TACNA,-17.837529791008343,-70.27816382498503,14467.964280580629,4.393006217662023,-1,
868e6d697ffffff,APURIMAC,AYMARAES,-14.350858303125486,-73.23073931241659,14445.337935101445,2.587574588283558,-1,
868e6c12fffffff,AYACUCHO,LA MAR,-13.046527533682884,-73.7237648571777,14419.01681536876,4.642050345301275,-1,
868e6d4e7ffffff,APURIMAC,AYMARAES,-14.028805305512591,-73.26598396806564,14417.9602756705,2.582670463773044,-1,
868e66cefffffff,LIMA,HUAURA,-11.02271105344978,-76.9137304864805,14399.146341101708,2.948391251188192,-1,
868f46417ffffff,AMAZONAS,BONGARA,-5.918896684796813,-77.72013975849154,14367.470944277644,4.107276506845974,-1,
868e6841fffffff,AYACUCHO,LUCANAS,-14.48380294114743,-74.37179614435567,14366.659530883362,4.625194469922489,-1,
868b6186fffffff,CUSCO,PARURO,-13.678547767400095,-72.15888872221223,14355.18662203944,6.782473076498581,-1,
868f5d4efffffff,HUANUCO,HUACAYBAMBA,-9.09031275747812,-76.8764769021827,14332.147818784928,4.815718416001354,-1,
868e6811fffffff,AYACUCHO,LUCANAS,-14.267652425823773,-73.91267348331681,14300.12976092057,4.603775912361795,-1,
868a6e647ffffff,LORETO,MARISCAL RAMON CASTILLA,-3.6928334849046767,-71.04040799557954,14291.3037653238,4.102382779316845,-1,
868f58a27ffffff,ANCASH,HUARI,-9.274975646841376,-77.08270932374269,14251.475308999738,9.075107515435382,-1,
868e6e5a7ffffff,HUANCAVELICA,HUAYTARA,-13.617889141269217,-75.42945757013831,14245.373018411545,3.663811715314025,-1,
868e6dc57ffffff,APURIMAC,ANDAHUAYLAS,-13.619366528038617,-73.02362068136443,14132.532182456884,2.531542100829931,-1,
868e688d7ffffff,AYACUCHO,SUCRE,-14.145403985231424,-73.79751281295789,14115.535391059922,4.544347702427332,-1,
868e6d42fffffff,APURIMAC,AYMARAES,-13.91394860203837,-73.21464997534437,14101.079594613297,2.5259080396950884,-1,
868e6d407ffffff,APURIMAC,AYMARAES,-13.921380630103275,-73.27771800702934,14075.317018227526,2.521293222908937,-1,
868e6880fffffff,AYACUCHO,SUCRE,-14.02314673435102,-73.6825191719073,14050.878617101647,4.523532136170473,-1,
868f5532fffffff,AMAZONAS,LUYA,-6.54319988200195,-77.94800049234814,14040.559798418342,4.013821334782529,-1,
868b650d7ffffff,CUSCO,CHUMBIVILCAS,-14.338495661284838,-71.7990576831235,14039.330775403205,6.633238947241362,-1,
868e6d387ffffff,APURIMAC,GRAU,-14.12580052178098,-72.71284464627514,13996.209813159412,2.507122852198053,-1,
868e6d38fffffff,APURIMAC,GRAU,-14.17557101268668,-72.67545950305963,13995.777486192244,2.50704541003096,-1,
868e6d19fffffff,APURIMAC,ABANCAY,-13.83415581191394,-73.00003374849184,13844.562356141132,2.4799584405434927,-1,
868e6c22fffffff,APURIMAC,CHINCHEROS,-13.563448557135764,-73.47637832983501,13805.4531927958,2.4729528670016303,-1,
868f50b87ffffff,CAJAMARCA,SANTA CRUZ,-6.692624981084476,-79.05107947111388,13795.231679078264,7.529786920677129,-1,
868e62b6fffffff,LIMA,YAUYOS,-12.267029841340973,-76.14686615225597,13788.508788669093,2.823356171011241,-1,
868f58c1fffffff,ANCASH,HUAYLAS,-9.069033289210555,-77.83969308384725,13787.4814215151,8.77964375999044,-1,
868e6d81fffffff,APURIMAC,ABANCAY,-13.52465754423964,-72.68395647963303,13770.80328541506,2.4667460741783964,-1,
868e6d557ffffff,APURIMAC,AYMARAES,-13.856518416138035,-73.18900309994855,13731.419564736549,2.45969131953869,-1,
868e6da97ffffff,APURIMAC,GRAU,-13.896281289842864,-72.61096352999022,13721.746071324524,2.457958519250782,-1,
86b33514fffffff,MOQUEGUA,GENERAL SANCHEZ CERRO,-16.25735896277152,-70.8160091274951,13677.726098695868,3.991367764713421,-1,
868e6d447ffffff,APURIMAC,AYMARAES,-14.01388362736913,-73.1398429952132,13663.32190493485,2.447493074345944,-1,
868e6dd8fffffff,APURIMAC,ANDAHUAYLAS,-13.476633475034518,-73.19860650582034,13646.48173850838,2.444476517246112,-1,
868f5d6f7ffffff,HUANUCO,HUAMALIES,-9.4059277782326,-76.7179050333409,13638.552591083357,4.582664769504964,-1,
868f4ba57ffffff,UCAYALI,ATALAYA,-10.292597051577502,-74.04811222326171,13595.516575528934,2.76672879985214,-1,
868f59a97ffffff,HUANUCO,HUANUCO,-10.08784311797363,-76.36307650879736,13591.288916372185,4.566783789794709,-1,
868e68c47ffffff,AYACUCHO,VICTOR FAJARDO,-14.117185565356934,-74.02512917038784,13467.385197520052,4.335682585501889,-1,
868a690cfffffff,LORETO,PUTUMAYO,-2.627376146568411,-72.95803116149587,13377.341572777455,3.840025836856051,-1,
868f59517ffffff,ANCASH,BOLOGNESI,-9.936581032056385,-77.08314572455315,13357.200998360177,8.50564818990009,-1,
868b65267ffffff,APURIMAC,COTABAMBAS,-14.129651492622743,-72.29874011045663,13350.601014683076,2.3914757881823143,-1,
868b41807ffffff,MADRE DE DIOS,TAHUAMANU,-10.95681100865749,-70.74075284311391,13347.180221494364,7.515915757725836,-1,
868e6d127ffffff,APURIMAC,ABANCAY,-13.64695676335396,-72.79767014333164,13336.457857084575,2.388942342764535,-1,
868b62277ffffff,MADRE DE DIOS,TAMBOPATA,-13.101259783417348,-70.1495192589993,13318.085162932692,7.499532071772193,-1,
868f5c4afffffff,ANCASH,PALLASCA,-8.308741887888852,-77.97500261614996,13307.84293277314,8.474217777101114,-1,
868b44c07ffffff,MADRE DE DIOS,TAMBOPATA,-12.687183847326423,-69.45260003637716,13302.723675652613,7.490881881814878,-1,
868e6e90fffffff,HUANCAVELICA,ANGARAES,-13.203184089982203,-74.63564890254547,13296.15884811345,3.4196803757565832,-1,
868b656afffffff,CUSCO,ACOMAYO,-14.0442485994907,-71.61090253081886,13289.116737227345,6.278781241499871,-1,
86b335b07ffffff,MOQUEGUA,GENERAL SANCHEZ CERRO,-16.060814030983405,-70.55426108951708,13285.72499631972,3.8769759021723615,-1,
868f586afffffff,ANCASH,AIJA,-9.841000454448714,-77.8313654400242,13270.408453842629,8.450380110213098,-1,
868f5854fffffff,ANCASH,YUNGAY,-9.397356996248323,-77.8088282552415,13270.19058722233,8.450241376295356,-1,
868e64527ffffff,PASCO,PASCO,-10.550371912720498,-76.02904416905115,13259.010913284828,5.136692053492491,-1,
868e6884fffffff,APURIMAC,ANDAHUAYLAS,-14.115928139944751,-73.54437404710929,13248.60204952094,2.373204846272162,-1,
868e68957ffffff,APURIMAC,ANDAHUAYLAS,-13.908230227298292,-73.63090394397513,13224.410125129203,2.368871378333996,-1,
868e684b7ffffff,AYACUCHO,LUCANAS,-14.44803254131032,-74.53665260284755,13222.126219229482,4.256724044885687,-1,
868f59097ffffff,HUANUCO,LAURICOCHA,-10.130796305492508,-76.80762088225524,13217.220156869327,4.441093639458162,-1,
868e6c2afffffff,APURIMAC,CHINCHEROS,-13.635527717853437,-73.62838344017169,13215.884491744686,2.3673441927192385,-1,
868e61d37ffffff,JUNIN,HUANCAYO,-11.988308759535538,-75.0505350550966,13213.665126367803,4.519303837972066,-1,
868e6d357ffffff,APURIMAC,GRAU,-14.1526707949424,-72.48696704273674,13178.727774831852,2.3606883583663385,-1,
868f5531fffffff,AMAZONAS,LUYA,-6.605988208091426,-78.03771771755173,13142.82975742137,3.75718427449703,-1,
868b75b77ffffff,PUNO,SANDIA,-14.291148909004782,-69.38483510800863,13098.975554750084,7.802080784804093,-1,
86b3234b7ffffff,TACNA,TACNA,-17.59521667511266,-69.70559973396027,13049.383708435944,3.962272967784519,-1,
868f580afffffff,ANCASH,CARHUAZ,-9.437443525639544,-77.64446339769339,13024.25994130721,8.293636743818409,-1,
868e6990fffffff,APURIMAC,ANTABAMBA,-14.504464269614465,-72.70267047394591,12964.468109490805,2.3223083033048755,-1,
868e6da9fffffff,APURIMAC,GRAU,-13.946075291330589,-72.57361465802512,12949.560437331553,2.319637911388601,-1,
868b40cc7ffffff,MADRE DE DIOS,TAHUAMANU,-11.382038269471384,-69.36060136388838,12936.546426033385,7.284684219472552,-1,
868f5b88fffffff,ANCASH,BOLOGNESI,-10.260893001821469,-77.59857306108162,12926.46417954467,8.231361994481512,-1,
868b65a4fffffff,APURIMAC,ANTABAMBA,-14.424057308576574,-72.48849639879278,12919.822844637569,2.314311055103384,-1,
868b61467ffffff,CUSCO,PAUCARTAMBO,-13.273284960237902,-71.5092579674769,12905.476711778914,6.097520752717626,-1,
868f599b7ffffff,HUANUCO,HUAMALIES,-9.503015999887898,-76.58046947119793,12901.297368531945,4.334941009087105,-1,
868b64767ffffff,PUNO,MELGAR,-14.87294616105098,-70.91502370729106,12889.51525729134,7.677320939642799,-1,
868b6045fffffff,PUNO,CARABAYA,-13.794966681539991,-70.50601738182775,12873.118399202493,7.667554556699991,-1,
86b335377ffffff,MOQUEGUA,GENERAL SANCHEZ CERRO,-16.49963140553744,-70.6288482054973,12858.304178629627,3.7522480299086856,-1,
868e6d427ffffff,APURIMAC,AYMARAES,-13.863946073165383,-73.25204898483074,12838.855567940933,2.2998074921819764,-1,
868e68787ffffff,AYACUCHO,LUCANAS,-14.684443222689575,-74.22159599745281,12838.316425968887,4.133160531079646,-1,
868b65367ffffff,APURIMAC,COTABAMBAS,-14.29395668650182,-72.31210591663395,12831.766031806084,2.2985375527989267,-1,
868b6560fffffff,CUSCO,PARURO,-14.059891475038896,-71.73568725098407,12822.976960860233,6.058541646826748,-1,
868e68a77ffffff,APURIMAC,AYMARAES,-14.365856905563364,-73.3570906340897,12785.13933165222,2.290185372670244,-1,
868b7516fffffff,PUNO,SANDIA,-14.192119477173554,-69.0548279933071,12779.963542302865,7.612069170381806,-1,
868f63b07ffffff,LORETO,LORETO,-4.721142373117631,-74.65682196274078,12763.658821704754,3.6638654534994943,-1,
868f45b8fffffff,LORETO,UCAYALI,-5.994149573860402,-74.8709660337205,12762.172012441231,3.6634386582386167,-1,
868e61aa7ffffff,HUANCAVELICA,CHURCAMPA,-12.526353307768442,-74.45026910368436,12721.338595372332,3.271840570265305,-1,
868f55047ffffff,AMAZONAS,LUYA,-6.450405999032046,-78.14772122517428,12706.52951419718,3.6324576788507983,-1,
868f6e41fffffff,LORETO,REQUENA,-5.698148341213464,-74.61920792426835,12640.250835739653,3.628440638187556,-1,
868e6d4d7ffffff,APURIMAC,AYMARAES,-14.093676220598253,-73.35480549302075,12637.488453934233,2.263736863065464,-1,
868f6e107ffffff,LORETO,REQUENA,-5.436800447087018,-74.14627938728398,12630.334185658,3.62559401934917,-1,
868a6d09fffffff,LORETO,MAYNAS,-3.8565654010160895,-72.85687439237682,12620.244485742274,3.622697725780546,-1,
868e6c047ffffff,APURIMAC,CHINCHEROS,-13.312416200739014,-73.66323125118875,12610.418277890392,2.258887817653989,-1,
868e6d6e7ffffff,APURIMAC,ANTABAMBA,-14.3780808321797,-73.00398524527294,12602.180514365416,2.2574121977926,-1,
868e6048fffffff,LIMA,HUAROCHIRI,-12.062347047404378,-76.29617431228482,12598.57883179123,2.579704291151466,-1,
868f5cac7ffffff,LA LIBERTAD,PATAZ,-8.331754580625502,-77.01352627474596,12592.832371079185,3.283361069839679,-1,
86b32264fffffff,TACNA,TARATA,-17.431268504534923,-70.04191119541834,12575.54781632595,3.818398958986711,-1,
868b65b0fffffff,CUSCO,CHUMBIVILCAS,-14.679712594089558,-72.36429557089619,12539.55119533174,5.9246299343219695,-1,
868e68897ffffff,AYACUCHO,VICTOR FAJARDO,-14.052427146914305,-73.93580522899525,12515.651775223128,4.0292820508344205,-1,
868f55a87ffffff,AMAZONAS,LUYA,-6.382225943758612,-77.99482295180925,12476.968667521542,3.56683235925911,-1,
868f6550fffffff,LORETO,MAYNAS,-3.2298856100561366,-74.34374203072926,12441.261473432103,3.571319850147318,-1,
868e6602fffffff,LIMA,HUARAL,-11.216012336002343,-76.63737763502454,12409.43681511123,2.5409752822226817,-1,
868b64257ffffff,CUSCO,ESPINAR,-14.701015229000982,-71.25092935651003,12396.894494732902,5.857228147325468,-1,
868f5b8d7ffffff,ANCASH,BOLOGNESI,-10.31259344661756,-77.56146892867412,12392.48609269936,7.891333439967755,-1,
868b65717ffffff,CUSCO,CHUMBIVILCAS,-14.265496717341474,-71.64896619613202,12368.195705931646,5.843668674537159,-1,
868f464f7ffffff,AMAZONAS,CHACHAPOYAS,-6.027864732246663,-77.70992102117948,12358.168269246124,3.5328704959128747,-1,
868e6d71fffffff,APURIMAC,ANTABAMBA,-14.163609220676992,-73.02761059514343,12346.372574299636,2.211589654341613,-1,
868e6d087ffffff,APURIMAC,ABANCAY,-13.941498139862972,-72.9882296477327,12339.714886607504,2.210397071408193,-1,
868e6e8c7ffffff,AYACUCHO,CANGALLO,-13.483939500747004,-74.70258539778786,12335.606567969267,3.971318395808247,-1,
868e69da7ffffff,APURIMAC,AYMARAES,-14.52305914999728,-73.30788322127005,12333.42433120667,2.2092702524044068,-1,
868e6d44fffffff,APURIMAC,AYMARAES,-14.06381587503687,-73.10243508762315,12296.585181649778,2.2026713034787635,-1,
868e6ed97ffffff,HUANCAVELICA,CASTROVIRREYNA,-13.27926471058102,-75.33529911933351,12292.491420552704,3.1615440338985312,-1,
868b71247ffffff,MADRE DE DIOS,TAMBOPATA,-12.541246306344304,-69.16080006241056,12281.056963350036,6.91557227973331,-1,
868e66aa7ffffff,JUNIN,YAULI,-11.190819578174438,-76.38258366243618,12265.09503779175,4.19487633047206,-1,
868f5099fffffff,CAJAMARCA,CHOTA,-6.385773549226551,-79.33425500107789,12264.351347687569,6.694193654497367,-1,
868e60117ffffff,JUNIN,YAULI,-11.735146300611676,-75.78203988409224,12245.400158533505,4.188140338408618,-1,
868e69837ffffff,APURIMAC,ANTABAMBA,-14.56948203110588,-72.791190754247,12245.06488200551,2.1934425392408343,-1,
868b6464fffffff,PUNO,MELGAR,-14.603406552648789,-70.91485415759202,12242.518877546416,7.291953549563567,-1,
868b6115fffffff,CUSCO,CALCA,-13.376572988025623,-71.90792736326833,12142.52738575158,5.7370459362796105,-1,
868b640cfffffff,PUNO,MELGAR,-14.930101299416563,-70.93993846992767,12138.4475724106,7.229966050872863,-1,
868f5c16fffffff,LA LIBERTAD,PATAZ,-8.13071706605309,-77.2243329352273,12102.96818855,3.155637541166413,-1,
868b6b297ffffff,UCAYALI,ATALAYA,-9.972934796856949,-72.60011982314452,12094.683030486329,2.4613046278624107,-1,
868b6566fffffff,CUSCO,PARURO,-14.025952046178093,-71.89788941942025,12031.75748840754,5.684709880594413,-1,
868e68b17ffffff,APURIMAC,ANDAHUAYLAS,-14.165961151810937,-73.50692381446942,12022.352481092004,2.1535483566548344,-1,
868e6d16fffffff,APURIMAC,GRAU,-13.789076235107276,-72.6228643695724,11985.685173638636,2.1469801895815976,-1,
868e61267ffffff,HUANCAVELICA,ANGARAES,-12.951963333402109,-74.34143313358975,11976.849493835618,3.08036310676832,-1,
868f71d2fffffff,LORETO,DATEM DEL MARAÑON,-4.184141476813412,-77.28261653900647,11947.830119072005,3.429678169014385,-1,
868f5c4cfffffff,ANCASH,CORONGO,-8.464315389488924,-77.8643597196829,11936.558848600382,7.601006391735665,-1,
868e6c3afffffff,APURIMAC,CHINCHEROS,-13.470376115809318,-73.61424655120905,11936.256761099914,2.138126142358957,-1,
868e6e88fffffff,AYACUCHO,CANGALLO,-13.44039710829259,-74.80359109612615,11924.825917310418,3.83907189900123,-1,
868f4504fffffff,LORETO,UCAYALI,-6.22787185674025,-75.03558853359998,11923.016090786195,3.422555191013444,-1,
868e6d4cfffffff,APURIMAC,AYMARAES,-14.1361936420254,-73.25424284293229,11912.044340490454,2.1337890029599795,-1,
868e6caa7ffffff,AYACUCHO,LA MAR,-13.182969948986582,-73.48564675791987,11901.811523728282,3.8316626577857695,-1,
868f44367ffffff,LORETO,ALTO AMAZONAS,-5.6342960018282655,-75.72410793509326,11901.326023319198,3.41632895996273,-1,
868e6e5afffffff,HUANCAVELICA,HUAYTARA,-13.668582375964377,-75.39197352744947,11888.540144605982,3.0576505510590994,-1,
868e69407ffffff,AYACUCHO,PAUCAR DEL SARA SARA,-15.074125552693484,-73.37572059656719,11887.253730271896,3.826975929764965,-1,
868e6e577ffffff,HUANCAVELICA,HUAYTARA,-13.647864577621029,-75.20058369307894,11853.869225915045,3.0487334298355004,-1,
868e68a07ffffff,APURIMAC,ANDAHUAYLAS,-14.323379212712116,-73.45777645795543,11846.331972082766,2.1220180319109403,-1,
86b335b9fffffff,MOQUEGUA,GENERAL SANCHEZ CERRO,-16.191850992740683,-70.72866389676952,11813.26881058812,3.447290871760592,-1,
868e6dc2fffffff,APURIMAC,ABANCAY,-13.511921075657396,-73.03540352425172,11774.271993769747,2.109110021758964,-1,
868f5c56fffffff,ANCASH,PALLASCA,-8.170888067703642,-77.66788017742303,11752.638958032285,7.483889198957837,-1,
868e6ed9fffffff,HUANCAVELICA,CASTROVIRREYNA,-13.33000009896457,-75.29785741003784,11709.046906469252,3.0114861278562084,-1,
868f6e46fffffff,LORETO,REQUENA,-5.732223286647463,-74.39673636555408,11680.694640662068,3.3529957330121123,-1,
868e6ea17ffffff,AYACUCHO,VICTOR FAJARDO,-13.67878706929969,-74.48926650435102,11674.98013901615,3.758636686513873,-1,
868e6eacfffffff,AYACUCHO,HUANCA SANCOS,-13.887474337401589,-74.40293034019265,11671.303378143846,3.757452992140295,-1,
868f6a8afffffff,LORETO,REQUENA,-6.420039963013055,-74.16913345549015,11664.780189837638,3.3484274185968217,-1,
868e63047ffffff,HUANCAVELICA,CASTROVIRREYNA,-13.154002878136597,-75.70274537329658,11663.156702963142,2.999683483937616,-1,
86b3260cfffffff,PUNO,PUNO,-15.974978513526354,-69.93358833845596,11594.524293186316,6.905991603595991,-1,
868f5d4b7ffffff,HUANUCO,HUACAYBAMBA,-8.94717847915397,-77.11420453381885,11593.43907305128,3.8954899680636985,-1,
868e6089fffffff,JUNIN,JAUJA,-11.619862539454877,-75.72945221685531,11581.958184967812,3.961231617116438,-1,
868f42d67ffffff,AMAZONAS,RODRIGUEZ DE MENDOZA,-6.550962146424328,-77.40640984986146,11559.103794778575,3.3044392879316984,-1,
868e6daefffffff,APURIMAC,COTABAMBAS,-13.972951393454386,-72.34806338416236,11532.94738103458,2.065881857887246,-1,
868f45677ffffff,LORETO,UCAYALI,-6.524743273740872,-75.28869898837283,11529.729227756505,3.309660434823367,-1,
868f59027ffffff,HUANUCO,HUANUCO,-9.997184323025245,-76.56416231655498,11509.997141189971,3.867452799244902,-1,
868e60627ffffff,LIMA,YAUYOS,-12.24085925320227,-75.8918439946668,11506.142747320544,2.356015405877645,-1,
868e61c27ffffff,HUANCAVELICA,TAYACAJA,-12.147668393450946,-75.0020582585992,11493.94363576423,2.9561630498158618,-1,
868e6c0efffffff,APURIMAC,CHINCHEROS,-13.37713276120897,-73.75214908323296,11458.64654151029,2.0525724451822653,-1,
868e6d10fffffff,APURIMAC,ABANCAY,-13.754271822183894,-72.78582006600362,11365.469254031224,2.035881718916862,-1,
868e6db17ffffff,APURIMAC,ABANCAY,-13.659191839144103,-72.44661294000694,11350.11449757726,2.033131241372615,-1,
868b7136fffffff,MADRE DE DIOS,TAMBOPATA,-12.71217374199376,-69.23302496434667,11323.430108896227,6.37632409053002,-1,
868f41107ffffff,LORETO,UCAYALI,-7.073126340145166,-75.29648122595998,11322.246810362063,3.250101677266533,-1,
868f5c50fffffff,ANCASH,PALLASCA,-8.130448154209438,-77.83162149738082,11295.254089214706,7.192633959029687,-1,
868e64257ffffff,JUNIN,CHANCHAMAYO,-11.19037867140863,-75.29238255952374,11293.05221996712,3.862420740349536,-1,
86b335a1fffffff,MOQUEGUA,GENERAL SANCHEZ CERRO,-16.280284058097998,-70.5915228105457,11269.382936077229,3.2885767308616365,-1,
868b65147ffffff,CUSCO,CHUMBIVILCAS,-14.583336642067565,-72.025190601516,11233.210473373078,5.30741603047656,-1,
868e6ec87ffffff,HUANCAVELICA,HUAYTARA,-13.43829301303643,-75.28669754379744,11218.207719858496,2.8852456735054925,-1,
868f59bafffffff,HUANUCO,HUANUCO,-9.908823576173496,-76.22072396044926,11184.54155769939,3.758097072048743,-1,
868e6d2dfffffff,APURIMAC,ANTABAMBA,-14.439439798702209,-72.61423809238039,11177.089408016978,2.0021374822170226,-1,
868f5a82fffffff,ANCASH,CASMA,-9.449451108504563,-78.38277236489107,11174.525735990685,7.115756108707932,-1,
868e6d757ffffff,APURIMAC,ANTABAMBA,-14.205917268409753,-72.92718972747235,11165.991167436969,2.00014946882277,-1,
868e6dd9fffffff,APURIMAC,ANDAHUAYLAS,-13.483989983859448,-73.2615810875893,11165.78190792602,2.000111984438859,-1,
868f503a7ffffff,CAJAMARCA,SAN MIGUEL,-7.037048437429083,-79.21211176633308,11151.304332211985,6.086664396983168,-1,
868b6139fffffff,CUSCO,PAUCARTAMBO,-13.047758044677051,-71.88178102925104,11139.87712382945,5.263318315338034,-1,
868e6d627ffffff,APURIMAC,ANTABAMBA,-14.213470071685292,-72.99019407339775,11137.137186696946,1.994980892797125,-1,
868e68867ffffff,APURIMAC,ANDAHUAYLAS,-14.00842374438884,-73.55603711877386,11131.072386520667,1.9938945130329644,-1,
868f59397ffffff,HUANUCO,LAURICOCHA,-10.324555058682565,-76.53208522420529,11108.387228096572,3.732508596953207,-1,
868e6894fffffff,APURIMAC,ANDAHUAYLAS,-13.95097404745419,-73.53026660475122,11098.57142533272,1.988072658145072,-1,
868b6d95fffffff,AYACUCHO,HUANTA,-12.47759929872736,-74.00800446816001,11094.0890288166,3.571624921896876,-1,
868e6d31fffffff,APURIMAC,GRAU,-14.110583387607369,-72.58714050755056,11081.275218383404,1.984974411099776,-1,
868b62937ffffff,PUNO,CARABAYA,-14.097321592500638,-69.9382855176192,11075.850112283277,6.5970561571953645,-1,
868f4835fffffff,UCAYALI,CORONEL PORTILLO,-9.419180586077813,-74.07651030200977,11058.447823381874,2.2504276247717723,-1,
868f58a4fffffff,HUANUCO,HUAMALIES,-9.481545883729863,-76.93467329343449,11054.163964119178,3.714289138557069,-1,
868e6d017ffffff,APURIMAC,ABANCAY,-13.876588621538115,-72.89973123769887,10990.325016370076,1.968682619756004,-1,
868f5eb4fffffff,ANCASH,CORONGO,-8.631301930976287,-77.8807552912701,10985.25856110486,6.995233852310596,-1,
868e63a8fffffff,HUANCAVELICA,CASTROVIRREYNA,-13.13372493152649,-75.51134885087585,10907.665576311005,2.80537637544236,-1,
868e6c307ffffff,APURIMAC,CHINCHEROS,-13.405625582975944,-73.52540464295404,10906.73878436958,1.9537099267787568,-1,
868f638c7ffffff,LORETO,LORETO,-4.691899416968258,-74.9408255536103,10867.669850644908,3.119613324206492,-1,
868e6e407ffffff,HUANCAVELICA,HUAYTARA,-13.769906224963329,-75.3169908100871,10784.760786666162,2.7737661110016187,-1,
868e6eaa7ffffff,AYACUCHO,VICTOR FAJARDO,-13.685880193364095,-74.55279112148374,10746.921045316769,3.4598578521778625,-1,
868e6d30fffffff,APURIMAC,GRAU,-14.102954932800111,-72.52433230103378,10706.41242465323,1.917825726624062,-1,
868f46587ffffff,AMAZONAS,BONGARA,-5.815353884966856,-77.79334653348985,10499.047496549509,3.001397482833462,-1,
868b65677ffffff,CUSCO,PARURO,-14.067693919049802,-71.79812622426361,10478.521248189028,4.950843908796459,-1,
86b326a87ffffff,PUNO,PUNO,-15.778164640545402,-69.67448002401754,10443.658706572727,6.220506983697296,-1,
868f50ce7ffffff,LAMBAYEQUE,CHICLAYO,-6.573700889546334,-79.60539514944672,10393.075917045991,2.334405813348293,-1,
868b75b6fffffff,PUNO,SANDIA,-14.250894011519506,-69.48311016599533,10312.630510488463,6.142463279694362,-1,
868e63ad7ffffff,HUANCAVELICA,CASTROVIRREYNA,-13.184536286402734,-75.4739192235016,10261.49272348803,2.639185173202105,-1,
868e689afffffff,AYACUCHO,SUCRE,-13.872717145582024,-73.79484496783734,10252.301542977366,3.300620321559264,-1,
868b75a8fffffff,PUNO,SANDIA,-14.046464897845114,-69.16558432295993,10237.625765035007,6.097788558314389,-1,
86b335aa7ffffff,MOQUEGUA,GENERAL SANCHEZ CERRO,-16.240354155939272,-70.69125295406162,10209.668257679848,2.979335927483343,-1,
868e6c74fffffff,APURIMAC,CHINCHEROS,-13.599860996241045,-73.79218173660266,10183.11149343451,1.8240875117252373,-1,
868e68827ffffff,APURIMAC,ANDAHUAYLAS,-13.91556354767608,-73.69414178072408,10177.796772336958,2.838055972134383,-1,
868f558dfffffff,AMAZONAS,LUYA,-6.174847613887137,-78.14138603809053,10152.56784771885,2.902348198010708,-1,
868a68a77ffffff,LORETO,MAYNAS,-3.5039149477054274,-72.52621317449376,10057.837552366587,2.887147334458755,-1,
868e6cad7ffffff,AYACUCHO,LA MAR,-13.34087052783662,-73.4366469356457,10032.039224054895,3.229709191715717,-1,
86b335b8fffffff,MOQUEGUA,GENERAL SANCHEZ CERRO,-16.183346891778942,-70.66632671880004,10008.774374658144,2.92071204782418,-1,
868e65737ffffff,JUNIN,CONCEPCION,-11.58511413594862,-74.86814529184194,9997.213789057723,3.41922140555526,-1,
868f5eb5fffffff,ANCASH,CORONGO,-8.637030053228546,-77.94433014571386,9981.77196040371,6.3562299180364485,-1,
868e6324fffffff,HUANCAVELICA,HUAYTARA,-13.560315850665708,-75.40311168126034,9960.656676347726,2.5618122162092023,-1,
868e61a0fffffff,AYACUCHO,HUANTA,-12.563085212349923,-74.28647035195887,9949.418759474787,3.203110404777328,-1,
86b3310c7ffffff,MOQUEGUA,ILO,-17.581046640058897,-71.10506101089435,9926.016938811796,2.896562173836066,-1,
868f094cfffffff,PIURA,PIURA,-5.224188292433416,-80.6175870378261,9911.076459835242,2.53500068539919,-1,
868b65a97ffffff,CUSCO,CHUMBIVILCAS,-14.48440138942785,-72.09993017156471,9905.671316378632,4.680186386767947,-1,
868e6e567ffffff,HUANCAVELICA,HUAYTARA,-13.640930336296307,-75.13683381189225,9891.37924289933,2.543994538009616,-1,
868b6d937ffffff,AYACUCHO,LA MAR,-12.679547205123184,-73.85882876420445,9868.248831167606,3.176978602689073,-1,
868f5ab4fffffff,ANCASH,HUARMEY,-9.800927597925725,-77.99602063869288,9867.899118057168,6.2837175454590986,-1,
868e6c127ffffff,AYACUCHO,LA MAR,-12.996182256042696,-73.76109833631259,9865.67252171789,3.1761491870414043,-1,
868e6dd47ffffff,APURIMAC,ABANCAY,-13.447079138750132,-72.94698825124145,9796.057511054074,1.754755035489573,-1,
86b335667ffffff,MOQUEGUA,GENERAL SANCHEZ CERRO,-16.7133439991065,-71.01630894400742,9775.157810836075,2.8525391939876488,-1,
868e68d1fffffff,AYACUCHO,HUANCA SANCOS,-13.916242382080368,-74.17501803952682,9738.174769557962,3.135102630815165,-1,
868f45b27ffffff,LORETO,REQUENA,-5.817625526487476,-74.73222949933451,9714.92713336808,2.788713362244049,-1,
86b322d27ffffff,PUNO,PUNO,-16.342624627614743,-70.26785916851543,9638.85484058175,5.741145467818502,-1,
868f5e25fffffff,ANCASH,SANTA,-9.207375286626815,-78.14791927501348,9637.235811339571,6.13683490608729,-1,
868e6d457ffffff,APURIMAC,AYMARAES,-14.021351215215937,-73.20289950133214,9624.87743370344,1.7240917709703958,-1,
868f590e7ffffff,HUANUCO,LAURICOCHA,-10.163950909041354,-76.57988665753345,9608.946178271945,3.228684189847625,-1,
868f50817ffffff,CAJAMARCA,CHOTA,-6.432505731639435,-79.23421229014828,9606.940314259018,5.2437113930997565,-1,
868b65d37ffffff,CUSCO,ESPINAR,-15.068420721375382,-71.58880941517077,9606.882906961278,4.539016202373985,-1,
868e68d4fffffff,AYACUCHO,VICTOR FAJARDO,-14.002237228934115,-73.97327013151492,9557.365506245033,3.0768929960014484,-1,
86b3352c7ffffff,MOQUEGUA,MARISCAL NIETO,-16.784411546394775,-70.75367609865908,9543.959857514314,2.785072127349708,-1,
868b400a7ffffff,MADRE DE DIOS,TAHUAMANU,-11.184718872094482,-69.50716443423367,9542.14361455167,5.373265840795116,-1,
868b650c7ffffff,CUSCO,CHUMBIVILCAS,-14.346340050347829,-71.86158166986075,9517.738739727887,4.496897772979337,-1,
868f55037ffffff,AMAZONAS,LUYA,-6.300197416001282,-78.32087444014971,9489.671704679517,2.7128438819523075,-1,
868b6575fffffff,CUSCO,PARURO,-14.124990473276638,-71.82330096254172,9471.466818271188,4.475035426655251,-1,
868f58387ffffff,ANCASH,HUARAZ,-9.63851725677202,-77.43272655107923,9466.164835024296,6.027899692772832,-1,
868b66c0fffffff,PUNO,SAN ANTONIO DE PUTINA,-14.918110369279743,-69.65272526080075,9450.59826854414,5.629015097228177,-1,
868e64517ffffff,PASCO,PASCO,-10.614300913177702,-76.11878933480061,9411.088944118192,3.6459631951525866,-1,
868e6d617ffffff,APURIMAC,AYMARAES,-14.278407637469506,-73.07885661319516,9382.633161133495,1.6806988696291216,-1,
868b61127ffffff,CUSCO,CUSCO,-13.582895007888473,-71.82139903668077,9378.569124809635,4.431143548314608,-1,
868e6d0a7ffffff,APURIMAC,ABANCAY,-13.884087115527414,-72.96265835109597,9355.36021286545,1.6758135018929687,-1,
868f5eb17ffffff,ANCASH,PALLASCA,-8.48710562227679,-78.11861186131682,9327.494935762285,5.939596957956133,-1,
868b44c97ffffff,MADRE DE DIOS,TAMBOPATA,-12.606219401003916,-69.24569968077647,9280.16622990032,5.2257440481172885,-1,
868e68817ffffff,AYACUCHO,SUCRE,-13.980349853959783,-73.78325104536619,9275.201572487873,2.986053294314375,-1,
868e66317ffffff,LIMA,CANTA,-11.421490671390014,-76.48845142230891,9242.348886641154,1.8924775088935408,-1,
868f5975fffffff,PASCO,DANIEL ALCIDES CARRION,-10.446026182583248,-76.64852161040689,9221.718037198993,3.572598745941681,-1,
868b65387ffffff,CUSCO,CHUMBIVILCAS,-14.255183326998608,-71.99880065969639,9203.95641671668,4.348643332703567,-1,
868e62b67ffffff,LIMA,HUAROCHIRI,-12.215884850225136,-76.1842015147257,9175.65162267623,1.8788204750045912,-1,
86b3225b7ffffff,MOQUEGUA,MARISCAL NIETO,-16.824085603985427,-70.6537302145682,9095.319606511028,2.6541521028598054,-1,
868e60cefffffff,JUNIN,YAULI,-11.696997947479693,-75.9465106852987,9084.992055778488,3.1072256692577094,-1,
868e6e86fffffff,AYACUCHO,HUAMANGA,-13.40528133432561,-74.48599850290928,9071.997323721373,2.920633830197529,-1,
868e61567ffffff,HUANCAVELICA,HUANCAVELICA,-12.47974247608176,-75.03189196838423,9054.589075013087,2.328777876683954,-1,
868f46657ffffff,AMAZONAS,RODRIGUEZ DE MENDOZA,-6.379166705584669,-77.32738533241515,9040.957793943366,2.584568550057824,-1,
868e6dd57ffffff,APURIMAC,ABANCAY,-13.454486881243232,-73.00985053809539,9038.510120391673,1.6190565571081608,-1,
868f5ea27ffffff,ANCASH,CORONGO,-8.590875730814052,-78.04482522553413,9019.344455422568,5.743371747626504,-1,
868e6e557ffffff,HUANCAVELICA,HUAYTARA,-13.705424530348978,-75.22687354831432,9009.69060335588,2.317230299358688,-1,
868b6502fffffff,CUSCO,CHUMBIVILCAS,-14.518199539835852,-71.93728234791708,8966.931481741356,4.236654872904597,-1,
868e6b837ffffff,AYACUCHO,LUCANAS,-15.07709897520044,-73.85744869354605,8941.744147362793,2.8787001942198343,-1,
868f4c417ffffff,LORETO,UCAYALI,-7.963099111125853,-74.85894616601833,8882.001530746928,2.54961833601306,-1,
868e6ecd7ffffff,HUANCAVELICA,HUAYTARA,-13.539653189828885,-75.21177513137881,8873.354728574446,2.282165652431141,-1,
868b4d8afffffff,UCAYALI,ATALAYA,-9.585477051336603,-72.54832753230026,8845.910111092955,1.800169499209481,-1,
868e6d817ffffff,CUSCO,ANTA,-13.474730182129584,-72.72126569546784,8823.497356052756,4.168885771648857,-1,
868e6d09fffffff,APURIMAC,ABANCAY,-13.998908136465907,-73.01381440066994,8797.19358703808,1.5758298404855533,-1,
868f4051fffffff,SAN MARTIN,EL DORADO,-6.489689459078302,-76.71399576689886,8786.648396906063,1.9136354333257688,-1,
868b60ad7ffffff,CUSCO,CANCHIS,-13.882539914503088,-71.1874149790903,8766.925002504724,4.142156724168235,-1,
868b619a7ffffff,CUSCO,PARURO,-13.911334412494382,-71.84751562573986,8766.481045317742,4.141946965302181,-1,
868e6d7b7ffffff,APURIMAC,AYMARAES,-14.128717509020996,-73.19114193810138,8748.367423750864,1.5670836733876978,-1,
868f55a1fffffff,AMAZONAS,CHACHAPOYAS,-6.371318898191193,-77.86853503699558,8693.587871865253,2.485264759873053,-1,
868b65777ffffff,CUSCO,CHUMBIVILCAS,-14.23176229433572,-71.81118290248753,8684.404456538326,4.103167793128093,-1,
868f0b8e7ffffff,PIURA,PAITA,-5.1501624596605895,-81.07101504553931,8630.648255854405,2.2074997940631307,-1,
868f6e01fffffff,LORETO,REQUENA,-5.658248715833791,-74.18570041065,8624.024805258501,2.475564961073528,-1,
868b658e7ffffff,CUSCO,CHUMBIVILCAS,-14.804603101029858,-72.06372363719014,8607.342246628314,4.066757791803019,-1,
868e6d2afffffff,APURIMAC,GRAU,-14.282682260121932,-72.66355779327192,8589.286294728054,1.5385876777395358,-1,
868b44867ffffff,MADRE DE DIOS,TAMBOPATA,-12.709360280333971,-70.03978797813502,8538.173265507345,4.807921218076976,-1,
868f083b7ffffff,PIURA,TALARA,-4.490114578646579,-81.06258331717211,8535.310220597004,2.1831147551925763,-1,
868f586c7ffffff,ANCASH,HUARMEY,-9.944546422600832,-77.75725658058523,8426.035783204547,5.3655624420300105,-1,
868b667a7ffffff,PUNO,SANDIA,-14.373279022870989,-69.59313728098152,8410.472965003728,5.009490187770783,-1,
868e6e51fffffff,HUANCAVELICA,HUAYTARA,-13.661690637381302,-75.3281536961751,8373.881618948797,2.153704612613818,-1,
868b44537ffffff,MADRE DE DIOS,TAMBOPATA,-12.500236398131868,-69.25836727089103,8318.60305420735,4.684279281454346,-1,
86b335b5fffffff,MOQUEGUA,GENERAL SANCHEZ CERRO,-16.20617256202058,-70.44214438957322,8283.376019549816,2.41721465899099,-1,
868f44bafffffff,LORETO,ALTO AMAZONAS,-5.257874384930626,-75.79295092314743,8279.873662088825,2.376774833426312,-1,
868b40167ffffff,MADRE DE DIOS,TAHUAMANU,-11.329018085466815,-69.79874081448067,8212.830540583142,4.624717839360216,-1,
868e6c887ffffff,AYACUCHO,LA MAR,-12.88830477957331,-73.77266247497307,8182.882830851043,2.634392799238892,-1,
868b61d67ffffff,CUSCO,ACOMAYO,-13.838506818963566,-71.69756380419027,8165.645632500238,3.8580669908973153,-1,
86b33575fffffff,MOQUEGUA,GENERAL SANCHEZ CERRO,-16.664878967185725,-71.05381924555908,8104.99189169083,2.3651594670288736,-1,
86b33566fffffff,MOQUEGUA,GENERAL SANCHEZ CERRO,-16.761779118862464,-70.97879751525252,8092.071431747854,2.361389081004944,-1,
868f61267ffffff,LORETO,REQUENA,-4.847710270537918,-73.64782934343361,8072.63242923539,2.317285308972623,-1,
868e6940fffffff,AYACUCHO,PAUCAR DEL SARA SARA,-15.123862673331333,-73.3381689717133,8064.569459428468,2.59630305749724,-1,
86b335237ffffff,MOQUEGUA,GENERAL SANCHEZ CERRO,-16.573753210964888,-70.77863119190992,8039.669985885856,2.346097544946337,-1,
868b6511fffffff,CUSCO,CHUMBIVILCAS,-14.61700896062711,-71.86256893495697,8037.491454114222,3.797517289424994,-1,
868f6ad1fffffff,LORETO,REQUENA,-6.289939139442754,-74.5271083356507,8000.409426095586,2.296553372319637,-1,
868e61277ffffff,HUANCAVELICA,ANGARAES,-12.958972677597185,-74.40475818969699,7894.123498627469,2.0303141321063225,-1,
868f5c6b7ffffff,ANCASH,CORONGO,-8.625564666520654,-77.81719702438647,7891.971461747046,5.025478974718792,-1,
868e6db9fffffff,APURIMAC,GRAU,-13.78151755435026,-72.56010407125295,7884.802002595766,1.4123943231530107,-1,
868f55c47ffffff,AMAZONAS,UTCUBAMBA,-6.087269489207713,-78.40415099346839,7873.487584373415,2.250819974347704,-1,
868b667b7ffffff,PUNO,SANDIA,-14.364911401430922,-69.53176247345202,7811.989416470687,4.653018265633503,-1,
868b4415fffffff,MADRE DE DIOS,TAMBOPATA,-12.358989609456383,-69.83244237840084,7762.104820994289,4.370910182457918,-1,
868e68927ffffff,APURIMAC,ANDAHUAYLAS,-13.75047377788917,-73.67995272171433,7731.005842729143,1.3848450171530833,-1,
868b45067ffffff,MADRE DE DIOS,TAMBOPATA,-11.670324487935098,-70.81458862549047,7730.6998767333935,4.3532257793462525,-1,
868f714d7ffffff,LORETO,DATEM DEL MARAÑON,-4.923533094134352,-77.62337696844392,7681.037496122433,2.2048762288459907,-1,
868e6d00fffffff,APURIMAC,ABANCAY,-13.918948892234116,-72.79946697798455,7657.070125818605,1.3716010083868122,-1,
868e68ba7ffffff,APURIMAC,ANDAHUAYLAS,-14.173368552468403,-73.57016271797221,7645.809389041682,1.3695838872602435,-1,
868e6882fffffff,AYACUCHO,SUCRE,-13.965689326332328,-73.65670488993646,7577.40739992638,2.439466371925242,-1,
868b64da7ffffff,PUNO,LAMPA,-15.629963812264997,-70.54205698266463,7559.001036222823,4.502331994630058,-1,
868f59d5fffffff,HUANUCO,DOS DE MAYO,-9.681891824265248,-76.7230670809387,7549.542920225632,2.53670791935814,-1,
868e60c4fffffff,JUNIN,YAULI,-11.68401385805216,-75.81930831452462,7522.932295628798,2.572973998606606,-1,
868f59217ffffff,PASCO,DANIEL ALCIDES CARRION,-10.421258040955903,-76.39431732171775,7449.863950734093,2.8861622639584543,-1,
868b40067ffffff,MADRE DE DIOS,TAHUAMANU,-11.16554020558464,-69.78703226786993,7400.230684186537,4.167135641168155,-1,
868b66417ffffff,PUNO,SANDIA,-14.55923939389651,-69.38369566161848,7371.113656441694,4.390421524275302,-1,
868f508a7ffffff,CAJAMARCA,CHOTA,-6.4378136102622525,-79.29765497301352,7349.614792132079,4.011605939010146,-1,
868e6d65fffffff,APURIMAC,ANTABAMBA,-14.420283284717572,-72.90350842921904,7347.359507078606,1.3161229482421728,-1,
868a69d8fffffff,LORETO,MAYNAS,-3.240129388424469,-72.58542782274603,7303.823334734188,2.0965952136772867,-1,
868e61b97ffffff,HUANCAVELICA,CHURCAMPA,-12.425028868020426,-74.52489405083288,7269.800022484812,1.869742438891924,-1,
868a6d297ffffff,LORETO,MAYNAS,-3.5521492012691693,-73.07417261029312,7252.160416130434,2.081765141411694,-1,
868f4060fffffff,SAN MARTIN,PICOTA,-7.011351455090753,-76.40970607616502,7233.433326204435,1.5753622646945054,-1,
868e6c15fffffff,AYACUCHO,LA MAR,-13.204649076838193,-73.67483311717451,7187.395992687502,2.3139063139249654,-1,
86b326337ffffff,PUNO,PUNO,-15.892031342658235,-69.72352136651895,7180.183928952999,4.276698954761289,-1,
868f590d7ffffff,HUANUCO,LAURICOCHA,-10.22773378962906,-76.66985360873517,7174.555911679287,2.410709229862974,-1,
86b335a17ffffff,MOQUEGUA,GENERAL SANCHEZ CERRO,-16.231830175848334,-70.62892515986633,7174.475637599246,2.093620721895122,-1,
86b33170fffffff,MOQUEGUA,ILO,-17.703421207234328,-71.21837336530125,7172.359765600117,2.0930032783792454,-1,
868f5588fffffff,AMAZONAS,LUYA,-6.071140929715007,-78.21462600386569,7109.687985181347,2.0324700530660165,-1,
868b6041fffffff,PUNO,CARABAYA,-13.88511323897007,-70.37009874337528,7074.01505858142,4.213462093221374,-1,
868b46a5fffffff,MADRE DE DIOS,TAHUAMANU,-11.742072814253309,-69.22541395281266,7050.800835141378,3.970368588871304,-1,
868e6998fffffff,APURIMAC,ANTABAMBA,-14.577134271498762,-72.85420888528837,7011.324859412949,1.2559294990484646,-1,
868f584c7ffffff,ANCASH,CASMA,-9.581950768340144,-78.01651731035182,6963.277663364284,4.434101879610653,-1,
868f4c46fffffff,UCAYALI,CORONEL PORTILLO,-8.047232495717122,-74.59784408684293,6949.3083432825415,1.4142052952235502,-1,
868b650f7ffffff,CUSCO,CHUMBIVILCAS,-14.395777623504252,-71.82425438589931,6907.609843151875,3.263675981209788,-1,
868b664c7ffffff,PUNO,SANDIA,-14.405135168659504,-69.43341686935078,6860.46558778501,4.086266633107582,-1,
868e694f7ffffff,AYACUCHO,PAUCAR DEL SARA SARA,-15.188824778399436,-73.42735333083948,6860.404332236813,2.208634798554523,-1,
868f5eb57ffffff,ANCASH,CORONGO,-8.585168467731028,-77.98123516936027,6844.817997264128,4.358668692323536,-1,
868f58707ffffff,ANCASH,HUARAZ,-9.610371333262538,-77.72449222427623,6843.48024889225,4.357816835933923,-1,
868f5cb8fffffff,LA LIBERTAD,PATAZ,-8.119164419082791,-77.09776563193049,6766.909522795952,1.764353454057101,-1,
868e6cc6fffffff,AYACUCHO,LA MAR,-12.952944031037148,-73.86154237350951,6704.411170384227,2.158414445799916,-1,
868b6660fffffff,PUNO,SANDIA,-14.178438513950269,-69.74124891854125,6702.438275601964,3.9921415734260655,-1,
868b40cf7ffffff,MADRE DE DIOS,TAHUAMANU,-11.431313473097651,-69.32396121867006,6698.192436104741,3.771811666836336,-1,
868e6d657ffffff,APURIMAC,ANTABAMBA,-14.37050121925754,-72.94094222332524,6690.4672587877385,1.1984546945429928,-1,
86b32015fffffff,PUNO,YUNGUYO,-16.35822650317766,-68.88338763177418,6676.788838198059,3.976864120477657,-1,
868e6aa5fffffff,AYACUCHO,LUCANAS,-14.97891308883354,-74.41576436428177,6655.678707993159,2.1427255436530843,-1,
868b65377ffffff,APURIMAC,COTABAMBAS,-14.286228401105276,-72.2493845613245,6655.051531152039,1.19211072133396,-1,
868f59cc7ffffff,HUANUCO,DOS DE MAYO,-9.860822571331376,-76.8659075788312,6649.556951187779,2.2343053025251067,-1,
868e6d6efffffff,APURIMAC,ANTABAMBA,-14.427880993899135,-72.96654531080246,6626.175392934913,1.1869381762682727,-1,
868e6ecafffffff,HUANCAVELICA,HUAYTARA,-13.431409918028267,-75.22295963605544,6593.66057992101,1.695844036396643,-1,
868f59ab7ffffff,HUANUCO,HUANUCO,-10.03022100739667,-76.33673612098215,6574.640798757026,2.2091328650455067,-1,
86b335b1fffffff,MOQUEGUA,GENERAL SANCHEZ CERRO,-16.117823072515506,-70.57913512331595,6531.004398276682,1.9058460623048008,-1,
868e61987ffffff,HUANCAVELICA,TAYACAJA,-12.063010508722009,-74.72266017630821,6521.013343818772,1.6771596681900292,-1,
868e64c97ffffff,PASCO,PASCO,-10.44768267479254,-76.10331171961363,6511.301507876939,2.522552468819033,-1,
86b335317ffffff,MOQUEGUA,GENERAL SANCHEZ CERRO,-16.468342007362885,-70.79109779245783,6508.279125219879,1.8992144832200373,-1,
868e68907ffffff,APURIMAC,ANDAHUAYLAS,-13.807945028557556,-73.70575733281228,6470.83849732281,1.159112880279037,-1,
868e694c7ffffff,AYACUCHO,PAUCAR DEL SARA SARA,-15.238547334639792,-73.38978425513002,6449.9669956826665,2.076498828101604,-1,
868e694efffffff,AYACUCHO,PAUCAR DEL SARA SARA,-15.230911466010363,-73.32640635798072,6421.180646909769,2.067231366805715,-1,
868e6c337ffffff,APURIMAC,CHINCHEROS,-13.355414264398634,-73.56276672543048,6379.592445976386,1.1427680938291818,-1,
868b66717ffffff,PUNO,SANDIA,-14.38163500018379,-69.65454732854437,6378.449074122647,3.7991654194680446,-1,
868e68b2fffffff,APURIMAC,AYMARAES,-14.15110488999618,-73.38052812865192,6376.719727373819,1.1422535074838371,-1,
868f6ecefffffff,LORETO,REQUENA,-5.402683467558727,-74.3682571984226,6338.328499555695,1.8194455952522623,-1,
868e6304fffffff,HUANCAVELICA,CASTROVIRREYNA,-13.2048618053983,-75.66530883423394,6321.7845334483545,1.6259193918898018,-1,
868b6c557ffffff,CUSCO,LA CONVENCION,-12.728491941541058,-72.39157956410591,6310.767003784645,2.981682399691716,-1,
868f466efffffff,AMAZONAS,RODRIGUEZ DE MENDOZA,-6.436420325715769,-77.3537149567661,6262.710256951469,1.790341724533297,-1,
86b33504fffffff,MOQUEGUA,GENERAL SANCHEZ CERRO,-16.41987722080662,-70.8285494727439,6200.920135862721,1.8095224720287888,-1,
868e6890fffffff,APURIMAC,ANDAHUAYLAS,-13.858099025035692,-73.66833233368509,6188.373918487907,1.1085153678105075,-1,
868f58a0fffffff,ANCASH,HUARI,-9.384242632613,-77.07219775979824,6170.991769210492,3.929587117699089,-1,
868b44c87ffffff,MADRE DE DIOS,TAMBOPATA,-12.614212221234768,-69.30657360081149,6160.176081251471,3.468849877735448,-1,
868b619afffffff,CUSCO,PARURO,-13.861766281990333,-71.8847881581957,6136.313174235971,2.8992572502903595,-1,
868f5e907ffffff,LA LIBERTAD,SANTIAGO DE CHUCO,-8.118073687683745,-78.31306568239225,6072.988953857696,1.583425787073663,-1,
868e6898fffffff,AYACUCHO,SUCRE,-13.930189193193357,-73.82069794908597,6072.154519444346,1.954866087240113,-1,
868e63337ffffff,HUANCAVELICA,CASTROVIRREYNA,-13.198100406263254,-75.6014897730489,6057.001955834012,1.55781913866227,-1,
868e6d227ffffff,APURIMAC,GRAU,-14.160317493360733,-72.54976853319658,6021.992234266432,1.0787116332089686,-1,
868e6e0e7ffffff,HUANCAVELICA,HUAYTARA,-13.829188452202446,-74.85949207447995,5993.642965817798,1.5415236433044548,-1,
868b61777ffffff,CUSCO,PAUCARTAMBO,-13.082320766960128,-71.72009573522335,5985.022052289407,2.8277759112919223,-1,
868e6d327ffffff,APURIMAC,GRAU,-13.99584537162905,-72.53626334309338,5983.308522241266,1.071782270208497,-1,
868b6678fffffff,PUNO,SANDIA,-14.26758448315499,-69.60579685370409,5973.04911692814,3.557698962570912,-1,
868e6eb17ffffff,AYACUCHO,CANGALLO,-13.5132871043802,-74.47460978005752,5938.647879567096,1.9118850330061208,-1,
868e6d0afffffff,APURIMAC,ABANCAY,-13.9339949490032,-72.92528017516756,5924.985782764107,1.061334993774523,-1,
86b334897ffffff,AREQUIPA,CASTILLA,-15.337418264931207,-72.00323581532238,5919.439360490157,1.1418656754390462,-1,
868f50897ffffff,CAJAMARCA,CHOTA,-6.5004654494344045,-79.38797762069882,5882.637026154411,3.210892311856272,-1,
868e6336fffffff,HUANCAVELICA,CASTROVIRREYNA,-13.33685086688683,-75.36160080017605,5838.066572357217,1.5015104676402953,-1,
868f718dfffffff,LORETO,DATEM DEL MARAÑON,-4.539722135740207,-76.9649400330735,5837.492431369593,1.6756783578380858,-1,
86b335a37ffffff,MOQUEGUA,GENERAL SANCHEZ CERRO,-16.17482850246663,-70.6040231459643,5823.130416997817,1.6992777065731262,-1,
868f75287ffffff,LORETO,DATEM DEL MARAÑON,-3.987849304204218,-76.8919453517101,5815.6354246112205,1.6694042061157972,-1,
868f429b7ffffff,AMAZONAS,RODRIGUEZ DE MENDOZA,-6.488151718397509,-77.31703731524162,5809.984921730353,1.6609196334346368,-1,
868e64657ffffff,JUNIN,TARMA,-11.2358459542745,-75.73608984881513,5724.793644020586,1.9579792313180928,-1,
868a6ad47ffffff,LORETO,MARISCAL RAMON CASTILLA,-3.464437224111651,-70.8841149658957,5599.175447892017,1.6072683999300228,-1,
868f590cfffffff,HUANUCO,LAURICOCHA,-10.273079699735478,-76.56920003568894,5556.553743813718,1.867047321303276,-1,
868e6d437ffffff,APURIMAC,ANDAHUAYLAS,-13.871360384674622,-73.31512269697336,5556.205541670718,0.9952758690381214,-1,
868e6d0c7ffffff,APURIMAC,ABANCAY,-14.033739710709416,-72.85051561376385,5529.076411568321,0.9904162632628476,-1,
86b331b67ffffff,TACNA,CANDARAVE,-17.226933972750807,-70.47869132833814,5508.6720526837225,1.6726354937841634,-1,
868f586d7ffffff,ANCASH,HUARMEY,-9.950447287734503,-77.82105687468375,5478.996062808876,3.48893551499459,-1,
868e6d497ffffff,APURIMAC,ANDAHUAYLAS,-14.001041705781947,-73.49283681559997,5436.20491590051,0.9737803130867032,-1,
868f59d6fffffff,HUANUCO,DOS DE MAYO,-9.618221897196385,-76.63321982479177,5417.159962175413,1.82020987517871,-1,
868f4c52fffffff,LORETO,UCAYALI,-7.785165951085617,-74.71938673261158,5372.053960615992,1.5420721593690494,-1,
868b6052fffffff,PUNO,CARABAYA,-14.113683076886105,-70.46870889531384,5363.436292863557,3.1945981627469373,-1,
86b335257ffffff,MOQUEGUA,MARISCAL NIETO,-16.718849472830172,-70.66623740596106,5313.17250809083,1.550464260223584,-1,
868b75a57ffffff,PUNO,SANDIA,-14.07154187807354,-69.34901964273541,5239.275489677343,3.120644851458123,-1,
868e6896fffffff,APURIMAC,ANDAHUAYLAS,-13.89352280788651,-73.504509449572,5225.002715837821,0.9359479378022302,-1,
868b66617ffffff,PUNO,SANDIA,-14.21888067668815,-69.64281417925852,5209.276328942018,3.102776593398167,-1,
868f6a39fffffff,LORETO,REQUENA,-7.074831840834451,-74.1637447081262,5134.9689090297725,1.474015833030183,-1,
868b6d477ffffff,CUSCO,LA CONVENCION,-11.968309716254144,-73.36220681291363,5130.171547407495,2.423880045187949,-1,
868e6cb9fffffff,AYACUCHO,LA MAR,-13.13272322771089,-73.52297995560026,5090.851010738004,1.6389457752129903,-1,
868e6d0b7ffffff,APURIMAC,ABANCAY,-13.891572404898088,-73.02561391457529,5084.206419926902,0.9107272805174832,-1,
868f59047ffffff,HUANUCO,HUANUCO,-10.151640582823818,-76.45289503873575,5056.888778994087,1.699155822880497,-1,
868b6021fffffff,CUSCO,QUISPICANCHI,-13.596356067333929,-71.06293469629384,5041.044741091399,2.381769818400292,-1,
868e6cb0fffffff,CUSCO,LA CONVENCION,-13.05351054096487,-73.30839920536478,5022.1761750574615,2.3728548844125417,-1,
868e6d197ffffff,APURIMAC,ABANCAY,-13.784201162249708,-73.03740633586013,5019.515691091971,0.8991393144357723,-1,
868e6d2a7ffffff,APURIMAC,GRAU,-14.232942166430307,-72.70095453589859,5015.675244505641,0.8984513802358877,-1,
868b65517ffffff,CUSCO,ESPINAR,-14.610674236552557,-71.38787380922412,4976.747906304326,2.3513911432684846,-1,
868f5bb2fffffff,ANCASH,BOLOGNESI,-10.328096234581942,-77.1417909809357,4930.423921734108,3.1396137042847694,-1,
868b66707ffffff,PUNO,SANDIA,-14.38997928366624,-69.71599250528688,4924.566165949846,2.933196027144332,-1,
868f41137ffffff,LORETO,UCAYALI,-7.021770477415894,-75.33320723935742,4923.501412074857,1.413313140530005,-1,
868e6aa2fffffff,AYACUCHO,LUCANAS,-14.821235261275575,-74.46481068049036,4922.8452713206,1.5848580998422328,-1,
868e6612fffffff,LIMA,HUARAL,-11.04925981236102,-76.6215689002595,4867.798884269079,0.9967379525795192,-1,
868b75b9fffffff,PUNO,SANDIA,-14.200549526461144,-69.11590350891333,4812.366567158168,2.8663671113916163,-1,
868b6189fffffff,CUSCO,QUISPICANCHI,-13.632510058367847,-71.78416621708236,4806.177794849755,2.270800955271916,-1,
868b66467ffffff,PUNO,SANDIA,-14.535945280116364,-69.60484541846394,4783.616414332022,2.849242793998435,-1,
868f500f7ffffff,LAMBAYEQUE,CHICLAYO,-6.943620735731617,-79.41255761791408,4778.279395516858,1.0732571654174283,-1,
86b335207ffffff,MOQUEGUA,MARISCAL NIETO,-16.62214862462989,-70.74116747494985,4771.732712747987,1.3924639222967623,-1,
868f5a867ffffff,ANCASH,CASMA,-9.495599583081612,-78.28194607927897,4743.844982628712,3.020803272677869,-1,
868e6e91fffffff,HUANCAVELICA,ANGARAES,-13.210167900659586,-74.69913293513915,4727.734281826938,1.215940658504479,-1,
868b6570fffffff,CUSCO,PARURO,-14.22392939385003,-71.74870531033092,4720.770393105879,2.230448055785943,-1,
868f5a967ffffff,ANCASH,CASMA,-9.328406124062068,-78.26527953619208,4701.152853112308,2.9936176194718747,-1,
868e68b0fffffff,APURIMAC,ANDAHUAYLAS,-14.208531711975516,-73.4062641679642,4683.07034244019,0.8388722969088169,-1,
868b7584fffffff,PUNO,SANDIA,-14.37142346905051,-69.18845890258582,4675.438152346295,2.7848090880460425,-1,
868f6e217ffffff,LORETO,REQUENA,-5.964720668035266,-73.96651210106553,4638.9806231066295,1.331640173235516,-1,
868b6cc87ffffff,CUSCO,LA CONVENCION,-12.993151436517698,-72.33051707147041,4619.067020221091,2.1823957102092497,-1,
868f55a2fffffff,AMAZONAS,CHACHAPOYAS,-6.308588738357662,-77.77896803107119,4612.320433794604,1.3185393193584538,-1,
868e6306fffffff,HUANCAVELICA,CASTROVIRREYNA,-13.147257293442712,-75.63892410175998,4596.112717786046,1.1820884997931764,-1,
868e6000fffffff,JUNIN,JAUJA,-11.946081405366344,-75.69649500180604,4591.108852081527,1.5702392680101915,-1,
868e61887ffffff,HUANCAVELICA,TAYACAJA,-12.228967746490332,-74.73739862256117,4574.521708605268,1.1765354411067002,-1,
868e6d797ffffff,APURIMAC,AYMARAES,-14.18613208725829,-73.21681156387257,4555.114481133229,0.8159517299669192,-1,
86b335a27ffffff,MOQUEGUA,GENERAL SANCHEZ CERRO,-16.16629587746025,-70.5417532983171,4553.278206991088,1.3287155867881555,-1,
868e6e117ffffff,HUANCAVELICA,HUAYTARA,-13.562490538801486,-74.91953228008124,4551.250908118118,1.17055035167876,-1,
868a685b7ffffff,LORETO,MARISCAL RAMON CASTILLA,-3.619456475447147,-71.41343690892377,4540.762958119056,1.303446352427691,-1,
868e6d2b7ffffff,APURIMAC,GRAU,-14.240553629795468,-72.76386631493115,4531.675095474242,0.81175306331276,-1,
868e68947ffffff,APURIMAC,ANDAHUAYLAS,-13.900883299564915,-73.56769312143561,4531.000529253319,0.8116322291433403,-1,
868f59067ffffff,HUANUCO,HUANUCO,-10.094010663958931,-76.42652310401243,4496.642238568007,1.5109084215597608,-1,
868e63267ffffff,HUANCAVELICA,CASTROVIRREYNA,-13.452017400564737,-75.41424291620827,4485.819214899253,1.1537217713489736,-1,
868b44c47ffffff,MADRE DE DIOS,TAMBOPATA,-12.596991811887928,-69.58723972765567,4365.02030051005,2.457981709617129,-1,
868a6a0cfffffff,LORETO,PUTUMAYO,-2.8347391057008373,-71.01557429570158,4284.5995198702885,1.2299134897149004,-1,
868e6464fffffff,JUNIN,TARMA,-11.280542421051306,-75.63542325062845,4271.224477519341,1.460833235101019,-1,
868b6154fffffff,CUSCO,PAUCARTAMBO,-13.33057822515318,-71.53426493118106,4258.904386792812,2.0122277124879435,-1,
868f6cc1fffffff,LORETO,REQUENA,-4.825302089117892,-73.40210368183729,4254.5490536575735,1.2212873687447057,-1,
868e6c6dfffffff,AYACUCHO,VICTOR FAJARDO,-13.844301127124051,-74.02226269814415,4239.664314378799,1.3649151982086976,-1,
868e6e80fffffff,AYACUCHO,CANGALLO,-13.36884218616824,-74.6503878076212,4190.148053235754,1.3489739603226232,-1,
868e6d18fffffff,APURIMAC,ABANCAY,-13.826675213211624,-72.93710051032545,4168.691771184045,0.7467323327404636,-1,
868f6848fffffff,LORETO,REQUENA,-6.435773949407623,-73.76110228874734,4162.010042433436,1.1947236309433975,-1,
868b6ddafffffff,CUSCO,LA CONVENCION,-12.514752898307492,-73.36676348004274,4121.917605140883,1.9475048229252296,-1,
868f50d4fffffff,CAJAMARCA,CHOTA,-6.448408789250015,-79.42457922493121,4076.515318835825,2.225065330092439,-1,
868e66067ffffff,LIMA,HUARAL,-11.261109741978244,-76.53642707793799,4052.4530959756,0.8297865006010334,-1,
868e6d607ffffff,APURIMAC,ANTABAMBA,-14.270864094686734,-73.01580147526509,4018.04353432112,0.719746910092164,-1,
868e6aa4fffffff,AYACUCHO,LUCANAS,-14.971583329525872,-74.35203226144287,3965.154490738474,1.2765396565240563,-1,
868e6cd4fffffff,AYACUCHO,LA MAR,-12.84502033268021,-73.87307793356902,3960.153111973372,1.2749295153944076,-1,
868f6e0a7ffffff,LORETO,REQUENA,-5.612847637946519,-74.28408042121845,3921.2988844017777,1.1256264145022692,-1,
868f6122fffffff,LORETO,REQUENA,-4.802336063857658,-73.74572422402012,3867.5929280025134,1.1102098790834596,-1,
868b6198fffffff,CUSCO,PARURO,-13.80445164847858,-71.85961223938436,3804.920925147595,1.797731677928773,-1,
868b61747ffffff,CUSCO,PAUCARTAMBO,-13.032599529747898,-71.75725692371843,3790.304595641111,1.7908258212537538,-1,
868f4406fffffff,LORETO,ALTO AMAZONAS,-5.491123149486276,-75.95863477930386,3761.988755881572,1.0798957283070874,-1,
868f7332fffffff,AMAZONAS,BONGARA,-5.379786488926888,-77.83405888641468,3736.583583087985,1.0681895252272071,-1,
868e6e15fffffff,AYACUCHO,VICTOR FAJARDO,-13.707076344515649,-74.74351402694269,3722.2883497797648,1.198351464642783,-1,
86b335b17ffffff,MOQUEGUA,GENERAL SANCHEZ CERRO,-16.069321017235893,-70.61651620119234,3709.822238769737,1.08258235249018,-1,
868f5970fffffff,HUANUCO,LAURICOCHA,-10.343032241073356,-76.72277335028386,3702.870392369244,1.2441946152150771,-1,
868f59747ffffff,HUANUCO,LAURICOCHA,-10.38837376728132,-76.62206871230536,3697.559561254639,1.2424101326988313,-1,
868f503b7ffffff,CAJAMARCA,SAN MIGUEL,-7.042418033567545,-79.27566675966717,3667.836473578716,2.00199806341932,-1,
868f5976fffffff,PASCO,DANIEL ALCIDES CARRION,-10.38220094684939,-76.55850673821021,3659.657278391184,1.4177929698800396,-1,
868b65057ffffff,CUSCO,CHUMBIVILCAS,-14.411464521517312,-71.94937952275703,3656.265217148105,1.727495507287396,-1,
868b626b7ffffff,MADRE DE DIOS,TAMBOPATA,-13.0622368745412,-69.43888163064912,3516.8174448500845,1.9803511462464165,-1,
868e6076fffffff,LIMA,YAUYOS,-12.221097077359266,-75.70080442722971,3500.4773528862875,0.716763102321708,-1,
868b6429fffffff,PUNO,MELGAR,-14.66869246039708,-71.00191881275381,3497.813888743778,2.083386324077264,-1,
868b63cf7ffffff,MADRE DE DIOS,MANU,-13.083664199411704,-70.43256023211828,3476.91055374005,1.9578792213335616,-1,
868e60c47ffffff,JUNIN,YAULI,-11.63286485944091,-75.85657154919335,3464.7788253756403,1.1850147626337406,-1,
868f71037ffffff,LORETO,DATEM DEL MARAÑON,-4.664032007806094,-77.14230943489622,3461.023489408217,0.9935023000637808,-1,
868a6caf7ffffff,LORETO,MARISCAL RAMON CASTILLA,-4.5774903826878,-72.47132547166395,3457.427110107751,0.9924699432716788,-1,
868b75a17ffffff,PUNO,SANDIA,-14.160403878821638,-69.21395592217675,3367.439752438684,2.005732194603563,-1,
868e6caafffffff,AYACUCHO,LA MAR,-13.2331949642343,-73.44831034213449,3271.908662181879,1.0533564756569838,-1,
868b6e66fffffff,MADRE DE DIOS,MANU,-11.724050504884357,-71.71581157563475,3205.124983527231,1.8048343522311407,-1,
868b664d7ffffff,PUNO,SANDIA,-14.39672447365499,-69.37212379689299,3177.72587447967,1.8927338157877525,-1,
868e6c90fffffff,CUSCO,LA CONVENCION,-12.701518693954252,-73.56946906739307,3110.591081100521,1.4696778812453766,-1,
868f467b7ffffff,AMAZONAS,CHACHAPOYAS,-6.125947760407337,-77.57364734614532,3099.2337117136394,0.8859882064641598,-1,
868b758cfffffff,PUNO,SANDIA,-14.297557217369148,-69.04204580787136,3081.7604559024985,1.8355743879258448,-1,
868b66767ffffff,PUNO,CARABAYA,-14.357883590415316,-69.87605772498539,3079.996236080533,1.8345235740270327,-1,
868f0b90fffffff,PIURA,PAITA,-4.926664116477327,-81.02591335535806,3079.6424145628785,0.7876940172279825,-1,
868f58147ffffff,ANCASH,CARHUAZ,-9.304552756776475,-77.40036364354333,3072.997290617983,1.9568346576293632,-1,
868b65397ffffff,CUSCO,CHUMBIVILCAS,-14.247389307667929,-71.93623070333855,3043.827109813384,1.43813354471687,-1,
868e6d367ffffff,APURIMAC,GRAU,-14.087658475172113,-72.39880426557207,2947.616150721853,0.5280026456901649,-1,
868b7586fffffff,PUNO,SAN ANTONIO DE PUTINA,-14.428384367416792,-69.21267194127132,2923.221845243249,1.7411447859539928,-1,
868f45db7ffffff,LORETO,ALTO AMAZONAS,-5.571760796346718,-75.63596254563231,2857.649799358592,0.8203011788645802,-1,
868e68b37ffffff,APURIMAC,ANDAHUAYLAS,-14.10852457322231,-73.48115710931252,2838.2267614055795,0.5084078667175773,-1,
868e699a7ffffff,APURIMAC,ANTABAMBA,-14.470040856230042,-72.86607189855621,2824.7063439621165,0.50598597193347,-1,
868e614dfffffff,HUANCAVELICA,HUANCAVELICA,-12.832141062028684,-75.25253911544745,2797.614635962536,0.7195271941932242,-1,
868b61907ffffff,CUSCO,PARURO,-13.926815067319762,-71.97247042923182,2788.175630826643,1.3173445003910726,-1,
868e6d72fffffff,APURIMAC,ABANCAY,-14.098677289012564,-72.93901970644848,2767.1604269429004,0.4956778466955988,-1,
868f5900fffffff,HUANUCO,HUANUCO,-10.10631450803764,-76.5534766245842,2727.3512087152694,0.9164122229816062,-1,
868b62d07ffffff,PUNO,SANDIA,-13.990768193519187,-69.54543777854354,2678.6430959794093,1.595467503633175,-1,
868e60837ffffff,JUNIN,TARMA,-11.440439999371057,-75.58719893533573,2660.436903514999,0.9099158025993388,-1,
868b6514fffffff,CUSCO,CHUMBIVILCAS,-14.533881718186343,-72.06256139145529,2607.820646308828,1.2321312002152085,-1,
868b66cc7ffffff,PUNO,SAN ANTONIO DE PUTINA,-14.804113664379896,-69.60389235412697,2604.265901038748,1.551166567193628,-1,
86b335337ffffff,MOQUEGUA,GENERAL SANCHEZ CERRO,-16.41135151532999,-70.766115593658,2572.556655008061,0.7507110196246135,-1,
86b32012fffffff,PUNO,YUNGUYO,-16.205828084165258,-68.93342837551693,2490.6539469900376,1.4834964169667997,-1,
868b61ccfffffff,CUSCO,PAUCARTAMBO,-13.494739778788135,-71.5471296122354,2475.2070391566617,1.1694745281865764,-1,
86b3200d7ffffff,PUNO,CHUCUITO,-16.546560291812245,-69.07917325728506,2443.1970358394647,1.4552298816910871,-1,
868b6059fffffff,PUNO,CARABAYA,-13.975068319286544,-70.23425016470333,2404.658336608531,1.4322752587525034,-1,
868a6e0cfffffff,LORETO,MARISCAL RAMON CASTILLA,-3.9664936012341743,-71.10085160547712,2404.6182227802024,0.6902564349587509,-1,
868f58627ffffff,ANCASH,AIJA,-9.719795496850931,-77.71415911987333,2381.5289918593853,1.516518899527692,-1,
868b60cb7ffffff,PUNO,MELGAR,-14.317804340998626,-70.38198126210813,2317.415564289943,1.3803112593790516,-1,
868f58157ffffff,ANCASH,CARHUAZ,-9.310438881406451,-77.46394848146663,2276.753738608545,1.4497997236113649,-1,
868f553afffffff,AMAZONAS,LUYA,-6.611454353971831,-78.10093902373498,2268.720731566343,0.648566710000425,-1,
868f4661fffffff,AMAZONAS,RODRIGUEZ DE MENDOZA,-6.332944919764863,-77.42705128761901,2268.310291846025,0.6484493762381173,-1,
868f5d00fffffff,HUANUCO,MARAÑON,-8.939353965645685,-76.44389201790396,2247.730293752048,0.7552556885883108,-1,
868e69d27ffffff,APURIMAC,AYMARAES,-14.450590994143576,-73.15582665881375,2239.943624852283,0.4012381869427566,-1,
868b6e89fffffff,MADRE DE DIOS,MANU,-12.482002843215929,-71.69336632497124,2233.3930206462805,1.257643451164167,-1,
868e6d637ffffff,APURIMAC,ANTABAMBA,-14.221009280452758,-73.05322686983295,2232.3014025809816,0.3998692456112297,-1,
868f59627ffffff,HUANUCO,LAURICOCHA,-10.400686859765878,-76.74925173572026,2229.1716500767234,0.749019833135709,-1,
868e6d4a7ffffff,APURIMAC,ANDAHUAYLAS,-13.936204365493028,-73.40393728181897,2220.0522480363,0.3976750704960351,-1,
868e64cc7ffffff,PASCO,PASCO,-10.537751855195143,-75.90223860920459,2210.7010273998085,0.8564507921714191,-1,
868e61557ffffff,HUANCAVELICA,HUANCAVELICA,-12.544127997042,-75.12153652282461,2158.6066985167613,0.5551787587842971,-1,
868b64397ffffff,PUNO,MELGAR,-14.881110527496936,-70.97722486454236,2141.2726013431807,1.2753960604124397,-1,
868b64a2fffffff,AREQUIPA,CAYLLOMA,-15.207672821371968,-71.41414290350582,2137.618297158376,0.4123486722420781,-1,
868f55ccfffffff,CAJAMARCA,CUTERVO,-6.207169262576841,-78.52059301116385,2097.266819239428,1.144741359337165,-1,
868e6d08fffffff,APURIMAC,ABANCAY,-13.991400322348555,-72.95084257919127,2076.964291099516,0.3720439109535958,-1,
868e6d22fffffff,APURIMAC,GRAU,-14.210027270418848,-72.51239413319658,2060.670342187484,0.3691251970863963,-1,
868e6cab7ffffff,AYACUCHO,LA MAR,-13.190209075012987,-73.54868185190058,2028.7334070945976,0.6531293175891106,-1,
868b65ad7ffffff,CUSCO,CHUMBIVILCAS,-14.393130251498404,-72.23736866062102,1946.884315098249,0.919855018111584,-1,
868b640f7ffffff,PUNO,MELGAR,-15.028001762333917,-70.86536256504704,1941.2870988067093,1.1562796424866593,-1,
86b335a77ffffff,MOQUEGUA,GENERAL SANCHEZ CERRO,-16.26315331259396,-70.46698753416916,1940.909845804768,0.5663869079450778,-1,
868e6d267ffffff,APURIMAC,COTABAMBAS,-14.252029292534337,-72.41222944404939,1926.5696779109512,0.3451039195840736,-1,
868e65477ffffff,JUNIN,CONCEPCION,-11.489902530882905,-75.00584430783074,1912.078029693185,0.6539640209930009,-1,
868f716afffffff,LORETO,DATEM DEL MARAÑON,-5.176563710864126,-77.37800539096375,1901.393085383004,0.5458034045230881,-1,
868e60447ffffff,LIMA,HUAROCHIRI,-12.036416749125996,-76.04112735916611,1897.844332909888,0.3886055113764802,-1,
868b60a07ffffff,CUSCO,CANCHIS,-14.054259890862967,-71.26226777015563,1862.7865114408853,0.8801208715541987,-1,
868b6668fffffff,PUNO,SANDIA,-14.10482124171165,-69.59409817484882,1860.9934929548065,1.108454742230807,-1,
868e6ed47ffffff,HUANCAVELICA,HUAYTARA,-13.29554008574,-74.9794912438657,1825.27027634034,0.4694469294294336,-1,
868b6174fffffff,CUSCO,PAUCARTAMBO,-12.982855329123266,-71.794416382082,1820.163049507803,0.8599823327389349,-1,
868f50cf7ffffff,LAMBAYEQUE,FERREÑAFE,-6.578978399962649,-79.66893301895145,1817.5997148958293,0.4082540505485896,-1,
868e60d1fffffff,JUNIN,YAULI,-11.42810609031722,-76.00557192202913,1812.0271955813068,0.6197448914577871,-1,
868f0b827ffffff,PIURA,PAITA,-4.983773880046459,-81.05304306951206,1798.5712429092994,0.4600286711530565,-1,
868b63a67ffffff,MADRE DE DIOS,MANU,-12.872289617500506,-71.33459064900326,1783.205438004018,1.0041388239572484,-1,
868f55207ffffff,AMAZONAS,LUYA,-6.71517813729333,-78.02757145274114,1707.9453529501764,0.4882559951125558,-1,
868b63207ffffff,MADRE DE DIOS,MANU,-12.50583967352529,-70.99997671067162,1678.8220242383522,0.9453595963340866,-1,
868f5a827ffffff,ANCASH,CASMA,-9.397534159264518,-78.41975414379104,1655.7582451782828,1.0543599009060185,-1,
868f09c9fffffff,PIURA,SULLANA,-4.73036536251855,-80.62777695004259,1653.5670046101263,0.4229402837348142,-1,
868b75b8fffffff,PUNO,SANDIA,-14.20896842945064,-69.17701508794356,1587.7292458804748,0.9456916526776348,-1,
868e60767ffffff,LIMA,YAUYOS,-12.170058231593726,-75.73812738219006,1587.2747944051623,0.3250128171624407,-1,
868b64527ffffff,PUNO,LAMPA,-15.304353280447213,-70.51740875892291,1583.7455808024963,0.9433188811102644,-1,
868f6cd77ffffff,LORETO,REQUENA,-4.650283468030652,-73.26584559072158,1532.5320358470344,0.439920187538454,-1,
868f6a587ffffff,LORETO,REQUENA,-6.700910045823865,-74.83030818302639,1519.9599109431672,0.4363113027542548,-1,
868f620efffffff,LORETO,ALTO AMAZONAS,-4.403154346641526,-76.0031360061803,1519.350401611967,0.4361363403697721,-1,
868e60c07ffffff,JUNIN,YAULI,-11.536971131471104,-75.99467813802997,1504.820535654603,0.5146748579750354,-1,
868e65517ffffff,JUNIN,CHANCHAMAYO,-11.28592571670977,-75.15469064079609,1482.4363653432904,0.5070190814868096,-1,
868b6544fffffff,CUSCO,CHUMBIVILCAS,-14.314884538527682,-71.61167198370809,1452.2236834709258,0.686140019877764,-1,
868b63a5fffffff,MADRE DE DIOS,MANU,-12.757742418977998,-71.2848082518241,1416.8308173806297,0.7978300202490561,-1,
868b60097ffffff,PUNO,CARABAYA,-13.917324935715223,-70.61721185146588,1334.5021300326505,0.7948631847192208,-1,
868e6d347ffffff,APURIMAC,GRAU,-14.145010864851567,-72.42419505566313,1330.9910404329291,0.238418693209558,-1,
86b33528fffffff,MOQUEGUA,GENERAL SANCHEZ CERRO,-16.744652276559798,-70.85367327892244,1292.40026523995,0.3771419840230354,-1,
868b6e547ffffff,MADRE DE DIOS,MANU,-12.230339649726004,-71.40759200050373,1279.6047896643106,0.7205568249398127,-1,
86b3352e7ffffff,MOQUEGUA,MARISCAL NIETO,-16.727465341303784,-70.72868247018914,1277.098193010716,0.3726766074400883,-1,
868f08297ffffff,PIURA,TALARA,-4.713297698018926,-81.10765296201481,1249.505445927939,0.319591638171057,-1,
868e6e847ffffff,AYACUCHO,CANGALLO,-13.41233161012825,-74.54946750132065,1190.968057543629,0.3834196015965878,-1,
868b65ac7ffffff,APURIMAC,COTABAMBAS,-14.400882159539409,-72.30010581445113,1184.8589137091662,0.2122422354941999,-1,
868b607afffffff,PUNO,CARABAYA,-13.69664818680822,-70.58020527833901,1181.73153614529,0.7038691592651116,-1,
868e6ec97ffffff,HUANCAVELICA,CASTROVIRREYNA,-13.445162187041216,-75.35045868561683,1174.35585450999,0.3020362283346571,-1,
868b6015fffffff,CUSCO,CANCHIS,-14.014529591588586,-70.95169629980846,1129.6912993511298,0.5337513906534768,-1,
868b6edb7ffffff,MADRE DE DIOS,MANU,-12.700473370869297,-71.25993746968169,1123.210055110682,0.6324895605176228,-1,
868e6d21fffffff,APURIMAC,GRAU,-14.275039127059962,-72.60068164419698,1116.4545654065566,0.1999890535893428,-1,
868f6e077ffffff,LORETO,REQUENA,-5.646808851618124,-74.0620597540905,1105.5663162226676,0.3173577646617095,-1,
868f6ed57ffffff,LORETO,REQUENA,-5.181318512298872,-74.328701458544,1096.2816167379428,0.3146925500736824,-1,
868f592afffffff,PASCO,DANIEL ALCIDES CARRION,-10.478901977921865,-76.42070634595659,1089.9658782517906,0.4222652128436078,-1,
868e68a37ffffff,APURIMAC,ANDAHUAYLAS,-14.27339932936758,-73.49524180376991,1084.902245771582,0.1943371276284783,-1,
868b60bafffffff,CUSCO,CANCHIS,-14.152859931536812,-71.1878186936567,1071.2938281145773,0.5061600198948815,-1,
868b63a47ffffff,MADRE DE DIOS,MANU,-12.81501455010985,-71.30969264433803,1052.2716210612189,0.5925434980944798,-1,
868e6834fffffff,APURIMAC,AYMARAES,-14.702765411312685,-73.44844286294475,1044.1211330524327,0.1870320599707962,-1,
868b6519fffffff,CUSCO,CHUMBIVILCAS,-14.543937733033571,-71.7122618437858,1008.220074360274,0.4763592205088623,-1,
868e68af7ffffff,APURIMAC,ANDAHUAYLAS,-14.438217520796629,-73.50934236342516,972.607938536235,0.1742219944888776,-1,
868b648dfffffff,CUSCO,ESPINAR,-15.32191502213102,-71.05237041787738,971.2901571244792,0.4589107417141287,-1,
868e6074fffffff,LIMA,YAUYOS,-12.2787336438255,-75.72713219334429,958.73518032129,0.1963120834321172,-1,
868b62077ffffff,PUNO,CARABAYA,-13.444934464024607,-69.89077452668494,941.4444468389872,0.5607480980433909,-1,
868f5512fffffff,AMAZONAS,LUYA,-6.180250218090268,-78.20454873405608,939.747346414396,0.2686486865550959,-1,
868b63aafffffff,MADRE DE DIOS,MANU,-12.841621527018557,-71.08685346555268,934.8685923908372,0.5264328096535271,-1,
868f5890fffffff,ANCASH,MARISCAL LUZURIAGA,-8.855502981699415,-77.3150072044217,930.9131385492144,0.5927903348034822,-1,
868b62cefffffff,PUNO,SANDIA,-13.67329336592024,-69.583381496385,922.155302116636,0.5492589961083173,-1,
868e69c37ffffff,APURIMAC,AYMARAES,-14.622753633459553,-73.23291793417947,873.5421706651227,0.156476472392839,-1,
868f44cb7ffffff,LORETO,DATEM DEL MARAÑON,-5.055071053800302,-76.59997643134803,796.4036207122381,0.2286112276839877,-1,
868f58907ffffff,ANCASH,MARISCAL LUZURIAGA,-8.803768756210731,-77.35195056593894,791.3748060697568,0.5039345958487953,-1,
868e601a7ffffff,JUNIN,YAULI,-11.7416594089647,-75.84562833195793,776.59145413696,0.2656078162760441,-1,
868f55ab7ffffff,AMAZONAS,LUYA,-6.33038611216077,-78.03147404772125,727.8812884251118,0.2080818348139383,-1,
86b3350dfffffff,MOQUEGUA,GENERAL SANCHEZ CERRO,-16.502377071714935,-71.04112925400938,725.1839631019183,0.2116196707644338,-1,
868e60c67ffffff,JUNIN,YAULI,-11.575219229860434,-75.83025707209114,666.7006288318436,0.2280232382040369,-1,
868a6e207ffffff,LORETO,MARISCAL RAMON CASTILLA,-3.826469857005028,-71.3294869790117,666.2006094898777,0.191235869926227,-1,
868e68b07ffffff,APURIMAC,ANDAHUAYLAS,-14.158539916284749,-73.44371223934054,634.0538381667102,0.1135772390105952,-1,
868f6e30fffffff,LORETO,REQUENA,-5.845262363417341,-73.85421768611668,605.4032617069894,0.1737837188371267,-1,
86b33491fffffff,AREQUIPA,CAYLLOMA,-15.14973108750926,-71.80186172201113,579.1696765443749,0.1117224003197483,-1,
86b322bb7ffffff,PUNO,EL COLLAO,-16.70156508537285,-69.7828910421282,574.7124071301527,0.3423132297420507,-1,
868f6e8afffffff,LORETO,REQUENA,-5.266601202888814,-74.07045261427858,573.9369263482665,0.1647511662846404,-1,
868e6dadfffffff,APURIMAC,GRAU,-14.0379548749683,-72.43615353528783,563.478029118133,0.1009350861677812,-1,
868b6c947ffffff,CUSCO,LA CONVENCION,-13.189390527601336,-73.07070962327532,536.0468222106631,0.2532689567270786,-1,
868b60ce7ffffff,PUNO,MELGAR,-14.236088736222891,-70.57996889465309,519.7536262528645,0.3095783913230679,-1,
868b6d88fffffff,CUSCO,LA CONVENCION,-12.341482993832663,-73.76739554881253,493.91539864379786,0.2333628939540525,-1,
868f5018fffffff,LAMBAYEQUE,CHICLAYO,-6.782045664568416,-79.45892965887921,490.7869217575558,0.1102364547714947,-1,
868f558d7ffffff,AMAZONAS,LUYA,-6.122995608037046,-78.17800950906411,439.24914784248585,0.1255696087768397,-1,
868b45927ffffff,MADRE DE DIOS,MANU,-12.326545066995104,-70.86410364964276,407.631193742114,0.2295407465505796,-1,
868b6db27ffffff,AYACUCHO,HUANTA,-12.332881018949257,-74.18296523887015,390.5050736255427,0.1257189886853592,-1,
868f59447ffffff,HUANUCO,LAURICOCHA,-10.194541543929937,-76.89770983312226,327.7505424912148,0.1101268521149811,-1,
86b32299fffffff,PUNO,PUNO,-16.469943557029897,-70.03160023695283,324.25996486019284,0.1931374274684818,-1,
868b6c8b7ffffff,CUSCO,LA CONVENCION,-13.095122460576404,-72.73138594298948,319.0448337952562,0.1507408473596606,-1,
868b628efffffff,PUNO,CARABAYA,-13.730389644232703,-70.01298503536175,313.6650357337681,0.1868268200008876,-1,
868e6ed87ffffff,HUANCAVELICA,CASTROVIRREYNA,-13.272416277770107,-75.27157617115292,277.4826627628904,0.0713666275578209,-1,
868b6d89fffffff,CUSCO,LA CONVENCION,-12.334442714952276,-73.70443937606856,265.01402173059523,0.1252126158027619,-1,
868b6601fffffff,PUNO,SAN ANTONIO DE PUTINA,-14.56944206620532,-69.8508496348525,252.3597996193539,0.1503118725000733,-1,
868b61ad7ffffff,CUSCO,URUBAMBA,-13.242484286818774,-72.14441406333523,249.1901334972851,0.1177362172902429,-1,
868b6076fffffff,CUSCO,QUISPICANCHI,-13.67923258448031,-70.8647304082996,227.7384025635685,0.1076008013369006,-1,
868b61827ffffff,CUSCO,PARURO,-13.81988342775206,-71.98453605112273,198.140499062658,0.0936165189377068,-1,
868e61d57ffffff,HUANCAVELICA,TAYACAJA,-12.14091879805995,-74.93867517768409,168.15513425827552,0.0432483410641057,-1,
868f5ab07ffffff,ANCASH,CASMA,-9.651229424767514,-78.17093052346041,142.88841656416372,0.0909890179728428,-1,
868a69d27ffffff,LORETO,MAYNAS,-3.413329277724835,-72.72012230130501,140.3788222076401,0.0402963698947277,-1,
868f08177ffffff,PIURA,TALARA,-4.158150920135972,-81.02673857544274,131.77682576617923,0.0337051525120155,-1,
868f58ab7ffffff,ANCASH,HUARI,-9.350366265340869,-77.2997970720005,124.03073433807504,0.0789807528646264,-1,
868e68b27ffffff,APURIMAC,ANDAHUAYLAS,-14.101107252092826,-73.41796754600317,107.44614351397507,0.0192466878805405,-1,
868a45b87ffffff,LORETO,MARISCAL RAMON CASTILLA,-3.844087977964416,-70.35691791834324,80.19741629049835,0.0230210276779734,-1,
868e61a47ffffff,AYACUCHO,HUANTA,-12.606679807705708,-74.18595814767457,73.18219522753905,0.0235602356926175,-1,
86b326797ffffff,PUNO,PUNO,-16.083631127365223,-70.33035654716414,64.46381896736801,0.0383962792493345,-1,
868f55a77ffffff,AMAZONAS,CHACHAPOYAS,-6.360386375014698,-77.74231267939129,62.72215201303777,0.0179305893445761,-1,
868f4665fffffff,AMAZONAS,RODRIGUEZ DE MENDOZA,-6.430891294480739,-77.29071371866226,53.13591166666298,0.0151901390651672,-1,
868f0989fffffff,PIURA,PIURA,-4.695099200254995,-80.18465296232762,49.61152090694692,0.0126893622516657,-1,
868e6da77ffffff,APURIMAC,COTABAMBAS,-13.858242234175208,-72.297376761538,41.179775163797366,0.007376479542659,-1,
868b608c7ffffff,CUSCO,CANCHIS,-14.23535063338306,-70.98910848966167,37.794684727341085,0.0178570601934483,-1,
868f5c2dfffffff,ANCASH,MARISCAL LUZURIAGA,-8.792078585610136,-77.22505446554541,34.49627134326703,0.0219666641196148,-1,
868b65037ffffff,CUSCO,CHUMBIVILCAS,-14.559737219968577,-71.83734069833196,9.774139317210809,0.0046180407479446,-1,
868f5899fffffff,ANCASH,MARISCAL LUZURIAGA,-8.93059631890061,-77.53206616821693,4.046996427575935,0.0025770614549387,-1,
868f5896fffffff,ANCASH,MARISCAL LUZURIAGA,-8.895487988118612,-77.1511607534413,0.8452333503904375,0.0005382308402541,-1,
868f58177ffffff,ANCASH,ASUNCION,-9.252820620616747,-77.43735641243124,0.1517020279253614,9.660138223464124e-05,-1,
