ubigeo,lat,lon,punto,km_al_nodo,hub,horas_al_hub,cubierto_2h,region_nat,promesa_h,cubierto_promesa
230110,-18.107667444999947,-70.24093700999998,sectores,1.5558707275502905,Juliaca,8.829645454284806,False,COSTA,4.0,False
230108,-18.007762225999954,-70.07401110399996,sectores,7.511122155461252,Juliaca,9.159731096502963,False,COSTA,4.0,False
230103,-17.95421820799993,-70.14622106599995,sectores,1.5799946857883629,Juliaca,8.988319978317978,False,COSTA,4.0,False
230101,-18.016258393999976,-70.39369989799997,sectores,9.110595015022662,Juliaca,8.501144108199792,False,COSTA,4.0,False
230109,-17.966390672499955,-70.64308578749998,sectores,0.2916424362631742,Juliaca,8.440086320078292,False,COSTA,4.0,False
230104,-17.857822548999934,-70.19031625399998,sectores,4.1011974567318905,Juliaca,8.919686424982658,False,COSTA,4.0,False
230303,-17.81824108799995,-70.95726730699997,sectores,2.8131256102797773,Juliaca,7.5110897826551115,False,COSTA,4.0,False
180301,-17.717026817999965,-71.21348640499997,sectores,4.172913183595667,Juliaca,7.5042635769642905,False,COSTA,4.0,False
230102,-17.833332841999948,-70.27886115699994,sectores,5.422925110638847,Juliaca,8.888256127554419,False,COSTA,4.0,False
230106,-17.752334427999955,-70.00734736449994,sectores,5.719637836322454,Juliaca,8.611410330608994,False,SIERRA,6.0,False
230404,-17.612508005999928,-70.11383004499999,sectores,5.415876768872018,Juliaca,8.77505497055409,False,SIERRA,6.0,False
230403,-17.601528048499944,-69.99350045249994,sectores,1.0543280105489954,Juliaca,8.965044459868148,False,COSTA,4.0,False
230407,-17.501887153999974,-69.95804583999995,sectores,5.576699950792652,Juliaca,8.814619363251284,False,SIERRA,6.0,False
230105,-17.66837407799996,-70.46431660799998,sectores,1.2413341391372272,Juliaca,8.803962722024927,False,COSTA,4.0,False
230301,-17.621452563999963,-70.7456385763333,sectores,0.2651856920791043,Juliaca,7.579695458343931,False,COSTA,4.0,False
180302,-17.604713234499968,-71.18993047199996,sectores,2.3269995883487655,Juliaca,6.939165487925676,False,COSTA,4.0,False
230107,-17.71972989449995,-69.79577331799996,sectores,3.6183018108206917,Juliaca,7.9731882397306215,False,SIERRA,6.0,False
230402,-17.502046982999957,-70.19231972799997,sectores,0.6987299039379438,Juliaca,8.853464850447633,False,SIERRA,6.0,False
230204,-17.38740874299998,-70.32890418699995,sectores,0.7976144166911566,Juliaca,7.220888890477979,False,SIERRA,6.0,False
230405,-17.394567752999933,-70.15339182299994,sectores,0.7380091958045222,Juliaca,7.051596527780696,False,SIERRA,6.0,False
230206,-17.33240207749995,-70.25727860499998,sectores,0.5269381575837166,Juliaca,6.5014683739680805,False,SIERRA,6.0,False
180303,-17.45902226299995,-71.35138583849997,sectores,2.348063324187437,Juliaca,7.638589803957965,False,COSTA,4.0,False
230401,-17.369130075499953,-69.76901319949997,sectores,2.074120023987579,Juliaca,5.672618273723126,False,SIERRA,6.0,True
230205,-17.308534220999945,-70.33045615999998,sectores,0.3004946188168287,Juliaca,6.45956610090318,False,SIERRA,6.0,False
230408,-17.37734207349996,-70.01059458199995,sectores,5.27799972498266,Juliaca,6.443631710727076,False,SIERRA,6.0,False
230302,-17.41401545466662,-70.52423831566664,sectores,1.222547084225903,Juliaca,7.234721116844682,False,COSTA,4.0,False
180104,-17.16752284399996,-70.87799317399998,sectores,0.09738554876029837,Juliaca,5.751086792963264,False,COSTA,4.0,False
040706,-17.15882538766662,-71.64188645299997,sectores,6.755859475511768,Juliaca,6.807881553299883,False,COSTA,4.0,False
230202,-17.23667592299995,-70.36096049349996,sectores,0.3185697322554859,Juliaca,6.477010502459339,False,SIERRA,6.0,False
230406,-17.22981263899993,-70.04444190799995,sectores,1.352671691012438,Juliaca,5.737556337277517,False,SIERRA,6.0,True
040703,-17.11879895812495,-71.82248275374997,sectores,1.9138623858055686,Juliaca,6.491939461832425,False,COSTA,4.0,False
230203,-17.16827885766662,-70.43105125166663,sectores,1.4947801160715493,Juliaca,5.952719508820806,False,SIERRA,6.0,True
040705,-17.05234804166662,-71.8950767883333,sectores,3.9339733075002736,Juliaca,6.435672792722184,False,COSTA,4.0,False
210502,-17.111966627499953,-69.72023251799996,sectores,0.8805408941844705,Juliaca,4.8697878770958125,False,SIERRA,6.0,True
230201,-17.132619521499947,-70.25910483049998,sectores,2.0255253793892813,Juliaca,5.858444662179951,False,SIERRA,6.0,True
040704,-16.87631950599996,-72.10223308199994,sectores,5.8936206666891335,Juliaca,6.248708087051071,False,COSTA,4.0,False
180106,-17.024040517333294,-70.74139987199996,sectores,1.1205273460845537,Juliaca,4.901945830912748,False,SIERRA,6.0,True
180101,-17.116527623999957,-71.0584775763333,sectores,9.281411484423646,Juliaca,6.187595429948958,False,COSTA,4.0,False
180103,-16.765026911714237,-70.6882198748571,sectores,1.387854373988486,Juliaca,4.773384481854277,False,SIERRA,6.0,True
210405,-16.901252176999964,-69.38266790366661,sectores,1.2328719066015748,Juliaca,3.6962296932548564,False,SIERRA,6.0,True
040702,-16.993306169428518,-71.65869372914281,sectores,1.4421923467152487,Juliaca,6.485495094998752,False,COSTA,4.0,False
040701,-16.85433240699996,-71.92445131899996,sectores,7.251838077008974,Juliaca,5.566794331874518,False,COSTA,4.0,False
180205,-16.746089235555516,-71.19185052988887,sectores,1.1840280827558625,Juliaca,6.682043474114684,False,SIERRA,6.0,False
040201,-16.629631488999962,-72.70989803949996,sectores,0.245995631832255,Juliaca,7.117236209860278,False,COSTA,4.0,False
180209,-16.71844607199995,-70.85305567199995,sectores,2.9926172429547258,Juliaca,6.69184297937296,False,SIERRA,6.0,False
040202,-16.596673738999982,-72.73662099899997,sectores,0.6999466788496973,Juliaca,7.2200550868560684,False,COSTA,4.0,False
210404,-16.74574340649997,-69.25743444249996,sectores,0.6568021709811476,Juliaca,3.78472290926305,False,SIERRA,6.0,True
180105,-16.669851735999952,-70.66329668239996,sectores,1.3676676236582355,Juliaca,4.707137869969148,False,SIERRA,6.0,True
210402,-16.60035128749996,-69.08428594349996,sectores,0.08175627399064841,Juliaca,3.2583678996812586,False,SIERRA,6.0,True
040208,-16.611866447666614,-72.68492621066663,sectores,0.5003345716407848,Juliaca,7.137398611829374,False,COSTA,4.0,False
040115,-16.54417609199993,-71.44321539799995,sectores,0.6218259000663373,Juliaca,5.253292895806324,False,SIERRA,6.0,True
180201,-16.67079376899995,-70.97618830511108,sectores,0.11034084619107863,Juliaca,7.861816805595017,False,SIERRA,6.0,False
210504,-16.826334281999948,-69.85006627749996,sectores,4.432617978384151,Juliaca,3.580686815327858,False,SIERRA,6.0,True
040127,-16.613513541999964,-71.54988441799998,sectores,7.3584564615787915,Juliaca,5.470015828006274,False,SIERRA,6.0,True
040114,-16.649542683999954,-71.37676887849997,sectores,1.7992777496156698,Juliaca,5.5571983632835975,False,SIERRA,6.0,True
040111,-16.50407996399997,-71.47384663599996,sectores,0.3723976192126073,Juliaca,5.037950991323186,False,SIERRA,6.0,True
180102,-16.797389465333282,-70.63396380949995,sectores,0.57156105791639,Juliaca,4.470774284007319,False,SIERRA,6.0,True
180208,-16.610460294399964,-71.17384210089998,sectores,0.4776910461966236,Juliaca,6.036339507134034,False,SIERRA,6.0,False
040207,-16.68621814399998,-72.38099879499998,sectores,2.938681286503035,Juliaca,7.2699585185561855,False,COSTA,4.0,False
180203,-16.604711764333285,-71.05341510616664,sectores,1.6684364738203423,Juliaca,7.866213498435881,False,SIERRA,6.0,False
210403,-16.58980331033329,-69.3957418923333,sectores,0.5168014104108414,Juliaca,2.9262959675462157,False,SIERRA,6.0,True
040122,-16.47203011749994,-71.53206266549998,sectores,0.4382329421965899,Juliaca,4.633980306552297,False,SIERRA,6.0,True
040113,-16.509670385999954,-71.32843474449996,sectores,2.4395993460738477,Juliaca,5.48273197055209,False,SIERRA,6.0,True
040107,-16.455362471999962,-71.56041960249996,sectores,0.25675426778927973,Juliaca,4.622856178337284,False,SIERRA,6.0,True
040116,-16.44826874699993,-71.46020547199998,sectores,1.974453324986254,Juliaca,4.7937526093583305,False,SIERRA,6.0,True
210505,-16.543109099499958,-69.66218902749998,sectores,0.6496188649480401,Juliaca,2.65202281440009,False,SIERRA,6.0,True
040129,-16.431492083999956,-71.52347326299997,sectores,0.053240176310732,Juliaca,4.54996647906969,False,SIERRA,6.0,True
040123,-16.44834256249996,-71.59954888249996,sectores,0.2933847948867873,Juliaca,4.595760175084693,False,SIERRA,6.0,True
040117,-16.421951924333275,-71.57599558166662,sectores,0.6113380674022122,Juliaca,4.51433961115761,False,SIERRA,6.0,True
040105,-16.457754310999974,-71.38285761499998,sectores,3.041610782435113,Juliaca,5.486554271904412,False,SIERRA,6.0,True
040108,-16.572356766142807,-71.83152664071424,sectores,0.23339064202493437,Juliaca,5.152247690009412,False,COSTA,4.0,False
040112,-16.420070625999927,-71.47799918099997,sectores,0.11202934716812246,Juliaca,4.748063397924863,False,SIERRA,6.0,True
040121,-16.53202525249995,-72.12599590999997,sectores,5.533844828218767,Juliaca,5.900302541653452,False,COSTA,4.0,False
040101,-16.406658033999975,-71.53845913699996,sectores,0.09559221526553335,Juliaca,4.482281686341469,False,SIERRA,6.0,True
180207,-16.492148421999957,-70.80289318074996,sectores,1.795799480417748,Juliaca,6.352918553876989,False,SIERRA,6.0,False
040126,-16.399486431999946,-71.55475674699994,sectores,0.01865384594268075,Juliaca,4.4497482285481285,False,SIERRA,6.0,True
040124,-16.439460578999956,-71.67793592849995,sectores,1.3273265026085703,Juliaca,4.610836053501833,False,COSTA,4.0,False
040205,-16.482267479666632,-72.63954500899996,sectores,3.338506088748417,Juliaca,7.554101650597649,False,COSTA,4.0,False
210407,-16.474352062499957,-69.1605744118333,sectores,1.5476405054503175,Juliaca,3.3032388014429803,False,SIERRA,6.0,True
040118,-16.405118739999978,-72.16331972299997,sectores,0.44203680907692194,Juliaca,6.117247842560345,False,COSTA,4.0,False
211303,-16.371009401666623,-69.05826556666663,sectores,1.143769215245209,Juliaca,3.32000598172581,False,SIERRA,6.0,True
040109,-16.375383703999944,-71.46287320599998,sectores,0.049049299277167877,Juliaca,4.974634412668806,False,SIERRA,6.0,True
180202,-16.440954335333288,-70.60920748799997,sectores,8.162264035922577,Juliaca,6.074354550666103,False,SIERRA,6.0,False
040204,-16.542326122285676,-72.77969734657138,sectores,1.474417898290781,Juliaca,7.899999898435673,False,COSTA,4.0,False
040110,-16.356469017999927,-71.47127210899998,sectores,2.0032086489875276,Juliaca,4.986654963456735,False,SIERRA,6.0,True
040106,-16.39037497199996,-71.35526489599997,sectores,0.3580196211740869,Juliaca,5.483785823923133,False,SIERRA,6.0,True
040102,-16.33096226799995,-71.48585290599993,sectores,3.280660320042608,Juliaca,4.850807980533824,False,SIERRA,6.0,True
211304,-16.29394218449997,-69.18274483199997,sectores,0.11114990602802434,Juliaca,2.981635205659119,False,SIERRA,6.0,True
210406,-16.350926752999953,-69.27904287959996,sectores,0.47290091830182523,Juliaca,2.7841053341168887,False,SIERRA,6.0,True
211302,-16.32761019299994,-68.87792427449995,sectores,13.556665842802317,Juliaca,3.422498910519558,False,SIERRA,6.0,True
180206,-16.311482485499937,-70.64640643099997,sectores,8.47019911249854,Juliaca,6.178344998271698,False,SIERRA,6.0,False
211307,-16.225248853333294,-68.96319412099996,sectores,0.04979276753603448,Juliaca,3.350083312107754,False,SIERRA,6.0,True
211301,-16.279852241124956,-69.08620082987497,sectores,0.7035267238921804,Juliaca,3.00979600843899,False,SIERRA,6.0,True
211305,-16.23727078233327,-68.99760131999994,sectores,0.20421861307492825,Juliaca,3.2605534870731536,False,SIERRA,6.0,True
040104,-16.3435537773333,-71.58674548433329,sectores,0.1374129904244742,Juliaca,4.2609110953604254,False,SIERRA,6.0,True
211306,-16.19746111249995,-68.96906042399996,sectores,0.2412138098119779,Juliaca,3.488620718471654,False,SIERRA,6.0,True
210401,-16.280097202999947,-69.47257972809997,sectores,0.5030792447161245,Juliaca,2.176944627211783,False,SIERRA,6.0,True
040103,-16.25080225499994,-71.46406065599996,sectores,1.038884625220239,Juliaca,4.333757292956175,False,SIERRA,6.0,True
180211,-16.22804686249995,-70.65877574224997,sectores,4.1653588849528145,Juliaca,4.865282875329244,False,SIERRA,6.0,True
040125,-16.454981560333295,-71.9393359053333,sectores,0.3065896477555408,Juliaca,5.53911299093091,False,COSTA,4.0,False
040120,-16.269202987333284,-72.06432687599995,sectores,0.7876923888516842,Juliaca,6.17980585517777,False,COSTA,4.0,False
040413,-16.271268264999964,-72.49312633266663,sectores,2.8160597991580385,Juliaca,6.888058783146506,False,COSTA,4.0,False
040520,-16.355911164285665,-72.25542138499996,sectores,0.5936220741871793,Juliaca,6.3999663442154064,False,COSTA,4.0,False
040206,-16.30751523666663,-73.10620383333328,sectores,2.76698857274368,Juliaca,8.390974592463426,False,COSTA,4.0,False
210503,-16.09112317685709,-69.50397832899996,sectores,0.3821908189775283,Juliaca,2.0783341518816276,False,SIERRA,6.0,True
180204,-16.153152885099963,-70.55379146439996,sectores,0.7298134345587007,Juliaca,4.081149104955852,False,SIERRA,6.0,True
210113,-16.080270995999967,-70.30234379999996,sectores,3.107242002273971,Juliaca,3.3015218883221995,False,SIERRA,6.0,True
180210,-16.31175332499996,-70.82910865566662,sectores,2.4371555584715385,Juliaca,5.125454679262902,False,SIERRA,6.0,True
210111,-16.194920938499962,-70.11515734449995,sectores,0.09759970288485852,Juliaca,1.6983651554525736,True,SIERRA,6.0,True
210501,-16.11891839914281,-69.61075756564283,sectores,0.27965155689486526,Juliaca,1.7578858600740221,True,SIERRA,6.0,True
040128,-16.13866168249993,-71.61948592699994,sectores,1.8189916670071353,Juliaca,3.652227796192058,False,SIERRA,6.0,True
040119,-16.19377033799998,-71.09705058599997,sectores,3.6798988499020244,Juliaca,3.992921183552432,False,SIERRA,6.0,True
040508,-15.991484473999947,-71.83440338999995,sectores,5.1607737301594465,Juliaca,6.1161199014938905,False,SIERRA,6.0,False
210106,-15.874301746999947,-69.8618124733333,sectores,2.635848537496557,Juliaca,1.616055504747738,True,SIERRA,6.0,True
040203,-16.07824274999996,-73.13612639399997,sectores,3.139917224168566,Juliaca,9.275116116368158,False,COSTA,4.0,False
210112,-15.928234747285671,-69.8073284848571,sectores,1.5177010481573228,Juliaca,1.26641810667236,True,SIERRA,6.0,True
040407,-16.041710160499946,-72.36070267249997,sectores,2.1394689391343618,Juliaca,8.484247261624791,False,COSTA,4.0,False
040605,-15.913004979999982,-72.60056395399994,sectores,3.693784079713452,Juliaca,8.153782927109905,False,SIERRA,6.0,False
040401,-16.0365276623333,-72.53022305866664,sectores,4.211305699999507,Juliaca,7.448445424120409,False,COSTA,4.0,False
210101,-15.889851051249963,-70.01578390899996,sectores,0.31809872816943513,Juliaca,0.9512171404450542,True,SIERRA,6.0,True
210114,-15.83431246399997,-70.19830593479996,sectores,1.086445607530007,Juliaca,1.242030298863636,True,SIERRA,6.0,True
040303,-16.05301874199995,-73.53834168699996,sectores,7.667843143430534,Pisco,7.841913152952561,False,COSTA,4.0,False
210109,-15.843059049333268,-70.38584770966662,sectores,0.2683652542645607,Juliaca,1.144974901018088,True,SIERRA,6.0,True
040511,-15.960760511499956,-71.97928524749997,sectores,1.1545365435895352,Juliaca,8.321151082154294,False,SIERRA,6.0,False
040411,-15.75076338599996,-72.49968346199995,sectores,1.7829663877339963,Juliaca,8.445850050226031,False,SIERRA,6.0,False
210115,-15.76650677479996,-70.24883342459997,sectores,0.4890059876947815,Juliaca,1.0495208753035539,True,SIERRA,6.0,True
040301,-15.829139977999944,-73.33184322099999,sectores,1.926708369795793,Pisco,9.752657189264607,False,COSTA,4.0,False
040606,-15.880867068999976,-73.12658159499995,sectores,5.336795081110499,Juliaca,9.854970262418625,False,COSTA,4.0,False
040307,-15.76949392199998,-74.18973198199996,sectores,2.1977206201273645,Pisco,6.330411556278911,False,COSTA,4.0,False
040502,-15.810353326999945,-71.70841993849996,sectores,3.000994450556734,Juliaca,4.967112147927835,False,SIERRA,6.0,True
210110,-15.740981282249976,-70.07583272299996,sectores,0.9846614141708478,Juliaca,0.5308956119304385,True,SIERRA,6.0,True
040412,-15.757083252999962,-72.38314485099994,sectores,5.716308469505752,Juliaca,9.368082117562377,False,SIERRA,6.0,False
040512,-15.718232070499939,-71.80542539149997,sectores,8.041169020805505,Juliaca,5.300732160676708,False,SIERRA,6.0,True
211103,-15.767642386199963,-70.50993486619996,sectores,8.757109285216229,Juliaca,0.9102094492466528,True,SIERRA,6.0,True
210104,-15.67825663974996,-70.15750459524997,sectores,0.2162443283524486,Juliaca,0.595605095290674,True,SIERRA,6.0,True
040519,-15.790108329999953,-71.45530452799994,sectores,0.8258805541261902,Juliaca,4.046514134177353,False,SIERRA,6.0,True
040601,-15.921403019999957,-72.67550688799997,sectores,0.8324441628466451,Juliaca,9.506658664826269,False,SIERRA,6.0,False
210107,-15.549419015666615,-69.92978507266662,sectores,0.4913658618129704,Juliaca,0.5344911407899523,True,SIERRA,6.0,True
040507,-15.796072941999967,-72.16223586399994,sectores,5.538743497377606,Juliaca,7.643009086081277,False,SIERRA,6.0,False
040503,-15.669284084666629,-71.93744631399996,sectores,5.432483478086839,Juliaca,5.855938817205829,False,SIERRA,6.0,True
040514,-15.830923264999967,-71.09747533599995,sectores,0.6011134910937433,Juliaca,2.290270845532367,False,SIERRA,6.0,True
210108,-15.622895223499953,-69.98282011024996,sectores,0.7065121451967759,Juliaca,0.4939373705430087,True,SIERRA,6.0,True
040308,-15.804737110499955,-73.93155662499996,sectores,1.874395391196168,Pisco,6.766531357958101,False,COSTA,4.0,False
211102,-15.631516217624956,-70.26923766962497,sectores,0.5407745092618279,Juliaca,0.4673947000931107,True,SIERRA,6.0,True
040410,-15.681141665999945,-72.59705403499996,sectores,1.296281537180415,Juliaca,10.067943090530695,False,SIERRA,6.0,False
040414,-15.637464827999963,-72.56291186299995,sectores,2.536111077554028,Juliaca,9.515342403077739,False,SIERRA,6.0,False
040602,-15.852452374999928,-72.84380014599998,sectores,7.4337862674163375,Juliaca,9.927642216777407,False,SIERRA,6.0,False
040403,-15.640948698999978,-72.28507676799995,sectores,2.190677172970979,Juliaca,8.495363461977536,False,COSTA,4.0,False
040501,-15.618324776499975,-71.54061406949995,sectores,5.990596610193461,Juliaca,4.84492339131708,False,SIERRA,6.0,True
040506,-15.592006214999941,-71.63972670249996,sectores,2.5847130097351267,Juliaca,4.964157640816564,False,SIERRA,6.0,True
040608,-15.719595246666623,-72.94833713799996,sectores,7.409230000000765,Juliaca,10.604966427423857,False,SIERRA,6.0,False
040509,-15.603078612333283,-71.69868990166663,sectores,4.651124603240062,Juliaca,4.970269603218197,False,SIERRA,6.0,True
040313,-15.63351954999996,-74.42875338299996,sectores,8.304825492343433,Pisco,5.382841430622488,False,COSTA,4.0,False
040408,-15.601122241999974,-72.47175966899994,sectores,3.822731812137073,Juliaca,10.015779994318024,False,SIERRA,6.0,False
040304,-15.689159381999955,-74.30364079999998,sectores,4.212496096059586,Pisco,6.946935869196852,False,COSTA,4.0,False
210105,-15.639739880199954,-69.82244442999996,sectores,0.7232857685642526,Juliaca,0.8147510760260579,True,SIERRA,6.0,True
210702,-15.572126474749943,-70.37088513637497,sectores,3.168028642418407,Juliaca,0.6465273226006681,True,SIERRA,6.0,True
040513,-15.54133408499996,-71.85744646599994,sectores,3.9623412576148707,Juliaca,5.814632610737453,False,SIERRA,6.0,True
210904,-15.491804374999958,-69.34000825849998,sectores,0.37194745368852616,Juliaca,2.3262861089346583,False,SIERRA,6.0,True
211104,-15.539473542222172,-70.0665043253333,sectores,0.09180844159594762,Juliaca,0.26203951706664574,True,SIERRA,6.0,True
210902,-15.449843439333298,-69.41178225099996,sectores,1.1771226784497133,Juliaca,2.1871005899160134,False,SIERRA,6.0,True
040604,-15.52396793349996,-72.94537314599998,sectores,7.176617031897127,Juliaca,13.311620668865796,False,SIERRA,6.0,False
040309,-15.623649789999943,-74.14169619099994,sectores,4.275833805952618,Pisco,7.185692559470304,False,COSTA,4.0,False
040518,-15.483062824999934,-71.59761694099996,sectores,7.405111667220647,Juliaca,4.8750168970361765,False,SIERRA,6.0,True
210605,-15.435831288428526,-69.9766904538571,sectores,0.5662371086466629,Juliaca,0.46497028692778425,True,SIERRA,6.0,True
040402,-15.485044907999963,-72.37681481799996,sectores,0.6900014020960666,Sicuani,9.292263634635683,False,SIERRA,6.0,False
040306,-15.550910251999966,-73.46451003399994,sectores,3.9868010479270377,Pisco,8.800404542932583,False,SIERRA,6.0,False
040510,-15.522260307666633,-71.75294153999995,sectores,0.8809931981397884,Juliaca,6.648857829205892,False,SIERRA,6.0,False
040312,-15.562928244499972,-73.73157659349994,sectores,0.41226550755425656,Pisco,7.667008504392131,False,COSTA,4.0,False
210709,-15.631820362999951,-70.73052884179997,sectores,1.4049796358150868,Juliaca,1.4032684539336802,True,SIERRA,6.0,True
211101,-15.468395172166623,-70.20194182133329,sectores,0.8709434975875839,Juliaca,0.27381708150983997,True,SIERRA,6.0,True
210707,-15.458657631799952,-70.70061618539995,sectores,0.7248635030288845,Juliaca,2.49356857763329,False,SIERRA,6.0,True
040809,-15.404202190999968,-73.17264092599999,sectores,7.719631903552768,Sicuani,12.994457703760883,False,SIERRA,6.0,False
040310,-15.438922626999954,-74.39771975699998,sectores,0.3921176665690294,Pisco,5.9531499096247895,False,COSTA,4.0,False
040808,-15.324981284999978,-73.24532982899996,sectores,2.3688964439037816,Sicuani,12.892965549505142,False,SIERRA,6.0,False
210703,-15.305786475199943,-70.22467406019994,sectores,0.8145318166459826,Juliaca,0.380091568241732,True,SIERRA,6.0,True
040405,-15.350612384999977,-72.38527701099997,sectores,0.927003798969769,Sicuani,8.338396971463345,False,SIERRA,6.0,False
040504,-15.521146199999976,-71.24853872899996,sectores,0.5030503139373619,Juliaca,4.452962755620126,False,SIERRA,6.0,True
040516,-15.486781922499944,-71.93820110249996,sectores,13.935077957870432,Juliaca,5.804991569535708,False,SIERRA,6.0,True
210607,-15.302463651461485,-69.93644040738458,sectores,0.8535796128921668,Juliaca,0.6514833077159419,True,SIERRA,6.0,True
040807,-15.29184155799993,-73.06346403799995,sectores,3.4053519950801148,Juliaca,13.646299633866807,False,SIERRA,6.0,False
040811,-15.368466750999943,-72.98098890449995,sectores,0.6359040067773699,Juliaca,12.485750502889642,False,SIERRA,6.0,False
050803,-15.251270248499964,-73.22982407849995,sectores,0.9638132179380003,Sicuani,12.752135502342439,False,SIERRA,6.0,False
050810,-15.260028655999974,-73.45949161699997,sectores,1.571884689817881,Pisco,9.291967002782226,False,SIERRA,6.0,False
050801,-15.286518850666615,-73.36619027133331,sectores,0.7379603563625863,Pisco,9.68174011534365,False,SIERRA,6.0,False
210901,-15.347005243799947,-69.45868900439996,sectores,1.343665177145929,Juliaca,1.7722932772386515,True,SIERRA,6.0,True
210205,-15.301287312999946,-70.09426328574996,sectores,1.6395802774257893,Juliaca,0.6309021833222189,True,SIERRA,6.0,True
050809,-15.223544498999956,-73.19613269599995,sectores,1.8477904089653645,Sicuani,12.383838467022168,False,SIERRA,6.0,False
040607,-15.429205741499942,-72.69939672499996,sectores,1.600925527019278,Juliaca,10.793827099839673,False,SIERRA,6.0,False
210706,-15.296154771499943,-70.59306583149996,sectores,6.1889205877725,Juliaca,1.469398193479775,True,SIERRA,6.0,True
210210,-15.260640755142813,-70.02134628471424,sectores,2.1018876528302077,Juliaca,0.516216774711665,True,SIERRA,6.0,True
040801,-15.249190524499966,-72.87530166949998,sectores,0.17483905316128323,Juliaca,11.67618707457362,False,SIERRA,6.0,False
040515,-15.381751581999936,-71.55251366499994,sectores,0.3221207049911483,Juliaca,5.382277644176137,False,SIERRA,6.0,True
210701,-15.375885433999953,-70.39879723692304,sectores,0.5684846852425621,Juliaca,0.9820176781497107,True,SIERRA,6.0,True
050807,-15.208487231499959,-73.44565780399995,sectores,1.4756121759659087,Pisco,9.662023651807626,False,SIERRA,6.0,False
210704,-15.219803504285665,-70.28447266142852,sectores,2.106956758973577,Juliaca,0.696072897643499,True,SIERRA,6.0,True
210903,-15.285552281499946,-69.29970456499996,sectores,4.240235650276395,Juliaca,2.530909613928766,False,SIERRA,6.0,True
040302,-15.403413153499955,-74.55147701274997,sectores,5.695277840695229,Pisco,5.587426110103706,False,COSTA,4.0,False
210202,-15.249197326714238,-70.17520678357138,sectores,3.7544763344538414,Juliaca,0.5577079233753518,True,SIERRA,6.0,True
040311,-15.386730665999949,-74.93514529999999,sectores,3.6820523463828527,Pisco,4.71884448577644,False,COSTA,4.0,False
040810,-15.193479821999944,-72.80519349049996,sectores,0.7773951576597748,Sicuani,12.711474299058453,False,SIERRA,6.0,False
040406,-15.456291394333277,-72.10228577333329,sectores,10.645237070591817,Sicuani,7.4282788156854025,False,SIERRA,6.0,False
040803,-15.212994733999949,-73.03693873149996,sectores,2.6108491013403765,Sicuani,13.342086891297715,False,SIERRA,6.0,False
210606,-15.218676747749953,-69.51831848599997,sectores,1.585361708916083,Juliaca,2.050996684118015,False,SIERRA,6.0,True
050705,-15.28622578699994,-73.9009371458333,sectores,0.1734212289191123,Pisco,10.228226543752536,False,SIERRA,6.0,False
080802,-15.30077030299998,-71.07403147899998,sectores,3.9422806968600126,Juliaca,3.2176871973364345,False,SIERRA,6.0,True
050706,-15.266448976999962,-73.59630392066663,sectores,2.485427429446398,Pisco,8.922697747757272,False,SIERRA,6.0,False
210710,-15.17543865999994,-70.65505785799996,sectores,1.1859035851693949,Juliaca,1.7349197241179755,True,SIERRA,6.0,True
040305,-15.474583545999963,-74.74414843849996,sectores,2.451168551719894,Pisco,5.095092406610351,False,COSTA,4.0,False
040802,-15.167913631499971,-72.72542483949996,sectores,3.214153195539816,Sicuani,12.266960226208699,False,SIERRA,6.0,False
210601,-15.17385186137495,-69.80277984612496,sectores,0.184364644279043,Juliaca,0.9594734281107862,True,SIERRA,6.0,True
210608,-15.15736295883329,-69.62861817966663,sectores,5.073854302236512,Juliaca,1.216832152557216,True,SIERRA,6.0,True
050804,-15.19250300019994,-73.41249374059996,sectores,4.653616266396903,Pisco,9.662023651807626,False,SIERRA,6.0,False
050805,-15.10211320749994,-73.37509140799995,sectores,4.562967433806506,Pisco,10.573071944474993,False,SIERRA,6.0,False
210206,-15.101084982999964,-69.95491523899997,sectores,1.020338105689742,Juliaca,1.4859485058433934,True,SIERRA,6.0,True
050802,-15.150814022333273,-73.2754659853333,sectores,1.6101813488271086,Sicuani,11.740614781774518,False,SIERRA,6.0,False
210705,-15.160436322999942,-70.84396022899995,sectores,3.046714103583496,Juliaca,2.8922782598709564,False,SIERRA,6.0,True
050702,-15.114116917749953,-73.71145155149996,sectores,2.6544892238177367,Pisco,8.921748397823396,False,SIERRA,6.0,False
110304,-15.142449750999958,-75.06933817299995,sectores,5.078993642686352,Pisco,4.0829199150590085,False,COSTA,4.0,False
210214,-15.077411843399943,-70.24543101159996,sectores,3.046393688576782,Juliaca,1.1870169019231915,True,SIERRA,6.0,True
040517,-15.21267651499994,-71.39227511999997,sectores,0.40146099035161165,Sicuani,4.691675700791755,False,SIERRA,6.0,True
210207,-15.036535771499956,-70.32729338449997,sectores,0.5934189584733064,Juliaca,0.9778334624043888,True,SIERRA,6.0,True
050808,-15.059977827333284,-73.29935453766664,sectores,1.3946805693662963,Pisco,11.03334985808443,False,SIERRA,6.0,False
210603,-15.029933976666618,-69.80910736199996,sectores,0.774581115898437,Juliaca,1.0902294908359162,True,SIERRA,6.0,True
210203,-15.085678990999952,-70.08854497199997,sectores,1.2019418876352328,Juliaca,1.4904733400241739,True,SIERRA,6.0,True
210213,-14.997699953999955,-70.12439850649997,sectores,0.2906639931591556,Juliaca,1.318244431325361,True,SIERRA,6.0,True
211003,-15.020659627499953,-69.91923297899996,sectores,4.21164583688209,Juliaca,1.3338012077572268,True,SIERRA,6.0,True
050707,-15.005830183999931,-73.36317938699995,sectores,1.492357443187608,Pisco,10.888760739607918,False,SIERRA,6.0,False
080804,-15.096800639499946,-71.13422031899998,sectores,2.085068787790967,Juliaca,2.930725820617816,False,SIERRA,6.0,True
210604,-15.02127122519995,-69.68208999839996,sectores,0.5548962934768055,Juliaca,1.7200445235492032,True,SIERRA,6.0,True
210708,-15.055857868749962,-70.44420618133329,sectores,7.843747555690308,Juliaca,0.9466594820072034,True,SIERRA,6.0,True
210804,-14.975725088333292,-70.91271189766663,sectores,0.6325507425918636,Juliaca,1.9056061296559954,True,SIERRA,6.0,True
050704,-14.95197688099995,-73.36300377199996,sectores,0.3977700324376572,Pisco,10.712959074355604,False,SIERRA,6.0,False
040409,-15.116016913999944,-72.24842928699996,sectores,0.4021564338849994,Sicuani,7.018812439105276,False,SIERRA,6.0,False
080807,-15.01211472199995,-71.64424564199996,sectores,0.11002566064344184,Sicuani,3.4919197304985894,False,SIERRA,6.0,True
050619,-15.116546071666619,-74.12844795933329,sectores,4.694949544869137,Pisco,10.320432662404652,False,SIERRA,6.0,False
040404,-15.181990775999964,-72.11606614099998,sectores,3.109643073873374,Sicuani,6.884800471761479,False,SIERRA,6.0,False
110305,-14.928155505199948,-74.88771253659996,sectores,3.7448754441670524,Pisco,3.966258739639421,False,COSTA,4.0,True
210215,-14.917279915499961,-70.39767526099996,sectores,1.5787567756504437,Juliaca,1.195229239761026,True,SIERRA,6.0,True
050806,-15.023014831999944,-73.11858264199998,sectores,0.43676655271104653,Sicuani,10.823701242748964,False,SIERRA,6.0,False
210803,-14.889120092857095,-70.87018973499995,sectores,0.802985554192813,Juliaca,2.2221915858620798,False,SIERRA,6.0,True
040505,-15.151591122999946,-71.79669505699997,sectores,0.6798139154226734,Sicuani,4.994813672500088,False,SIERRA,6.0,True
050614,-14.955697081999944,-74.37959438899995,sectores,2.9886504366066697,Pisco,6.894827072652616,False,SIERRA,6.0,False
050605,-14.99005583066662,-73.87026845399997,sectores,0.5799642807366114,Pisco,8.47938179128814,False,SIERRA,6.0,False
210602,-15.023573092999953,-69.38276920899997,sectores,1.1133730231348706,Juliaca,2.0407001552203563,False,SIERRA,6.0,True
040805,-15.062140774999932,-72.94071132499997,sectores,2.9683968162182732,Sicuani,11.336670867995325,False,SIERRA,6.0,False
050617,-14.880755135666618,-74.13697495533329,sectores,9.403551864648913,Pisco,7.659044699348382,False,SIERRA,6.0,False
050708,-14.883471544999963,-73.52945822099997,sectores,5.1604861094914245,Pisco,9.568903632198243,False,SIERRA,6.0,False
210809,-14.854600793777726,-70.74860958466664,sectores,0.5192872879166188,Juliaca,1.56349572110833,True,SIERRA,6.0,True
080805,-14.935457353999936,-71.09342721399996,sectores,1.2788031738352512,Juliaca,2.3279673405385455,False,SIERRA,6.0,True
210201,-14.887583872199958,-70.16316598859996,sectores,0.5402717668943695,Juliaca,1.189671247773374,True,SIERRA,6.0,True
080801,-14.909247311333294,-71.36961549933329,sectores,0.4726256812412183,Sicuani,2.93133911544171,False,SIERRA,6.0,True
110301,-14.838560461249948,-74.99004563474995,sectores,2.6866960458274267,Pisco,3.360540202324772,False,COSTA,4.0,True
211004,-14.88473458666662,-69.6718489223333,sectores,2.277361864912388,Juliaca,1.7928826051526712,True,SIERRA,6.0,True
050621,-14.898293153499935,-74.52604926399997,sectores,1.098492888909808,Pisco,6.270459441516279,False,SIERRA,6.0,False
210801,-14.917742712099948,-70.58910830039997,sectores,0.9152762837779734,Juliaca,1.3539988094449686,True,SIERRA,6.0,True
040806,-14.938898930999926,-72.54714241199997,sectores,4.639721307481904,Sicuani,9.591776442618897,False,SIERRA,6.0,False
050615,-14.770096508999956,-74.23087482399995,sectores,1.546568681642184,Pisco,6.326452890670569,False,SIERRA,6.0,False
040804,-15.003223881499963,-72.79610366549997,sectores,8.548395430468792,Sicuani,10.42920806543439,False,SIERRA,6.0,False
080808,-14.744113713499928,-71.23944326649996,sectores,1.5161816941655033,Sicuani,2.1772476472087066,False,SIERRA,6.0,True
040603,-15.01453790599993,-72.28879327999994,sectores,0.6215094249727463,Sicuani,7.188370676414952,False,SIERRA,6.0,False
050703,-14.77829351899993,-73.16398844199995,sectores,0.508699802770889,Pisco,10.416382618996893,False,SIERRA,6.0,False
080806,-14.676753162666634,-71.34143246233332,sectores,0.8465526691335138,Sicuani,2.186544037709022,False,SIERRA,6.0,True
050616,-14.655288387499978,-74.18616939699996,sectores,0.24961351757502107,Pisco,6.171091615323404,False,SIERRA,6.0,False
110302,-14.74474441779995,-75.30222361399996,sectores,3.6517392046514616,Pisco,3.409973307709747,False,COSTA,4.0,True
210807,-14.688609850714244,-70.48263664914282,sectores,4.240323789882646,Sicuani,2.781224550860877,False,SIERRA,6.0,True
210102,-16.068210813687458,-69.75708566693746,sectores,1.7030130975798836,Juliaca,1.7039131541541792,True,SIERRA,6.0,True
210805,-14.741131389999957,-70.88039334212496,sectores,1.605695268373975,Sicuani,2.0458767285227437,False,SIERRA,6.0,True
210204,-14.740528352399952,-70.34760556439996,sectores,0.8766164377498785,Juliaca,1.4689159947292345,True,SIERRA,6.0,True
110303,-14.67198524674997,-75.03900720674996,sectores,3.3229865791957236,Pisco,3.1456901844700487,False,COSTA,4.0,True
210212,-14.698992502333283,-70.19243084199996,sectores,2.147852725277757,Juliaca,1.863308970139811,True,SIERRA,6.0,True
080803,-14.774688375999943,-71.61754514449996,sectores,1.9736897444723303,Sicuani,2.86975988786655,False,SIERRA,6.0,True
110402,-14.58942424166662,-75.19402226466663,sectores,0.6041081327306604,Pisco,2.7242373312369392,False,COSTA,4.0,True
050601,-14.693907878333277,-74.02181288033329,sectores,0.2226511520798909,Pisco,7.05051432383864,False,SIERRA,6.0,False
211002,-14.692511749999936,-69.50502019399994,sectores,0.3493205778374208,Juliaca,2.3835171413592557,False,SIERRA,6.0,True
050701,-14.877986363749955,-73.70771170024996,sectores,7.009791331600334,Pisco,8.744670135014651,False,SIERRA,6.0,False
050609,-14.687522735666619,-74.61319614866663,sectores,6.5495520954716415,Pisco,5.016772961809782,False,SIERRA,6.0,True
210208,-14.714334527749955,-69.96249519174997,sectores,1.3756877249763262,Juliaca,1.989917646949088,True,SIERRA,6.0,True
211001,-14.777431001333278,-69.84233785833328,sectores,1.0298820343411508,Juliaca,1.9060657601016242,True,SIERRA,6.0,True
080505,-14.526568174499943,-71.10054145999996,sectores,0.026471810033050817,Sicuani,2.186585475577891,False,SIERRA,6.0,True
110401,-14.515655807499959,-75.16390665549996,sectores,0.3378623311185253,Pisco,2.67942872964621,False,COSTA,4.0,True
210808,-14.602527406499965,-70.81422388249995,sectores,0.19132377101592482,Sicuani,1.1264364049121474,True,SIERRA,6.0,True
211202,-14.52013487499994,-69.52633237399998,sectores,3.2037833467719734,Juliaca,3.4870351614533432,False,SIERRA,6.0,True
080503,-14.556038233499947,-71.30075602099996,sectores,1.0384099075725406,Sicuani,1.6110378524883269,True,SIERRA,6.0,True
080502,-14.491446437499945,-71.47467529299996,sectores,0.5591010291203922,Sicuani,2.1302029918282748,False,SIERRA,6.0,True
080708,-14.52221016216663,-71.88689584699996,sectores,0.15929962882143978,Sicuani,3.802903265936905,False,SIERRA,6.0,True
050613,-14.50231791866662,-74.69562827866662,sectores,0.587880293377426,Pisco,4.694634664325378,False,SIERRA,6.0,True
210211,-14.512935572999936,-70.26996817999998,sectores,0.6612303677716782,Juliaca,1.958641070045763,True,SIERRA,6.0,True
030304,-14.488985870749971,-72.90385061224995,sectores,1.833608840831606,Sicuani,11.260957944864362,False,SIERRA,6.0,False
080701,-14.593761528499945,-72.09413606366662,sectores,2.9677021469618903,Sicuani,4.544467783464803,False,SIERRA,6.0,True
030406,-14.572412659499946,-73.30347494049995,sectores,2.1741165931278603,Pisco,8.951059345188726,False,SIERRA,6.0,False
030301,-14.471802793499947,-72.80112766474997,sectores,2.5797853167904865,Sicuani,10.259475991146617,False,SIERRA,6.0,False
030403,-14.432426408499964,-73.10536756099995,sectores,3.3255242431401357,Sicuani,9.295728868782366,False,SIERRA,6.0,False
050604,-14.46126577849995,-73.96200136949994,sectores,3.0297999551160175,Pisco,7.486888670543791,False,SIERRA,6.0,False
080504,-14.38148287599995,-71.31342827649996,sectores,1.5222359015966156,Sicuani,0.7472307987315723,True,SIERRA,6.0,True
080706,-14.422497540249964,-72.17975294799997,sectores,0.5413347631257422,Sicuani,5.72015697741301,False,SIERRA,6.0,True
211005,-14.51918463849995,-69.24250073199997,sectores,0.858106344385928,Juliaca,4.279963966682792,False,SELVA ALTA,6.0,True
080507,-14.365959382499966,-71.48000169299996,sectores,1.0222158881749785,Sicuani,1.4479936170760732,True,SIERRA,6.0,True
110404,-14.483673586666631,-75.24917300366661,sectores,0.3495148612588509,Pisco,2.3918565083155676,False,COSTA,4.0,True
080604,-14.378453904499949,-71.10746943249997,sectores,0.2648085766290799,Sicuani,0.7539809910143285,True,SIERRA,6.0,True
050606,-14.484485770999953,-73.75053056149994,sectores,8.044280425535998,Pisco,8.855197045586419,False,SIERRA,6.0,False
211206,-14.477085336499954,-69.35839189299995,sectores,0.9474628231817103,Juliaca,5.438074495544224,False,SIERRA,6.0,True
110104,-14.414260191199958,-75.72089747959997,sectores,3.6268803409926127,Pisco,1.9701984899508567,True,COSTA,4.0,True
210209,-14.401762085999934,-70.10820785649997,sectores,0.8258363251500933,Juliaca,2.874858311807042,False,SIERRA,6.0,True
050611,-14.542407040666623,-74.28190257299997,sectores,3.829535405397199,Pisco,6.390264685404457,False,SIERRA,6.0,False
050603,-14.328334632499946,-74.00232262499998,sectores,3.7541289555083606,Pisco,7.960903162292735,False,SIERRA,6.0,False
030303,-14.347403860999975,-72.85016420099998,sectores,0.30154939121172813,Sicuani,10.71790652155504,False,SIERRA,6.0,False
080707,-14.353282852999953,-72.18087584299997,sectores,0.20684227557769416,Sicuani,5.459939707633085,False,SIERRA,6.0,True
050612,-14.381812073333265,-74.78182782399996,sectores,3.628616569040018,Pisco,5.463995186959557,False,SIERRA,6.0,True
030307,-14.311658078999955,-72.96946785149996,sectores,0.7530609757261308,Sicuani,9.440155131325422,False,SIERRA,6.0,False
030713,-14.270818078999952,-72.68887727899994,sectores,2.301367148885929,Sicuani,10.058031190405742,False,SIERRA,6.0,False
211208,-14.33108557999995,-69.12688226749998,sectores,2.614449950935241,Juliaca,5.512536537513694,False,SELVA ALTA,6.0,True
030305,-14.44132889049996,-72.54207841099998,sectores,2.127240367986452,Sicuani,8.41215104207205,False,SIERRA,6.0,False
110403,-14.43328955366662,-75.17685698383329,sectores,0.6561760587758962,Pisco,2.821120739567321,False,COSTA,4.0,True
030401,-14.29657799999994,-73.23807374849996,sectores,0.3216737756587824,Sicuani,8.601762318437599,False,SIERRA,6.0,False
050620,-14.220873831999938,-73.92560927799997,sectores,1.498235919562077,Pisco,8.453095937845653,False,SIERRA,6.0,False
210306,-14.346317730666632,-69.90574768499995,sectores,0.5472633752050642,Juliaca,3.4458036798668488,False,SIERRA,6.0,True
080501,-14.268802362999944,-71.45441744299995,sectores,0.8968362776325431,Sicuani,1.1075558168644544,True,SIERRA,6.0,True
030705,-14.210655940333274,-72.5762380143333,sectores,2.2188948561678052,Sicuani,8.655552085668177,False,SIERRA,6.0,False
210802,-14.415855196333288,-70.3937416883333,sectores,5.031118912105536,Juliaca,2.990890571773967,False,SIERRA,6.0,True
080601,-14.249230275666624,-71.1717760798333,sectores,0.7243450997105193,Sicuani,0.7943110223645392,True,SIERRA,6.0,True
030711,-14.24277373649997,-72.62798238599996,sectores,1.7409448256189877,Sicuani,9.287557796831996,False,SIERRA,6.0,False
080703,-14.330064460833285,-71.86004558149996,sectores,1.3730150707348088,Sicuani,3.9349795861482493,False,SIERRA,6.0,True
030709,-14.176934056499931,-72.60598765899996,sectores,0.6062634451637294,Sicuani,8.287349572010546,False,SIERRA,6.0,False
211204,-14.365184713749969,-69.63920527099995,sectores,0.44387125359219626,Juliaca,4.230540535348096,False,SIERRA,6.0,True
030707,-14.200790519999941,-72.70877868299995,sectores,2.5757104115425697,Sicuani,9.596030201806675,False,SIERRA,6.0,False
050618,-14.345047305499975,-74.55672683499995,sectores,5.317979117802686,Pisco,6.39425572104922,False,SIERRA,6.0,False
030410,-14.2130156051428,-73.09134011914281,sectores,0.7845044307994743,Sicuani,9.45414933338289,False,SIERRA,6.0,False
050908,-14.268958451999964,-73.56584135949996,sectores,3.8937596237216185,Pisco,8.943566182325846,False,SIERRA,6.0,False
211201,-14.315285855499951,-69.44841680624997,sectores,0.5088967131777927,Juliaca,3.7825478973096067,False,SIERRA,6.0,True
030417,-14.23457332233329,-73.1517264203333,sectores,0.3545701166697645,Sicuani,9.598747440182763,False,SIERRA,6.0,False
211207,-14.197683133749948,-69.10578030499995,sectores,0.8854906754666848,Juliaca,5.752771985601087,False,SELVA ALTA,6.0,True
110113,-14.15170715466661,-75.70327399299994,sectores,0.6147720196215285,Pisco,1.3246830214534175,True,COSTA,4.0,True
050905,-14.195149567999948,-73.87911581949996,sectores,2.119304538723273,Pisco,8.783593414058453,False,SIERRA,6.0,False
110111,-14.255783187526271,-75.67323701015785,sectores,1.6140787550067537,Pisco,1.484010468803,True,COSTA,4.0,True
030412,-14.287025696499967,-73.35890848549997,sectores,4.147766599588582,Pisco,9.953735349704138,False,SIERRA,6.0,False
030306,-14.224101020999953,-73.00241726174997,sectores,0.9702861000417311,Sicuani,9.954563092476166,False,SIERRA,6.0,False
030413,-14.170715679999944,-73.28400126899996,sectores,0.5514691337459926,Sicuani,8.903520479807547,False,SIERRA,6.0,False
110105,-14.16401067366663,-75.6794365243333,sectores,0.30757501950815974,Pisco,1.4363177190365684,True,COSTA,4.0,True
080607,-14.17487971999995,-71.34145221299994,sectores,1.3541206773303294,Sicuani,0.3064593553027379,True,SIERRA,6.0,True
080705,-14.328626168249947,-71.65456214524995,sectores,0.1102213711165936,Sicuani,2.9083936436791142,False,SIERRA,6.0,True
030504,-14.280118792799943,-72.22489581239996,sectores,0.20727150473679684,Sicuani,6.604669298690953,False,SIERRA,6.0,False
030210,-14.21815862129995,-73.49842052639997,sectores,0.3087559546533237,Pisco,9.377895756254167,False,SIERRA,6.0,False
030302,-14.17815381099993,-73.05250288899995,sectores,1.6232316122944774,Sicuani,9.875795980126638,False,SIERRA,6.0,False
080608,-14.164968147333298,-71.39275540566662,sectores,0.7780511880425082,Sicuani,0.37252705088337423,True,SIERRA,6.0,True
110107,-14.122794828399947,-75.69737394639998,sectores,0.4089483571635253,Pisco,1.339285009154203,True,COSTA,4.0,True
080506,-14.135764146499952,-71.44467540599996,sectores,1.6126709971248427,Sicuani,0.7549198297982288,True,SIERRA,6.0,True
080704,-14.268523387999949,-72.03422705716663,sectores,0.5226097034450919,Sicuani,4.879754153066747,False,SIERRA,6.0,True
030710,-14.129124052499947,-72.65579150199997,sectores,0.3624293974684888,Sicuani,8.778260710414626,False,SIERRA,6.0,False
080508,-14.153043879499961,-71.51848363699995,sectores,1.913742352541972,Sicuani,1.3378170500081845,True,SIERRA,6.0,True
050911,-14.209542491999969,-73.69098623599996,sectores,3.0155070764572125,Pisco,10.534469214247638,False,SIERRA,6.0,False
210806,-14.436798647272688,-70.64990297472724,sectores,1.7876716443714757,Sicuani,2.1914074025373944,False,SIERRA,6.0,True
050607,-14.159955983666615,-74.99287993466662,sectores,2.602232138486495,Pisco,4.9321733422360445,False,SIERRA,6.0,True
050608,-14.296436865333286,-74.84164854266663,sectores,0.5340803189921083,Pisco,5.198298443846182,False,SIERRA,6.0,True
030402,-14.123282541999941,-73.35563133499997,sectores,3.743283216699904,Sicuani,8.775666007427485,False,SIERRA,6.0,False
050610,-14.260906003333295,-74.94931499499995,sectores,0.6293290504335047,Pisco,3.8469162107212407,False,SIERRA,6.0,True
030712,-14.07985264399997,-72.64015588449996,sectores,0.3035764218434091,Sicuani,8.389242645750828,False,SIERRA,6.0,False
030706,-14.12183816749996,-72.59605743074995,sectores,0.3841773524291337,Sicuani,7.825961486718493,False,SIERRA,6.0,False
210302,-14.174827005499964,-70.22243227849995,sectores,1.7789575176212646,Juliaca,2.750412693521275,False,SIERRA,6.0,True
080606,-14.203354868799943,-71.24685290059996,sectores,0.1665487743369469,Sicuani,0.32590943563609115,True,SIERRA,6.0,True
090304,-12.929360940714243,-74.80081087314281,sectores,0.6682726334754115,Tarma,5.342586986013442,False,SIERRA,6.0,True
151020,-12.96712098766661,-75.73378812933332,sectores,1.1822455574205861,Pisco,5.362519641306395,False,SIERRA,6.0,True
080904,-12.946426372999952,-72.64874303466662,sectores,1.8061869231497136,Sicuani,6.4381251159406,False,SELVA ALTA,6.0,False
090403,-12.991640049999972,-75.49516776099998,sectores,4.279072125690757,Pisco,3.740782451099365,False,SIERRA,6.0,True
090303,-12.881228626499961,-74.62437446199996,sectores,0.9161527834094213,Tarma,6.526077083676001,False,SIERRA,6.0,False
151032,-12.897391652666633,-75.7512207433333,sectores,2.5866588150497507,Pisco,5.582250330704974,False,SIERRA,6.0,True
151009,-12.922380994999967,-75.92406465799996,sectores,1.9732739531598023,Pisco,5.745620952457091,False,COSTA,4.0,False
050508,-12.917980911333283,-74.02116395216662,sectores,1.4922551455377953,Pisco,7.922325631003662,False,SIERRA,6.0,False
050502,-13.064098180999954,-73.65059082849996,sectores,4.364038875578194,Pisco,10.522270383531582,False,SIERRA,6.0,False
090302,-12.881535493166623,-74.69871040766662,sectores,1.2538728273398592,Tarma,5.9235919052804515,False,SIERRA,6.0,True
170204,-13.01233799399995,-70.55395353019996,sectores,2.8072693828846575,,inf,False,SELVA BAJA,6.0,False
090205,-12.888042984799961,-74.40187304619997,sectores,0.16045968243504913,Tarma,5.800029646228083,False,SIERRA,6.0,True
090207,-12.858127402399948,-74.52425715819996,sectores,0.7734122591461179,Tarma,5.393034847157539,False,SIERRA,6.0,True
150510,-13.04053626039995,-76.28175284279996,sectores,3.081085387439582,Pisco,1.5034044692884818,True,COSTA,4.0,True
150511,-12.897742477499946,-76.07059482199998,sectores,1.3777526730938512,Pisco,2.24124042376306,False,COSTA,4.0,True
090204,-12.873482448599953,-74.47557608039995,sectores,0.5495263910215386,Tarma,5.435633185326574,False,SIERRA,6.0,True
090405,-12.947097237999941,-75.56476752749995,sectores,0.4335625476318317,Pisco,4.4563592253576285,False,SIERRA,6.0,True
220807,-5.858588825999959,-77.2776173403333,sectores,3.008928565690743,Bellavista,4.619286961450023,False,SELVA ALTA,6.0,True
010703,-5.908213769666626,-78.61527012666663,sectores,2.4933631027277277,Chiclayo,6.098758253596221,False,SELVA ALTA,6.0,False
010306,-5.8239015891428005,-77.94847231042853,sectores,1.4209949969808744,Bellavista,5.892601612859753,False,SIERRA,6.0,True
160211,-6.011819698499963,-75.83236870124998,sectores,4.567913397666159,,inf,False,SELVA BAJA,6.0,False
060807,-5.86863603216663,-79.18121657349997,sectores,0.12916229039542654,Chiclayo,4.934569471261123,False,SELVA ALTA,6.0,True
060804,-5.922540680999958,-78.97368214099995,sectores,2.0063876372966805,Chiclayo,6.161544346355552,False,SELVA ALTA,6.0,False
060810,-5.779699964999952,-79.30827813499997,sectores,0.6681728801429083,Chiclayo,3.1686207491939897,False,SELVA ALTA,6.0,True
220802,-5.8215376679999435,-77.4067599833333,sectores,1.9386539226388542,Bellavista,4.129052941289951,False,SELVA ALTA,6.0,True
010701,-5.824286803999953,-78.4380648273529,sectores,0.6799163257028685,Chiclayo,5.600822996573461,False,SELVA BAJA,6.0,True
060801,-5.77777052999996,-78.8564451898333,sectores,0.37470046554797193,Chiclayo,6.138677699620201,False,SELVA ALTA,6.0,False
160201,-5.86002590599996,-76.1473921215714,sectores,0.39691888682090737,Bellavista,3.5974262522788685,False,SELVA BAJA,6.0,True
060806,-5.63157266933329,-78.85410274866662,sectores,0.2052478090601216,Chiclayo,5.962404322010112,False,SELVA ALTA,6.0,True
160509,-5.80214069349995,-74.01415101049997,sectores,106.9856047721557,,inf,False,SELVA BAJA,6.0,False
160508,-6.128269757499936,-73.78169882549997,sectores,134.1783068286306,,inf,False,SELVA BAJA,6.0,False
010203,-5.6526584164999605,-78.40542034974996,sectores,0.5618536928759282,Chiclayo,5.772427555006228,False,SELVA ALTA,6.0,True
060805,-5.601509781666607,-78.90223636099996,sectores,0.803439790118706,Chiclayo,5.936518959544065,False,SELVA ALTA,6.0,True
200108,-5.428307032249947,-80.63610231824995,sectores,0.5801335622423437,Chiclayo,2.6324753851957237,False,COSTA,4.0,True
060802,-5.560942802749956,-78.77268994724996,sectores,3.6336354773106727,Chiclayo,4.937116918455819,False,SELVA ALTA,6.0,True
060811,-5.491290556999957,-79.08602018574997,sectores,0.3013898596140466,Chiclayo,6.3422292361234796,False,SELVA ALTA,6.0,False
200306,-5.419327341999946,-79.58061194124996,sectores,1.9116400061639356,Chiclayo,4.4462131274872885,False,COSTA,4.0,False
010702,-5.709109547076878,-78.23828016461533,sectores,3.639681895720654,Chiclayo,5.683616299091986,False,SELVA ALTA,6.0,True
060812,-5.42414713533329,-78.58812889849996,sectores,0.7857944163166735,,inf,False,SELVA ALTA,6.0,False
200805,-5.439415864999944,-80.80602083274995,sectores,0.07536326634503948,Chiclayo,3.3036102636404654,False,COSTA,4.0,True
200107,-5.358341772199947,-80.61800724539998,sectores,0.09263967797437193,Chiclayo,2.627914417115758,False,COSTA,4.0,True
200308,-5.3760188252499574,-79.47540528199997,sectores,0.7184855270025502,Chiclayo,5.435596943103698,False,SIERRA,6.0,True
200406,-5.3966425806666125,-79.83906258699996,sectores,2.859331226299196,Chiclayo,3.5871813650355264,False,COSTA,4.0,True
060904,-5.3838870471666285,-78.9604262428333,sectores,4.1820842119310795,Chiclayo,6.695228706229761,False,SELVA ALTA,6.0,False
200307,-5.37856062799996,-79.36944013424997,sectores,4.248654749523012,Chiclayo,6.822546861263932,False,SIERRA,6.0,False
200110,-5.378782210571387,-80.74898649971423,sectores,1.103073960878827,Chiclayo,3.087523361882032,False,COSTA,4.0,True
200109,-5.3190306077142395,-80.74447408728568,sectores,1.0625795462802727,Chiclayo,3.188365840959223,False,COSTA,4.0,True
200407,-5.303474986999959,-79.73744868749996,sectores,0.8932548283173288,Chiclayo,3.8734753205241352,False,COSTA,4.0,True
060902,-5.3169726588570825,-78.87626408228569,sectores,0.6841367002366016,Chiclayo,6.524800668327529,False,SELVA ALTA,6.0,False
200402,-5.257040308999952,-79.94054012633329,sectores,0.42314263186101375,Chiclayo,3.3069623000882773,False,COSTA,4.0,True
030506,-14.168250976499948,-72.30957849274998,sectores,1.3930970247541834,Sicuani,6.576975714835805,False,SIERRA,6.0,False
080204,-14.101474208666616,-71.4810230173333,sectores,0.9520067313304718,Sicuani,0.7895628744410015,True,SIERRA,6.0,True
030211,-14.101774576249952,-73.50864058549998,sectores,1.4568443225806578,Pisco,9.8533928752084,False,SIERRA,6.0,False
110106,-14.057208390333281,-75.70581604999997,sectores,0.2926982399440672,Pisco,1.2002898086117388,True,COSTA,4.0,True
110101,-14.140398188499972,-75.83562266299995,sectores,3.7124075083469434,Pisco,1.5481818226809014,True,COSTA,4.0,True
110103,-14.08965448833329,-75.68863036816661,sectores,0.2162161143254975,Pisco,1.3165041324698084,True,COSTA,4.0,True
110405,-14.150382434999926,-75.16092706999996,sectores,3.2026860609499574,Pisco,4.440407730794568,False,SIERRA,6.0,True
050910,-14.078189076499966,-73.65172633849997,sectores,0.3423006093978052,Pisco,10.02875254256855,False,SIERRA,6.0,False
051004,-14.069107505499945,-73.93081157049997,sectores,1.2845529091893906,Pisco,10.787739220734405,False,SIERRA,6.0,False
080603,-14.091672144999947,-71.33026738774997,sectores,0.49060789819670725,Sicuani,1.2047328054532314,True,SIERRA,6.0,True
081006,-14.150986967666617,-71.76155143566662,sectores,4.199979929750145,Sicuani,3.7275465735430866,False,SIERRA,6.0,True
050602,-14.180228786999976,-74.12675956999996,sectores,1.5063991404250328,Pisco,8.360610268920023,False,SIERRA,6.0,False
030407,-14.094319487499945,-73.24208202399996,sectores,2.7110434047247067,Sicuani,8.032831483840102,False,SIERRA,6.0,False
030408,-14.13685880199995,-73.1965724083333,sectores,1.0027934070654905,Sicuani,9.015283164058507,False,SIERRA,6.0,False
030414,-14.106031740666614,-73.11646604566663,sectores,1.2418515125870433,Sicuani,8.824785936952143,False,SIERRA,6.0,False
050906,-14.137380955333299,-73.86980292699997,sectores,1.257634913628161,Pisco,9.061221902946027,False,SIERRA,6.0,False
090614,-14.055406826999956,-74.89227786599997,sectores,0.3607942496176679,Pisco,5.916824319121261,False,SIERRA,6.0,True
030714,-14.08803282379996,-72.54650533719997,sectores,0.2581237373734562,Sicuani,7.311638941386077,False,SIERRA,6.0,False
210310,-14.137935979999952,-69.93894353899998,sectores,0.7022258835422196,Juliaca,4.04295958850402,False,SIERRA,6.0,True
110112,-14.03510407449997,-75.82007296199995,sectores,3.1465885380311835,Pisco,1.3649552276769272,True,COSTA,4.0,True
030708,-14.078236039333282,-72.45307661699995,sectores,0.5411541816486023,Sicuani,7.026206817318749,False,SIERRA,6.0,False
080202,-14.051184940333286,-71.4910888613333,sectores,0.7421627926760197,Sicuani,0.92676243030691,True,SIERRA,6.0,True
051003,-14.081768655999952,-74.00453839999994,sectores,3.92123048222955,Pisco,13.17448880719407,False,SIERRA,6.0,False
110102,-14.011633399999937,-75.69780896066662,sectores,0.8411000716989758,Pisco,1.3026689663743714,True,COSTA,4.0,True
030701,-14.12088837274996,-72.76377555549996,sectores,2.604208418374614,Sicuani,8.367116715879419,False,SIERRA,6.0,False
090606,-14.016611436666627,-75.02762452166662,sectores,0.4365580914142365,Pisco,4.681948144470067,False,SIERRA,6.0,True
050907,-14.004357610499966,-73.66843259749996,sectores,0.8157434808716711,Pisco,10.870073819940922,False,SIERRA,6.0,False
080205,-14.032822821285672,-71.60975207942853,sectores,0.36800057728224544,Sicuani,4.681802539246825,False,SIERRA,6.0,True
090603,-14.01234583349995,-75.14318006499997,sectores,0.6491543624679512,Pisco,4.552176200615548,False,SIERRA,6.0,True
080702,-14.034702376749962,-72.00685592299997,sectores,1.839136294047269,Sicuani,4.789892977477254,False,SIERRA,6.0,True
030416,-14.02659581566661,-73.30242363133328,sectores,0.5093294752092481,Sicuani,8.857838598917121,False,SIERRA,6.0,False
110110,-13.993925760399952,-75.73599404579996,sectores,0.35758387850974277,Pisco,1.1494248715528756,True,COSTA,4.0,True
211205,-14.10393970533329,-69.60023742899996,sectores,5.632288010675096,Juliaca,5.2452524503390165,False,SIERRA,6.0,True
030206,-13.995334132333275,-73.55669389899997,sectores,1.6239460597160147,Pisco,10.808022899511435,False,SIERRA,6.0,False
090612,-13.97374051899996,-75.23665725349997,sectores,0.15190507739292142,Pisco,4.332578414048905,False,SIERRA,6.0,True
030214,-13.963440691999963,-73.60201747499997,sectores,0.3161140960820291,Pisco,11.298932176029695,False,SIERRA,6.0,False
030404,-14.01218572299996,-73.10111039999997,sectores,1.005987884268722,Sicuani,8.887397607869126,False,SIERRA,6.0,False
110114,-14.102658137999953,-75.43338418399998,sectores,2.5351571480383903,Pisco,1.9135627501835013,True,COSTA,4.0,True
080207,-13.974212741666625,-71.5480567853333,sectores,1.1433901825387425,Sicuani,1.0210748580843234,True,SIERRA,6.0,True
030405,-13.983265101999962,-73.24529399349996,sectores,0.959472404634454,Sicuani,8.92120041631841,False,SIERRA,6.0,False
081008,-13.967152736666625,-71.77250927799996,sectores,0.6042940931434188,Sicuani,2.0488116319231926,False,SIERRA,6.0,True
210301,-14.038398111333285,-70.47253520199996,sectores,1.5382848237026354,Juliaca,3.3061441156436517,False,SIERRA,6.0,True
081002,-13.991520243249951,-71.85937776399996,sectores,0.8707639984785207,Sicuani,3.0188222682243837,False,SIERRA,6.0,True
051005,-13.965714805499942,-73.98965424249995,sectores,0.14561358090098675,Pisco,8.821610384009839,False,SIERRA,6.0,False
050909,-13.963922227666615,-73.71771480466663,sectores,1.8087955741644903,Pisco,10.605264545105767,False,SIERRA,6.0,False
030505,-14.053773048999957,-72.11491344399997,sectores,2.0967220013536485,Sicuani,6.501149866295926,False,SIERRA,6.0,False
030704,-13.969346436666617,-72.50044059216664,sectores,1.2815000839843362,Sicuani,7.610642110852453,False,SIERRA,6.0,False
030102,-13.99970358999993,-72.98053639566665,sectores,2.929957735650992,Sicuani,8.969076759030674,False,SIERRA,6.0,False
050901,-13.975220982999957,-73.80814130974997,sectores,1.8521723703411412,Pisco,10.464856625720216,False,SIERRA,6.0,False
030702,-13.976286015249954,-72.63102733599997,sectores,1.386271781034764,Sicuani,9.220613342505048,False,SIERRA,6.0,False
050904,-13.89291821949996,-73.72293741399997,sectores,0.24908136530730246,Pisco,10.852458655712065,False,SIERRA,6.0,False
080203,-13.929029716499969,-71.73558523624996,sectores,1.9324809166420251,Sicuani,1.678883148496892,True,SIERRA,6.0,True
080602,-14.021340761749954,-71.27672468074995,sectores,2.660527643526705,Sicuani,2.3418156811554818,False,SIERRA,6.0,True
051106,-13.870315709333303,-73.85584141799995,sectores,0.7463868302160558,Pisco,9.427930185630059,False,SIERRA,6.0,False
030217,-14.011507702124952,-73.49107412024996,sectores,3.0473338615790895,Pisco,9.847086105183108,False,SIERRA,6.0,False
211209,-14.047079322599961,-69.29953270099995,sectores,1.8742990973105318,Juliaca,5.301088588494515,False,SELVA ALTA,6.0,True
030203,-13.892647903499949,-73.62980978324997,sectores,2.463090624303746,Sicuani,12.778191581174251,False,SIERRA,6.0,False
080201,-13.902446798571377,-71.67202444842853,sectores,0.5658404766257263,Sicuani,1.884093507726587,True,SIERRA,6.0,True
050903,-13.85140818399995,-73.75434397349997,sectores,0.34871382514997623,Pisco,10.997719955679806,False,SIERRA,6.0,False
030411,-13.886447564499946,-73.19618993849997,sectores,3.5535833038623994,Sicuani,8.772387476023265,False,SIERRA,6.0,False
030409,-13.917553461666614,-73.24579444566662,sectores,0.29560369329850267,Sicuani,8.694157149099759,False,SIERRA,6.0,False
090605,-13.906010080999977,-75.05726991699999,sectores,1.2327203195509755,Pisco,4.752667723720324,False,SIERRA,6.0,True
110108,-13.944405358799964,-75.84350364639997,sectores,0.9159394915515323,Pisco,0.7986222046432881,True,COSTA,4.0,True
081004,-13.880559739999967,-71.86867859099996,sectores,3.4872858362918233,Sicuani,3.0293772325521098,False,SIERRA,6.0,True
081206,-13.894777312499969,-71.46145163199995,sectores,0.6945899794188971,Sicuani,1.285200394027255,True,SIERRA,6.0,True
050303,-13.971325614999955,-74.21815449799996,sectores,7.995950226442811,Pisco,7.221276230279105,False,SIERRA,6.0,False
051010,-13.88315991099995,-73.97082943399997,sectores,2.5490520127624716,Pisco,8.074939736680394,False,SIERRA,6.0,False
030415,-13.908487918749955,-73.14031388649997,sectores,0.4705550590091957,Sicuani,8.254002340125709,False,SIERRA,6.0,False
050301,-14.00102624699997,-74.55976549299999,sectores,0.40763160233984475,Pisco,7.902283927108884,False,SIERRA,6.0,False
030103,-13.939570182999951,-72.91348670949996,sectores,1.8641021530122448,Sicuani,8.04485940023786,False,SIERRA,6.0,False
030503,-13.913097696333276,-72.39882664099996,sectores,2.1404873403651474,Sicuani,7.132253789090552,False,SIERRA,6.0,False
051102,-13.806297473999933,-73.86709965499998,sectores,0.3467568983409859,Pisco,8.420397936157418,False,SIERRA,6.0,False
050902,-13.804314365999971,-73.76725697099994,sectores,0.21017182435669904,Pisco,11.347492586233196,False,SIERRA,6.0,False
081003,-13.864041495499961,-72.01335531024996,sectores,1.892437350738804,Sicuani,4.629543929628665,False,SIERRA,6.0,True
110505,-14.046829224999954,-76.15788354399996,sectores,1.4463377475084054,Pisco,1.168204829191058,True,COSTA,4.0,True
090611,-13.784564041999971,-75.29496206799996,sectores,1.9784611474418716,Pisco,4.019648278631957,False,SIERRA,6.0,True
051006,-13.792734993333303,-73.98638163233329,sectores,0.4099722886977646,Pisco,7.746921002052363,False,SIERRA,6.0,False
110109,-13.912241466999944,-75.63583404174996,sectores,2.699692194288393,Pisco,1.622596886870011,True,COSTA,4.0,True
090608,-13.894651373999949,-74.88436469949994,sectores,0.7997423479351403,Pisco,6.365545288130191,False,SIERRA,6.0,False
050302,-13.795526515333279,-74.33414033333328,sectores,0.8397058135092903,Pisco,6.830178779550702,False,SIERRA,6.0,False
030703,-13.823886122333287,-72.5514194503333,sectores,1.350079053194987,Sicuani,7.251179916670288,False,SIERRA,6.0,False
030212,-13.790481787874945,-73.65039170874996,sectores,0.3703445172495251,Sicuani,11.939879245943795,False,SIERRA,6.0,False
210305,-13.901775992333285,-70.67126443633329,sectores,0.8110736978601623,Juliaca,5.37039777699525,False,SIERRA,6.0,True
080605,-13.914977328499944,-71.22559707649997,sectores,3.337390910527045,Sicuani,2.510236208076391,False,SIERRA,6.0,True
030218,-13.78286888699995,-73.46981875812497,sectores,0.1822101177344222,Sicuani,11.106625829007157,False,SIERRA,6.0,False
110506,-13.766934580999967,-76.15567182199995,sectores,1.2425587638661275,Pisco,0.1568354772655742,True,COSTA,4.0,True
030501,-13.926119417999956,-72.21015589787498,sectores,3.9165050085136643,Sicuani,6.595433086154927,False,SIERRA,6.0,False
051103,-13.74205794149995,-73.78766813099998,sectores,0.05123672295563019,Pisco,8.79217176867062,False,SIERRA,6.0,False
081212,-13.80872631766662,-71.54625271333332,sectores,0.19672301905065762,Sicuani,1.120049057548491,True,SIERRA,6.0,True
080206,-13.783372825499939,-71.76733400174997,sectores,0.5501075325087018,Sicuani,2.990275813311504,False,SIERRA,6.0,True
050304,-13.834801644333291,-74.50218300466662,sectores,0.9214561995216692,Pisco,7.684664931253944,False,SIERRA,6.0,False
030205,-13.755649747714235,-73.5411962798571,sectores,0.7218728896032955,Sicuani,10.719877391782378,False,SIERRA,6.0,False
081007,-13.757134409333295,-71.94393603566662,sectores,0.5185391880702632,Sicuani,3.7118291971124435,False,SIERRA,6.0,True
110508,-13.711762141249949,-76.12312410299997,sectores,0.6502416959386893,Pisco,0.24450794140671314,True,COSTA,4.0,True
030106,-13.801734636399953,-72.79900128539995,sectores,1.8445475430610292,Sicuani,7.291319213293055,False,SIERRA,6.0,False
110501,-13.701264309666612,-76.17995265733329,sectores,0.7132364846056163,Pisco,0.07181284816540909,True,COSTA,4.0,True
051105,-13.743497438666623,-73.88875287666663,sectores,0.3770243555897196,Pisco,7.940484910529708,False,SIERRA,6.0,False
051009,-13.736978543333294,-74.15094149766664,sectores,0.09387703705862432,Pisco,7.93354503263304,False,SIERRA,6.0,False
081207,-13.73954008849995,-71.66861761849995,sectores,0.07590891507820809,Sicuani,2.388714625131095,False,SIERRA,6.0,True
051007,-13.702377700999952,-74.05883271799996,sectores,2.2219859624262295,Pisco,7.039754335799703,False,SIERRA,6.0,False
030107,-13.782443588099955,-73.03017875039995,sectores,3.2052901350775076,Sicuani,7.6465487648384975,False,SIERRA,6.0,False
051107,-13.697656830499966,-73.75582771699996,sectores,0.405376716674781,Pisco,8.502611302481656,False,SIERRA,6.0,False
051001,-13.764690027249955,-74.07645131324995,sectores,1.8615987124804179,Pisco,7.264275897989699,False,SIERRA,6.0,False
030502,-13.748285973499947,-72.34592000949996,sectores,0.7461720988750291,Sicuani,5.019340583834269,False,SIERRA,6.0,True
081001,-13.738288857749936,-71.85266774574995,sectores,0.9075068636261745,Sicuani,3.2818255416853472,False,SIERRA,6.0,True
090602,-13.695227375333294,-75.3535251043333,sectores,0.3868622612784905,Pisco,3.946577635672556,False,SIERRA,6.0,True
051008,-13.714960064499962,-74.28519085324996,sectores,0.8422416208799072,Pisco,7.315730042138092,False,SIERRA,6.0,False
051002,-13.664151419999977,-74.19808136299996,sectores,1.7637161278468325,Pisco,8.52624078160338,False,SIERRA,6.0,False
210307,-13.863096669999948,-70.14732529099997,sectores,1.044693092091499,Juliaca,5.141379992335022,False,SIERRA,6.0,True
110503,-13.747573368666622,-75.92711893966663,sectores,0.2610663724148478,Pisco,0.8348711017771401,True,COSTA,4.0,True
081005,-13.696602525333285,-72.05652843483328,sectores,1.1277199179605508,Sicuani,3.7538941417045764,False,SIERRA,6.0,True
030201,-13.724958537222172,-73.39094786188883,sectores,0.4245043547331119,Sicuani,10.461362949304048,False,SIERRA,6.0,False
030213,-13.684047204199953,-73.28654466309995,sectores,0.5864780629914673,Sicuani,9.352027029971314,False,SIERRA,6.0,False
081201,-13.693987955999964,-71.60141895366662,sectores,0.6268493685211618,Sicuani,1.3441958598612416,True,SIERRA,6.0,True
030215,-13.664809946166628,-73.5397907180833,sectores,0.886748178508489,Pisco,9.908670151837741,False,SIERRA,6.0,False
081009,-13.653741701999953,-71.91445327366664,sectores,0.8994620033381596,Sicuani,3.0078989951789548,False,SIERRA,6.0,True
030607,-13.679225785624958,-73.64838161549997,sectores,0.3647854300596931,Pisco,10.505698822540705,False,SIERRA,6.0,False
090613,-13.831046423599968,-75.23275133139995,sectores,0.3871792106959121,Pisco,4.078672699469606,False,SIERRA,6.0,True
051011,-13.67349549959996,-74.38513004539996,sectores,5.817251735124097,Pisco,8.109112588927147,False,SIERRA,6.0,False
210308,-13.73832874599995,-70.54588440899997,sectores,3.7389527840603813,Sicuani,6.827902436403641,False,SIERRA,6.0,False
081202,-13.667661369999962,-71.69657441199998,sectores,1.4584440627865884,Sicuani,3.1846701896316416,False,SIERRA,6.0,True
051101,-13.661048460599966,-73.90470531579994,sectores,0.662655547077965,Pisco,7.55052287239913,False,SIERRA,6.0,False
110507,-13.660839352285668,-76.13920554828567,sectores,1.3542203962670665,Pisco,0.22334843914595465,True,COSTA,4.0,True
030204,-13.658117270230719,-73.03205707253844,sectores,0.11779569982489053,Sicuani,7.8341477181140675,False,SIERRA,6.0,False
110504,-13.665775035999953,-76.02351950068746,sectores,0.13152997457662624,Pisco,0.5734771738233244,True,COSTA,4.0,True
051012,-13.646313896142813,-74.62113428042854,sectores,5.797596262351555,Pisco,6.22671356689329,False,SIERRA,6.0,False
081208,-13.62658443099995,-71.75102624833329,sectores,1.1942090623150934,Sicuani,1.798478113492807,True,SIERRA,6.0,True
030603,-13.619764075499944,-73.7404682268333,sectores,1.0708015292122426,Pisco,11.513288739718,False,SIERRA,6.0,False
030101,-13.631881480777736,-72.87862450422217,sectores,0.2651582993751554,Sicuani,6.399666381787484,False,SIERRA,6.0,False
030109,-13.57726565249996,-72.86485823749996,sectores,2.2223372405208046,Sicuani,6.0494674677813505,False,SIERRA,6.0,False
030209,-13.608860395066626,-73.3008566675333,sectores,0.47904360162395604,Sicuani,9.712197832826607,False,SIERRA,6.0,False
080102,-13.583839009285677,-72.0693704338571,sectores,0.28720045130702515,Sicuani,3.095874648027526,False,SIERRA,6.0,True
090604,-13.556589974999952,-75.32153178749996,sectores,0.36731410144556687,Pisco,2.7815577932728943,False,SIERRA,6.0,True
030207,-13.645134377499962,-73.16473699674997,sectores,1.0603229325659096,Sicuani,8.67786304242476,False,SIERRA,6.0,False
080106,-13.58262715899996,-71.9795015308333,sectores,0.43551322278882326,Sicuani,2.622410338253252,False,SIERRA,6.0,True
090615,-13.699343406333298,-75.22118333733329,sectores,3.9006471486553407,Pisco,4.964976412935683,False,SIERRA,6.0,True
080108,-13.531281991999949,-71.95120505399996,sectores,0.0173930340269066,Sicuani,2.1861655137563676,False,SIERRA,6.0,True
090601,-13.642429948999961,-75.39076668366663,sectores,0.12520062291210823,Pisco,3.3797946661779528,False,SIERRA,6.0,True
081210,-13.670198232999951,-71.27573671199997,sectores,0.1853240681417004,Sicuani,4.664703370172685,False,SIERRA,6.0,True
080304,-13.610953494833296,-72.25306154549996,sectores,0.46147441515176957,Sicuani,3.591509158490947,False,SIERRA,6.0,True
050201,-13.588834082999957,-74.11766255849996,sectores,1.100895599171024,Pisco,7.421911276844244,False,SIERRA,6.0,False
081211,-13.56481654999996,-71.78853577549995,sectores,0.9005365779859266,Sicuani,2.02176311061087,False,SIERRA,6.0,True
080107,-13.558828369999958,-71.83384235199998,sectores,0.7879172603006052,Sicuani,1.9227210327190674,True,SIERRA,6.0,True
050206,-13.560455393749962,-74.49798552299995,sectores,2.0730309479250817,Pisco,6.520187044625057,False,SIERRA,6.0,False
030608,-13.54735174433329,-73.59423278016662,sectores,1.1489010180538124,Pisco,9.429645395272455,False,SIERRA,6.0,False
030216,-13.64796774061534,-73.45143354261533,sectores,0.522101907655844,Sicuani,9.83912896264977,False,SIERRA,6.0,False
080104,-13.567701775999968,-71.87282521839997,sectores,0.7863127250500113,Sicuani,2.103106128781497,False,SIERRA,6.0,True
050204,-13.594491358399955,-74.26318103119996,sectores,0.5545862662181473,Pisco,7.010611037265389,False,SIERRA,6.0,False
030104,-13.60229907779995,-72.65547453379995,sectores,0.2776154074860117,Sicuani,5.849169448727784,False,SIERRA,6.0,True
080103,-13.497971678666602,-72.0384983573333,sectores,0.16827228162752947,Sicuani,2.4675283853102017,False,SIERRA,6.0,True
030602,-13.537847400714245,-73.67213747114283,sectores,0.2498327090920666,Pisco,8.974446933188089,False,SIERRA,6.0,False
080105,-13.540021367749974,-71.92415420449997,sectores,0.1996795459707478,Sicuani,2.0914410699915535,False,SIERRA,6.0,True
090616,-13.612870014499947,-75.18922727399996,sectores,3.8621423761324394,Pisco,4.066038345349414,False,SIERRA,6.0,True
081102,-13.553897721999965,-71.68851526499995,sectores,1.6906094511289451,Sicuani,2.029467767215691,False,SIERRA,6.0,True
081105,-13.503902209874958,-71.65337060787496,sectores,0.2077577371183448,Sicuani,2.354877664825752,False,SIERRA,6.0,True
081205,-13.605308449999967,-71.52265502049997,sectores,1.8311595024091212,Sicuani,2.794206967388972,False,SIERRA,6.0,True
051104,-13.552428211333279,-73.87465043766662,sectores,0.17918972391375013,Pisco,8.432262918076136,False,SIERRA,6.0,False
090609,-13.539726540999936,-75.38906522999997,sectores,5.175398988525089,Pisco,2.706909262685828,False,SIERRA,6.0,True
030601,-13.532108742142807,-73.7366650228571,sectores,0.3274958764290773,Pisco,8.830780854398975,False,SIERRA,6.0,False
030219,-13.51397900383328,-73.28362714666663,sectores,0.13018068606066985,Sicuani,10.705604554953153,False,SIERRA,6.0,False
081204,-13.533408900999945,-71.34544387199998,sectores,4.256337421498259,Sicuani,4.397668313484717,False,SIERRA,6.0,True
110204,-13.491188230199947,-76.14861338299995,sectores,1.0264804479977299,Pisco,0.49613877138339807,True,COSTA,4.0,True
080308,-13.474366868333277,-72.09767001533329,sectores,0.21417613339776556,Sicuani,3.395015364431683,False,SIERRA,6.0,True
030202,-13.515151635153801,-73.37345383576918,sectores,0.8495783961065282,Sicuani,11.551044267128926,False,SIERRA,6.0,False
080101,-13.488168709833294,-71.97455360566663,sectores,0.6800435210154933,Sicuani,2.403286882831813,False,SIERRA,6.0,True
080303,-13.462271401333282,-72.05402928199997,sectores,0.7350154196425349,Sicuani,2.789515512544699,False,SIERRA,6.0,True
080406,-13.48005299133329,-71.77305149433329,sectores,1.3113920543088888,Sicuani,2.013948978108867,False,SIERRA,6.0,True
081209,-13.629580954499971,-70.95070821949997,sectores,0.7731981272082129,Sicuani,6.02552263566996,False,SIERRA,6.0,False
030108,-13.500600885999972,-72.80855819024994,sectores,0.21535557186612775,Sicuani,6.414905862803123,False,SIERRA,6.0,False
080407,-13.449299543999947,-71.88163073833329,sectores,0.5308731812718919,Sicuani,2.607001827584103,False,SIERRA,6.0,True
080309,-13.462967308749938,-72.24229188849995,sectores,0.2621997702091499,Sicuani,2.9437869005682598,False,SIERRA,6.0,True
110211,-13.460760306999958,-76.18271458849998,sectores,0.0895170124918911,Pisco,0.46789330641241283,True,COSTA,4.0,True
051108,-13.566671100499946,-74.01720848524997,sectores,0.9025036869114615,Pisco,6.777468803157657,False,SIERRA,6.0,False
030208,-13.576129290999948,-73.10446322221424,sectores,0.4050028225993035,Sicuani,9.350483030834559,False,SIERRA,6.0,False
110210,-13.425835673666617,-76.1651267433333,sectores,0.08182077053900409,Pisco,0.6522518750750567,True,COSTA,4.0,True
110205,-13.532068524066627,-76.09022220366663,sectores,2.4446111610284667,Pisco,0.775433317139597,True,COSTA,4.0,True
050203,-13.506661705299956,-74.21325995969997,sectores,1.4113059374190517,Pisco,6.422840329075763,False,SIERRA,6.0,False
080301,-13.473587470999954,-72.15950086588886,sectores,0.35157865051902115,Sicuani,2.687358306667515,False,SIERRA,6.0,True
080302,-13.457647890857093,-72.3212889295714,sectores,0.24426010766441975,Sicuani,3.082450719159488,False,SIERRA,6.0,True
030105,-13.473760304666621,-72.9954152853333,sectores,1.6895206338101918,Sicuani,7.226085783277605,False,SIERRA,6.0,False
030605,-13.501970524249955,-73.52940886487497,sectores,0.7327356787430779,Pisco,10.54073127125212,False,SIERRA,6.0,False
090610,-13.466834873333275,-75.23417302699994,sectores,1.2436191093121611,Pisco,3.6098453695347024,False,SIERRA,6.0,True
081302,-13.41054430899995,-72.04264040649996,sectores,0.37689828198549485,Sicuani,2.832246943427745,False,SIERRA,6.0,True
210309,-13.520867758499946,-70.40428501599996,sectores,2.0575951815250058,Juliaca,4.531114325838556,False,SELVA ALTA,6.0,True
080402,-13.394724477999972,-71.90330989249998,sectores,0.28611119602818147,Sicuani,2.34405555860724,False,SIERRA,6.0,True
110502,-13.57765812499997,-75.63326556399996,sectores,3.14865122542005,Pisco,1.2881248499785014,True,COSTA,4.0,True
050202,-13.526040838888845,-74.3974368823333,sectores,2.0369923678200315,Pisco,7.25872705773796,False,SIERRA,6.0,False
211203,-13.944524283666624,-69.66327319666662,sectores,16.699110047789112,Juliaca,4.930732299538853,False,SIERRA,6.0,True
030606,-13.421798300666618,-73.66068139366662,sectores,0.6657018114975238,Pisco,10.844930643102602,False,SIERRA,6.0,False
080307,-13.477893213399955,-72.61298710299997,sectores,0.8995070443084126,Sicuani,5.475714062449893,False,SIERRA,6.0,True
080306,-13.47638725428566,-72.42922402342853,sectores,1.038297105850008,Sicuani,3.754142920167935,False,SIERRA,6.0,True
050205,-13.472063496666635,-74.67182417899996,sectores,2.4043348107827764,Pisco,5.126618529430899,False,SIERRA,6.0,True
050106,-13.405218350099961,-73.89493142489997,sectores,0.237522225816732,Pisco,7.539593023616972,False,SIERRA,6.0,False
080405,-13.399333102666617,-71.82168727766663,sectores,0.36185139991982485,Sicuani,2.3756794710139815,False,SIERRA,6.0,True
090413,-13.410926626999952,-75.40795336249997,sectores,0.8890120784128867,Pisco,2.614793329922089,False,SIERRA,6.0,True
080305,-13.390972525333297,-72.22499973949995,sectores,0.566072375620473,Sicuani,2.9305984800990306,False,SIERRA,6.0,True
081305,-13.327991069799953,-72.16338940799997,sectores,0.1830834641440954,Sicuani,3.1587451310518313,False,SIERRA,6.0,True
080403,-13.321953844999967,-71.87946891149997,sectores,0.18567171322417075,Sicuani,2.8647123109324575,False,SIERRA,6.0,True
081303,-13.34053858474995,-72.04679708099995,sectores,0.2960274626588607,Sicuani,2.9510197119688377,False,SIERRA,6.0,True
110202,-13.439829823777732,-76.05278446244441,sectores,1.6306743194145,Pisco,0.8588220015941723,True,COSTA,4.0,True
081104,-13.404552900624953,-71.63643369199995,sectores,0.7612542819291556,Sicuani,2.6188025782132285,False,SIERRA,6.0,True
081307,-13.294569693999962,-72.07332693699996,sectores,3.1160178857485348,Sicuani,2.7963090451711428,False,SIERRA,6.0,True
090404,-13.323977045999944,-75.58581354799996,sectores,3.585261835360591,Pisco,3.0791731191612857,False,SIERRA,6.0,True
110201,-13.389922928999965,-76.09085121866663,sectores,0.6911853754753143,Pisco,0.8697462876858446,True,COSTA,4.0,True
210304,-13.789912775666627,-69.92213660766663,sectores,16.916714560414096,Juliaca,4.323043080589282,False,SIERRA,6.0,True
050105,-13.356764961416621,-74.16514739558329,sectores,1.7125486518484359,Pisco,6.409088786447902,False,SIERRA,6.0,False
090406,-13.280047809333288,-75.36436701399997,sectores,0.9503068124652022,Pisco,4.104546331481876,False,SIERRA,6.0,True
081301,-13.251108785999955,-72.13922507366664,sectores,3.9120480823365997,Sicuani,2.9641228741747696,False,SIERRA,6.0,True
050506,-13.23331034399996,-73.8936197276666,sectores,0.51569907236811,Pisco,9.483770233271,False,SIERRA,6.0,False
030604,-13.343350910833285,-73.70045643799996,sectores,2.348623024485504,Pisco,11.27565589274893,False,SIERRA,6.0,False
080401,-13.290996992999945,-71.97564585166661,sectores,3.3782630049640883,Sicuani,2.6087089746572576,False,SIERRA,6.0,True
050104,-13.2088357093333,-74.24050765366663,sectores,0.4497524633149054,Pisco,6.483265061044827,False,SIERRA,6.0,False
110206,-13.356153637399961,-76.16476500799997,sectores,0.11853735749876378,Pisco,0.8393503970093326,True,COSTA,4.0,True
050102,-13.27937905827268,-74.02194891309087,sectores,1.4703523995016816,Pisco,7.1094073140839456,False,SIERRA,6.0,False
050114,-13.292135607666609,-74.4105340540833,sectores,0.3699910881599316,Pisco,5.9337927807994975,False,SIERRA,6.0,True
090410,-13.265414384749945,-75.67533153124995,sectores,4.95182418376052,Pisco,2.1001226155314563,False,COSTA,4.0,True
050110,-13.195303347999982,-74.21148063299995,sectores,0.5243922534331401,Pisco,6.1349558491531315,False,SIERRA,6.0,False
050112,-13.241443786199955,-74.28974012729995,sectores,0.8499798522282738,Pisco,5.626360644946477,False,SIERRA,6.0,True
090409,-13.307992174999962,-75.44035015199995,sectores,2.8972995132004082,Pisco,2.6765161363829795,False,SIERRA,6.0,True
090607,-13.399431079333283,-74.87943762399998,sectores,1.7504689272464191,Pisco,3.951725528307585,False,SIERRA,6.0,True
110207,-13.314466992999968,-76.09572673449995,sectores,3.1247741570728222,Pisco,1.1198482570804387,True,COSTA,4.0,True
090407,-13.215256573666617,-75.50943809366662,sectores,0.33123355828647766,Pisco,3.688577834664578,False,SIERRA,6.0,True
050504,-13.165976996666624,-73.87099099799997,sectores,0.5092535220165791,Pisco,9.898035863707461,False,SIERRA,6.0,False
210303,-13.734667609749948,-70.29289999549997,sectores,0.4667175121386776,Juliaca,5.170962242653731,False,SIERRA,6.0,True
050113,-13.193838135874962,-74.13565699587495,sectores,0.6122625283157861,Pisco,6.377884253863343,False,SIERRA,6.0,False
050505,-13.208686271399973,-73.55905446539995,sectores,3.352820898574158,Pisco,11.88174250289846,False,SIERRA,6.0,False
081101,-13.35539205933329,-71.50034247476185,sectores,2.1562243301292163,Sicuani,4.106056977669497,False,SIERRA,6.0,True
081306,-13.220245659833296,-72.30575547966663,sectores,0.7294649291586947,Sicuani,3.3659807768147325,False,SIERRA,6.0,True
050115,-13.121824253999932,-74.20850206599994,sectores,0.9540172512903333,Pisco,6.109354088960063,False,SIERRA,6.0,False
081304,-13.192735647499944,-72.50783427149997,sectores,6.0916211205165895,,inf,False,SIERRA,6.0,False
110208,-13.221512946999951,-75.82384762449996,sectores,0.5069729906037721,Pisco,3.5837567581338217,False,SIERRA,6.0,True
090311,-13.13775596466663,-74.45730724466664,sectores,3.35663874930869,Pisco,6.940469588145243,False,SIERRA,6.0,False
050101,-13.13708446449995,-74.25491730624996,sectores,2.1552677148299795,Pisco,6.116842476448213,False,SIERRA,6.0,False
081203,-13.342976690999933,-70.74252116549997,sectores,7.564501917039554,Juliaca,7.916207808893984,False,SELVA ALTA,6.0,False
050109,-13.125801209999963,-74.32857808999995,sectores,0.5874727980789167,Pisco,6.918987090260805,False,SIERRA,6.0,False
150501,-13.108075037499958,-76.35014090516663,sectores,1.7989015872086191,Pisco,1.0432562466832345,True,COSTA,4.0,True
090412,-13.12229534499994,-75.62167006949997,sectores,0.8240441729902381,Pisco,4.262561700674039,False,SIERRA,6.0,True
090408,-13.104989106999966,-75.68195535849995,sectores,0.9799957479734901,Pisco,3.6570605871088233,False,SIERRA,6.0,True
090310,-13.065922311499946,-74.43026072049997,sectores,0.06276038234293847,Pisco,7.522974507045266,False,SIERRA,6.0,False
050103,-13.140264389499961,-74.04484727274996,sectores,1.384643247525934,Pisco,7.619493574180943,False,SIERRA,6.0,False
050111,-13.072030635499942,-74.35654717699995,sectores,1.1018123801908328,Pisco,7.415461537475308,False,SIERRA,6.0,False
090312,-13.073768787833293,-74.53801088799996,sectores,1.6172811176837412,Tarma,6.752932663812247,False,SIERRA,6.0,False
150514,-13.048479710333282,-76.42218339299997,sectores,0.7679608906916764,Pisco,1.2634343498831646,True,COSTA,4.0,True
090402,-13.143147148666628,-75.52996063033329,sectores,0.7186141709393353,Pisco,3.242469464422995,False,SIERRA,6.0,True
080908,-13.2046979213333,-72.72215606733329,sectores,9.554214387496357,Sicuani,7.420162080565962,False,SIERRA,6.0,False
211210,-13.948091192999971,-69.05981877059996,sectores,1.2777642225799255,Juliaca,7.180248820873919,False,SELVA ALTA,6.0,False
050107,-13.050220701333293,-74.2353272823333,sectores,0.695033183672474,Pisco,6.384220247702426,False,SIERRA,6.0,False
110203,-13.100274749999954,-75.92573189549998,sectores,0.5702623751461726,Pisco,5.180016004253062,False,SIERRA,6.0,True
150507,-13.031336240285668,-76.36795918114282,sectores,0.2062228430724425,Pisco,1.33854250919337,True,COSTA,4.0,True
050108,-13.061080248666618,-74.14190641999998,sectores,0.5053860587672736,Pisco,6.767918412122951,False,SIERRA,6.0,False
110209,-13.057736913499951,-75.69906688449996,sectores,0.5353062850134815,Pisco,4.129087817840614,False,SIERRA,6.0,True
151005,-13.009033883499967,-75.82574771199995,sectores,1.005982043158496,Pisco,5.275882258770071,False,SIERRA,6.0,True
090309,-13.01617875619994,-74.43416709379997,sectores,0.24540741507888386,Pisco,7.101338018194711,False,SIERRA,6.0,False
090301,-13.059081116285666,-74.74265441228567,sectores,3.764550354490405,Tarma,5.926829187770896,False,SIERRA,6.0,True
080903,-13.050757954999938,-72.48539949266664,sectores,2.5069098102974,Sicuani,5.809723184585025,False,SELVA ALTA,6.0,True
081103,-13.126312755818136,-71.73987357945451,sectores,0.5561444823747451,Sicuani,4.972758706973239,False,SIERRA,6.0,True
050404,-12.984782017666609,-74.2244743603333,sectores,0.6257264315897902,Tarma,6.355386448410951,False,SIERRA,6.0,False
090106,-13.010859204333277,-74.93450885199996,sectores,0.39525783580280954,Pisco,5.65597612079974,False,SIERRA,6.0,True
080404,-13.089640311333293,-72.02112500166662,sectores,2.918307526175851,Sicuani,4.08366865350068,False,SIERRA,6.0,True
050403,-13.003811071666632,-74.16596334999997,sectores,0.1402662001955839,Tarma,6.840143335225118,False,SIERRA,6.0,False
090411,-13.07818904149994,-75.12805751799996,sectores,0.36778211435025693,Pisco,4.738739897716226,False,SIERRA,6.0,True
090306,-12.968263309999957,-74.5193114178571,sectores,1.0576174172391026,Tarma,7.578863208582976,False,SIERRA,6.0,False
090307,-12.981848525666635,-74.63051330499997,sectores,4.301032812468366,Tarma,6.834140665444749,False,SIERRA,6.0,False
090305,-12.983738097666617,-74.3593161503333,sectores,0.4236252865322106,Pisco,7.209615415982231,False,SIERRA,6.0,False
150508,-13.020165376999955,-76.15144942399996,sectores,1.7185760949004785,Pisco,1.8848879591124266,True,COSTA,4.0,True
090308,-12.922799030999954,-74.67344962099997,sectores,0.26614923757767633,Tarma,6.177523520815508,False,SIERRA,6.0,False
151015,-12.941556515999936,-75.82185137599998,sectores,0.5714673703948233,Pisco,5.029180564922703,False,SIERRA,6.0,True
090401,-13.214272764333279,-75.28469405266662,sectores,2.015365420532953,Pisco,3.4869345044425373,False,SIERRA,6.0,True
150504,-12.99986600666663,-76.45815936533329,sectores,0.4380566842049451,Pisco,1.3834300786854123,True,COSTA,4.0,True
050405,-12.870037053499942,-74.27963310624996,sectores,0.35538241363336714,Tarma,6.117626324843721,False,SIERRA,6.0,False
150516,-12.833874834999932,-76.02298689799994,sectores,2.1455287949225514,Pisco,2.4065566660266975,False,COSTA,4.0,True
090508,-12.790231309999967,-74.40090861349995,sectores,1.1510934115134859,Tarma,5.528462699346785,False,SIERRA,6.0,True
090203,-12.81381286249995,-74.66672922083329,sectores,0.942922654652898,Tarma,5.09187404980755,False,SIERRA,6.0,True
090201,-12.82144102433329,-74.56619879955552,sectores,0.9149965493014047,Tarma,5.048272567474385,False,SIERRA,6.0,True
050501,-12.988652092749945,-73.93256213674995,sectores,0.3037022431499264,Pisco,8.974871969231252,False,SIERRA,6.0,False
090505,-12.790937580499957,-74.32988291149996,sectores,0.7531820272120445,Tarma,6.311222248619021,False,SIERRA,6.0,False
080901,-12.86909445699994,-72.72381837133328,sectores,1.5480359109588244,Sicuani,6.736169173126101,False,SELVA ALTA,6.0,False
150512,-12.956796703599958,-76.38260593479995,sectores,0.3925472902618004,Pisco,1.519170849868349,True,COSTA,4.0,True
151019,-12.824157386999957,-75.66722910849998,sectores,0.23800872929773437,Pisco,5.633564411049513,False,SIERRA,6.0,True
090118,-12.79899745399996,-75.13383146799995,sectores,4.58372677578043,Tarma,5.216437285290599,False,SIERRA,6.0,True
090101,-12.835197509666614,-75.00109490533328,sectores,3.02854661160798,Tarma,5.453904397037424,False,SIERRA,6.0,True
081106,-13.048176737749955,-71.37913456849996,sectores,7.225566288683452,Sicuani,5.120081576148596,False,SELVA ALTA,6.0,True
090117,-12.816862380999964,-74.83182225616662,sectores,0.6409376111722871,Tarma,5.214732565314283,False,SIERRA,6.0,True
090208,-12.744336034142805,-74.61138175571425,sectores,0.709336611561621,Tarma,4.835858983438604,False,SIERRA,6.0,True
151012,-12.76649503699997,-75.67282724299997,sectores,3.6914940293385157,Pisco,5.27044222663107,False,SIERRA,6.0,True
150502,-12.76835399166661,-76.5357261873333,sectores,0.43423863730005724,Pisco,1.7289407839361657,True,COSTA,4.0,True
151008,-12.75727074699995,-75.87518951499996,sectores,2.1552396116792947,Pisco,3.9592173044599757,False,COSTA,4.0,True
151006,-12.76623294999996,-75.74793074199994,sectores,5.487243497107733,Pisco,5.080904122216397,False,COSTA,4.0,False
080909,-13.035351354999952,-73.04713059499996,sectores,6.035732628829322,Sicuani,9.833541294943355,False,SIERRA,6.0,False
090506,-12.716622844285675,-74.45137043171424,sectores,0.21215253688378974,Tarma,6.111235893204763,False,SIERRA,6.0,False
050401,-12.92932586399995,-74.22886835774996,sectores,0.37686987805671696,Tarma,6.508601867096403,False,SIERRA,6.0,False
080905,-12.865082010999942,-72.37410375999997,sectores,6.303120716980094,Sicuani,7.542948033009728,False,SELVA ALTA,6.0,False
050507,-12.732888792545412,-73.7554232563636,sectores,1.503943745173498,Tarma,10.818636113557785,False,SELVA ALTA,6.0,False
090504,-12.721279865599957,-74.50098145219997,sectores,0.25581427063311674,Tarma,5.830415034181704,False,SIERRA,6.0,True
151023,-12.666511127999968,-75.92277090199997,sectores,2.8912057916358433,Pisco,3.870423718910223,False,SIERRA,6.0,True
090501,-12.714668043571391,-74.39698462571424,sectores,0.22302278190445468,Tarma,6.093366785552424,False,SIERRA,6.0,False
090206,-12.742089884374941,-74.71919118762497,sectores,0.4207428516789009,Tarma,5.237436600242019,False,SIERRA,6.0,True
090114,-12.662793043999955,-74.97932368679997,sectores,0.5629712884566846,Tarma,3.955865931527966,False,SIERRA,6.0,True
170102,-12.924521233799942,-70.05732276779996,sectores,3.348033301261742,Juliaca,7.08341460765479,False,SELVA BAJA,6.0,False
090202,-12.662089070999949,-74.65863452799996,sectores,3.0972329567871255,Tarma,4.735798933781189,False,SIERRA,6.0,True
090102,-12.707226081499954,-75.36574497549995,sectores,5.208461086105784,Tarma,6.052170408529671,False,SIERRA,6.0,False
150509,-12.651851848333289,-76.61127553233331,sectores,0.9407783104172661,Pisco,1.9303878605404146,True,COSTA,4.0,True
151031,-12.707267238499952,-75.77721075949998,sectores,5.143453765094115,Pisco,4.373323863212978,False,COSTA,4.0,False
150513,-12.613217193999958,-76.67415544899995,sectores,0.8061165985757802,Pisco,1.8864746761327074,True,COSTA,4.0,True
090113,-12.655763632999935,-75.10558445199996,sectores,0.552727613022512,Tarma,4.959864146525905,False,SIERRA,6.0,True
050406,-12.70341093299995,-74.2671731323333,sectores,0.37759859915462857,Tarma,8.046838807492694,False,SIERRA,6.0,False
090111,-12.54792374999994,-74.93530338199997,sectores,1.25021462736986,Tarma,3.658226738263505,False,SIERRA,6.0,True
050503,-12.658211687799952,-73.84552278919996,sectores,0.9584962419441606,Tarma,9.446422623453634,False,SELVA ALTA,6.0,False
150506,-12.662251689499953,-76.42291772999994,sectores,4.408841911320847,Pisco,2.3774924159802437,False,COSTA,4.0,True
090509,-12.606853510199949,-74.39689740399997,sectores,0.8830948268486956,Tarma,6.176711472746735,False,SIERRA,6.0,False
151029,-12.656475398333308,-76.17823402666664,sectores,0.7622770838233704,Pisco,7.005796083008891,False,SIERRA,6.0,False
090110,-12.608760092999944,-75.16049787899993,sectores,1.8218716604270666,Tarma,5.384956205294947,False,SIERRA,6.0,True
090109,-12.554740830999974,-75.06855155749997,sectores,0.8711580842487372,Tarma,4.481737525197595,False,SIERRA,6.0,True
090507,-12.563799278571382,-74.52980099999998,sectores,0.5337164464564004,Tarma,5.275045220938338,False,SIERRA,6.0,True
080408,-12.805863579499942,-72.13479409999997,sectores,2.159848343999268,Sicuani,5.392052421806643,False,SELVA ALTA,6.0,True
090119,-12.592699339199953,-74.97705254899996,sectores,0.258347079503326,Tarma,3.977685305360933,False,SIERRA,6.0,True
090502,-12.661572543199952,-74.55319774699996,sectores,1.0548298620677352,Tarma,5.296094105087599,False,SIERRA,6.0,True
090104,-12.519299287999957,-75.03423881799995,sectores,0.9834749976973409,Tarma,4.198194125300142,False,SIERRA,6.0,True
150515,-12.574202591499954,-76.64120142149994,sectores,0.4531078401486727,Pisco,2.038570159146835,False,COSTA,4.0,True
090108,-12.495553875499951,-75.01446309249997,sectores,0.7318126740927894,Tarma,3.3209004544195166,False,SIERRA,6.0,True
151011,-12.58796486879994,-75.84938220619996,sectores,6.664312962907575,Pisco,5.699584223988216,False,SIERRA,6.0,True
090103,-12.617341072399958,-74.84666028966663,sectores,2.7131321328443136,Tarma,4.70644961464815,False,SIERRA,6.0,True
090510,-12.515763901428524,-74.47268244599998,sectores,2.4059973787687046,Tarma,7.72408270120914,False,SIERRA,6.0,False
151027,-12.499132484499967,-76.20175527449996,sectores,1.8318037774984033,Pisco,5.140326248927563,False,SIERRA,6.0,True
050407,-12.575246879833287,-73.94445953433329,sectores,3.7680921090498574,Tarma,10.353654845125357,False,SELVA ALTA,6.0,False
151003,-12.655992726249949,-76.04405283499996,sectores,5.3274693394483945,Pisco,4.914195249446875,False,SIERRA,6.0,True
150124,-12.465836826999976,-76.77562379499994,sectores,0.5531474260404813,Pisco,2.260784148149778,False,COSTA,4.0,True
150138,-12.40857667199998,-76.76739979599995,sectores,0.8161912019624059,Pisco,2.3344083731568577,False,COSTA,4.0,True
090116,-12.522060629333282,-75.23454354099995,sectores,3.119437250603624,Tarma,4.609921986215946,False,SIERRA,6.0,True
090105,-12.462682723499967,-75.05958527849995,sectores,0.43348161635436344,Tarma,4.522533596547954,False,SIERRA,6.0,True
090112,-12.449331107999967,-75.12889347399997,sectores,1.4113355790789455,Tarma,4.365172067537353,False,SIERRA,6.0,True
090115,-12.413847515999976,-75.08855125399995,sectores,1.4703782400707812,Tarma,3.3924857720929764,False,SIERRA,6.0,True
151022,-12.46139567749995,-76.23050448449996,sectores,0.31186635137641794,Pisco,4.998541060413532,False,SIERRA,6.0,True
151016,-12.51360949849996,-75.70146243899998,sectores,0.7602553445418849,Pisco,6.472927581404812,False,SIERRA,6.0,False
080907,-12.582783604749963,-73.66242333374997,sectores,5.84601081991926,Tarma,10.281681811564354,False,SELVA ALTA,6.0,False
090107,-12.40538435849993,-75.18363571549997,sectores,0.1794768966436197,Tarma,4.912425895980311,False,SIERRA,6.0,True
090503,-12.464303171399957,-74.56702370479996,sectores,5.100147168099109,Tarma,4.802444080112321,False,SIERRA,6.0,True
150129,-12.369376227999965,-76.72414038499994,sectores,3.236427905758919,Pisco,2.7410009181212738,False,COSTA,4.0,True
151001,-12.477489787666608,-75.93210998633327,sectores,1.3740759920321641,Pisco,9.011109040272789,False,SIERRA,6.0,False
090702,-12.422529721181764,-75.00710329190905,sectores,0.17260101872047728,Tarma,3.1496143130482017,False,SIERRA,6.0,True
090703,-12.399140261499966,-74.93744217024995,sectores,0.1275357804962447,Tarma,3.2749415751520234,False,SIERRA,6.0,True
120104,-12.355429171999958,-75.20258109799994,sectores,0.24338308741600392,Tarma,4.548197880798525,False,SIERRA,6.0,True
080906,-12.539578164999966,-72.4640919333333,sectores,4.1015290259470545,Sicuani,8.523971772316633,False,SELVA ALTA,6.0,False
150503,-12.498598094999949,-76.47619758649998,sectores,2.1153386600868314,Pisco,2.5543915948406286,False,COSTA,4.0,True
120120,-12.355512574999949,-75.27616690749997,sectores,1.2826435788247077,Tarma,3.54973762492997,False,SIERRA,6.0,True
120105,-12.373691396999979,-75.25228106866662,sectores,1.1149078874362182,Tarma,4.2896671983447785,False,SIERRA,6.0,True
151013,-12.354292760999954,-76.19060371099994,sectores,0.9208059596048677,Pisco,6.167830248897055,False,SIERRA,6.0,False
120108,-12.478968392999946,-75.44220690699996,sectores,2.1214567561450313,Tarma,4.202545628562321,False,SIERRA,6.0,True
090704,-12.42137512016661,-74.90016573949997,sectores,0.160634609921036,Tarma,4.632849504255385,False,SIERRA,6.0,True
151018,-12.384492554999952,-75.67620307799996,sectores,3.3124672864923728,Tarma,6.537229353011862,False,SIERRA,6.0,False
151007,-12.368443061999955,-75.88186886199995,sectores,2.9438377669880262,Tarma,6.93038705341874,False,SIERRA,6.0,False
090706,-12.350751189499952,-74.83183147224996,sectores,0.07527442967925366,Tarma,3.056952826710676,False,SIERRA,6.0,True
090710,-12.323761146333302,-75.09098969616663,sectores,0.567511934176657,Tarma,2.4386955940951394,False,SIERRA,6.0,True
150505,-12.42981253299996,-76.62992806199998,sectores,2.1960851537169006,Pisco,2.833998282624089,False,COSTA,4.0,True
090701,-12.442340514428524,-74.8544115301428,sectores,0.4406725920002691,Tarma,4.440687473277898,False,SIERRA,6.0,True
151010,-12.285833330999935,-76.19589933599997,sectores,1.2701030723340998,Pisco,5.866385413113452,False,SIERRA,6.0,True
120106,-12.290914207999947,-75.28941144199996,sectores,0.8256267424864661,Tarma,2.8957521019675005,False,SIERRA,6.0,True
151004,-12.365459398999974,-76.04228551999995,sectores,0.8000133163033988,Pisco,6.962946961291552,False,SIERRA,6.0,False
151025,-12.353346878499963,-76.27465811999994,sectores,2.2568346503751573,Pisco,4.940157805550559,False,SIERRA,6.0,True
151024,-12.316620894666622,-76.12345616166664,sectores,1.6418210613463124,Pisco,6.875850875218156,False,SIERRA,6.0,False
050408,-12.43335301859995,-73.99774991119997,sectores,1.6551729454894462,Satipo,10.414091434360506,False,SELVA ALTA,6.0,False
120112,-12.323746315499974,-75.18276483299996,sectores,1.3056512969183451,Tarma,4.133672626348346,False,SIERRA,6.0,True
090705,-12.391243160454497,-74.6930143124545,sectores,0.18978239924236942,Tarma,4.457248419325986,False,SIERRA,6.0,True
151002,-12.28949011599994,-75.69675282749998,sectores,0.5055036402400644,Tarma,4.3744896026867925,False,SIERRA,6.0,True
151017,-12.28889341699994,-76.10735604699997,sectores,3.456999397699394,Pisco,7.018665245539211,False,SIERRA,6.0,False
080910,-12.422082972749948,-73.78225238224996,sectores,4.526379907347738,Tarma,10.639803795699379,False,SELVA ALTA,6.0,False
150127,-12.303643136999938,-76.70944059199996,sectores,2.011242832326201,Pisco,3.2893500177387445,False,COSTA,4.0,True
090713,-12.250188826499965,-74.76384191499997,sectores,1.7240916654882965,Tarma,5.045625967631088,False,SIERRA,6.0,True
150713,-12.268973946249957,-76.38281013324996,sectores,1.4295928901835728,Pisco,8.812444235442541,False,SIERRA,6.0,False
151026,-12.245932924999977,-76.10565005699993,sectores,5.650390835033879,Pisco,6.612155044858023,False,SIERRA,6.0,False
120113,-12.25332712549995,-75.15245285249996,sectores,0.5173244482577092,Tarma,2.284156284178443,False,SIERRA,6.0,True
150142,-12.219278058999976,-76.94527585299994,sectores,0.07669835218741387,Pisco,2.707063250927421,False,COSTA,4.0,True
150126,-12.269274819999964,-76.74377993399997,sectores,1.7718263124528968,Pisco,3.0303732316508243,False,COSTA,4.0,True
050402,-12.543644466499956,-74.29463398549996,sectores,2.591459586489549,Tarma,8.136101870878752,False,SIERRA,6.0,False
150119,-12.243244325666637,-76.86513057833328,sectores,0.5184560223857252,Pisco,2.6350106640796316,False,COSTA,4.0,True
090711,-12.260903772999955,-75.02855420790905,sectores,0.42358578812494985,Tarma,2.614227778748011,False,SIERRA,6.0,True
120116,-12.187353505999965,-75.21003827849995,sectores,1.3301018562877367,Tarma,2.427008266584814,False,SIERRA,6.0,True
120111,-12.210045358499968,-75.24103700049997,sectores,0.9822974650869833,Tarma,2.352686074513916,False,SIERRA,6.0,True
150108,-12.192644506999956,-77.00588969799998,sectores,0.2653071410396269,Pisco,2.6974740655350122,False,COSTA,4.0,True
120136,-12.161380545999947,-75.23025755699996,sectores,0.29883102986992804,Tarma,1.9043048410531276,True,SIERRA,6.0,True
150726,-12.22411994133328,-76.26362814399995,sectores,1.5433013906590909,Pisco,7.564606781983681,False,SIERRA,6.0,False
150104,-12.144029411999952,-77.02086251199995,sectores,0.12038797080957629,Pisco,2.8129177093910465,False,COSTA,4.0,True
150731,-12.267900061999947,-76.5217242393333,sectores,3.0321097202522656,Pisco,4.682047307111946,False,COSTA,4.0,False
150143,-12.17038942299996,-76.91898821199999,sectores,0.21144930258553782,Pisco,2.868720351689506,False,COSTA,4.0,True
150133,-12.157858249999949,-76.96650742299994,sectores,0.15809750679391651,Pisco,2.7726300580175245,False,COSTA,4.0,True
120121,-12.137899050999962,-75.22377150974997,sectores,0.036956845840719406,Tarma,1.8997195327350558,True,SIERRA,6.0,True
120903,-12.1549166583333,-75.27118929899996,sectores,0.9932062317631037,Tarma,1.9337817043297116,True,SIERRA,6.0,True
150711,-12.163156528499968,-76.37446303049998,sectores,2.2549167496319074,Pisco,6.29960206351489,False,SIERRA,6.0,False
151021,-12.262224658999969,-75.86681555599995,sectores,2.4157333868065924,Tarma,5.197197585191007,False,SIERRA,6.0,True
150122,-12.12123578099994,-77.03185553199995,sectores,0.14744817158514992,Pisco,2.8371990993241294,False,COSTA,4.0,True
150706,-12.15652978099996,-76.45691988799996,sectores,2.392017760351793,Pisco,6.392973013070187,False,SIERRA,6.0,False
090709,-12.267372781666628,-74.9235734403333,sectores,0.386959840295735,Tarma,3.2814567457232964,False,SIERRA,6.0,True
150141,-12.113436342999933,-77.01298608199994,sectores,0.09207777913964402,Pisco,2.830198167775521,False,COSTA,4.0,True
090718,-12.168042407999963,-74.51451962749996,sectores,0.09684290849002869,Tarma,6.935791390062041,False,SIERRA,6.0,False
120126,-12.192980676399964,-75.10087866019998,sectores,0.1770708380056724,Tarma,2.5013633300747684,False,SIERRA,6.0,True
120909,-12.197515246666606,-75.37096043966663,sectores,0.6039238003963546,Tarma,3.147415909096728,False,SIERRA,6.0,True
120908,-12.114550870499954,-75.24492392449997,sectores,0.11798220521477834,Tarma,1.7978044946772649,True,SIERRA,6.0,True
120119,-12.107968918999944,-75.20419592774996,sectores,0.1150216143229494,Tarma,1.8734391841911722,True,SIERRA,6.0,True
150131,-12.09898090799993,-77.03667219399995,sectores,0.03413114787964599,Pisco,2.886385719477117,False,COSTA,4.0,True
150120,-12.093838644999948,-77.06669448899999,sectores,0.2171120362504848,Pisco,2.9650431034533455,False,COSTA,4.0,True
120906,-12.11122749599997,-75.29715197899993,sectores,0.34723205253065453,Tarma,2.125454638641129,False,SIERRA,6.0,True
150130,-12.097546260999934,-76.99520863399994,sectores,0.007660664292022741,Pisco,2.869940094207906,False,COSTA,4.0,True
150116,-12.08579145999994,-77.03566671499993,sectores,0.11094356992173832,Pisco,2.905628828605476,False,COSTA,4.0,True
150140,-12.126991046999931,-76.98430619899995,sectores,0.20898366268783428,Pisco,2.7775809233081263,False,COSTA,4.0,True
090714,-12.198488438888837,-74.78832836777775,sectores,0.27201316067572007,Tarma,4.957286237317312,False,SIERRA,6.0,True
151033,-12.169437193999954,-75.85755570799995,sectores,5.999330077750931,Tarma,4.514862269650398,False,SIERRA,6.0,True
150121,-12.075084095999957,-77.06574321299996,sectores,0.20990998323309368,Pisco,2.9865278151030576,False,COSTA,4.0,True
150113,-12.078106398999978,-77.04820820199996,sectores,0.09428265184755515,Pisco,2.9447707947238477,False,COSTA,4.0,True
170203,-12.644879979999956,-70.67260084574995,sectores,13.873019825146338,,inf,False,SELVA BAJA,6.0,False
070104,-12.070277372999954,-77.11609803899995,sectores,0.00982733251355756,Pisco,3.0330587528644015,False,COSTA,4.0,True
150134,-12.074086508999926,-76.99723940499996,sectores,0.0300600743157882,Pisco,2.8844390826434805,False,COSTA,4.0,True
150136,-12.076444784999978,-77.09006733999996,sectores,0.16482636220621105,Pisco,3.006296841528611,False,COSTA,4.0,True
150710,-12.09214306949994,-76.38694889349995,sectores,0.45280259915651816,Pisco,6.567850582296117,False,SIERRA,6.0,False
150123,-12.185408900399954,-76.84220434319997,sectores,1.0633015108350763,Pisco,3.3154521113132986,False,COSTA,4.0,True
120905,-12.076823579999967,-75.24886359399994,sectores,0.24442486099033403,Tarma,1.7357293065889037,True,SIERRA,6.0,True
150115,-12.072332720999952,-77.01738574699993,sectores,0.14382470532052788,Pisco,2.9229753854734013,False,COSTA,4.0,True
150114,-12.088085452999962,-76.92572938299998,sectores,0.31632857592001007,Pisco,2.993506103184845,False,COSTA,4.0,True
070102,-12.06000665199997,-77.10990342399998,sectores,0.22180711192092406,Pisco,3.0451862859175396,False,COSTA,4.0,True
150105,-12.059163877999936,-77.05059241299995,sectores,0.1826473114866782,Pisco,3.0079275106525096,False,COSTA,4.0,True
120107,-12.084632263999936,-75.19835197199995,sectores,0.1911171961796575,Tarma,1.8261112440194882,True,SIERRA,6.0,True
120133,-12.123258790999955,-75.14924206274996,sectores,0.7354601629978978,Tarma,2.025628040092153,False,SIERRA,6.0,True
120901,-12.068360668999958,-75.29055320074997,sectores,0.19037124396109883,Tarma,2.2360817088117484,False,SIERRA,6.0,True
150725,-12.086707492999947,-76.19663563199998,sectores,2.922847433101618,Tarma,6.589789984406817,False,SIERRA,6.0,False
090715,-12.103576141166627,-74.75181684766663,sectores,0.14856933077271745,Tarma,4.357133042300614,False,SIERRA,6.0,True
120907,-12.109182880499972,-75.45209559049997,sectores,0.6496046082610551,Tarma,2.6591110892990573,False,SIERRA,6.0,True
120902,-12.079709273399942,-75.33153588919996,sectores,0.7483059422969089,Tarma,1.981483280308466,True,SIERRA,6.0,True
151030,-12.193625041999951,-75.69559595049998,sectores,6.053235547958204,Tarma,3.612272091827538,False,SIERRA,6.0,True
070103,-12.042884683999944,-77.09041772499995,sectores,0.13290349919145844,Pisco,3.081303896251987,False,COSTA,4.0,True
150101,-12.044540457999972,-77.05082250599997,sectores,0.008790494825075289,Pisco,2.985987507007016,False,COSTA,4.0,True
090717,-12.137733142999963,-74.63185624499997,sectores,0.5307141745243915,Tarma,5.864076840478667,False,SIERRA,6.0,True
120125,-12.047916537999955,-75.25368202499996,sectores,0.3702837850957141,Tarma,1.6633755548826434,True,SIERRA,6.0,True
150111,-12.035807503999932,-76.99106993299995,sectores,0.20537663031219616,Pisco,2.9438862053391506,False,COSTA,4.0,True
120904,-12.037147472249956,-75.34728276599996,sectores,0.45179900964579034,Tarma,2.100776629543273,False,SIERRA,6.0,True
150109,-12.076464905999956,-76.77752615099996,sectores,0.4567402060830383,Pisco,3.33071910867298,False,COSTA,4.0,True
090716,-12.097461801999955,-74.91500627574996,sectores,1.8905515333734773,Tarma,3.614015588635941,False,SIERRA,6.0,True
150128,-12.02358344299995,-77.03267751899995,sectores,0.10265550368974957,Pisco,3.0273692939999672,False,COSTA,4.0,True
120214,-12.07688705219996,-75.54304580239997,sectores,0.4363066757189947,Tarma,2.9775276268038438,False,SIERRA,6.0,True
150103,-12.04034159349996,-76.90482929099994,sectores,0.13900798590438465,Pisco,3.115832114906666,False,COSTA,4.0,True
090707,-12.04677576949993,-74.56278223799998,sectores,0.4296294060443752,Tarma,6.365666253316146,False,SIERRA,6.0,False
151014,-12.095690813499942,-75.82924677499997,sectores,1.7498637082617141,Tarma,4.6278463009949045,False,SIERRA,6.0,True
151028,-12.132025024999962,-75.99132674599997,sectores,2.786154205154974,Tarma,5.300823762369636,False,SIERRA,6.0,True
120134,-12.011385297999936,-75.28796680783329,sectores,0.34086472411666474,Tarma,1.6456298530649065,True,SIERRA,6.0,True
150729,-12.035079904666608,-76.20689451999995,sectores,4.060567682763754,Tarma,5.923134155866145,False,SIERRA,6.0,True
120208,-12.002920009999968,-75.36392838649994,sectores,1.0764267278894522,Tarma,2.0631230874907693,False,SIERRA,6.0,True
150107,-11.991637036999975,-76.76695168599997,sectores,1.3960789186703855,Pisco,3.3868177092968903,False,COSTA,4.0,True
150112,-11.987472870999966,-77.04604435999994,sectores,0.60038799228893,Pisco,3.1596201235034664,False,COSTA,4.0,True
150702,-12.06154468799997,-76.58910384899997,sectores,1.8982041576776763,Pisco,4.078647531836521,False,COSTA,4.0,False
120129,-11.992110073666614,-75.23587739866662,sectores,0.31165425865374524,Tarma,1.9503777848798476,True,SIERRA,6.0,True
120117,-11.96886492249996,-75.24562332599996,sectores,0.4342016790418468,Tarma,1.710450075610886,True,SIERRA,6.0,True
120213,-11.979368456999955,-75.3311979568333,sectores,0.7159634178603286,Tarma,1.7243601177401493,True,SIERRA,6.0,True
070101,-12.016749225999945,-77.12113309199998,sectores,0.9035825291978106,Pisco,3.1418682698176448,False,COSTA,4.0,True
120204,-12.01571290959996,-75.41361049639995,sectores,1.1178749371345023,Tarma,2.1145865230652667,False,SIERRA,6.0,True
150135,-11.992827813999952,-77.08841318799995,sectores,0.18251283460112927,Pisco,3.129634507548291,False,COSTA,4.0,True
120132,-11.953162217666602,-75.25263545199995,sectores,0.17062505922297438,Tarma,1.70349150041371,True,SIERRA,6.0,True
150730,-11.978060857999935,-76.52845976299994,sectores,0.20385335203842325,Tarma,5.145152223462514,False,SIERRA,6.0,True
150715,-11.995219159499953,-76.44740082499996,sectores,1.5686779717970352,Tarma,6.226344256352797,False,SIERRA,6.0,False
120202,-11.953583005499965,-75.39132907374997,sectores,0.6020718698307935,Tarma,1.9861401507678487,True,SIERRA,6.0,True
150117,-11.972420735999949,-77.07436708199998,sectores,0.13534026823826723,Pisco,3.1306839207543096,False,COSTA,4.0,True
150721,-12.160377750499947,-76.14807950749996,sectores,6.168754001455208,Tarma,5.922315699611175,False,SIERRA,6.0,True
150714,-11.937756125999954,-76.62295519399999,sectores,1.919123822340113,Pisco,3.7830063872732427,False,COSTA,4.0,True
120101,-12.01999116233327,-75.13048408966664,sectores,1.0476515726184743,Tarma,2.1572060843255714,False,SIERRA,6.0,True
120211,-11.93013911549994,-75.34960844399995,sectores,0.8661599809807713,Tarma,1.4323800134015823,True,SIERRA,6.0,True
170104,-12.644980320399963,-69.67818925099996,sectores,12.69609623883341,Juliaca,8.823258688609169,False,SELVA BAJA,6.0,False
150727,-11.925904831999958,-76.56064201599997,sectores,0.9031716883666548,Tarma,3.747067310450141,False,COSTA,4.0,True
120130,-11.93910672566661,-75.28817357099997,sectores,0.5628398133724362,Tarma,1.5768295275211397,True,SIERRA,6.0,True
150110,-11.927920622999949,-77.03740747999996,sectores,0.34321365662141784,Pisco,3.2429161628846397,False,COSTA,4.0,True
150720,-11.952921799999956,-76.14747393599998,sectores,3.31519462069387,Tarma,5.062744848449187,False,SIERRA,6.0,True
120201,-11.90849045799996,-75.31339104466662,sectores,0.49619202092766296,Tarma,1.5758524923536732,True,SIERRA,6.0,True
150709,-12.058707883249951,-76.27149956174996,sectores,2.608133395702963,Tarma,6.196500944016232,False,SIERRA,6.0,False
120212,-11.890245272999948,-75.31611197999996,sectores,0.4009152234200412,Tarma,1.5810937172713553,True,SIERRA,6.0,True
150118,-11.963301258499948,-76.81614178249997,sectores,1.334960222867339,Pisco,3.386978134841757,False,COSTA,4.0,True
120431,-11.916817382499953,-75.44706003809996,sectores,1.8739246121260669,Tarma,2.574922104204834,False,SIERRA,6.0,True
120114,-12.002435581666626,-75.19149166066664,sectores,0.719095347181813,Tarma,2.028212166313555,False,SIERRA,6.0,True
150717,-11.914092668999956,-76.50131360599994,sectores,1.3739051485796083,Tarma,3.634047531385742,False,SIERRA,6.0,True
150132,-11.945962191999968,-76.97148873299994,sectores,0.3327686731163986,Pisco,3.273203361965221,False,COSTA,4.0,True
120210,-11.880658146666633,-75.36308332199997,sectores,0.5250991129590854,Tarma,1.4395201450015656,True,SIERRA,6.0,True
120215,-11.869911028999951,-75.30700013349997,sectores,0.743136972553338,Tarma,1.5665200681562301,True,SIERRA,6.0,True
150718,-11.98498215349997,-76.34901903549996,sectores,5.19482452856517,Tarma,7.2907354716089365,False,SIERRA,6.0,False
120413,-11.866625223499966,-75.42972992849997,sectores,1.8178407882060443,Tarma,1.2845370032847852,True,SIERRA,6.0,True
120423,-11.861789950874957,-75.50602082212497,sectores,0.4008603471245833,Tarma,1.654217250981763,True,SIERRA,6.0,True
120128,-11.905328931999946,-75.21004460399996,sectores,1.8113880662506543,Tarma,2.1938504292740513,False,SIERRA,6.0,True
070106,-11.879115535999972,-77.13086870599994,sectores,0.13805491570601777,Pisco,3.4067330979110153,False,COSTA,4.0,True
120124,-11.992976568499964,-74.84932135233329,sectores,3.4255131538079127,Tarma,4.111540107912599,False,SIERRA,6.0,True
120420,-11.837596958999965,-75.43692034449995,sectores,0.2681632902766104,Tarma,1.2444356079109005,True,SIERRA,6.0,True
170201,-12.647954285999958,-71.3859110008333,sectores,5.098566558416933,Sicuani,6.974837521533252,False,SELVA BAJA,6.0,False
120207,-11.839383926999952,-75.2838320573333,sectores,1.9525550168565717,Tarma,1.8493411783406124,True,SIERRA,6.0,True
120127,-11.864777681999954,-75.2624086543333,sectores,1.6724663587022863,Tarma,1.8536722344513041,True,SIERRA,6.0,True
150125,-11.870821251999956,-77.08703975999995,sectores,0.07633773211252594,Pisco,3.358801603648442,False,COSTA,4.0,True
120421,-11.82779194799997,-75.45654523749997,sectores,1.1974621897494102,Tarma,1.2046602397608268,True,SIERRA,6.0,True
120409,-11.815618630999978,-75.47768651599998,sectores,0.6106357295954838,Tarma,1.1781773649481802,True,SIERRA,6.0,True
120122,-11.871317114666624,-75.23979363599996,sectores,0.6694210499484263,Tarma,1.956744157886037,True,SIERRA,6.0,True
120428,-11.844464879666626,-75.38620782799995,sectores,0.522955086174784,Tarma,1.3758344394067374,True,SIERRA,6.0,True
120407,-11.81465517899997,-75.38526394449997,sectores,2.503335311090377,Tarma,1.318913248173737,True,SIERRA,6.0,True
150732,-11.881594942999962,-76.45118146933329,sectores,0.5951092759069839,Tarma,3.4877957989562813,False,SIERRA,6.0,True
120430,-11.792653341999936,-75.48329113099999,sectores,0.23416335036190908,Tarma,1.13775839236827,True,SIERRA,6.0,True
120425,-11.818164686999964,-75.53832916699996,sectores,1.9665352801021205,Tarma,1.3297052225978656,True,SIERRA,6.0,True
150139,-11.805006531999936,-77.16325275499997,sectores,0.351003485397799,Pisco,3.572384720675834,False,COSTA,4.0,True
120404,-11.795602242999934,-75.44675294099997,sectores,0.10831838981166746,Tarma,1.1625259540805806,True,SIERRA,6.0,True
150703,-11.815794065499972,-76.58053363749997,sectores,2.105341118255348,Pisco,6.299272112410026,False,COSTA,4.0,False
120434,-11.7930147403333,-75.51540653799997,sectores,0.2611066291608928,Tarma,1.2521956806534364,True,SIERRA,6.0,True
120414,-11.817145145333294,-75.59355370166662,sectores,1.0742391382713012,Tarma,1.5565011300007447,True,SIERRA,6.0,True
150723,-11.837086147999969,-76.51822826749995,sectores,1.3426484136189918,Pisco,5.644477604438569,False,SIERRA,6.0,True
150728,-11.858273293999956,-76.64900943499998,sectores,0.9694502125567247,Pisco,3.8836603914222123,False,COSTA,4.0,True
120401,-11.774085680999974,-75.49113851199996,sectores,0.18901864969402135,Tarma,1.0761072548758368,True,SIERRA,6.0,True
120809,-11.83331622999998,-75.97817957999996,sectores,2.0484884035282405,Tarma,3.4956228201228496,False,SIERRA,6.0,True
120416,-11.783141299333295,-75.42474220666664,sectores,0.4606777541217998,Tarma,1.2717146278963642,True,SIERRA,6.0,True
120408,-11.791742425999965,-75.40399526866662,sectores,0.8488900822355318,Tarma,1.3806601681649437,True,SIERRA,6.0,True
120405,-11.918686340499931,-75.76012628299995,sectores,0.20657643743150886,Tarma,2.7633162731115077,False,SIERRA,6.0,True
120410,-11.768530495999954,-75.46429438999996,sectores,1.1123973324152556,Tarma,1.1515636109715799,True,SIERRA,6.0,True
120411,-11.763439742499969,-75.61811687399995,sectores,0.4041737226585964,Tarma,1.611145081924746,True,SIERRA,6.0,True
120417,-11.77994072599995,-75.35598338799997,sectores,0.5776754401351059,Tarma,1.7152529831953618,True,SIERRA,6.0,True
120412,-11.754255469999976,-75.42888506399999,sectores,0.8958822726594554,Tarma,1.290334264876605,True,SIERRA,6.0,True
150724,-11.765104355999938,-76.55520828699997,sectores,3.5788274666935744,Tarma,6.071156373401076,False,COSTA,4.0,False
120415,-11.76339832849996,-75.56777217349996,sectores,1.258455504176117,Tarma,1.2987693909387177,True,SIERRA,6.0,True
120424,-11.750677716999954,-75.49316509433328,sectores,0.7235665535675171,Tarma,1.1164886482059948,True,SIERRA,6.0,True
120406,-11.77903918599994,-75.65422411066662,sectores,1.8603075183086657,Tarma,1.7221229987866655,True,SIERRA,6.0,True
150701,-11.824320689499956,-76.37660149549995,sectores,0.04746304864986949,Tarma,3.8829553451322267,False,SIERRA,6.0,True
120429,-11.719955486999956,-75.48835283266664,sectores,1.4972231793067516,Tarma,1.2019773799452134,True,SIERRA,6.0,True
150106,-11.823787532833308,-77.01082871966662,sectores,0.9083959986348259,Pisco,3.526265875974372,False,COSTA,4.0,True
150722,-11.798543411999939,-76.27035409299997,sectores,0.25108712129315625,Tarma,3.9716167358909127,False,SIERRA,6.0,True
150719,-11.718968848999964,-76.46909533299998,sectores,6.9817372119873164,Tarma,4.610248506219856,False,SIERRA,6.0,True
120135,-11.832673079749938,-74.71229360099996,sectores,5.119277258746316,Satipo,6.548913972235444,False,SIERRA,6.0,False
150716,-11.752589004666618,-76.70116950033328,sectores,0.8133903611452477,Pisco,7.846639650748404,False,COSTA,4.0,False
120432,-11.700307988499958,-75.59925217749995,sectores,0.6051254013125755,Tarma,0.9831088844031461,True,SIERRA,6.0,True
120802,-11.725819314999947,-75.81729738066662,sectores,3.71433098119779,Tarma,2.2164716947269216,False,SIERRA,6.0,True
120803,-11.717136767999932,-75.96532906999994,sectores,2.381635197748564,Tarma,2.4723100834604548,False,SIERRA,6.0,True
120422,-11.6882921223333,-75.52645344566663,sectores,3.4199246268590917,Tarma,1.4615104798441594,True,SIERRA,6.0,True
150707,-11.702691635499946,-76.59033166099996,sectores,0.33518004895071196,Tarma,5.270071843127285,False,SIERRA,6.0,True
120433,-11.68942667866662,-75.47760803266662,sectores,1.1136864257099106,Tarma,1.3060314249169525,True,SIERRA,6.0,True
150402,-11.639799470749935,-76.67866249524997,sectores,1.396462283023004,Pisco,5.08938761471062,False,SIERRA,6.0,True
120810,-11.709610913999938,-76.09813965999996,sectores,0.2875348654025457,Tarma,2.0437262059837367,False,SIERRA,6.0,True
120402,-11.677587887333281,-75.56003605333329,sectores,1.118309908656023,Tarma,0.8597418266811067,True,SIERRA,6.0,True
150102,-11.702526973999966,-77.09580085399995,sectores,4.516910658938917,Pisco,3.6140297772240406,False,COSTA,4.0,True
150705,-11.664488931999928,-76.24380078799999,sectores,0.4101286708459011,Tarma,2.5362885341036,False,SIERRA,6.0,True
150704,-11.622483394499966,-76.44906585499996,sectores,0.3597517128701379,Tarma,4.461315526584379,False,SIERRA,6.0,True
150407,-11.675922962399955,-76.86557554179996,sectores,1.3269890806922384,Pisco,4.014224310925876,False,COSTA,4.0,False
120205,-11.638380074749946,-75.11744017249997,sectores,0.30159672955007316,Tarma,4.372735114466354,False,SIERRA,6.0,True
120203,-11.675342857666616,-74.84995817899996,sectores,1.5013783385506738,Satipo,4.1743608072104825,False,SIERRA,6.0,True
120209,-11.594097377999958,-75.10227984133331,sectores,0.38703997544699076,Tarma,5.252130888194884,False,SIERRA,6.0,True
120426,-11.669645703666626,-75.65501994799996,sectores,0.32040038747506966,Tarma,0.9782266360915383,True,SIERRA,6.0,True
150405,-11.547495992666617,-76.64683087733329,sectores,0.7271980838633699,Tarma,5.993992563185761,False,SIERRA,6.0,True
120808,-11.55760320899998,-75.98645274399996,sectores,3.4197214506018834,Tarma,1.4020358851453425,True,SIERRA,6.0,True
150708,-11.55402209099995,-76.44247692449997,sectores,1.892156868255262,Tarma,5.632334016149888,False,SIERRA,6.0,True
190301,-10.62638753833329,-75.37817686366662,sectores,0.8200192806705584,Tarma,2.8949527055754283,False,SELVA ALTA,6.0,True
190113,-10.64275725042853,-76.20845258242854,sectores,0.31077855083838746,Tarma,2.6375624287788164,False,SIERRA,6.0,True
190102,-10.592981806666621,-75.7941577213333,sectores,1.960679268671655,Tarma,4.346926240301289,False,SIERRA,6.0,True
190307,-10.680075969999951,-75.22024060939995,sectores,1.5425966348317899,Tarma,3.1805520980242585,False,SELVA ALTA,6.0,True
190208,-10.53747144999997,-76.44057061099997,sectores,0.32916480719976826,Tarma,3.459496688791933,False,SIERRA,6.0,True
150304,-10.519572725249944,-77.09116636024996,sectores,0.9840868565560399,Tarma,9.412449644871929,False,SIERRA,6.0,False
190110,-10.53735617139996,-76.06124673459996,sectores,2.1750479237400597,Tarma,4.738914468389852,False,SIERRA,6.0,True
190108,-10.54212318149996,-76.22536906549996,sectores,0.4105415397168429,Tarma,3.3054401648005802,False,SIERRA,6.0,True
021404,-10.50347076999998,-77.22482968199995,sectores,2.047807942724588,Pisco,8.767838557766876,False,SIERRA,6.0,False
150901,-10.68529226685711,-76.78473437257139,sectores,0.3070255182634127,Tarma,5.272212825237409,False,SIERRA,6.0,True
190201,-10.515568014454495,-76.54042481945451,sectores,1.6157122313467778,Tarma,3.567552794406836,False,SIERRA,6.0,True
021402,-10.518296532999956,-77.33944884399995,sectores,6.344511727211375,Pisco,7.206818843481026,False,SIERRA,6.0,False
190103,-10.438013027499958,-76.17538029949996,sectores,1.397078271761805,Tarma,2.944432770494646,False,SIERRA,6.0,True
021410,-10.440172108999946,-77.35868894699996,sectores,0.5469243649899747,Pisco,9.349480902914483,False,SIERRA,6.0,False
190205,-10.418219129999954,-76.53053841049996,sectores,1.317480762336997,Tarma,5.479171750365767,False,SIERRA,6.0,True
190106,-10.42220660099996,-76.24730466419996,sectores,1.1752429638211586,Tarma,3.3056797438235828,False,SIERRA,6.0,True
190207,-10.417910391999953,-76.47091122466662,sectores,0.38236075816184667,Tarma,4.064415686420681,False,SIERRA,6.0,True
021408,-10.415662422999958,-77.22843604899998,sectores,1.5174339515202153,Pisco,10.390389678918705,False,SIERRA,6.0,False
021409,-10.47472621399993,-77.56887052499997,sectores,3.105023709484002,Pisco,7.548742855572826,False,COSTA,4.0,False
021407,-10.37911067899995,-77.21445085999994,sectores,0.672314803126848,Pisco,10.560345841414525,False,SIERRA,6.0,False
150202,-10.485872691999967,-77.74321683733329,sectores,0.236241566403098,Pisco,5.965214032869995,False,COSTA,4.0,False
190206,-10.47629882274996,-76.32831060974996,sectores,1.063627616136753,Tarma,3.7053219304367118,False,SIERRA,6.0,True
190202,-10.446600971999942,-76.39556858099996,sectores,0.6332856628745238,Tarma,3.6253206855602875,False,SIERRA,6.0,True
020506,-10.33445527799995,-77.19098104799997,sectores,0.17392894471309087,Pisco,9.615035881961653,False,SIERRA,6.0,False
150301,-10.469339650333287,-76.97033402416663,sectores,0.5847122593439118,Tarma,7.677938636566209,False,SIERRA,6.0,False
020502,-10.309948438999982,-77.15975893799998,sectores,0.22086057241433188,Pisco,9.514687632881625,False,SIERRA,6.0,False
190204,-10.346217110249938,-76.44190563174996,sectores,1.0598877561637294,Tarma,5.251290904445232,False,SIERRA,6.0,True
150302,-10.37883179533327,-77.04855877133328,sectores,3.260153649883039,Tarma,9.023695224265689,False,SIERRA,6.0,False
021406,-10.319371996999962,-77.42408168599997,sectores,1.9339188065117883,Pisco,9.999710090025978,False,COSTA,4.0,False
020512,-10.36093072999995,-77.10473592399995,sectores,0.2254317170459094,,inf,False,SIERRA,6.0,False
021401,-10.380607533999978,-77.36440914099995,sectores,1.9306804750479716,Pisco,9.559102520034449,False,SIERRA,6.0,False
020511,-10.301867580999954,-77.10628547699997,sectores,4.3579529369628505,Pisco,9.840870897777798,False,SIERRA,6.0,False
021403,-10.333390104999978,-77.23670575099999,sectores,1.5571956738719057,Pisco,10.374657876813535,False,SIERRA,6.0,False
020514,-10.291528379999932,-77.20985594399997,sectores,0.7799598339691456,Pisco,9.090185628245111,False,SIERRA,6.0,False
100206,-10.32776414679995,-76.27488724419996,sectores,1.6685940718109815,Tarma,5.428778829232106,False,SIERRA,6.0,True
100207,-10.320230922999958,-76.14895067169226,sectores,0.6148761757364233,Tarma,4.347230548266539,False,SIERRA,6.0,True
020507,-10.303023871999955,-77.58287924699997,sectores,0.7608351895183686,Pisco,6.789602987533916,False,COSTA,4.0,False
020510,-10.246945065999968,-77.41077642899995,sectores,2.723958106760411,Pisco,9.356142418967295,False,SIERRA,6.0,False
020513,-10.23892738799998,-77.00341692499995,sectores,7.482503123661798,Pisco,10.198415541394287,False,SIERRA,6.0,False
020515,-10.23247613999996,-77.20803507699998,sectores,0.47219217017579884,Pisco,8.591587318404622,False,SIERRA,6.0,False
190303,-10.417229169749959,-75.59194268249995,sectores,0.9488962369379137,Tarma,4.1920723733993634,False,SELVA ALTA,6.0,True
020503,-10.20324378999993,-77.49986822299996,sectores,4.703289601213913,Pisco,7.278660104967166,False,SIERRA,6.0,False
100203,-10.25542698299995,-76.45109457199996,sectores,2.636055601421093,Tarma,5.383699038717563,False,SIERRA,6.0,True
020505,-10.190445243999932,-77.34248940599997,sectores,1.7448997463483142,Pisco,7.6409822641967295,False,SIERRA,6.0,False
250201,-10.588010063899958,-73.60967207989998,sectores,22.00747614447337,Satipo,6.564496511222722,False,SELVA BAJA,6.0,False
100202,-10.219567970999956,-76.36569353449995,sectores,0.8360639502910986,Tarma,6.233972232719579,False,SIERRA,6.0,False
101004,-10.182012883999931,-76.86427436249997,sectores,1.9664183414792966,Tarma,9.249204784631454,False,SIERRA,6.0,False
100205,-10.199463193545414,-76.26687705063632,sectores,2.793051790829618,Tarma,4.021433117092284,False,SIERRA,6.0,True
101007,-10.280244812555509,-76.63500362455551,sectores,3.1432467769842494,Tarma,6.636287449228602,False,SIERRA,6.0,False
020501,-10.18721737149994,-77.17151086299995,sectores,2.8841322127219637,Pisco,9.008825213298039,False,SIERRA,6.0,False
100201,-10.159807937714236,-76.15909165699998,sectores,0.7100171802490134,Tarma,4.047402340894679,False,SIERRA,6.0,True
021705,-10.108029603999968,-77.58749146399998,sectores,0.6461416272329984,Pisco,7.985511604922985,False,SIERRA,6.0,False
101001,-10.13720205837496,-76.69585510637496,sectores,0.8264490397860765,Tarma,7.7211026687527715,False,SIERRA,6.0,False
100208,-10.069421942499957,-76.18775181149996,sectores,2.7264898960793835,Tarma,3.846578547603542,False,SIERRA,6.0,True
101002,-10.087874013999949,-76.76395758614281,sectores,2.8805569832532765,Tarma,7.963969774665642,False,SIERRA,6.0,False
021707,-10.094083609999927,-77.37323436999998,sectores,2.936865519269864,Pisco,9.086330746204336,False,SIERRA,6.0,False
021708,-10.119199210999966,-77.65383376799997,sectores,4.687411162618674,Pisco,7.801399954452474,False,SIERRA,6.0,False
101003,-10.033741147999962,-76.67238536674996,sectores,0.38148696655060776,Tarma,7.099137335412868,False,SIERRA,6.0,False
100204,-10.060036612666616,-76.23587384566663,sectores,0.5724177466384706,Tarma,4.065932490727333,False,SIERRA,6.0,True
020509,-10.116907170999951,-77.07430724199995,sectores,2.148919725410052,Pisco,10.227430280980935,False,SIERRA,6.0,False
021706,-10.074218394999946,-77.45433682399994,sectores,2.750676204800443,Pisco,7.899388094083323,False,SIERRA,6.0,False
021704,-10.05772871499994,-77.51468274999996,sectores,1.5520684761439116,Pisco,8.872224269194891,False,SIERRA,6.0,False
100107,-9.99394709024996,-76.32037694549997,sectores,1.1164547396904387,Tarma,4.843863953656623,False,SELVA ALTA,6.0,True
190305,-10.09791733524996,-75.58606790649998,sectores,4.437087165526477,Tarma,4.831771658191091,False,SELVA ALTA,6.0,True
100108,-10.083597069714244,-76.43123201014282,sectores,2.3119309622624575,Tarma,6.818033729426899,False,SIERRA,6.0,False
100111,-10.043970398999932,-76.28350402449996,sectores,2.3870703054191975,Tarma,4.817148261486885,False,SIERRA,6.0,True
021709,-10.00275593799995,-77.53988326299998,sectores,1.2099284410119466,Pisco,10.401104405644425,False,SIERRA,6.0,False
021102,-9.985848695999948,-77.69227311899994,sectores,2.116273481815892,Huamachuco,9.753314231493865,False,SIERRA,6.0,False
101006,-9.975976293599956,-76.62966746079996,sectores,0.6200522708513009,Tarma,6.899452426801359,False,SIERRA,6.0,False
100110,-9.959300300999947,-76.44560735166662,sectores,1.7168234211097337,Tarma,4.995443202146965,False,SIERRA,6.0,True
170301,-11.098094717749959,-69.89477472349996,sectores,3.916981079441539,Juliaca,15.223793937127656,False,SELVA BAJA,6.0,False
100105,-10.031901104749963,-76.52711174349996,sectores,0.11936062929126764,Tarma,5.787292294455553,False,SIERRA,6.0,True
100803,-9.983475619999956,-76.05079631939996,sectores,1.3882225023779444,Tarma,6.328655813633153,False,SIERRA,6.0,False
100102,-9.955593204999957,-76.19337483099994,sectores,2.6089793051768457,Tarma,5.120324286266046,False,SIERRA,6.0,True
101103,-9.898063324999953,-76.62764755449996,sectores,0.38124248557329415,Tarma,6.823293740349853,False,SIERRA,6.0,False
190304,-10.170269252666628,-75.29819524599996,sectores,0.4492121446540185,Tarma,6.5448927864751765,False,SELVA BAJA,6.0,False
101005,-9.979704423833283,-76.72947041116663,sectores,1.8092127156668572,Tarma,7.590847045281309,False,SIERRA,6.0,False
101108,-9.907747724999941,-76.56734414633331,sectores,1.0778959864391577,Tarma,6.3377241811671885,False,SIERRA,6.0,False
021703,-9.937556017999952,-77.54092834399995,sectores,2.169019059972367,Pisco,9.981503874610407,False,SIERRA,6.0,False
021105,-9.924726091999958,-77.68349413399997,sectores,0.5923082086641055,Huamachuco,9.705319885081117,False,SIERRA,6.0,False
100101,-9.894156843599944,-76.29361549159997,sectores,0.12269880844833021,Tarma,5.3708206067293505,False,SELVA ALTA,6.0,True
021104,-9.905447170499968,-77.75924742699996,sectores,1.9827599061907004,Huamachuco,8.427378077681523,False,SIERRA,6.0,False
100801,-9.937640738333288,-75.93635067922219,sectores,1.0246800745171398,Tarma,6.99946796810742,False,SIERRA,6.0,False
101102,-9.866183302999957,-76.64507794199994,sectores,1.9210127068195062,Tarma,6.968663095648482,False,SIERRA,6.0,False
020504,-9.96558754649996,-77.12600748599996,sectores,2.872238616855013,Tarma,8.536706022600187,False,SIERRA,6.0,False
100106,-9.880425453666618,-76.41034676066663,sectores,2.021462348035873,Tarma,4.902576145779249,False,SIERRA,6.0,True
021101,-10.093330249499957,-77.94669889949995,sectores,9.397084423896153,Huamachuco,7.158190118937503,False,COSTA,4.0,False
101105,-9.876424957999973,-76.50894571199996,sectores,0.4222437994254152,Tarma,5.6619771451848235,False,SIERRA,6.0,True
100804,-9.864971303099964,-76.01811605619996,sectores,0.5430352866964426,Tarma,5.307760706203485,False,SIERRA,6.0,True
100301,-9.895372165249952,-76.80237846374996,sectores,0.58740963904831,Tarma,7.706649605093734,False,SIERRA,6.0,False
020205,-9.840274616999949,-77.62862498699997,sectores,2.3709697098675586,Huamachuco,10.799222419108084,False,SIERRA,6.0,False
101106,-9.805197116799956,-76.66943204419997,sectores,0.24239691303809976,Tarma,7.44224756293332,False,SIERRA,6.0,False
020203,-9.774945975499946,-77.68136846799996,sectores,1.7954870071607179,Huamachuco,10.259803753032937,False,SIERRA,6.0,False
120801,-11.604202260333276,-75.87782155166663,sectores,3.694994559680647,Tarma,1.4915082385305989,True,SIERRA,6.0,True
150712,-11.58518055899998,-76.53170234199996,sectores,2.012074078467341,Tarma,5.755860069068053,False,SIERRA,6.0,True
120427,-11.575628204999967,-75.49254847699996,sectores,1.2426635565082702,Tarma,1.4554765876982687,True,SIERRA,6.0,True
120703,-11.509984682499947,-75.60238117424996,sectores,2.720124030523271,Tarma,0.9132783765683906,True,SIERRA,6.0,True
120418,-11.657370879666624,-75.37225173566661,sectores,0.5967910882108791,Tarma,2.1955339552054998,False,SIERRA,6.0,True
120403,-11.752056151666617,-75.31157677649995,sectores,2.329134404407953,Tarma,2.105035928802402,False,SIERRA,6.0,True
120206,-11.672242425599938,-75.03504355959996,sectores,0.31368258011822775,Tarma,3.752253394066057,False,SIERRA,6.0,True
150403,-11.52073540039994,-76.79858751459994,sectores,4.9512566766163,Tarma,5.9098873379233,False,SIERRA,6.0,True
150401,-11.47358576024996,-76.59482206549997,sectores,0.1635028370330167,Tarma,4.674388297609463,False,SIERRA,6.0,True
120805,-11.544536509999944,-76.12332367699997,sectores,5.014380434219181,Tarma,2.261082117974902,False,SIERRA,6.0,True
150605,-11.524083201999948,-77.2758532423333,sectores,0.3768301798181324,Pisco,4.117161736243854,False,COSTA,4.0,False
170103,-12.234407062999955,-69.18799481599994,sectores,1.8118729486443081,Juliaca,10.73418683606334,False,SELVA BAJA,6.0,False
120701,-11.434149619499957,-75.72652522199995,sectores,1.53661144863067,Tarma,0.12242149592741695,True,SIERRA,6.0,True
150604,-11.550896172799957,-77.13207127999995,sectores,2.4562560258647363,Pisco,4.138632101460935,False,COSTA,4.0,False
120709,-11.42471164999995,-75.54193568179996,sectores,0.6227818149969102,Tarma,1.2533743884618784,True,SIERRA,6.0,True
120603,-11.461214942999959,-74.64983708449995,sectores,12.233659888677389,Satipo,1.1190060056059656,True,SELVA ALTA,6.0,True
150406,-11.44600457599997,-76.67254782933328,sectores,4.393164875534168,Tarma,4.746775058727705,False,SIERRA,6.0,True
120806,-11.44011874599994,-75.99227188599997,sectores,0.8330384451466651,Tarma,3.203965047422972,False,SIERRA,6.0,True
170303,-11.637824761874953,-69.31160635949996,sectores,1.4797879816842634,Juliaca,12.284699780918448,False,SELVA BAJA,6.0,False
120705,-11.365954555999949,-75.80188121699997,sectores,0.7285727261335974,Tarma,1.0627629910341507,True,SIERRA,6.0,True
150611,-11.404379984333294,-76.79477816499997,sectores,0.47520097551718504,Tarma,6.59847596964524,False,SIERRA,6.0,False
120606,-11.625696256714248,-74.37676050014282,sectores,0.4237411071275192,Satipo,1.5218148070261759,True,SELVA ALTA,6.0,True
170202,-12.176978713333293,-71.20045344199997,sectores,29.623673457763665,Sicuani,8.71733308076181,False,SELVA BAJA,6.0,False
150404,-11.392713916999961,-76.54736600366662,sectores,1.4359820014733848,Tarma,4.164897573422453,False,SIERRA,6.0,True
120702,-11.353338647999953,-75.64740911499996,sectores,0.17974493581819223,Tarma,0.19937802606046592,True,SIERRA,6.0,True
150603,-11.338525115199968,-76.78135754779996,sectores,2.723701525815625,Tarma,6.092549058340608,False,SIERRA,6.0,False
120605,-11.409905236249955,-74.81625670424995,sectores,5.407315525379703,Satipo,1.129540386449169,True,SELVA ALTA,6.0,True
120602,-11.317594085999957,-74.64943329449997,sectores,1.274991009172677,Satipo,0.3685992894133246,True,SELVA ALTA,6.0,True
120419,-11.386179935999962,-75.30246153233328,sectores,2.973586403028897,Tarma,2.4266119195687472,False,SIERRA,6.0,True
150609,-11.284123700999961,-76.78940386166663,sectores,0.1344612209923344,Tarma,5.974772277284127,False,SIERRA,6.0,True
150601,-11.426808909499954,-77.16120348124996,sectores,2.165321517748151,Pisco,4.594466507100387,False,COSTA,4.0,False
120804,-11.404878524999958,-76.25770060699995,sectores,3.9338823376879146,Tarma,4.068132831275769,False,SIERRA,6.0,True
120706,-11.32114496274994,-75.52439892874996,sectores,3.1726546584694124,Tarma,0.42197408747751375,True,SIERRA,6.0,True
150602,-11.285839367166622,-76.63645465733329,sectores,4.677601764678328,Tarma,5.18581011365345,False,SIERRA,6.0,True
170302,-11.353038783285674,-69.60309753857139,sectores,1.9621630842065905,Juliaca,13.087440885253935,False,SELVA BAJA,6.0,False
080902,-12.49056179124996,-72.87788611312496,sectores,5.162139130983028,Sicuani,10.209283898704149,False,SELVA ALTA,6.0,False
120707,-11.286046311999959,-75.78251991499997,sectores,0.793015293532537,Tarma,0.6775469311436292,True,SIERRA,6.0,True
120306,-11.240321921249958,-75.29790122999995,sectores,2.9618489753889117,Tarma,1.6131255979154937,True,SELVA ALTA,6.0,True
120604,-11.34937627812495,-74.38681988274996,sectores,0.3334725935827751,Satipo,1.4181009625043264,True,SELVA ALTA,6.0,True
150607,-11.241399938499939,-76.84424445599996,sectores,0.30520473729108655,Tarma,5.7818328561772985,False,SIERRA,6.0,True
150801,-11.208967265749948,-77.48537203674996,sectores,1.6773235240467774,Pisco,5.0747845565470495,False,COSTA,4.0,False
150606,-11.182017593874953,-76.95502991224997,sectores,0.5564227873211306,Pisco,6.522467776497469,False,SIERRA,6.0,False
150803,-11.087978904999945,-77.62002468099996,sectores,0.4399971634341688,Pisco,5.0151546834409695,False,COSTA,4.0,False
150805,-11.092787236999982,-77.60695786799994,sectores,0.09721491163478103,Pisco,4.954998166573659,False,COSTA,4.0,False
120807,-11.198046741999974,-76.36486121099995,sectores,1.2832045962573102,Tarma,3.537715136904892,False,SIERRA,6.0,True
150810,-11.115008011333279,-77.47556169466662,sectores,1.3032224886074277,Pisco,5.938192825361588,False,COSTA,4.0,False
150610,-11.174147656999954,-76.59058829366664,sectores,4.341336236439101,Tarma,4.425265389288074,False,SIERRA,6.0,True
120305,-11.153984750999962,-75.39028541639998,sectores,1.3851999728819462,Tarma,1.0800742279058249,True,SELVA ALTA,6.0,True
150612,-11.167121585499956,-76.77043672149995,sectores,2.8170290752962024,Tarma,6.152610492953378,False,SIERRA,6.0,False
170101,-12.579872001083288,-69.43257322249995,sectores,5.48306497196771,Juliaca,9.854397039016,False,SELVA BAJA,6.0,False
150608,-11.153082936249945,-76.67266820074997,sectores,3.9398778287457876,Tarma,4.647232918325984,False,SIERRA,6.0,True
120601,-11.196044039833291,-74.6180556923333,sectores,2.421653616581928,Satipo,0.07325390389306843,True,SELVA ALTA,6.0,True
150807,-11.058140883799956,-76.95683080519997,sectores,0.09948881363041419,Pisco,7.65764079022874,False,SIERRA,6.0,False
120607,-11.099613444249954,-74.69335373337495,sectores,0.5948012991540742,Satipo,0.34080490517715584,True,SELVA ALTA,6.0,True
120708,-11.10502971699996,-75.78299858299998,sectores,0.39114054945794996,Tarma,2.6865521145667253,False,SIERRA,6.0,True
120501,-11.188785277999957,-76.01190594399998,sectores,0.8847041735652024,Tarma,1.531278544663498,True,SIERRA,6.0,True
120503,-11.091403398999944,-76.18201243599998,sectores,0.6071118554673661,Tarma,2.5602735728032444,False,SIERRA,6.0,True
120704,-11.181014637166621,-75.64370585933328,sectores,1.8832235588158384,Tarma,2.380500258325494,False,SIERRA,6.0,True
150811,-11.126753291749964,-77.21593195999996,sectores,1.5039868543415191,Pisco,5.098870418021376,False,COSTA,4.0,False
150806,-11.034236304599949,-77.46680896179996,sectores,0.18537200280564634,Pisco,5.406717129984472,False,COSTA,4.0,False
150808,-10.970383962199946,-76.96387836339996,sectores,1.7669980444646756,Pisco,7.603313908049982,False,SIERRA,6.0,False
150812,-10.964858042249958,-77.60369172349996,sectores,0.2639012498636155,Pisco,5.281489559023558,False,COSTA,4.0,False
120301,-11.011138200285668,-75.33497321671426,sectores,2.007776465938712,Tarma,1.4426492555215393,True,SELVA ALTA,6.0,True
150809,-10.979808552749944,-76.69354678199996,sectores,1.6359695878306697,Tarma,5.146262519911878,False,SIERRA,6.0,True
150804,-10.917696345799948,-76.86018133379997,sectores,0.7452824866748571,Tarma,7.403437620376936,False,SIERRA,6.0,False
120502,-10.913932512999963,-76.02098378799997,sectores,0.42243030024839334,Tarma,1.8709465852954839,True,SIERRA,6.0,True
190112,-10.876416494999944,-76.25328795899995,sectores,0.2398683648071889,Tarma,2.2553546469981938,False,SIERRA,6.0,True
120304,-10.845534294749953,-75.27439707099997,sectores,0.8231845572092986,Tarma,1.848236280264888,True,SELVA ALTA,6.0,True
150205,-10.785247863999928,-77.72567981799995,sectores,0.9937530470092104,Pisco,5.468398388428522,False,COSTA,4.0,False
150904,-10.880796932749945,-77.11322001099995,sectores,0.17053845481594784,Pisco,7.343461304414079,False,SIERRA,6.0,False
150906,-10.833984057142809,-76.80337243899997,sectores,0.3936270988619479,Tarma,7.52162627713663,False,SIERRA,6.0,False
120608,-11.382030964818135,-73.9135935042727,sectores,17.325418791350522,Satipo,3.1927163222174393,False,SELVA ALTA,6.0,True
150905,-10.84988547666662,-77.04601756099999,sectores,2.7143281954027056,Pisco,7.1915369063418675,False,SIERRA,6.0,False
190104,-10.95195873199998,-76.42548595399995,sectores,2.7671003620023713,Tarma,3.3240972407032814,False,SIERRA,6.0,True
120504,-10.940606135363593,-75.79593247390905,sectores,2.3710290225231483,Tarma,2.8737567189197355,False,SIERRA,6.0,True
190111,-10.76054819199993,-76.24839109899995,sectores,0.8116383480124165,Tarma,2.1151379312446834,False,SIERRA,6.0,True
250202,-11.053652019999959,-73.03443417866663,sectores,4.917815684307643,,inf,False,SELVA BAJA,6.0,False
150204,-10.799342093249948,-77.62793257949997,sectores,2.3331774733776744,Pisco,5.899966546729845,False,COSTA,4.0,False
120303,-10.98927795066662,-74.83262394833329,sectores,3.570302974012502,Satipo,0.7197304329867058,True,SELVA ALTA,6.0,True
150903,-10.775897236666632,-76.98826438599997,sectores,0.2164166787831662,Tarma,7.181405764072311,False,SIERRA,6.0,False
190101,-10.70116907199997,-76.24658910799997,sectores,1.1925653639371805,Tarma,2.412269846048026,False,SIERRA,6.0,True
150902,-10.786555258999954,-76.93577641349998,sectores,0.4579789831903171,Tarma,8.639036889478634,False,SIERRA,6.0,False
150201,-10.727300391166628,-77.7047406123333,sectores,0.5072326223741561,Pisco,5.703186276509092,False,COSTA,4.0,False
120302,-10.92146133808329,-75.05654672149997,sectores,1.355022822628626,Satipo,2.084217832539485,False,SELVA ALTA,6.0,True
190107,-10.765107704699943,-75.78449586099995,sectores,0.513507157705109,Tarma,3.0283894478251616,False,SIERRA,6.0,True
190105,-10.71614197699995,-75.96341782719996,sectores,3.76736835998633,Tarma,2.974271489184875,False,SIERRA,6.0,True
150802,-10.759559964333297,-77.25271687299995,sectores,1.0968965843114604,Pisco,7.653702027931566,False,SIERRA,6.0,False
190109,-10.712698407499943,-76.39894829649995,sectores,4.369582037332956,Tarma,3.065942578312499,False,SIERRA,6.0,True
150303,-10.620015724199959,-77.01082211939998,sectores,0.4173560506179133,Tarma,7.682728357818823,False,SIERRA,6.0,False
150305,-10.60731758899997,-77.20566712066663,sectores,4.499478697956816,Pisco,9.193464186404094,False,SIERRA,6.0,False
190302,-10.615510945999944,-75.50151046449997,sectores,0.4876462215478074,Tarma,3.5376006987741295,False,SELVA ALTA,6.0,True
021405,-10.64925276799994,-77.48703024499997,sectores,2.102991236285801,Pisco,6.441021407468839,False,COSTA,4.0,False
150203,-10.644236568499949,-77.70549392674995,sectores,3.1485371037358556,Pisco,5.871760050918667,False,COSTA,4.0,False
100317,-9.811541108399945,-76.84775340259998,sectores,1.7706749563901498,Tarma,7.962891735658724,False,SIERRA,6.0,False
100322,-9.798438460499952,-76.76561090749996,sectores,0.31171289812353536,Tarma,8.56717790511171,False,SIERRA,6.0,False
101101,-9.813484405199972,-76.55782392259995,sectores,2.1889106680862476,Tarma,7.03690079581987,False,SIERRA,6.0,False
020201,-9.800772296999952,-77.56673035199995,sectores,2.741680892064019,Pisco,10.12406276064998,False,SIERRA,6.0,False
100321,-9.751065686749953,-76.80849443299996,sectores,1.5683375370832733,Tarma,7.172510667272825,False,SIERRA,6.0,False
020508,-9.891430729999968,-76.95171752199997,sectores,0.34334514540149463,Tarma,7.6954622026755795,False,SIERRA,6.0,False
020202,-9.786256496999954,-77.75547312666662,sectores,0.2104989352772097,Huamachuco,10.27898682614803,False,SIERRA,6.0,False
101107,-9.762346052499936,-76.69709628699997,sectores,0.5115372856058266,Tarma,7.937317553974747,False,SIERRA,6.0,False
021103,-9.818645420999957,-78.05269271549994,sectores,3.073095156786095,Huamachuco,7.587066313644059,False,COSTA,4.0,False
021702,-9.911182606999944,-77.31707210299999,sectores,2.067850107304089,Pisco,9.247816426556714,False,SIERRA,6.0,False
101104,-9.722774346999955,-76.60962088716663,sectores,0.44455047764738825,Tarma,7.639619479839439,False,SIERRA,6.0,False
020104,-9.731058986999926,-77.81933697799997,sectores,0.6346602504599165,Huamachuco,10.20590677391414,False,SIERRA,6.0,False
021701,-9.707006562999965,-77.44986636399997,sectores,1.1812374177148366,Huamachuco,8.639803454788176,False,SIERRA,6.0,False
100323,-9.718194855749942,-76.72533302224997,sectores,0.519490866617854,Tarma,7.887023073085555,False,SIERRA,6.0,False
100109,-9.815341263166621,-76.27262126999996,sectores,0.3953196604655975,Tarma,5.298986496847917,False,SIERRA,6.0,True
021710,-9.748123977499944,-77.41519358499997,sectores,2.1159504474832835,Pisco,8.77124355475737,False,SIERRA,6.0,False
020204,-9.695064420999955,-77.61904691249998,sectores,2.1492636641002796,Huamachuco,9.046355354748162,False,SIERRA,6.0,False
100802,-9.806415267749955,-75.83113975174996,sectores,2.6944568661665445,Tarma,7.320753400214633,False,SIERRA,6.0,False
100307,-9.64380293849996,-76.65202159449996,sectores,4.166319669287117,Tarma,8.253811636284519,False,SIERRA,6.0,False
100313,-9.683085249799955,-76.81583280099997,sectores,0.8388901773492337,Tarma,7.649927523771827,False,SIERRA,6.0,False
020107,-9.636993575499957,-77.71981203999994,sectores,0.6255335904374787,Huamachuco,9.182918323400266,False,SIERRA,6.0,False
100316,-9.579490153333305,-76.7045847303333,sectores,2.8628795994261336,Tarma,7.397888673291255,False,SIERRA,6.0,False
020103,-9.576330749999954,-77.82164084199997,sectores,2.0232858906219215,Huamachuco,7.956755518281989,False,SIERRA,6.0,False
020108,-9.621876038999943,-77.41331111099996,sectores,8.521366278981747,Huamachuco,8.497178372733732,False,SIERRA,6.0,False
020109,-9.64574102499995,-77.91031597999995,sectores,5.2066067500892474,Huamachuco,10.0355684968076,False,SIERRA,6.0,False
250203,-10.04076846957138,-73.95555716171425,sectores,0.81893671235993,,inf,False,SELVA BAJA,6.0,False
100501,-9.57587312437495,-76.83674121749996,sectores,0.3464568596065827,Tarma,8.569864017014263,False,SIERRA,6.0,False
100104,-9.73564993862496,-76.22094487474996,sectores,0.3180082143486992,Tarma,6.105051299064205,False,SIERRA,6.0,False
021004,-9.654529484333295,-77.21209252266662,sectores,1.1759290151050907,Pisco,9.723426332059722,False,SIERRA,6.0,False
100504,-9.531530365714243,-76.71709517414283,sectores,0.8927144514325019,Tarma,8.103620487839011,False,SIERRA,6.0,False
021014,-9.64046908533328,-77.10974813866663,sectores,2.235900591797905,Tarma,9.042116737456107,False,SIERRA,6.0,False
190306,-10.471513763249959,-74.64626091624996,sectores,28.613043535158887,Tarma,6.077999690097625,False,SELVA BAJA,6.0,False
020101,-9.58072450849997,-77.48755910599996,sectores,1.0813350286166068,Huamachuco,8.802596373106482,False,SIERRA,6.0,False
100509,-9.510544146999962,-76.88222066059997,sectores,0.791139522608893,Tarma,9.309301601897374,False,SIERRA,6.0,False
250401,-10.080350571749946,-71.08573621849995,sectores,141.8005805009825,Juliaca,17.539970132221065,False,SELVA BAJA,6.0,False
021008,-9.468111132499928,-77.24098956099996,sectores,5.9544057325650845,Tarma,10.675280847454383,False,SIERRA,6.0,False
250204,-9.72884408799996,-72.71797138266663,sectores,30.89556545189481,,inf,False,SELVA BAJA,6.0,False
020102,-9.466071416999966,-77.85156278299996,sectores,0.1103458749814363,Huamachuco,8.330143620646982,False,SIERRA,6.0,False
020804,-9.509793592333287,-78.02624713166664,sectores,0.6184561457586719,Huamachuco,6.140549993754407,False,COSTA,4.0,False
020106,-9.440983844999977,-77.60611533799997,sectores,2.267912637815752,Huamachuco,9.088484519006615,False,SIERRA,6.0,False
100103,-9.677098836272684,-76.08890051190905,sectores,1.062977953309313,Tarma,5.083837132506868,False,SIERRA,6.0,True
020111,-9.53821069999995,-77.68901569349995,sectores,1.3565596291503261,Huamachuco,8.09261724539606,False,SIERRA,6.0,False
100508,-9.441477242999952,-76.83553567624996,sectores,2.3680307635831266,Tarma,9.249318735542731,False,SIERRA,6.0,False
100311,-9.579956731749945,-76.53790370124996,sectores,1.0814840351412756,Tarma,8.807458558682223,False,SIERRA,6.0,False
100905,-9.62646759712495,-74.99098150312496,sectores,2.5145814583965502,Tarma,6.9311223290521236,False,SELVA BAJA,6.0,False
021015,-9.484678688999935,-76.97523240149997,sectores,1.284425889393946,Tarma,10.294973894511182,False,SIERRA,6.0,False
020110,-9.500007730999926,-77.77838777799997,sectores,1.765833460432169,Huamachuco,7.6004571527295175,False,SIERRA,6.0,False
020105,-9.482101135999955,-77.50995309299995,sectores,0.2866611219831982,Huamachuco,8.645446455297705,False,SIERRA,6.0,False
100506,-9.472038669199947,-76.83850754139996,sectores,0.22616538136437783,Tarma,10.110424139391192,False,SIERRA,6.0,False
020611,-9.407621012666615,-77.6343550953333,sectores,5.4631864854625585,Huamachuco,8.751205916945397,False,SIERRA,6.0,False
020112,-9.39228503749996,-77.51025746599996,sectores,1.422048222829787,Huamachuco,8.767375765594807,False,SIERRA,6.0,False
100503,-9.427547884999967,-76.75646231674997,sectores,1.6131459099405296,Tarma,8.130242106854219,False,SIERRA,6.0,False
020803,-9.460026460999927,-78.3706842853333,sectores,0.3904416489273158,Huamachuco,5.461408226476299,False,COSTA,4.0,False
020607,-9.35601851599995,-77.57419645499994,sectores,1.4916197519752294,Huamachuco,8.150891104684431,False,SIERRA,6.0,False
021007,-9.42470185649998,-77.07434279699999,sectores,1.0732471270966386,Tarma,11.905645133109584,False,SIERRA,6.0,False
021012,-9.355631976999971,-77.06271108899995,sectores,0.6177965423703179,Tarma,10.592982712105506,False,SIERRA,6.0,False
020604,-9.365793316499946,-77.63570203774997,sectores,4.357553375575176,Huamachuco,8.073264240665146,False,SIERRA,6.0,False
020608,-9.345969028499951,-77.47255283049995,sectores,2.5657543359477573,Huamachuco,9.53099571328366,False,SIERRA,6.0,False
100902,-9.66717020139996,-75.44646949339997,sectores,1.2214261382147884,Tarma,6.384229244262979,False,SELVA BAJA,6.0,False
021009,-9.33161972099998,-77.09253666099994,sectores,1.1063940294857435,Tarma,11.569565959493204,False,SIERRA,6.0,False
100606,-9.380534043333284,-75.97580413799999,sectores,0.29250492762349206,Tarma,6.150388269861357,False,SELVA ALTA,6.0,False
021011,-9.348615417999952,-76.98617757199995,sectores,0.7390204718194764,Tarma,11.696005215719989,False,SIERRA,6.0,False
100511,-9.375906779833295,-76.69646903649996,sectores,1.6430874006020766,Tarma,9.011445153478812,False,SIERRA,6.0,False
100510,-9.37248045849995,-76.83271495124997,sectores,0.38971375972240174,Tarma,9.979111405376871,False,SIERRA,6.0,False
020802,-9.379752408999934,-78.14625564299996,sectores,1.942434310631951,Huamachuco,6.141741231089173,False,COSTA,4.0,False
021005,-9.301431425999965,-76.93030490899994,sectores,0.4501024155025094,Tarma,11.55717077407149,False,SIERRA,6.0,False
020610,-9.259038892499944,-77.66154819999997,sectores,0.5508444639244211,Huamachuco,7.987090860565367,False,SIERRA,6.0,False
020606,-9.313054928399959,-77.55613936699996,sectores,1.1395823114167316,Huamachuco,8.360666486504448,False,SIERRA,6.0,False
020605,-9.292255888499938,-77.73114741399996,sectores,1.444377113249293,Huamachuco,9.492746365287154,False,SIERRA,6.0,False
022005,-9.314102460999948,-77.94969674599997,sectores,1.0384954587075013,Huamachuco,9.288923064377855,False,SIERRA,6.0,False
021002,-9.251522584999975,-76.90283633899998,sectores,0.8644727019586131,Tarma,12.444838110394361,False,SIERRA,6.0,False
022002,-9.309210816333291,-77.82146058199997,sectores,0.5321141780815917,Huamachuco,10.671828279189254,False,SIERRA,6.0,False
020801,-9.486941018999943,-78.24837464433331,sectores,0.8109822443064041,Huamachuco,5.687702263055143,False,COSTA,4.0,False
020601,-9.286393272166634,-77.62767237116664,sectores,0.4668535133425097,Huamachuco,7.984837959688387,False,SIERRA,6.0,False
020603,-9.22352608999995,-77.64488351299997,sectores,2.1017114890040705,Huamachuco,8.097819956693925,False,SIERRA,6.0,False
022007,-9.333630680666621,-77.78133608466663,sectores,1.0918929255934962,Huamachuco,10.454546598565004,False,SIERRA,6.0,False
021807,-9.279147971999947,-78.43193893499995,sectores,1.53368934976841,Huamachuco,5.036790296730398,False,COSTA,4.0,False
021013,-9.272137590999932,-76.77601434299999,sectores,2.676036933692711,,inf,False,SIERRA,6.0,False
021001,-9.32491856799995,-77.22667084266662,sectores,2.4312686007274444,Tarma,11.203929442727851,False,SIERRA,6.0,False
100602,-9.326951384333276,-75.79767170899994,sectores,5.302535051182147,,inf,False,SELVA ALTA,6.0,False
020306,-9.219613961999954,-77.03829996999997,sectores,3.1680452756112913,Tarma,12.364339047853395,False,SIERRA,6.0,False
021003,-9.262124943999936,-77.12164879149998,sectores,0.17878653616574663,Tarma,12.108977030047146,False,SIERRA,6.0,False
100605,-9.233175571333296,-75.95891442866663,sectores,3.3270702745725935,Bellavista,6.2088296958990155,False,SELVA ALTA,6.0,False
020302,-9.231914033499947,-77.00375777449995,sectores,0.46237871060926644,Tarma,12.451585970792857,False,SIERRA,6.0,False
100507,-9.271135397999956,-76.21027974739997,sectores,5.976139516926542,Tarma,7.2955418032139105,False,SELVA ALTA,6.0,False
021016,-9.189199144999947,-76.93171387449993,sectores,0.2714628856783187,Tarma,12.657266904975941,False,SIERRA,6.0,False
100505,-9.232399959499958,-76.68320756924996,sectores,0.5875656837782475,Tarma,10.292014836699446,False,SIERRA,6.0,False
022003,-9.19342733299996,-77.65257236499997,sectores,0.4208309864669218,Huamachuco,8.452623045719513,False,SIERRA,6.0,False
022006,-9.160396181999971,-77.70502883449998,sectores,0.19813526118010746,Huamachuco,8.194387526539128,False,SIERRA,6.0,False
021006,-9.192757098499953,-76.80957665349996,sectores,2.0801849955119045,Tarma,14.331039675285641,False,SIERRA,6.0,False
020304,-9.138207145999957,-77.00272996399997,sectores,0.33244762315141735,Tarma,12.91185100143444,False,SIERRA,6.0,False
020401,-9.191727638333305,-77.38639935899998,sectores,1.341520450722125,Huamachuco,10.509278767899552,False,SIERRA,6.0,False
022004,-9.181229200999951,-77.75716056699994,sectores,0.32826801672968614,Huamachuco,8.056732272899902,False,SIERRA,6.0,False
020609,-9.177413639999969,-77.57982869749998,sectores,0.6067804177812968,Huamachuco,8.604986450682963,False,SIERRA,6.0,False
100603,-9.155730620333296,-75.85064521733328,sectores,4.81198284580454,Bellavista,6.399847512439106,False,SELVA ALTA,6.0,False
021207,-9.150892691999957,-77.81688835249997,sectores,1.2740403462087366,Huamachuco,8.069638442878995,False,SIERRA,6.0,False
100601,-9.232244244333287,-76.06163512399996,sectores,2.296841109256809,Tarma,6.704942460641583,False,SELVA ALTA,6.0,False
021010,-9.155385797999967,-76.87707753099997,sectores,0.6425694273988592,Tarma,13.316571598043446,False,SIERRA,6.0,False
020402,-9.099037582333287,-77.41856748499997,sectores,3.3497757584621497,Huamachuco,11.71617284965293,False,SIERRA,6.0,False
100502,-9.131285835666612,-76.74456160166663,sectores,0.6042956971707029,Tarma,10.346002545031405,False,SIERRA,6.0,False
021805,-9.147950555142797,-78.1391375788571,sectores,0.3978891878978881,Huamachuco,6.0670110797146,False,COSTA,4.0,False
100901,-9.28929314319995,-74.97133133669996,sectores,4.3752984688987375,Tarma,7.79841713296896,False,SELVA BAJA,6.0,False
020305,-9.118097108499969,-77.10533762699995,sectores,0.18451151876062866,Tarma,14.95068703730405,False,SIERRA,6.0,False
021803,-9.02746043299993,-78.61788672899996,sectores,0.202984783342387,Huamachuco,4.5761337290231765,False,COSTA,4.0,False
020301,-9.084599703499947,-77.01357975449997,sectores,0.370712550826024,Tarma,13.265474188829508,False,SIERRA,6.0,False
021809,-9.100063667999962,-78.43591670099994,sectores,0.6225095293293339,Huamachuco,5.06234180076368,False,COSTA,4.0,False
022001,-9.111069198499933,-77.68377403174998,sectores,0.5844004524303971,Huamachuco,8.619841499937362,False,SIERRA,6.0,False
100403,-9.087816225999953,-76.77909200499995,sectores,1.7543823991029532,Tarma,11.28575975306526,False,SIERRA,6.0,False
021203,-9.030069258999958,-77.87658282299998,sectores,0.7907280468061716,Huamachuco,8.22704890522775,False,SIERRA,6.0,False
021806,-9.146688019999942,-78.29639124999994,sectores,0.19536931732415938,Huamachuco,5.478904976216861,False,COSTA,4.0,False
021206,-9.157034383499962,-77.95627194049996,sectores,1.7682439857261907,Huamachuco,8.422474705881012,False,SIERRA,6.0,False
020701,-9.106594189999953,-77.28910054899998,sectores,1.4161174417666755,Huamachuco,11.47026167358997,False,SIERRA,6.0,False
020303,-9.027736540999967,-77.07204402299999,sectores,3.660143806203313,Tarma,13.786103661407193,False,SIERRA,6.0,False
021808,-8.990527793499979,-78.61250742199996,sectores,0.2503696058122643,Huamachuco,4.5029327054709025,False,COSTA,4.0,False
021201,-9.035460237999956,-77.77094787974997,sectores,0.11342672293326711,Huamachuco,7.885530387933729,False,SIERRA,6.0,False
020703,-9.007661561999951,-77.25644186299996,sectores,1.5805824048796495,Huamachuco,13.159867231144192,False,SIERRA,6.0,False
021306,-8.964104109666607,-77.45352046099997,sectores,1.2754990199893728,Huamachuco,12.447173730491686,False,SIERRA,6.0,False
021205,-8.958027930999947,-77.89096736899995,sectores,4.605968206676924,Huamachuco,9.105920688803167,False,SIERRA,6.0,False
021307,-8.923996459999955,-77.44557712433328,sectores,0.7612046869151021,Huamachuco,12.148071080712334,False,SIERRA,6.0,False
022008,-9.034508292749948,-77.48629714674996,sectores,0.1641619895016948,Huamachuco,11.302425153650697,False,SIERRA,6.0,False
020702,-9.011196840999958,-77.16957250599995,sectores,4.556027889416025,Huamachuco,15.062209617497318,False,SIERRA,6.0,False
021305,-8.915710729333284,-77.29096506099995,sectores,0.4836057190716128,Huamachuco,12.497145343462865,False,SIERRA,6.0,False
021602,-8.88765661674995,-77.46884325124995,sectores,2.146818183003286,Huamachuco,11.87638071944859,False,SIERRA,6.0,False
021303,-8.88374925533327,-77.21479747333329,sectores,0.8072319331032457,Huamachuco,14.796207451218397,False,SIERRA,6.0,False
021802,-8.998484345999941,-78.09870262549995,sectores,1.9892963657920448,Huamachuco,7.33027617320248,False,COSTA,4.0,False
021204,-8.889692833999959,-77.89401811599998,sectores,1.0888924971101888,Huamachuco,8.084781092550722,False,SIERRA,6.0,False
021308,-8.892369858333288,-77.32663877966662,sectores,2.013921809008005,Huamachuco,12.267434520715284,False,SIERRA,6.0,False
100404,-8.923172561249942,-77.02677667074997,sectores,0.4054845855212687,Tarma,15.32489219270477,False,SIERRA,6.0,False
100401,-9.010881179249964,-76.91432772649996,sectores,2.772836870715899,Tarma,13.01840970983999,False,SIERRA,6.0,False
021208,-8.921720479333297,-77.76498888966664,sectores,2.826141975788084,Huamachuco,8.09430045260008,False,SIERRA,6.0,False
021301,-8.859527920666627,-77.35199576099996,sectores,0.17331426855163293,Huamachuco,11.36400548806986,False,SIERRA,6.0,False
100904,-8.983254985624953,-74.78996614062495,sectores,8.94358668082015,Tarma,10.977949345658606,False,SELVA BAJA,6.0,False
021209,-8.846396053999968,-77.95249676199995,sectores,0.32020714917639265,Huamachuco,8.615486444228294,False,SIERRA,6.0,False
021302,-8.82666207799995,-77.39750116199997,sectores,2.0245329895990873,Huamachuco,10.798168728144736,False,SIERRA,6.0,False
250103,-9.328520704666618,-74.28005324511108,sectores,51.816085175594985,,inf,False,SELVA BAJA,6.0,False
100402,-8.86910405533329,-77.1125529903333,sectores,0.23770692862213452,Tarma,16.797496338793245,False,SIERRA,6.0,False
100703,-8.777789638333294,-77.15455120199998,sectores,2.4638428841537063,Bellavista,10.264903009104724,False,SIERRA,6.0,False
021304,-8.79091705899996,-77.26579375866663,sectores,1.9325478865037242,Huamachuco,13.408233650821337,False,SIERRA,6.0,False
021202,-8.787889857999971,-77.91753369499997,sectores,3.1579189740986497,Huamachuco,8.335721780975897,False,COSTA,4.0,False
021601,-8.794200304499961,-77.50738599199995,sectores,0.49897485223303645,Huamachuco,10.877480479348444,False,SIERRA,6.0,False
131203,-8.883275351999941,-78.62770079179995,sectores,1.857515869643171,Huamachuco,4.290803863969706,False,COSTA,4.0,False
021210,-8.761931369999957,-77.74118749499996,sectores,0.3931968509366904,Huamachuco,8.639386136052824,False,COSTA,4.0,False
021801,-8.940753636166628,-78.49245460799996,sectores,0.42876029411998995,Huamachuco,5.312783880242051,False,COSTA,4.0,False
021804,-8.776538630999937,-78.12197585999996,sectores,2.830441282849823,Huamachuco,7.699456718095263,False,SIERRA,6.0,False
021604,-8.702361283499954,-77.34379842299995,sectores,5.85412789042797,Huamachuco,11.052894610256468,False,SIERRA,6.0,False
020905,-8.672663593999943,-77.87116230849995,sectores,1.7721767434596922,Huamachuco,6.364057228441124,False,COSTA,4.0,False
020906,-8.621260754499957,-77.85596341599995,sectores,0.8899159306655219,Huamachuco,6.557882375069537,False,SIERRA,6.0,False
021909,-8.67538590749993,-77.61537772349996,sectores,1.0874536168763878,Huamachuco,8.646948343597222,False,SIERRA,6.0,False
020907,-8.633783187499972,-77.96650330949996,sectores,1.9675624102892952,Huamachuco,7.617833014915849,False,SIERRA,6.0,False
021910,-8.630530394999937,-77.52928477499995,sectores,0.6555615796060235,Huamachuco,9.491595263415059,False,SIERRA,6.0,False
100903,-8.72094323974995,-74.67553472224998,sectores,4.69111141952819,Tarma,10.675114813098732,False,SELVA BAJA,6.0,False
021904,-8.583864367999942,-77.65446880299997,sectores,0.7836025005448716,Huamachuco,7.866676073003971,False,SIERRA,6.0,False
020903,-8.599107712999947,-78.03328275899996,sectores,1.0667446973240797,Huamachuco,7.194431249742689,False,SIERRA,6.0,False
021603,-8.62966502833327,-77.41331132533331,sectores,0.22608038729755248,Huamachuco,10.950647359723892,False,SIERRA,6.0,False
021901,-8.540368716499927,-77.61535958499996,sectores,2.0892156908658865,Huamachuco,7.805913246073077,False,SIERRA,6.0,False
021507,-8.515618650999954,-78.03028863699996,sectores,0.24531456997310847,Huamachuco,6.612171307881668,False,SIERRA,6.0,False
021510,-8.530995464999961,-78.12328893049994,sectores,3.7688386246556353,Huamachuco,7.096618528008477,False,SIERRA,6.0,False
020901,-8.547179828999958,-77.92842103999996,sectores,2.553955519512393,Huamachuco,7.914589335147598,False,SIERRA,6.0,False
250302,-8.898823798749952,-75.27574484212496,sectores,3.9681993110622606,Bellavista,8.66189988674194,False,SELVA BAJA,6.0,False
100701,-8.60284857849995,-77.16586999228568,sectores,1.0703546027195003,Bellavista,9.088640029923969,False,SIERRA,6.0,False
020902,-8.507949618499936,-77.88349827799996,sectores,1.627941711809106,Huamachuco,8.42622230624095,False,SIERRA,6.0,False
250301,-9.018102952124949,-75.55121519962498,sectores,3.9535632879039166,Bellavista,7.708394639187411,False,SELVA BAJA,6.0,False
021903,-8.459079939999953,-77.46010461349996,sectores,2.2035693325615426,Huamachuco,11.502506276034238,False,SIERRA,6.0,False
100702,-8.632369910749958,-76.67948069824996,sectores,2.2184277013390648,Bellavista,5.811895972825835,False,SIERRA,6.0,True
021906,-8.515156623666599,-77.54230651933331,sectores,0.8509972368417679,Huamachuco,9.243285830895223,False,SIERRA,6.0,False
250107,-8.517081145999953,-74.52785771899998,sectores,9.958974483279821,Tarma,10.220548465980011,False,SELVA BAJA,6.0,False
020904,-8.529183793666618,-77.77968407666663,sectores,3.6680198451357926,Huamachuco,7.72317908807855,False,SIERRA,6.0,False
021511,-8.454703583666628,-78.03200298499996,sectores,0.4772498815152919,Huamachuco,5.90283683534866,False,SIERRA,6.0,True
130811,-8.429632517499954,-77.36567093799995,sectores,0.5845268781793337,Huamachuco,9.290224918578797,False,SIERRA,6.0,False
021501,-8.39225656749997,-77.99955558599999,sectores,1.0761028848367111,Huamachuco,5.582057437311735,False,SIERRA,6.0,True
021908,-8.464228141499945,-77.69746933849996,sectores,1.7188843586168148,Huamachuco,9.450603701789342,False,SIERRA,6.0,False
130804,-8.425449818999951,-77.28272572349995,sectores,0.5259782134609075,Huamachuco,9.155356992325753,False,SIERRA,6.0,False
250104,-8.779942925799947,-73.97564209199996,sectores,63.96639067249291,Tarma,11.943257584847744,False,SELVA BAJA,6.0,False
131202,-8.531563946888834,-78.59765777899996,sectores,5.599994692013438,Huamachuco,3.8768597654323984,False,COSTA,4.0,True
021907,-8.395976011999949,-77.50975543299995,sectores,0.7922580350650567,Huamachuco,10.52473173949177,False,SIERRA,6.0,False
100604,-8.897235273749956,-76.13537083762496,sectores,0.9430290056517047,Bellavista,5.4787312383185265,False,SELVA ALTA,6.0,True
021905,-8.358267601499932,-77.66390072899995,sectores,0.5967715864401261,Huamachuco,11.151889862361866,False,SIERRA,6.0,False
221002,-8.469711766666611,-76.2200871463333,sectores,1.7620852312090367,Bellavista,4.793876338670825,False,SELVA BAJA,6.0,True
021502,-8.345598301999956,-78.05223891349996,sectores,0.37371225128881963,Huamachuco,6.210566634098813,False,SIERRA,6.0,False
021504,-8.302835823999942,-77.99236644099994,sectores,0.03618646707155622,Huamachuco,4.348648629936954,False,SIERRA,6.0,True
021505,-8.338344856999953,-77.95109505149995,sectores,2.338286430967377,Huamachuco,4.504722429992719,False,SIERRA,6.0,True
130813,-8.33032947066664,-77.37286796733328,sectores,1.5341239083917186,Huamachuco,8.35847207218635,False,SIERRA,6.0,False
221004,-8.372809846999957,-76.81262348449997,sectores,7.169003400251818,Bellavista,5.271385336777611,False,SELVA ALTA,6.0,True
250102,-8.504587933499948,-74.82641630649995,sectores,1.3756503052373579,Tarma,9.617813238144516,False,SELVA BAJA,6.0,False
021902,-8.300195943999938,-77.56074013599994,sectores,2.4495585461351697,Huamachuco,11.605206546491598,False,SIERRA,6.0,False
250303,-8.458684046499954,-75.20966584774996,sectores,6.006754750982177,Tarma,10.033700252777333,False,SELVA BAJA,6.0,False
021508,-8.25958946299994,-78.00147940966662,sectores,0.16344214955913844,Huamachuco,4.155571595954339,False,SIERRA,6.0,True
021506,-8.265797038999949,-77.90553487899996,sectores,1.1095396751924478,Huamachuco,4.556679758490023,False,SIERRA,6.0,True
130812,-8.277164384999955,-77.42953424733328,sectores,1.2011049018768962,Huamachuco,9.924609653092809,False,SIERRA,6.0,False
130801,-8.295467830399947,-77.27020147239998,sectores,0.21437284149899888,Huamachuco,7.46671474510752,False,SIERRA,6.0,False
130109,-8.224594965999955,-78.93221415799997,sectores,1.504712040668297,Huamachuco,2.9923400561089992,False,COSTA,4.0,True
130504,-8.247563677749952,-78.41231700974996,sectores,2.0158493105543145,Huamachuco,2.9946898039757914,False,SIERRA,6.0,True
221005,-8.397130707499969,-76.39598311149996,sectores,0.9241401649824724,Bellavista,4.409558410888044,False,SELVA BAJA,6.0,True
131201,-8.428038507437456,-78.77410531737496,sectores,0.13217888711812512,Huamachuco,3.462921808973969,False,COSTA,4.0,True
130107,-8.15966629549996,-79.00172043149996,sectores,0.1905385395277695,Huamachuco,2.8275160611749337,False,COSTA,4.0,True
130805,-8.18588862633328,-77.29821008533328,sectores,3.8386601728563994,Huamachuco,6.480280880936975,False,SIERRA,6.0,False
130111,-8.137772969999958,-79.04781110949997,sectores,0.21464730480095526,Huamachuco,2.7984978039039654,False,COSTA,4.0,True
021503,-8.228772435749946,-77.69485181999995,sectores,5.441386179498829,Huamachuco,7.296562838243254,False,SIERRA,6.0,False
131001,-8.294307350666632,-78.22744831966662,sectores,1.8622303699377112,Huamachuco,3.7408879124986694,False,SIERRA,6.0,True
130101,-8.112903216499944,-79.02598934049996,sectores,0.05468193706530355,Huamachuco,2.7502279183452747,False,COSTA,4.0,True
131005,-8.144578913249958,-77.94074927224996,sectores,0.741698777835592,Huamachuco,3.4733661132205143,False,SIERRA,6.0,True
130103,-8.07959994099997,-79.02312582299999,sectores,0.16942340807299613,Huamachuco,2.7478242642954904,False,COSTA,4.0,True
131007,-8.152525276799963,-78.10310357259996,sectores,0.3964446968658861,Huamachuco,2.3742964512447293,False,SIERRA,6.0,True
130503,-8.13522585049995,-78.60113586449997,sectores,1.4153055590514303,Huamachuco,2.6151048757156765,False,SIERRA,6.0,True
130802,-8.140990765749962,-77.39841626524995,sectores,0.8695670061128015,Huamachuco,5.990813100044219,False,SIERRA,6.0,True
131002,-8.148990259666618,-78.04405927849996,sectores,2.211758562333446,Huamachuco,2.389819279574664,False,SIERRA,6.0,True
250105,-8.286410027749952,-74.63821764849997,sectores,0.7790899337288866,Tarma,10.634817855423329,False,SELVA BAJA,6.0,False
130803,-8.155175483999958,-77.51939267171426,sectores,0.9597625401390822,Huamachuco,6.92591154712204,False,SIERRA,6.0,False
021509,-8.14987478699995,-77.81114269966662,sectores,1.564953115650973,Huamachuco,4.323313369402153,False,SIERRA,6.0,True
131004,-8.14024063949995,-77.98396716974997,sectores,1.026475879664934,Huamachuco,3.0412138949183136,False,SIERRA,6.0,True
130105,-8.063402979999978,-79.05543985499997,sectores,0.08845825986329091,Huamachuco,2.8574329117847856,False,COSTA,4.0,True
221001,-8.255198821499931,-76.52505808574996,sectores,3.228043773664464,Bellavista,3.7425106351002295,False,SELVA BAJA,6.0,True
130502,-8.12721118066662,-78.3885538343333,sectores,0.9529338720605501,Huamachuco,2.06494888677449,False,SIERRA,6.0,True
130102,-8.052688118999981,-78.98527336199999,sectores,0.3152451779970554,Huamachuco,2.814333937394099,False,COSTA,4.0,True
130807,-8.193446499749953,-77.10866488374997,sectores,12.205144491518926,Huamachuco,8.589119589732201,False,SELVA ALTA,6.0,False
130608,-8.031485713999956,-78.53198963599996,sectores,0.19402562397682319,Huamachuco,1.8368801577102682,True,SIERRA,6.0,True
130501,-8.068831667124954,-78.46578150512497,sectores,0.8483541470516008,Huamachuco,1.876004583210804,True,SIERRA,6.0,True
130106,-8.096756779799966,-78.91249212719995,sectores,0.5763548116094692,Huamachuco,2.7099971704805856,False,COSTA,4.0,True
130611,-8.032383606599955,-78.62768349999996,sectores,1.6263865380018343,Huamachuco,2.5370579869500745,False,SIERRA,6.0,True
131008,-8.028650994571374,-77.7666715235714,sectores,1.1098478661652371,Huamachuco,3.87271333741187,False,SIERRA,6.0,True
130806,-8.040324808249949,-77.59568217624995,sectores,2.5738827869904934,Huamachuco,5.895154642171129,False,SIERRA,6.0,True
250106,-8.23774028179995,-74.93401927679994,sectores,11.98811329150184,Tarma,10.149644708359567,False,SELVA BAJA,6.0,False
130108,-8.028222095333282,-78.74663703599997,sectores,1.694753176750393,Huamachuco,2.4524674266584903,False,COSTA,4.0,True
131003,-8.030699706399957,-78.07739026159997,sectores,2.736108212538037,Huamachuco,1.4315338426798165,True,SIERRA,6.0,True
130104,-8.057989199499929,-79.06454147199995,sectores,0.32409336911410436,Huamachuco,2.9132449978648722,False,COSTA,4.0,True
131006,-8.045846896499953,-78.22237431087495,sectores,6.506727838035251,Huamachuco,1.7984661585961648,True,SIERRA,6.0,True
130808,-7.98933295216662,-77.51998998616662,sectores,2.7304654414525107,Huamachuco,4.559675885933845,False,SIERRA,6.0,True
130207,-7.927792751249953,-79.22961575399997,sectores,0.34561901397668693,Chiclayo,2.928100145085606,False,COSTA,4.0,True
130610,-7.888516597499944,-78.69938578199995,sectores,1.0749458987329328,Huamachuco,4.4876615787447225,False,SIERRA,6.0,True
130602,-7.952152034199946,-78.48306670919997,sectores,1.8916223538185768,Huamachuco,2.9312952920003283,False,SIERRA,6.0,True
130606,-7.907254006499954,-78.68189855199995,sectores,0.10264889764663102,Huamachuco,4.131071111606849,False,SIERRA,6.0,True
130907,-7.940573856499952,-77.88084910424998,sectores,0.647530658128751,Huamachuco,3.436519289757935,False,SIERRA,6.0,True
130110,-7.932175655499975,-78.81697567649996,sectores,0.384744814994478,Huamachuco,2.826422807830308,False,COSTA,4.0,True
130204,-7.863047257999956,-79.29043752866663,sectores,1.0219622728289226,Chiclayo,2.629250260395159,False,COSTA,4.0,True
130904,-7.849218762499959,-77.95327642174996,sectores,0.30070147739894143,Huamachuco,0.6684121069046522,True,SIERRA,6.0,True
130810,-7.870922528666616,-77.5241957673333,sectores,2.2963733281001213,Huamachuco,5.053888613801196,False,SIERRA,6.0,True
130604,-7.815928635333289,-78.4729375723333,sectores,1.1197197460045982,Huamachuco,3.2409646384533586,False,SIERRA,6.0,True
130203,-7.795089937333292,-79.22147998333328,sectores,0.26966434833981956,Chiclayo,2.409058332663972,False,COSTA,4.0,True
130601,-7.8833298667499605,-78.57531832024996,sectores,0.6719332063527242,Huamachuco,1.9716809185230673,True,SIERRA,6.0,True
130901,-7.8119622166249485,-78.01877318312496,sectores,0.7429236620125566,Huamachuco,0.10153101699561609,True,SIERRA,6.0,True
130903,-7.8046706421999605,-77.71835705219998,sectores,0.08126635900182837,Huamachuco,2.5478672331758405,False,SIERRA,6.0,True
221003,-8.016862480999956,-76.75821921266663,sectores,9.825086343174005,Bellavista,3.0114736086278375,False,SELVA ALTA,6.0,True
130205,-7.731538622333289,-79.2955613383333,sectores,0.5212759423035904,Chiclayo,2.2084381107673683,False,COSTA,4.0,True
130614,-7.819175275222177,-78.36385315188885,sectores,0.8257687165410821,Huamachuco,3.198610775171828,False,SIERRA,6.0,True
130906,-7.784203469833282,-78.16912984016663,sectores,0.6556258078645865,Huamachuco,1.7349783071036364,True,SIERRA,6.0,True
130902,-7.805271474857095,-77.80376441542853,sectores,0.10417419188753146,Huamachuco,1.4702121952200344,True,SIERRA,6.0,True
130613,-7.7939123033332764,-78.7522375968333,sectores,0.4850168027186013,Chiclayo,5.739586717315835,False,SIERRA,6.0,True
130605,-7.681182929599947,-78.44567669999996,sectores,0.4053854931845093,Huamachuco,4.537097012849476,False,SIERRA,6.0,True
130809,-7.744843769599958,-77.59888068899997,sectores,1.616763338444183,Huamachuco,4.489927652475765,False,SIERRA,6.0,True
130905,-7.6867924373999585,-77.95319590199998,sectores,4.484431862627188,Huamachuco,0.689162890487273,True,SIERRA,6.0,True
130202,-7.8276065066666165,-79.06085971966662,sectores,4.9312302822370295,Chiclayo,3.535046291099698,False,COSTA,4.0,True
060201,-7.63471373449994,-78.03436268099998,sectores,0.6153493183799345,Huamachuco,0.8055214453470991,True,SIERRA,6.0,True
160603,-7.895191949999969,-74.87969813199997,sectores,38.93377251202066,Tarma,10.894896044208451,False,SELVA BAJA,6.0,False
130206,-7.700197413999945,-79.37301609399995,sectores,0.4560733572599362,Chiclayo,2.269564420520857,False,COSTA,4.0,True
131103,-7.683995439666622,-78.68319841099998,sectores,2.687625972744539,Huamachuco,5.086854536747351,False,COSTA,4.0,False
131102,-7.64742071699996,-78.56428586974997,sectores,1.6438407248213747,Chiclayo,5.450047138372432,False,SIERRA,6.0,True
130201,-7.694241615999942,-79.08776584699999,sectores,1.852571480497234,Chiclayo,2.9184389111375135,False,COSTA,4.0,True
131104,-7.576212251249956,-78.44383199999996,sectores,2.5272322815872674,Chiclayo,6.201002096721776,False,SIERRA,6.0,False
130908,-7.6378607687142415,-77.76322448828569,sectores,2.966821206106655,Huamachuco,3.29939234895176,False,SIERRA,6.0,True
060203,-7.528376309499947,-78.08753910899995,sectores,1.0452735175180663,Huamachuco,1.4349212232008668,True,SIERRA,6.0,True
130303,-7.557087458666634,-77.59353651466661,sectores,14.281627961740977,Huamachuco,13.274681001374216,False,SIERRA,6.0,False
220602,-7.567969491142809,-76.68254047799996,sectores,1.1796073646575642,Bellavista,1.54197502386429,True,SELVA BAJA,6.0,True
130302,-7.466418180999938,-77.69089221466662,sectores,2.4043504480207876,Huamachuco,13.67065187591183,False,SIERRA,6.0,False
131101,-7.499559413166632,-78.75994957183329,sectores,0.18055600304877545,Chiclayo,4.584896287870226,False,COSTA,4.0,False
061003,-7.441236414999935,-78.14340120099996,sectores,2.4444357479833907,Huamachuco,1.560719143882282,True,SIERRA,6.0,True
130208,-7.630586066999939,-79.19929836349996,sectores,3.8661444341526896,Chiclayo,2.7254419988861174,False,COSTA,4.0,True
060505,-7.50373982399995,-78.95783373049997,sectores,0.41550573400284974,Chiclayo,4.459007819936299,False,COSTA,4.0,False
061002,-7.408866811999957,-78.12041861099996,sectores,0.26707084572811984,Huamachuco,1.5695689620473083,True,SIERRA,6.0,True
060202,-7.551276996499951,-78.25504017249997,sectores,2.4312208219603275,Huamachuco,2.792033541292462,False,SIERRA,6.0,True
130701,-7.45383239799996,-79.46245817799996,sectores,0.43411910787370167,Chiclayo,1.6915249809524435,True,COSTA,4.0,True
130704,-7.3999051459999805,-79.54781665499996,sectores,1.1584748241987826,Chiclayo,1.4754236548934792,True,COSTA,4.0,True
060104,-7.465226192199952,-78.53160840879997,sectores,0.39564952959462163,Chiclayo,6.110793227263353,False,SIERRA,6.0,False
061005,-7.390221928999949,-78.08540294599996,sectores,0.7414962514064839,Huamachuco,2.277651931424773,False,SIERRA,6.0,True
060204,-7.475056990999946,-77.90698450649995,sectores,2.06183557209105,Huamachuco,5.255424836730574,False,SIERRA,6.0,True
130703,-7.34537189699995,-79.54705459999997,sectores,0.6280743571830645,Chiclayo,1.4576391608043977,True,COSTA,4.0,True
130705,-7.356652325599953,-79.42483521519996,sectores,0.3011396241921413,Chiclayo,1.4769458500998187,True,COSTA,4.0,True
060504,-7.358604695999958,-78.92060851249994,sectores,0.19179737450893267,Chiclayo,5.4686026577930065,False,SIERRA,6.0,True
061006,-7.357933799999955,-78.03374502949995,sectores,0.501460211313184,Huamachuco,3.329041002943888,False,SIERRA,6.0,True
060506,-7.32686115599995,-78.86256226599994,sectores,4.294311919061655,Chiclayo,4.588210664280444,False,SIERRA,6.0,True
060102,-7.338949874999955,-78.53090607374997,sectores,0.5545480005875527,Chiclayo,4.196099144161877,False,SIERRA,6.0,True
060503,-7.349755187499966,-79.05217547599997,sectores,1.6132603953519575,Chiclayo,3.42165672976189,False,SIERRA,6.0,True
250101,-8.195059035299959,-74.33146417789996,sectores,28.4047442158102,Tarma,10.21031730281616,False,SELVA BAJA,6.0,False
061001,-7.329314666249957,-78.16302718849995,sectores,0.23707878341895947,Huamachuco,1.8404161654248246,True,SIERRA,6.0,True
060110,-7.270420230749949,-78.25863254949995,sectores,0.7257198183648904,Huamachuco,2.170644157371175,False,SIERRA,6.0,True
060112,-7.272715793399959,-78.49076389539997,sectores,1.7867057519839102,Huamachuco,3.3154785642236675,False,SIERRA,6.0,True
130702,-7.280277065499945,-79.47136821024996,sectores,0.368135813420021,Chiclayo,1.2337987505890733,True,COSTA,4.0,True
060501,-7.334947390399952,-78.74136629639995,sectores,5.313466176155745,Chiclayo,3.592737711825461,False,SIERRA,6.0,True
060502,-7.256345170999964,-78.82166272899997,sectores,1.2562999303840245,Chiclayo,2.8858004776804838,False,COSTA,4.0,True
220202,-7.686918013333279,-76.31491845966661,sectores,20.91022483310714,Bellavista,3.30736014696522,False,SELVA BAJA,6.0,True
060106,-7.296790969666631,-78.36688061699995,sectores,0.43138946242827836,Huamachuco,3.948633250224239,False,SIERRA,6.0,True
060507,-7.270747798999963,-78.94832930249996,sectores,3.385409259138143,Chiclayo,3.293295772790218,False,SIERRA,6.0,True
060508,-7.260322951999953,-79.12833907224996,sectores,0.9973413743194671,Chiclayo,2.0097281706691215,False,COSTA,4.0,True
060109,-7.222151049249959,-78.63548579299996,sectores,0.1604833826536789,Chiclayo,3.901684709399939,False,COSTA,4.0,True
060107,-7.188625844333274,-78.41882851799996,sectores,0.9977727383092646,Huamachuco,2.660768588020389,False,SIERRA,6.0,True
061004,-7.221865139333299,-78.15950668866662,sectores,0.5750154947345966,Huamachuco,3.00354978447636,False,SIERRA,6.0,True
160601,-7.554990542666606,-75.07722378533329,sectores,71.84385750664208,,inf,False,SELVA BAJA,6.0,False
130401,-7.242392412999948,-79.38432594683331,sectores,0.4732426278684278,Chiclayo,1.2282056174744722,True,COSTA,4.0,True
220605,-7.26747018049997,-76.65868661049996,sectores,1.6090080112905794,Bellavista,1.2412417052536482,True,SELVA BAJA,6.0,True
060111,-7.184907659333267,-78.28554600466663,sectores,0.6800872536114687,Huamachuco,3.0059771240503874,False,SIERRA,6.0,True
061202,-7.158701066666633,-78.75784055099996,sectores,0.37818762008596346,Chiclayo,4.319391062324389,False,COSTA,4.0,False
130306,-7.148566326499946,-77.85147919699995,sectores,8.517178405297704,Huamachuco,9.974255002130938,False,SIERRA,6.0,False
061203,-7.153987007999945,-78.87209513949998,sectores,0.49733681607106006,Chiclayo,3.4896499074162923,False,SIERRA,6.0,True
220204,-7.227659738999961,-76.57693664949997,sectores,5.000265580585881,Bellavista,1.171657509595488,True,SELVA BAJA,6.0,True
060103,-7.149707399999954,-78.6587954103333,sectores,0.29351347641135167,Huamachuco,5.116999657583722,False,COSTA,4.0,False
130301,-7.210270139999966,-77.72990196419995,sectores,5.930902397981461,Huamachuco,10.757476707936231,False,SIERRA,6.0,False
130403,-7.192265684599943,-79.56085170739996,sectores,2.6183215478828297,Chiclayo,1.7117793843877016,True,COSTA,4.0,True
220601,-7.263113707999963,-76.74737653624997,sectores,1.0677433833029415,Bellavista,0.7725700630930664,True,SELVA BAJA,6.0,True
061007,-7.2208989006666116,-77.98557671599997,sectores,1.2881021248630713,Huamachuco,5.712223355987297,False,SIERRA,6.0,True
220405,-7.087553100333271,-76.74613221566663,sectores,0.47277894632584627,Bellavista,0.31732016354516046,True,SELVA BAJA,6.0,True
061201,-7.084706101749958,-78.78336513824996,sectores,0.16246252705440484,Chiclayo,4.105382862566586,False,SIERRA,6.0,True
220406,-7.071970537499936,-76.65687198599997,sectores,0.7845770380082133,Bellavista,0.144116425030779,True,SELVA BAJA,6.0,True
061110,-7.118897282999967,-79.16239678399995,sectores,0.7642410124043448,Chiclayo,2.517779030650424,False,COSTA,4.0,True
220203,-7.159358838249943,-76.40707039074995,sectores,1.0411642358163908,Bellavista,0.755893072351491,True,SELVA BAJA,6.0,True
060108,-7.103141767399961,-78.44868561199996,sectores,1.5321913777754945,Huamachuco,3.1006661521126175,False,SIERRA,6.0,True
061113,-7.0830578043332935,-79.05011339966661,sectores,0.2468697001901154,Chiclayo,3.2642188554497413,False,COSTA,4.0,True
061105,-7.040471684666613,-79.00151331666662,sectores,0.2701150103000954,Chiclayo,4.318923226250798,False,COSTA,4.0,False
130304,-7.061138228999965,-77.90128619249998,sectores,2.12869132293599,Huamachuco,7.247943376255033,False,SIERRA,6.0,False
130402,-7.118824663166625,-79.46094220733329,sectores,2.0695499053598456,Chiclayo,0.8294184450246733,True,COSTA,4.0,True
220206,-7.018723231999957,-76.49929932849997,sectores,0.9814994867845139,Bellavista,0.22902408263635587,True,SELVA BAJA,6.0,True
060308,-7.0639097699999525,-78.06652356999999,sectores,1.38326419482529,Huamachuco,7.624794715501792,False,SIERRA,6.0,False
130305,-7.03415735924996,-77.80279523024997,sectores,1.0651502842517322,Huamachuco,8.3246789790855,False,SIERRA,6.0,False
220404,-7.000612921499965,-76.82280167849996,sectores,2.174483829519302,Bellavista,0.983682186168346,True,SELVA BAJA,6.0,True
061102,-6.9751949764999495,-79.16840731699997,sectores,0.3643234522813387,Chiclayo,2.862954445013048,False,COSTA,4.0,True
160602,-7.04096369949994,-75.30926421849995,sectores,16.114575593129246,,inf,False,SELVA BAJA,6.0,False
220706,-6.986289186499931,-76.42121349849998,sectores,0.41253498955181456,Bellavista,0.31132002465670483,True,SELVA BAJA,6.0,True
061101,-7.04117437916662,-78.8979854703333,sectores,0.24647282954288283,Chiclayo,4.9556820714739604,False,SIERRA,6.0,True
060310,-7.003513280999954,-78.14481251299995,sectores,0.747910367018718,Huamachuco,4.204366111776612,False,SIERRA,6.0,True
140104,-6.950421322999944,-79.84695955099994,sectores,0.4433810271877569,Chiclayo,0.45336775006116986,True,COSTA,4.0,True
220403,-6.991558200666627,-76.71181760666663,sectores,0.8304270375321066,Bellavista,0.6937454110487812,True,SELVA BAJA,6.0,True
060305,-6.939555997999946,-78.06960633499995,sectores,0.4124611432250936,Huamachuco,5.86494116923742,False,SIERRA,6.0,True
220708,-7.0102373106666205,-76.12003006166663,sectores,0.683593818197495,Bellavista,1.6914600605944226,True,SELVA BAJA,6.0,True
140107,-7.025682739749946,-79.65379419212496,sectores,3.2204615591995926,Chiclayo,0.6671983793946612,True,COSTA,4.0,True
060306,-6.91694305249996,-78.15272822199995,sectores,1.5943109989049993,Huamachuco,4.450360294540281,False,SIERRA,6.0,True
060101,-7.1339595449999536,-78.54251182749995,sectores,0.6440029309954441,Huamachuco,3.3432600968352872,False,SIERRA,6.0,True
140103,-6.91943848799994,-79.83312384649994,sectores,1.5721393759407847,Chiclayo,0.28962157369039604,True,COSTA,4.0,True
220701,-6.9712644739999705,-76.32614529266662,sectores,0.3441965317008495,Bellavista,0.6732937812899016,True,SELVA BAJA,6.0,True
061108,-7.0225793139999455,-79.24996995599997,sectores,0.43313409904442524,Chiclayo,2.442277569448226,False,COSTA,4.0,True
220201,-6.999837139999954,-76.58720885099996,sectores,0.8333854245279537,Bellavista,0.17253699828047292,True,SELVA BAJA,6.0,True
060309,-6.920649892666631,-78.28121046699995,sectores,0.6134298993675219,Huamachuco,5.517610077228635,False,SIERRA,6.0,True
010106,-6.935711158999965,-77.90410150499997,sectores,1.3675064820069789,Huamachuco,7.770947746063183,False,SIERRA,6.0,False
220709,-6.952419930249945,-76.21980625199996,sectores,4.001684448757707,Bellavista,0.9517121270773211,True,SELVA BAJA,6.0,True
061111,-6.939436124999958,-78.73328513899995,sectores,0.9677283443255951,Huamachuco,4.3562994379523445,False,SIERRA,6.0,True
220703,-6.923172370999964,-76.41933325799995,sectores,1.8303630364137682,Bellavista,0.3912584970560301,True,SELVA BAJA,6.0,True
140109,-6.911396987599948,-79.40385317659997,sectores,3.2433553731891385,Chiclayo,1.0691075101525973,True,COSTA,4.0,True
220707,-6.961423462333282,-76.47189771599996,sectores,1.2797367573117617,Bellavista,0.5996047087187126,True,SELVA BAJA,6.0,True
061109,-6.931144977999945,-79.12147531566664,sectores,0.25306094283054104,Chiclayo,3.848869654224793,False,COSTA,4.0,True
061204,-6.992725853666609,-78.6801150693333,sectores,0.08538671095910927,Huamachuco,4.431081787517884,False,SIERRA,6.0,True
140114,-6.878620111999965,-79.91647654599996,sectores,0.13109435646536302,Chiclayo,0.38149538736647304,True,COSTA,4.0,True
061103,-6.9131463429999656,-78.94892780899997,sectores,2.8395421353347166,Chiclayo,6.0656292058201515,False,SIERRA,6.0,False
140116,-6.8970065512499446,-79.52858691449997,sectores,0.7199733099398494,Chiclayo,0.8316776056271035,True,COSTA,4.0,True
060311,-6.879212038499929,-78.06709970299994,sectores,0.929117971744414,Huamachuco,5.151920775195739,False,SIERRA,6.0,True
061106,-6.873039134999942,-79.13718350099995,sectores,0.36818318478528517,Chiclayo,2.7049899270623583,False,COSTA,4.0,True
140108,-6.864307010999949,-79.85618757119995,sectores,0.11522251105122969,Chiclayo,0.2190957144888792,True,COSTA,4.0,True
140113,-6.865422689499951,-79.80500144399994,sectores,0.2713512170063402,Chiclayo,0.3788935291608792,True,COSTA,4.0,True
061107,-6.885571174499944,-78.73864243349996,sectores,0.0710096019744425,Huamachuco,4.574677762710943,False,SIERRA,6.0,True
060105,-6.978337593124955,-78.40012266887496,sectores,0.2084862491431377,Huamachuco,5.517135291553924,False,SIERRA,6.0,True
160604,-7.218329196499951,-75.46922151099997,sectores,42.46330448361811,,inf,False,SELVA BAJA,6.0,False
140106,-6.824341186249939,-79.86254372324997,sectores,0.7201738964474678,Chiclayo,0.11783687407987517,True,COSTA,4.0,True
140115,-6.885943587999956,-79.60333468049997,sectores,0.4574461280475799,Chiclayo,0.7649632128552618,True,COSTA,4.0,True
220705,-6.83974236433329,-76.34796170766663,sectores,0.9624200471958796,Bellavista,0.6496058337452046,True,SELVA BAJA,6.0,True
140119,-6.789933279499948,-79.53546502924996,sectores,0.8917454631517799,Chiclayo,0.8853815351104501,True,COSTA,4.0,True
140101,-6.778467846249953,-79.81662766524997,sectores,0.578372172892923,Chiclayo,0.09453311819420984,True,COSTA,4.0,True
061104,-6.8174297779999335,-78.74943472599998,sectores,0.7578746177840294,Huamachuco,4.488980065247676,False,SIERRA,6.0,True
140118,-6.782701118999967,-79.75501580949997,sectores,0.8274507853417704,Chiclayo,0.22538568109349544,True,COSTA,4.0,True
140311,-6.764776360999956,-79.93786204066663,sectores,0.3681971519799403,Chiclayo,0.23664557379888052,True,COSTA,4.0,True
140112,-6.794128027666621,-79.90091932733328,sectores,0.12837781981601978,Chiclayo,0.21916059153270395,True,COSTA,4.0,True
220205,-6.830699091249954,-76.58152511299996,sectores,0.6560243988737955,Bellavista,0.6237878279045391,True,SELVA BAJA,6.0,True
160606,-6.922776308499948,-75.13951084149997,sectores,2.201999985109675,,inf,False,SELVA BAJA,6.0,False
140105,-6.736609266499954,-79.84224487999995,sectores,0.3819453586661204,Chiclayo,0.1453065625139742,True,COSTA,4.0,True
220401,-6.8876612479999535,-76.83419011666665,sectores,3.092359187647226,Bellavista,1.0830016771743436,True,SELVA BAJA,6.0,True
061112,-6.774379330999949,-78.82731290949997,sectores,1.4399702262970044,Chiclayo,4.725979263566863,False,SIERRA,6.0,True
220704,-6.78377872249996,-76.26841777899995,sectores,0.46124376448395255,Bellavista,1.7990128777960133,True,SELVA BAJA,6.0,True
010103,-6.813941870666611,-77.95714124933329,sectores,0.760169490865858,Huamachuco,6.372905005976976,False,SELVA ALTA,6.0,False
220710,-6.813663341999965,-76.12670022266663,sectores,5.333072679275092,Bellavista,2.587738276259469,False,SELVA BAJA,6.0,True
140111,-6.705537460999963,-79.78153918499996,sectores,0.5001933848558489,Chiclayo,0.22721161622933303,True,COSTA,4.0,True
140120,-6.788854413999928,-79.69287900949996,sectores,0.7238423435871426,Chiclayo,0.4187112031062958,True,COSTA,4.0,True
220702,-6.730945220999942,-76.40952963274997,sectores,5.668936128930832,Bellavista,1.0827187684836799,True,SELVA BAJA,6.0,True
060304,-6.840967538666632,-78.29299420066663,sectores,0.2738957167729977,Huamachuco,6.235513318382459,False,SIERRA,6.0,False
140110,-6.818743079090862,-79.30448644654543,sectores,0.6332474381648655,Chiclayo,1.6541817595150308,True,COSTA,4.0,True
061307,-6.730395234999958,-78.93136726599997,sectores,0.6790160762930113,Chiclayo,4.818562063607193,False,SIERRA,6.0,True
061308,-6.683051606666614,-78.90635769533328,sectores,1.28934659083304,Chiclayo,3.8688255095318476,False,SIERRA,6.0,True
060703,-6.7576252483999495,-78.58805186479995,sectores,0.1882888801715323,Huamachuco,4.469619270288682,False,SIERRA,6.0,True
061311,-6.685582277499947,-78.84843519599997,sectores,0.18851225032722604,Chiclayo,4.545468947924784,False,SIERRA,6.0,True
010110,-6.786350573999944,-77.79028426899998,sectores,1.6491287512192803,Huamachuco,8.018410490519859,False,SIERRA,6.0,False
061302,-6.663903371499941,-78.80991431999996,sectores,0.4758639422551152,Chiclayo,4.653227654762342,False,SIERRA,6.0,True
220913,-6.7071090547499495,-76.20539899974996,sectores,0.3798884536206094,,inf,False,SELVA BAJA,6.0,False
061306,-6.69668036449994,-78.77033167699997,sectores,2.3547058972025185,Chiclayo,5.227334960242978,False,SIERRA,6.0,True
220902,-6.683353638999961,-76.26152543133331,sectores,3.533118187241416,Bellavista,1.005922451620493,True,SELVA BAJA,6.0,True
220302,-6.719213574749958,-76.70639670599996,sectores,0.6539290703043826,Bellavista,1.1606713917500562,True,SELVA BAJA,6.0,True
140117,-6.726511114142819,-79.59014463771425,sectores,0.5945977056992399,Chiclayo,0.5185897747617377,True,COSTA,4.0,True
060702,-6.6735826666666185,-78.7091696493333,sectores,1.2998279969475806,Huamachuco,5.385959064821343,False,SIERRA,6.0,True
060312,-6.709719634999942,-78.28334767499996,sectores,0.8757578205801902,Huamachuco,6.610823156601038,False,SIERRA,6.0,False
061303,-6.75649941599994,-79.0563103958333,sectores,0.5090214385742425,Chiclayo,4.155490035880854,False,COSTA,4.0,False
060301,-6.818202499999946,-78.15832942333329,sectores,0.8980516341777535,Huamachuco,4.671831176572496,False,SIERRA,6.0,True
140206,-6.628122667499937,-79.82482128774997,sectores,0.7870288976805225,Chiclayo,0.5048220005132065,True,COSTA,4.0,True
220304,-6.7147326799999405,-76.60561238674997,sectores,2.3409799898815966,Bellavista,1.0730810881703952,True,SELVA BAJA,6.0,True
140301,-6.659179089166618,-79.90060426241662,sectores,0.6077043012428681,Chiclayo,0.26257966714131653,True,COSTA,4.0,True
061301,-6.633445232166632,-78.9359095658333,sectores,0.8553217558510718,Chiclayo,3.4681351824251476,False,SIERRA,6.0,True
010115,-6.625926884999956,-77.71653896399997,sectores,8.787669295379363,Chiclayo,8.358589227505705,False,SIERRA,6.0,False
061310,-6.615141912999974,-78.78747127299997,sectores,1.0869023418095802,Chiclayo,4.867003846963546,False,SIERRA,6.0,True
061305,-6.623543033666635,-78.86030023933331,sectores,0.5487371605405152,Chiclayo,4.546808558943743,False,SIERRA,6.0,True
140201,-6.613897299222174,-79.79464823255552,sectores,0.4049611740524792,Chiclayo,0.45905519152005786,True,COSTA,4.0,True
060307,-6.661413062999941,-78.24516878699998,sectores,1.042743485395521,Huamachuco,7.827938947865337,False,SIERRA,6.0,False
010517,-6.645742009999954,-77.86582006566663,sectores,3.943454740720158,Huamachuco,8.571972853150205,False,SIERRA,6.0,False
060701,-6.683780526687457,-78.50303553493745,sectores,0.3267520097392381,Huamachuco,5.058250059198202,False,SIERRA,6.0,True
140204,-6.640620955624954,-79.71918430987498,sectores,0.8456202843930817,Chiclayo,0.5649456000363053,True,COSTA,4.0,True
220908,-6.614844020199951,-76.34926345519995,sectores,1.8271979699709409,Bellavista,1.3385450050674887,True,SELVA BAJA,6.0,True
010113,-6.5838860813332944,-77.77823417866664,sectores,1.6265779279310288,Chiclayo,8.265098028109454,False,SIERRA,6.0,False
220604,-7.176351364666611,-76.90997984366663,sectores,14.010927007923563,Bellavista,0.9725468714849675,True,SELVA BAJA,6.0,True
220301,-6.60860632316663,-76.7158019123333,sectores,0.2650462688872532,Bellavista,1.5640626112102705,True,SELVA BAJA,6.0,True
140305,-6.563944469571384,-79.88509428842853,sectores,0.10748689915719754,Chiclayo,0.5416756237178888,True,COSTA,4.0,True
010503,-6.624868711666626,-78.02874551033331,sectores,17.291969837805414,Chiclayo,8.733284567356005,False,SIERRA,6.0,False
010521,-6.5693931141666155,-77.8931888598333,sectores,1.7097653798696824,Chiclayo,8.497487043240172,False,SIERRA,6.0,False
061309,-6.586627453499943,-79.03712823099997,sectores,0.4298533164787036,Chiclayo,3.450794456843913,False,SIERRA,6.0,True
061304,-6.55713168799997,-78.86959994966661,sectores,1.6991940938628098,Chiclayo,3.9392032455932258,False,SIERRA,6.0,True
220914,-6.589949539333285,-76.2070679423333,sectores,1.5996639687874918,Bellavista,1.5796194692781749,True,SELVA BAJA,6.0,True
220505,-6.599314469249961,-76.46642044924995,sectores,2.995725204955674,Bellavista,2.289751773367095,False,SELVA BAJA,6.0,True
140102,-6.643981376083285,-79.42586380341663,sectores,1.021963115574007,Chiclayo,0.9666221970780651,True,COSTA,4.0,True
060413,-6.525756468999968,-78.40633058099996,sectores,0.875391736188207,Huamachuco,7.010623562414178,False,SIERRA,6.0,False
060302,-6.56487421199995,-78.20236444049996,sectores,4.213321594736343,Huamachuco,8.743055254998719,False,SIERRA,6.0,False
010602,-6.541860934166617,-77.39345110199996,sectores,0.2199063965530361,Chiclayo,10.349417595519292,False,SELVA ALTA,6.0,False
060410,-6.562276555999938,-78.72932915279998,sectores,0.40705178136712006,Chiclayo,4.152827048381922,False,SIERRA,6.0,True
140312,-6.5027159718888345,-79.8787747583333,sectores,0.713719998430153,Chiclayo,0.5674493015423707,True,COSTA,4.0,True
010611,-6.4905878153332806,-77.46515682033329,sectores,0.30050946420393804,Chiclayo,9.50546053853496,False,SELVA ALTA,6.0,False
220305,-6.52361591166662,-76.70854514366663,sectores,0.17698023687072068,Bellavista,1.88666942845546,True,SELVA BAJA,6.0,True
010608,-6.495170989999944,-77.41841961066662,sectores,0.9853518279337147,Chiclayo,9.910971656405712,False,SELVA ALTA,6.0,False
220904,-6.578969506199951,-76.01531639359996,sectores,4.577765525409934,Bellavista,2.6649956955947833,False,SELVA BAJA,6.0,True
060401,-6.563931802499951,-78.64512447433329,sectores,0.0024310677276747697,Chiclayo,4.357223016942827,False,SIERRA,6.0,True
140303,-6.470343029799949,-79.85806426919996,sectores,0.08165821411212262,Chiclayo,0.5693587866514177,True,COSTA,4.0,True
220511,-6.5391347334999494,-76.53758703099997,sectores,4.997640417818676,Bellavista,1.9213642308439007,True,SELVA ALTA,6.0,True
060419,-6.514400604749966,-78.49283709674995,sectores,0.3051642995936971,Chiclayo,5.986605929616384,False,SIERRA,6.0,True
220910,-6.499138567499969,-76.41090773149996,sectores,0.5455330289361557,Bellavista,1.6343783610216638,True,SELVA BAJA,6.0,True
010610,-6.452002839999959,-77.46201426366662,sectores,0.16083634638338026,Chiclayo,9.302670520545062,False,SELVA ALTA,6.0,False
010109,-6.512076057799959,-77.80062446479995,sectores,1.203295899571162,Chiclayo,8.745133676975648,False,SIERRA,6.0,False
060407,-6.479847553799948,-78.84621679899996,sectores,0.8728948465551224,Chiclayo,3.738146576645335,False,SIERRA,6.0,True
010511,-6.493736442333291,-77.96429068799996,sectores,6.4168969764201504,Chiclayo,9.252090671360332,False,SIERRA,6.0,False
010519,-6.48089276966662,-77.89590168866663,sectores,2.536784975910219,Chiclayo,8.655447849014383,False,SIERRA,6.0,False
220901,-6.510808337999947,-76.37202386166662,sectores,0.30251771466026245,Bellavista,1.4564138282296286,True,SELVA BAJA,6.0,True
220903,-6.46626801849996,-76.43875776274996,sectores,0.4518714938058113,Bellavista,1.6475412804006384,True,SELVA BAJA,6.0,True
010604,-6.429502979333279,-77.52635100555553,sectores,0.47838679361090386,Chiclayo,9.130572108755121,False,SELVA ALTA,6.0,False
140309,-6.438543736499952,-79.85984422199995,sectores,0.5892727897063047,Chiclayo,1.0347248229677362,True,COSTA,4.0,True
060408,-6.458014978666616,-78.62457035866663,sectores,1.0847132031097826,Chiclayo,5.21795454363079,False,SIERRA,6.0,True
060411,-6.532078036428532,-79.16083775328568,sectores,2.7964605750460625,Chiclayo,1.8297311270945331,True,COSTA,4.0,True
220507,-6.444995231749957,-76.47505787374996,sectores,0.29811283593503696,Bellavista,1.9497047605092501,True,SELVA BAJA,6.0,True
060303,-6.481171999999958,-78.29848425549994,sectores,4.424803469427107,Huamachuco,9.133893791110363,False,SELVA ALTA,6.0,False
060403,-6.440718711333299,-78.41906399166662,sectores,0.9717030991571753,Huamachuco,6.758646397638734,False,SIERRA,6.0,False
060404,-6.424388688749957,-78.70877061174997,sectores,0.27841329164664175,Chiclayo,5.289437187068298,False,SIERRA,6.0,True
220603,-7.467500130333292,-77.24767182566664,sectores,42.24311292758516,Huamachuco,12.769073744123364,False,SELVA BAJA,6.0,False
010605,-6.5092488221428,-77.60344405542853,sectores,1.6494229549839623,Chiclayo,10.097542483630379,False,SELVA ALTA,6.0,False
010514,-6.476538672999948,-78.08654747879996,sectores,9.843199539641919,Chiclayo,9.811340776182668,False,SIERRA,6.0,False
220509,-6.410008204499945,-76.57789193449997,sectores,0.2324401482340435,Bellavista,2.1798018713296163,False,SELVA ALTA,6.0,True
140306,-6.532458367777729,-80.02091878088885,sectores,0.6511229770152301,Chiclayo,0.5303754209372842,True,COSTA,4.0,True
140205,-6.504836878499954,-79.69760431291662,sectores,0.5351615764996579,Chiclayo,0.9463977063956888,True,COSTA,4.0,True
060418,-6.444801585249948,-79.36600168799995,sectores,2.6971356155734076,Chiclayo,2.6057434466446754,False,COSTA,4.0,True
220909,-6.494636267749954,-76.30505668699996,sectores,1.1747877515670702,Bellavista,1.623365568870074,True,SELVA BAJA,6.0,True
060416,-6.467862850749967,-79.23938332799996,sectores,0.7910121983908377,Chiclayo,3.582902608227223,False,COSTA,4.0,True
010112,-6.417898698999949,-77.82732307999996,sectores,0.30687230336826643,Chiclayo,8.48566049765487,False,SIERRA,6.0,False
010507,-6.403033661666616,-78.00428295266663,sectores,0.5981777131509405,Chiclayo,8.677649119418476,False,SIERRA,6.0,False
220912,-6.405904988749938,-76.38618360274997,sectores,2.5229276871267734,Bellavista,1.8851764572304364,True,SELVA BAJA,6.0,True
060417,-6.397439621499966,-78.57428338283329,sectores,0.5341422934726853,Chiclayo,6.356404747795886,False,SIERRA,6.0,False
060409,-6.4388046607999625,-78.97188809559995,sectores,1.3362592256252606,Chiclayo,3.250249073137544,False,SIERRA,6.0,True
220907,-6.5695879964999335,-75.74697249149997,sectores,20.631069361404297,Bellavista,5.1614229415591995,False,SELVA BAJA,6.0,True
220402,-6.7043972799999665,-76.89268815799994,sectores,4.266027778637441,Bellavista,1.8637740782972443,True,SELVA BAJA,6.0,True
010522,-6.385974176999942,-77.94340022633328,sectores,1.1994895634167286,Chiclayo,7.864199883948105,False,SIERRA,6.0,False
010609,-6.418893472999962,-77.34419140049997,sectores,0.5054615870163583,Chiclayo,9.629952051510314,False,SELVA ALTA,6.0,False
220905,-6.423336979999959,-75.70289670649998,sectores,17.74389084473963,Bellavista,5.1614229415591995,False,SELVA BAJA,6.0,True
220501,-6.394573385333293,-76.52792939066664,sectores,0.47459612122634354,Bellavista,2.1417454848859125,False,SELVA ALTA,6.0,True
010119,-6.356018417666614,-77.8370710393333,sectores,4.008897305000804,Chiclayo,8.00484513241847,False,SIERRA,6.0,False
010601,-6.3864220921666215,-77.45187008399996,sectores,1.854429863772372,Chiclayo,8.901163206247112,False,SELVA ALTA,6.0,False
060402,-6.338455991499956,-78.58188329999996,sectores,1.835005439280991,Chiclayo,6.13893230267525,False,SIERRA,6.0,False
010603,-6.388591273333286,-77.64218785666662,sectores,2.4594171189542218,Chiclayo,9.32530903204054,False,SELVA ALTA,6.0,False
010606,-6.355795454599956,-77.55572034319997,sectores,3.552556583287707,Chiclayo,8.817205070682403,False,SELVA ALTA,6.0,False
010111,-6.315714211666621,-77.88043239499996,sectores,0.5079419118416136,Chiclayo,8.064186811531746,False,SIERRA,6.0,False
060406,-6.378513150666606,-78.36342491599997,sectores,2.070492360426749,Huamachuco,7.541993249426563,False,SIERRA,6.0,False
060415,-6.35693243219996,-79.05928521599995,sectores,0.6689560286570715,Chiclayo,4.335540407206575,False,SIERRA,6.0,True
060601,-6.379289812318135,-78.83682229049997,sectores,0.3833085386861104,Chiclayo,4.294317692218728,False,SIERRA,6.0,True
220303,-6.438486940499942,-76.81904095224998,sectores,2.781743074184962,Bellavista,2.8762097262503237,False,SELVA ALTA,6.0,True
010515,-6.303705645999969,-78.28545199966663,sectores,3.6651369068191433,Chiclayo,10.203653707519372,False,SIERRA,6.0,False
010504,-6.308357665749952,-77.99486014324997,sectores,1.569556343864595,Chiclayo,8.023226155970471,False,SIERRA,6.0,False
010513,-6.3408991054999575,-78.15713301224996,sectores,4.97779723583203,Chiclayo,10.22764377511041,False,SELVA ALTA,6.0,False
010104,-6.293404581199946,-77.67443351839998,sectores,2.1352783501088997,Chiclayo,8.333013495709729,False,SIERRA,6.0,False
010120,-6.305599611999947,-77.74466554739996,sectores,4.677160038692479,Chiclayo,8.156167284592373,False,SIERRA,6.0,False
060405,-6.292417231999934,-78.45093405549997,sectores,9.707622513602654,Huamachuco,7.910180594495166,False,SELVA ALTA,6.0,False
060412,-6.3638768333999565,-79.31400965939996,sectores,2.9412518188640955,Chiclayo,3.837853018134809,False,SIERRA,6.0,True
060610,-6.261347208499956,-78.58714574849998,sectores,0.5196696420867386,Chiclayo,6.298633392251202,False,SIERRA,6.0,False
060614,-6.278477519499944,-78.68560747849995,sectores,0.5490386135981568,Chiclayo,5.293879478932313,False,SIERRA,6.0,True
010506,-6.25022842599995,-77.99258205999996,sectores,3.602955445836304,Chiclayo,7.658132722570748,False,SIERRA,6.0,False
010118,-6.232236738999973,-77.73357597799998,sectores,0.31190131865895937,Chiclayo,7.749373867512149,False,SIERRA,6.0,False
060612,-6.258235094999937,-78.84581849633331,sectores,0.1602292350056962,Chiclayo,5.046935359579081,False,SIERRA,6.0,True
010607,-6.325066414249946,-77.50036460449996,sectores,1.734375611112554,Chiclayo,8.602235852427068,False,SELVA ALTA,6.0,False
010101,-6.248160420999952,-77.86916627199997,sectores,0.6262288142042152,Chiclayo,7.184263592220004,False,SIERRA,6.0,False
060605,-6.211401610999957,-78.55199446099996,sectores,2.5791883294086837,Chiclayo,7.586120766174524,False,SELVA ALTA,6.0,False
010508,-6.204796024666602,-78.01829748533332,sectores,1.35444653276627,Chiclayo,8.392118311984001,False,SIERRA,6.0,False
220510,-6.366643174999941,-76.66413115266663,sectores,0.07437865426792602,Bellavista,2.1873598924329127,False,SELVA ALTA,6.0,True
220502,-6.312263064999954,-76.76254782549995,sectores,0.705185523268599,Bellavista,2.8769306028425206,False,SELVA ALTA,6.0,True
060608,-6.224112194999947,-78.73134048849994,sectores,0.3710328321536349,Chiclayo,5.853595656858595,False,SIERRA,6.0,True
140304,-6.3518526279999605,-79.79381142449996,sectores,1.004940874178157,Chiclayo,0.8427437033452945,True,COSTA,4.0,True
010512,-6.217111935333302,-78.22373808566662,sectores,2.6317230572628203,Chiclayo,9.841749994769547,False,SELVA ALTA,6.0,False
010114,-6.2126788905999435,-77.61556572879996,sectores,1.3616528706016156,Chiclayo,8.188276581528928,False,SIERRA,6.0,False
140302,-6.156671306999954,-79.62970172499996,sectores,0.8363777967449046,Chiclayo,1.3588842681698692,True,COSTA,4.0,True
010121,-6.17244289199995,-77.80042997149997,sectores,1.7670874465497048,Chiclayo,8.42783088434292,False,SIERRA,6.0,False
220105,-6.288707473499954,-77.09286929499996,sectores,0.777993560125019,Bellavista,4.458497614387461,False,SELVA ALTA,6.0,True
060609,-6.172786559999963,-78.60055255999998,sectores,0.26025026011551444,Chiclayo,7.353162399049044,False,SELVA ALTA,6.0,False
010108,-6.164255520999944,-77.87176442799998,sectores,0.45084310095599833,Chiclayo,7.617603460886971,False,SIERRA,6.0,False
010509,-6.176246238199951,-77.97933878819995,sectores,0.7558554480212429,Chiclayo,7.82009184121428,False,SIERRA,6.0,False
220906,-6.215429236999938,-75.84520067649996,sectores,2.35580233997397,Bellavista,3.9261030216381485,False,SELVA BAJA,6.0,True
220808,-6.170410846333293,-77.15783178799995,sectores,4.619248954089648,Bellavista,3.807386891693516,False,SELVA ALTA,6.0,True
220503,-6.2962928712856785,-76.03356792028568,sectores,5.19465357288191,Bellavista,3.320739053369614,False,SELVA BAJA,6.0,True
060414,-6.186805773499941,-78.47552704199998,sectores,7.465329680575116,Chiclayo,7.441661425888664,False,SELVA ALTA,6.0,False
010502,-6.191164341142813,-78.33834738742853,sectores,0.4891180676704925,Chiclayo,8.689235643183855,False,SELVA ALTA,6.0,False
140203,-6.237993522142809,-79.37987773357138,sectores,1.082048398325883,Chiclayo,3.583865219918206,False,COSTA,4.0,True
060604,-6.118756108999946,-78.55782803099996,sectores,0.9048501180727444,Chiclayo,9.485350932524748,False,SELVA ALTA,6.0,False
010501,-6.1215154714999755,-77.95513605349996,sectores,0.7741567629923822,Chiclayo,7.69317062537507,False,SIERRA,6.0,False
060607,-6.198424473799958,-79.06705097319995,sectores,1.256262219403949,Chiclayo,5.862230709882292,False,SELVA ALTA,6.0,True
220103,-6.089176110333294,-77.10087507333328,sectores,1.0875632348548492,Bellavista,3.6143950932185147,False,SELVA ALTA,6.0,True
220104,-6.16239966024996,-76.92762647199996,sectores,1.2744705339353761,Bellavista,4.854159741864819,False,SELVA ALTA,6.0,True
010516,-6.089251164999951,-77.95586685999996,sectores,0.8465517995391215,Chiclayo,7.661543596230983,False,SIERRA,6.0,False
010107,-6.1010960954999405,-77.57573943899996,sectores,7.1269675932910275,Bellavista,7.961010962363828,False,SIERRA,6.0,False
010510,-6.137521920999973,-78.08771765549997,sectores,5.6897254154259755,Chiclayo,8.335454016901139,False,SIERRA,6.0,False
010117,-6.121159055999954,-77.69597742699995,sectores,4.329870079175785,Bellavista,8.39932016479613,False,SIERRA,6.0,False
010311,-6.055250462749953,-77.90484401349995,sectores,0.9440511552101625,Chiclayo,6.608629966217727,False,SIERRA,6.0,False
060611,-6.113850219999932,-78.83277438349995,sectores,1.1573506377146872,Chiclayo,5.6109170991135,False,SELVA ALTA,6.0,True
010505,-6.146185352799944,-78.16748775259995,sectores,12.384160483992325,Chiclayo,9.841749994769547,False,SIERRA,6.0,False
060602,-6.145333870666614,-78.91642737016663,sectores,0.3260143191255095,Chiclayo,5.304172061200566,False,SELVA ALTA,6.0,True
220508,-6.29606683749995,-76.49735455149997,sectores,8.471458024635613,Bellavista,2.4024045616100524,False,SELVA ALTA,6.0,True
010520,-6.065552607749964,-78.08462282849996,sectores,8.812809413301817,Chiclayo,8.284777182081397,False,SIERRA,6.0,False
220911,-6.265064788333272,-75.70441716666663,sectores,10.360393403321138,Bellavista,4.06886031862756,False,SELVA BAJA,6.0,True
010612,-6.242480174799937,-77.26138560559995,sectores,7.0262086457644095,Bellavista,4.429769298766627,False,SELVA ALTA,6.0,True
220506,-6.1907467992499505,-76.69771804174998,sectores,3.609856814342317,Bellavista,3.4369262934593037,False,SELVA ALTA,6.0,True
140307,-6.14811952324996,-79.69034406099995,sectores,0.21784882735863034,Chiclayo,1.164680800637409,True,COSTA,4.0,True
060613,-6.112457417499968,-78.67548819949997,sectores,3.610369395847612,Chiclayo,5.553564635538631,False,SELVA ALTA,6.0,True
010105,-6.080204838999933,-77.75763184449997,sectores,4.919585254558017,Chiclayo,9.146583204120713,False,SIERRA,6.0,False
010303,-6.007796053999925,-77.93036500999995,sectores,2.7756873979810512,Chiclayo,6.3332179519062946,False,SIERRA,6.0,False
220801,-6.078775626333292,-77.19874826499996,sectores,1.5653423274680798,Bellavista,3.7152385975024425,False,SELVA ALTA,6.0,True
140202,-6.054410603666611,-79.3018138778333,sectores,0.7468267378500685,Chiclayo,5.926103954414312,False,SELVA ALTA,6.0,True
060606,-6.056484246499963,-78.76280390199997,sectores,0.3394748687404085,Chiclayo,5.083996038985574,False,SELVA ALTA,6.0,True
220102,-6.012900526999961,-77.10091644899995,sectores,2.621946684522488,Bellavista,3.4940200121018177,False,SELVA ALTA,6.0,True
220803,-6.0211265073332925,-77.28343985833328,sectores,3.0542267161767116,Bellavista,3.7684440703678304,False,SELVA ALTA,6.0,True
220504,-6.228803217499944,-76.30090881499994,sectores,2.4025165319373443,Bellavista,2.84772326541455,False,SELVA BAJA,6.0,True
010706,-6.071434659249952,-78.40581470337496,sectores,0.30520497003011865,Chiclayo,7.43178136449365,False,SELVA ALTA,6.0,False
010309,-5.982123620499948,-77.91020509849997,sectores,5.832754868831603,Chiclayo,6.449249160468356,False,SIERRA,6.0,False
160502,-6.739665176999949,-74.18875463499995,sectores,106.54553608645084,,inf,False,SELVA BAJA,6.0,False
010102,-5.996823408249952,-77.74164463599995,sectores,1.2471192839760823,Bellavista,7.195201730423676,False,SIERRA,6.0,False
010116,-6.004578815499968,-77.67640636249996,sectores,4.2310158349788,Bellavista,7.4216824851951575,False,SIERRA,6.0,False
220806,-5.989784628999947,-77.16786541466662,sectores,1.8430616400835045,Bellavista,3.845641353437896,False,SELVA ALTA,6.0,True
010707,-6.002304093999953,-78.50837706574995,sectores,1.7073269630028076,Chiclayo,7.064131225018972,False,SELVA ALTA,6.0,False
220106,-5.96023877166662,-77.07642999466664,sectores,0.4556253977423688,Bellavista,3.7873172819096617,False,SELVA ALTA,6.0,True
060808,-6.02990027019996,-79.12450442319997,sectores,1.0418893834987049,Chiclayo,3.3694018836851205,False,SELVA ALTA,6.0,True
140310,-6.195545071999945,-79.54786123924995,sectores,1.6882301836954081,Chiclayo,2.348038182021255,False,COSTA,4.0,True
010307,-5.947708212999956,-78.00949791449996,sectores,1.914060768782264,Chiclayo,6.427636289804078,False,SELVA ALTA,6.0,False
010518,-6.019217138333299,-78.0297618733333,sectores,3.510441527836081,Chiclayo,6.861572303994104,False,SIERRA,6.0,False
060615,-5.9954867844999455,-78.69146890249996,sectores,0.39277831200206625,Chiclayo,6.202477522474982,False,SELVA ALTA,6.0,False
010308,-5.938817411999963,-77.77197532749997,sectores,0.8727714661824989,Bellavista,6.8809235821402055,False,SIERRA,6.0,False
220809,-5.939820714666628,-77.23230206399997,sectores,0.174429898666482,Bellavista,4.163204975734075,False,SELVA ALTA,6.0,True
160605,-6.25415909299996,-75.06783205799996,sectores,67.45037774379928,,inf,False,SELVA BAJA,6.0,False
010305,-5.917934648999942,-77.91445396066662,sectores,1.8530555537081588,Chiclayo,6.571718038675295,False,SIERRA,6.0,False
010310,-5.87045246666662,-78.06086317333329,sectores,3.889163149113577,Chiclayo,5.951104181131152,False,SIERRA,6.0,True
010302,-5.89105609899994,-77.72723656549996,sectores,7.245098586571063,Bellavista,6.514679709764535,False,SIERRA,6.0,False
010301,-5.926250046999958,-77.81305716133329,sectores,2.0938876805469393,Bellavista,6.718755502079312,False,SIERRA,6.0,False
010705,-5.946570251749961,-78.22131441074994,sectores,3.363614071068626,Chiclayo,6.02401165253954,False,SELVA ALTA,6.0,False
220804,-5.903089736999945,-77.35914823124997,sectores,3.240696668786412,Bellavista,3.963842347923776,False,SELVA ALTA,6.0,True
060603,-5.920940781499951,-78.77145357299995,sectores,2.172126581222334,Chiclayo,4.95638558786502,False,SELVA ALTA,6.0,True
010304,-5.820534603333272,-77.81556227899995,sectores,0.6525243773409408,Bellavista,6.034435648697203,False,SIERRA,6.0,False
010704,-5.69511859939995,-78.59967012459997,sectores,0.1526345943381733,Chiclayo,4.746003371945253,False,SELVA BAJA,6.0,True
160505,-6.022254868249945,-74.68649394399996,sectores,106.17597258755168,,inf,False,SELVA BAJA,6.0,False
060803,-5.644407466249945,-79.09640963849995,sectores,0.8431249001959872,Chiclayo,7.582397351242775,False,SELVA ALTA,6.0,False
060809,-5.629329835749957,-79.31219059349996,sectores,3.3703658679394706,Chiclayo,4.734787051112083,False,SELVA ALTA,6.0,True
010201,-5.58864530733329,-78.52011989433329,sectores,1.7769601822925627,Chiclayo,5.0720506093508515,False,SELVA BAJA,6.0,True
140308,-5.950887123666614,-79.95120309099997,sectores,5.152662589819636,Chiclayo,2.4789393259472603,False,COSTA,4.0,True
200804,-5.526567490666612,-80.68820790633329,sectores,2.8392153307610415,Chiclayo,3.138142262152521,False,COSTA,4.0,True
200801,-5.617652616499967,-80.76249016074998,sectores,7.1218781621861975,Chiclayo,3.3475376618969497,False,COSTA,4.0,True
160504,-5.828735471749951,-74.35741367624996,sectores,127.92727291261518,,inf,False,SELVA BAJA,6.0,False
200806,-5.481991697799958,-80.77489363559995,sectores,0.2701869429668994,Chiclayo,3.304487318317846,False,COSTA,4.0,True
160210,-5.633480869799939,-75.77325265719995,sectores,28.11098901678979,,inf,False,SELVA BAJA,6.0,False
160202,-5.727256055999973,-76.55998128874997,sectores,10.943262479912669,Bellavista,5.297486355763043,False,SELVA BAJA,6.0,True
200304,-5.646837952142805,-79.5367535918571,sectores,0.3365620240292727,Chiclayo,3.3968911943021283,False,SIERRA,6.0,True
200803,-5.4612974154999465,-80.7106523278333,sectores,1.6816867614185058,Chiclayo,3.250794069975777,False,COSTA,4.0,True
220805,-5.756643891249951,-77.56454123524996,sectores,3.1411608213530355,Bellavista,4.434534025296787,False,SELVA ALTA,6.0,True
220101,-5.874582397249959,-77.07746978587497,sectores,2.757469134831888,Bellavista,4.8519052622143395,False,SELVA ALTA,6.0,True
200802,-5.4270947433332895,-80.74548778599996,sectores,0.5921048536441074,Chiclayo,3.12902665434456,False,COSTA,4.0,True
200302,-5.3280256328332785,-79.62230306049996,sectores,0.1483309756323675,Chiclayo,5.245585030581388,False,COSTA,4.0,False
010202,-5.393669354666618,-78.44410894466664,sectores,0.5269603287442557,Chiclayo,5.52244812686999,False,SELVA ALTA,6.0,True
060907,-5.323366328333303,-79.22095385316662,sectores,0.855919745288512,Chiclayo,7.460793506418314,False,SELVA ALTA,6.0,False
200404,-5.223229427249954,-80.08547772874996,sectores,0.6419030512626486,Chiclayo,2.9739585699444087,False,COSTA,4.0,True
200105,-5.288880271272686,-80.62994413381814,sectores,1.4889609353224706,Chiclayo,2.7309551418948836,False,COSTA,4.0,True
160503,-5.34826251049995,-74.11868864549996,sectores,70.1649367989945,,inf,False,SELVA BAJA,6.0,False
010312,-5.611369573999951,-77.87784035016664,sectores,9.319051161317706,Bellavista,5.446442881914252,False,SELVA ALTA,6.0,True
200305,-5.170122457249946,-79.66059996274997,sectores,0.3482129642605483,Chiclayo,5.715232491758246,False,COSTA,4.0,False
160506,-5.456242119666608,-74.6182778763333,sectores,110.69854967002094,,inf,False,SELVA BAJA,6.0,False
200408,-5.124350542499954,-79.87506057074997,sectores,2.026272635267264,Chiclayo,3.694040304808743,False,COSTA,4.0,True
200410,-5.157578461666617,-79.77590287666663,sectores,1.2822345722178934,Chiclayo,4.45456403492539,False,SIERRA,6.0,True
200405,-5.17095254849995,-79.9811590353333,sectores,0.1848890061664083,Chiclayo,3.2963678377726215,False,COSTA,4.0,True
200301,-5.212106383749941,-79.48555639099996,sectores,0.6641807757391772,Chiclayo,7.454494927801726,False,SIERRA,6.0,False
060901,-5.146278133166628,-79.0100132408333,sectores,0.1404418277901473,Chiclayo,6.46527792370709,False,SELVA ALTA,6.0,False
200403,-5.061433931833297,-79.8020615138333,sectores,1.9213803962494784,Chiclayo,5.164171095355244,False,SIERRA,6.0,True
160205,-5.267130737999963,-76.21609771749996,sectores,44.680104939293315,Bellavista,5.299746229123495,False,SELVA BAJA,6.0,True
160511,-5.751261816999943,-73.34429770199995,sectores,75.45426428085499,,inf,False,SELVA BAJA,6.0,False
200104,-5.1062157147499505,-80.52711383199997,sectores,6.4332827409046685,Chiclayo,3.0313762682757526,False,COSTA,4.0,True
060905,-5.059054689599952,-79.16165349799996,sectores,3.2914627609845515,Chiclayo,8.552844248278255,False,SELVA ALTA,6.0,False
200409,-5.046922255666611,-79.89296959466662,sectores,0.4665628257517144,Chiclayo,4.777627406946928,False,COSTA,4.0,False
160501,-5.1812256293332934,-73.97008221099998,sectores,45.47130327795287,,inf,False,SELVA BAJA,6.0,False
200101,-5.115279066666612,-80.65308190899997,sectores,1.297343802970576,Chiclayo,3.1521931468010718,False,COSTA,4.0,True
200401,-5.093092845111057,-80.14107099688886,sectores,0.719349602985099,Chiclayo,3.3398388117523354,False,COSTA,4.0,True
200501,-5.167187442999932,-81.05541875299997,sectores,1.945522058333782,Chiclayo,3.6915413550965654,False,COSTA,4.0,True
200606,-4.976787625999947,-80.77923930749998,sectores,6.818299843421584,Chiclayo,3.5016477423964028,False,COSTA,4.0,True
200503,-4.899573020999981,-81.03003701999995,sectores,0.38705785757732825,Chiclayo,4.0420232062816925,False,COSTA,4.0,False
200505,-5.01789499433329,-80.90239867666664,sectores,10.393938823970318,Chiclayo,3.771770507927408,False,COSTA,4.0,True
200504,-4.9103884201428105,-81.07792290699997,sectores,0.7229199222376402,Chiclayo,4.2489259794701795,False,COSTA,4.0,False
160702,-5.194019499333289,-76.79151501266664,sectores,75.15297836492577,Bellavista,5.397130434071094,False,SELVA BAJA,6.0,True
200303,-5.068846121249948,-79.42719024924996,sectores,5.867578450693688,Chiclayo,6.523942732859471,False,SIERRA,6.0,False
200608,-4.847561499999941,-80.68318190424996,sectores,0.3531272005593131,Chiclayo,3.4918280767901275,False,COSTA,4.0,True
200507,-4.84118719233328,-81.08480574266662,sectores,1.8470698080888222,Chiclayo,4.359062732365187,False,COSTA,4.0,False
200202,-4.932664479374957,-79.95628761324997,sectores,0.5527379847344133,Chiclayo,5.094706128394981,False,COSTA,4.0,False
200502,-4.872485688999973,-81.00557175266663,sectores,1.2429832655594644,Chiclayo,4.141720738354972,False,COSTA,4.0,False
200506,-4.86309389799997,-80.96147493499996,sectores,1.1269560406512078,Chiclayo,4.056244759718097,False,COSTA,4.0,False
200206,-4.9585695921999555,-79.64222136529996,sectores,1.2844737082512856,Chiclayo,6.01385546071282,False,SIERRA,6.0,False
200603,-4.848388903333283,-80.88554595616662,sectores,0.2955019199331752,Chiclayo,3.6980128460136727,False,COSTA,4.0,True
160510,-4.906550196666615,-73.70659750633331,sectores,4.095638092530778,,inf,False,SELVA BAJA,6.0,False
200208,-4.785355714374965,-79.99448184324997,sectores,0.23246792518063142,Chiclayo,6.067616644360159,False,COSTA,4.0,False
200204,-4.7772869623332594,-79.85706035733331,sectores,0.07873722378241872,Chiclayo,6.044510295034129,False,COSTA,4.0,False
200114,-4.8628883712499515,-80.2997042673333,sectores,1.1519931058717734,Chiclayo,3.792121067593454,False,COSTA,4.0,True
200601,-4.8364109005555065,-80.57625466399996,sectores,1.3416914696609459,Chiclayo,3.905464854940087,False,COSTA,4.0,True
060906,-5.003699957999954,-78.87456821842854,sectores,9.570322383356126,Chiclayo,6.760371222969884,False,SELVA ALTA,6.0,False
060903,-5.2176656227142315,-78.7315221295714,sectores,3.2580806249793977,Chiclayo,6.101642255643707,False,SELVA ALTA,6.0,False
200607,-4.7634382678570955,-80.61080881814281,sectores,1.182626248416071,Chiclayo,3.6331830999827543,False,COSTA,4.0,True
200703,-4.703858866999951,-81.10818651299996,sectores,2.66351251561158,Chiclayo,4.1101034337621885,False,COSTA,4.0,False
200111,-4.7145207018332895,-80.20499253316662,sectores,2.6993232196809394,Chiclayo,4.638921258553791,False,COSTA,4.0,False
200205,-4.64323223199996,-79.83381141999995,sectores,0.4222989338538082,Chiclayo,5.500450382039247,False,COSTA,4.0,False
200207,-4.637105035874953,-79.98429575837497,sectores,0.4452416781807077,Chiclayo,4.767852499224768,False,COSTA,4.0,False
200209,-4.572928928666613,-79.7756769003333,sectores,0.38379708101378734,Chiclayo,6.642602934809574,False,SIERRA,6.0,False
010205,-5.077565584166621,-78.32809278699996,sectores,0.6803435555660294,Chiclayo,6.9238015573064144,False,SELVA BAJA,6.0,False
200203,-4.549466572333283,-79.82595076366663,sectores,0.5752242100075006,Chiclayo,6.383354524894964,False,COSTA,4.0,False
160507,-4.778221736666619,-73.41753028899996,sectores,20.233540848116203,,inf,False,SELVA BAJA,6.0,False
200201,-4.6522907541499565,-79.61733040159996,sectores,1.119729586966176,Chiclayo,6.576545568656294,False,SIERRA,6.0,False
010401,-4.797135414399963,-77.93287190039997,sectores,3.0788414015990915,Chiclayo,8.234583767611344,False,SELVA BAJA,6.0,False
200701,-4.498848869999961,-81.04352188899998,sectores,3.3287938122722402,Chiclayo,5.582553663590122,False,COSTA,4.0,False
200704,-4.402972215999967,-81.20234851699996,sectores,5.478695044111352,Chiclayo,5.111793295946995,False,COSTA,4.0,False
200210,-4.490003049833281,-80.0387422173333,sectores,2.2405105877043523,Chiclayo,4.751328408612301,False,COSTA,4.0,False
160701,-4.8833646056666185,-76.95851993099996,sectores,61.64112920276173,Chiclayo,9.983259773770563,False,SELVA BAJA,6.0,False
200702,-4.291511929999956,-81.08015185499994,sectores,0.9315951198537111,Chiclayo,5.414806992379772,False,COSTA,4.0,False
160703,-4.682901054999945,-77.51306081599996,sectores,3.898553227155626,Chiclayo,9.642924506713806,False,SELVA BAJA,6.0,False
200605,-4.7637486025999465,-80.75175085539996,sectores,0.4236664606295317,Chiclayo,3.7989727955621366,False,COSTA,4.0,True
200705,-4.194788968999944,-81.06415373099998,sectores,4.809875038518325,Chiclayo,5.394617913237138,False,COSTA,4.0,False
200706,-4.14830892599997,-81.00860804299998,sectores,4.325966018830813,Chiclayo,5.6329696171600085,False,COSTA,4.0,False
200604,-4.480828686333287,-80.49132052099996,sectores,0.6157536972599794,Chiclayo,4.429883835855855,False,COSTA,4.0,False
160403,-4.325103717666612,-71.42989040866662,sectores,121.16372875736343,,inf,False,SELVA BAJA,6.0,False
160302,-4.952424214999951,-74.78544224799995,sectores,95.0238869541564,,inf,False,SELVA BAJA,6.0,False
240203,-4.084989927333292,-80.89881629799997,sectores,2.921018636321556,Chiclayo,5.9831710103809455,False,COSTA,4.0,False
160301,-4.490981633999961,-73.86398645866662,sectores,29.312294592396373,,inf,False,SELVA BAJA,6.0,False
240202,-3.9693998746666352,-80.62978750499995,sectores,1.9197295123338367,Chiclayo,7.128996263432264,False,COSTA,4.0,False
160103,-4.150377601999954,-73.16523391166662,sectores,31.965006023263502,,inf,False,SELVA BAJA,6.0,False
160113,-4.135155792999967,-73.64769941549997,sectores,19.320369159433977,,inf,False,SELVA BAJA,6.0,False
160101,-3.777511387999965,-73.42215106249998,sectores,7.987579551512862,,inf,False,SELVA BAJA,6.0,False
160206,-4.882091266249958,-75.89080432049997,sectores,45.104391443062944,,inf,False,SELVA BAJA,6.0,False
240104,-3.7563288217499604,-80.36893611474997,sectores,1.5806164056067753,Chiclayo,7.737265627072824,False,COSTA,4.0,False
240201,-3.8164393399999312,-80.70433081799996,sectores,1.845731343732967,Chiclayo,6.867596693670707,False,COSTA,4.0,False
240105,-3.7898632831666155,-80.4995697498333,sectores,0.32507728838439043,Chiclayo,7.546231870981554,False,COSTA,4.0,False
010206,-5.578554456999953,-78.46335600599996,sectores,0.1641858072292763,Chiclayo,5.750669689930722,False,SELVA BAJA,6.0,True
240303,-3.72726048566661,-80.2347052053333,sectores,3.1976323338332393,Chiclayo,7.7946878324387585,False,COSTA,4.0,False
240103,-3.6515498272499514,-80.56212818224996,sectores,2.5774182255758755,Chiclayo,6.732514851555397,False,COSTA,4.0,False
160112,-3.779706107666622,-73.20262066966664,sectores,5.560228693393364,,inf,False,SELVA BAJA,6.0,False
240106,-3.645609474666609,-80.37886178199996,sectores,0.7726343157142289,Chiclayo,7.3812870383684555,False,COSTA,4.0,False
160305,-4.463650774999962,-75.22429800049997,sectores,95.21888956571634,,inf,False,SELVA BAJA,6.0,False
240102,-3.5896329140768795,-80.50816938923073,sectores,1.963273082726246,Chiclayo,6.862308519943171,False,COSTA,4.0,False
240304,-3.555899774799957,-80.29833608739996,sectores,1.8205877735273615,Chiclayo,7.413194952774258,False,COSTA,4.0,False
240101,-3.54901994949995,-80.42293371883329,sectores,0.45803397485796155,Chiclayo,7.029261665073307,False,COSTA,4.0,False
240302,-3.5121632614999356,-80.23228071824995,sectores,1.162787788807904,Chiclayo,7.466917137943266,False,COSTA,4.0,False
160104,-3.6299194419999403,-72.95080847099996,sectores,18.97112194681278,,inf,False,SELVA BAJA,6.0,False
240301,-3.4607664069999657,-80.29954540149996,sectores,0.5176240672280227,Chiclayo,7.38047672084482,False,COSTA,4.0,False
010402,-4.272244752666627,-78.30456182133328,sectores,36.672617230370534,,inf,False,SELVA BAJA,6.0,False
160108,-3.581376095999957,-73.34823244049997,sectores,10.930943277638333,,inf,False,SELVA BAJA,6.0,False
160404,-3.9088258941666254,-71.35614160649996,sectores,85.90046349287539,,inf,False,SELVA BAJA,6.0,False
160401,-3.8371703788571057,-70.62723036142852,sectores,147.8811480187836,,inf,False,SELVA BAJA,6.0,False
160705,-4.330218251499957,-76.64804102699998,sectores,89.06417691211722,Chiclayo,9.983259773770563,False,SELVA BAJA,6.0,False
010403,-3.8774151796666274,-77.89241282499997,sectores,79.40619384909566,Chiclayo,9.120431911177432,False,SELVA BAJA,6.0,False
160105,-3.5182834087499657,-72.57591913549997,sectores,56.672927950184935,,inf,False,SELVA BAJA,6.0,False
160402,-3.443979092999939,-71.8663481383333,sectores,13.525390830183404,,inf,False,SELVA BAJA,6.0,False
160704,-4.0713214269999485,-77.29182632699995,sectores,56.57255378927832,Chiclayo,10.000226013581202,False,SELVA BAJA,6.0,False
160706,-3.257716400999944,-76.66192661166663,sectores,54.48006303898362,,inf,False,SELVA BAJA,6.0,False
160102,-3.3288042406666327,-74.24054189033329,sectores,109.00991403474498,,inf,False,SELVA BAJA,6.0,False
160106,-3.170658607666629,-73.28951870666664,sectores,42.46985879068466,,inf,False,SELVA BAJA,6.0,False
160304,-3.374597649499947,-75.67268293399994,sectores,28.344424484810236,,inf,False,SELVA BAJA,6.0,False
160303,-3.342314621499952,-74.98573178399994,sectores,41.48805862787359,,inf,False,SELVA BAJA,6.0,False
160107,-2.3141548987499476,-74.18150172624995,sectores,162.29123224607451,,inf,False,SELVA BAJA,6.0,False
160109,-2.1958179081771343,-73.466469811128,poligono,150.42896912478773,,inf,False,SELVA BAJA,6.0,False
160110,-1.3234023939999418,-74.92724200099997,sectores,148.2914604518385,,inf,False,SELVA BAJA,6.0,False
160114,-0.7455859693265969,-74.76045652629963,poligono,209.79609966393636,,inf,False,SELVA BAJA,6.0,False
