h3,sectores,ha_agricola,ha_cosechada,clientes,sam_usd,horas_capital,horas_puerto,costo_viaje,region_nat,dep,prov,prospectos,empresas,exportadores,fob_export,centro_lat,centro_lon,km2,sam_por_km2,res,hub,horas_al_hub,cubierto_2h
858f5617fffffff,1,43039.33837561729,16949.214273798236,969.3717818575846,4315768.262347482,2.104282159609523,2.2597937506263794,75.75415774594282,COSTA,LAMBAYEQUE,LAMBAYEQUE,4,0,0,0.0,-6.06827217226029,-80.16151514139248,301.26033361852245,14325.710293517828,5,Chiclayo,1.9346064951023436,True
85b30447fffffff,2,23819.94753120444,14288.452654406456,806.8671056546891,2657343.032398511,0.7697012054854102,2.4077617620474823,27.70924339747477,COSTA,TACNA,TACNA,2,0,0,0.0,-18.17782386636945,-70.42785052777599,273.37281737229193,9720.582528802111,5,Pisco,15.524509508688425,False
858f5177fffffff,10,28669.768431766577,12794.152123658838,649.0019908446968,2489148.4991636924,1.0856757039872318,2.4445907599420016,39.084325343540335,SIERRA,LA LIBERTAD,OTUZCO,0,7,0,0.0,-7.852779431376056,-78.43361410011937,300.59646900148823,8280.697732185832,5,Otuzco,0.9875118690833915,True
858e636ffffffff,17,13788.738354543895,9115.15258835356,318.6725442247214,2344265.970373072,1.001319649705518,1.2183788705316767,36.04750738939864,COSTA,ICA,PISCO,35,0,0,0.0,-13.628267410837893,-76.04237189239949,295.1916023802873,7941.506301229455,5,Pisco,0.6174099755226052,True
858f5053fffffff,24,22906.223813229142,9020.642748401266,515.9151564940872,2296920.851352297,0.99763305431851,0.6918201322813627,35.91478995546637,COSTA,LAMBAYEQUE,FERREÑAFE,34,405,16,113180420.2984,-6.699017663244655,-79.7864317138458,301.4821650151394,7618.761963040013,5,Chiclayo,0.27381991971924435,True
858f5627fffffff,17,22195.880647027898,8740.90428154105,499.91615077654217,2225691.213356664,1.2879466772812835,0.8845468428582585,46.366080382126206,COSTA,LAMBAYEQUE,LAMBAYEQUE,2,127,4,41782912.86,-6.60001694511166,-79.92320427570408,301.540586949212,7381.066793942183,5,Chiclayo,0.5697051887000271,True
858f5057fffffff,9,21603.561564593456,8507.644584121344,486.5753926227642,2166296.436540078,0.500017226503415,0.8198745263949541,18.000620154122938,COSTA,LAMBAYEQUE,CHICLAYO,1,15,0,0.0,-6.797966907955861,-79.64962248979766,301.4159762919816,7187.065739480202,5,Chiclayo,0.43468601863787626,True
858f53bbfffffff,5,22502.21570643292,10041.824075163917,509.386144037017,1953673.137850101,0.6017837219830439,0.9518593146400808,21.664213991389573,COSTA,LA LIBERTAD,ASCOPE,3,22,0,0.0,-7.861384521146199,-79.17026376042476,301.6029244790834,6477.633269718482,5,Otuzco,1.6091091823909665,True
858e4583fffffff,1,10863.00551979554,7181.074173362153,251.0557179279325,1846853.1000618795,1.179398544318206,1.432987452748573,42.458347595455415,COSTA,ICA,ICA,0,0,0,0.0,-13.817972912354794,-75.76433355554367,294.42628321543714,6272.71818226399,5,Pisco,1.2032755102482042,True
858e636bfffffff,16,10630.739267557545,7027.532763275371,245.6877955237894,1807364.7975655016,0.9126509636264196,1.1297101844525783,32.85543469055111,COSTA,ICA,CHINCHA,42,27,0,0.0,-13.533176831713506,-76.18140126553588,295.56420303080307,6114.965137970859,5,Pisco,0.3181927306141006,True
858f5637fffffff,17,17817.27374273103,7016.576040387054,401.2971167238074,1786626.5477723635,1.460791201440151,1.0544780803564873,52.58848325184544,COSTA,LAMBAYEQUE,LAMBAYEQUE,1,41,0,0.0,-6.433151780621693,-79.90577461916982,301.3653777257668,5928.439959676252,5,Chiclayo,1.0238333322377002,True
858f538ffffffff,6,19854.293652576285,8860.16410991998,449.4447221645473,1723776.9242847108,0.7148371815767344,1.284342176725885,25.73413853676244,COSTA,LA LIBERTAD,ASCOPE,0,49,6,78317699.7304,-7.762661670107694,-79.30748791192451,301.71596601133666,5713.24397271022,5,Otuzco,1.992068531246332,True
858e658ffffffff,3,20330.796097467537,9986.99229538519,583.8233465198091,1706998.7923914024,2.660431201510088,8.217803231865643,95.77552325436314,SELVA ALTA,JUNIN,SATIPO,0,0,0,0.0,-11.16204101725502,-74.49721968895051,293.31796491275765,5819.618968443067,5,Satipo,0.7118735627882415,True
858e458bfffffff,2,10024.553648677464,6626.809051585201,231.67819519097196,1704305.30934178,0.8878734632956682,1.1049326841218272,31.96344467864405,COSTA,ICA,ICA,73,0,0,0.0,-13.889146213491829,-75.9188662768169,294.6735242563991,5783.706947010423,5,Pisco,0.7231882169289747,True
858f5167fffffff,9,19201.132591213744,8568.684881540044,434.6590140003741,1667068.5877848142,1.0988460281804318,1.883773873710316,39.558457014495545,SIERRA,LA LIBERTAD,JULCAN,0,5,0,0.0,-8.019780784543089,-78.45030056156924,300.7127600288267,5543.724142683559,5,Otuzco,0.6992938853509258,True
858e60affffffff,38,19539.225186956017,9598.152992357884,561.0924325031106,1640537.5194605489,0.5249402309562182,5.352126355646568,18.897848314423857,SIERRA,JUNIN,HUANCAYO,37,53,1,128114.48,-12.015045013922782,-75.30424456577832,294.8460484743419,5564.047841066154,5,Jauja,0.6543901263503358,True
858f50cbfffffff,17,15759.423907067494,6206.179339964691,354.9483196167726,1580275.7221178252,1.3077763704374876,0.965600317596368,47.07994933574955,COSTA,LAMBAYEQUE,FERREÑAFE,0,19,0,0.0,-6.532139234837258,-79.76907171885289,301.3109027921191,5244.668239596001,5,Chiclayo,0.5442996105502971,True
858f4aaffffffff,1,37881.92422608587,17612.139769183632,519.966748299453,1547482.5672362573,1.919241128858972,11.69317474481535,69.09268063892299,SELVA BAJA,HUANUCO,PUERTO INCA,0,0,0,0.0,-9.687412158390185,-75.09484280262139,294.89858926239054,5247.507528289194,5,Satipo,6.4675217300100485,False
858e45bbfffffff,16,8736.000773705147,5775.001165212201,201.8983551158869,1485234.457596409,0.6111001170084915,1.523940060310125,21.999604212305695,COSTA,ICA,ICA,77,45,2,10945247.664,-14.07837030513632,-75.64068984693124,293.8880467062691,5053.742315286641,5,Pisco,1.2294415295255021,True
858e65d3fffffff,3,17663.037234214593,8676.5228437452,507.21543112951,1483010.457840574,2.783176966170172,8.255164480642952,100.19437078212616,SELVA ALTA,JUNIN,CHANCHAMAYO,2,0,0,0.0,-10.876223424245437,-74.90934300684701,294.38136744340926,5037.718489862175,5,Satipo,5.228423459106125,False
85b3047bfffffff,1,13289.056338288916,7971.472315908164,450.1480286852296,1482521.370857013,0.8779456342599143,2.619286646061327,31.60604283335692,COSTA,TACNA,TACNA,0,0,0,0.0,-18.338857522519127,-70.4402268498465,273.08527009341304,5428.785559726065,5,Pisco,15.693779890951191,False
858f5b0ffffffff,11,14558.727839294475,7337.210603648765,301.6668875795266,1473259.5813977425,0.4835926693416033,0.4143307398753119,17.409336096297718,COSTA,LIMA,BARRANCA,6,16,0,0.0,-10.710406573868088,-77.68478145850177,299.9582059782076,4911.549516017498,5,Pisco,5.4440362954355805,False
858f5137fffffff,9,16921.112355662346,7551.204541296234,383.0458426013517,1469114.113164877,0.9252716145665344,3.117590813140873,33.309778124395244,SIERRA,LA LIBERTAD,SANCHEZ CARRION,0,23,0,0.0,-7.813638785856349,-77.98918327507319,299.9002940794833,4898.675133594615,5,Otuzco,1.702488338756666,True
858e45abfffffff,15,8567.00053483194,5663.282244656292,197.99257819043208,1456502.2053200556,0.3641049526032064,1.71746879580693,13.107778293715434,COSTA,ICA,ICA,15,3,0,0.0,-14.244099444502757,-75.65606892781996,293.7350986795919,4958.556916988723,5,Pisco,1.5638845397661498,True
858e45d3fffffff,11,8549.030739300368,5651.403171746202,197.5772769268936,1453447.1049130382,0.5834421161766715,0.7709808261342364,21.00391618236017,COSTA,ICA,PISCO,77,47,2,4864454.4,-13.699276221813872,-76.19707358605756,295.43238599843534,4919.728417725793,5,Pisco,0.056788990448694676,True
858f513bfffffff,4,16727.519795547174,7464.812051938779,378.6634578176554,1452306.1423712934,2.3355588899077584,3.762421251399844,84.0801200366793,SIERRA,LA LIBERTAD,OTUZCO,0,0,0,0.0,-7.784132720702924,-78.2798550279492,300.32928390030474,4835.712733405614,5,Otuzco,2.746689167979639,False
858e6517fffffff,5,16987.750807172037,8344.80536885044,487.82376639560925,1426312.574002,1.7533705819273724,7.95761550234711,63.12134094938541,SELVA ALTA,JUNIN,SATIPO,0,0,0,0.0,-11.328023387522864,-74.5117828886697,293.29936589353684,4862.992354779688,5,Satipo,0.35638325788022485,True
858f5cdbfffffff,7,16058.3502667375,7166.188895337981,363.5153634951048,1394207.9288371692,1.4981223409397526,3.880726761403156,53.93240427383109,SIERRA,LA LIBERTAD,SANCHEZ CARRION,0,10,0,0.0,-7.744897812319525,-77.83576820864863,299.61486791232943,4653.333589724024,5,Otuzco,2.7303145072000916,False
858f4aa3fffffff,3,33902.6207882392,15762.074077877278,465.3468864169049,1384927.395459354,1.1393111943102945,11.755840568810347,41.01520299517059,SELVA BAJA,HUANUCO,PUERTO INCA,0,0,0,0.0,-9.521193346406813,-75.08000889073756,294.84604847433945,4697.120421404883,5,Satipo,7.162992642377503,False
858f439bfffffff,1,38771.088526709296,16210.334561173044,300.3129890538513,1378917.1113194383,1.940802227347242,13.696372474658771,69.86888018450071,SELVA BAJA,SAN MARTIN,BELLAVISTA,0,0,0,0.0,-7.223365088380672,-76.32555298333752,296.5275503446532,4650.215839023142,5,Picota,1.5320316097640898,True
858f5163fffffff,8,15805.218265515516,7053.226373903319,357.78517515645245,1372230.6623506404,0.9264761459994812,1.666506499014284,33.35314125598132,SIERRA,LA LIBERTAD,OTUZCO,1,11,0,0.0,-7.921410356166958,-78.58751390523743,300.85628892980867,4561.083523405386,5,Chiclayo,inf,False
858e635bfffffff,22,13515.158564131572,6811.279517094544,280.04341204739023,1367656.3686406205,1.1689035734836537,1.9220310246999832,42.08052864541153,COSTA,LIMA,CAÑETE,7,84,1,10153523.432,-13.009901721943644,-76.42787176052542,296.5161864377687,4612.417234523071,5,Pisco,1.2977580000442686,True
85b3354bfffffff,14,7692.879698475099,6144.673875553713,263.4298659894648,1365622.201461756,0.5324508566520707,1.7516060027524991,19.168230839474543,SIERRA,AREQUIPA,AREQUIPA,144,370,12,51212713.084,-16.41522971780886,-71.59258650574043,280.2213877184825,4873.368919412014,5,Pisco,11.615593168988198,False
858e45d7fffffff,7,7933.97887442718,5244.818359276898,183.3627681321344,1348880.2388399309,0.9854234096993676,1.2024826305255254,35.475242749177234,COSTA,ICA,PISCO,17,0,0,0.0,-13.794291013515618,-76.05796689105095,295.0563052897044,4571.60282514728,5,Pisco,0.614129881367262,True
858f5e9bfffffff,7,15126.945894101476,6750.540988710923,342.43101837523074,1313342.1275740997,1.883171453358398,2.872603436992678,67.79417232090233,SIERRA,LA LIBERTAD,JULCAN,0,1,0,0.0,-8.186823103866486,-78.46700489929079,300.82136598740954,4365.853878973036,5,Otuzco,1.626983587484574,True
858f436ffffffff,2,36919.830745732696,15436.31688127396,285.9735217125801,1313076.0135155087,0.5100935625712312,10.13682813463891,18.36336825256432,SELVA BAJA,SAN MARTIN,TOCACHE,0,54,6,19053629.14,-8.290770843789362,-76.57100664127144,297.6561807648356,4411.385008507213,5,Picota,4.006860595007311,False
858b61abfffffff,15,17301.056584238246,11917.840248994911,614.992320793279,1301638.7144534376,0.6986470452386464,10.331522136556751,25.15129362859127,SIERRA,CUSCO,URUBAMBA,90,7,0,0.0,-13.342057207942853,-72.06995819614325,285.4516994133715,4559.926310224883,5,Pisco,13.758901156686989,False
858e6513fffffff,3,15494.520895332837,7611.293727039503,444.9438673462044,1300939.1432690176,2.0798528969197334,7.596632169985741,74.87470428911041,SELVA ALTA,JUNIN,SATIPO,1,92,8,13665304.432,-11.232953185946691,-74.64921296657882,293.6642653041935,4430.02195694949,5,Satipo,0.03425610630074516,True
858f4a2ffffffff,1,22229.76942655933,11368.56177976994,500.5581324932105,1292058.3270995286,4.185701745465083,10.837052978040717,150.685262836743,SELVA BAJA,PASCO,OXAPAMPA,0,13,0,0.0,-10.090195658609195,-75.27666147069549,295.327002902274,4375.009106522782,5,Satipo,5.808563041849993,False
858f4317fffffff,1,36197.58693186144,15134.344089111442,280.37916759946546,1287388.9773414894,1.887595944952971,17.049617846729852,67.95345401830694,SELVA BAJA,SAN MARTIN,BELLAVISTA,0,0,0,0.0,-7.653166234683731,-76.2199276926401,296.6109078456032,4340.32917633502,5,Picota,3.51647960205446,False
858f5077fffffff,7,14751.452488170473,6582.973546778291,333.9309159562569,1280741.276610009,0.5341644336908804,1.3350608829722967,19.229919612871697,COSTA,LA LIBERTAD,CHEPEN,5,80,5,67375765.47,-7.162666066023075,-79.39306802262385,301.41208359190654,4249.137132617595,5,Chiclayo,1.1258706821754458,True
858f5043fffffff,15,12734.853119239622,5015.080677578944,286.8261391974726,1276986.984279656,0.8434817471008462,0.3298425623399715,30.365342895630462,COSTA,LAMBAYEQUE,CHICLAYO,15,23,1,5138234.192,-6.865957284567214,-79.80381002645343,301.6457939911021,4233.398939145574,5,Chiclayo,0.33194969421310816,True
858f546ffffffff,4,12670.753744848113,4989.837863158879,285.3824338080549,1270559.4215875694,1.865422475129222,2.82087605236283,67.155209104652,COSTA,LAMBAYEQUE,FERREÑAFE,0,12,2,354328.0,-6.229642680419454,-79.44400736944114,300.6429764166069,4226.140376640397,5,Chiclayo,2.907594457432424,False
858f4a27fffffff,1,21759.287845943665,11127.95204546102,489.9640783288853,1264712.5803975798,0.6599503501639759,10.433883966120352,23.75821260590313,SELVA BAJA,PASCO,OXAPAMPA,0,0,0,0.0,-10.019900048622418,-75.12455966721596,294.9811848912999,4287.434742197624,5,Satipo,5.578877772728447,False
85b33013fffffff,1,7100.876620357497,5671.812477620026,243.1577055441658,1260531.1850285537,1.6121437295124292,1.7733134634246357,58.03717426244745,COSTA,AREQUIPA,AREQUIPA,1,0,0,0.0,-16.636100852366145,-72.04644407198954,281.2067504262655,4482.577971964704,5,Pisco,11.487174575706376,False
858f5ecffffffff,9,14407.994957967405,6429.702413811437,326.1560146206252,1250921.8241834526,0.979501853250742,0.9427539186116036,35.26206671702672,COSTA,LA LIBERTAD,VIRU,9,71,9,600188142.0860001,-8.491435695096973,-78.79220535633019,301.41208359190904,4150.2046277517975,5,Otuzco,1.918941130687017,True
858f5387fffffff,3,14398.066742852296,6425.271855022607,325.93126807652334,1250059.8429710143,0.5544421623477683,1.3205414281738632,19.959917844519666,COSTA,LA LIBERTAD,ASCOPE,0,25,3,27391302.7128,-7.694268463052778,-79.1531830921072,301.4821650151374,4146.380741654316,5,Otuzco,1.9577948752921657,True
858f505bfffffff,11,12455.94410545079,4905.244215959943,280.5442924526865,1249019.391950811,1.0330984092905022,0.5758260536016158,37.19154273445808,COSTA,LAMBAYEQUE,CHICLAYO,22,30,1,342638.4,-6.766944747232546,-79.94065229553765,301.7081677767144,4139.826247180602,5,Chiclayo,0.22398596848506713,True
858f4617fffffff,2,34741.93873510737,14525.73222987782,269.1040118690063,1235617.9726356836,2.438217947269937,10.941359668086776,87.7758461017177,SELVA ALTA,SAN MARTIN,MOYOBAMBA,0,128,7,18674990.5628,-5.80729944039826,-77.06474329133945,296.61090784560577,4165.787366386597,5,Picota,3.91736770424086,False
858f462bfffffff,3,34483.637949855576,14575.85312728885,270.9882884162443,1226639.54890702,1.663174585223132,10.476432278275936,59.87428506803275,SELVA ALTA,SAN MARTIN,MOYOBAMBA,0,19,2,12021810.5852,-6.305348637316194,-77.1122251749625,297.2259266956032,4126.9601294346485,5,Picota,3.5347649728855686,False
858f56a7fffffff,3,12231.266871323034,4816.76463594314,275.483904003206,1226489.8895718916,1.9283605864736533,1.674637537578331,69.4209811130515,COSTA,LAMBAYEQUE,LAMBAYEQUE,5,27,5,31493063.056,-6.198577318066966,-79.73440657869644,300.9455671548856,4075.4542463177822,5,Chiclayo,1.4321944881921809,True
858e6503fffffff,5,14443.799020330403,7095.153029944564,414.771120623222,1212719.2347533945,2.6558791590384234,8.351550061091853,95.61164972538324,SELVA ALTA,JUNIN,SATIPO,0,16,0,0.0,-11.398991410441726,-74.66386982312342,293.6419027842128,4129.925679049217,5,Satipo,0.5764288816426415,True
858f516ffffffff,6,13894.215226213835,6200.423406492202,314.5255032142527,1206314.7653144978,1.3662516567986742,2.1511795023285587,49.18505964475228,SIERRA,LA LIBERTAD,JULCAN,0,3,0,0.0,-8.088461992269961,-78.60429031657767,300.9688643886396,4008.104850861881,5,Otuzco,1.0457921581401024,True
858e6507fffffff,3,14278.067628814388,7013.741651745748,410.011943699977,1198804.222088719,1.829873439152636,8.46511424998477,65.87544380949488,SELVA ALTA,JUNIN,SATIPO,0,0,0,0.0,-11.493996624398513,-74.52636226137336,293.2733305685683,4087.668727888076,5,Satipo,0.8559540384376305,True
858f5067fffffff,9,13804.183918926268,6160.246094140675,312.48745055934387,1198498.1241042295,0.7007700747349009,1.6095006864855803,25.227722690456435,COSTA,LA LIBERTAD,PACASMAYO,0,67,0,0.0,-7.329684199769393,-79.41025400656696,301.55616931837466,3974.3777313966616,5,Chiclayo,1.5834053055223194,True
858f54d3fffffff,7,26864.974719445563,8513.612847037066,295.51480290707366,1155372.3923999397,1.5474161554336447,4.633281224614693,55.70698159561122,SIERRA,PIURA,HUANCABAMBA,0,15,0,0.0,-5.13222376630241,-79.47753948043521,299.40302001544364,3858.920301940655,5,Chiclayo,5.357584965091519,False
858f09affffffff,9,26487.3917094546,8393.955352539027,291.36138865882674,1139133.8144694325,1.4546124806315868,3.232617230915574,52.366049302737125,SIERRA,PIURA,MORROPON,0,6,0,0.0,-5.10082472450697,-79.76699536372674,299.6919654593782,3801.015528472139,5,Chiclayo,5.2235939391912325,False
858e61cbfffffff,14,13843.544870139844,6626.275514642134,378.8617429030303,1115507.070649774,1.4561837564123674,6.68805414361852,52.42261523084523,SIERRA,JUNIN,HUANCAYO,2,3,0,0.0,-12.276350544631836,-75.18119995027104,294.4187964602734,3788.8446120330905,5,Jauja,1.4033876757603139,True
858f5c07fffffff,7,12843.37131316004,5731.474488616245,290.7373867088093,1115079.0598270786,1.454256219005177,7.835939749846922,52.353223884186384,SIERRA,LA LIBERTAD,PATAZ,0,11,0,0.0,-8.303248863570685,-77.30369440931126,299.01463980072606,3729.1788140213034,5,Otuzco,7.295807448499545,False
858e65c3fffffff,2,13232.456529178526,6500.111494521686,379.9859590596753,1111013.4205956191,2.133946702414981,7.541409686787041,76.82208128693932,SELVA ALTA,JUNIN,CHANCHAMAYO,0,1,0,0.0,-11.042391456673196,-74.92413801646296,294.3738825916832,3774.157580877075,5,Satipo,1.4329703270050231,True
858e60abfffffff,24,13210.215743333958,6489.186267796273,379.3472880524626,1109146.0567011358,0.9820875443009052,5.297885229104406,35.35515159483259,SIERRA,JUNIN,JAUJA,0,16,0,0.0,-11.91971310598354,-75.44230820005998,295.2028818050908,3757.233160865466,5,Jauja,0.9053084416082129,True
858f5073fffffff,4,12123.730537227108,5211.044084604373,274.0127642656591,1103714.0716839763,0.6815732380399097,1.014126929600825,24.536636569436748,COSTA,LA LIBERTAD,CHEPEN,0,0,0,0.0,-7.063820204854379,-79.53001634068471,301.4977423528762,3660.770601698827,5,Chiclayo,0.7425828800987802,True
858f5063fffffff,7,12677.964730761172,5657.660255253943,286.9930522705605,1100718.2341611923,0.5970367515770173,1.380977129691831,21.49332305677262,COSTA,LA LIBERTAD,CHEPEN,1,0,0,0.0,-7.2308334410522175,-79.54727278199266,301.6457939910952,3649.042208072977,5,Chiclayo,1.6343229494741536,True
85b3346ffffffff,2,6108.5628700277,4879.203647507567,209.1775721591737,1084377.944450157,1.9849708394068435,2.179403801698541,71.45895021864636,COSTA,AREQUIPA,CAYLLOMA,1,0,0,0.0,-16.220129819898403,-72.15804273200412,282.2118538367776,3842.425219591686,5,Chiclayo,inf,False
858e458ffffffff,12,6318.841371673396,4177.119168079937,146.03520675261927,1074285.726432542,0.744753355138238,1.393051108760532,26.81112078497657,COSTA,ICA,ICA,63,62,8,17445074.452,-13.983839934803044,-75.77977338255808,294.28408910516805,3650.5056379335056,5,Pisco,0.9111426841845969,True
858f0dcbfffffff,12,6373.3845221388565,5223.021144028424,158.1295535364633,1071200.1194130362,0.7041335718534403,1.8167756413959035,25.348808586723848,COSTA,TUMBES,TUMBES,3,54,1,1762188.272,-3.512899054009498,-80.47728633541638,297.9652321073312,3595.05071057141,5,Chiclayo,7.083942816971103,False
858f500bfffffff,10,10611.552937108934,4178.909139800009,239.00320885854785,1064073.1272518802,0.5289696220059065,0.902974637281608,19.042906392212632,COSTA,LAMBAYEQUE,CHICLAYO,0,12,0,0.0,-6.896862416499528,-79.5127781494488,301.3420293158791,3531.1142281333587,5,Chiclayo,0.8974680732935667,True
858f4633fffffff,5,29629.33929315838,12388.13561908971,229.5028534132917,1053785.2946862616,0.6616273729339619,9.832425356956666,23.81858542562263,SELVA ALTA,SAN MARTIN,MOYOBAMBA,10,0,0,0.0,-6.071046756896485,-76.94445080688824,296.6791384904666,3551.935940113712,5,Picota,2.3520782173900443,False
85b330d3fffffff,2,5922.339391230595,4730.457977481539,202.800658963282,1051319.9834464018,2.2264374313810085,2.4208703936727067,80.1517475297163,COSTA,AREQUIPA,CAYLLOMA,0,399,2,1707780.88,-16.293497752214662,-72.30973220011595,282.53307457364355,3721.051013347361,5,Pisco,10.712589289729294,False
858f5e97fffffff,5,12103.950043863171,5401.500836217613,273.998992850181,1050881.4941194789,1.2635432885229183,3.223578858505306,45.48755838682507,SIERRA,LA LIBERTAD,SANTIAGO DE CHUCO,0,9,0,0.0,-8.216286857842533,-78.1758108376178,300.4028171082066,3498.2411424622096,5,Otuzco,1.9253533222072292,True
85b330c7fffffff,3,5919.188540245458,4727.941240902653,202.69276331362929,1050760.6516711172,2.062426801914604,2.193517279603848,74.24736486892573,COSTA,AREQUIPA,AREQUIPA,1,16,0,0.0,-16.54654540444954,-72.18479500346677,281.75899151593484,3729.288801105364,5,Pisco,10.732548825459162,False
858f5123fffffff,4,12078.396075632169,5390.097139055262,273.4205237113257,1048662.8636543858,1.3193434645547797,2.740945894230564,47.496364723972064,SIERRA,LA LIBERTAD,SANCHEZ CARRION,0,0,0,0.0,-7.882367434655626,-78.14274502392543,300.1784412681355,3493.464951127732,5,Otuzco,1.349595402367413,True
858e65d7fffffff,3,12479.819644344583,6130.397552479075,358.3730825785261,1047821.0966275088,1.718011975223397,7.125474959595462,61.84843110804229,SELVA ALTA,JUNIN,CHANCHAMAYO,0,242,37,165492513.2692,-10.971634047123125,-74.77194731651441,294.0336570729327,3563.609374037085,5,Satipo,0.5797088531544432,True
858f5e1bfffffff,4,12058.543047431644,5381.237539665148,272.9711076353954,1046939.1965983788,0.628412374820508,1.104179937929199,22.622845493538293,COSTA,LA LIBERTAD,VIRU,6,37,1,1706455.0880000002,-8.589842721292163,-78.65472738088208,301.26033361852166,3475.1976273255127,5,Otuzco,2.0856273846293334,False
858f5133fffffff,4,11940.33566875635,5328.486392110187,270.2952288861343,1036676.2703414068,1.7213503154561571,3.3327245511795027,61.96861135642165,SIERRA,LA LIBERTAD,SANCHEZ CARRION,0,2,0,0.0,-7.715471967042559,-78.12623870736947,300.0547672373594,3454.9568396670074,5,Otuzco,2.1683159509848338,False
858f485bfffffff,1,25107.92525633574,11673.226689585494,344.63102175503025,1025662.6986993232,0.6297326307183383,11.719466943392188,22.67037470586018,SELVA BAJA,HUANUCO,PUERTO INCA,0,0,0,0.0,-9.022671371126975,-75.03560493730984,294.6435372190929,3481.029003316148,5,Satipo,7.879043921886478,False
858f5c5bfffffff,14,11717.35496847716,5228.979170529321,265.24758021936685,1017316.781032542,1.6311023069542951,3.854258963752863,58.71968305035463,SIERRA,LA LIBERTAD,SANTIAGO DE CHUCO,0,3,0,0.0,-8.147451235448862,-78.02206847604849,300.1320535522497,3389.563923586183,5,Otuzco,2.5831069255946204,False
858e6363fffffff,11,5983.1614600309,3955.215355215282,138.27728367527027,1017215.7484862262,1.1580591643554732,1.4231308308832986,41.69012991679704,COSTA,ICA,CHINCHA,17,14,0,0.0,-13.462193490384829,-76.02679416489987,295.3194779357159,3444.4587116182365,5,Pisco,0.873995935646235,True
858f4a03fffffff,1,24698.199351350133,11482.736104614294,339.00712986300454,1008925.3309899574,2.4267067497031847,10.083295125720174,87.36144298931465,SELVA BAJA,HUANUCO,PUERTO INCA,0,0,0,0.0,-9.565092822112945,-75.52093524872303,295.84699841051184,3410.294295397891,5,Satipo,6.453805798548274,False
858f4a2bfffffff,1,17277.962399779124,8836.150263247842,389.05597382347486,1004245.0178216918,4.498247172878901,11.149598405454558,161.9368982236404,SELVA BAJA,PASCO,OXAPAMPA,0,0,0,0.0,-9.994103463372616,-75.41389515505259,295.6358019041748,3396.8991960831604,5,Satipo,7.476898176013492,False
858f0dcffffffff,8,5905.24465064325,4839.378130070788,146.5145711648403,992517.9867869308,0.6588614303297531,2.0872992673754767,23.71901149187111,COSTA,TUMBES,TUMBES,0,10,0,0.0,-3.611649426771324,-80.34178470717335,298.01106297552906,3330.473630331068,5,Chiclayo,7.482054336127476,False
858f4057fffffff,7,27647.601096544146,11559.563598016792,214.152711233574,983303.5823251504,0.8480637017268206,10.983393086256536,30.53029326216554,SELVA ALTA,SAN MARTIN,LAMAS,0,7,0,0.0,-6.530063804215456,-76.55165800070762,296.39123135179364,3317.586616312696,5,Picota,1.7326089574371508,True
858f512ffffffff,9,11267.00000306974,5028.004057989403,255.05282507748865,978216.3471067238,1.7368242603262467,3.0528686537581464,62.52567337174488,SIERRA,LA LIBERTAD,SANTIAGO DE CHUCO,0,11,0,0.0,-8.049306684890235,-78.15926905874456,300.29446285078154,3257.523757914932,5,Otuzco,2.1324774669483304,False
858e64d3fffffff,1,23891.162616004047,11107.526975929291,327.929755215094,975957.7533237909,1.9257305917565304,9.77336410648828,69.3263013032351,SIERRA,HUANUCO,PACHITEA,0,0,0,0.0,-10.20466514159668,-75.87156065224119,296.62227780348235,3290.237538969951,5,Jauja,8.473917120507394,False
858e637bfffffff,12,5736.647132401239,3792.255144224023,132.58007295492158,975305.0867119256,0.9617512613054816,1.2585877992781638,34.62304540699734,COSTA,ICA,CHINCHA,41,110,3,162706041.79439998,-13.367028468385264,-76.16574628141886,295.6885774683172,3298.419895223815,5,Pisco,0.7204720237350557,True
858f0917fffffff,6,22354.06060161278,7084.086976027624,245.89473401130056,961373.1167386564,2.241195949264078,3.232431600857949,80.68305417350682,COSTA,PIURA,AYABACA,0,0,0,0.0,-4.903069144515577,-80.03918008528741,299.71510117132,3207.623216119253,5,Chiclayo,5.044211397693289,False
858f5b2bfffffff,4,9458.569495539205,4766.866800731548,195.98808715777452,957152.8700473898,0.998158930859116,0.7769255773892911,35.93372151092818,COSTA,LIMA,HUAURA,4,34,0,0.0,-10.974744887209566,-77.56288286604824,299.69196545938905,3193.788891137599,5,Pisco,4.784881387751739,False
85b33023fffffff,8,5370.259436175679,4289.485102562509,183.89559944383905,953316.027430497,0.929759788649386,0.675531836722708,33.4713523913779,COSTA,AREQUIPA,ISLAY,4,22,0,0.0,-17.1398836088151,-71.796226253007,279.5917108475718,3409.671998288344,5,Pisco,11.01455122023799,False
858e61dbfffffff,21,11327.226138376696,5564.2149785834,325.2749690267901,951047.919946521,0.2577035839315312,5.511081919595664,9.277329021535124,SIERRA,JUNIN,HUANCAYO,87,45,2,14328790.319999998,-12.110231603333624,-75.16619567529754,294.4824439945047,3229.557276984119,5,Jauja,0.8567348222422879,True
858f724bfffffff,7,22033.10714043241,6982.375601312338,242.36424497069837,947569.9856296368,0.6094364004357163,3.7739517651831775,21.93971041568579,SIERRA,PIURA,AYABACA,4,2,0,0.0,-4.602576082308441,-79.71525303841996,298.9416720075359,3169.748731470767,5,Chiclayo,5.883775924128713,False
858e64affffffff,4,11267.44526635792,5534.8491285989385,323.5582891391677,946028.6439744964,1.7943236272909369,6.6895488658047135,64.59565058247372,SELVA ALTA,JUNIN,CHANCHAMAYO,0,15,2,4359540.5568,-10.851280840231484,-75.19913907058753,295.05630528973404,3206.2647942586154,5,Satipo,1.6185761674423702,True
858f56b7fffffff,2,9316.817468513418,3669.032600955625,209.8419792580092,934243.5700515836,1.3589479306858956,1.7799118446163245,48.92212550469224,COSTA,LAMBAYEQUE,LAMBAYEQUE,2,0,0,0.0,-6.031899493434123,-79.71710138212754,300.7515403681956,3106.3633752559817,5,Chiclayo,1.3674429448692536,True
858f402bfffffff,5,26179.704144692983,10945.83048927415,202.78267913014787,931096.9432681424,0.9533209281574468,12.842222770955726,34.31955341366809,SELVA BAJA,SAN MARTIN,PICOTA,0,10,1,983370.44,-6.988428735053796,-76.15844268533411,296.0055608647555,3145.538687003111,5,Picota,0.9608485680219019,True
858f4b0ffffffff,1,15897.039537187393,8129.930303192199,357.96108678473496,923981.797387114,3.781942502087212,12.300543068239133,136.14993007513962,SELVA BAJA,PASCO,OXAPAMPA,0,0,0,0.0,-10.402702385849334,-74.5761718188176,293.6642653041949,3146.3882622218225,5,Satipo,5.051593055657577,False
85b33083fffffff,4,5204.437686722227,4157.035277295229,178.21730952526406,923879.73420681,1.3761106237126843,1.5705435860043817,49.53998245365664,COSTA,AREQUIPA,AREQUIPA,0,5,0,0.0,-16.399520377579396,-71.88171927766192,281.1131528061594,3286.504829049632,5,Pisco,10.896327549549824,False
858f4047fffffff,5,25782.906489029207,10779.92793157403,199.70916495888963,916984.5956937564,1.1896655509285912,12.003526103499258,42.82795983342928,SELVA BAJA,SAN MARTIN,EL DORADO,0,0,0,0.0,-6.696135238037856,-76.56720924628142,296.57301323159885,3091.9353912274805,5,Chiclayo,inf,False
858f4b03fffffff,1,15622.927061153565,7989.7460053437,351.7887677442752,908049.5895254244,2.92805950374975,12.237020670186524,105.410142134991,SELVA BAJA,PASCO,OXAPAMPA,0,0,0,0.0,-10.236660041601262,-74.56161204138712,293.6419027842146,3092.370608266739,5,Satipo,5.04746070294641,False
858f5c03fffffff,8,10445.640393653312,4661.464655478601,236.4595803158728,906904.7826649526,1.6115208163525487,8.154928439877512,58.01474938869175,SIERRA,LA LIBERTAD,PATAZ,0,18,0,0.0,-8.205497320168623,-77.44081518365469,299.20680221837193,3031.0299630255754,5,Otuzco,7.397172174700245,False
858e646bfffffff,1,10671.396949325906,5242.055382533208,306.44204236413475,895983.6898810698,0.7381308255912165,4.433320451139145,26.5727097212838,SIERRA,JUNIN,JUNIN,0,11,0,0.0,-11.203927650500995,-75.9637971466465,296.6222778034811,3020.621702846875,5,Jauja,1.8359315112611512,True
858e65dbfffffff,4,10589.20840628091,5201.682327674744,304.0818991599002,889083.0381282498,0.9200727462120522,6.78274195236032,33.122618863633875,SELVA ALTA,JUNIN,CHANCHAMAYO,0,159,15,34963487.8684,-10.946903786803889,-75.0616298327613,294.7185143505402,3016.719326532599,5,Satipo,1.6293963253847323,True
858b61c7fffffff,10,11735.015121680804,8083.67020006999,417.1389272723114,882879.6046474979,0.831470624202236,9.49366213077936,29.9329424712805,SIERRA,CUSCO,QUISPICANCHI,3,3,0,0.0,-13.61706578083948,-71.65950419113724,283.9649902338707,3109.114274687056,5,Pisco,14.673914475943093,False
858f4043fffffff,8,24707.82136801473,10330.430892527056,191.38177363592587,878748.5459509039,0.5601569351335719,12.014509002850566,20.16564966480859,SELVA BAJA,SAN MARTIN,EL DORADO,0,25,0,0.0,-6.598548055930476,-76.70346696998456,296.7473952982472,2961.2679331783656,5,Picota,1.9272479305654997,True
858e459bfffffff,10,5164.931806393791,3414.318287372947,119.36711809085156,878105.9993814778,1.2416525616849792,1.4587117825111362,44.69949222065925,COSTA,ICA,PISCO,20,7,0,0.0,-13.723200069061928,-75.90334877692314,294.8122804914794,2978.525853528197,5,Pisco,0.6143198750141892,True
858f09abfffffff,8,20396.6312481172,6463.770155888387,224.36300522154409,877190.6502104047,1.3786817908707154,2.963164391385926,49.63254447134576,COSTA,PIURA,MORROPON,1,10,0,0.0,-5.001962245260834,-79.90310652927428,299.7073889365945,2926.823570559287,5,Chiclayo,5.390553793844447,False
858f4b77fffffff,1,15051.42411549167,7697.472773876208,338.9199681762014,874832.1896624224,3.513314325907686,12.03191489205962,126.4793157326767,SELVA BAJA,PASCO,OXAPAMPA,0,0,0,0.0,-10.568751097359376,-74.5907477137248,293.6791752277711,2978.87035736845,5,Satipo,5.886711662344169,False
858f4203fffffff,1,24579.13960540777,10276.628574793747,190.38503079909293,874171.9015719037,3.4139898146187875,12.651759054860012,122.90363332627636,SELVA BAJA,SAN MARTIN,MARISCAL CACERES,0,0,0,0.0,-7.038981997513053,-77.32831058283628,298.2671680578073,2930.835154482977,5,Otuzco,10.275131435962976,False
858e653bfffffff,2,10369.907097351954,5093.956074745859,297.7843974063399,870670.2289240784,2.349903872325416,9.922652976076522,84.59653940371497,SELVA ALTA,JUNIN,SATIPO,0,0,0,0.0,-11.659957911198854,-74.54095783212641,293.23986223865575,2969.140083061,5,Satipo,2.259723614115501,False
858f546bfffffff,5,8640.410745743993,3402.6585600630374,194.6073215040018,866416.9078224876,2.171481073919959,2.0100714466278395,78.17331866111854,COSTA,LAMBAYEQUE,LAMBAYEQUE,1,2,0,0.0,-6.130794314089039,-79.5805714689146,300.7011275521713,2881.32244423382,5,Chiclayo,1.6743798228017113,True
858f50dbfffffff,2,8639.090127073268,3402.1384905250547,194.577577308986,866284.4828280318,1.7412066901900762,1.3349348492442557,62.68344084684274,COSTA,LAMBAYEQUE,LAMBAYEQUE,2,14,2,15026461.736,-6.365324841333533,-79.75173001571079,301.13202922360546,2876.7596893015075,5,Chiclayo,0.8473202650893654,True
858f5c1bfffffff,6,9939.86838523836,4435.759169543128,225.01034098364568,862992.9652862619,2.8011652986060973,7.503791121275744,100.8419507498195,SIERRA,LA LIBERTAD,PATAZ,0,2,0,0.0,-8.10765836717041,-77.5779260260925,299.3914718559944,2882.490138868607,5,Otuzco,6.609995178987447,False
858f400bfffffff,7,24206.008354368943,10120.621027819623,187.4948317985753,860901.2639298622,1.068953380531379,11.68511813131994,38.48232169912964,SELVA BAJA,SAN MARTIN,SAN MARTIN,0,15,1,131680.64,-6.627584020621859,-76.41547406399842,296.2134164621616,2906.354729681307,5,Picota,0.8729479056128184,True
858e64a7fffffff,2,10235.707593409545,5028.033943340277,293.93069668958765,859402.6725494536,2.799724620907641,8.227081400396,100.79008635267508,SELVA ALTA,JUNIN,CHANCHAMAYO,0,0,0,0.0,-10.78067729362654,-75.04675784759695,294.7222640417989,2915.9747240119223,5,Satipo,4.542758831405081,False
858f5cd3fffffff,7,9821.865666706874,4383.099353490192,222.3390951577755,852747.8079028339,3.3126023713149286,5.728576932326607,119.25368536733744,SIERRA,LA LIBERTAD,SANCHEZ CARRION,1,0,0,0.0,-7.676146253802469,-77.68250181123344,299.32219848623225,2848.929388516626,5,Otuzco,4.7594814115946065,False
858e6437fffffff,2,10071.626711743218,4947.433336597399,289.21891614862363,845626.2387336709,1.8478289633750768,6.137053554706001,66.52184268150276,SELVA ALTA,JUNIN,CHANCHAMAYO,0,0,0,0.0,-11.017561937752731,-75.21410439420465,295.0487918151877,2866.055588742601,5,Satipo,2.0138589955167845,False
858e60a3fffffff,23,10054.032429574048,4938.790587950275,288.7136751021651,844149.0010361511,0.863029365390811,5.360561663065242,31.069057154069192,SIERRA,JUNIN,CONCEPCION,17,19,1,371800.0,-11.848836224352764,-75.28917962052289,294.89858926239407,2862.506067416438,5,Jauja,0.6426323948107893,True
858b6d17fffffff,1,9974.340617702235,4899.643989491782,286.42522854679265,837457.9779214384,6.57191335042288,11.986377409115322,236.58888061522367,SELVA ALTA,JUNIN,SATIPO,0,0,0,0.0,-12.13241896532984,-73.85341556193181,291.280116408097,2875.0949026267235,5,Jauja,10.013267709080537,False
858b61a3fffffff,13,11060.306846602143,7618.897115379427,393.1553973688789,832118.1723888131,0.6053865736866622,10.279034949321591,21.79391665271984,SIERRA,CUSCO,ANTA,2,3,0,0.0,-13.414571641764434,-72.22015399750423,285.8360938712308,2911.172487417501,5,Pisco,13.350198538673794,False
858f43d7fffffff,2,23244.051670175373,9718.423403850618,180.04371040507905,826688.6951682494,1.732138229223822,13.734032065763728,62.35697625205759,SELVA BAJA,SAN MARTIN,BELLAVISTA,0,0,0,0.0,-7.292207475030808,-76.47748486096391,296.8801918172052,2784.586907291065,5,Picota,1.1774775209778454,True
858e60bbfffffff,30,9791.286654044212,4809.723333363607,281.16861305843724,822088.5406692675,0.72802742726181,4.962715381944767,26.20898738142516,SIERRA,JUNIN,JAUJA,10,38,0,0.0,-11.75343951015844,-75.42716611746805,295.2517676141697,2784.3645012264915,5,Jauja,0.26766904922260437,True
858f5463fffffff,4,8183.933270393951,3222.894306408677,184.3261136518707,820643.6437588306,2.5096202222055584,3.989275249395663,90.3463279994001,SIERRA,LAMBAYEQUE,FERREÑAFE,1,0,0,0.0,-6.063004779315066,-79.42686004208865,300.4492745961685,2731.388334559473,5,Chiclayo,3.0188039213790034,False
858f5cc7fffffff,6,9435.032625776535,4210.471493453607,213.5822956640578,819162.4343219374,2.115884680966984,6.524424365775339,76.17184851481142,SIERRA,LA LIBERTAD,PATAZ,0,1,0,0.0,-7.940856233553858,-77.56172859823167,299.276031079492,2737.146811815197,5,Otuzco,4.725423496151052,False
858e6343fffffff,12,8089.154785983796,4076.718304334528,167.61286936421072,818575.9721185607,1.399501881794318,1.8480562194152663,50.382067744595446,COSTA,LIMA,CAÑETE,3,99,1,477310.08,-13.105443185610042,-76.28898851065208,296.1642650081259,2763.9255265860697,5,Pisco,1.2854658487340203,True
858e65abfffffff,2,9673.047822266702,4751.64148077327,277.7732423053197,812161.0620751991,2.0400115340623035,8.436542888335666,73.44041522624293,SELVA ALTA,JUNIN,SATIPO,0,50,1,1949130.664,-11.422950597102584,-74.37437654342541,292.927797875476,2772.5639832258253,5,Satipo,1.2338233785849297,True
858f724ffffffff,4,18759.958834840538,5945.102432222988,206.3596037412214,806802.8630842285,0.9508740800166088,4.285774528941944,34.23146688059792,SIERRA,PIURA,AYABACA,4,13,0,0.0,-4.701322945456142,-79.57931339715941,298.9301534898667,2698.9678146054875,5,Chiclayo,6.356879615952494,False
85b3345bfffffff,4,4520.940540583524,3611.0931564628286,154.8120869468854,802546.9025510928,0.6580900490866095,4.70012605412652,23.69124176711794,SIERRA,AREQUIPA,CASTILLA,0,2,0,0.0,-15.622054458648856,-72.54573288519133,284.2295262847285,2823.5873768692736,5,Pisco,12.140810542385225,False
858f5173fffffff,5,9217.872586354715,4113.561796182944,208.66641019912623,800308.3027480589,1.655939914677425,3.0080527757154063,59.6138369283873,SIERRA,LA LIBERTAD,GRAN CHIMU,0,0,0,0.0,-7.754401140230146,-78.57075542240104,300.736027232262,2661.165375207844,5,Otuzco,1.2922379697847646,True
858f54c3fffffff,6,18575.2943553987,5886.58155509633,204.32829391063024,798861.0636359835,0.6792027849773518,3.883710635015856,24.451300259184663,SIERRA,PIURA,HUANCABAMBA,1,0,0,0.0,-5.298448783220516,-79.49466629162409,299.6379937052351,2666.0873467930523,5,Chiclayo,4.990939274572156,False
858e608ffffffff,17,9507.904367218418,4670.518911578552,273.0309486873072,798295.4132837148,0.9179949521562916,5.101886414356175,33.047818277626504,SIERRA,JUNIN,JAUJA,0,5,0,0.0,-11.657901119271314,-75.56516591807755,295.59811468365257,2700.6106386640727,5,Jauja,0.3212363401980838,True
858f4367fffffff,2,22370.05376521648,9353.001668647395,173.27389987772716,795604.4333587077,0.6848685227716131,10.516630783201355,24.65526681977807,SELVA ALTA,SAN MARTIN,TOCACHE,0,0,0,0.0,-8.221517533311555,-76.41852805940525,297.32483135889385,2675.876177991848,5,Picota,3.922341085941298,False
858b65c7fffffff,2,10570.696312203583,7281.628688750327,375.751447652367,795282.5014877653,2.0361544994374623,7.433164910144203,73.30156197974864,SIERRA,CUSCO,ESPINAR,0,0,0,0.0,-14.765029933735413,-71.75048510732591,283.0300694124741,2809.8869605573946,5,Pisco,17.052384916458323,False
858f5d8bfffffff,2,21087.7495859868,9201.341431021823,212.45122506609147,793395.709620002,1.328121808274053,9.759978385320633,47.81238509786591,SELVA ALTA,HUANUCO,MARAÑON,0,0,0,0.0,-8.554589945257213,-76.44965469325611,297.5304240918893,2666.6036323565004,5,Picota,5.065528890976566,False
858f091bfffffff,3,18391.89488547956,5828.4615643072375,202.3108991886026,790973.6680013998,0.9412497085614996,1.835917786164315,33.884989508213984,COSTA,PIURA,PIURA,13,92,14,142702280.01119998,-4.871345564123582,-80.32876680534531,299.95820597818937,2636.946255302358,5,Chiclayo,4.039619925817533,False
858e665bfffffff,1,7770.25785829888,3916.00275658141,161.00510495681976,786305.4358892858,1.1202074949172025,1.138972595683656,40.327469817019285,COSTA,LIMA,HUAURA,1,64,0,0.0,-11.168921289722013,-77.28624093449068,299.16066447075065,2628.371738912768,5,Pisco,4.470972673641882,False
858f51a7fffffff,3,8992.413778108707,4012.9486957603344,203.56266421829005,780733.6607168742,2.5626118263031734,4.765195152576298,92.25402574691424,SIERRA,LA LIBERTAD,SANCHEZ CARRION,3,2,0,0.0,-7.578115288775828,-77.81944233564083,299.48387792285695,2606.930517034312,5,Otuzco,3.486327771235665,False
858f5ccbfffffff,4,8941.77139648854,3990.3490596350953,202.4162647776797,776336.8198946706,2.2715522271642468,4.474135553437384,81.77588017791288,SIERRA,LA LIBERTAD,SANCHEZ CARRION,0,4,0,0.0,-7.911726918929313,-77.85211163965862,299.73823986014224,2590.0493052101365,5,Otuzco,3.02018608283106,False
858f4087fffffff,2,21811.01751789376,9119.266559696787,168.94371847703525,775721.9725722361,1.5874344104049576,13.11761008462728,57.14763877457847,SELVA BAJA,SAN MARTIN,LAMAS,0,0,0,0.0,-6.25624343855486,-75.94608296160253,294.89858926239634,2630.470272891032,5,Picota,2.597214849944976,False
858f0bb7fffffff,20,17962.7384063552,5692.46024094036,197.5901766244034,772517.0882659667,0.555396039576513,1.139285528152507,19.994257424754466,COSTA,PIURA,PIURA,20,56,1,1372980.44,-5.338525270745917,-80.6717247654593,300.8873372182769,2567.462942800909,5,Chiclayo,3.1479817039653426,False
858f541bfffffff,5,21066.566714315675,6621.587974434113,229.38054174629696,771339.2461297202,2.899048318924189,4.931480443150699,104.3657394812708,SIERRA,PIURA,HUANCABAMBA,0,0,0,0.0,-5.56353707517395,-79.37552653240233,299.82310719665224,2572.6477633486843,5,Chiclayo,4.075671711147152,False
858f460ffffffff,7,21648.326200400224,9051.24472211151,167.68354452509857,769935.7578932133,0.7939703925073965,9.29711211332423,28.58293413026628,SELVA ALTA,SAN MARTIN,RIOJA,1,60,1,1372661.42,-6.041384262019917,-77.23255065974709,297.16889125311786,2590.902953019431,5,Picota,2.9136564366335733,False
858e6017fffffff,24,9137.361969722093,4488.499277366081,262.39037654755094,767184.215176975,0.9656134956081522,4.825408562210973,34.76208584189349,SIERRA,JUNIN,JAUJA,0,111,4,6441891.1336,-11.824237811740904,-75.58038497693742,295.5529005874035,2595.759384029786,5,Jauja,0.3594009867229033,True
858f09a7fffffff,3,17825.40222866401,5648.937882964405,196.07947825575584,766610.7202221032,2.0824573996623914,4.229506012357188,74.96846638784609,SIERRA,PIURA,AYABACA,0,8,0,0.0,-5.033453662895807,-79.61365181898829,299.4299686080931,2560.23377949011,5,Chiclayo,inf,False
858e609bfffffff,10,9077.35077443326,4459.020286867471,260.6670826492592,762145.6009782541,1.483289556319335,4.550067180168121,53.39842402749606,SIERRA,JUNIN,TARMA,6,28,0,0.0,-11.3958099756765,-75.68789841831823,295.9715712741094,2575.063536329997,5,Jauja,0.990027734573232,True
858f736ffffffff,7,21298.705126209235,11036.744140399494,217.35180485324645,760308.135016056,0.4516519338564652,5.579671211525615,16.25946961883275,SELVA BAJA,AMAZONAS,UTCUBAMBA,0,0,0,0.0,-5.754636321138296,-78.37104268101506,298.69993838067853,2545.3910005400817,5,Chiclayo,5.171737836983084,False
858f0943fffffff,3,17515.966501784118,5550.876522132747,192.67568432718272,753302.928206931,0.6449934447225062,1.2159931329594755,23.219764010010223,COSTA,PIURA,PIURA,8,0,0,0.0,-5.005742395093538,-80.6362066264589,300.422172939769,2507.481125096446,5,Chiclayo,3.6120795543829445,False
858e75b3fffffff,3,7439.828336248597,3749.475088799729,154.15837723571622,752867.8673935451,0.9746756827535408,0.3382325046117231,35.08832457912747,COSTA,LIMA,HUARAL,19,0,0,0.0,-11.50277185167797,-77.31865802111305,299.0914800782863,2517.182593086517,5,Pisco,3.846495951316683,False
858e646ffffffff,6,8932.036570255812,4387.6383384886285,256.4942099012851,749944.8406214514,1.1267462692987091,4.333651977598797,40.56286569475353,SIERRA,JUNIN,TARMA,1,2,0,0.0,-11.299935839272395,-75.82584344659112,296.3004100384039,2531.028696599677,5,Jauja,1.882832453076844,True
858e75b7fffffff,6,7402.520721853407,3730.6730460004674,153.38533772004936,749092.5512413703,0.8642483950376375,0.3790837853088313,31.112942221354945,COSTA,LIMA,HUARAL,11,29,0,0.0,-11.599580329200029,-77.18017358748189,298.8073353125413,2506.941640029845,5,Pisco,3.6057211422030377,False
858b61bbfffffff,20,9806.980395712088,6755.542652094483,348.60400601358515,737824.6116236714,0.5982981033914045,10.157041530843,21.538731722090567,SIERRA,CUSCO,CUSCO,7,15,0,0.0,-13.506502334376323,-72.08315113955568,285.3486290961117,2585.6953087906923,5,Pisco,13.413900913603356,False
858f517bfffffff,6,8483.64448726985,3785.9056445292,192.04557493935457,736561.6151795646,1.8765994705498383,2.2118069482468066,67.55758093979419,SIERRA,LA LIBERTAD,OTUZCO,1,0,0,0.0,-7.822964616981197,-78.72470414496624,300.9921646283989,2447.11225652307,5,Otuzco,2.4401709055673564,False
858e6433fffffff,5,8738.162857667987,4292.402752798331,250.926892264405,733666.9638635865,1.994989206119524,6.177821885089869,71.81961142030288,SELVA ALTA,JUNIN,CHANCHAMAYO,1,0,0,0.0,-10.921862094733983,-75.35170620854386,295.383450339403,2483.7781636736413,5,Satipo,1.733729952480644,True
858f5b3bfffffff,3,7234.048465109589,3645.767521132761,149.89447630025998,732044.1271491484,1.0504816477535468,0.8454675715338281,37.81733931912768,COSTA,LIMA,BARRANCA,0,44,0,0.0,-10.80771431668008,-77.5465513924252,299.7073889366045,2442.5294609736625,5,Pisco,6.642639382744164,False
858f0957fffffff,2,16977.961016630325,5380.3805340287145,186.75762236849917,730165.1180657402,0.9167630992565418,1.5530670537310125,33.0034715732355,COSTA,PIURA,PIURA,2,0,0,0.0,-4.938544355510518,-80.48243153963752,300.19390649557283,2432.3115901638344,5,Chiclayo,4.180836098392319,False
858f51affffffff,5,17382.07788876737,6149.575659505749,254.05370082724352,728959.6370895926,0.9703487627131596,3.5239123430583086,34.93255545767376,SIERRA,LA LIBERTAD,SANCHEZ CARRION,0,23,0,0.0,-7.646798910618522,-77.97276714506727,299.77295347617894,2431.705824813573,5,Otuzco,2.1339203755705967,False
858f5453fffffff,2,16947.742551637046,5370.80418733674,186.4252191624697,728865.5233124025,1.421760791463567,3.659363546132289,51.18338849268841,SIERRA,PIURA,HUANCABAMBA,0,0,0,0.0,-5.532312385379459,-79.66529497888179,300.12432342780056,2428.5453274424194,5,Chiclayo,4.834305309650517,False
858e658bfffffff,3,8647.679007800483,4247.954837077209,248.32853931342436,726069.82788749,2.367041231585643,7.774504215957712,85.21348433708316,SELVA ALTA,JUNIN,SATIPO,0,46,6,32253849.3212,-11.066907220931563,-74.63457235241859,293.67917522775014,2472.3231646384806,5,Satipo,0.8983530078548938,True
858e659bfffffff,1,8645.012382261959,4246.644924342841,248.25196394282136,725845.9347082854,2.15252446471395,7.559987449086009,77.4908807297022,SELVA ALTA,JUNIN,SATIPO,0,0,0,0.0,-10.90085633667063,-74.6199479555673,293.68663066268795,2471.4980490274734,5,Satipo,1.4915644883003552,True
858f406bfffffff,5,20327.6237009862,8499.054154737314,157.4536507996055,722964.1781773183,0.8320649661085027,12.58763521342008,29.95433877990609,SELVA BAJA,SAN MARTIN,BELLAVISTA,0,1,0,0.0,-7.028473328775736,-76.59836222476457,296.91435550311246,2434.924970038169,5,Picota,0.5967408186697867,True
858f4297fffffff,1,20295.17532127605,8485.487367962494,157.20231223081612,721810.1320125816,1.4613472019193618,15.248438308675263,52.608499269097024,SELVA BAJA,SAN MARTIN,HUALLAGA,0,0,0,0.0,-6.569312415804214,-76.99176479222255,297.260156719097,2428.210157658879,5,Picota,4.747484077138324,False
858f0d1bfffffff,2,4292.220098072208,3517.496276771244,106.49394296401526,721410.5261703227,0.4066281709334927,2.585465667982815,14.638614153605737,COSTA,TUMBES,ZARUMILLA,1,1,0,0.0,-3.710388928253955,-80.2062408561054,298.0492643413522,2420.440552888263,5,Chiclayo,7.954561397375073,False
858f5ec3fffffff,3,8273.157850824402,3691.974015709469,187.2807563317533,718286.87757751,1.1713313029734038,1.0033852351067598,42.167926907042535,COSTA,LA LIBERTAD,VIRU,0,0,0,0.0,-8.324262162739068,-78.77530299254897,301.31868392067287,2383.81127990925,5,Otuzco,2.0812139850313542,False
858f5cc3fffffff,5,8262.637799698996,3687.279344569468,187.0426123041716,717373.5123533627,2.509230478121418,4.925692089795202,90.33229721237105,SIERRA,LA LIBERTAD,SANCHEZ CARRION,0,1,0,0.0,-7.842917648840456,-77.69875483804842,299.4492200780045,2395.643281911009,5,Otuzco,3.6664992761143367,False
858f5ccffffffff,6,8234.898682062012,3674.900504061276,186.4146775995881,714965.1642288024,3.3831443484978188,5.864308621824413,121.79319654592148,SIERRA,LA LIBERTAD,SANTIAGO DE CHUCO,0,0,0,0.0,-8.00973417429805,-77.71502536752901,299.5686252496622,2386.649014505262,5,Otuzco,4.9486013288769755,False
858f407bfffffff,3,20078.23851623544,8394.78529273142,155.52196373318085,714094.6439024296,1.3491129302482807,12.63946547144574,48.56806548893811,SELVA BAJA,SAN MARTIN,BELLAVISTA,0,0,0,0.0,-6.86227267716761,-76.58277731263266,296.7473952982413,2406.405768733842,5,Picota,1.0643690908327699,True
858f461bfffffff,3,20035.18917135537,8376.786203470247,155.188512238033,712563.5680275465,0.7610238500217062,9.25622188532602,27.396858600781425,SELVA ALTA,SAN MARTIN,RIOJA,0,14,0,0.0,-5.777433991052501,-77.35274041349071,297.0890722729297,2398.4846112849577,5,Picota,4.181626588047038,False
858f54cbfffffff,7,16535.30207382871,5240.100228476672,181.8883726631425,711127.8426875599,0.7870986422464025,3.046348585763899,28.33555112087049,COSTA,PIURA,HUANCABAMBA,0,6,0,0.0,-5.365941490742425,-79.64806248808608,299.9002940794714,2371.214222614654,5,Chiclayo,5.037357663113653,False
858f0903fffffff,4,16528.36737037655,5237.902594530716,181.81209090426185,710829.6043678974,1.1109299321886303,2.114048285567523,39.99347755879069,COSTA,PIURA,MORROPON,3,0,0,0.0,-4.970325071656531,-80.19270466967637,299.9620674341373,2369.7316478990274,5,Chiclayo,4.18170767817719,False
858f5697fffffff,1,7085.372035392581,2790.272652180945,159.58330156309933,710485.4514816436,1.921896287491481,2.534359827953697,69.18826634969331,COSTA,LAMBAYEQUE,LAMBAYEQUE,0,0,0,0.0,-5.667414087471249,-79.97262680006854,300.61972121010035,2363.402669065387,5,Chiclayo,2.2465626662196883,False
858f0d53fffffff,13,4221.246207761291,3459.33281142874,104.73301522638602,709481.6617636372,0.6163569399267986,1.8087325001187549,22.188849837364756,COSTA,TUMBES,TUMBES,0,2,0,0.0,-3.678355804164223,-80.49487083963997,298.26716805781143,2378.67837208996,5,Chiclayo,7.225550188857596,False
858f42b3fffffff,3,19791.72270754297,8274.99198043454,153.30267038369595,703904.5366270717,0.7541083994062778,13.80108830693093,27.147902378626,SELVA BAJA,SAN MARTIN,HUALLAGA,0,24,3,38641938.14,-6.833260888319646,-76.87117035125195,297.2715681869818,2367.8838205755364,5,Picota,2.153723887866363,False
858f0953fffffff,12,16294.689529703655,5163.849196483757,179.2416339523625,700779.9047627953,0.4885745754774415,1.3429977131514008,17.5886847171879,COSTA,PIURA,SULLANA,9,147,25,85988393.8732,-4.839481719372119,-80.61847527461393,300.17844126814384,2334.5444189871105,5,Chiclayo,3.9534802495327312,False
858f4a17fffffff,1,17090.571046776386,7945.782379336373,234.5849329283476,698152.5173102812,3.4685420423602635,11.125130418377257,124.86751352496948,SELVA BAJA,HUANUCO,PUERTO INCA,0,0,0,0.0,-9.495069920458937,-75.3688377316716,295.50016537474096,2362.612949555928,5,Satipo,6.453805798548274,False
858e648ffffffff,3,11923.02783444654,6097.574650318891,268.476403508917,693000.7730683197,3.2140688056761744,7.426537898493688,115.70647700434228,SELVA ALTA,PASCO,OXAPAMPA,0,0,0,0.0,-10.493245458396531,-75.45910149499764,295.7036590850421,2343.5650922027244,5,Satipo,3.290866471477784,False
858e6533fffffff,1,8205.61983647117,4030.804386253489,235.63427670176983,688953.9929734467,1.3074186551648197,8.577287363218304,47.06707158593351,SELVA ALTA,JUNIN,SATIPO,0,124,10,68091645.6792,-11.58885715094162,-74.38887829094786,292.898106328124,2352.1968155083755,5,Satipo,1.1490592964401003,True
858f0997fffffff,5,16016.33628794463,5075.637993614515,176.1797474538271,688808.8661066291,1.3287385806542278,3.5348619033723323,47.8345889035522,COSTA,PIURA,AYABACA,0,1,0,0.0,-4.503801737052899,-79.8511572854121,298.94551167779656,2304.128475589984,5,Chiclayo,5.8732922001509,False
858e6a2ffffffff,1,3872.016242554916,3092.7660361129792,132.59075403030943,687351.362884521,1.6279816575241233,5.364343776227962,58.60733967086844,COSTA,AREQUIPA,CARAVELI,0,10,2,308967.36,-15.395365696479503,-74.72692104598526,290.1877878713271,2368.643311720965,5,Pisco,4.952595974320502,False
858f4b6ffffffff,2,8180.562900685624,4018.495796691304,234.91473655028156,686850.1816459461,2.1371076364478854,7.544570620819957,76.93587491212388,SELVA ALTA,JUNIN,CHANCHAMAYO,0,0,0,0.0,-10.805522673626442,-74.7572457176009,294.03739225307095,2335.9280137227943,5,Satipo,1.5061780468095094,True
858f0dc7fffffff,5,4059.377638962568,3326.680693162129,100.71690660673246,682275.7667444206,0.8465012129148134,2.206225294458727,30.474043664933284,COSTA,TUMBES,ZARUMILLA,0,14,2,700927.5,-3.5449561096087567,-80.18880998275726,297.7476958165278,2291.456076170071,5,Chiclayo,7.586174593874603,False
858f55d3fffffff,7,19099.485045225567,9897.13357729643,194.9089168448533,681801.7230837663,0.8360868967882099,5.621270564898926,30.09912828437556,SELVA BAJA,AMAZONAS,UTCUBAMBA,0,88,5,55955464.3024,-5.822492167585484,-78.52392001026607,298.99927569339354,2280.2788451665497,5,Chiclayo,5.387917614967591,False
858f43c3fffffff,2,18996.58890767995,7942.543617325085,147.14372522098512,675625.1242070608,1.5837999367746498,13.64864180638006,57.0167977238874,SELVA BAJA,SAN MARTIN,MARISCAL CACERES,0,0,0,0.0,-7.361053065945271,-76.62958268660424,297.2259266955993,2273.102927857956,5,Picota,1.799644803191768,True
858e6a03fffffff,4,3947.592000020372,2609.5863531192326,91.23308847129547,671142.3012472445,0.4317070176812678,3.7152729753648592,15.54145263652564,COSTA,ICA,NASCA,0,0,0,0.0,-14.879029272976195,-74.97546071535662,291.4640644273953,2302.6588288534226,5,Pisco,3.3355503584480175,False
858f56affffffff,2,6683.830524881831,2632.1425935337857,150.53941231609113,670220.889513862,2.257788804413759,1.8514756833300932,81.28039695889532,COSTA,LAMBAYEQUE,LAMBAYEQUE,0,0,0,0.0,-6.266352093795183,-79.88836330018104,301.182562505375,2225.2977859629605,5,Chiclayo,1.345581838995713,True
858b69b7fffffff,1,7862.838211804083,3862.421533553675,225.79088865738507,660173.6236974217,2.8438203482597624,8.978138937009088,102.37753253735144,SELVA ALTA,JUNIN,SATIPO,0,0,0,0.0,-11.02015816699247,-74.19381964971912,292.60517142426363,2256.1926041293414,5,Satipo,2.0017134474474005,False
858f547bfffffff,1,6581.241112635649,2591.742113507619,148.22879869836083,659933.739521896,3.1148441683975028,3.122477477620006,112.1343900623101,COSTA,LAMBAYEQUE,LAMBAYEQUE,0,0,0,0.0,-5.964171802968498,-79.56335419892295,300.5034901350198,2196.0934271524766,5,Chiclayo,1.7279440846432408,True
858f436bfffffff,1,18437.43799559128,7708.760566614549,142.81265565026993,655738.5852991377,1.425197623002298,11.48900133303642,51.30711442808273,SELVA ALTA,SAN MARTIN,TOCACHE,0,0,0,0.0,-8.193411949234711,-76.7079304011133,297.8736056044117,2201.3987575991723,5,Picota,4.011497668281663,False
858f5ec7fffffff,4,7539.515385842917,3364.579208747967,170.67317816193358,654591.0355626852,1.042440630433972,1.2478726978926136,37.527862695622986,COSTA,LA LIBERTAD,VIRU,0,0,0,0.0,-8.422681048905728,-78.63789702843079,301.1708997244342,2173.4870007747227,5,Otuzco,2.2948855862705386,False
858e6037fffffff,11,7778.140358870351,3820.81584331756,223.3586875912904,653062.287181975,0.6268553207842886,5.844408154661696,22.56679154823439,SIERRA,JUNIN,CHUPACA,0,4,0,0.0,-12.181231844975605,-75.31932620403357,294.7860209607365,2215.3773949442416,5,Jauja,1.791119787052594,True
858f50c3fffffff,4,6504.367870389205,2561.4688541144237,146.49738844378726,652225.2776441709,1.0609719067572885,1.5591221831712625,38.194988643262384,COSTA,LAMBAYEQUE,FERREÑAFE,1,0,0,0.0,-6.464249758558118,-79.61506053981304,301.0737391477241,2166.330678625384,5,Chiclayo,1.0764265088455431,True
858e6567fffffff,2,7681.861549749229,3773.521299597196,220.59392539159293,644978.5992577667,4.584842221375636,9.789076335745104,165.05431996952294,SIERRA,JUNIN,HUANCAYO,0,10,0,0.0,-11.897031440485742,-74.70793809852648,293.5301327446351,2197.31648409291,5,Jauja,4.77921163024439,False
858f59b7fffffff,12,15732.67981033932,7314.468877288587,215.946537303547,642682.4465702563,1.4462244565091942,7.406866611473558,52.064080434331,SIERRA,HUANUCO,PACHITEA,0,62,0,0.0,-9.94164791400097,-75.99367579279372,296.8839874587639,2164.7595482377524,5,Jauja,6.3820014556040405,False
858f59d3fffffff,17,15708.991774278364,7303.4557883157795,215.62139566051152,641714.7865686783,1.4204278295804529,5.919675166316777,51.13540186489631,SIERRA,HUANUCO,HUAMALIES,0,15,0,0.0,-9.5271520187505,-76.83417453846803,298.5159789638434,2149.6832055559867,5,Jauja,8.702592888876097,False
858f404ffffffff,5,18012.85854193589,7531.24233710153,139.52394930584367,640638.1613490401,1.0480670249496755,12.344647631691098,37.73041289818833,SELVA BAJA,SAN MARTIN,EL DORADO,0,1,0,0.0,-6.7646947568654285,-76.71910863270573,296.9257448545094,2157.57027624178,5,Picota,1.5741337098297663,True
858f5d87fffffff,1,17941.357297831233,7501.347404239945,138.97011516927188,638095.1765445609,1.1850753225330704,9.948236104349078,42.66271161119053,SELVA BAJA,SAN MARTIN,TOCACHE,0,0,0,0.0,-8.582269779637384,-76.16024180688436,296.95991727791994,2148.7586014760977,5,Picota,6.182319984203787,False
858f5edbfffffff,2,7338.939048451444,3275.0701435073347,166.1327005297819,637176.7236761426,0.6452869350426027,0.3690926339151733,23.23032966153369,COSTA,LA LIBERTAD,TRUJILLO,5,9,4,160567106.6428,-8.225764722247261,-78.91268362559897,301.4588015234729,2113.6444530929684,5,Otuzco,1.300594221567735,True
85b33087fffffff,2,3557.062185288385,2841.197047185605,121.80567635451958,631441.4474949837,0.8287559489674095,1.2764646644039588,29.835214162826738,COSTA,AREQUIPA,AREQUIPA,2,2,0,0.0,-16.48890460188923,-71.74363873188618,280.5561099407657,2250.6779397116,5,Pisco,11.089863089715436,False
858f510ffffffff,6,7271.514775676377,3244.981431602865,164.60640681846652,631322.8561157999,1.719443742679769,3.711919797876039,61.89997473647168,SIERRA,LA LIBERTAD,OTUZCO,0,0,0,0.0,-7.685821908243871,-78.41694548908694,300.4725078307684,2101.1002326754383,5,Otuzco,2.022040462848963,False
858f5daffffffff,4,15404.393008508086,7161.84112259157,211.44047737271936,629271.879043231,0.5036094890597081,8.969679582822781,18.12994160614949,SELVA ALTA,HUANUCO,LEONCIO PRADO,0,0,0,0.0,-9.012200407382371,-76.05403884068693,296.8801918172103,2119.615576881178,5,Picota,5.549558476603124,False
858f507bfffffff,3,6851.558406250633,2927.7660170581853,154.8170966681961,628156.1603625361,0.8844096123687007,1.1463962213713657,31.83874604527323,COSTA,LAMBAYEQUE,CHICLAYO,0,0,0,0.0,-7.131923038361374,-79.6842575248824,301.72766399317754,2081.8646591740408,5,Chiclayo,1.673409702394565,True
858b6113fffffff,10,8345.073588332643,5748.507520775449,296.6383092437793,627838.5834211117,0.5986212196598814,9.611789980374793,21.550363907755727,SIERRA,CUSCO,CUSCO,4,4,0,0.0,-13.525576956425406,-71.79626811277261,284.4661926926609,2207.0762696902702,5,Pisco,14.192077167523166,False
858f4627fffffff,3,17521.928460822433,7325.982666470653,135.7213044568587,623177.9373771898,1.5536854829438438,10.867903799477252,55.93267738597837,SELVA ALTA,SAN MARTIN,LAMAS,0,14,1,3895967.4,-6.334801187999745,-76.82402508501094,296.7246401211365,2100.1893780131645,5,Picota,2.1340681960746224,False
858e7593fffffff,5,6151.178944253352,3100.030158741112,127.45667255687572,622463.9554050802,0.9315185921685314,0.6778255522724578,33.53466931806713,COSTA,LIMA,HUAURA,36,18,1,3904538.924,-11.141767423827748,-77.57923211392678,299.6688327237651,2077.172823571105,5,Pisco,4.508048396122831,False
858f090bfffffff,1,14454.826427236796,4580.789569235591,159.00313427836343,621653.568088938,0.6293818793135044,1.5255559166272106,22.65774765528616,COSTA,PIURA,PIURA,0,9,2,11403237.04,-5.037581829207179,-80.34634364922557,300.2016396072684,2070.786718227793,5,Chiclayo,4.010603021837596,False
858b6163fffffff,1,8255.594058258484,5686.869508103408,293.4576235095951,621106.6234434919,1.4008274160053622,12.823522573961387,50.42978697619304,SELVA ALTA,CUSCO,PAUCARTAMBO,0,0,0,0.0,-12.96008594989305,-71.60783792176045,284.3460522932904,2184.333555659313,5,Pisco,16.586873361879043,False
85b326cffffffff,10,23407.328709574864,7817.896070142787,366.7210935657176,615690.9640546835,0.5009922502989907,5.958497731344727,18.035721010763663,SIERRA,PUNO,SAN ROMAN,0,0,0,0.0,-15.587671902659013,-70.2317524291863,277.1201135268512,2221.7476610373387,5,Pisco,15.82054133521342,False
85b326d7fffffff,12,23389.114080375104,7811.812502051497,366.4357261569925,615211.8584398974,1.1425649803284237,6.512088053583628,41.13233929182325,SIERRA,PUNO,AZANGARO,0,1,0,0.0,-15.35110074087139,-70.07117715968158,276.89692198630206,2221.808223893264,5,Pisco,16.545528931774243,False
858f7347fffffff,2,17207.683886710933,8916.823965641015,175.6032175645421,614269.3636220868,1.567813278629929,6.219514704257393,56.44127803067744,SELVA ALTA,AMAZONAS,BAGUA,0,8,0,0.0,-5.323935667088391,-78.4741233300888,298.33220829322937,2059.0112181864192,5,Chiclayo,5.585182856320898,False
858f401bfffffff,18,17268.759933634425,7220.131975091435,133.76031238716698,614173.8462501997,0.4911197751228384,11.034360788328344,17.680311904422183,SELVA BAJA,SAN MARTIN,SAN MARTIN,10,173,8,16248811.5504,-6.461589542778716,-76.40001326721479,296.0282242062488,2074.7138145256463,5,Picota,1.0065996404182442,True
858f4613fffffff,1,17226.544460676323,7202.481530744546,133.43331989481962,612672.4275323768,1.6432972104045378,10.146438931221372,59.15869957456336,SELVA ALTA,SAN MARTIN,MOYOBAMBA,0,0,0,0.0,-5.709430061844027,-77.20076764261648,296.7436025667588,2064.6525223557032,5,Picota,4.181626588047038,False
858f4bd3fffffff,1,14848.546601947368,6903.415902581109,203.81093757298845,606565.4658452099,1.792632541343096,11.56656615729947,64.53477148835147,SELVA BAJA,HUANUCO,PUERTO INCA,0,0,0,0.0,-9.713146335474432,-74.80623445848113,294.2242521386198,2061.5753508974326,5,Satipo,6.419871269958094,False
858f5c3bfffffff,5,6971.161396211421,3110.945928774324,157.8072608227945,605245.7649982601,2.5605725688461387,6.56808573542789,92.180612478461,SIERRA,LA LIBERTAD,PATAZ,0,0,0,0.0,-8.470054712608144,-77.31976240207743,299.1145385793017,2023.4581972276692,5,Otuzco,8.181453908495314,False
858e6093fffffff,6,7190.290574806594,3532.0494203922976,206.4778715849856,603705.6920592992,1.45268019422277,5.023128381489513,52.29648699201972,SIERRA,JUNIN,TARMA,2,0,0,0.0,-11.325181521883485,-75.53477817716033,295.6659574468482,2041.8505304853272,5,Jauja,1.3248636170501413,True
858f59b3fffffff,9,14690.28939560059,6829.838646551949,201.63870142975625,600100.6340563192,0.6927932515946889,6.543834040573987,24.9405570574088,SIERRA,HUANUCO,HUANUCO,1,26,1,14040.0,-9.845045998768349,-76.13111134879102,297.16508953886307,2019.418347517024,5,Jauja,5.181523599567299,False
858f5d93fffffff,2,16832.360568095784,7037.671796992704,130.38005140233986,598653.0400160485,1.0258676161912317,10.318505671079349,36.931234182884346,SELVA ALTA,SAN MARTIN,TOCACHE,0,0,0,0.0,-8.318710787835755,-76.28168053294823,297.0966725410074,2015.0109218521052,5,Picota,4.616992131370353,False
858f46c3fffffff,1,16821.767224835337,7033.2426812547,130.2979975137464,598276.281383702,1.3321977453295186,9.264717965602056,47.95911883186267,SELVA ALTA,SAN MARTIN,MOYOBAMBA,0,0,0,0.0,-5.51351251298025,-77.47279360976431,296.98650036135626,2014.4898190852225,5,Picota,3.4420189080110504,False
858f4a73fffffff,1,14643.9133420957,6808.277399256364,201.00214438487163,598206.1649710712,3.553911373971705,9.995683913378423,127.9408094629814,SELVA BAJA,HUANUCO,PUERTO INCA,0,0,0,0.0,-9.801553945439132,-75.68840088419915,296.2323244877207,2019.3818011101885,5,Jauja,7.907166666140256,False
858f727bfffffff,3,13724.177774203949,4349.244227239484,150.96599689222498,590230.8218896899,2.34703777781449,5.469812525888475,84.49336000132165,SIERRA,PIURA,AYABACA,0,0,0,0.0,-4.800040074414925,-79.44333987884653,298.9109576041067,1974.6041651354328,5,Chiclayo,6.7833208989986815,False
858f54dbfffffff,5,13704.717095734426,4343.077064085213,150.7519293703897,589393.8834270312,1.8352419642892084,3.7379785190051136,66.0687107144115,COSTA,PIURA,HUANCABAMBA,0,3,0,0.0,-5.199654322928423,-79.63084810993448,299.6688327237607,1966.8174299939408,5,Chiclayo,4.994665655980498,False
858e656ffffffff,4,7010.340847550703,3443.653642330016,201.3103979913201,588596.8903358276,2.307580919857295,7.451536478963725,83.07291311486263,SIERRA,JUNIN,HUANCAYO,0,0,0,0.0,-11.968129542073124,-74.86049979987163,293.8544613804921,2003.0217937501163,5,Jauja,2.4783869274979224,False
858f4a4ffffffff,8,14390.697750153096,6690.55190119524,197.5265108036595,587862.2681841766,1.196554821800487,6.970541358600077,43.07597358481753,SIERRA,HUANUCO,HUANUCO,0,0,0,0.0,-9.775082044467396,-75.97830311533109,296.8460346823704,1980.36085883107,5,Jauja,6.356438288661593,False
858b60b3fffffff,7,7798.252073072233,5371.829285440156,277.20070836129514,586698.665133839,1.237201123229028,8.369538026248048,44.539240436245,SIERRA,CUSCO,CANCHIS,1,0,0,0.0,-14.218041344981426,-71.27499478016367,282.1769752162572,2079.1868815100875,5,Pisco,15.546939656962422,False
85b3200bfffffff,5,22297.76271985486,7447.308221429928,349.33759550910247,586505.6707489354,0.983006357936316,7.563907502104513,35.38822888570738,SIERRA,PUNO,CHUCUITO,0,13,0,0.0,-16.450935704893812,-69.15358188971166,272.1369765355389,2155.18551802659,5,Pisco,18.61576495970985,False
858f501bfffffff,8,5834.132835734549,2297.525270292884,131.40173515710393,585017.481240994,0.8214306290526885,1.168798672286591,29.571502645896786,COSTA,LAMBAYEQUE,CHICLAYO,0,8,0,0.0,-6.729962927575502,-79.49555818246469,301.1786748281032,1942.4266395185211,5,Chiclayo,0.6267110057851824,True
858f5d37fffffff,6,14292.550932068503,6644.92128677106,196.1793489870947,583852.9552171486,1.448673141116033,8.593174649965155,52.15223308017719,SELVA ALTA,HUANUCO,LEONCIO PRADO,0,61,1,10028525.0,-9.178725412757204,-76.0694196576268,296.9523228396191,1966.150490536764,5,Picota,6.927963645677664,False
858f0987fffffff,6,13561.170049361464,4297.586458159927,149.17291142751802,583220.406767482,1.1629751771142407,3.437420209631641,41.867106376112666,COSTA,PIURA,AYABACA,3,6,0,0.0,-4.66976128800528,-79.86845556422053,299.20680221839,1949.2217504526905,5,Chiclayo,5.113588044885546,False
858b69a7fffffff,1,40333.31374484429,9865.931208704053,118.5005478139647,582303.6078202229,4.983840507635542,11.118159096384872,179.41825827487952,SELVA BAJA,UCAYALI,ATALAYA,0,0,0,0.0,-10.854289215761051,-74.17945964725195,292.6088764093631,1990.040818192998,5,Satipo,4.35046308505116,False
858e45a7fffffff,1,3416.845661706402,2258.732363794857,78.96697088899094,580908.477976565,1.2140285298775657,3.0609853928224555,43.70502707559236,COSTA,ICA,ICA,0,0,0,0.0,-14.266933577752006,-75.36255740277677,293.07633088789635,1982.1064233220743,5,Pisco,1.928282104407117,True
858f4073fffffff,3,16261.589570694125,6799.03034591966,125.95897500731276,578353.2257763781,0.9294425830091656,12.334544995546551,33.45993298832997,SELVA BAJA,SAN MARTIN,PICOTA,0,0,0,0.0,-6.793645843021902,-76.43095159681616,296.39123135178704,1951.316923711316,5,Picota,0.5977198965192656,True
85b33623fffffff,5,3242.080816543397,2589.6062432637486,111.0196634425904,575526.683834994,1.5208396255613297,2.2729178572505964,54.75022652020787,COSTA,AREQUIPA,CAMANA,0,6,0,0.0,-16.513274052972815,-72.76615914891626,283.45822981520814,2030.3756366861917,5,Pisco,8.94962483702875,False
858b65cbfffffff,1,7625.066475526045,5252.530312285965,271.04456338573726,573669.1095425788,1.0377632988913863,6.228649700083275,37.35947876008991,SIERRA,CUSCO,ESPINAR,5,0,0,0.0,-14.782341163377454,-71.46312143158335,282.1281572158384,2033.363543730592,5,Pisco,16.21332726277069,False
858f59a3fffffff,6,14035.644608215627,6525.479886268805,192.65305647264637,573358.2914507998,1.442717125034464,6.760036347313413,51.9378165012407,SIERRA,HUANUCO,AMBO,1,54,0,0.0,-10.011667041694585,-76.14657650461767,297.1993078855583,1929.2046658183376,5,Jauja,6.100074580543151,False
858e65c7fffffff,3,6823.345191421792,3351.7967289028747,195.94059204656185,572896.5037073743,1.9651376736384047,7.372600658010476,70.74495625098258,SELVA ALTA,JUNIN,SATIPO,0,0,0,0.0,-11.13774190153375,-74.78666520155267,294.0224520069699,1948.4787634306024,5,Satipo,0.7741911486373283,True
858f554ffffffff,12,29496.877966546366,9065.898771704358,312.3039333927032,572168.2646303003,1.1039287062352787,4.078720348992823,39.74143342447004,SIERRA,CAJAMARCA,CHOTA,0,8,0,0.0,-6.556421241949352,-78.74393380234591,300.0624943761356,1906.8303281951448,5,Chiclayo,3.412755681831186,False
858f402ffffffff,1,15944.73353103928,6666.551671584919,123.50467238171174,567084.0499160207,1.2013385067906035,13.090240349588877,43.24818624446173,SELVA BAJA,SAN MARTIN,PICOTA,0,0,0,0.0,-7.085696747480323,-76.02219450530599,295.8017208518853,1917.108691196468,5,Picota,1.4821176385885337,True
85b33007fffffff,2,3192.437020474596,2549.95335010233,109.31969424273342,566714.0320409157,0.7932891768939137,0.8513368329745543,28.55841036818089,COSTA,AREQUIPA,ISLAY,0,6,0,0.0,-16.8882720097649,-71.92138204599419,280.40764574436355,2021.036304258145,5,Pisco,11.429498640858583,False
858f59c7fffffff,16,13872.07122039522,6449.43102054545,190.40785049879736,566676.2928119462,1.462386020276265,5.214340330673096,52.64589672994555,SIERRA,HUANUCO,YAROWILCA,0,3,0,0.0,-9.791069687512136,-76.7124376814724,298.3092502171272,1899.62695558212,5,Jauja,8.001381773021421,False
85b32627fffffff,6,21539.51518925937,7194.058460930211,337.45818085809447,566561.2268998834,1.2840835420367778,7.344182046460414,46.227007513324,SIERRA,PUNO,EL COLLAO,0,48,0,0.0,-16.18976977461661,-69.56186242054069,273.9693473847769,2067.97304993458,5,Pisco,17.77920478345368,False
858b654ffffffff,5,7431.304686365244,5119.057420712301,264.157006442792,559091.5116412326,0.6135074375904132,7.71976218537241,22.086267753254877,SIERRA,CUSCO,CANAS,1,2,0,0.0,-14.291157473856128,-71.42456829958485,282.5680265876276,1978.608543907044,5,Pisco,15.651653778661057,False
858f4637fffffff,3,15608.567761444818,6525.999528216894,120.90080050396054,555128.1118820824,1.031006703671063,10.07178315382062,37.11624133215827,SELVA ALTA,SAN MARTIN,LAMAS,0,0,0,0.0,-6.168787606976959,-76.80834385698812,296.52755034464224,1872.0962394114104,5,Picota,2.120307488558865,False
858f53a7fffffff,5,6389.14485730848,2851.215608491761,144.63206223855977,554714.2932235006,0.3321809215814363,0.5154557436165044,11.958513176931708,COSTA,LA LIBERTAD,TRUJILLO,2,17,0,0.0,-8.058617864416195,-78.89572758078639,301.35370314394,1840.7415851748945,5,Otuzco,0.8472732787195127,True
858b60b7fffffff,11,7365.223857885187,5073.537613669762,261.80806307803147,554119.9444878623,1.0055346830349234,8.225496901859552,36.199248589257245,SIERRA,CUSCO,CANCHIS,4,1,0,0.0,-14.127319263751888,-71.41174640792163,282.70090998690046,1960.0925391911144,5,Pisco,15.133775733303992,False
85b3261bfffffff,5,20950.1966174716,6997.229877728523,328.22536519655347,551060.1791681563,0.7402032205729584,6.261984839486912,26.6473159406265,SIERRA,PUNO,PUNO,1,12,0,0.0,-15.67613388243876,-70.09527511282681,276.5390892483616,1992.7026615512048,5,Pisco,16.186796408352166,False
858f43dbfffffff,4,15482.564699727429,6473.317185167281,119.92480634098474,550646.7371133277,1.0185366143554124,12.993069586675716,36.667318116794846,SELVA BAJA,SAN MARTIN,MARISCAL CACERES,1,36,5,33498772.855600003,-7.263511623127964,-76.76613515156558,297.4161766664391,1851.435060746188,5,Picota,1.4096969460515538,True
858f40cffffffff,7,15427.876525939011,6450.451858777512,119.50120283743642,548701.7192794408,0.623751696061073,10.90528114191329,22.455061058198627,SELVA ALTA,SAN MARTIN,LAMAS,1,13,2,779370.7999999999,-6.364061161765865,-76.53612355095214,296.2020726122966,1852.4573931582336,5,Picota,1.551314812025339,True
858f5047fffffff,4,5454.529212567043,2148.034516229127,122.85195129709116,546952.7402163838,0.9569821311101344,0.8806969176720328,34.451356719964835,COSTA,LAMBAYEQUE,CHICLAYO,0,0,0,0.0,-6.9649165247741065,-79.66693085880094,301.5756491671653,1813.6502125647564,5,Chiclayo,0.4148065767803928,True
858f4a57fffffff,1,13386.200577937723,6223.539072353128,183.7387970329541,546828.4005917009,2.490489603057904,8.444969373546172,89.65762571008455,SIERRA,HUANUCO,PACHITEA,0,0,0,0.0,-9.538608063119163,-75.8104063401541,296.4707380677979,1844.4599428448496,5,Jauja,6.996728311693005,False
85b330d7fffffff,3,3074.4514428756625,2455.7125813940934,105.27947444029228,545769.5053439325,1.7865420554698943,1.980975017761592,64.31551399691621,COSTA,AREQUIPA,AREQUIPA,19,3,0,0.0,-16.38338171966906,-72.17141124599459,281.9887547492871,1935.4300345386812,5,Pisco,10.163179914687134,False
858f5d2bfffffff,1,13335.45418288999,6199.9459571505095,183.04225274276936,544755.4023665374,2.829510251243299,9.75671321388396,101.86236904475876,SELVA ALTA,HUANUCO,HUAMALIES,0,0,0,0.0,-9.318145192177706,-76.37481550413662,297.5990076608557,1830.5014074083929,5,Picota,8.051658183874679,False
858b656bfffffff,15,7234.343381707183,4983.38054151598,257.1557178643542,544273.1993523893,0.7690346354272459,8.417733807321397,27.68524687538085,SIERRA,CUSCO,ACOMAYO,0,2,0,0.0,-14.036408261214625,-71.54855703319463,283.2194499806764,1921.7366582327736,5,Pisco,15.18169961413696,False
858e4533fffffff,3,3188.741695919403,2107.942465495576,73.69524339253456,542127.8186477592,0.3727761921174493,2.080535415522965,13.419942916228178,COSTA,ICA,ICA,2,6,0,0.0,-14.409768701252125,-75.67146513314823,293.5748322504119,1846.642692399933,5,Pisco,1.7321195533331775,True
858f4853fffffff,2,13233.738992528632,6152.656327970065,181.646111499542,540600.3208303433,2.993817493199192,13.816636940326797,107.7774297551709,SELVA BAJA,HUANUCO,PUERTO INCA,0,0,0,0.0,-8.952761723990038,-74.88424435405436,294.2691279622013,1837.0949225084291,5,Satipo,10.934260690846713,False
858f5e8bfffffff,2,6216.509792700824,2774.1755973830304,140.72409552837777,539725.8808477996,1.546485440217796,2.32633432611083,55.673475847840656,COSTA,LA LIBERTAD,JULCAN,0,0,0,0.0,-8.353903521164844,-78.4837271391815,300.9222729266083,1793.5723919626014,5,Otuzco,3.0790807358862367,False
85b32613fffffff,9,20474.909785806158,6838.487156610248,320.7790773766863,538558.5472552893,1.1055349209040837,6.575647032960394,39.79925715254701,SIERRA,PUNO,PUNO,0,10,0,0.0,-15.602032472070782,-69.9468970233556,276.1382887450678,1950.3218829334064,5,Pisco,16.443648284797746,False
858f4077fffffff,5,15140.491628354495,6330.295177221767,117.27517770164266,538480.7023342737,0.2988505664231725,12.06595296059497,10.758620391234214,SELVA BAJA,SAN MARTIN,PICOTA,0,31,1,67132.0,-6.891077722398278,-76.29469556279992,296.20207261231565,1817.9504876019712,5,Picota,0.21500833811296616,True
858f484ffffffff,1,13154.8745054224,6115.990493324223,180.5636186812734,537378.6941188129,1.3618597006145885,12.624965875729124,49.026949222125175,SELVA BAJA,HUANUCO,PUERTO INCA,1,22,0,0.0,-9.284946650332651,-74.91364596497927,294.418796460272,1825.2187040351723,5,Satipo,7.2735128608183,False
858f50d3fffffff,3,5358.080775032796,2110.052398105603,120.6796503910224,537281.3762648618,2.232913757420412,1.8266006363367464,80.38489526713482,COSTA,LAMBAYEQUE,LAMBAYEQUE,0,0,0,0.0,-6.297487907100527,-79.59780690732825,300.8912186298376,1785.6332887063618,5,Chiclayo,1.350027710566792,True
858e663bfffffff,6,5308.513932675505,2675.3494636610667,109.99607200709764,537191.099430333,0.9328598749118536,2.2604760029806,33.58295549682673,SIERRA,LIMA,CANTA,0,2,0,0.0,-11.48549003768538,-76.57871390606975,297.747695816547,1804.1822219887663,5,Pisco,4.4981278072446,False
858e613bfffffff,25,15905.180201172112,4840.802025111854,137.81321321765265,535835.567353406,0.4918757950556578,6.528867292976687,17.707528622003682,SIERRA,HUANCAVELICA,ACOBAMBA,0,6,0,0.0,-12.821116026576645,-74.6435824881921,292.7979343781499,1830.0524164947556,5,Jauja,3.6228652879290166,False
858f4ab7fffffff,2,13093.685896538964,6087.542563237427,179.7237447138317,534879.1298148606,0.9074020173401106,12.069640308884864,32.66647262424398,SELVA BAJA,HUANUCO,PUERTO INCA,0,0,0,0.0,-9.45107763712326,-74.92837105371544,294.4824439945068,1816.336222151288,5,Satipo,7.609833632886875,False
85b3269bfffffff,15,20262.169541833413,6767.433294037907,317.44608983747986,532962.7679363433,1.0267784026576334,6.650402140587362,36.9640224956748,SIERRA,PUNO,HUANCANE,0,16,0,0.0,-15.277110259017537,-69.92298895865912,276.48851478816204,1927.6126834587865,5,Pisco,16.497990706562632,False
858f0b87fffffff,2,12381.499258083057,3923.744289731134,136.19652916695563,532486.7255116006,0.4258798696197524,0.6389179899253161,15.331675306311087,COSTA,PIURA,PAITA,1,0,0,0.0,-5.140129555160563,-80.94407945331517,300.8562889297972,1769.903921256746,5,Chiclayo,3.615429151817807,False
858f4aabfffffff,1,13029.427615509976,6057.667475054058,178.8417364705718,532254.1689205971,1.6955710590988289,10.47107123602055,61.04055812755784,SELVA BAJA,HUANUCO,PUERTO INCA,0,0,0,0.0,-9.591300611645732,-75.23183259368254,295.2028818050866,1803.011426128381,5,Satipo,6.633236608642619,False
858f42a7fffffff,5,14888.7523049368,6225.042041189929,115.32525595451705,529527.4417000384,1.0117473784577906,12.77746675331765,36.422905624480464,SELVA BAJA,SAN MARTIN,HUALLAGA,0,1,0,0.0,-7.097179342221333,-76.75044269839647,297.2601567190824,1781.360299155241,5,Picota,0.8260779101983644,True
85b32057fffffff,4,20042.13947144293,6693.9446766923775,313.9988930628247,527175.2418225959,0.7490054754164867,7.64253387286029,26.96419711499352,SIERRA,PUNO,CHUCUITO,0,7,0,0.0,-16.364097596269946,-69.289593297252,272.7520826103159,1932.800060690196,5,Pisco,18.5576995719548,False
858f46abfffffff,1,14790.968610147009,6184.15831913301,114.56784328494956,526049.7057097064,1.2085068228429894,10.764437395980384,43.50624562234762,SELVA ALTA,SAN MARTIN,MOYOBAMBA,0,0,0,0.0,-5.90510630783267,-76.92871340527186,296.4707380678093,1774.3731106082628,5,Picota,2.7803518735008765,False
858f726ffffffff,1,12206.011656979705,3868.1316003148368,134.26616502575453,524939.5927991866,2.652396667941004,5.856904517979505,95.48628004587614,SIERRA,PIURA,HUANCABAMBA,0,0,0,0.0,-5.064797148416805,-79.32435519553546,299.12991255935583,1754.888330317095,5,Chiclayo,6.190513385397935,False
858f484bfffffff,2,12822.324092966486,5961.380492271529,175.99903649219672,523793.95742667874,0.8329458802034521,12.630941557569855,29.98605168732427,SELVA BAJA,HUANUCO,PUERTO INCA,0,0,0,0.0,-9.188820128204153,-75.05038998297664,294.7185143505285,1777.268586539139,5,Satipo,7.514814458903857,False
858f4a67fffffff,2,9000.654510840235,4603.039055483795,202.67195429296484,523144.00509178056,3.677350773467485,8.782986698322524,132.38462784482948,SELVA ALTA,PASCO,OXAPAMPA,2,6,0,0.0,-10.064308555698808,-75.56627050651045,295.9715712741147,1767.5481561952774,5,Satipo,4.548205590705038,False
858f4a3bfffffff,1,12789.0682778814,5945.919132391258,175.54256765157928,522435.4521460003,6.07173119772586,12.723082430301536,218.58232311813097,SELVA BAJA,HUANUCO,PUERTO INCA,0,0,0,0.0,-9.827743114873922,-75.3988595012568,295.5981146836557,1767.384249744293,5,Satipo,8.143129836185835,False
858f4083fffffff,1,14667.61271109784,6132.582764520872,113.61235350716424,521662.4788753628,2.186497087203784,12.97287724412108,78.71389513933622,SELVA BAJA,SAN MARTIN,LAMAS,0,0,0,0.0,-6.158914938340205,-76.08196063299887,295.082604962033,1767.8523576219711,5,Picota,2.5943872370289682,False
858f0933fffffff,12,12087.880851922171,3830.695498101024,132.96672581397806,519859.18337089615,0.5100492628181755,2.298448330138154,18.36177346145432,COSTA,PIURA,MORROPON,2,6,0,0.0,-5.1681981300040105,-79.92045926624108,299.9466221074703,1733.1723215226991,5,Chiclayo,3.864322861635628,False
858f434ffffffff,1,14606.786333129472,6107.151032411201,113.14120471884956,519499.1521134024,2.121433932910007,12.18523764294411,76.37162158476026,SELVA ALTA,SAN MARTIN,TOCACHE,0,0,0,0.0,-7.9293750127539315,-76.82907502079168,297.96523210731425,1743.4891595885963,5,Picota,2.9610954056843184,False
858e651bfffffff,2,6185.46663158274,3038.454928022901,177.6231393657561,519339.4306779881,2.728399688899075,8.163326177724883,98.2223888003667,SELVA ALTA,JUNIN,SATIPO,0,0,0,0.0,-11.303843411965332,-74.80139939784726,294.0037784784383,1766.4379463615485,5,Satipo,0.7396114560833666,True
858b6117fffffff,14,6895.0788693763625,4749.678036676164,245.0960457405596,518748.7568687857,0.6048401694468718,9.960892337738716,21.774246100087385,SIERRA,CUSCO,CALCA,9,39,0,0.0,-13.433906900631648,-71.93308662396339,284.9617810114133,1820.41519753138,5,Pisco,14.59145968548728,False
858e6133fffffff,22,15283.50229444256,4651.591992166617,132.42657635914605,514891.6277280657,0.8688170068742884,7.586469999919177,31.277412247474384,SIERRA,HUANCAVELICA,CHURCAMPA,0,1,0,0.0,-12.749672329229714,-74.49084351577156,292.4829507646956,1760.415868281838,5,Jauja,3.8050418602651916,False
858f48d3fffffff,2,24587.724074573365,7312.539286828891,135.80498122327774,510611.6230794274,2.657339284929673,12.641513523405628,95.66421425746825,SELVA BAJA,HUANUCO,CORONEL PORTILLO,0,0,0,0.0,-8.550934766780683,-74.70391871059078,293.70154247890633,1738.539126385758,5,Satipo,9.780945742153563,False
858b6d33fffffff,1,6080.985745929247,2987.1313204753133,174.6228446396104,510567.0862610023,2.636409690940838,10.35704691585618,94.91074887387016,SELVA ALTA,JUNIN,SATIPO,0,0,0,0.0,-11.87255178127207,-73.97658368605646,291.7329764449856,1750.1178388631154,5,Satipo,3.1585851583222393,False
858f737bfffffff,5,14602.623530672794,7422.336758975062,149.28122578554743,510098.4554757838,1.196604013555597,5.713288847992066,43.0777444880015,SELVA ALTA,AMAZONAS,BAGUA,0,0,0,0.0,-5.4900386853683925,-78.49070459321612,298.5619511124827,1708.5179594221138,5,Chiclayo,5.6290503799282305,False
858e61c7fffffff,20,15091.026552053128,4593.011268669061,130.75883665487115,508407.2404202495,1.417531296322563,6.825657299596896,51.03112666761227,SIERRA,HUANCAVELICA,TAYACAJA,0,7,0,0.0,-12.300161165138574,-74.8901485253146,293.7350986795984,1730.8358541612763,5,Jauja,2.2850725304160733,False
858f09bbfffffff,5,11818.00412733852,3745.170535821102,129.99808102992705,508252.6912676456,1.804377741472116,3.713296286734122,64.95759869299617,COSTA,PIURA,AYABACA,0,0,0,0.0,-4.835815709434387,-79.88577197039432,299.4607719501988,1697.2262776113112,5,Chiclayo,inf,False
858f4607fffffff,7,14286.45194039146,5973.218045872633,110.65995947566714,508106.2665309853,0.7510931235624122,9.644831643054866,27.03935244824684,SELVA ALTA,SAN MARTIN,MOYOBAMBA,0,10,1,45240.0,-5.973239418202947,-77.08055357334023,296.8232668977672,1711.814143956541,5,Picota,2.916102621950813,False
858f59abfffffff,13,12417.786963001618,5773.3022829323245,170.4463656516437,507268.5519936216,1.3475074594275644,6.280602876065201,48.51026853939232,SIERRA,HUANUCO,AMBO,1,21,0,0.0,-10.081665199068144,-76.29965021828986,297.5075687559309,1705.060997657422,5,Jauja,5.197427279366821,False
858f506ffffffff,6,5840.833376080587,2606.526485219826,132.21985026807124,507109.1406454151,0.3840470908138134,1.5807421464594889,13.825695269297285,COSTA,LA LIBERTAD,PACASMAYO,3,19,0,0.0,-7.39789926771548,-79.56454749923442,301.7861652426706,1680.3591385232694,5,Chiclayo,1.518103190981492,True
858f5467fffffff,2,5033.822796004946,1982.3571738303767,113.37641231220849,504766.417914709,1.6161244194150413,3.822807311688279,58.18047909894149,SIERRA,LAMBAYEQUE,FERREÑAFE,0,0,0,0.0,-6.161790861202221,-79.29033346701456,300.387333939399,1680.3851590378374,5,Chiclayo,3.6124462952229806,False
85b326c7fffffff,9,19037.977569702267,6358.561110168865,298.2667539839757,500762.4282537928,0.9863434624301356,6.346529306244304,35.50836464748488,SIERRA,PUNO,SAN ROMAN,12,10,0,0.0,-15.513652664272572,-70.08321924637785,276.72128503051505,1809.6274314372745,5,Pisco,16.100025729918343,False
858e6c27fffffff,25,23682.75978107912,7257.331697063045,89.58741629269984,500128.7726894489,1.5646561756204351,9.727146846549651,56.327622322335664,SIERRA,APURIMAC,ANDAHUAYLAS,21,90,1,739350.1440000001,-13.6637054328607,-73.4016144173234,288.9353092366485,1730.9368453816255,5,Pisco,8.87832869857084,False
858f4bd7fffffff,1,8597.130997325365,4396.672452890846,193.5856262944037,499690.054409124,3.3819444652598145,13.155878081216189,121.75000074935332,SELVA BAJA,PASCO,OXAPAMPA,0,0,0,0.0,-9.808938725576793,-74.66937673128184,293.9029755713218,1700.1871227665183,5,Satipo,6.419871269958094,False
858f5b77fffffff,3,4919.233429617324,2479.162470789124,101.92991134737304,497798.14990119386,0.5455715879029196,0.2728620458585921,19.640577164505103,COSTA,LIMA,BARRANCA,3,0,0,0.0,-10.877478245634146,-77.7011873442112,299.9466221074574,1659.62245683452,5,Pisco,4.932859836962962,False
858f4b4bfffffff,1,8481.257661729256,4337.413485823987,190.97645211185696,492955.16187502176,3.158654453179828,9.810005685755463,113.7115603144738,SELVA BAJA,PASCO,OXAPAMPA,0,0,0,0.0,-10.352436087343388,-75.15434208654672,295.03376582270914,1670.8432016261047,5,Satipo,4.37128076661611,False
858f5e83fffffff,3,5632.9294170419125,2513.747400331772,127.51349612915573,489058.6346274486,1.6918688297437103,3.857427411012253,60.90727787077358,SIERRA,LA LIBERTAD,SANTIAGO DE CHUCO,0,0,0,0.0,-8.285104871576852,-78.32969773178942,300.6662346215461,1626.583162033593,5,Otuzco,2.4334754219598835,False
85b32047fffffff,2,18510.76686662208,6182.476152552072,290.00697825424754,486895.0250115506,0.8644974732440349,6.936812483486063,31.121909036785265,SIERRA,PUNO,CHUCUITO,0,0,0,0.0,-16.52563610334504,-69.30118728961713,272.5413044306473,1786.499943664316,5,Pisco,18.935096087619968,False
858f5477fffffff,2,6868.030551890801,2488.201430723196,124.80318009728168,486180.415561102,2.087633226087072,4.255966550790278,75.1547961391346,SELVA ALTA,CAJAMARCA,FERREÑAFE,1,8,0,0.0,-5.99521040846259,-79.2732743590212,300.1900400642006,1619.5754378030804,5,Chiclayo,4.586432593418067,False
858f5013fffffff,7,5736.582555928197,2162.783844302573,115.9069767656991,485126.06992954,1.4604766004860974,1.7931882811725637,52.57715761749951,COSTA,LAMBAYEQUE,CHICLAYO,2,14,0,0.0,-6.66194705827696,-79.34161918195768,300.9339196651063,1612.0684250861837,5,Chiclayo,1.943233933972806,True
858f5b2ffffffff,4,4772.608287806786,2405.2673092661435,98.89173722535205,482960.5282744512,1.1704196972863945,1.0556074525170822,42.1351091023102,COSTA,LIMA,HUAURA,3,89,2,10329960.16,-11.071893267861627,-77.42456685918184,299.4299686080876,1612.9331693801823,5,Pisco,4.8928749849601445,False
858b6d03fffffff,1,5736.340667956771,2817.8330932021427,164.7259452846198,481630.2591401037,8.182645336846345,13.597109395538768,294.57523212646845,SELVA ALTA,JUNIN,SATIPO,0,0,0,0.0,-12.06092382847947,-73.70186743095888,290.92380855203027,1655.520259882637,5,Chiclayo,inf,False
85b326c3fffffff,4,18304.167247125748,6113.47321875328,286.7701954785622,481460.764636124,1.0450305340592458,6.380475432247385,37.621099226132856,SIERRA,PUNO,SAN ROMAN,0,123,0,0.0,-15.425065442714212,-70.21961531037697,277.2995602523259,1736.2478476273952,5,Pisco,16.22845054557729,False
858f538bfffffff,1,5543.99075112183,2474.0576894028195,125.50017776620555,481336.85803481657,0.3487409118787496,1.3833683944897264,12.554672827634988,COSTA,LA LIBERTAD,ASCOPE,2,6,1,11678633.2,-7.663871021015986,-79.44468068517439,301.82127506710634,1594.77445030274,5,Otuzco,2.1977926296385704,False
858b6473fffffff,8,18211.553467352365,6082.540816602015,285.3192214259845,479024.7127456706,1.0361305456705363,6.969282116302082,37.300699644139314,SIERRA,PUNO,MELGAR,5,3,0,0.0,-14.905510897908789,-70.75346079276325,279.7257064239675,1712.4801251538702,5,Pisco,16.649457496512696,False
858b61b7fffffff,9,6356.900561881969,4378.953678717824,225.96568079925865,478259.1071816149,0.4819583427935561,10.617953405720016,17.35050034056802,SIERRA,CUSCO,ANTA,0,8,0,0.0,-13.4870615637672,-72.37057418394225,286.2142095532521,1670.9831001337182,5,Pisco,13.058872871499261,False
858f0907fffffff,10,11109.406090196851,3520.61311801613,122.2035004850703,477778.26804663,0.8282598920131852,2.0455391769055846,29.81735611247467,COSTA,PIURA,MORROPON,0,0,0,0.0,-5.069276681811548,-80.05660165056355,299.95820597821364,1592.8161274618758,5,Chiclayo,4.007167420237238,False
85b326d3fffffff,13,18146.073715030616,6060.671003745467,284.2933544133159,477302.376449494,1.1304413611219402,6.561394719100135,40.69588900038985,SIERRA,PUNO,AZANGARO,1,4,0,0.0,-15.26238944533558,-70.20749205572604,277.4724183193561,1720.1795383501656,5,Pisco,16.47823296894603,False
858f5933fffffff,13,11658.066263417071,5420.091419968528,160.0184502315833,476233.8418358401,0.9243208993234064,5.685706911011904,33.275552375642626,SIERRA,HUANUCO,AMBO,0,4,0,0.0,-10.248348889744356,-76.31522486399187,297.53042409189806,1600.6223339659073,5,Jauja,5.528303580118518,False
858f4a37fffffff,1,8181.078296139535,4183.898278480377,184.2171727073182,475507.8711950624,1.4029774241033408,11.176911040059716,50.50718726772027,SELVA BAJA,PASCO,OXAPAMPA,0,0,0,0.0,-9.853648669072772,-75.10969305311076,294.94363664458695,1612.199119142411,5,Satipo,6.525853862171061,False
858f4063fffffff,9,13369.571339523864,5589.866897955441,103.55798828230354,475496.8558175821,0.5740378018793673,12.329608049190949,20.66536086765722,SELVA BAJA,SAN MARTIN,PICOTA,0,28,0,0.0,-6.959772223006154,-76.4464458905949,296.5616464208133,1603.3659832831663,5,Picota,0.694423567969352,True
858f090ffffffff,6,11013.901016606294,3490.3471963106736,121.15294438764316,473670.9153871544,0.7010488475232611,1.7156567716477398,25.23775851083741,COSTA,PIURA,MORROPON,3,61,3,28237591.616,-5.136591871123655,-80.21021311808448,300.2016396072653,1577.8425327950504,5,Chiclayo,3.7089650923626323,False
858e6473fffffff,5,5618.679593170339,2760.0350492039934,161.34716552077725,471751.2897377727,1.0130692420393703,5.590057740639954,36.470492713417336,SIERRA,JUNIN,JUNIN,0,1,0,0.0,-10.966963982305122,-75.79518296898706,296.3382466147361,1591.935212976703,5,Jauja,3.2584996493242215,False
858b6697fffffff,4,17920.304210722723,5985.265452672705,280.7562383014841,471363.8840445654,0.8492858799153175,6.92648642305855,30.57429167695143,SIERRA,PUNO,AZANGARO,3,3,0,0.0,-15.09964651215492,-70.19538264257532,277.638666868106,1697.7602196472506,5,Pisco,17.05263939858378,False
858f55affffffff,10,13161.04167453012,6819.90049264448,134.30751516381235,469814.8075733064,0.9292437154079192,7.97195808587564,33.45277375468509,SIERRA,AMAZONAS,CHACHAPOYAS,0,11,0,0.0,-6.480423766458539,-77.85834595793901,298.6692653589752,1573.0269634829306,5,Picota,6.837453119346719,False
858f5193fffffff,6,24138.445393225396,7418.978465771415,255.5704861659944,468227.60114405846,1.4899817227189676,5.669890462829502,53.639342017882825,SIERRA,CAJAMARCA,CELENDIN,0,29,0,0.0,-6.950121805527147,-78.19713894747802,299.6148679123306,1562.7649068505675,5,Otuzco,4.944459750273381,False
858e6033fffffff,8,5573.797055337212,2737.987631218595,160.05830927961404,467982.8963353051,0.9522633971329502,6.096959572876465,34.28148229678621,SIERRA,JUNIN,CHUPACA,0,15,0,0.0,-12.085966127459471,-75.45746704270393,295.1464918631717,1585.5953204155292,5,Jauja,1.3892210720441653,True
858e45b3fffffff,1,2751.72088700214,1819.0464653583444,63.595223399703485,467828.5619393276,1.86046729072229,2.7951608362824207,66.97682246600243,COSTA,ICA,ICA,0,0,0,0.0,-14.00703165069478,-75.48633333791915,293.63444924159467,1593.2345920161797,5,Pisco,2.739529963615496,False
858f406ffffffff,2,13142.038659912072,5494.734648636043,101.79556628905522,467404.5190474931,0.7964385341400589,12.552008781451624,28.671787229042124,SELVA BAJA,SAN MARTIN,BELLAVISTA,0,20,0,0.0,-7.1259603669857015,-76.46195697030569,296.72464012114153,1575.213028674226,5,Picota,0.9098952749336604,True
858f5443fffffff,1,10865.429799853411,3443.296102030371,119.51976055574684,467285.66668717546,2.998079533869312,3.950388134953236,107.93086321929523,SIERRA,PIURA,HUANCABAMBA,0,0,0,0.0,-5.698764217292161,-79.68254560780075,300.3408924122844,1555.8509629974808,5,Chiclayo,4.201880193835677,False
858f4ea7fffffff,1,32360.554372923376,7915.714670471387,95.07632933446232,467198.596218108,2.456727645087203,12.301032562710766,88.44219522313931,SELVA BAJA,UCAYALI,CORONEL PORTILLO,0,72,0,0.0,-8.454719190002681,-74.84026298311171,293.98884107873255,1589.171189300306,5,Satipo,9.333633469854249,False
858f5913fffffff,14,11427.69993353666,5312.989046399714,156.85644529353652,466823.3410006514,1.0366691878884686,5.5773843878949885,37.32009076398487,SIERRA,HUANUCO,YAROWILCA,0,9,0,0.0,-9.88804860174202,-76.57484134371126,298.049264341352,1566.2623493880012,5,Jauja,6.2768935569765745,False
858f5553fffffff,5,24039.193913995638,7388.473411485351,254.51964182261503,466302.3619137479,2.658448002020475,5.299181161544356,95.70412807273708,SIERRA,CAJAMARCA,CUTERVO,0,8,0,0.0,-6.223244634078425,-78.71039887023385,299.6919654593618,1555.9388160406936,5,Chiclayo,4.74749604828321,False
858f557bfffffff,10,24012.98829226485,7380.419084036517,254.2421847048548,465794.0360791879,0.5056262128277201,4.5568293956707535,18.202543661797925,SIERRA,CAJAMARCA,HUALGAYOC,0,0,0,0.0,-6.654939135212851,-78.60726826687547,299.96206743413194,1552.843131345168,5,Chiclayo,3.856682494024426,False
858f4623fffffff,1,13091.851710243049,5473.751300588459,101.4068283546994,465619.58996004,1.614306674449015,10.655083124598582,58.11504028016455,SELVA ALTA,SAN MARTIN,MOYOBAMBA,0,13,0,0.0,-6.237063109227267,-76.96020515524344,296.8801918172135,1568.37540123498,5,Picota,4.045766655416628,False
858f738ffffffff,1,13035.047920364095,6754.611977695856,133.02175766325317,465317.1596794087,1.3756612781441095,8.209208323904937,49.52380601318794,SELVA BAJA,AMAZONAS,CONDORCANQUI,0,0,0,0.0,-4.955227627713854,-78.00041393516607,297.13467874274204,1566.0143125948566,5,Chiclayo,7.517740181549016,False
858f4347fffffff,1,13050.352152605608,5456.400183067472,101.08538119724015,464143.6332017192,1.0143380203115364,11.078141730345632,36.51616873121531,SELVA ALTA,SAN MARTIN,TOCACHE,0,0,0,0.0,-7.860326586315972,-76.67654035034333,297.63712102961455,1559.4279087101418,5,Picota,2.7883343491121195,False
858f09a3fffffff,3,10782.796541876636,3417.109307735926,118.6107944688776,463731.8876139601,3.4697953640603054,5.087647514656368,124.912633106171,SIERRA,PIURA,AYABACA,0,0,0,0.0,-4.934650225379295,-79.74972982282598,299.449220078016,1548.616114255176,5,Chiclayo,6.871106663416867,False
858f509bfffffff,5,10769.363048867734,3582.2171339855627,151.60540258887357,463573.2890172183,1.2158732595059498,3.887173760448485,43.7714373422142,SIERRA,CAJAMARCA,CHOTA,1,0,0,0.0,-6.328442335281556,-79.30741062308299,300.57709445062113,1542.2774974404251,5,Chiclayo,3.397404622988688,False
858f48c3fffffff,3,11329.971451241272,5267.552925485051,155.51502554801098,462831.1171164584,1.707406988302642,13.328319002374412,61.46665157889512,SELVA BAJA,HUANUCO,PUERTO INCA,0,5,0,0.0,-8.716875359711707,-74.71848702917238,293.7985000507886,1575.3351941430922,5,Satipo,10.502847765339538,False
858f43d3fffffff,3,12985.427832953,5429.255086483446,100.58249058369108,461834.5606759869,1.2131107354873385,12.968680982798896,43.67198647754419,SELVA BAJA,SAN MARTIN,BELLAVISTA,0,6,0,0.0,-7.194734393544755,-76.61396400772455,297.07387270884755,1554.6118427203996,5,Picota,1.1512043752882164,True
858f55c3fffffff,5,12909.313099524608,6689.457639020275,131.73864255928694,460828.7550288645,2.338216847121231,6.5118723227836055,84.17580649636432,SELVA ALTA,AMAZONAS,UTCUBAMBA,0,2,0,0.0,-5.98883706863213,-78.54055421486224,299.20680221839774,1540.1680430129234,5,Chiclayo,6.069537264284008,False
85b32693fffffff,6,17496.33494768339,5843.662466851401,274.1139394851977,460212.0756716834,0.6686060772547622,7.00223729477295,24.06981878117144,SIERRA,PUNO,HUANCANE,0,24,0,0.0,-15.20309590949764,-69.77505205405126,276.0743850163478,1666.9857858940152,5,Pisco,16.74259005542808,False
85b32073fffffff,3,17486.122801767448,5840.251676307357,273.9539464606022,459943.4621087234,0.9887867472228404,7.125291864920116,35.59632290002225,SIERRA,PUNO,CHUCUITO,0,9,1,75778.56,-16.61233734782496,-69.16509416335529,271.9237108944048,1691.443017587134,5,Pisco,18.842036703355916,False
85b30457fffffff,1,4101.533424622475,2460.3146615420146,138.93365628684757,457565.29286187846,1.077925459243211,2.829064779569355,38.8053165327556,COSTA,TACNA,TACNA,0,200,51,37132754.2976,-18.016677657727318,-70.4154884623185,273.6542420588214,1672.0562759028078,5,Pisco,15.342678977556716,False
858e6ac3fffffff,9,2691.047936183386,1778.938139964211,62.19300637985104,457513.36628695286,0.8486791742727022,2.736603034989144,30.55245027381728,COSTA,ICA,PALPA,5,12,1,208069.888,-14.526435811474744,-75.23865611111404,292.497760858065,1564.1602347477865,5,Pisco,2.2582804431622208,False
858f408bfffffff,1,12847.641059687448,5371.645930341224,99.51522218076867,456934.0911098959,2.1584786594168355,12.708359943001613,77.70523173900608,SELVA BAJA,SAN MARTIN,LAMAS,0,8,1,208742.04,-6.22728256048396,-76.23318092982613,295.4625069664301,1546.5044814021423,5,Picota,1.8781984269035092,True
858f5003fffffff,9,4549.650860468602,1791.6866340291847,102.47144421580778,456216.0927523944,1.0974777893479386,1.4688349614119751,39.509200416525786,COSTA,LAMBAYEQUE,CHICLAYO,0,6,0,0.0,-6.828794645234187,-79.3587506361237,301.10093884270594,1515.159980921614,5,Chiclayo,1.134302090445999,True
858e453bfffffff,1,2677.2610599331565,1769.8242183343775,61.874376870855805,455169.4168986823,2.758025284627778,4.465784508033293,99.28891024660004,COSTA,ICA,ICA,0,0,0,0.0,-14.481095185153048,-75.82619596031371,293.8134213352242,1549.1784372210834,5,Pisco,3.8030926709361665,False
858e4517fffffff,6,2675.7277612882094,1768.8106193557876,61.838940693326144,454908.73606310855,0.4420596928804394,1.5750772865156923,15.91414894369582,COSTA,ICA,ICA,9,194,10,64139660.0156,-14.14965117607052,-75.79523037475822,294.1345347014435,1546.6008999074395,5,Pisco,1.2140544738831522,True
858e61cffffffff,20,13489.759041168309,4105.659417800635,116.8843744919208,454461.5400680892,1.1534449021433004,6.373998965233521,41.52401647715882,SIERRA,HUANCAVELICA,TAYACAJA,0,6,0,0.0,-12.371320314104164,-75.0430898843453,294.0448628506055,1545.5517082064653,5,Jauja,1.5410533917020075,True
858e618ffffffff,5,13655.649148525674,4167.016749709059,117.81318968926092,454396.02808055456,2.583598217530845,9.04286208194826,93.0095358311104,SIERRA,HUANCAVELICA,TAYACAJA,1,0,0,0.0,-12.32362726988666,-74.5995025985882,293.0317578062435,1550.6716114401747,5,Jauja,4.235284862108529,False
858f5623fffffff,3,4531.124175867326,1784.3906866716852,102.05416909166163,454358.3300537464,1.487375543639376,1.0810624225557133,53.545519571017536,COSTA,LAMBAYEQUE,LAMBAYEQUE,0,27,1,1384142.136,-6.500967020087408,-80.05993863198309,301.5912345562799,1506.53692147992,5,Chiclayo,0.5766683237670804,True
858e45b7fffffff,1,2671.378933774398,1765.935793149824,61.73843462144438,454169.3784736384,1.2536380339531157,2.1883315795132474,45.13096922231216,COSTA,ICA,ICA,0,0,0,0.0,-14.101313830855966,-75.34735161129821,293.2287075432519,1548.857143895597,5,Pisco,3.102186360720225,False
858f5d17fffffff,1,11103.771942880723,5162.387798888253,152.41021434234952,453590.8315962122,1.4003717751722242,10.163532556988232,50.41338390620008,SIERRA,HUANUCO,MARAÑON,0,0,0,0.0,-8.818290150117145,-76.3281718963437,297.38191669566663,1525.2804764870957,5,Picota,5.590568985717255,False
858e6113fffffff,14,13455.871358762664,4095.345572906033,116.59074874598446,453319.8852551005,1.716093410066032,7.107111224758032,61.779362762377154,SIERRA,HUANCAVELICA,TAYACAJA,0,2,0,0.0,-12.394900341084028,-74.75215346264527,293.3514481013182,1545.3132690810244,5,Jauja,2.348898504060344,False
858f5dabfffffff,4,11085.434411751456,5153.86227734022,152.1585136532235,452841.7405632612,0.5873634244833502,9.350524206299369,21.14508328140061,SELVA ALTA,HUANUCO,LEONCIO PRADO,0,47,0,0.0,-8.91529766568554,-76.19110317850156,297.1346787427443,1524.0285734379938,5,Picota,5.983875862541026,False
858f59affffffff,7,11063.48532663788,5143.657664910323,151.85724082593683,451945.1169815939,1.150320044106876,5.772704910500387,41.41152158784754,SIERRA,HUANUCO,AMBO,1,17,0,0.0,-10.178298738969746,-76.16205860469306,297.225926695586,1520.544058878379,5,Jauja,4.38482140283304,False
858f09c7fffffff,7,10495.139595993143,3325.9497255815268,115.44656719692406,451360.72787058953,1.184470077169942,2.133988433085714,42.64092277811791,COSTA,PIURA,PIURA,3,0,0,0.0,-4.705200124367972,-80.31120829633994,299.70738893661087,1506.0046716634463,5,Chiclayo,inf,False
858f09b3fffffff,3,10488.737173588728,3323.920773527649,115.37614053117332,451085.3811722287,1.0310792427338822,4.253185433740499,37.11885273841976,SIERRA,PIURA,AYABACA,0,0,0,0.0,-4.768566424782937,-79.73248238950713,299.19911177026086,1507.6427817693298,5,Chiclayo,5.937738068721956,False
858b654bfffffff,3,5970.551946194622,4112.817269085079,212.232332743898,449192.3092663773,1.3831316386079486,7.755554654855594,49.79273898988615,SIERRA,CUSCO,CANAS,0,2,0,0.0,-14.38177085323355,-71.28773624637637,282.041017218452,1592.6488767357548,5,Pisco,15.833356185592493,False
858f59d7fffffff,14,10939.7938709831,5086.15078663655,150.15945368066411,446892.30154910736,1.15988996938802,4.927922968577853,41.75603889796872,SIERRA,HUANUCO,DOS DE MAYO,1,5,0,0.0,-9.624277562345776,-76.69665459438734,298.26716805779256,1498.2953184526064,5,Jauja,7.458177506705397,False
858b610bfffffff,9,5933.462960872666,4087.2685056374703,210.9139484563281,446401.93291336106,1.4832235814898251,10.817321690307203,53.39604893363371,SIERRA,CUSCO,PAUCARTAMBO,4,0,0,0.0,-13.288650588565671,-71.63364185002017,284.16952879161977,1570.9000708542032,5,Pisco,15.34288269731951,False
858f55d7fffffff,5,12457.512856481928,6455.339947100294,127.128052493996,444700.6665769109,3.726942632970122,7.900598108632503,134.1699347869244,SELVA BAJA,AMAZONAS,UTCUBAMBA,0,0,0,0.0,-5.920914701957112,-78.38758802674687,298.9109576041139,1487.7362480832337,5,Chiclayo,7.459690675186721,False
858e610bfffffff,19,13187.811403905813,4013.760507165828,114.26809642475648,444289.1131306285,1.1962089283589357,5.956788782692957,43.06352142092169,SIERRA,HUANCAVELICA,HUANCAVELICA,0,12,0,0.0,-12.632088446048035,-74.91986320481274,293.5860088995291,1513.3184132172762,5,Jauja,3.921138386867824,False
858b61dbfffffff,3,5876.10581820235,4047.758013306823,208.87510174698755,442086.6890965106,2.1841145530780555,10.162033585894276,78.62812391081,SIERRA,CUSCO,QUISPICANCHI,1,0,0,0.0,-13.799493439908014,-71.38614621216026,282.9459680064733,1562.4420881883584,5,Pisco,15.869719601798352,False
858f5317fffffff,3,5089.411531308118,2271.1974638522497,115.209797522714,441869.6685650696,0.8369272825024411,1.0762953006779634,30.12938217008788,COSTA,LA LIBERTAD,ASCOPE,0,221,26,487952866.4868,-7.929823338476952,-79.32465782578524,301.83297985478725,1463.9542331578689,5,Otuzco,1.945385853323387,True
858e64abfffffff,3,7601.639065571553,3887.566338911805,171.16966809398298,441829.1915588705,2.3698335710574887,6.584657605211317,85.31400855806959,SELVA ALTA,PASCO,OXAPAMPA,0,0,0,0.0,-10.755524577942518,-75.3366641488784,295.3872141412249,1495.7627493911484,5,Satipo,2.3602509279880906,False
858b645bfffffff,7,16794.5286526366,5609.263713190825,263.1187859935656,441752.22492415865,1.3378047360078669,6.740388710496651,48.16097049628321,SIERRA,PUNO,LAMPA,0,3,0,0.0,-15.173473452839572,-70.34387935857283,278.043105239321,1588.7904306921323,5,Pisco,16.47011982742879,False
858b618ffffffff,17,5866.05699049765,4040.835874032197,208.5179009112308,441330.6691903492,0.4742553489297555,9.979684592718858,17.0731925614712,SIERRA,CUSCO,CUSCO,56,29,3,1821360.5280000004,-13.59825345072138,-71.94619971877542,284.85546243326104,1549.314397626301,5,Pisco,13.915195935527663,False
858f48dbfffffff,1,30461.736525617634,7451.244868215859,89.49754261418133,439784.8188609004,2.102706182972212,11.94701110059576,75.69742258699964,SELVA BAJA,UCAYALI,CORONEL PORTILLO,0,0,0,0.0,-8.62069830474822,-74.85490733359457,294.0896930797561,1495.410513219286,5,Satipo,9.747238791460404,False
85b32623fffffff,8,16710.8749190673,5581.323908395557,261.8081884009902,439551.8521901701,1.5383347963662484,7.261538755948088,55.38005266918494,SIERRA,PUNO,PUNO,1,36,0,0.0,-16.102282469749493,-69.6981172072471,274.5713822602021,1600.8654965127485,5,Pisco,17.712623217945293,False
858f73d7fffffff,1,12288.302687165404,6367.657182648944,125.40127448178656,438660.30555512814,1.1393901917332154,7.972937237494047,41.01804690239575,SELVA BAJA,AMAZONAS,BAGUA,0,0,0,0.0,-4.75872610681227,-78.27213923075853,297.2791762378723,1475.5836957921588,5,Chiclayo,7.688677584625111,False
85b326cbfffffff,5,16639.69289848234,5557.549574899384,260.6929843230274,437679.52718371234,0.6487271905871653,5.959431143149279,23.354178861137957,SIERRA,PUNO,LAMPA,0,8,0,0.0,-15.499002446896949,-70.3683020460358,277.6963837292513,1576.1081268182504,5,Pisco,15.781061276169567,False
85b3201bfffffff,8,16575.260788494918,5536.029667792016,259.6835306545416,435984.7473817777,0.4088399781176053,7.880644745481007,14.718239212233792,SIERRA,PUNO,YUNGUYO,0,10,1,175760.0,-16.2894503322963,-69.14208283956063,272.3439463246257,1600.8607985069627,5,Pisco,18.688208954286893,False
858b6693fffffff,10,16572.396151313427,5535.072897541065,259.63865057049185,435909.3978513027,1.232017234152895,6.717536910542274,44.35262042950422,SIERRA,PUNO,AZANGARO,3,13,0,0.0,-15.188480706041458,-70.05914883018835,277.0659789601281,1573.305389161595,5,Pisco,16.7146788090231,False
858e6acffffffff,3,2556.1483843910883,1689.7617434680014,59.075332936561736,434578.67708233465,1.2543053628001568,3.266689043744984,45.15499306080565,COSTA,ICA,NASCA,0,2,0,0.0,-14.691845011266222,-75.2538173739522,292.327520210172,1486.615686302438,5,Pisco,2.994415645942354,False
858f5db3fffffff,2,10633.100087061,4943.5621008945445,145.94977920378483,434363.8122024032,1.2797611893471854,10.0429219711632,46.07140281649868,SELVA ALTA,HUANUCO,LEONCIO PRADO,0,0,0,0.0,-8.679236475902597,-76.02332755641133,296.713263623119,1463.9177463739063,5,Picota,5.359152756471303,False
858f5157fffffff,5,5921.2730269126805,2476.617385182022,119.65808816636766,433613.47373536206,2.4358233548548776,3.544315799512332,87.6896407747756,COSTA,LA LIBERTAD,GRAN CHIMU,0,5,0,0.0,-7.488980836972647,-78.69106152362643,300.7360272322654,1441.8407988094898,5,Otuzco,3.3787478959857253,False
858e611bfffffff,19,12787.146384681524,3891.8165862595138,110.79646435112916,430790.9593732201,1.743230484673283,6.800810708790903,62.75629744823817,SIERRA,HUANCAVELICA,TAYACAJA,2,5,0,0.0,-12.466139254837856,-74.90499760805719,293.6642653041879,1466.950563177959,5,Jauja,2.995264117984334,False
85b3344ffffffff,1,2404.80489733011,1920.8336029688649,82.34854263482802,426895.4002529029,1.1288995650546032,3.451915883711232,40.640384341965714,COSTA,AREQUIPA,CASTILLA,3,0,0,0.0,-15.876346582524578,-72.42105672436216,283.50040226302536,1505.80174435463,5,Pisco,11.356696799275596,False
85b32637fffffff,7,16222.944525695995,5418.358319619066,254.1638147237888,426717.6523541386,1.5284778005608584,7.392122175000977,55.0252008201909,SIERRA,PUNO,EL COLLAO,0,14,0,0.0,-16.02788103860988,-69.55011857822655,274.1686729864694,1556.4055794777023,5,Pisco,17.737383095680343,False
858b669bfffffff,5,16207.314252491957,5413.137909679372,253.91893625204025,426306.5239380415,1.0953606850237805,7.264530610521996,39.43298466085609,SIERRA,PUNO,AZANGARO,0,9,0,0.0,-15.114547824980075,-69.91105541277288,276.65378179030387,1540.9387183478675,5,Pisco,17.20890372334361,False
85b304cbfffffff,1,3808.752030785928,2284.68904026622,129.01609977145358,424902.7273416037,1.3125582454087668,2.000306538060189,47.2520968347156,COSTA,TACNA,TACNA,1,0,0,0.0,-17.76860466249526,-70.54083592013801,274.5413947493066,1547.6818267409085,5,Pisco,14.833918317062853,False
858b61b3fffffff,8,5639.913136563486,3885.0565832497614,200.47927431712955,424316.8183955614,1.003416536861124,10.57519378790592,36.12299532700047,SIERRA,CUSCO,ANTA,3,0,0,0.0,-13.579073448806067,-72.23344168710771,285.7292311328334,1485.031183940364,5,Pisco,13.79532465227203,False
858f4053fffffff,3,11885.008813824075,4969.165851556005,92.0588680235802,422697.4955906747,0.5259568861375827,11.526817330288216,18.93444790095298,SELVA ALTA,SAN MARTIN,EL DORADO,0,7,0,0.0,-6.432468807624487,-76.68784218728662,296.5616464208073,1425.3275859916373,5,Picota,2.3324942800827557,False
858e6a13fffffff,2,2485.090655842548,1642.7884800955544,57.43311255633885,422497.9333126585,1.065781214557049,3.7000370826388114,38.36812372405377,COSTA,ICA,NASCA,0,0,0,0.0,-14.713801532211518,-74.96045689190879,291.6408367470955,1448.6926386068471,5,Pisco,3.08815025691365,False
858f40cbfffffff,3,11864.280738827762,4960.499367243401,91.89831255825746,421960.28912102815,1.638194327319484,10.76880637784626,58.97499578350144,SELVA ALTA,SAN MARTIN,LAMAS,0,7,0,0.0,-6.266459796978073,-76.67223425962221,296.3685216741216,1423.7689169465968,5,Picota,1.9446160199468068,True
85b3343bfffffff,1,2373.36501700962,1895.7210548948128,81.27193624240084,421314.265455556,1.8343111026624792,4.321936658045387,66.03519969584926,SIERRA,AREQUIPA,CAYLLOMA,0,0,0,0.0,-15.909977430629676,-71.84219202641793,281.7589915159312,1495.3001612789135,5,Pisco,14.292008166741653,False
858f4b63fffffff,1,7240.821368565136,3703.039985941591,163.04496697278074,420857.42612863536,3.053964334419674,8.46142731879174,109.94271603910826,SELVA BAJA,PASCO,OXAPAMPA,0,0,0,0.0,-10.63941060622148,-74.74256037972756,294.0336570729184,1431.3239862342205,5,Satipo,5.886711662344169,False
858e6007fffffff,3,5011.999731266907,2462.018824086786,143.92562110389352,420813.69798422896,1.52466283715453,6.049591366237197,54.88786213756308,SIERRA,JUNIN,CONCEPCION,0,0,0,0.0,-11.990555317999592,-75.5956208623364,295.5001653747464,1424.07263106118,5,Jauja,1.607095977953577,True
858e64d7fffffff,1,7226.77498343022,3695.8565017531337,162.7286779381759,420041.0097038419,3.632052807734643,8.322823697561255,130.75390107844714,SELVA ALTA,PASCO,OXAPAMPA,0,0,0,0.0,-10.30098285128357,-75.73406406755612,296.3231110179356,1417.5101235300476,5,Satipo,4.129908788367175,False
858e65bbfffffff,1,5000.283856243538,2456.2636951173577,143.5891856130864,419830.0186230853,2.481912445053929,8.616231033803265,89.34884802194145,SELVA ALTA,JUNIN,SATIPO,0,4,0,0.0,-11.257033520771383,-74.35989089896472,292.9500698281962,1433.1111744376751,5,Satipo,0.9996873359632445,True
858f4ab3fffffff,1,10257.336355312196,4768.86127724439,140.7920516142304,419013.8046153943,0.9254935844485348,12.327724923780613,33.317769040147255,SELVA BAJA,HUANUCO,PUERTO INCA,0,0,0,0.0,-9.35499506107975,-75.06519129249527,294.7860209607371,1421.4168068410654,5,Satipo,7.055874366196804,False
858f5487fffffff,9,21589.694030813767,6635.6168546858735,228.5850853169988,418787.9741550901,1.5972129018256442,6.23125093456187,57.4996644657232,SELVA ALTA,CAJAMARCA,SAN IGNACIO,0,54,7,68769262.0368,-5.360703576159202,-78.91594847421149,298.99159413311656,1400.668053459182,5,Chiclayo,6.050236489350937,False
858e7597fffffff,3,4138.426123071473,2085.656409529291,85.7510451328883,418784.9381500095,1.1520910330545486,0.6357934154277723,41.47527718996376,COSTA,LIMA,HUAURA,4,42,3,19107524.228,-11.238871500422285,-77.44084143420838,299.40302001544745,1398.7331795397477,5,Pisco,4.594815187208951,False
858f4067fffffff,2,11728.503926565194,4903.730583181288,90.84661290564944,417131.3050284024,0.4720337641312293,12.306007000543945,16.993215508724255,SELVA BAJA,SAN MARTIN,BELLAVISTA,0,0,0,0.0,-7.057191247710192,-76.31011591031114,296.36852167411524,1407.4750674333663,5,Picota,0.6160491138725774,True
858e649bfffffff,1,7158.647578818301,3661.0153572786153,161.19462125185655,416081.2484151197,3.9188912242278553,8.297953932397938,141.0800840722028,SELVA ALTA,PASCO,OXAPAMPA,0,0,0,0.0,-10.230738861744,-75.58141549932273,295.9980070601921,1405.6893576668854,5,Satipo,4.246762460708851,False
858f082ffffffff,7,9664.316442230283,3062.658702628451,106.30751000074696,415629.81262318185,0.8993211741155333,1.0594091548209907,32.37556226815919,COSTA,PIURA,SULLANA,9,23,1,1229904.0,-4.807479881065717,-80.90829074743796,300.3757224356151,1383.699751940742,5,Chiclayo,3.982552671979647,False
858f55bbfffffff,13,11637.377836674856,6030.355408342884,118.75863164319206,415423.98878472194,1.816526917959468,7.446304167415592,65.39496904654084,SIERRA,AMAZONAS,LUYA,1,13,1,18220158.1796,-6.215852364519877,-77.97847494618563,298.6002702507334,1391.2378191616913,5,Picota,6.844308452032237,False
858e6c9bfffffff,11,17054.249801649756,5498.730403055584,133.3471364981436,414199.4292229543,4.092392889897582,9.53529633941417,147.32614403631294,SELVA ALTA,AYACUCHO,LA MAR,0,0,0,0.0,-12.722885704564376,-73.75847177650682,290.65980206387064,1425.0316909385929,5,Jauja,8.141134728306497,False
858b644bfffffff,6,15700.329108446933,5243.808157684688,245.9760330377272,412971.12048507086,1.1504406599681425,7.030605613514459,41.415863758853135,SIERRA,PUNO,AZANGARO,4,3,0,0.0,-15.010609021304116,-70.33168891440688,278.2065180379643,1484.404906820754,5,Pisco,16.77308450455348,False
858e6a1bfffffff,3,2423.988149339879,1602.3961935801492,56.02096804354545,412109.7075725201,1.114762006150672,3.58161764027807,40.13143222142419,COSTA,ICA,NASCA,0,0,0,0.0,-14.785524995716017,-75.1146304329602,291.89895021356466,1411.8231917963549,5,Pisco,2.7522231579241634,False
858e6c4ffffffff,7,16965.658794267318,5470.166375238659,132.65444363323724,412047.8045476466,0.9348075285232368,6.140839300567367,33.65307102683653,SIERRA,AYACUCHO,CANGALLO,1,32,0,0.0,-13.434471013267116,-74.25833166030748,291.3536723911285,1414.2529976230812,5,Pisco,5.414302857207076,False
858e6107fffffff,15,12228.96242538095,3721.9311774561575,105.95998189542615,411986.0911016017,0.7582930878127054,7.018565414656212,27.2985511612574,SIERRA,HUANCAVELICA,ACOBAMBA,0,11,0,0.0,-12.65531712575744,-74.62887282528955,292.8832624353777,1406.6563164991485,5,Jauja,3.406665868649725,False
858f405bfffffff,2,11548.822985863204,4828.605321711288,89.45484077779057,410740.8441688559,0.9348154996365424,12.52303094674365,33.65335798691554,SELVA ALTA,SAN MARTIN,EL DORADO,0,11,0,0.0,-6.500886452319493,-76.83972322670948,296.914355503114,1383.364719677719,5,Picota,2.749026505756774,False
858f4843fffffff,2,9984.52885509948,4642.027070112974,137.04749978125807,407869.5752919066,0.981011856369704,12.889754159844284,35.316426829309336,SELVA BAJA,HUANUCO,PUERTO INCA,0,0,0,0.0,-9.118840406350488,-74.8989370733503,294.3476881082838,1385.6727664932794,5,Satipo,7.51347152388189,False
858e66c7fffffff,6,4026.595181557257,2029.2965971231893,83.43383085193801,407468.28961442335,1.4254257635820933,2.9274827744190937,51.31532748895536,SIERRA,LIMA,HUAURA,0,0,0,0.0,-10.958833019391395,-76.8234028219783,298.38961636870096,1365.557872198009,5,Pisco,6.622746817994994,False
858e604ffffffff,6,4016.702915717017,2024.311158929804,83.22885627723102,406467.2491669516,4.193801548621198,4.723189324950682,150.97685575036311,SIERRA,LIMA,HUAROCHIRI,0,6,0,0.0,-12.107064882001104,-76.19506377914234,296.6867212879868,1370.0217097765,5,Jauja,5.1439806979033165,False
858f5103fffffff,3,6949.183400548451,2690.678258738515,121.70479998761022,404107.12836581015,2.6099146834881624,5.065952274389403,93.95692860557384,SIERRA,LA LIBERTAD,GRAN CHIMU,1,0,0,0.0,-7.518911074431404,-78.40029470266089,300.34089241229645,1345.4948645856302,5,Otuzco,4.833102074888302,False
858e6423fffffff,3,4811.275874980052,2363.418277574664,138.16159332347868,403960.6746868045,1.8007156961511646,5.6435859776635695,64.82576506144193,SELVA ALTA,JUNIN,CHANCHAMAYO,1,97,1,6824.012,-11.088196050123589,-75.36676487495855,295.3721594135166,1367.6328719974774,5,Jauja,2.1378231230337406,False
85b33403fffffff,2,2262.072406412613,1806.8262815873404,77.4609059592939,401557.8587721086,1.6781985969045343,5.558295436420206,60.41514948856323,SIERRA,AREQUIPA,CAYLLOMA,0,0,0,0.0,-15.6565628878079,-71.96685672890723,282.50162392140976,1421.4355768936025,5,Pisco,13.88532958239557,False
858f5e93fffffff,5,4624.938830279322,2063.922179840374,104.6954570117981,401543.5135275804,1.9433902558585936,2.7283181013884814,69.96204921090938,SIERRA,LA LIBERTAD,JULCAN,0,24,0,0.0,-8.118073687683742,-78.31306568239225,300.56159630840267,1335.9774450876996,5,Otuzco,1.2131458106741775,True
858b61affffffff,4,5335.139427618082,3675.113083116129,189.64563015970467,401387.2789897246,0.431219375020071,10.640996749359232,15.523897500722558,SIERRA,CUSCO,URUBAMBA,6,12,0,0.0,-13.250029489181143,-72.20688129713771,285.93589253874933,1403.7666814960264,5,Pisco,13.840539186805472,False
858f42b7fffffff,4,11284.889053264387,4718.25357477683,87.41046206098244,401353.8749155264,1.1296514474309345,13.17673839416981,40.66745210751363,SELVA BAJA,SAN MARTIN,HUALLAGA,0,1,0,0.0,-6.930906118488131,-76.73476720048379,297.09667254100407,1350.9201280607851,5,Picota,1.530272759264335,True
858f7363fffffff,5,11223.003948356323,5815.631623176885,114.52997492549984,400631.9234286394,1.012987349409754,5.943260621538685,36.46754457875113,SELVA ALTA,AMAZONAS,BAGUA,0,8,0,0.0,-5.588437134581414,-78.35451493092297,298.4815075941013,1342.2336501109153,5,Chiclayo,5.674795384042227,False
858e6a07fffffff,2,2350.9027996809523,1554.0825555238612,54.33188716301017,399684.2416790594,0.8585523369101902,4.241159129756824,30.90788412876685,COSTA,ICA,NASCA,1,0,0,0.0,-14.97235607802428,-74.83630985979387,291.0229140396522,1373.3772235701067,5,Pisco,3.815910745646761,False
858f5563fffffff,8,20490.169516121816,6297.676752736443,216.9436556311369,397459.85142280406,0.9420537938319404,5.087095818744785,33.91393657794986,SIERRA,CAJAMARCA,HUALGAYOC,1,0,0,0.0,-6.7533966771902,-78.47057957873064,299.85397797615593,1325.511350909641,5,Chiclayo,4.664002752924716,False
858f4adbfffffff,3,9690.837977794605,4505.483721650602,133.01630301400746,395872.2567271687,0.9561182478206608,8.545860120116389,34.42025692154379,SELVA ALTA,HUANUCO,LEONCIO PRADO,0,3,0,0.0,-9.1089962911321,-75.91698045136265,296.61848773682414,1334.617608456044,5,Picota,5.977429467631737,False
858f598ffffffff,7,9679.658715834705,4500.286236882431,132.86285662477482,395415.5821164951,1.8382431202887928,6.707074124563784,66.17675233039654,SIERRA,HUANUCO,HUANUCO,0,0,0,0.0,-9.81819900823994,-76.42161204325193,297.74769581652924,1328.0223077197156,5,Jauja,6.610788717676769,False
858f5097fffffff,8,20349.35017703564,6254.3957697557535,215.45270348548087,394728.2960031863,2.199919864140844,4.135248842138841,79.19711510907038,SIERRA,CAJAMARCA,CHOTA,1,25,1,3629750.919599999,-6.359213333391131,-79.01718922167711,300.2403101464347,1314.7078612151297,5,Chiclayo,3.252996668965352,False
858f4e03fffffff,1,27329.30082580301,6685.019823441047,80.29434773740277,394560.9470807127,3.639703903092876,13.48400882071642,131.02934051134355,SELVA BAJA,UCAYALI,PADRE ABAD,0,0,0,0.0,-8.401058744476746,-75.41573145322418,295.29314306902904,1336.1669796324338,5,Satipo,9.669915649865288,False
858e45cffffffff,1,2320.529994305847,1534.00437662077,53.62993902857933,394520.4672832562,1.1652625571368325,1.3823217779629915,41.94945205692597,COSTA,ICA,PISCO,0,12,0,0.0,-14.031316862808223,-76.22847034222086,295.1464918631906,1336.6937373801768,5,Pisco,0.6555716821821989,True
858f40c7fffffff,2,11088.983984767478,4636.344945866999,85.89302112943427,394386.3931808183,1.583179226913724,12.133060510498492,56.99445216889407,SELVA BAJA,SAN MARTIN,LAMAS,0,0,0,0.0,-6.295665189575212,-76.38456918158255,295.83567793800813,1333.126538116411,5,Picota,2.0863682639201215,False
858f098ffffffff,7,9131.706480728702,2893.87257652733,100.44879881850424,392724.04584459984,2.1023345696331037,3.045562291105653,75.68404450679171,COSTA,PIURA,AYABACA,0,4,0,0.0,-4.736952372598198,-80.02177674255819,299.4646227392976,1311.420501868397,5,Chiclayo,5.3811353928467724,False
858f5547fffffff,6,20230.901408694943,6217.990406970321,214.1986041092597,392430.67568194575,1.6800993066436842,5.036039722420136,60.48357503917263,SIERRA,CAJAMARCA,CHOTA,0,75,0,0.0,-6.488310866472621,-78.59056311785962,299.7845261705553,1309.042466917327,5,Chiclayo,4.295617018626217,False
858f722ffffffff,4,20216.72466061272,6213.63316742886,214.04850503118712,392155.68097377656,0.820331018638013,6.919004137185765,29.53191667096847,SELVA ALTA,CAJAMARCA,SAN IGNACIO,0,15,0,0.0,-5.028516669678782,-78.88234421268253,298.51597896382805,1313.6840524751108,5,Chiclayo,6.253813007289864,False
858f7383fffffff,1,10949.752792083596,5674.036015369756,111.74146587566896,390877.5709557728,0.7371025945443014,8.765726877988877,26.53569340359485,SELVA BAJA,AMAZONAS,CONDORCANQUI,0,21,0,0.0,-4.789524420324963,-77.98413349227157,296.8801918172209,1316.617213708966,5,Chiclayo,8.507791285159328,False
858e64bbfffffff,1,6700.529258051663,3426.728337375589,150.87895640155466,389454.09004089975,2.714277038036069,6.926746130853587,97.7139733692985,SELVA ALTA,PASCO,OXAPAMPA,4,44,0,0.0,-10.589186337930146,-75.32163867057642,295.3834503394089,1318.4695675854534,5,Satipo,3.04734583888785,False
858f5567fffffff,3,20057.43949852392,6164.676692883677,212.36204239240053,389065.9331409019,2.3640555164596875,6.500776725758652,85.10599859254874,SIERRA,CAJAMARCA,CELENDIN,0,54,0,0.0,-6.851791641125301,-78.333869288308,299.73823986014764,1298.0190092609903,5,Otuzco,6.141681028690073,False
858e6297fffffff,6,3831.565551551522,1931.006864318272,79.3926823313357,387732.4119859609,1.1501701733145775,1.755644687410914,41.406126239324806,SIERRA,LIMA,HUAROCHIRI,0,5,0,0.0,-11.915064589837124,-76.47191378609804,297.34005232950153,1304.0033084957213,5,Jauja,3.501844201091444,False
858f0dc3fffffff,4,2302.049205222278,1886.541072754033,57.11596590105098,386914.5781119816,0.9485698492758488,2.1548154112754503,34.148514573930555,COSTA,TUMBES,ZARUMILLA,2,4,9,15659759.6116,-3.446260120158253,-80.32428602034491,297.7057455976125,1299.6543863649383,5,Chiclayo,7.505737781655625,False
858f5b0bfffffff,1,3817.34735892034,1923.8412743786985,79.09807156826625,386293.6126104061,0.3775449484110673,0.4880143212329515,13.591618142798424,COSTA,LIMA,BARRANCA,1,0,0,0.0,-10.612984461029756,-77.822998590953,300.20163960725733,1286.7804889932638,5,Pisco,5.35717790108356,False
858e6653fffffff,3,3802.8694465384833,1916.5447926105496,78.79807923273432,384828.5310888162,0.7502853654526396,1.4554190888246488,27.010273156295025,COSTA,LIMA,HUAURA,2,0,0,0.0,-11.098930250388342,-77.13179967154488,298.9109576041208,1287.4353425292798,5,Pisco,4.776579062652672,False
858f5543fffffff,14,19761.874250502107,6073.834379943357,209.23268783372183,383332.6804476012,1.7996232491668973,4.547160842657545,64.7864369700083,SIERRA,CAJAMARCA,CHOTA,0,7,0,0.0,-6.389798902987431,-78.72715742366039,299.88099425414765,1278.2826781037302,5,Chiclayo,4.020774374283064,False
858b611bfffffff,13,5091.842014622515,3507.517555816572,180.9972542681734,383082.8864030946,1.2085840574652142,10.00317933084784,43.50902606874771,SIERRA,CUSCO,PAUCARTAMBO,2,2,0,0.0,-13.452878220886753,-71.6465657072395,284.07075539355253,1348.5474274617616,5,Pisco,14.545394301729175,False
858f54cffffffff,4,8897.461695009695,2819.6395114351344,97.87210546938834,382649.96383597306,0.7953541333144805,3.755546662789128,28.63274879932129,COSTA,PIURA,HUANCABAMBA,0,6,0,0.0,-5.4647588834833645,-79.5118111436018,299.8655558842921,1276.071747245371,5,Chiclayo,3.678381380301289,False
858b6103fffffff,5,5083.017556115649,3501.4388237890425,180.68357549425247,382418.9814692718,1.2082559743717862,10.220566051381216,43.4972150773843,SIERRA,CUSCO,PAUCARTAMBO,0,0,0,0.0,-13.361289027106398,-71.78324968495441,284.56873225614794,1343.85453537828,5,Pisco,14.47523482163706,False
858f4c6bfffffff,3,26426.750067700246,6464.246897414263,77.64262514546081,381530.5631651015,2.673450116429363,12.517755034052918,96.24420419145709,SELVA BAJA,UCAYALI,CORONEL PORTILLO,5,0,0,0.0,-8.385031540182197,-74.6893663987007,293.597186257844,1299.503472863777,5,Satipo,9.503847105632303,False
858f5597fffffff,9,10674.921801282651,5531.621755472334,108.93683472432804,381066.8225172046,0.919702857118188,6.531877738474988,33.10930285625477,SIERRA,AMAZONAS,BONGARA,0,7,0,0.0,-5.8833242470319975,-77.9458312978278,298.1945039919705,1277.913634945685,5,Picota,5.92919907054511,False
85b3244ffffffff,6,14473.054648457664,4833.906442850737,226.74840404781864,380689.70107127016,1.1414328147079582,8.173760132379863,41.091581329486495,SIERRA,PUNO,MOHO,0,1,0,0.0,-15.467499583486632,-69.36750942126936,274.3083447630082,1387.8166973016123,5,Pisco,18.01917040238004,False
858f460bfffffff,3,10682.540283209608,4466.409340938193,82.74479064287291,379930.9781753803,0.5516774157316982,9.054819136548522,19.86038696634113,SELVA ALTA,SAN MARTIN,RIOJA,1,115,0,0.0,-5.943447852868747,-77.36871301811937,297.3020023377472,1277.9294292937968,5,Picota,3.2694811068349736,False
858e6c7bfffffff,10,15516.781429293364,5003.010909021044,121.32567514424964,376858.6766431042,1.105394205945082,6.589320761900169,39.79419141402296,SIERRA,AYACUCHO,CANGALLO,4,5,0,0.0,-13.528094169709918,-74.12014364647531,290.9238085520262,1295.3861649164758,5,Pisco,5.918757722603914,False
858f40a3fffffff,1,10569.247714051871,4419.0413015271615,81.86724937760997,375901.6597287413,0.599523329052966,15.019741400882005,21.582839845906776,SELVA BAJA,SAN MARTIN,SAN MARTIN,0,0,0,0.0,-6.519238311505423,-75.82532750925088,294.898589262403,1274.6811053553774,5,Picota,4.4800712737369395,False
858b656ffffffff,11,4976.443718848469,3428.025390274828,176.89524666024937,374400.9374926281,0.713584614730236,9.291850077594548,25.6890461302885,SIERRA,CUSCO,ACOMAYO,0,0,0,0.0,-13.945309864024848,-71.68542513310736,283.7325377648303,1319.5558762560663,5,Pisco,15.394245889759986,False
858b6183fffffff,6,4972.660258627586,3425.4191520788327,176.76075782307686,374116.2902357327,1.4270164159109526,10.514682736893088,51.372590972794285,SIERRA,CUSCO,PARURO,0,0,0,0.0,-13.762557076353191,-71.9593276459319,284.7421288003273,1313.8775488262158,5,Pisco,14.747994160110466,False
858e664bfffffff,1,3694.334266460201,1861.845956082406,76.54915540308977,373845.3946682368,1.432226552889886,0.8543195650943392,51.560155904035895,COSTA,LIMA,HUARAL,2,0,0,0.0,-11.335853447240424,-77.30244063599082,299.12991255936146,1249.7760303194293,5,Pisco,4.206812559250466,False
858f559bfffffff,4,10471.545488028669,5426.234488016349,106.86139358890628,373806.8194080814,1.7727961798134262,6.609146594611637,63.82066247328334,SELVA ALTA,AMAZONAS,UTCUBAMBA,0,0,0,0.0,-5.852995831596584,-78.23476154407183,298.6079350620089,1251.8315004939727,5,Chiclayo,5.287996625618689,False
858f463bfffffff,5,10485.244471316102,4383.919237104539,81.21657729501378,372914.0338142696,0.8440643298994672,9.561968987275671,30.386315876380813,SELVA ALTA,SAN MARTIN,MOYOBAMBA,0,12,0,0.0,-6.139256741688655,-77.09638085953866,297.0282817920608,1255.483254201813,5,Picota,3.090789824192143,False
85b3245bfffffff,4,14172.80647377446,4733.625498619661,222.0444354605832,372792.1707541631,1.2680538842386733,8.133544580274517,45.64993983259224,SIERRA,PUNO,HUANCANE,0,6,0,0.0,-15.217320663541027,-69.49160083899554,275.06863659181727,1355.269635146957,5,Pisco,17.645938788662534,False
858f0ba7fffffff,12,8667.107717065948,2746.6394581513155,95.3382110175304,372743.2124105542,0.9488157623167248,1.5308585453961474,34.157367443402094,COSTA,PIURA,SECHURA,3,21,0,0.0,-5.5050418929287614,-80.68951160357702,301.1087109363656,1237.9024547361148,5,Chiclayo,3.637492045898398,False
858f51d7fffffff,5,19207.20172044683,5903.355151103294,203.35998452330344,372573.3716380464,0.8426210641212399,4.635186266094452,30.33435830836464,SIERRA,CAJAMARCA,CAJAMARCA,15,216,0,0.0,-7.086845675723012,-78.50390025951036,300.1784412681333,1241.172983856114,5,Chiclayo,4.07081077258772,False
858f5887fffffff,4,17496.403113026456,3126.7485147627995,237.237076396664,372555.1825028861,1.0396092923679412,7.260329870093482,37.425934525245886,SIERRA,ANCASH,CARLOS FERMIN FITZCARRALD,0,2,0,0.0,-9.068239454233188,-77.2306463253597,299.1529759989401,1245.3667935571732,5,Otuzco,8.79319362979004,False
858e4527fffffff,1,2183.0485034873905,1443.1211692770323,50.452594202938506,371146.8146549388,1.5885826300947532,3.40639019362798,57.18897468341112,COSTA,ICA,ICA,0,0,0,0.0,-14.669485298350544,-75.54757150572192,292.9946222014813,1266.7359280052424,5,Pisco,3.241866121552448,False
85b33037fffffff,3,2089.712268481036,1669.1539302382175,71.5587198057471,370960.8859567103,0.8904822209428865,1.1418648552542736,32.05735995394391,COSTA,AREQUIPA,ISLAY,0,24,0,0.0,-17.066077557236813,-71.64478755424086,279.2726142862769,1328.3110014376332,5,Pisco,11.404780556718833,False
858f42affffffff,1,10406.71495971647,4351.0857597808745,80.60830362373994,370121.0844439239,0.4266513061087301,,15.359447019914285,SELVA BAJA,SAN MARTIN,MARISCAL CACERES,0,5,0,0.0,-7.165888560988979,-76.90268543129059,297.5990076608521,1243.690586716334,5,Chiclayo,inf,False
858f48cbfffffff,1,9056.25200603288,4210.450745935644,124.30598507228645,369949.3198971086,2.295738100457889,13.118557547585484,82.64657161648401,SELVA BAJA,HUANUCO,PUERTO INCA,0,0,0,0.0,-8.78671341919358,-74.86956778236323,294.18312598577785,1257.547721873734,5,Satipo,10.832397862453945,False
85b33133fffffff,1,3314.277873970293,1988.0775313939955,112.2664855580632,369739.4045175792,0.9579837036811144,1.476367669712252,34.48741333252012,COSTA,TACNA,JORGE BASADRE,0,26,3,1387119.24,-17.594297734840886,-70.8164349028657,275.75187956798595,1340.8409222698365,5,Pisco,14.349730745614579,False
858e640bfffffff,5,5591.595338007589,2824.779648757531,136.6028998349886,369577.07988883136,2.6345842851268277,6.82214885493949,94.84503426456578,SIERRA,PASCO,PASCO,0,0,0,0.0,-10.800469105764362,-75.77987802531393,296.34581489633445,1247.1142203176182,5,Jauja,5.046060770357144,False
858f5557fffffff,5,19049.70208729026,5854.947460892911,201.69242651941943,369518.25875846273,2.697395615355592,5.541898547126609,97.10624215280129,SIERRA,CAJAMARCA,CHOTA,0,6,0,0.0,-6.321749223070669,-78.573875743196,299.5994523696288,1233.3742796784957,5,Chiclayo,5.3214130882879545,False
858f4603fffffff,6,10367.69785416753,4334.772564598819,80.30608503672349,368733.41758905794,1.131837872845116,9.634979593661948,40.74616342242417,SELVA ALTA,SAN MARTIN,RIOJA,0,14,0,0.0,-5.875367768453378,-77.21665062064501,296.95991727792483,1241.6942359394593,5,Picota,3.5999903835172518,False
858b66d3fffffff,3,14004.076463489168,4677.2707688386,219.4009533846526,368354.0076477932,0.6831105444022764,7.482341926364509,24.591979598481952,SIERRA,PUNO,HUANCANE,0,3,0,0.0,-15.129059599151775,-69.62736777463383,275.6545795191737,1336.288366006165,5,Chiclayo,inf,False
858f5573fffffff,8,18988.57305911297,5836.159385012594,201.04521104238177,368332.5030994943,1.2438297553753628,5.339031505583114,44.77787119351306,SIERRA,CAJAMARCA,CHOTA,0,18,0,0.0,-6.586764295253396,-78.45394587370481,299.68039871956904,1229.0844001584755,5,Chiclayo,4.651475582915737,False
85b334a3fffffff,3,2067.0463788384627,1651.0495914974847,70.78256412606598,366937.289680024,0.548295798000467,4.507875615739919,19.738648728016816,SIERRA,AREQUIPA,CAYLLOMA,1,3,0,0.0,-15.59971775860409,-71.52766959220146,281.2587715494397,1304.625230561116,5,Pisco,14.712084392494944,False
858f702ffffffff,1,10273.302229100676,5323.507110301034,104.83833491596536,366730.0529294672,1.0364736062109754,8.811680359425566,37.31304982359512,SELVA BAJA,AMAZONAS,CONDORCANQUI,0,0,0,0.0,-4.556539427264148,-77.8159511772768,296.277711957191,1237.7915655783645,5,Chiclayo,8.6265352598748,False
858f0b93fffffff,14,8524.30403732663,2701.384427944538,93.76737010986996,366601.7054548634,0.903005292356151,0.7472175084232943,32.50819052482144,COSTA,PIURA,PAITA,8,8,1,52665.6,-4.8745613311522655,-81.06221247346441,300.5887189313728,1219.6123219732742,5,Chiclayo,4.543644885532558,False
858e61c3fffffff,12,7339.426182636066,2670.6624782801787,110.47161686770372,364789.7571773428,1.0341147820091068,6.495891361337429,37.228132152327845,SIERRA,HUANCAVELICA,TAYACAJA,0,8,0,0.0,-12.205270955449024,-75.02816312879607,294.1121124662822,1240.3085140506182,5,Jauja,1.6731664846593048,True
858f50b7fffffff,9,18798.375959284967,5777.702091475696,199.03146224959295,364643.138256553,1.5050216591103078,4.526941005026932,54.180779727971085,SIERRA,CAJAMARCA,SANTA CRUZ,0,18,0,0.0,-6.723108829856957,-78.76072803186415,300.23644271892726,1214.5199128871957,5,Chiclayo,4.153914604004967,False
858f510bfffffff,4,4910.5221306202,2063.5658466214354,100.07431389686732,364305.9459048935,1.0546450704091497,3.235248018934468,37.96722253472938,SIERRA,LA LIBERTAD,GRAN CHIMU,0,0,0,0.0,-7.587437207982936,-78.5540148422071,300.60809473110487,1211.8966597714762,5,Otuzco,4.25538780450006,False
858f5107fffffff,1,18766.938630853103,5768.039793060951,198.69861341942985,364033.3299346732,1.6742059270322305,4.867149099647249,60.2714133731603,SIERRA,CAJAMARCA,CAJABAMBA,1,6,0,0.0,-7.617228661377709,-78.26327637125613,300.2016396072638,1212.6293860716971,5,Otuzco,3.4785828687236062,False
858e6213fffffff,6,3595.2002186658647,1811.8850395319887,74.49502952194226,363813.5988020105,1.04943703392569,1.1078090070220792,37.77973322132484,COSTA,LIMA,LIMA,64,180,26,103963187.718,-12.222581378745708,-76.79656806451632,297.78202605147106,1221.7446553981267,5,Pisco,2.512354416481685,False
858f542ffffffff,4,18706.32098909589,5749.40889237466,198.05681234559285,362857.4939384181,1.3308467855829371,4.5680438451775816,47.91048428098574,SELVA ALTA,CAJAMARCA,CUTERVO,0,3,0,0.0,-6.192608304323265,-79.00027103587993,300.05090379233224,1209.3197832510275,5,Chiclayo,4.281625993706257,False
858e6123fffffff,21,10737.455999853051,3267.9855299475107,93.03656383684752,361738.1730255088,0.8624601368936863,7.142667553076248,31.048564928172706,SIERRA,HUANCAVELICA,ACOBAMBA,0,1,0,0.0,-12.915393589633968,-74.5054749919751,292.3941164441809,1237.1595482994817,5,Jauja,4.251579838681209,False
858f516bfffffff,7,4165.193180617616,1858.7563866822816,94.28812349521374,361627.7675536964,0.7194529647091856,1.0628614811091184,25.90030672953068,COSTA,LA LIBERTAD,TRUJILLO,3,1,0,0.0,-7.990023749717528,-78.74155241284106,301.1087109363583,1200.987398966778,5,Otuzco,0.5028032650006935,True
858e6c2ffffffff,19,17112.149564715663,5243.83756744907,64.73203633733226,361371.6660976735,1.984847777785996,9.95335036918734,71.45452000029586,SIERRA,APURIMAC,ANDAHUAYLAS,1,13,0,0.0,-13.735844290555784,-73.55358112328013,289.2693906618227,1249.256498487058,5,Pisco,9.356824796705041,False
858e6c57fffffff,15,14867.444449117678,4793.647903538684,116.24851092208588,361088.1203483261,1.267203495513738,6.763551110296464,45.61932583849457,SIERRA,AYACUCHO,HUAMANGA,5,12,0,0.0,-13.197259399621569,-74.09130313409663,291.1441194045772,1240.238412119717,5,Pisco,5.990931282918609,False
858e6347fffffff,3,2719.0095888475653,1561.084278201986,59.24282849751481,358727.26206799044,1.4888592913372822,1.830854762873191,53.59893448814216,COSTA,ICA,CHINCHA,8,0,0,0.0,-13.200833942890757,-76.15010860729019,295.8054935406497,1212.7133197365515,5,Pisco,1.1983750848739874,True
85b3204ffffffff,2,13626.282266903989,4551.089955920897,213.4820763255277,358416.7578233548,0.6444787604029895,6.434485940597698,23.20123537450762,SIERRA,PUNO,CHUCUITO,0,6,0,0.0,-16.600305980285935,-69.44905206838229,272.9400357668666,1313.1703336094624,5,Pisco,18.446736397325367,False
858f7243fffffff,3,8323.678322651896,2637.805374558551,91.56048664359663,357973.466851947,0.8222602728187457,4.157160721744083,29.601369821474844,SIERRA,PIURA,AYABACA,1,0,0,0.0,-4.535398404618225,-79.56217121560108,298.66926535898125,1198.5614469626994,5,Chiclayo,6.798343413742259,False
858f562bfffffff,1,3562.6222370827213,1402.987358818743,80.24067275167076,357241.8294944218,2.148073586710223,1.861072143666087,77.33064912156803,COSTA,LAMBAYEQUE,LAMBAYEQUE,0,0,0,0.0,-6.5687688526774215,-80.2142199582779,301.8095710359103,1183.666337247853,5,Chiclayo,1.240368176069751,True
858e6083fffffff,6,4250.909374705044,2088.15232664933,122.0699929798551,356911.61007171124,1.155708299813295,5.181342300882444,41.60549879327862,SIERRA,JUNIN,TARMA,0,5,0,0.0,-11.49154807673954,-75.54996366004126,295.63580190416576,1207.2678876268471,5,Jauja,1.1177997529011918,True
858f53b3fffffff,1,4101.153057271605,1830.177883090361,92.8384372989538,356067.7164743735,1.2238924761435053,1.7587282463463485,44.060129141166186,COSTA,LA LIBERTAD,ASCOPE,0,6,0,0.0,-7.792924756192537,-79.01600036719,301.36537772577395,1181.5150073356326,5,Otuzco,2.398984222803847,False
85b33547fffffff,3,2003.966239159119,1600.6644429515147,68.62248969443016,355739.4492621508,1.275425436770402,2.475242151960202,45.91531572373447,SIERRA,AREQUIPA,AREQUIPA,2,3,0,0.0,-16.430511155749134,-71.3040259950913,279.3137539213061,1273.6195202273386,5,Pisco,12.832489036331026,False
858b61d3fffffff,3,4714.802443642899,3247.793685623676,167.5948103388875,354716.45108867064,0.7677705182685562,8.606215498360697,27.63973865766803,SIERRA,CUSCO,QUISPICANCHI,1,3,0,0.0,-13.872413403012631,-71.5356694116199,283.342309479481,1251.900754745413,5,Pisco,14.6235766269765,False
858f5c33fffffff,2,4077.1753404974206,1819.4776028729952,92.29565000859282,353985.93831617595,2.528081592643576,7.58552784472266,91.01093733516872,SIERRA,LA LIBERTAD,PATAZ,0,0,0,0.0,-8.400910835549903,-77.16656527284022,298.81500898454294,1184.6323901838775,5,Otuzco,7.86732488587586,False
858f50b3fffffff,15,18209.278766758427,5596.642403728473,192.7942811287539,353216.0740523762,1.000451274156711,3.5915967362089907,36.01624586964161,SIERRA,CAJAMARCA,SANTA CRUZ,0,8,0,0.0,-6.6245265157086735,-78.89743992914546,300.3331533212153,1176.0808626898445,5,Chiclayo,3.02302867787148,False
858f518bfffffff,7,18201.782602177973,5594.338449074712,192.71491402805637,353070.6665457158,0.3527662899049532,4.23245930820606,12.699586436578311,SIERRA,CAJAMARCA,CAJAMARCA,2,6,0,0.0,-7.185240887201593,-78.36704650059941,300.05476723736814,1176.6874087569745,5,Otuzco,3.6324495225853752,False
858f093bfffffff,7,8209.534193902133,2601.632665256337,90.30490088322478,353064.51099067216,0.3925175173986138,1.8762071148859951,14.130630626350095,COSTA,PIURA,MORROPON,1,10,0,0.0,-5.235572213225782,-80.07404146379555,300.1939064955571,1176.1215113002222,5,Chiclayo,3.4089964553022583,False
858f4657fffffff,3,9919.596420157506,4147.419708677846,76.83518220266552,352796.42024276115,1.0280343572552069,9.366269135590684,37.00923686118745,SELVA ALTA,SAN MARTIN,RIOJA,0,0,0,0.0,-5.845449702650376,-77.50486639741041,297.42759811855854,1186.1589928925555,5,Picota,3.3184314596283,False
858f4003fffffff,3,9851.393704869512,4118.903902833571,76.3068978013747,350370.7496020136,1.075515482104297,11.625396765689056,38.71855735575468,SELVA BAJA,SAN MARTIN,SAN MARTIN,0,46,1,4597474.1280000005,-6.559042788265808,-76.26390494461826,295.84699841048985,1184.2971248127103,5,Picota,0.8614277102842607,True
858e66cffffffff,8,3459.900781967672,1743.6977313710172,71.69153182554018,350122.07343841874,1.5365866584617995,2.4022909654011158,55.31711970462479,SIERRA,LIMA,HUAURA,0,2,1,95472.0,-11.028900216092582,-76.97751964025208,298.653930816647,1172.3337191010207,5,Pisco,6.166474806692349,False
85b334bbfffffff,4,1965.4060974731024,1569.864598869372,67.30206179811253,348894.34214467264,1.2868181225290494,5.362315105548244,46.32545241104578,SIERRA,AREQUIPA,CAYLLOMA,0,0,0,0.0,-15.509816015510149,-71.66520624887177,281.80422322886244,1238.0735041764228,5,Pisco,15.442774522571199,False
858f4353fffffff,1,9797.320268243786,4096.295600310119,75.88805592722153,348447.59526551125,2.459144703103098,12.522948413137186,88.52920931171154,SELVA BAJA,SAN MARTIN,MARISCAL CACERES,0,0,0,0.0,-7.596342106582558,-76.79757102438151,297.7057455976173,1170.442963961056,5,Picota,2.0107057747081853,False
85b3262ffffffff,2,13239.601173743966,4421.940977149234,207.42396883687496,348245.7529221408,1.2153206630826578,7.082081167904745,43.75154387097568,SIERRA,PUNO,EL COLLAO,0,0,0,0.0,-16.26422373584286,-69.70995614137516,274.36824040292777,1269.264082499924,5,Pisco,17.957724744237566,False
858f55b7fffffff,11,9722.62769494007,5038.153897410858,99.21873958482746,347072.41057104635,1.3585486968990317,7.91470330147811,48.90775308836514,SIERRA,AMAZONAS,CHACHAPOYAS,0,16,0,0.0,-6.245872492777737,-77.68946437293131,298.16391742207173,1164.0322329134858,5,Picota,7.157980488721478,False
858f5577fffffff,3,17849.55989444012,5486.082401873089,188.9856875932616,346238.3958329198,1.1486207101899666,6.564721290422703,41.3503455668388,SIERRA,CAJAMARCA,CELENDIN,0,12,0,0.0,-6.685156962217141,-78.31730723925546,299.56862524966607,1155.7899147294156,5,Chiclayo,5.899342743479792,False
858e6293fffffff,6,3418.694610583526,1722.9309198093986,70.83771151872921,345952.2457258243,1.794980586949195,2.1368130630960294,64.61930113017102,COSTA,LIMA,HUAROCHIRI,3,6,0,0.0,-11.818858750144004,-76.61034138122261,297.6561807648232,1162.2545341974928,5,Pisco,3.6529045977440546,False
858f40b3fffffff,2,9701.267663802271,4056.1356534879833,75.14405193243127,345031.42654587474,0.7899282084767854,14.433728104818115,28.437415505164275,SELVA BAJA,SAN MARTIN,SAN MARTIN,0,0,0,0.0,-6.353495757090456,-75.81021235045183,294.7072657537833,1170.7598238658131,5,Picota,3.531640884571061,False
858f5987fffffff,5,8444.088764872464,3925.842590855456,115.90344120901962,344942.3551414412,1.0912897532504855,7.282083413890876,39.286431117017486,SIERRA,HUANUCO,HUANUCO,0,16,0,0.0,-9.748328363626944,-76.26855199901497,297.4390203017025,1159.7078110046034,5,Jauja,6.500253608559433,False
858e64a3fffffff,1,5917.810556080473,3026.4369196468324,133.25411269723332,343960.2211098921,2.216468353444629,6.895772032000919,79.79286072400663,SELVA ALTA,PASCO,OXAPAMPA,0,55,2,776503.8319999999,-10.684997609322522,-75.18419026162417,295.05630528973313,1165.7443509710372,5,Satipo,3.5005590499495156,False
858b6093fffffff,1,4566.051276603201,3145.32638040454,162.3072242892705,343525.21101057075,2.459553139657862,8.221852341031036,88.54391302768303,SIERRA,CUSCO,CANAS,0,0,0,0.0,-14.56242038292426,-71.01425498096513,280.9711223371017,1222.6352948770952,5,Pisco,17.498216286761817,False
85b33453fffffff,1,1933.7031588772145,1544.5419334691771,66.21644741271632,343266.5098510381,1.086704311123407,5.382340722614408,39.12135520044265,SIERRA,AREQUIPA,CASTILLA,0,1,0,0.0,-15.54896186923992,-72.39407189745523,283.9015626366068,1209.1039818981844,5,Pisco,13.18665313033307,False
858b6157fffffff,9,4558.744642371873,3140.293202280256,162.04749888341257,342975.4990353778,1.8722732423131327,11.09952402832148,67.40183672327278,SIERRA,CUSCO,PAUCARTAMBO,2,0,0,0.0,-13.38015912009886,-71.49709401625672,283.6691966732276,1209.0685314361715,5,Pisco,15.842093909226605,False
858f4acbfffffff,4,8385.292236560414,3898.506791639072,115.09640090517304,342540.5077053425,1.1314564466286317,8.06107354811327,40.73243207863074,SELVA ALTA,HUANUCO,LEONCIO PRADO,2,13,1,679461.0160000001,-9.275485378477123,-75.93228596122188,296.6867212879807,1154.552877251468,5,Chiclayo,inf,False
858f5c23fffffff,9,8379.487219322513,3895.8079114463385,115.01672132187105,342303.3718374668,2.644250018175289,6.634023200680369,95.19300065431038,SIERRA,HUANUCO,MARAÑON,5,19,0,0.0,-8.567695422454763,-77.18255952071537,298.9109576041066,1145.1683624486973,5,Otuzco,7.949367035515024,False
858f54bbfffffff,5,17625.258165671217,5417.143012096196,186.61084940730984,341887.483473692,1.7887634899226996,5.9125138761973535,64.39548563721718,SELVA ALTA,CAJAMARCA,JAEN,0,6,0,0.0,-5.526925804714712,-78.93277728915122,299.21833850833013,1142.602038291092,5,Chiclayo,5.313626079430833,False
858f5937fffffff,14,8224.930420718554,3839.055577649113,115.75163933368664,341601.63034990075,1.6614872253640496,5.617059025010704,59.81354011310578,SIERRA,HUANUCO,AMBO,0,0,0,0.0,-10.344938236129307,-76.17755767461507,297.2449425642215,1149.2260470540914,5,Jauja,4.055213385661773,False
858f5ba7fffffff,5,3374.1989448620725,1700.5062908204084,69.91573061922085,341449.5400925841,2.4473454455205146,4.464850590284314,88.10443603873853,SIERRA,LIMA,CAJATAMBO,0,3,0,0.0,-10.598195319514328,-77.08358390052513,298.9455116778024,1142.179851358972,5,Jauja,8.292509936451097,False
858f5517fffffff,4,9549.052576720707,4948.209266618756,97.44741757257192,340876.2322758616,1.2393176246701585,9.565662747475892,44.61543448812572,SELVA ALTA,AMAZONAS,LUYA,0,5,0,0.0,-6.28396614720025,-78.13128381881111,298.90711867350296,1140.4085449306465,5,Picota,8.631965035331632,False
85b3262bfffffff,3,12946.129485969832,4323.923335622754,202.82616702845743,340526.46685535857,1.741459049042513,7.088846946269201,62.69252576553047,SIERRA,PUNO,PUNO,0,0,0,0.0,-16.17665407723784,-69.84637068269153,274.96839765401427,1238.4203776167556,5,Pisco,17.86238391128427,False
858f555bfffffff,10,17544.84530579894,5392.428028755514,185.75946261098687,340327.6680064666,1.513161866981834,4.529549826418808,54.473827211346034,SIERRA,CAJAMARCA,CUTERVO,0,8,0,0.0,-6.2912306367552056,-78.86372724461033,299.96979059457243,1134.539805931459,5,Chiclayo,4.212021063900465,False
858f53affffffff,10,3917.1256848782095,1748.0539481544415,88.6725811519995,340090.2083585247,0.3616074644168013,0.2980680969101878,13.017868719004849,COSTA,LA LIBERTAD,TRUJILLO,230,567,35,877720786.2488,-8.12719095060866,-79.05003735538837,301.5912345562839,1127.6528273737215,5,Otuzco,1.1317589110913104,True
858b61cffffffff,6,4513.776823148462,3109.3171007201618,160.4490494840613,339592.36147260846,1.8766977974218448,10.59415789053812,67.56112070718642,SIERRA,CUSCO,PAUCARTAMBO,0,0,0,0.0,-13.544286134990555,-71.50993792660488,283.56719669545475,1197.5727990756404,5,Pisco,15.244206678466071,False
858f7247fffffff,1,7890.534566381568,2500.54046787216,86.7959040187708,339345.4077094638,1.4003387185600062,4.735239167485344,50.41219386816022,SIERRA,PIURA,AYABACA,1,0,0,0.0,-4.634086922680272,-79.4262670377593,298.6539308166576,1136.2495942428648,5,Chiclayo,6.975611232337542,False
858f542bfffffff,6,9654.470055761827,3129.183773582161,124.5648051749462,338699.4248046753,1.728557912275375,4.432004593858846,62.2280848419135,SELVA ALTA,CAJAMARCA,JAEN,0,0,0,0.0,-6.093934146572929,-79.13678725441112,300.12432342781284,1128.5304067870416,5,Chiclayo,4.334848067559506,False
858b66a3fffffff,4,12855.684611332106,4293.715333728646,201.40917307130445,338147.46441768494,0.9253661127932598,7.606214777970765,33.31318006055736,SIERRA,PUNO,AZANGARO,2,19,0,0.0,-14.684693367510206,-70.30734971161347,278.513348813884,1214.115825534995,5,Pisco,17.385344228916438,False
858b644ffffffff,6,12853.219731103787,4292.892079708958,201.37055595339007,338082.6298309245,1.032576845217459,7.145085632184901,37.17276642782853,SIERRA,PUNO,LAMPA,6,2,0,0.0,-14.921369595085665,-70.46806615941298,278.7694722150547,1212.7677652239952,5,Pisco,17.26509826999427,False
858f0947fffffff,2,7853.811166792611,2488.9026826223158,86.39194651257769,337766.0575524938,0.5589073519646418,1.3402766429392383,20.12066467072711,COSTA,PIURA,PIURA,0,103,17,472379697.2284,-5.104837752433559,-80.50009493992665,300.433787436426,1124.2612238610734,5,Chiclayo,3.3862453873080085,False
85b32657fffffff,8,12825.634661796586,4283.678845357993,200.9383824701218,337357.0503286245,0.6190064288415029,6.111531382200282,22.284231438294103,SIERRA,PUNO,PUNO,0,10,0,0.0,-15.750206230210956,-70.24390343485909,276.9340997671351,1218.1853033349707,5,Pisco,15.878842872496534,False
858e60d7fffffff,2,4007.389857782252,1968.5294880932545,115.077036155579,336465.4101630553,1.4139980937093104,4.197241549236991,50.90393137353517,SIERRA,JUNIN,TARMA,2,0,0,0.0,-11.466407126655623,-75.8411990318949,296.27014657409984,1135.6709882981822,5,Jauja,1.2853725382883567,True
858f5c0ffffffff,4,6155.359659801647,1936.2612535306375,111.83546080188472,335879.9573628284,2.0088106487429016,7.087136235748805,72.31718335474444,SIERRA,LA LIBERTAD,PATAZ,0,2,0,0.0,-8.37232262779815,-77.45695672803062,299.3106555218037,1122.178416191938,5,Otuzco,8.488362047522969,False
858e6907fffffff,3,1877.8043122140757,1499.8928298529254,64.30228441230501,333343.4759506873,0.5366797696958949,7.456151154542693,19.320471709052217,SIERRA,AREQUIPA,LA UNION,0,0,0,0.0,-15.11198183476947,-72.79478673170026,285.63311158686804,1167.0337311341768,5,Pisco,12.985107163685825,False
858f593bfffffff,10,6791.699145950409,3307.137860620938,121.4993887644919,332997.38683731033,1.5947084166661902,5.519761299386164,57.40950299998285,SIERRA,PASCO,DANIEL ALCIDES CARRION,0,2,0,0.0,-10.318374502924414,-76.46856220431025,297.82780996129947,1118.0869472215536,5,Jauja,6.794677064382995,False
858f519bfffffff,3,17165.850686378908,5275.943604248641,181.7467833534131,332976.0868003567,1.5549581654698816,5.381845303644195,55.97849395691574,SIERRA,CAJAMARCA,CAJAMARCA,0,49,0,0.0,-7.018487226787023,-78.35044903355728,299.90029407948475,1110.2892973893038,5,Otuzco,4.9326476670539705,False
858f466bfffffff,15,9319.949253144014,4829.490558178608,95.10943408567933,332697.8421041405,0.4362231168276356,8.493856650718136,15.704032205794883,SELVA ALTA,AMAZONAS,RODRIGUEZ DE MENDOZA,0,7,0,0.0,-6.343940258376297,-77.55310462800178,298.0339828156931,1116.3084120842818,5,Picota,7.76455567098219,False
858b6097fffffff,2,4418.052192417735,3043.377147782133,157.04637216643425,332390.5536131169,1.7267341456071956,8.27692695727913,62.16242924185904,SIERRA,CUSCO,CANAS,0,1,0,0.0,-14.472192317371888,-71.15096463428708,281.5086963553508,1180.7470174688226,5,Pisco,16.986183469469324,False
858e644ffffffff,1,3952.871599701137,1941.748764859217,113.51147857845532,331887.98976782843,0.6580267489220875,4.719789738731257,23.68896296119515,SIERRA,JUNIN,JUNIN,0,0,0,0.0,-10.941196903252902,-76.08626671664513,296.95232283963054,1117.647394013028,5,Jauja,2.3202376585977618,False
858e6207fffffff,2,3272.437083383849,1649.2210262473714,67.80715462513028,331151.8245848446,1.5537712948139732,1.5891369781321747,55.935766613303045,COSTA,LIMA,CAÑETE,31,0,0,0.0,-12.485323773313254,-76.67380510370154,297.3819166956558,1113.557368465512,5,Pisco,2.0113929954823107,False
85b3362ffffffff,4,1863.559152212076,1488.5145338248826,63.81448260889592,330814.70811281743,1.1228025161939947,1.5553669337252718,40.420890582983816,COSTA,AREQUIPA,CAMANA,0,38,0,0.0,-16.67664550310134,-72.7799142435841,283.219449980682,1168.0508105477286,5,Pisco,9.140765062185892,False
858f426bfffffff,5,3800.479139862253,1695.9993372082372,86.03203523616185,329962.795814188,2.71277091532786,10.506723696096971,97.65975295180296,SIERRA,LA LIBERTAD,BOLIVAR,0,0,0,0.0,-7.509422835775139,-77.66626626146859,299.1875767157517,1102.86262362984,5,Otuzco,3.8318257687133155,False
85b33477fffffff,1,1857.8114777964165,1483.9235891836854,63.61766306141642,329794.3942516305,3.5658354708875577,3.760268433179255,128.3700769519521,SIERRA,AREQUIPA,CAYLLOMA,0,5,0,0.0,-15.983408690460196,-71.9933254198714,282.0967816482224,1169.082441581654,5,Pisco,12.606143466940921,False
858f5187fffffff,4,16975.33152445628,5217.387324563062,179.72962466554787,329280.47472982766,1.012037035401766,5.462253309806157,36.43333327446358,SIERRA,CAJAMARCA,SAN MARCOS,0,4,0,0.0,-7.215076788494752,-78.07682581002342,299.6379937052374,1098.9276448491723,5,Otuzco,4.4675383346984745,False
858f4857fffffff,2,8059.05196153564,3746.830512266848,110.61843157192206,329213.5411204837,3.4428422743957583,14.265661721523358,123.9423218782473,SELVA BAJA,HUANUCO,PUERTO INCA,0,6,0,0.0,-9.048857423817138,-74.74767178460522,293.9701711077603,1119.887571857773,5,Satipo,10.990007893211441,False
858e6c83fffffff,7,10853.67163811401,3967.49162471664,120.27767740012688,328673.6879371297,4.236062919537665,10.231879508482097,152.49826510335592,SELVA ALTA,AYACUCHO,LA MAR,0,0,0,0.0,-12.816518501436825,-73.62084800964558,290.2316422594575,1132.4529792079195,5,Jauja,8.633934227102145,False
858e6ccbfffffff,9,13512.743693838716,4356.857407519668,105.65610910850116,328186.2755805679,1.6148947377791862,7.093391287770578,58.1362105600507,SIERRA,AYACUCHO,HUANTA,6,34,2,4503755.464,-12.937906063507096,-74.21485904125102,291.66294585081823,1125.2244422863057,5,Jauja,4.8123220114721335,False
85b336a7fffffff,2,1837.1475753944856,1467.4183341643843,62.91006210391815,326126.1861169694,1.7621232378523066,2.860741374081702,63.43643656268304,COSTA,AREQUIPA,CASTILLA,21,31,0,0.0,-16.20340880865549,-72.44810296696677,283.07213574042686,1152.0956849529778,5,Pisco,10.844787516625729,False
858f5427fffffff,5,16795.904135829544,5162.240113932631,177.82990228509584,325800.0162998156,1.178123344135292,5.045916155609932,42.41244038887051,SELVA ALTA,CAJAMARCA,CUTERVO,0,6,0,0.0,-6.12468555779393,-78.84689772842616,299.77681095825307,1086.8086002328796,5,Chiclayo,4.891926939842961,False
858f5803fffffff,13,15289.587312438733,2732.3727117895914,207.31443885251588,325564.91495891893,0.949145563899222,3.634386039017995,34.16924030037198,SIERRA,ANCASH,CARHUAZ,2,9,0,0.0,-9.37394118800574,-77.55417316576303,299.7729534761926,1086.0383206144536,5,Otuzco,6.5366223251621705,False
858b6437fffffff,1,4313.294157328461,2971.214530377021,153.32258877739025,324509.120854467,1.0409135178459128,6.2317999190378,37.47288664245286,SIERRA,CUSCO,ESPINAR,2,15,0,0.0,-14.872621006753285,-71.32604761630128,281.592086887132,1152.408522703044,5,Pisco,16.04151390435618,False
858f40a7fffffff,1,9120.293076042642,3813.228043797445,70.64394059575243,324368.71547054284,2.1933895431378154,16.613607614966853,78.96202355296136,SELVA BAJA,SAN MARTIN,SAN MARTIN,0,1,0,0.0,-6.616399540333967,-75.68939118268075,294.6960178725301,1100.6891705297749,5,Picota,4.219840643100724,False
858f48cffffffff,2,7937.722229858486,3690.421651415368,108.95306141607412,324257.2024842177,2.920259509654066,13.74307895678167,105.12934234754638,SELVA BAJA,HUANUCO,PUERTO INCA,1,0,0,0.0,-8.882850514679927,-74.73307137898284,293.88804670628275,1103.335797826056,5,Satipo,10.990007893211441,False
858f51dbfffffff,5,16708.081065647086,5135.247594080278,176.90005844563217,324096.4606313888,0.944202752067758,3.7062988172135976,33.99129907443929,SIERRA,CAJAMARCA,SAN PABLO,0,0,0,0.0,-7.056668434597122,-78.79437014590467,300.56159630840057,1078.3029655553185,5,Chiclayo,3.3969394948144327,False
858f5b03fffffff,2,3195.405121673556,1610.3989717025274,66.21099921994652,323356.63279911416,0.7505764124009444,1.1262036631635972,27.020750846434,COSTA,LIMA,BARRANCA,0,0,0,0.0,-10.543331177530296,-77.66839337823409,299.96206743414973,1077.991745973348,5,Pisco,6.2734020876250725,False
858f4a4bfffffff,4,7888.075748910187,3667.33991046971,108.27161453103388,322229.1359231423,1.3510320515962937,7.190246839309558,48.63715385746657,SIERRA,HUANUCO,HUANUCO,0,14,0,0.0,-9.678438463485053,-76.11566311166139,297.1232760314259,1084.4964427797336,5,Jauja,5.588943513219419,False
858b6683fffffff,4,12242.432266582671,4088.8930254888646,191.8013885484059,322016.8784788834,0.8097737860885482,7.516205550944336,29.15185629918773,SIERRA,PUNO,AZANGARO,1,7,0,0.0,-15.025795160121191,-70.04713423539513,277.2284355605663,1161.557896569135,5,Pisco,17.445644148987412,False
858f42d3fffffff,8,9020.479576566157,4674.308814564965,92.05336685918311,322007.5569462608,0.723090688566455,8.959088308188926,26.031264788392384,SELVA ALTA,AMAZONAS,RODRIGUEZ DE MENDOZA,0,2,0,0.0,-6.510248588386526,-77.56921855197731,298.22127153065804,1079.7605257784485,5,Picota,8.863436225036821,False
858f591bfffffff,11,7859.0150447826045,3653.8289499432262,107.8727277232168,321042.00158538664,1.2533174237592757,5.220638932817113,45.11942725533391,SIERRA,HUANUCO,LAURICOCHA,0,1,0,0.0,-9.95787534564,-76.7282379858419,298.3436884355891,1076.0810904658972,5,Jauja,7.591929100090056,False
858f55c7fffffff,8,8977.483808507364,4652.028901848539,91.61459803576152,320472.72034315974,3.1284547302779364,7.30211020594033,112.62437029000571,SELVA ALTA,AMAZONAS,UTCUBAMBA,0,30,2,11171150.2084,-6.08726948920771,-78.40415099346839,299.11453857928905,1071.4046928822522,5,Chiclayo,6.732851876138739,False
858f540bfffffff,3,9652.597679316315,3020.6210604247044,104.52448369861872,320409.8316873737,2.6360354514165927,3.35632838009148,94.89727625099734,SIERRA,CAJAMARCA,JAEN,0,0,0,0.0,-5.729949169677925,-79.39261964912151,300.0393139546897,1067.8928286569817,5,Chiclayo,2.3899290278168337,False
858f549bfffffff,2,16517.314262174317,5076.61520148445,174.88027780468204,320396.04491227854,2.305067497834868,8.214379100303649,82.98242992205525,SELVA ALTA,CAJAMARCA,SAN IGNACIO,0,0,0,0.0,-5.163471654356859,-79.188248646447,299.09148007829987,1071.2309318486816,5,Chiclayo,7.54329295124262,False
858e642ffffffff,4,3806.101747433461,1869.6517659633075,109.29680513879568,319565.01139652927,2.063168110911516,5.816650697292762,74.27405199281456,SELVA ALTA,JUNIN,CHANCHAMAYO,0,3,0,0.0,-11.254523606217344,-75.3818401735551,295.3533428020991,1081.9752651679082,5,Jauja,2.3777777753275586,False
858f554bfffffff,11,16420.58535618316,5046.88546293354,173.85614169617347,318519.73751651566,1.5108500822798396,3.792739303459137,54.39060296207423,SIERRA,CAJAMARCA,CUTERVO,0,38,0,0.0,-6.45784522916731,-78.88057463632443,300.1552459166564,1061.183310469138,5,Chiclayo,3.2342794046016934,False
858e608bfffffff,4,3791.474024368944,1862.4662648720555,108.87675241727165,318336.84967148607,1.304393574713286,4.8277681460509045,46.9581686896783,SIERRA,JUNIN,JAUJA,0,3,0,0.0,-11.562223003262387,-75.70317742295636,295.93758818786176,1075.689139797291,5,Jauja,1.524799523758702,True
858f73c3fffffff,1,8905.803324895121,4614.884899300003,90.88310368464708,317913.9143270508,2.2893157604557466,9.122862806216578,82.41536737640688,SELVA BAJA,AMAZONAS,BAGUA,0,0,0,0.0,-4.826154701880683,-78.4244850191367,297.59900766086537,1068.2626828155817,5,Chiclayo,7.242418597994401,False
858e66c3fffffff,6,3131.449747000269,1578.1671683201853,64.88579972211676,316884.7164641585,1.0600753764416375,2.3792667961390976,38.16271355189895,SIERRA,LIMA,HUAURA,0,4,0,0.0,-10.862032961271732,-76.96152281235858,298.669265358977,1060.9887029496924,5,Pisco,5.313531228190186,False
858e6c43fffffff,15,13005.31062648458,4193.247886876549,101.68849122538572,315862.16344949056,0.5645657262295118,6.079721609896619,20.324366144262424,SIERRA,AYACUCHO,HUAMANGA,3,25,0,0.0,-13.268989665222607,-74.24382458309512,291.4640644273909,1083.7087723662678,5,Pisco,5.599221641146869,False
858e6563fffffff,2,3759.658032318223,1846.8374588992208,107.96311780784218,315665.5396180602,3.78244529399664,9.013494356211638,136.16803058387904,SIERRA,JUNIN,CONCEPCION,0,0,0,0.0,-11.802081640752595,-74.84570010629218,293.9029755713224,1074.0467632368584,5,Satipo,4.107860560528934,False
85b334d3fffffff,1,1776.9389422879317,1419.326796348451,60.84831763730282,315438.0889007509,3.042717635432388,7.544180049255166,109.53783487556596,SIERRA,AREQUIPA,CASTILLA,0,1,0,0.0,-15.14821684705945,-72.21590463609365,283.93327348334435,1110.9585186367904,5,Pisco,15.043959560071016,False
858e69a7fffffff,1,1772.7045535335455,1415.9445859177886,60.703318039514194,314686.4100081568,3.1955676798960937,7.989169813081562,115.04043647625936,SIERRA,AREQUIPA,CONDESUYOS,0,1,0,0.0,-15.057326431404608,-72.3537093807547,284.4520541373191,1106.289813805465,5,Pisco,14.052455311879385,False
85b32297fffffff,1,11949.196798394538,3990.954279773009,187.20728757684904,314303.8057765751,1.504613929865647,7.371374434687738,54.16610147516329,SIERRA,PUNO,EL COLLAO,0,0,0,0.0,-16.426083169787766,-69.72180866697087,274.1587009667152,1146.4301686151257,5,Pisco,18.28285224015599,False
858b6563fffffff,5,4150.017779052164,2858.7415271672558,147.51868204383612,312225.0817794321,1.998045364109173,10.01876666880796,71.92963310793024,SIERRA,CUSCO,PARURO,0,0,0,0.0,-14.10936098815024,-71.69840763836781,283.6058791454245,1100.9118806713188,5,Pisco,17.281839522105656,False
858e62b7fffffff,9,3082.0483417172754,1553.2701774100856,63.86216851351952,311885.5781829109,3.969457739276833,4.446567970709513,142.900478613966,SIERRA,LIMA,YAUYOS,0,0,0,0.0,-12.27354028546819,-76.21067477153217,296.6184877368146,1051.4704614758964,5,Pisco,4.514129161223536,False
858b65cffffffff,1,4142.921600129029,2853.85332127229,147.2664375913974,311691.2033329877,1.8599065833678283,7.0633674982245065,66.95663700124182,SIERRA,CUSCO,ESPINAR,0,5,0,0.0,-14.691866462900611,-71.60025392941108,282.65893555823715,1102.711303703926,5,Pisco,16.28668485741764,False
858f512bfffffff,3,3589.95217136294,1602.049709832507,81.26630362560718,311684.5565280656,1.6262606997805669,2.413828162125134,58.54538519210041,SIERRA,LA LIBERTAD,SANTIAGO DE CHUCO,5,0,0,0.0,-7.951082016024794,-78.29645145639394,300.4492745961625,1037.3949377877664,5,Otuzco,1.2103685638867319,True
858f5917fffffff,10,7624.416451907153,3544.758904221234,104.65263080403558,311458.612140694,1.6040968204224082,6.385921105096958,57.74748553520669,SIERRA,HUANUCO,HUANUCO,0,4,0,0.0,-9.984914464570336,-76.43724499362166,297.78202605147135,1045.9281786431886,5,Jauja,5.597598732667393,False
858e6227fffffff,2,3074.5869283284646,1549.509824030388,63.7075628790992,311130.5260322576,0.618890794307573,2.3428199387826103,22.280068595072628,COSTA,LIMA,CAÑETE,0,0,0,0.0,-12.84352545736085,-76.41209765376614,296.61848773681027,1048.924928470149,5,Pisco,1.92926384229213,True
858e6dcbfffffff,22,14683.259997232224,4499.530003224808,55.5440049244992,310078.7606418572,1.8327892440231444,10.300554978833723,65.9804127848332,SIERRA,APURIMAC,ANDAHUAYLAS,2,12,0,0.0,-13.591530356734385,-73.24985891627092,288.59462882678304,1074.443976668634,5,Pisco,9.465448025868682,False
858e6117fffffff,14,9203.646411946742,2801.1647542403803,79.74660263553808,310065.08788263786,1.7042573678897237,8.818580368062888,61.353265244030034,SIERRA,HUANCAVELICA,CHURCAMPA,0,2,0,0.0,-12.489486605951589,-74.61417953722098,292.9612068629541,1058.3827504086055,5,Jauja,3.0724062231747666,False
85b336affffffff,1,1737.0221261990011,1387.4433110177818,59.48143268326962,308352.1480828391,2.331038168667152,3.2344673337069123,83.91737407201748,COSTA,AREQUIPA,CASTILLA,0,0,0,0.0,-16.276637756473704,-72.60014924848426,283.3844531857891,1088.1053798695195,5,Pisco,11.055015981781253,False
85b33417fffffff,3,1729.937453246689,1381.7844411909805,59.23882984537828,307094.493335464,1.0964832322934597,5.194040728900229,39.47339636256455,SIERRA,AREQUIPA,CAYLLOMA,0,0,0,0.0,-15.583210593686225,-71.81591548878492,282.156051492292,1088.3852808092377,5,Pisco,15.012646577570194,False
858f42bbfffffff,1,8632.185096060308,3609.14830401812,66.86315516981448,307008.86122488405,3.257173429717018,15.012743677028618,117.25824346981264,SELVA BAJA,SAN MARTIN,MARISCAL CACERES,0,0,0,0.0,-6.901831938667383,-77.0233925167503,297.6104408173547,1031.5796058152987,5,Picota,1.294526385201607,True
858b6187fffffff,5,4080.583463522027,2810.911669131859,145.05053389099592,307001.2162446567,1.4264434811203437,10.887382988539994,51.351965320332376,SIERRA,CUSCO,PARURO,0,0,0,0.0,-13.670905822938632,-72.09635899397188,285.2385190546693,1076.2964878029543,5,Pisco,14.411286882435888,False
85b32053fffffff,5,11648.897584661296,3890.656288830039,182.5025193641426,306404.9329618976,0.8821341077950834,7.456932295777888,31.756827880623,SIERRA,PUNO,CHUCUITO,0,11,0,0.0,-16.277041887841005,-69.42568729480044,273.36289354972166,1120.872438036898,5,Pisco,18.24218698525692,False
85b32633fffffff,7,11645.537372068751,3889.533999603957,182.44987513242177,306316.5481420746,1.5576906521560012,7.209066213713801,56.07686347761605,SIERRA,PUNO,PUNO,0,0,0,0.0,-15.940261919479704,-69.68629184223091,274.7681023244468,1114.81844344645,5,Pisco,17.569750996926814,False
858f736bfffffff,9,8563.35621115451,4437.4327418295225,87.38845470024873,305689.4469311732,0.6290623015230183,5.369006627297626,22.64624285482866,SELVA BAJA,AMAZONAS,BAGUA,0,56,1,547820.0,-5.656225111306282,-78.50730347816994,298.7843162670034,1023.1107534372692,5,Chiclayo,4.917445760442206,False
858e4587fffffff,3,1796.952481212554,1187.8893948898026,41.52950069215177,305505.4381168863,1.4387895850806662,2.235869839937219,51.79642506290398,COSTA,ICA,ICA,4,11,1,11997333.3064,-13.912584061186006,-75.62532786414027,294.03365707292,1039.015196961351,5,Pisco,1.5306713927711826,True
858f5033fffffff,7,15695.667925428314,4824.081271502804,166.1809373824683,304458.088387897,1.8452621326773428,3.524839435641375,66.42943677638434,COSTA,CAJAMARCA,SAN MIGUEL,0,8,0,0.0,-7.026286551616556,-79.08504172868545,300.9222729266098,1011.7499293983784,5,Chiclayo,3.593364623731759,False
858e604bfffffff,5,2995.099351551067,1509.450204973883,62.06052543514363,303086.8401153248,1.869159790451792,3.4201558088953745,67.28975245626451,SIERRA,LIMA,HUAROCHIRI,0,7,0,0.0,-12.011133966858846,-76.33348738008937,297.0168858848872,1020.4363944236832,5,Pisco,5.539312300577876,False
858f51d3fffffff,4,15599.862357583586,4794.635321974484,165.1665772961987,302599.6915244117,0.5679262373875051,3.98273584246909,20.445344545950185,SIERRA,CAJAMARCA,SAN PABLO,0,8,0,0.0,-6.988384251046352,-78.64073199028086,300.2944628507734,1007.6765607056292,5,Chiclayo,4.244285363405652,False
858f400ffffffff,4,8499.872409661293,3553.827883707042,65.83828793363,302303.0808546849,0.9602852562084808,12.383115407552372,34.57026922350531,SELVA BAJA,SAN MARTIN,PICOTA,1,1,0,0.0,-6.725027306666025,-76.27929191586658,296.02822420626154,1021.1968188683632,5,Chiclayo,inf,False
858f5433fffffff,2,15562.032161973082,4783.008168609047,164.7660427412002,301865.877003511,1.877907810076648,6.142177244865412,67.60468116275932,SELVA ALTA,CAJAMARCA,JAEN,1,10,0,0.0,-5.859613922502998,-78.96648841423493,299.649557717302,1007.3963709577704,5,Chiclayo,5.631535578901094,False
858f094ffffffff,5,6975.267750971728,2210.4889268037177,76.72796628989414,299982.85400347004,0.3084336764751065,0.8271394543560643,11.103612353103838,COSTA,PIURA,PIURA,52,192,24,66056949.7172,-5.172091173715252,-80.65395644825347,300.65848155336346,997.752840543853,5,Chiclayo,3.2761420629431086,False
858f550bfffffff,7,15457.229374567663,4750.79691348274,163.65642284263492,299832.955788385,2.1992917324741907,6.090851955117494,79.17450236907086,SIERRA,CAJAMARCA,CHOTA,0,5,0,0.0,-6.420197092744758,-78.43732989149166,299.4992835554395,1001.1141002709068,5,Chiclayo,5.588815514278394,False
858f4a7bfffffff,8,7320.881066200339,3403.638627277112,100.48630845573445,299059.1438582149,2.203311669205398,7.9772982060049635,79.31922009139433,SIERRA,HUANUCO,PACHITEA,0,17,0,0.0,-9.871609616246229,-75.84094996375534,296.56164642081205,1008.42151191007,5,Jauja,7.7197362322112895,False
858f5e0ffffffff,2,14027.220562928733,2506.7775804006924,190.19776663940576,298685.0316074017,1.1700052626763695,0.5783131753160089,42.12018945634931,COSTA,ANCASH,SANTA,0,122,1,347443.2,-8.855344620685784,-78.5340015314943,301.1786748280966,991.7203858403382,5,Otuzco,2.844291873072507,False
858f59bbfffffff,8,7311.219596499921,3399.1467975135565,100.35369526127424,298664.4713002412,1.113777570000193,6.376997536139196,40.09599252000695,SELVA ALTA,HUANUCO,HUANUCO,49,80,1,1364957.568,-9.91499073811377,-76.28409260517586,297.4770995260318,1003.9914728767396,5,Jauja,5.014146188754239,False
858f5c0bfffffff,3,7524.388284469334,1900.489282463518,120.88349819440744,296349.04419919656,3.432647545634965,8.126927813781203,123.57531164285876,SIERRA,ANCASH,PALLASCA,0,0,0,0.0,-8.274501327406938,-77.59414092630686,299.4992835554304,989.481646437225,5,Otuzco,7.453940167557448,False
858f4e37fffffff,2,20517.294416288834,5018.735048163717,60.28045806926576,296214.05860414566,1.648574265234008,11.492879182857555,59.34867354842429,SELVA BAJA,UCAYALI,PADRE ABAD,0,0,0,0.0,-8.69046366380116,-75.00608353827418,294.47121041043823,1005.9185690556242,5,Satipo,8.784547824936453,False
85b3357bfffffff,2,1668.59402366556,1332.7864867242351,57.13822616154657,296204.94967518793,1.4551912057554546,2.6479764829189616,52.386883407196365,SIERRA,AREQUIPA,AREQUIPA,2,1,0,0.0,-16.59319869539211,-71.31687597211807,279.087610840814,1061.3332092485373,5,Pisco,12.43650983779844,False
858f592bfffffff,13,5089.352626648965,2602.75393077023,114.59933738004229,295807.8563312131,0.633896754573912,4.356627386022721,22.820283164660832,SIERRA,PASCO,DANIEL ALCIDES CARRION,1,9,0,0.0,-10.485113363914571,-76.48424651610733,297.83925777190865,993.1795376610452,5,Jauja,4.721493630262557,False
858b6dbbfffffff,1,3506.9059591073105,1722.679359250853,100.70503698727876,294444.16286148585,5.902682138599187,11.317146197291668,212.4965569895708,SELVA ALTA,JUNIN,SATIPO,0,0,0,0.0,-12.203889378201522,-74.00516755911868,291.629783242648,1009.6505219307322,5,Jauja,8.835145334705885,False
858f590bfffffff,11,7200.84031619519,3347.8290423555395,98.83863084381882,294155.4603261356,0.7363345819578165,5.8651012540479845,26.508044950481395,SIERRA,HUANUCO,LAURICOCHA,0,3,0,0.0,-10.124691672422308,-76.74405553327688,298.37047829796046,985.8732070415635,5,Jauja,7.906002086252556,False
858e6403fffffff,4,5057.538396316277,2586.483764576744,113.8829614511488,293958.7214871737,3.005589578324792,7.21410744777395,108.20122481969253,SIERRA,PASCO,PASCO,0,0,0,0.0,-10.730065169454532,-75.62695055315906,296.0320017110031,992.9964321024544,5,Jauja,4.544368617091095,False
858e619bfffffff,8,6081.903772412795,2182.066756527131,88.2162352249488,293945.1875377121,2.001454998013386,7.513535413570899,72.0523799284819,SIERRA,HUANCAVELICA,TAYACAJA,0,1,0,0.0,-12.063010508722003,-74.72266017630822,293.4779976559607,1001.5919076914894,5,Jauja,3.0041954844637075,False
858b66b7fffffff,8,11167.492553402728,3729.87012870388,174.9603781099393,293742.3719548775,1.2359176760968438,7.807142311576683,44.49303633948637,SIERRA,PUNO,MELGAR,8,16,0,0.0,-14.758323134745028,-70.45580872598353,278.9233347437249,1053.1294279296078,5,Pisco,17.44994196717198,False
858e6407fffffff,1,3489.010707045225,1713.8887667127533,100.19115322711436,292941.65535941493,4.507714026755742,8.569477016564917,162.2777049632067,SIERRA,JUNIN,JUNIN,0,0,0,0.0,-10.826029178519804,-75.48932212347523,295.7112003741905,990.6342911216382,5,Satipo,4.908900647045812,False
858f725bfffffff,2,6804.335446178061,2156.319828144129,74.84771042183297,292631.6292958233,0.8100290971998894,4.144929546125223,29.16104749919602,SIERRA,PIURA,AYABACA,0,0,0,0.0,-4.436681948021125,-79.69804174425423,298.6769331222381,979.7597231121272,5,Chiclayo,6.881147013424197,False
858e61abfffffff,15,8677.942503892975,2641.1647724402146,75.19154925961796,292354.45221117686,1.1644833150249967,8.908749170020634,41.92139934089989,SIERRA,HUANCAVELICA,CHURCAMPA,0,16,0,0.0,-12.583918096560948,-74.47622834400508,292.5644217479838,999.2823134967936,5,Jauja,4.010548851118074,False
858f73bbfffffff,1,8184.259590848103,4240.98923138985,83.51980004969117,292156.68788933964,2.776602204952418,9.61014925071325,99.95767937828704,SELVA BAJA,AMAZONAS,CONDORCANQUI,0,0,0,0.0,-5.05341151864232,-77.86452644868484,297.0510757926857,983.523412967668,5,Chiclayo,7.75837439940733,False
858f730bfffffff,1,8162.151556992115,4229.533102405953,83.29418910142546,291367.48883285647,1.246609719479823,6.8829964816493465,44.87794990127362,SELVA BAJA,AMAZONAS,BAGUA,0,0,0,0.0,-5.256287454736654,-78.32151211646898,298.0225225283891,977.6693598890712,5,Chiclayo,6.032252564345981,False
858e6103fffffff,5,8628.406294107654,2626.088238781861,74.76233411368483,290685.6083037751,1.4597327932216737,7.122436032669964,52.55038055598025,SIERRA,HUANCAVELICA,HUANCAVELICA,0,3,0,0.0,-12.560805482221454,-74.76692472196818,293.2770496648791,991.163845367153,5,Jauja,3.191822532011429,False
858f5497fffffff,3,14985.14863261556,4605.702364037106,158.65817615504318,290675.7283965755,0.9371094552754824,6.631981574691319,33.73594038991737,SELVA ALTA,CAJAMARCA,SAN IGNACIO,0,0,0,0.0,-5.1945662746942,-78.89913745716505,298.75746444908106,972.9488397305536,5,Chiclayo,5.5933835690775595,False
858f556ffffffff,4,14934.306127280071,4590.075862575017,158.1198712395935,289689.5064621642,1.409499610882441,5.081479491053537,50.74198599176787,SIERRA,CAJAMARCA,CAJAMARCA,0,0,0,0.0,-6.920091414263377,-78.487231032131,300.01999921658364,965.5673195740466,5,Chiclayo,5.334510411870724,False
858f43cffffffff,4,8130.243275810339,3399.284584796236,62.9752156226296,289156.9981193977,1.988261103891945,12.354896310343417,71.57739974011002,SELVA BAJA,SAN MARTIN,MARISCAL CACERES,0,11,2,3118742.744,-7.527426534514197,-76.64521828653957,297.37049816703933,972.3795732990704,5,Picota,1.6389520298107527,True
858f7367fffffff,5,8096.517841133378,4195.522465391914,82.62440159478653,289024.53662975173,1.0814825642283856,6.275088208276321,38.93337231222189,SELVA ALTA,AMAZONAS,UTCUBAMBA,0,25,1,617240.0,-5.68678569227641,-78.21830513707287,298.3934442283488,968.6021667707035,5,Chiclayo,5.465509938036121,False
85b3260bfffffff,6,10976.579890684796,3666.106536791212,171.9693618638683,288720.7309629702,0.9115734237883252,6.457269708188282,32.816643256379706,SIERRA,PUNO,PUNO,4,0,0,0.0,-15.838541808337768,-70.1073447816249,276.3503565539147,1044.763374157768,5,Pisco,16.186642869071875,False
858e6153fffffff,8,6457.534118899371,2229.631387452914,84.30751774236779,288640.25961599447,2.0056302232882897,7.346205887411245,72.20268803837843,SIERRA,HUANCAVELICA,HUANCAVELICA,0,12,0,0.0,-12.442443325880864,-75.19622087624906,294.34768810827626,980.6099088837336,5,Jauja,2.9404395232268143,False
858f51c3fffffff,8,14826.323892717128,4556.887400772368,156.97658832576144,287594.9116433208,1.6701402496460405,4.298351874508077,60.12504898725746,COSTA,CAJAMARCA,CAJAMARCA,1,3,0,0.0,-7.155195433076146,-78.657490615935,300.4492745961763,957.2161957450802,5,Chiclayo,4.575763020890008,False
858f5c67fffffff,6,13500.083045416195,2412.573849536094,183.05020821235047,287460.5637683642,1.8246120498998195,5.293907354894014,65.6860337963935,SIERRA,ANCASH,POMABAMBA,0,0,0,0.0,-8.70607994149362,-77.48929216678978,299.4954320234776,959.8161875999164,5,Otuzco,7.246728601225186,False
858f09cffffffff,3,6674.563561270598,2115.194623372107,73.42021929661146,287050.57609560346,0.8686224752306838,2.009234849020073,31.27040910830462,COSTA,PIURA,SULLANA,1,0,0,0.0,-4.772340425198984,-80.46478654209238,299.94662210747174,957.0055301131292,5,Chiclayo,4.454037888610401,False
858f551bfffffff,8,12015.828984368312,4382.809817149407,125.9677563870796,286401.0898530817,3.7115426328839862,7.895028658434478,133.6155347838235,SELVA ALTA,AMAZONAS,CHOTA,0,0,0,0.0,-6.25369788721754,-78.4207316065718,299.3106555217966,956.8690073989872,5,Chiclayo,7.618049796397827,False
858f5587fffffff,9,8021.900762378799,4156.856753000557,81.86293949443437,286360.90183824376,1.5403415572147818,6.840554190538195,55.45229605973215,SIERRA,AMAZONAS,LUYA,0,126,7,31357243.7776,-6.049550867666079,-77.96214440329722,298.4011001932121,959.6509585682747,5,Picota,6.346553290632983,False
858e6b5bfffffff,2,1609.123362140621,1285.284402386867,55.10175230391887,285647.855466348,2.421581411896316,6.157943530600155,87.17693082826739,COSTA,AREQUIPA,CARAVELI,10,0,0,0.0,-15.488135931024944,-74.58765409550882,289.72798277094665,985.9173861441463,5,Pisco,5.442761838452498,False
858b657bfffffff,4,3790.6341870785855,2611.1799856858484,134.74384669162944,285186.9876390827,1.6727222737635103,8.94385984932666,60.21800185548637,SIERRA,CUSCO,CANAS,0,1,0,0.0,-14.20035367967938,-71.56145927216495,283.0896664526056,1007.4086815416424,5,Pisco,16.233256856716253,False
858b6463fffffff,6,10819.135835310655,3613.521242798509,169.50269610808698,284579.42618442327,0.5750544938395229,7.447951322166805,20.701961778222824,SIERRA,PUNO,MELGAR,6,0,0,0.0,-14.742290470837078,-70.7410276001369,279.88044975007824,1016.7892271094356,5,Pisco,16.938563906865966,False
858b6433fffffff,2,3768.305673477321,2595.7989795142475,133.95014577904954,283507.11002015823,0.8493090251547939,5.685718556556945,30.57512490557258,SIERRA,CUSCO,ESPINAR,0,0,0,0.0,-14.962704520894064,-71.18903401397205,281.05078323438147,1008.7397969772898,5,Pisco,15.500118659891086,False
858f465bfffffff,7,7907.455603691778,4097.5525874632,80.69503460773164,282275.5086348856,0.7859454153605612,7.399932095170897,28.294034952980205,SIERRA,AMAZONAS,BONGARA,0,0,0,0.0,-5.815353884966857,-77.79334653348985,297.87360560441107,947.6351825873408,5,Picota,5.643359452965342,False
85b33697fffffff,1,1589.3562154978877,1269.495429423476,54.42485925538704,282138.83733881667,1.3958248006370977,5.288721185272659,50.24969282293551,SIERRA,AREQUIPA,CASTILLA,0,0,0,0.0,-15.69509843923892,-72.6976177220268,284.5510486264982,991.5227467994756,5,Pisco,13.43432007741103,False
858f5583fffffff,6,7893.473805112882,4090.307380178369,80.55235132542833,281776.3949498659,1.3628482357035212,6.433022462763998,49.06253648532677,SELVA ALTA,AMAZONAS,BONGARA,0,9,0,0.0,-5.951301419869617,-78.0984616051406,298.5083180860639,943.9482181150676,5,Chiclayo,5.6113798245824,False
858f726bfffffff,1,6549.238238743206,2075.478551160211,72.04164037097637,281660.7546187957,2.091866526711998,4.69338221120308,75.30719496163192,SIERRA,PIURA,AYABACA,0,0,0,0.0,-4.966086607953463,-79.46043068463067,299.1606644707588,941.5033059813464,5,Chiclayo,6.069844795329118,False
858f095bfffffff,6,6531.526179768113,2069.865532186153,71.8468076688516,280899.01841148146,0.5814836348961765,1.151587195954244,20.93341085626236,COSTA,PIURA,SULLANA,15,8,0,0.0,-4.906622346776543,-80.7722723991982,300.4028171082128,935.0745146650688,5,Chiclayo,3.716801670008863,False
858f5bb7fffffff,4,2775.4505872440923,1398.7530849822792,57.50925146254184,280859.6475934604,0.6043971962311708,4.760014555733648,21.75829906432215,SIERRA,LIMA,CAJATAMBO,0,0,0,0.0,-10.431278221306073,-77.06754699798392,298.94167200753134,939.5132023827866,5,Pisco,9.525609059464841,False
858e65cbfffffff,1,3340.6042568035787,1640.9878302199909,95.92948290147493,280481.2661975197,3.040976950819341,8.448439935191416,109.47517022949629,SELVA ALTA,JUNIN,CHANCHAMAYO,0,0,0,0.0,-11.11312673967385,-75.07651826532167,294.7072657537765,951.728371813736,5,Satipo,1.9361732642864808,True
858f425bfffffff,5,4669.382445101379,2260.577864788503,75.13959370059345,279724.9004847475,3.5237546044090324,8.223545438685662,126.85516575872516,SIERRA,LA LIBERTAD,BOLIVAR,0,0,0,0.0,-6.979948199072409,-77.90727849597486,299.1875767157576,934.948247368237,5,Otuzco,7.260753132009995,False
858e6d87fffffff,5,4401.204121299663,2668.25680487484,126.25334615340395,279680.3253494608,1.1237163932778835,11.45651258398756,40.4537901580038,SIERRA,CUSCO,ANTA,0,0,0,0.0,-13.559525091276852,-72.52121718054197,286.58600187417574,975.9036502845422,5,Pisco,11.949756069652722,False
858e4503fffffff,1,1643.1319700864908,1086.2051512642383,37.97454356887469,279353.938211212,1.4688434424208077,2.2531946712486333,52.878363927149074,COSTA,ICA,ICA,0,0,0,0.0,-14.220872355256756,-75.94995299807597,294.3738825916806,948.9766406984464,5,Pisco,1.7359177018552145,True
858f50a7fffffff,4,14346.339880623062,4409.363772318653,151.8946642281469,278284.37987919233,1.2280382023104506,4.678435010263575,44.20937528317622,SIERRA,CAJAMARCA,SAN MIGUEL,0,13,0,0.0,-6.889858838850174,-78.77754013783102,300.40281710822035,926.370739655681,5,Chiclayo,5.05593221399613,False
85b3268bfffffff,8,10579.4341575823,3533.4624361072274,165.74730554316008,278274.471062153,1.183724516834469,6.597497967147614,42.61408260604089,SIERRA,PUNO,HUANCANE,0,4,0,0.0,-15.439606005561096,-69.93493615472225,276.31667687698723,1007.0853276294914,5,Pisco,16.494179979641558,False
858e623bfffffff,3,2744.9700521124278,1383.3917080789124,56.87767374047535,277775.1926242801,1.0104625950018291,1.2891676330101356,36.37665342006586,COSTA,LIMA,CAÑETE,15,24,0,0.0,-12.651866650871808,-76.68971468186074,297.2943933132336,934.3438654479172,5,Pisco,1.7389395084319403,True
858e66b7fffffff,1,3304.629983172076,1623.3163729948285,94.89643821795764,277460.82167819364,1.623470554648642,4.880498043938739,58.444939967351104,SIERRA,JUNIN,JUNIN,0,308,90,1591979735.4708,-11.107787404765205,-76.10175791966778,296.93713493407773,934.4093043121468,5,Jauja,2.281794582566363,False
858f5127fffffff,3,3190.7645645357475,1423.9085092929354,72.22983190913804,277026.54264199303,2.076246258434434,3.736996915600521,74.74486530363963,SIERRA,LA LIBERTAD,SANTIAGO DE CHUCO,0,0,0,0.0,-7.980523845994778,-78.00561704348875,300.0199992165946,923.3602538676035,5,Otuzco,2.4797575910924934,False
85b33033fffffff,3,1557.343814689915,1243.9255816358532,53.32864785141605,276456.0700294402,1.064180081369602,1.5147957747080014,38.31048292930567,COSTA,AREQUIPA,ISLAY,0,0,0,0.0,-16.9772814938103,-71.78305682350826,279.84261043074736,987.898410481183,5,Pisco,12.039723210540615,False
85b32263fffffff,3,2474.9333368238813,1484.5946977714484,83.83487392469553,276102.4913948326,1.0402392710273642,3.5120859545281813,37.44861375698511,SIERRA,TACNA,CANDARAVE,0,2,0,0.0,-17.296491788454116,-70.21659665821832,274.36158425546097,1006.3453021096084,5,Pisco,16.534202988130346,False
858f42a3fffffff,1,7760.265326919566,3244.5954450357053,60.10944146106954,275998.50956716365,1.548789580506801,13.304359827818402,55.75642489824484,SELVA BAJA,SAN MARTIN,HUALLAGA,0,4,0,0.0,-6.999544471365478,-76.88691938426459,297.4390203017049,927.9162810824444,5,Picota,1.294526385201607,True
858f5017fffffff,3,2745.284494765488,1081.1136253589962,61.8318362418054,275283.31384238205,1.5662160254987538,1.9375731975627897,56.38377691795514,COSTA,LAMBAYEQUE,CHICLAYO,1,0,0,0.0,-6.760714928412649,-79.20485038990715,300.8524082691884,915.0111691845646,5,Chiclayo,1.8061164100654423,True
858f7327fffffff,2,7677.383416806918,3446.922372684212,65.29017351771687,273362.80538051645,0.5403368301646356,7.802359205708811,19.452125885926883,SELVA ALTA,AMAZONAS,BONGARA,0,0,0,0.0,-5.649276960035825,-77.77714007291435,297.65618076484003,918.3844416672258,5,Picota,3.7279701984653,False
85b33433fffffff,2,1539.189696959421,1229.4250126259926,52.706990294253295,273233.3930615908,1.2916551789557853,4.920173486086226,46.49958644240827,SIERRA,AREQUIPA,CAYLLOMA,0,1,0,0.0,-15.836500489638786,-71.69129082818455,281.41493119341425,970.9271356102978,5,Pisco,14.663671682983477,False
858f7033fffffff,1,7624.292129568597,3950.8205305008055,77.80537104346863,272167.3123084181,2.97321150920097,11.470126103251214,107.03561433123492,SELVA BAJA,AMAZONAS,CONDORCANQUI,0,1,0,0.0,-4.225785039637057,-77.78365376206793,295.72628391412786,920.3352123663424,5,Chiclayo,8.6265352598748,False
85b3220bfffffff,1,2431.7024222535124,1458.6625299849238,82.37048770518336,271279.6692846122,0.75806870587607,4.802867593284428,27.29047341153852,SIERRA,TACNA,CANDARAVE,0,0,0,0.0,-16.97312932818923,-70.19222083695757,274.8481912671158,987.0163890617148,5,Pisco,16.548593868372336,False
858b618bfffffff,6,3592.77610381098,2474.8853601596884,127.71068075612756,270301.206536945,1.0789250592920283,10.08525689528489,38.841302134513015,SIERRA,CUSCO,ACOMAYO,2,0,0,0.0,-13.689823388656986,-71.80930127019423,284.3566495148488,950.5710768435192,5,Pisco,14.481457684529232,False
858e6ba7fffffff,1,1522.4909343773388,1216.086905933315,52.1351689527523,270269.06737175176,4.30542034052973,10.960867753888555,154.9951322590703,SIERRA,AREQUIPA,CARAVELI,0,1,0,0.0,-15.567171848206357,-73.41795929029922,286.6933992656328,942.7111613453536,5,Pisco,8.109472503298093,False
858f5d97fffffff,1,7598.730739239428,3177.0572404353293,58.85822730368563,270253.4346805345,1.3757894368874486,10.599754124754272,49.52841972794815,SELVA BAJA,SAN MARTIN,TOCACHE,0,0,0,0.0,-8.415806720364126,-76.14483633899478,296.86121482253253,910.3696312840852,5,Picota,4.6856605561915785,False
858e6eb7fffffff,11,11121.215195400491,3585.766880696024,86.95675376719537,270102.82127771614,1.400762971844408,6.654560441455224,50.42746698639869,SIERRA,AYACUCHO,CANGALLO,2,0,0,0.0,-13.599908356581484,-74.27285497551128,291.23599767302943,927.436249075777,5,Pisco,6.22060741866153,False
858f5483fffffff,3,13817.623608524958,4246.862228689848,146.29677784802783,268028.5598486364,1.6978868845296995,7.014901774017513,61.123927843069175,SELVA ALTA,CAJAMARCA,SAN IGNACIO,0,0,0,0.0,-5.262107878464506,-79.05211256334653,299.0453719630909,896.2805814019327,5,Chiclayo,6.92532595053126,False
858f581bfffffff,14,12583.900675232831,2248.8446620729933,170.62751621420813,267952.0689123293,1.00379161950293,3.932193193019265,36.13649830210549,SIERRA,ANCASH,CARHUAZ,7,23,0,0.0,-9.276256272003955,-77.69179868848686,299.98523790969256,893.2175155665277,5,Otuzco,5.865894291222503,False
858b647bfffffff,4,10179.582622301572,3399.9146150338606,159.48285759604772,267757.0395222168,0.8796133085585405,7.294672258327081,31.666079108107457,SIERRA,PUNO,MELGAR,10,0,0,0.0,-14.831929612689333,-70.60451288655865,279.32746937759185,958.577543837143,5,Pisco,17.065081098024166,False
85b32063fffffff,1,10178.403327639307,3399.520738260477,159.4643816634222,267726.0201318146,1.5066866643471952,7.706699257244292,54.24071991649903,SIERRA,PUNO,CHUCUITO,0,0,0,0.0,-16.773652747104883,-69.17661968238328,271.704174613164,985.3585080648344,5,Pisco,19.700459891801074,False
858f4007fffffff,2,7512.565706867401,3141.031323823196,58.1908104369722,267188.9234158242,1.153224971139947,11.703106254724702,41.51609896103808,SELVA BAJA,SAN MARTIN,SAN MARTIN,0,0,0,0.0,-6.656418753523894,-76.12780011923783,295.65841808059065,903.7081546685196,5,Picota,1.2742561269642465,True
858f5d4ffffffff,7,9451.708777091262,2639.017768044728,128.71110434854882,266165.3719937335,1.179640616526261,6.658888271986972,42.4670621949454,SIERRA,ANCASH,HUACAYBAMBA,1,0,0,0.0,-9.09625674990306,-76.93987841259941,298.6347644839676,891.273902600254,5,Otuzco,9.239798494425486,False
858f4e2bfffffff,3,18431.414879050568,4508.508089024592,54.15207820441346,266099.6180278992,1.179404121935244,10.754284364478314,42.45854838966879,SELVA BAJA,UCAYALI,PADRE ABAD,0,19,1,107951343.916,-8.82999288146555,-75.30899164182344,295.21416194823183,901.3782274935776,5,Picota,8.51408073422499,False
85b3354ffffffff,4,1496.6236322667182,1195.425444719812,51.24938622955951,265677.16376234207,0.8923436267204276,2.0851289038839367,32.12437056193539,SIERRA,AREQUIPA,AREQUIPA,10,22,1,19466211.7988,-16.504319506287104,-71.45470152572472,279.6569773771176,950.0108534895458,5,Pisco,12.011143582751174,False
858f5093fffffff,2,13685.670201650431,4206.306199992076,144.89969548432077,265468.9821228485,3.446704251639749,5.227980850872423,124.081353059031,SELVA ALTA,CAJAMARCA,CHOTA,1,0,0,0.0,-6.2605277956462375,-79.15377601305829,300.3176761360924,883.9605631556238,5,Chiclayo,4.506166322902573,False
858f543bfffffff,4,13646.403246595764,4194.237456988071,144.4839489592195,264707.29793523974,1.6612203447790483,4.741875346464926,59.80393241204574,SELVA ALTA,CAJAMARCA,JAEN,0,0,0,0.0,-5.927412893311375,-79.11981646991656,299.9234566026353,882.5828460824489,5,Chiclayo,6.0154496842042136,False
858f4a47fffffff,2,6479.519928017357,3012.4713287629,88.93779754705997,264689.40893351287,2.832239734736217,8.606226271535789,101.9606304505038,SIERRA,HUANUCO,HUANUCO,0,0,0,0.0,-9.705100669957991,-75.82566978153982,296.51997432608044,892.6528795744338,5,Jauja,7.0927717199592735,False
858f59c3fffffff,9,6467.939645553556,3007.087400742193,88.77884675614567,264216.35257213446,0.9115945873240472,4.661513672229222,32.817405143665695,SIERRA,HUANUCO,DOS DE MAYO,0,11,0,0.0,-9.69397980925626,-76.85003241981971,298.56195111248746,884.9632432653389,5,Jauja,7.696912375060492,False
85b3263bfffffff,5,10038.59147762644,3352.824486572096,157.27395852004182,264048.5012748474,1.1313728641389555,6.759928281659529,40.7294231090024,SIERRA,PUNO,PUNO,0,0,0,0.0,-16.014581204506705,-69.83445018237275,275.168936447319,959.5868802778158,5,Pisco,17.45862144154671,False
85b330dbfffffff,1,1478.566127537633,1181.002045171722,50.6310370238869,262471.63731092395,2.271888900718534,2.715334801361029,81.78800042586722,COSTA,AREQUIPA,CASTILLA,4,0,0,0.0,-16.3668124140065,-72.46164918094092,282.84790232879163,927.9603460018536,5,Pisco,10.06070995050868,False
858b6d83fffffff,5,8636.55974800664,3163.1776792709,96.172617775267,262387.8745528139,4.456060719287232,9.870524777979696,160.41818589434033,SELVA ALTA,AYACUCHO,HUANTA,0,0,0,0.0,-12.46355961385078,-73.8818746535187,291.1551422459067,901.1960858008948,5,Jauja,8.046331083845871,False
858e6ad7fffffff,4,1538.82168803643,1017.2500291223222,35.56382098389381,261619.8251776296,1.0714421766230102,2.965843462710809,38.57191835842836,COSTA,ICA,PALPA,2,0,0,0.0,-14.45482135165023,-75.08448203829398,292.2387645477881,895.2262906752344,5,Pisco,3.0682401533304073,False
858e6c37fffffff,16,12380.91845688796,3794.0017458485454,46.8346808453188,261458.27639389157,2.507020204977837,10.768691070665565,90.25272737920211,SIERRA,APURIMAC,ANDAHUAYLAS,2,8,0,0.0,-13.4986642085417,-73.38761333809242,289.0514385027216,904.5389213360714,5,Pisco,10.702688710553048,False
858f50abfffffff,4,13452.016991975226,4134.49262199234,142.42584667516348,260936.6735966111,2.0584577808063638,3.0839950198364385,74.10448010902907,COSTA,CAJAMARCA,SAN MIGUEL,1,5,0,0.0,-6.859425944037196,-79.06805158603602,300.7631760954065,867.5818528856012,5,Chiclayo,2.9840446594535024,False
858f5d43fffffff,3,6378.6122861751055,2965.5571466506653,87.552740703217,260567.31588143195,2.192362281932854,8.487092363343953,78.92504214958275,SIERRA,HUANUCO,HUACAYBAMBA,0,6,0,0.0,-8.929461503877942,-76.92399778086991,298.56195111247183,872.7412013169526,5,Otuzco,11.171574075342505,False
858e610ffffffff,7,7710.613155996844,2346.7544100916866,66.8099550879607,259765.7318451338,0.8639103124579542,6.424708810202277,31.100771248486357,SIERRA,HUANCAVELICA,ACOBAMBA,0,8,0,0.0,-12.72668036232943,-74.78171242598545,293.19524769986793,885.9820678643654,5,Jauja,3.633617236970167,False
858e6c5bfffffff,8,10216.359662043204,3272.466704546509,80.89018476140485,259338.84099999483,1.5410313620654392,6.425766714214774,55.47712903435581,SIERRA,AYACUCHO,HUAMANGA,1,3,0,0.0,-13.175116072885164,-74.38196094186985,291.88419061756184,888.4991011376522,5,Pisco,5.2755884454454645,False
858e6d8bfffffff,10,12274.715998977232,3761.4571238861454,46.43293696512467,259215.50969683076,1.6309002772874224,11.537478534892092,58.71240998234721,SIERRA,APURIMAC,ABANCAY,0,11,0,0.0,-13.53960777137785,-72.80951312779933,287.4254838950154,901.852912219542,5,Pisco,10.836062888634842,False
858e639bfffffff,4,2560.522075406892,1290.4348463637891,53.055784378485846,259110.11749199947,1.0619232249603985,4.96148639262061,38.22923609857435,SIERRA,LIMA,YAUYOS,0,1,0,0.0,-12.560287796552869,-75.79520655467064,295.5755061946275,876.629193088088,5,Jauja,4.005604850281088,False
858e60a7fffffff,7,3083.96185491193,1514.9187044428495,88.55968659773217,258933.25263202825,0.7728507630682483,5.646864295260863,27.822627470456933,SIERRA,JUNIN,HUANCAYO,2,126,1,2733013.4,-11.94408932342272,-75.15120802571144,294.5386226299096,879.1147670890692,5,Jauja,1.0026927670260193,True
858e6a0ffffffff,1,1522.6746235723606,1006.575886741814,35.19064499184738,258874.61290575672,0.1752500117131843,3.7951135196070434,6.309000421674636,COSTA,ICA,NASCA,0,0,0,0.0,-15.044187887764886,-74.99048134495571,291.2801164080864,888.7479725635333,5,Pisco,3.4668823052215885,False
85b3226bfffffff,4,2313.3833327086136,1387.6885403545914,78.36259552994972,258080.04288787112,1.241951282120744,3.070127271320847,44.71024615634679,SIERRA,TACNA,CANDARAVE,2,1,0,0.0,-17.371016583009563,-70.3661822979353,274.7180664847429,939.436005029557,5,Pisco,15.84532361080528,False
858b6da3fffffff,1,3071.7995411379734,1508.9442736644262,88.2104310794094,257912.08972107776,4.433146198637592,12.153783423552904,159.59326315095333,SELVA ALTA,JUNIN,SATIPO,0,0,0,0.0,-12.109621769786235,-74.14272758216596,292.0318425728212,883.1642722548816,5,Satipo,5.754452396853594,False
858e690ffffffff,3,1452.415807040392,1160.1145235290005,49.73556280692556,257829.4929324734,1.205543708997722,7.581302646550955,43.39957352391799,SIERRA,AREQUIPA,LA UNION,3,0,0,0.0,-15.184783898663149,-72.94672978484633,285.95728552317433,901.6363841220564,5,Pisco,13.777709358770153,False
858f55abfffffff,10,7216.639622212083,3739.579687678407,73.645305551137,257615.1826946112,2.0263017522451583,8.187898956788228,72.9468630808257,SIERRA,AMAZONAS,LUYA,1,5,0,0.0,-6.38222594375861,-77.99482295180925,298.7919889537832,862.1890553245684,5,Picota,7.378257025316088,False
858f50affffffff,4,13260.579663359636,4075.654142736236,140.39896671882892,257223.2513075244,0.98544544427057,4.278108493063036,35.47603599374052,SIERRA,CAJAMARCA,SAN MIGUEL,0,52,2,694341.44,-6.958077859675154,-78.93122432062655,300.6662346215294,855.5109343465525,5,Chiclayo,4.63411887773691,False
858f5117fffffff,1,13223.307147594507,4064.198392901402,140.0043367076768,256500.25443009468,1.6906263341663157,5.027198286025766,60.86254802998736,SIERRA,CAJAMARCA,CAJABAMBA,2,0,0,0.0,-7.450372692975661,-78.2467154605562,300.0663580698974,854.811769236542,5,Otuzco,3.69962078025128,False
85b3309bfffffff,2,1444.371179881603,1153.688891999759,49.4600879343892,256401.42933585917,1.7939272109857818,1.98836017327748,64.58137959548816,COSTA,AREQUIPA,AREQUIPA,1,1,0,0.0,-16.30992831105365,-72.01985446913875,281.665087381029,910.3060365767168,5,Pisco,10.824511678381896,False
858f0d57fffffff,2,1523.3983132233989,1248.4326927245918,37.79691846481831,256043.6216220769,0.6433333950699155,2.31645905891755,23.16000222251696,COSTA,TUMBES,TUMBES,0,13,0,0.0,-3.7771500805071128,-80.35930159461134,298.30925021713165,858.3160644053422,5,Chiclayo,7.9462175674852915,False
858f5c63fffffff,7,11992.632656341477,2143.180292776491,162.61040005253267,255362.05465264493,1.5409308542069702,3.801981056296962,55.47351075145093,SIERRA,ANCASH,SIHUAS,2,2,0,0.0,-8.608298301371276,-77.6266232465811,299.6919654593526,852.0817508779021,5,Otuzco,5.864533941785339,False
858f5d6ffffffff,7,6243.053238966565,2902.5327640410264,85.69205916658429,255029.70746601996,0.8962726883924016,5.655139389287195,32.26581678212646,SIERRA,HUANUCO,HUAMALIES,0,5,0,0.0,-9.457501832976616,-76.68088869885145,298.2174473513833,855.1803716753159,5,Jauja,8.64838514495932,False
858e6417fffffff,2,4381.176378650373,2240.5843881244705,98.65300103384968,254646.60986378603,3.6251719117287577,7.8376410045462785,130.5061888222353,SELVA ALTA,PASCO,OXAPAMPA,0,10,0,0.0,-10.65963697341547,-75.47420348547625,295.7112003741881,861.1327861155087,5,Satipo,3.547780154738575,False
858f4bdbfffffff,1,6218.113004985738,2890.9375007137223,85.34972987287044,254010.8949823197,1.2778793330323608,11.051812948988736,46.00365598916499,SELVA BAJA,HUANUCO,PUERTO INCA,0,0,0,0.0,-9.783402551230862,-74.95786992183625,294.587325230557,862.2600948072685,5,Satipo,6.124760578692076,False
858f58b7fffffff,9,11920.014968863412,2130.2029256570463,161.62576293822454,253815.78850659437,1.9809365634049896,5.977198052017716,71.31371628257962,SIERRA,ANCASH,HUARI,1,2,0,0.0,-9.263077000316407,-76.955776304518,298.69993838067893,849.7349878362484,5,Otuzco,9.089068964560283,False
85b33407fffffff,2,1425.9274127075014,1138.9569660157922,48.82851181394402,253127.33446907776,1.274498712348067,5.137536614216666,45.88195364453043,SIERRA,AREQUIPA,CAYLLOMA,0,0,0,0.0,-15.74663275266746,-71.82904627742838,281.9608880317016,897.7391731033915,5,Pisco,14.663671682983477,False
85b32443fffffff,2,9612.760980495204,3210.599860628022,150.60249987052396,252847.73622576383,0.4026083763365755,8.086695371669135,14.493901548116716,SIERRA,PUNO,MOHO,0,3,0,0.0,-15.305374608271862,-69.35591379521284,274.47810570432614,921.1945542138689,5,Pisco,18.132269096973687,False
858e6183fffffff,4,7490.86072668412,2279.871923292707,64.90587176335055,252362.41002490092,3.4789699836277164,8.891083006500368,125.2429194105978,SIERRA,HUANCAVELICA,TAYACAJA,0,5,0,0.0,-12.157741923134529,-74.58484198404098,293.0949063404227,861.0262565661515,5,Jauja,3.684432998430566,False
858e6527fffffff,1,3004.572048539555,1475.920458590992,86.27991249475677,252267.58627267144,3.3665347301498416,11.087171955065156,121.1952502853943,SELVA ALTA,JUNIN,SATIPO,0,0,0,0.0,-11.84939456620184,-74.26585952989466,292.475546186671,862.5253959237432,5,Satipo,3.2060487081471365,False
858f40bbfffffff,2,7090.541202353812,2964.581327933457,54.92189421046141,252179.3677705397,1.024981209589062,15.445199281418102,36.89932354520623,SELVA BAJA,SAN MARTIN,LAMAS,0,0,0,0.0,-6.4219969865274695,-75.96127226269486,295.093877446188,854.5733647643232,5,Picota,4.4800712737369395,False
858f514ffffffff,2,2903.661243236262,1295.7859687619382,65.73062953347348,252099.83969291413,2.010640664047516,2.5454764342503617,72.38306390571057,SIERRA,LA LIBERTAD,OTUZCO,4,0,0,0.0,-7.724445787841293,-78.86186971391285,301.1203697037901,837.2061974449051,5,Otuzco,3.030589628164307,False
858f5397fffffff,1,2901.113293540071,1294.6489223956903,65.67295120135385,251878.6232161465,1.0726821902856647,2.29403282255845,38.61655885028393,COSTA,LA LIBERTAD,ASCOPE,0,0,0,0.0,-7.52719777375933,-79.13612058066788,301.3537031439454,835.8238859797037,5,Otuzco,2.219817569864972,False
858e69a3fffffff,1,1417.8671094089736,1132.518813198022,48.55250013808399,251696.4880804144,2.7993891304549825,10.246064727485765,100.77800869637936,SIERRA,AREQUIPA,LA UNION,0,0,0,0.0,-14.966242797297657,-72.49156305501842,284.96532610301495,883.2530312457247,5,Pisco,13.413087351165814,False
858e6677fffffff,7,2484.1109561127178,1251.925679841101,51.47249325659766,251377.75139050343,0.6881432867837622,1.957300460563184,24.77315832421544,SIERRA,LIMA,CANTA,1,0,0,0.0,-11.55578821728402,-76.73287029695794,298.0110629755366,843.5181864746368,5,Pisco,3.9901554583848338,False
858e6427fffffff,3,2993.249796075449,1470.3586868048135,85.95478035078922,251316.95594856972,2.3198113206041646,6.33686777654144,83.5132075417499,SELVA ALTA,JUNIN,CHANCHAMAYO,0,0,0,0.0,-11.183838066991296,-75.22908625781207,295.0337658227032,851.8243843980744,5,Jauja,2.0498864079272607,False
858f702bfffffff,1,7006.122810432496,3630.492295975668,71.49699612476071,250100.2824410412,0.940655331363832,9.58602926264873,33.86359192909795,SELVA BAJA,AMAZONAS,CONDORCANQUI,0,0,0,0.0,-4.458407607546263,-77.95162452546555,296.3495991579369,843.936631436955,5,Chiclayo,8.616999994719663,False
858e6313fffffff,3,2464.2057312452253,1241.8939773065165,51.060043261060265,249363.45703871537,2.5545699598640748,4.489415680617854,91.96451855510668,SIERRA,LIMA,YAUYOS,0,4,0,0.0,-12.892750565125928,-75.8260188309626,295.3947419846638,844.1702630294676,5,Pisco,3.309040357147751,False
85b33627fffffff,4,1400.6124412898346,1118.736677953656,47.96164273637284,248633.47932609555,1.195093781140989,1.4297007727883724,43.02337612107561,COSTA,AREQUIPA,CAMANA,0,9,0,0.0,-16.603415978119177,-72.62745037580477,282.9214462750982,878.8074661697339,5,Pisco,9.343478203192717,False
85b33423fffffff,1,1395.6417724569546,1114.7663651295154,47.791430452306685,247751.0976978425,2.045761643893116,5.6742799510235695,73.64741918015217,SIERRA,AREQUIPA,CAYLLOMA,1,0,0,0.0,-15.99972604328357,-71.70435542480436,281.21021800222155,881.0174091749585,5,Pisco,15.096251736789782,False
858b6d8ffffffff,2,3280.778325415205,2259.965556686548,116.6202460833244,246828.16688725207,4.772803457176323,10.187267515868784,171.82092445834763,SELVA ALTA,CUSCO,LA CONVENCION,0,0,0,0.0,-12.298001499630638,-73.86763716140386,291.2212939029361,847.5622217704993,5,Jauja,8.67691499421926,False
858f51abfffffff,2,12657.120321601613,3890.180232194845,134.00972354918412,245517.59606020543,0.3938804455335291,4.019285429553983,14.179696039207045,SIERRA,CAJAMARCA,CAJABAMBA,1,7,0,0.0,-7.548623137371893,-78.10975008332923,299.92345660261,818.6008485008534,5,Otuzco,2.76152743917919,False
858f50a3fffffff,6,12654.07230440668,3889.2434206660105,133.97745207421292,245458.47188065777,1.728852161977372,4.335876053848741,62.23867783118539,SIERRA,CAJAMARCA,SANTA CRUZ,1,5,0,0.0,-6.791271670158097,-78.9143231486925,300.5034901350186,816.8240301314682,5,Chiclayo,3.7490833601805207,False
858e6c2bfffffff,16,11417.109181089943,3520.269573634383,48.64656089223889,245390.31325975517,2.596040085959201,9.716099012483092,93.45744309453126,SIERRA,APURIMAC,CHINCHEROS,1,7,0,0.0,-13.642814341019434,-73.6915660594894,289.7206940688749,846.9892495888432,5,Pisco,9.075548517161224,False
858f5d6bfffffff,8,6001.489021892439,2790.22424642319,82.37635218961285,245161.77117642484,1.5715078389417236,6.318273408034044,56.57428220190205,SIERRA,HUANUCO,HUAMALIES,0,2,0,0.0,-9.360342064426876,-76.81833390901095,298.462359699728,821.4160453032439,5,Jauja,9.50124970318575,False
858b6db3fffffff,1,2918.322456892413,1433.5525157356983,83.80315137876319,245025.96385512807,6.078013335246613,11.49247739393912,218.80848006887803,SELVA ALTA,JUNIN,SATIPO,0,0,0,0.0,-12.275333210490384,-74.15712170083177,291.97276685575656,839.2082812852829,5,Satipo,6.8992911272798665,False
858f518ffffffff,7,12622.394871110264,3879.507325749849,133.64206108708962,244844.00610371324,0.8577348341130319,4.660606794124028,30.878454028069143,SIERRA,CAJAMARCA,CAJAMARCA,2,16,0,0.0,-7.283567665401677,-78.2301722701341,299.92345660260366,816.3549756234295,5,Otuzco,3.310314883310639,False
858e660ffffffff,6,2419.1217559840184,1219.1728559975274,50.12587218190506,244801.21786134708,1.4816151239745905,2.75486033555195,53.33814446308526,SIERRA,LIMA,HUARAL,0,1,0,0.0,-11.38904143780216,-76.7169894603643,298.04926434134205,821.3448149329688,5,Pisco,5.89976821566961,False
858f58c7fffffff,7,11479.903618744378,2051.551473617147,155.65820896060197,244444.3900936764,1.1208056530799493,4.107989517283065,40.34900351087817,SIERRA,ANCASH,YUNGAY,3,23,0,0.0,-9.109228448750471,-77.67547841321213,299.9234566026196,815.0225823035589,5,Otuzco,6.258412160532316,False
858b6477fffffff,7,9291.819296545564,3103.407418430698,145.57432742209377,244405.8974645789,1.1397606767639985,7.244974737335582,41.03138436350394,SIERRA,PUNO,MELGAR,9,4,0,0.0,-14.815789809972753,-70.89012278419355,280.276553780034,872.0169210314789,5,Pisco,17.28660307118298,False
858e667bfffffff,1,2407.8780586144444,1213.506332351032,49.89289501330859,243663.42031042697,1.4964494122706609,1.1334211469807254,53.87217884174379,COSTA,LIMA,HUARAL,1,0,0,0.0,-11.529442633337425,-77.025615141264,298.5619511124746,816.1234859382125,5,Pisco,4.617351759241501,False
858f558bfffffff,3,6816.528890832934,3532.246906465068,69.56220335825319,243332.2747820336,2.608375793012549,7.371093436795679,93.90152854845176,SELVA ALTA,AMAZONAS,UTCUBAMBA,0,2,0,0.0,-6.019283727384924,-78.25123549458701,298.8150089845513,814.3241385663255,5,Chiclayo,6.369052791302238,False
858e4513fffffff,1,1431.0624214242837,946.0149289468876,33.073388663538225,243299.33963241163,1.2234493431215228,2.007800571949348,44.04417635237482,COSTA,ICA,ICA,0,0,0,0.0,-14.055037905467486,-75.93440100839085,294.52738547392823,826.0669521135197,5,Pisco,1.3836836089358258,True
85b3344bfffffff,2,1363.086881345366,1088.763204183878,46.67664237047468,241972.0287651817,1.2677401386990952,4.229948636064288,45.63864499316743,SIERRA,AREQUIPA,CASTILLA,0,0,0,0.0,-15.785822065475838,-72.55931380171951,284.02844145231444,851.9288685594762,5,Pisco,12.44995894270869,False
858b66b3fffffff,2,9196.926805706427,3071.713941553352,144.08765295174,241909.9078584519,0.7097943237671818,7.308935108415354,25.552595655618543,SIERRA,PUNO,AZANGARO,6,0,0,0.0,-14.847681452265444,-70.31951237297766,278.3632722298777,869.0439148835629,5,Pisco,17.225874621910407,False
858e6ad3fffffff,3,1421.188854903029,939.487931108624,32.8451999429318,241620.70411066615,0.8415616885045091,2.9506087593054877,30.296220786162323,COSTA,ICA,PALPA,0,0,0,0.0,-14.360962810032692,-75.22351176779196,292.66075441155607,825.5999496635121,5,Pisco,2.7917367841182568,False
858b66d7fffffff,7,9180.539515870005,3066.240692965184,143.83091434974253,241478.86737524185,1.1592400244882544,7.3143459451816115,41.73264088157716,SIERRA,PUNO,HUANCANE,0,5,0,0.0,-15.040592708420176,-69.76321314673994,276.23587355793893,874.1763488752412,5,Pisco,17.006306087458142,False
858e6c47fffffff,7,9928.07859848418,3201.068840221248,77.62762170331888,241124.9123590871,1.086835016026664,6.595750821168582,39.1260605769599,SIERRA,AYACUCHO,HUAMANGA,0,0,0,0.0,-13.362698062828116,-74.10571532002197,291.0376011196218,828.5008927763266,5,Pisco,5.719283426500624,False
858f54a3fffffff,5,12357.554737076043,3798.108411310093,130.83801464960078,239706.74649045267,1.575402754637123,5.364283570202173,56.71449916693641,SELVA ALTA,CAJAMARCA,JAEN,5,4,0,0.0,-5.625495485496955,-78.79651617791106,299.1529759989475,801.2848466240764,5,Chiclayo,4.861796500543278,False
858f464bfffffff,9,6713.041279441746,3478.620815965315,68.50611947979492,239638.03739305367,1.514040210326248,7.875454120921095,54.50544757174494,SIERRA,AMAZONAS,BONGARA,0,3,0,0.0,-5.981509812190612,-77.80957032704283,298.0836525492392,803.9288144238934,5,Picota,6.026390274127152,False
858e6c0bfffffff,9,9866.473475550718,3181.205758209548,77.14593140135095,239628.69839171684,2.019974865138848,7.639697367378517,72.71909514499852,SIERRA,AYACUCHO,HUAMANGA,0,10,0,0.0,-13.290886360143196,-73.95330137669055,290.7147704791288,824.2742465296254,5,Pisco,6.49754356630001,False
858f58c3fffffff,5,11213.475501534249,2003.9386177406388,152.04565915888074,238771.27115660644,1.025789614327247,3.747217369335079,36.928426115780894,SIERRA,ANCASH,HUAYLAS,92,14,4,72197220.9972,-9.011421099718325,-77.8130175404003,300.1243234278058,795.5745420082299,5,Otuzco,5.264481427060673,False
858f5503fffffff,5,7200.213877173615,3493.3301215044244,73.90928256322483,238649.3484556909,4.303069971939765,8.855593804258994,154.9105189898315,SIERRA,AMAZONAS,LUYA,0,4,0,0.0,-6.352081620831764,-78.28423612757014,299.2068022183918,797.6066943875833,5,Chiclayo,8.957229362527869,False
858f7067fffffff,1,6671.071526165829,3456.872572314015,68.07782106589084,238139.82683747253,1.6991406280218864,10.373551838538548,61.16906260878791,SELVA BAJA,AMAZONAS,CONDORCANQUI,0,4,0,0.0,-4.525724513543885,-78.10359938681572,296.6867212879834,802.6642574485784,5,Chiclayo,8.464080666792142,False
858f5d27fffffff,1,5755.757943194096,2675.978463187942,79.0034509297843,235123.617933618,1.5751707616418864,8.502373724282513,56.70614741910791,SELVA ALTA,HUANUCO,LEONCIO PRADO,0,0,0,0.0,-9.345275321422418,-76.0848172915161,297.01688588488497,791.6170059932048,5,Picota,6.691170574500575,False
858e6303fffffff,3,1767.938868712345,1018.830060323714,38.57821802684731,234910.3275999984,2.6069697501968068,4.578359944029866,93.85091100708505,SIERRA,LIMA,YAUYOS,0,0,0,0.0,-13.058926945596935,-75.84145056722599,295.2931430690353,795.5156870848155,5,Pisco,4.104945345996384,False
858f548ffffffff,2,12092.01825285052,3716.495472852229,128.026595469003,234555.97936358384,2.115168091780872,6.502498312504496,76.14605130411138,SELVA ALTA,CAJAMARCA,JAEN,0,11,0,0.0,-5.428311548346646,-79.06901170618615,299.27603107948966,783.7446203678244,5,Chiclayo,5.854208516862855,False
858f51c7fffffff,8,12089.879646105272,3715.8381696526526,128.0039525540722,234514.49555260068,0.7205496317533036,3.827805633104207,25.93978674311893,SIERRA,CAJAMARCA,CAJAMARCA,1,7,0,0.0,-7.253656624643056,-78.52058728651579,300.329283900313,780.8579053864161,5,Chiclayo,3.3164476883175666,False
858e612bfffffff,12,6951.928930538865,2115.8459834932405,60.23620303954286,234206.13508178512,0.579109750980404,6.364397004107455,20.847951035294543,SIERRA,HUANCAVELICA,ANGARAES,0,2,0,0.0,-12.986880508807772,-74.6583085513748,292.70523347274485,800.1433124481293,5,Jauja,4.148854111459514,False
858e660bfffffff,8,2306.287514352164,1162.307407086434,47.78786883015566,233383.04112029925,0.6241100922236609,1.733602643929318,22.46796332005179,SIERRA,LIMA,HUARAL,0,0,0,0.0,-11.292463907083349,-76.85526334639478,298.3436884356003,782.2623711065256,5,Pisco,4.770736408319863,False
858f5447fffffff,1,5410.292213109475,1714.5422161299552,59.51323065528342,232678.5088436541,2.0040687691342547,2.3557718581027363,72.14647568883316,SIERRA,PIURA,HUANCABAMBA,1,0,0,0.0,-5.797623189833307,-79.54615507174503,300.29833152399493,774.824514218329,5,Chiclayo,2.363652181080397,False
858f5113fffffff,3,11984.59692127228,3683.479405215696,126.88925122463196,232472.2647093378,1.1884456301833566,4.749834649411745,42.784042686600834,SIERRA,CAJAMARCA,CAJAMARCA,2,0,0,0.0,-7.352049784340484,-78.38366171507334,300.20163960726194,774.3870586898495,5,Otuzco,5.40781587264064,False
858e6dcffffffff,15,10981.837077752944,3365.2680284344437,41.54221970064801,231912.69726765784,1.2801094884973785,10.848705539531997,46.083941585905634,SIERRA,APURIMAC,ANDAHUAYLAS,1,13,0,0.0,-13.684222322622224,-73.11214295460539,288.1317988974224,804.884077894578,5,Pisco,9.908424046872824,False
858f4e87fffffff,1,16048.411917073518,3925.601773869446,47.15074034700327,231695.5214296401,4.436858646260168,14.28116356388373,159.72691126536606,SELVA BAJA,UCAYALI,CORONEL PORTILLO,0,0,0,0.0,-8.095953433582833,-75.09822913981337,294.4262832154389,786.9389882563671,5,Satipo,9.784199217770947,False
858f550ffffffff,4,11930.573447897295,3666.875229632472,126.31726719128174,231424.3396697684,2.926399536984704,7.681188482031273,105.35038333144932,SELVA ALTA,CAJAMARCA,CELENDIN,0,2,0,0.0,-6.518586015752922,-78.30076286084638,299.3914718559984,772.982404058186,5,Chiclayo,7.177395503535081,False
858e6963fffffff,2,1300.9716938764186,1039.1488094870235,44.54961112181252,230945.4844306371,3.338525047916981,9.412841585330549,120.18690172501134,SIERRA,AREQUIPA,LA UNION,1,0,0,0.0,-15.421748151458251,-73.11279463795177,286.08569946856124,807.2597996322299,5,Pisco,15.038212400590055,False
858b6977fffffff,1,15969.063126611083,3906.1922675455,46.91761109812335,230549.94020478096,9.93863947133553,16.072958060084797,357.7910209680791,SELVA BAJA,UCAYALI,ATALAYA,0,0,0,0.0,-10.570600450529888,-73.57542783107496,291.0890156292431,792.0255585955532,5,Satipo,7.385537049151026,False
858f7357fffffff,1,6455.563409897253,3345.1987440065445,65.87857572426405,230446.7500522855,1.2295682941036032,8.050090077048631,44.26445858772972,SELVA BAJA,AMAZONAS,BAGUA,0,0,0,0.0,-5.157918825257167,-78.45755966351416,298.0951167546948,773.0644921698675,5,Chiclayo,6.559373359767051,False
858f5537fffffff,5,6437.378759732807,3335.7756673472654,65.69300263376648,229797.60554464895,1.4927405498005937,8.08824138444498,53.738659792821366,SIERRA,AMAZONAS,LUYA,0,1,0,0.0,-6.646867823750748,-77.8746393359886,298.84954457347067,768.9407921722778,5,Picota,7.758526699274626,False
858f4243fffffff,4,2646.305549762547,1180.9385851833488,59.90482881878778,229755.8664694841,2.6297011866719155,9.49236105741728,94.66924272018896,SIERRA,LA LIBERTAD,BOLIVAR,0,0,0,0.0,-7.078075653393664,-77.77056980852585,299.0453719630983,768.2976832620424,5,Otuzco,9.20073087864148,False
858e61affffffff,8,7558.48576423924,2349.00940741318,63.219671284526605,229378.9876166756,1.1949355703601896,8.59025003467924,43.01768053296682,SIERRA,HUANCAVELICA,CHURCAMPA,1,6,0,0.0,-12.67819296405104,-74.33830147638118,292.1611401793576,785.111214571041,5,Jauja,6.187626032748085,False
858e64b7fffffff,1,3944.858185688776,2017.4462062954185,88.82821987436857,229286.5378062008,2.012399733724801,8.093292548453832,72.44639041409285,SELVA ALTA,PASCO,OXAPAMPA,0,0,0,0.0,-10.614450091916924,-75.0319022845899,294.71851435055106,777.9848453411969,5,Satipo,3.9035023550968617,False
858f54c7fffffff,3,5929.477386192471,1868.6458566579904,64.77417534135115,229234.2533056576,2.0021438806564986,5.206651730695001,72.07717970363396,SIERRA,PIURA,HUANCABAMBA,0,8,0,0.0,-5.397205850360101,-79.35845143485803,299.59945236962585,765.1357553979893,5,Chiclayo,5.139092257475568,False
85b33543fffffff,5,1290.9438041009255,1031.1390504961712,44.20622272068636,229165.3566439073,0.939746704762132,2.161300056544548,33.830881371436746,SIERRA,AREQUIPA,AREQUIPA,1,80,5,13855924.16,-16.341506286159397,-71.44176998369855,279.88044975008074,818.7973002349415,5,Chiclayo,inf,False
858f5417fffffff,2,11809.071210855189,3629.531379791528,125.030838621204,229067.48942290756,2.807988228706852,7.143317466286723,101.08757623344664,SELVA ALTA,CAJAMARCA,JAEN,0,9,0,0.0,-5.594598798057684,-79.0859287212789,299.49928355542545,764.8348493645602,5,Chiclayo,6.438121675662842,False
858f539bfffffff,1,2636.201183894711,1176.4294174747265,59.67609472279897,228878.5916078199,0.6983782613539293,1.9349650540907068,25.141617408741457,COSTA,LA LIBERTAD,PACASMAYO,0,15,0,0.0,-7.49675347276716,-79.42745821878088,301.69257231519646,758.6484143490832,5,Chiclayo,1.7912381914065918,True
858f55dbfffffff,4,7402.445228791952,3377.759654712041,76.37309936567743,228832.14405502976,1.564314854499528,5.458589704642452,56.31533476198301,SELVA ALTA,AMAZONAS,CUTERVO,0,32,0,0.0,-5.890351555410216,-78.67693513707326,299.29141889632825,764.5797026151796,5,Chiclayo,5.32797972460321,False
858e648bfffffff,1,3929.2196757497454,2009.4484910256865,88.47608021966279,228377.58249486,3.680204843088929,7.892673935906448,132.48737435120145,SELVA ALTA,PASCO,OXAPAMPA,0,0,0,0.0,-10.397176961825926,-75.5965771544367,296.0168921740159,771.5018586189548,5,Satipo,3.8765956694842316,False
858f408ffffffff,2,6380.789374022854,2667.831480821914,49.42430048400029,226936.6165849082,2.425814915692688,12.975696199277465,87.32933696493676,SELVA BAJA,SAN MARTIN,LAMAS,0,8,0,0.0,-6.324677691633672,-76.09722391303458,295.2818578957504,768.5423622098327,5,Picota,2.5943872370289682,False
858f424bfffffff,4,7281.418437044994,2414.1157864280567,92.37457740428776,226748.88576545785,2.918169825848003,9.017461689129036,105.05411373052812,SIERRA,LA LIBERTAD,BOLIVAR,1,1,0,0.0,-7.146578877604994,-77.92362432881603,299.34528664098434,757.4827327660782,5,Otuzco,5.943582713116484,False
85b3045bfffffff,1,2025.777396020275,1215.1674294615418,68.6203503213562,225994.849126046,1.9190022940435625,2.793607861725796,69.08408258556824,COSTA,TACNA,TACNA,0,13,0,0.0,-18.004527016290623,-70.70364102870965,274.60137523058216,822.9924155925244,5,Pisco,14.968355885912388,False
858f4aa7fffffff,2,5532.088011719497,2571.9893925223687,75.93336066015851,225986.6660273174,1.0889390605618663,11.3017813708177,39.2018061802272,SELVA BAJA,HUANUCO,PUERTO INCA,0,5,0,0.0,-9.617230545322773,-74.94311236437899,294.53862262992004,767.2564772982715,5,Satipo,6.508575721818488,False
858b6c27fffffff,1,3000.1839250723715,2066.677983655028,106.6460921564684,225717.7489907049,6.441284126644836,13.095962608283912,231.8862285592141,SELVA ALTA,CUSCO,LA CONVENCION,0,0,0,0.0,-12.270552602713847,-73.13904648540591,289.29120094195883,780.2440871196465,5,Jauja,12.120745135700417,False
858e62b3fffffff,6,2227.4433389644905,1122.5720451732184,46.15416310699638,225404.4637260725,3.024195097314644,3.498854841630191,108.87102350332717,SIERRA,LIMA,HUAROCHIRI,0,2,0,0.0,-12.177670825637346,-76.34917482106428,296.95232283961826,759.0594394771306,5,Pisco,5.69127626514819,False
858f734bfffffff,4,11598.795157330189,3564.902797148537,122.8045000002614,224988.64132328285,1.0328966284238,6.103274731672638,37.1842786232568,SELVA ALTA,CAJAMARCA,SAN IGNACIO,0,10,1,20800.0,-5.293101023073031,-78.76301738818782,298.6999383806771,753.2262729714622,5,Chiclayo,5.640354890794697,False
858b652bfffffff,4,2988.8063015734638,2058.8405028276006,106.24165725697908,224861.75761511768,1.5555907967670242,9.028445900415544,56.00126868361287,SIERRA,CUSCO,CHUMBIVILCAS,0,2,0,0.0,-14.091024717875149,-71.98562809252185,284.4944733173368,790.3906005383018,5,Pisco,14.519792803837845,False
858f464ffffffff,7,6297.765074479441,3263.429460687803,64.26825468349364,224813.7616898841,1.9270175630114423,8.541253070335994,69.37263226841193,SIERRA,AMAZONAS,CHACHAPOYAS,0,3,0,0.0,-6.07963662253097,-77.67329537371339,297.96523210731164,754.4966239850355,5,Picota,6.637189434913125,False
858e6c63fffffff,5,9252.354385454748,2983.1979096625605,72.34413577354084,224713.48490820936,0.8247075727729287,7.036915493364553,29.68947261982544,SIERRA,AYACUCHO,VILCAS HUAMAN,0,4,0,0.0,-13.621548727904344,-73.98198418943058,290.4876798186087,773.5732029961781,5,Pisco,6.246460515547369,False
858b62abfffffff,1,8496.277156722059,2837.701500180613,133.11062055859554,223480.4807674698,4.492319520520342,11.81105675469801,161.7235027387323,SIERRA,PUNO,CARABAYA,0,0,0,0.0,-13.46911234970768,-70.07504484207074,278.9335972778624,801.1959941306302,5,Pisco,20.528032359570716,False
858f5903fffffff,10,5466.785261813441,2541.628707785411,75.03701605208067,223319.03841502665,1.6743152749214132,6.152604943422037,60.27534989717087,SIERRA,HUANUCO,LAURICOCHA,0,9,0,0.0,-10.05481537722988,-76.59056660925015,298.07983131069307,749.1920450741865,5,Jauja,6.567405175082968,False
858e6ccffffffff,6,9182.99710125518,2960.835330731377,71.80183134204334,223028.99289818056,1.7751051185292483,7.203979935416858,63.90378426705294,SIERRA,AYACUCHO,HUAMANGA,4,2,0,0.0,-13.03178095474752,-74.07690706345126,291.24335002209176,765.7822672389364,5,Jauja,5.571253594920563,False
858f5c53fffffff,5,2965.8383125060163,1181.6073191113708,62.32262788866481,222737.9670310499,2.293045686296661,5.081395696249186,82.5496447066798,SIERRA,LA LIBERTAD,SANTIAGO DE CHUCO,0,0,0,0.0,-8.078599757458077,-77.86847265434686,299.85397797615525,742.8214510756375,5,Otuzco,3.8237325986265205,False
85b32653fffffff,6,8462.938802945624,2826.566706107883,132.58831074245774,222603.57065819224,0.4183136147175072,5.696394300185531,15.05929012983026,SIERRA,PUNO,LAMPA,3,0,0,0.0,-15.661661797225648,-70.38053433491055,277.51311690622634,802.1371138770769,5,Pisco,15.407233900785286,False
858e693bfffffff,2,1245.0237194066667,994.4604651232636,42.63376582140177,221013.72947574628,1.098448772706751,7.174596855787276,39.54415581744304,SIERRA,AREQUIPA,LA UNION,0,3,0,0.0,-15.276119541029018,-72.80849790502765,285.4516994133541,774.2596380752418,5,Pisco,13.7338482408868,False
858e66dbfffffff,4,2181.136932941946,1099.2348513582162,45.194662418886,220718.5215815483,2.1440185220150787,2.857915310220883,77.18466679254283,SIERRA,LIMA,OYON,0,0,0,0.0,-10.765111605361303,-77.09963829621604,298.94167200753736,738.3330671141199,5,Pisco,7.19962109143853,False
858e6c3bfffffff,17,10407.074570058125,3189.1381261791494,39.36800147091998,219774.95360017457,1.1686649259362,9.02109740477237,42.07193733370319,SIERRA,APURIMAC,CHINCHEROS,0,25,0,0.0,-13.477637145946897,-73.67739070729667,289.83734998593656,758.2699524779621,5,Pisco,7.621473358885851,False
858f099bfffffff,2,5096.647446169904,1615.14699446649,56.06313727336435,219189.70014284423,1.6022725896224994,2.876061998219947,57.68181322640997,COSTA,PIURA,AYABACA,0,0,0,0.0,-4.472072201959184,-80.1402889733835,299.1991117702524,732.5880710205939,5,Chiclayo,5.25252783682663,False
85b30403fffffff,2,1951.8171662855104,1170.802208274979,66.11505191876866,217743.8779220665,0.9383402822044862,2.934313101452666,33.7802501593615,COSTA,TACNA,TACNA,1,30,13,7146350.7076,-18.02837526475729,-70.12796613205313,272.6927737938593,798.4952255708426,5,Pisco,15.697827070785934,False
858f4eabfffffff,2,15080.633804602963,3688.873585768501,44.30737773078916,217723.4315084869,2.4431871244654184,12.287492042088964,87.95473648075505,SELVA BAJA,UCAYALI,PADRE ABAD,0,0,0,0.0,-8.428013511299236,-75.1278048910089,294.65103350160035,738.919626111898,5,Satipo,9.647470039082691,False
858f4a93fffffff,1,15075.071305796611,3687.5129430273873,44.29103493386606,217643.1241193166,1.419971068464957,10.994851311008023,51.11895846473844,SELVA BAJA,UCAYALI,PADRE ABAD,0,0,0,0.0,-8.996221397167323,-75.32392854568889,295.29690495320835,737.0315112303786,5,Picota,8.168446800904348,False
858e6537fffffff,1,2590.317197200325,1272.4281807275509,74.3840844877531,217486.2364628414,0.1911116648996512,9.406633841921485,6.880019936387443,SELVA ALTA,JUNIN,SATIPO,0,0,0,0.0,-11.683571100716652,-74.25141948856948,292.51627523247856,743.5013189949628,5,Satipo,1.6836468686524313,True
858f42dbfffffff,7,6078.6699923163815,3149.896907890596,62.03240460432562,216992.639592391,1.3434524831445127,8.456080977672029,48.36428939320246,SIERRA,AMAZONAS,CHACHAPOYAS,0,1,0,0.0,-6.57855740775637,-77.72185438328337,298.5389635633135,726.8486397969681,5,Picota,7.335160818772238,False
85b33637fffffff,2,1222.2298780434064,976.2539251748874,41.85322864792966,216967.4195057053,1.6683596173106314,2.095068014621018,60.06094622318274,COSTA,AREQUIPA,CAMANA,0,6,0,0.0,-16.44007183750293,-72.61379204592258,283.15629966421204,766.2461324823129,5,Pisco,9.70271910784686,False
858b6567fffffff,4,2869.4659550609144,1976.6328539437752,101.99952347117956,215883.22994770692,0.7933167859795808,9.675831322817308,28.55940429526491,SIERRA,CUSCO,PARURO,0,1,0,0.0,-14.018180933633673,-71.83541186854181,284.11660735401784,759.840235874385,5,Pisco,15.71334115144964,False
858e6973fffffff,2,1213.6276342757374,969.3828983784048,41.55865912237541,215440.36909910096,2.546107646922435,8.448113788054712,91.65987528920766,SIERRA,AREQUIPA,LA UNION,3,0,0,0.0,-15.257538407991914,-73.09889143791682,286.27492831868545,752.5645726798317,5,Pisco,12.53527528851373,False
85b330bbfffffff,2,1213.327772415378,969.1433842547156,41.54839085187256,215387.1383155805,0.9584547271376652,1.2458765225418815,34.504370176955945,COSTA,AREQUIPA,AREQUIPA,1,0,0,0.0,-16.65178942039668,-71.75676308731954,280.32483893360177,768.3483887298246,5,Pisco,11.247386335149713,False
858f486bfffffff,1,5256.983158705329,2444.08709554428,72.15727539560179,214748.589480288,1.956510167537688,13.219616342652218,70.43436603135676,SELVA BAJA,HUANUCO,PUERTO INCA,0,0,0,0.0,-9.547040549902317,-74.79156958286255,294.17191142504714,730.0105181354284,5,Satipo,7.609833632886875,False
858f5807fffffff,2,10072.002112379749,1799.9481060266737,136.56820314245024,214465.5996382116,1.6575662587370057,3.8568989666569182,59.67238531453221,SIERRA,ANCASH,HUARAZ,0,0,0,0.0,-9.471526071162668,-77.41653632780502,299.55321367207625,715.9515900670294,5,Otuzco,6.119981630035909,False
858f4883fffffff,1,14848.565107961527,3632.107265717481,43.62555258107657,214372.9892370849,1.5238040453821164,15.516933898213365,54.85694563375619,SELVA BAJA,UCAYALI,CORONEL PORTILLO,0,0,0,0.0,-8.673124969725377,-74.28069555083499,292.7052334727498,732.3852282847637,5,Satipo,11.666953915177146,False
858e6cc7fffffff,5,8822.71619329019,2844.6714651079283,68.98479582474751,214278.78997664305,2.114141997259631,8.230653413362486,76.10911190134672,SIERRA,AYACUCHO,LA MAR,1,0,0,0.0,-12.960059557372649,-73.92468273489631,290.9128003033778,736.5739484587231,5,Jauja,7.063878126333293,False
858f5e2ffffffff,1,10052.962659406008,1796.5456020421134,136.31004355784856,214060.18791835324,1.3209384775093624,0.8922333780689473,47.553785190337045,COSTA,ANCASH,SANTA,0,10,0,0.0,-9.218866613860198,-78.27543558578768,300.891218629834,711.4205223173926,5,Otuzco,3.671477850715746,False
858e661bfffffff,4,2114.7976852324387,1065.801639534685,43.820067426672445,214005.3709965803,1.576785092824383,2.491839648247693,56.76426334167778,SIERRA,LIMA,HUARAL,0,0,0,0.0,-11.12565316224896,-76.83932437177694,298.37047829794875,717.247135900883,5,Pisco,5.605442986025082,False
858b61d7fffffff,6,2839.797908191113,1956.196007131997,100.9449277065206,213651.16520646252,1.0282385478664997,9.603543191557147,37.01658772319398,SIERRA,CUSCO,QUISPICANCHI,0,2,0,0.0,-13.781210562476428,-71.67245732523641,283.852246383748,752.6844262406204,5,Pisco,14.874330026426833,False
858e6603fffffff,8,2104.216877357358,1060.469194516606,43.6008257858515,212934.6540525615,1.1687050701983452,2.303531165396149,42.07338252714043,SIERRA,LIMA,HUARAL,1,0,0,0.0,-11.222280981991885,-76.70112601348728,298.0798313106925,714.3544503372216,5,Pisco,5.278077393044441,False
858e6a17fffffff,2,1247.7124893151413,824.8100322212672,28.83597492442004,212127.4517147594,0.9661421847684928,4.084079701919487,34.781118651665736,COSTA,ICA,NASCA,0,0,0,0.0,-14.807221469109844,-74.82138499083659,291.2029159301162,728.4523612588632,5,Pisco,3.39489717548895,False
858b65dbfffffff,1,2817.9157768803266,1941.122491592659,100.16709413010284,212004.87099719315,1.594458123458206,6.785344524650103,57.40049244449542,SIERRA,CUSCO,ESPINAR,0,0,0,0.0,-14.945949851509775,-71.47600170649628,281.96785428078965,751.8760304714527,5,Pisco,16.644536237539796,False
858f732ffffffff,2,5933.724690669228,3074.78791890966,60.55324787947667,211818.47095999483,0.6054841436762683,7.13064334519287,21.79742917234566,SELVA ALTA,AMAZONAS,BONGARA,0,0,0,0.0,-5.717175288772458,-77.92953560450388,297.98050775808304,710.8467347534045,5,Picota,4.922171906305266,False
85b330cbfffffff,1,1191.8117895344178,951.9575314794924,40.81161181604719,211567.67082613896,1.7709132847488374,1.755104289238563,63.75287825095815,COSTA,AREQUIPA,CAYLLOMA,0,0,0,0.0,-16.530127523859115,-72.47521082308057,282.61697151552244,748.6021440666341,5,Pisco,9.540257798415041,False
858e664ffffffff,2,2086.0045001415924,1051.2906420565137,43.223452761865445,211091.66615352692,0.955559401337314,0.782458692689636,34.40013844814331,COSTA,LIMA,HUARAL,22,152,7,15707966.04,-11.432711181917142,-77.16403133342669,298.849544573482,706.3476253738213,5,Pisco,4.1953810989380145,False
858f40abfffffff,3,5934.455045974893,2481.2174583961705,45.96708529436005,211062.46742629976,2.013663055022948,13.853656601355803,72.49186998082611,SELVA BAJA,SAN MARTIN,SAN MARTIN,0,9,0,0.0,-6.587821863642068,-75.97647804290243,295.2818578957319,714.7830514559714,5,Picota,1.9531862449457549,True
858f5c97fffffff,1,5917.116385194554,2473.9681006202504,45.83278354419002,210445.8075143424,4.0407217488101805,9.84937660847461,145.4659829571665,SELVA BAJA,SAN MARTIN,MARISCAL CACERES,0,0,0,0.0,-7.734165694686877,-77.1027610334714,298.35516931424934,705.3533142999966,5,Otuzco,6.481935033087211,False
858f4c63fffffff,4,14534.088062910045,3555.1830409235035,42.70160910474167,209832.79402603488,2.989495042713913,12.833799960337467,107.62182153770088,SELVA BAJA,UCAYALI,CORONEL PORTILLO,40,0,0,0.0,-8.315349123126976,-74.53865912241987,293.1989651459943,715.666898488375,5,Satipo,9.845116633805446,False
858f54d7fffffff,3,5337.249396177904,1683.4133400403468,58.36527291014093,209811.65577385627,1.8634267535976916,5.067934603636192,67.0833631295169,SIERRA,PIURA,HUANCABAMBA,0,0,0,0.0,-5.23095828203357,-79.34139433103876,299.3683777640614,700.847756001849,5,Chiclayo,5.242760730379814,False
858b6037fffffff,1,2777.514396208928,1913.291983187801,98.73096572133316,208965.2877819592,3.39902319737448,11.78470514559769,122.36483510548126,SIERRA,CUSCO,QUISPICANCHI,0,7,0,0.0,-13.726551859162758,-71.23685702546148,282.5435594212221,739.5860950078469,5,Pisco,16.767646742731813,False
85b32697fffffff,3,7905.355703133518,2640.337564846839,123.852692652333,207937.27188812,0.7242060751127789,7.293120189624865,26.07141870406004,SIERRA,PUNO,HUANCANE,0,0,0,0.0,-15.29143809504932,-69.63912562779942,275.49030595619405,754.789796201338,5,Pisco,17.05371970258966,False
858f4e27fffffff,3,14395.209667307634,3521.211998869868,42.293579998516456,207827.7668338939,1.4447202926786773,11.205173673925158,52.00993053643239,SELVA BAJA,UCAYALI,PADRE ABAD,0,0,0,0.0,-8.856551610461258,-75.02083613066903,294.5610990856457,705.5506225330403,5,Satipo,8.597788982733618,False
858e6cc3fffffff,5,8552.181458373538,2757.444082533476,66.86948540980738,207708.2674329529,2.629168665872886,8.158891208903395,94.6500719714239,SIERRA,AYACUCHO,LA MAR,1,24,0,0.0,-12.866265506797042,-74.06252708288615,291.3352804932602,712.9526745998005,5,Jauja,6.572828596436011,False
858e6443fffffff,1,3569.613050151193,1825.5414940126047,80.37864936072036,207476.20802852625,0.2376343068117858,4.769105185002799,8.55483504522429,SIERRA,PASCO,PASCO,0,0,0,0.0,-10.774601361631792,-76.07079252284765,296.9599172779375,698.6673822189289,5,Jauja,2.986269193381304,False
858e65a3fffffff,1,2468.4800354220965,1212.5787390166906,70.88538334595664,207256.63763027336,3.0406464344273143,9.68880264972846,109.46327163938332,SELVA ALTA,JUNIN,SATIPO,0,0,0,0.0,-11.351882829430362,-74.22258755367193,292.5755343580164,708.3867695398593,5,Satipo,2.0747598906600615,False
85b3318ffffffff,5,2630.1229997270143,1613.376721898464,60.02093171607329,205681.3384771929,0.5711128750861546,1.5942521927037665,20.560063503101567,COSTA,MOQUEGUA,MARISCAL NIETO,15,6,0,0.0,-17.182881271359168,-70.92902445154603,276.86313122159163,742.8989825032814,5,Pisco,13.453467589904903,False
858f5d3bfffffff,1,5024.41976503263,2335.96325869497,68.96511359147125,205248.33824336744,2.876002217804174,10.603909171341398,103.53607984095026,SELVA ALTA,HUANUCO,LEONCIO PRADO,0,0,0,0.0,-9.151500956428384,-76.35925067650123,297.5342335990585,689.8310011611952,5,Picota,7.563072670585825,False
858f0ba3fffffff,9,4771.299210294622,1512.0428989058223,52.48430569786856,205197.56452492988,0.7374257815701557,1.4182416483236766,26.547328136525607,COSTA,PIURA,SECHURA,9,10,0,0.0,-5.405826772340926,-80.8257807375843,301.1009388427087,681.4909488944586,5,Chiclayo,3.5109367508921423,False
858e6223fffffff,3,2022.3247913134012,1019.1977669091128,41.90396525057877,204647.6456177123,0.9410363680077908,1.5875989467119076,33.87730924828046,COSTA,LIMA,CAÑETE,2,4,0,0.0,-12.747768595214028,-76.55090603360328,296.95991727793194,689.1423175679889,5,Pisco,1.5706010534777306,True
858f5513fffffff,5,5731.579018538018,2970.0383555356952,58.490365351142856,204602.39852418657,4.514260096107956,8.687915571770365,162.51336345988642,SELVA ALTA,AMAZONAS,LUYA,0,16,0,0.0,-6.185646589682246,-78.2677270139588,299.01463980072066,684.2554553868819,5,Chiclayo,8.267294509063504,False
858e6367fffffff,1,1200.2547575623198,793.4377300351451,27.73917580241608,204059.0162481765,2.1019907075606645,2.4904082396983824,75.67166547218392,COSTA,ICA,CHINCHA,0,0,0,0.0,-13.557202267338395,-75.88784848232712,294.94363664458814,691.8576666702965,5,Pisco,0.7585677171082352,True
85b3312bfffffff,1,1822.5612394995,1093.26773059555,61.7366898170924,203324.14269842432,1.13439561873038,1.3521609986906884,40.83824227429368,COSTA,TACNA,JORGE BASADRE,2,24,0,0.0,-17.83032501411928,-70.97970476767546,275.8123014962887,737.1830103131214,5,Pisco,14.562461811949106,False
858f598bfffffff,6,4976.688306604725,2313.7718538391323,68.30995227806422,203298.5006536739,1.4827778450315188,5.486677476446778,53.38000242113467,SIERRA,HUANUCO,YAROWILCA,0,4,0,0.0,-9.721293922628588,-76.55913323448358,298.0110629755394,682.1844082693015,5,Jauja,7.5175435932324035,False
858f4e23fffffff,1,14075.539100743956,3443.0173868646034,41.3543777921855,203212.59126459764,2.5728700214370805,12.417174939060638,92.6233207717349,SELVA BAJA,UCAYALI,PADRE ABAD,0,0,0,0.0,-8.76022910430477,-75.15744556559564,294.8460484743321,689.2159223978488,5,Picota,8.657597549725324,False
858f511bfffffff,4,10474.860276082069,3219.4601414566605,110.904620810025,203187.0163753632,1.9097583003842264,4.204514218387524,68.75129881383216,SIERRA,CAJAMARCA,CAJAMARCA,3,2,0,0.0,-7.420521418205,-78.53729213883717,300.4725078307598,676.2249825857867,5,Chiclayo,4.957268249963818,False
858f4a53fffffff,1,4971.857912012343,2311.526097150702,68.24365035120817,203101.1782742728,1.6805470802900329,8.209999266821816,60.499694890441184,SELVA ALTA,HUANUCO,LEONCIO PRADO,0,14,0,0.0,-9.44199792953636,-75.94760822494284,296.74739529826155,684.4244683938516,5,Jauja,6.679576837610512,False
858e6c77fffffff,9,8638.835026190993,2750.6842085949697,58.78628638392999,202933.6564912705,1.7709371161730514,8.244161306346776,63.75373618222985,SIERRA,APURIMAC,CHINCHEROS,3,0,0,0.0,-13.549612159988245,-73.8295844648116,290.16586481861737,699.3712255510284,5,Pisco,7.992991178878583,False
858f50c7fffffff,3,2018.4891159089436,794.8961537534223,45.4622785757619,202403.9307553297,1.3836366014856418,1.6352899552859517,49.81091765348311,COSTA,LAMBAYEQUE,CHICLAYO,0,0,0,0.0,-6.563124583594115,-79.47835641395353,301.00769979182934,672.4211071521029,5,Chiclayo,1.3278735287640302,True
858f58affffffff,3,9487.63540811736,1695.517057380515,128.64466322586318,202022.53675559,1.705191989400335,5.047895237717383,61.38691161841205,SIERRA,ANCASH,HUARI,4,1,0,0.0,-9.499475561084756,-77.12521075059469,299.04537196308735,675.5581450045869,5,Otuzco,7.573532086753403,False
858e62a7fffffff,5,1993.5006408549375,1004.6711637113945,41.30670896198603,201730.80725742877,2.74393751813043,3.674161665512538,98.78175065269548,SIERRA,LIMA,YAUYOS,0,0,0,0.0,-12.439987863085287,-76.22630298079477,296.5427033496318,680.2757409936427,5,Pisco,3.6423223125893855,False
858f5493fffffff,4,10396.266843423806,3195.3043611259864,110.07249755325704,201662.49340630803,0.7821646408098146,6.691476243278574,28.157927069153324,SELVA ALTA,CAJAMARCA,SAN IGNACIO,1,68,7,35697157.3764,-5.095990563693081,-79.03523126738843,298.80733531254066,674.8913750573661,5,Chiclayo,6.456277400688123,False
858f5ebbfffffff,2,3015.6051269885256,1094.1176761922038,59.72715610462336,200191.64029819024,2.6098301187440347,2.42888732182818,93.95388427478524,SIERRA,ANCASH,PALLASCA,0,0,0,0.0,-8.550358511111169,-78.2089477309084,300.59646900149374,665.9813435705909,5,Otuzco,4.124690854980145,False
858e656bfffffff,1,2378.9946138582904,1168.621276090861,68.31570146868746,199743.33092975125,1.0108497006855215,7.825604858769191,36.390589224678784,SIERRA,JUNIN,HUANCAYO,0,0,0,0.0,-11.873100913898751,-74.99835926383949,294.2242521386217,678.8812597122129,5,Jauja,3.145095560219488,False
858b6443fffffff,5,7590.802618350976,2535.278873362458,118.92460997074372,199663.47463346284,1.58359739523817,7.453787421110777,57.009506228574125,SIERRA,PUNO,LAMPA,0,0,0,0.0,-15.084354114988956,-70.48033757907977,278.6089223220578,716.6442229106431,5,Pisco,17.632220995970783,False
858e66d7fffffff,6,1965.476149667076,990.547567462108,40.72602216531247,198894.8898193077,1.0652210186701636,2.8023341909628883,38.34795667212589,SIERRA,LIMA,OYON,0,5,0,0.0,-10.79200634489171,-76.8074986708956,298.40110019320264,666.5353770161414,5,Pisco,6.141956378001851,False
858e618bfffffff,10,5899.557652823849,1795.552786692051,51.11774820624363,198752.4053202513,0.9885494554523876,8.060067219922473,35.58778039628596,SIERRA,HUANCAVELICA,TAYACAJA,0,0,0,0.0,-12.228967746490335,-74.73739862256117,293.4184335926379,677.3685036986652,5,Jauja,3.3747510622924892,False
858b668ffffffff,2,7546.679328115882,2520.541980417061,118.23333325790328,198502.88465588895,0.5541452115073069,7.437341155958,19.949227614263048,SIERRA,PUNO,AZANGARO,4,0,0,0.0,-14.863046709737828,-70.03513335284545,277.3842721661163,715.6241523925053,5,Pisco,17.40906517604708,False
858e65cffffffff,1,2357.8989760708705,1158.2585745498504,67.70991476997794,197972.1150828549,3.241499717407513,8.648962701779576,116.69398982667047,SELVA ALTA,JUNIN,CHANCHAMAYO,0,0,0,0.0,-11.208554545227829,-74.93894940567414,294.3589138397439,672.553490908163,5,Satipo,1.2565261896525044,True
858e6c23fffffff,13,9369.86930391982,2871.297522977151,35.44444945175245,197871.4169525911,1.455913594026686,9.267777744883288,52.412889384960685,SIERRA,APURIMAC,CHINCHEROS,0,5,0,0.0,-13.57075746787902,-73.53948497211107,289.3893811278903,683.7549331678672,5,Pisco,8.774253965064418,False
858f51bbfffffff,7,10194.674794725688,3133.344817178644,107.9381025226874,197752.09404819,1.2249169442455583,4.613242123032741,44.09700999284009,SIERRA,CAJAMARCA,SAN MARCOS,1,5,0,0.0,-7.381823796092714,-78.09327912610075,299.7845261705666,659.6474360243536,5,Otuzco,3.1814882500693784,False
858f5403fffffff,3,10194.569418042409,3133.312429535973,107.93698682655464,197750.0499947796,3.3657818488207187,5.37055233910528,121.16814655754588,SELVA ALTA,CAJAMARCA,JAEN,0,3,0,0.0,-5.662273812160316,-79.23921018499512,299.77295347619105,659.6660829526288,5,Chiclayo,3.8546104988454317,False
858f53a3fffffff,2,2270.967090894011,1013.4402898255508,51.4082339604787,197168.46822123605,0.8018291297889475,0.781648622534659,28.86584867240211,COSTA,LA LIBERTAD,ASCOPE,3,0,0,0.0,-7.960037331532067,-79.0330097946907,301.4821650151484,653.9971218905405,5,Otuzco,1.5379486508463742,True
858f5c17fffffff,5,2266.580416673219,1011.482695454626,51.30893213635491,196787.6111669145,1.1606068919199573,8.018197028790041,41.78184810911846,SIERRA,LA LIBERTAD,PATAZ,0,1,0,0.0,-8.136480937543615,-77.28764377511544,298.90711867350063,658.3570576713753,5,Otuzco,6.629373174095235,False
858e6523fffffff,1,2340.907946229963,1149.91215843814,67.22199684217127,196545.52719712385,1.6504005204026833,9.371037745318043,59.4144187344966,SELVA ALTA,JUNIN,SATIPO,0,0,0,0.0,-11.75475036959875,-74.40339616653749,292.86099894698185,671.1222317202623,5,Satipo,1.86916030276916,True
858f5197fffffff,3,10126.195161958402,3112.2975246721007,107.21306108966635,196423.7543951794,2.3013077310947554,6.607808845149743,82.84707831941118,SIERRA,CAJAMARCA,CELENDIN,0,11,0,0.0,-7.048384954422111,-78.06039010947988,299.4838779228437,655.874218530669,5,Otuzco,6.981459927192191,False
858f5b37fffffff,1,1923.249067492342,969.2662440859426,39.851047882406014,194621.751802366,1.5921572385131515,1.3593508776636651,57.317660586473465,SIERRA,LIMA,HUAURA,0,6,0,0.0,-10.835027207190048,-77.25389447711447,299.1991117702534,650.4757004486382,5,Pisco,7.096431012223547,False
85b336bbfffffff,1,1096.3069971078935,875.6732496481035,37.54120909868012,194613.8810886612,3.623727563001861,4.770636541104825,130.454192268067,SIERRA,AREQUIPA,CONDESUYOS,2,0,0,0.0,-16.022621856158572,-72.72498758352477,284.1342460079707,684.9363771630744,5,Pisco,12.187138617622622,False
858f54a7fffffff,3,6090.275348874504,2853.6058461044604,62.69965482058175,194035.78747803107,1.115265112505094,5.287773922598093,40.14954405018337,SELVA BAJA,AMAZONAS,UTCUBAMBA,0,8,0,0.0,-5.724018351596908,-78.66022990640211,299.07995193874774,648.7756408285435,5,Chiclayo,4.517575175723323,False
858f4e6ffffffff,3,13424.397109036698,3283.7415550318287,39.441302084840494,193811.86774921705,1.6943992604498943,10.043803934060724,60.99837337619619,SELVA BAJA,UCAYALI,PADRE ABAD,0,28,0,0.0,-8.969508441952545,-75.61262877306048,295.9300372740492,654.9246218278797,5,Picota,7.906371290649986,False
858e6577fffffff,1,2307.102720943942,1133.3061916645463,66.25123899964885,193707.1986603016,3.8241082800112536,9.055157342226254,137.66789808040514,SIERRA,JUNIN,HUANCAYO,0,0,0,0.0,-11.731033356629151,-74.69323236390368,293.57483225042625,659.8222237765423,5,Satipo,3.5113797764643095,False
858e6317fffffff,5,1700.558442688014,894.8041258688719,33.579624360474604,193569.77941147785,2.660235896203303,4.302865804200421,95.7684922633189,SIERRA,LIMA,YAUYOS,0,1,0,0.0,-12.987898893599322,-75.6873909780991,295.0262533047288,656.1103537166983,5,Pisco,4.2221242413143045,False
858f55cffffffff,6,9964.9974433703,3062.753223725849,105.50634888690068,193296.9075806954,5.103260737208788,7.393052517151758,183.7173865395164,SELVA ALTA,CAJAMARCA,CUTERVO,0,3,0,0.0,-6.155257020885526,-78.55720611735825,299.4068695669168,645.5994408554943,5,Chiclayo,7.905341746114573,False
858b60a7fffffff,4,2567.968669879372,1768.9463197252358,91.282344770337,193200.19109489903,1.261864934406797,8.723295157413542,45.427137638644695,SIERRA,CUSCO,CANCHIS,0,0,0,0.0,-13.96343035773839,-71.39893905325695,282.8268956247871,683.1040261150004,5,Pisco,15.185522908674102,False
85b3361bfffffff,1,1086.373621875861,867.7389839794955,37.20105719084305,192850.5313049641,1.7579699770589434,3.5308725518867705,63.28691917412196,COSTA,AREQUIPA,CAMANA,1,4,0,0.0,-16.077814614285263,-73.16856513603784,285.25982514836426,676.0521962903894,5,Pisco,9.470154583543263,False
858f5883fffffff,7,9048.759076643735,1617.0863131449742,122.6938551022793,192677.43589616707,1.6118274402817547,6.6107972434540825,58.025787850143175,SIERRA,ANCASH,MARISCAL LUZURIAGA,0,1,0,0.0,-8.97067123011183,-77.36807078845482,299.3683777640628,643.6131876561104,5,Otuzco,8.965427620751143,False
858f466ffffffff,19,5390.464552459279,2793.2767607630985,55.00931594347112,192425.503168601,0.5131646166034751,8.852185441894266,18.473926197725103,SELVA ALTA,AMAZONAS,RODRIGUEZ DE MENDOZA,0,25,0,0.0,-6.441943060563729,-77.41673378713722,297.89650782726545,645.9474955650653,5,Picota,8.10298130776846,False
85b3368ffffffff,1,1082.9066985176637,864.969785158944,37.08233816865079,192235.091093458,2.176599545446171,5.258701260983145,78.35758363606215,SIERRA,AREQUIPA,CONDESUYOS,3,2,0,0.0,-15.93192682299606,-72.86349824727661,284.6571778849061,675.3214253082471,5,Pisco,12.772161538365253,False
858b6447fffffff,4,7298.091520059299,2437.51526379322,114.33872426818438,191964.1946116897,1.4568406629847748,7.671369602427147,52.4462638674519,SIERRA,PUNO,MELGAR,9,0,0,0.0,-14.995032801053604,-70.61686522333763,279.1698093696839,687.6251950205894,5,Pisco,17.50792976970297,False
858e6a27fffffff,2,1079.8502569247785,862.5284579129607,36.97767541155893,191692.5186550065,3.074559869375099,6.810921988078938,110.68415529750357,COSTA,AREQUIPA,CARAVELI,8,13,1,215654.4,-15.323340936088067,-74.5728543798051,289.9285419032171,661.1716024805748,5,Pisco,5.725692600668481,False
858f54abfffffff,3,9851.921923132311,3027.9993348160456,104.30913982020554,191103.51530846528,2.4674844665226594,6.479317129875516,88.82944079481574,SELVA ALTA,CAJAMARCA,JAEN,0,0,0,0.0,-5.69323018231643,-78.94962392735496,299.43766894852047,638.2079982773307,5,Chiclayo,5.369254150533379,False
858f4a9bfffffff,3,13185.830433902422,3225.3857645690414,38.740385669382775,190367.61230035443,1.0103316898091552,10.12576765478955,36.37194083312959,SELVA BAJA,UCAYALI,PADRE ABAD,2,0,0,0.0,-9.066049484642688,-75.47574904221484,295.6546485176019,643.8850640598699,5,Picota,7.675281134666875,False
85b3303bfffffff,4,1065.5752219959827,851.1262993406676,36.48885059098713,189158.44748926745,1.2921067095901573,0.6797193932627622,46.51584154524566,COSTA,AREQUIPA,ISLAY,6,3,0,0.0,-17.051001299682003,-71.9346331976228,280.1593475275142,675.1816391587303,5,Pisco,10.786681931693238,False
858f403bfffffff,1,5313.772366482546,2221.707749661401,41.15940313181539,188987.51415636536,2.313056409444087,14.201958252242347,83.27003073998713,SELVA BAJA,SAN MARTIN,PICOTA,0,2,0,0.0,-6.822391519379754,-76.14311309489842,295.8356779379901,638.8259708011922,5,Picota,1.6762704629363725,True
858e6137fffffff,9,6319.55872389665,1970.156707199646,52.568091930430896,188566.6648124917,1.32229572227238,7.463958601843111,47.60264600180568,SIERRA,HUANCAVELICA,ACOBAMBA,5,1,0,0.0,-12.843869250867678,-74.35283838959299,292.0761624353891,645.6078552942678,5,Jauja,4.078192675871833,False
858f5527fffffff,3,5278.069514955618,2735.034944454179,53.86233240089379,188413.29393601665,2.2063465641637805,7.635664022546069,79.4284763098961,SELVA ALTA,AMAZONAS,CHACHAPOYAS,0,0,0,0.0,-6.81337690680011,-77.89095017352366,299.0223223478111,630.0977547651497,5,Otuzco,6.992476363739115,False
858e662ffffffff,3,1859.7750288736995,937.2770212396912,38.53582199979095,188198.54390967297,2.2979075573333745,2.63974003348021,82.72467206400148,SIERRA,LIMA,HUAROCHIRI,0,0,0,0.0,-11.748445803932649,-76.45616739441313,297.39333595507827,632.8270379874976,5,Pisco,5.376041963194439,False
858f5c4bfffffff,8,8235.608600873953,1521.071569915428,113.3409933844221,187437.7258682528,0.7178385191228431,4.264780266009013,25.842186688422352,SIERRA,ANCASH,PALLASCA,0,0,0,0.0,-8.314418094200873,-78.03853759853061,300.2364427189163,624.3003819617377,5,Otuzco,3.893029220693279,False
85b326dbfffffff,4,7088.378812302164,2367.472578693367,111.05316894157995,186448.04961216683,0.9221122139056538,6.245186639280781,33.196039700603535,SIERRA,PUNO,LAMPA,0,0,0,0.0,-15.336272131164442,-70.35608372819401,277.8730536167389,670.9828361742786,5,Pisco,16.06542059641106,False
85b335dbfffffff,1,1048.4721329013998,837.4652375705763,35.903183760777246,186122.3466926086,0.8585630957814304,3.784196829451518,30.908271448131494,SIERRA,AREQUIPA,CAYLLOMA,0,1,0,0.0,-15.852559806330811,-71.40306384525967,280.5112116022651,663.5112572844688,5,Pisco,13.266900979595448,False
858e6c6ffffffff,8,7652.137070189101,2467.2465365276366,59.83204059215214,185848.7382131304,0.8481079129126072,7.479102015470509,30.53188486485386,SIERRA,AYACUCHO,VICTOR FAJARDO,1,6,0,0.0,-13.786811328950616,-73.99634972289091,290.3632717205488,640.0559447890322,5,Pisco,6.656089339601749,False
858e6b43fffffff,1,1042.3004677994963,832.5356311284204,35.69184535767592,185026.766985985,2.311070506046692,5.884153188224079,83.19853821768089,COSTA,AREQUIPA,CARAVELI,0,3,0,0.0,-15.58072036577694,-74.44841061896953,289.2621211774518,639.6508683294825,5,Pisco,5.711444028262122,False
858e630ffffffff,2,1087.2927727810106,718.7633326037376,25.128503080566126,184854.0005274048,2.896606252274927,3.285023784412642,104.27782508189738,SIERRA,ICA,CHINCHA,1,69,3,7448989.704000001,-13.22506289812724,-75.8568994037402,295.18408316281483,626.2329545236514,5,Pisco,2.253881672040734,False
85b3227bfffffff,2,1654.036424453561,992.177716114114,56.02814954558353,184523.58730417275,0.9201919326017652,3.669349873208589,33.12690957366355,SIERRA,TACNA,CANDARAVE,1,2,0,0.0,-17.209344663492114,-70.35389116445529,274.9683976540316,671.0719809203035,5,Pisco,16.182947241455622,False
858f5d73fffffff,3,4517.049423351137,2100.0756274568616,62.00095556261267,184522.1799257772,2.025393576695939,7.557978781014275,72.9141687610538,SIERRA,HUANUCO,HUAMALIES,0,0,0,0.0,-9.124011003858095,-76.64940837971403,298.0951167547071,619.0043699293959,5,Jauja,9.522616159942118,False
858e6657fffffff,3,1822.4338456829355,918.4580606626148,37.76208691551447,184419.83078832188,1.335451462355458,2.1772488378539343,48.07625264479649,SIERRA,LIMA,HUARAL,0,104,9,8932690.728,-11.195759491943644,-76.99353395357424,298.6309314634298,617.5510014471017,5,Pisco,5.5829275925079855,False
858b6917fffffff,1,2195.408248791366,1078.4390911596213,63.04379743133744,184329.19259663383,7.872096925391646,14.006415514140924,283.3954893140993,SELVA ALTA,JUNIN,SATIPO,0,0,0,0.0,-10.972892190480996,-73.75430727854607,291.4861512001447,632.3771878618923,5,Satipo,6.8691122541204095,False
858b6533fffffff,5,2675.3839743753224,1722.4268546517649,85.09060811274044,184227.23999077565,1.7007236408754909,9.068955903717171,61.22605107151768,SIERRA,CUSCO,CHUMBIVILCAS,0,0,0,0.0,-14.328049135119985,-72.14934000013805,284.7279673803762,647.0289578004863,5,Pisco,14.303108825972231,False
858b6467fffffff,4,6988.701269863349,2334.18092559691,109.49152737962962,183826.19715902244,0.5879880186604577,7.711424820722973,21.16756867177648,SIERRA,PUNO,MELGAR,11,0,0,0.0,-14.652453583718776,-70.87760879986226,280.4283538172039,655.5192963078506,5,Pisco,16.857650291052778,False
858e6b53fffffff,2,1035.4627326844836,827.0740024567145,35.45769849517184,183812.94807203172,2.4125508731555496,5.985633555332939,86.85183143359978,COSTA,AREQUIPA,CARAVELI,2,2,0,0.0,-15.41602575810021,-74.433690452007,289.46578189515003,635.0075192604709,5,Pisco,5.920013329758149,False
858f588ffffffff,5,8563.598433649142,1530.384188708021,116.11546914584976,182346.7918931436,0.8542599172066939,5.932311743949029,30.753357019440976,SIERRA,ANCASH,ASUNCION,2,3,0,0.0,-9.137600186277805,-77.38420847238224,299.43766894852274,608.964104394265,5,Otuzco,8.018469365350029,False
858e6dc7fffffff,15,8619.222883378496,2641.2698525772767,32.60489553205313,182019.38465148257,0.8212239370334731,10.705883448731006,29.564061733205037,SIERRA,APURIMAC,ANDAHUAYLAS,1,47,0,0.0,-13.611931171392754,-72.9607199035824,287.78188392115885,632.4907675611328,5,Pisco,10.369778190715806,False
85b32013fffffff,10,6899.245846270181,2304.3033939383777,108.09003508751462,181473.22059021523,0.5926334348724032,8.167773318178808,21.334803655406517,SIERRA,PUNO,YUNGUYO,1,1,0,0.0,-16.214776101632868,-68.99483286783571,271.9302687601848,667.3520436603415,5,Pisco,19.041697400878547,False
858b6507fffffff,4,2410.6680694333218,1660.5897336370258,85.69085613150875,181365.73749662095,1.1344586878160094,8.198695544884057,40.840512761376345,SIERRA,CUSCO,CHUMBIVILCAS,0,0,0,0.0,-14.419288198657274,-72.0119881546977,284.2189369578059,638.1198221269326,5,Pisco,14.98123128838597,False
858f5c2ffffffff,6,4439.9506957567255,2063.7670503516206,60.94242931764936,181341.00145196295,3.1122494675497108,8.178107028264613,112.04098083178955,SIERRA,HUANUCO,MARAÑON,0,0,0,0.0,-8.73451362705821,-77.19857109497651,298.9992756933821,606.4931128392585,5,Picota,8.947450616804417,False
858e6c6bfffffff,10,7448.777294175399,2401.6780948705346,58.24197101267947,180909.705178465,0.8313266722696302,7.1672081216031405,29.927760201706683,SIERRA,AYACUCHO,VICTOR FAJARDO,1,4,0,0.0,-13.69344494981959,-74.13458813875299,290.802755988625,622.1045071028881,5,Pisco,6.79193506694719,False
858f5e87fffffff,2,2083.1815500920493,929.639237111718,47.157303572869296,180864.6707851211,0.7645755182462113,4.0512258960888445,27.524718656863605,SIERRA,LA LIBERTAD,SANTIAGO DE CHUCO,0,0,0,0.0,-8.383305089315744,-78.19237038637968,300.5034901350206,601.8721137110786,5,Otuzco,3.346292223810451,False
858e654ffffffff,7,2146.518697866068,1054.423328762761,61.63987497329785,180224.3654177101,2.2472027018446026,7.461768344246067,80.89929726640571,SIERRA,JUNIN,CONCEPCION,0,0,0,0.0,-11.611746044705075,-75.121282500471,294.62854560763566,611.7002853407133,5,Jauja,3.0932153003377607,False
858f50cffffffff,4,1796.2282863464784,707.3681719789502,40.45631462460205,180116.73326597118,1.2357019263364837,1.3962842486650773,44.485269348113405,COSTA,LAMBAYEQUE,FERREÑAFE,0,4,0,0.0,-6.631077037945528,-79.63233239205911,301.24866581796385,597.9005177563531,5,Chiclayo,0.7762870071110228,True
858f58a7fffffff,5,7525.117796641408,1634.1728721007755,102.2031472470515,180006.98067312466,2.5109445133673605,6.695790017784522,90.394002481225,SIERRA,ANCASH,HUARI,0,4,0,0.0,-9.429919393274416,-76.97169148232837,298.75746444909447,602.5187722256767,5,Jauja,10.70296051542391,False
858f46cffffffff,1,5057.207267725851,2114.436939230033,39.172101907568354,179862.62191612693,0.2436730666604571,8.48780383637484,8.772230399776458,SELVA ALTA,SAN MARTIN,RIOJA,0,0,0,0.0,-5.6794402750082265,-77.48882141705651,297.2107154604548,605.1686987041302,5,Picota,3.4420189080110504,False
858e6583fffffff,1,2138.877446740526,1050.6697563127675,61.42044722524879,179582.79651990958,2.670271483845719,8.07773446821778,96.1297734184459,SELVA ALTA,JUNIN,SATIPO,0,0,0,0.0,-10.996052331133196,-74.48267263719814,293.3291252678546,612.2228617970442,5,Satipo,1.4741789971012622,True
858f097bfffffff,2,4171.264215016759,1321.8895227043624,45.88391894081212,179392.07335072567,0.5504374180148914,1.3260190161406131,19.81574704853609,COSTA,PIURA,PIURA,0,0,0,0.0,-5.271217836934832,-80.51777676840169,300.6662346215374,596.6485514295772,5,Chiclayo,3.1721257679673727,False
858f46affffffff,1,5043.863772716406,2108.8579749414903,39.06874590125063,179388.0524806917,1.2486169447736777,10.28939339492324,44.9502100118524,SELVA BAJA,SAN MARTIN,LAMAS,0,0,0,0.0,-6.0028484857896,-76.79267951766617,296.3231110179412,605.3798904326112,5,Picota,2.2336452187328177,False
858f5b27fffffff,1,1770.580533686241,892.325374152082,36.68765050778705,179172.5736399227,1.264663168297152,1.551049899385228,45.52787405869746,COSTA,LIMA,HUAURA,0,0,0,0.0,-11.001978251801798,-77.27005889029056,299.1837318622904,598.8713775466678,5,Pisco,6.714579264591521,False
858e669bfffffff,1,1767.3836492985015,890.7142296697288,36.6214088571534,178849.06731389975,0.4864199516862276,2.556721632799388,17.511118260704194,SIERRA,LIMA,OYON,1,0,0,0.0,-10.721946184151646,-76.65363975019632,298.1256915621777,599.911622432576,5,Jauja,6.144952100425144,False
858b6523fffffff,4,8455.876411475787,2591.214050842124,31.98698661799223,178569.85971135623,1.2352855840844812,9.414646194137076,44.47028102704133,SIERRA,APURIMAC,COTABAMBAS,0,0,0,0.0,-14.16383931834057,-72.13607226235548,284.8660913158162,626.8554424520296,5,Pisco,13.749481283548448,False
858f0913fffffff,3,4151.084502320935,1315.4944948641787,45.66194204031976,178524.21163937845,1.5674358743759766,2.463609911689685,56.42769147753516,COSTA,PIURA,PIURA,0,0,0,0.0,-4.804147683356634,-80.17521451301405,299.7151011713247,595.6463686403627,5,Chiclayo,inf,False
858f094bfffffff,1,4144.498136793265,1313.4072505336987,45.58949199965867,178240.9541646779,1.0262134715593667,1.4430117980189123,36.9436849761372,COSTA,PIURA,SULLANA,0,0,0,0.0,-5.0729380176107055,-80.79008996701668,300.6429764166087,592.8658513468309,5,Chiclayo,3.446236119038076,False
85b3207bfffffff,1,6761.266175567542,2258.2190782640096,105.92831657799452,177843.89417160067,0.7564363792093778,6.956448972106477,27.2317096515376,SIERRA,PUNO,CHUCUITO,0,3,0,0.0,-16.687089458297308,-69.31279461434565,272.32422361485175,653.0594003386395,5,Pisco,18.88290584848619,False
858e6307fffffff,5,2086.3676899946195,915.820128178112,29.451070114983416,177613.4669902953,2.9078976329081114,3.29631516504583,104.68431478469202,SIERRA,HUANCAVELICA,CASTROVIRREYNA,0,0,0,0.0,-13.154002878136597,-75.70274537329658,294.9211115200155,602.2405994432893,5,Pisco,3.460900475613016,False
858f5423fffffff,3,9153.144482784852,2813.2292989727403,96.91069773985718,177548.9189250833,1.2778229247233728,4.612496104133299,46.00162529004141,SELVA ALTA,CAJAMARCA,CUTERVO,1,0,0,0.0,-6.026074230666203,-78.98337077524484,299.85397797614985,592.117937282144,5,Chiclayo,3.6806870986729336,False
858b61a7fffffff,3,2359.11706352707,1625.078801106731,83.85839736766675,177487.31627246714,0.6712187485326807,11.019531973919634,24.163874947176502,SIERRA,CUSCO,URUBAMBA,0,0,0,0.0,-13.322462991356938,-72.35720675408425,286.317801550578,619.8961968528318,5,Pisco,14.106775117897996,False
858e6967fffffff,2,999.0748840557488,798.0092735619015,34.2116571603759,177353.46139103244,3.110813270718532,8.539066615429846,111.98927774586714,SIERRA,AREQUIPA,CONDESUYOS,1,0,0,0.0,-15.513059940241266,-72.97435973352005,285.5797351228384,621.02957450656,5,Pisco,15.050231692110174,False
858f40c3fffffff,1,4986.015830066986,2084.671537581687,38.62066746889774,177330.65556445712,1.822459195515207,12.300549224460855,65.60853103854745,SELVA ALTA,SAN MARTIN,LAMAS,0,0,0,0.0,-6.198130089717736,-76.52060587209986,296.0055608647573,599.0787978658217,5,Picota,1.7467154545183803,True
858f5037fffffff,5,9110.804836781972,2800.2161609339537,96.46241850162218,176727.63194664428,1.165075815229336,3.4989634696113896,41.9427293482561,SIERRA,CAJAMARCA,SAN MIGUEL,0,0,0,0.0,-7.124942245082323,-78.94814347065079,300.82136598742426,587.4836428807132,5,Chiclayo,3.496594522475789,False
858e6c1bfffffff,7,7258.689583648791,2340.388909753827,56.755675680019394,176293.0130273507,2.2413617140329136,8.402929820749515,80.6890217051849,SIERRA,AYACUCHO,LA MAR,1,0,0,0.0,-13.125492127106355,-73.93898404699814,290.8174245551114,606.1982472234647,5,Jauja,6.867159030611219,False
858e6c67fffffff,7,7240.462212117995,2334.511934620363,56.61315590765835,175850.3217936642,0.7830340051476258,7.86486247004347,28.189224185314533,SIERRA,AYACUCHO,VILCAS HUAMAN,0,8,0,0.0,-13.714832928712228,-73.8438548864753,290.04533735514565,606.2856358843807,5,Pisco,7.045779266736645,False
858f4363fffffff,1,4918.806599800821,2056.5711114751844,38.10007840110986,174940.31881678544,0.4668389193420776,10.5306426293762,16.806201096314794,SELVA BAJA,SAN MARTIN,TOCACHE,1,4,0,0.0,-8.124229069871067,-76.55537735711516,297.54566260833667,587.9444428234254,5,Picota,3.7865234680648427,False
858f5143fffffff,2,2013.452389798548,898.5219476095974,45.578833765618654,174810.6897386541,1.3089042565809723,1.855600944212724,47.120553236915,COSTA,LA LIBERTAD,GRAN CHIMU,0,0,0,0.0,-7.5574263079102195,-78.84496783998313,300.99216462839,580.7815294942255,5,Otuzco,2.602109375744476,False
858f5983fffffff,1,4276.250450116805,1988.122888531351,58.695752311604544,174685.50396748673,4.027681217253422,7.78525293203676,144.9965238211232,SIERRA,HUANUCO,HUANUCO,0,0,0,0.0,-9.651497072734273,-76.40599616195637,297.7057455976236,586.7723634853527,5,Jauja,8.746004943051958,False
858f5893fffffff,8,8187.128330635494,1463.105941410774,111.0108390105728,174330.52209019728,0.9099099357406462,6.753361211565377,32.75675768666326,SIERRA,ANCASH,MARISCAL LUZURIAGA,1,3,0,0.0,-8.803768756210728,-77.35195056593894,299.2914188963186,582.4775155033408,5,Otuzco,9.01099629275268,False
858f0983fffffff,7,4051.783466342471,1284.02561821497,44.5696303451815,174253.60737846373,0.9928084449073116,2.688695283949255,35.741104016663215,COSTA,PIURA,AYABACA,1,16,0,0.0,-4.570929128043619,-80.00439159700656,299.20680221840104,582.3851800376858,5,Chiclayo,5.0322140156058595,False
858e6c53fffffff,12,7171.40756715957,2312.24693439336,56.07321781162957,174173.18003371372,0.9308420228641844,6.261079945960716,33.51031282311064,SIERRA,AYACUCHO,HUAMANGA,140,108,1,531648.0,-13.103467088568785,-74.22933371851369,291.5671599042484,597.3689907015342,5,Jauja,5.571288583545538,False
858f580ffffffff,2,8178.252127064665,1461.5196921598545,110.89048486857904,174141.51892080865,0.8154123268858438,3.2912130874186376,29.35484376789037,SIERRA,ANCASH,HUARAZ,17,0,0,0.0,-9.54096197373304,-77.57043734162697,299.8231071966439,580.8142025777722,5,Otuzco,5.5084811378328595,False
858f4847fffffff,1,4260.312688805038,1980.7130727533704,58.47699082855544,174034.4439093034,2.4154110984336232,13.678517273548154,86.95479954361043,SELVA BAJA,HUANUCO,PUERTO INCA,0,0,0,0.0,-9.214893275964602,-74.76228827066845,294.04486285061853,591.8635755854605,5,Satipo,7.609833632886875,False
858f4a63fffffff,1,4229.725291990286,1966.4923192176789,58.05714865882321,172784.943934976,3.711197600597232,9.485184137396788,133.60311362150034,SIERRA,HUANUCO,PACHITEA,0,0,0,0.0,-9.968019131933572,-75.70360523499006,296.2701465741153,583.2006563366381,5,Satipo,4.998315337012173,False
858f48d7fffffff,2,4229.471348615693,1966.3742553574568,58.053663035707785,172774.57030815328,0.560574203593786,13.976008153824983,20.180671329376292,SELVA BAJA,HUANUCO,PUERTO INCA,0,0,0,0.0,-8.647039173337063,-74.56759561934524,293.4072675738358,588.8557967115612,5,Satipo,11.358738624869147,False
858f588bfffffff,4,8099.419135259951,1447.4315999704272,109.8215732540868,172462.90878252327,2.582611426673984,6.328248108723446,92.9740113602634,SIERRA,ANCASH,YUNGAY,2,1,0,0.0,-9.0399604412092,-77.52169757717814,299.6495577173006,575.5486845911869,5,Otuzco,7.917981235397747,False
858f5183fffffff,3,8879.367100547508,2729.083511199507,94.01202644848692,172238.29825982417,1.3229058474348132,5.211399845757053,47.62461050765327,SIERRA,CAJAMARCA,CAJAMARCA,0,6,0,0.0,-7.116816423251758,-78.2136467743177,299.77295347618514,574.5625022622572,5,Otuzco,4.608118568015925,False
858b6d27fffffff,1,2049.3546254501966,1006.6939217118276,58.849691369695975,172066.34969207982,2.443536524016793,10.164173748932138,87.96731486460455,SELVA ALTA,JUNIN,SATIPO,0,0,0,0.0,-11.612368470838671,-74.09964134504388,292.16483579860346,588.9358629410469,5,Satipo,2.1958993125881534,False
858b652ffffffff,5,8147.490166070769,2496.7123418181545,30.820419579292857,172057.4077904471,1.0617775668778386,10.234746941529366,38.22399240760219,SIERRA,APURIMAC,COTABAMBAS,0,7,0,0.0,-13.99957702478039,-72.1228195314128,284.99723523530366,603.7160593799813,5,Pisco,13.820863137631022,False
858e62d3fffffff,8,1694.7535425213682,854.1105926300279,35.11646292383562,171499.3179478495,0.4173401225676261,0.5292065589947081,15.02424441243454,COSTA,LIMA,LIMA,152,176,17,60565302.751200005,-11.863059450700188,-77.05776658541028,298.46235969973986,574.6095357564747,5,Pisco,3.1442190459874837,False
858e6d97fffffff,2,2277.4266889163646,1568.806351516693,80.95458898904559,171341.37057985732,1.766120591231814,11.848906866806669,63.58034128434531,SIERRA,CUSCO,ANTA,0,0,0,0.0,-13.394871793952436,-72.50775493967583,286.69339926562805,597.6467230105483,5,Pisco,12.550830210957429,False
858f558ffffffff,9,4795.554045638665,2485.000975389891,48.93829558719119,171188.75214256614,2.20787053350838,7.841430412387535,79.48333920630168,SIERRA,AMAZONAS,LUYA,0,5,0,0.0,-6.117597020975058,-78.11486395392383,298.71144211739056,573.0907089768951,5,Picota,7.298109656948327,False
858e6413fffffff,2,2926.965214071862,1496.883940849934,65.90784696479727,170123.66189699806,3.597901347244314,8.044472308442812,129.5244485007953,SELVA ALTA,PASCO,OXAPAMPA,0,0,0,0.0,-10.56362001242888,-75.61175549723806,296.0282242062574,574.6873033919379,5,Satipo,4.364378320809919,False
85b33447fffffff,1,957.1814581821184,764.5469747072647,32.77708649291601,169916.63737834673,2.478293834172411,6.211364973274885,89.2185780302068,SIERRA,AREQUIPA,CAYLLOMA,1,0,0,0.0,-15.80313283354068,-72.26942893690952,283.17383906455416,600.043556070204,5,Pisco,14.059179932943152,False
858f596bfffffff,4,1678.61685775518,845.9781338134921,34.78209967980759,169866.3781947197,1.150682731432059,4.198531221929671,41.42457833155412,SIERRA,LIMA,CAJATAMBO,1,8,0,0.0,-10.52828599252302,-76.9295815083756,298.6769331222322,568.7294844600626,5,Jauja,6.962732157131541,False
858b66c7fffffff,2,6410.92525267604,2141.2074808166126,100.4395481688492,168628.75718441245,0.985220171218743,7.679961143519648,35.46792616387474,SIERRA,PUNO,SAN ANTONIO DE PUTINA,0,10,0,0.0,-14.878026839021098,-69.75138776032873,276.3907811984218,610.1099191993432,5,Pisco,17.48481561709741,False
858f4e33fffffff,1,11664.435328324686,2853.2373329314923,34.270478867453015,168402.79521385385,2.289626451472812,12.13393136909636,82.42655225302121,SELVA BAJA,UCAYALI,PADRE ABAD,0,0,0,0.0,-8.594103273856325,-75.1426171005147,294.752264434625,571.3367309895765,5,Satipo,9.541279730561655,False
858e66d3fffffff,5,1661.5248529095988,837.364219151791,34.427941544483126,168136.7655402345,1.7296105856635324,3.57621212908458,62.26598108388716,SIERRA,LIMA,OYON,0,0,0,0.0,-10.69516059682181,-76.94554344376174,298.6769331222231,562.9385697201812,5,Pisco,7.946810444345829,False
858f4e77fffffff,3,11620.12570667616,2842.3987571121693,34.14029580161328,167763.08450943936,0.6023167076900191,11.102869958731944,21.68340147684069,SELVA BAJA,UCAYALI,PADRE ABAD,0,0,0,0.0,-8.733487492858874,-75.44570737587689,295.48886701232067,567.747564250684,5,Picota,8.72552853205707,False
85b32043fffffff,1,6360.16409155158,2124.2535820187345,99.64427636533868,167293.56902103737,0.9596579542970496,6.907260421448057,34.54768635469379,SIERRA,PUNO,CHUCUITO,0,0,0,0.0,-16.43871596056359,-69.43736297207069,273.154631889159,612.4500538908011,5,Pisco,18.29358711223358,False
858e6673fffffff,2,1645.096522393921,829.0847786546248,34.0875351992655,166474.3129134833,1.4158528156550187,2.539438231415584,50.97070136358068,SIERRA,LIMA,CANTA,0,0,0,0.0,-11.459262388393237,-76.87121977198149,298.3092502171264,558.0595063422065,5,Pisco,5.765514235959927,False
858f5437fffffff,2,8570.567023721413,2634.173458672084,90.74254556531908,166248.32181975225,1.5307214752074196,5.095666262487898,55.10597310746711,SELVA ALTA,CAJAMARCA,CUTERVO,0,4,0,0.0,-5.958212804426744,-78.83008606223677,299.5763315340181,554.9447814133275,5,Chiclayo,4.024927692149504,False
858f55a3fffffff,7,4648.37855065861,2408.7363258627856,47.43637989445169,165934.97143405478,1.594998423338014,7.587104265249378,57.41994324016851,SIERRA,AMAZONAS,CHACHAPOYAS,0,72,0,0.0,-6.314047544750132,-77.84207001398737,298.4815075940972,555.9304922156468,5,Picota,6.970259777902356,False
85b32077fffffff,1,6308.257645759966,2106.9171655653977,98.83106146157976,165928.2560437809,1.0583869025488368,7.178714853103048,38.10192849175812,SIERRA,PUNO,CHUCUITO,0,0,0,0.0,-16.698818527833904,-69.02908505247457,271.30191344410383,611.6000213097169,5,Pisco,19.160248766720542,False
858e638ffffffff,4,1635.1512037670086,824.0726032714778,33.88146133420774,165467.9038289199,2.5870177111192745,4.667409892221323,93.13263760029388,SIERRA,LIMA,YAUYOS,0,1,0,0.0,-12.821755938463037,-75.67205359078089,295.12394091298995,560.6725883268956,5,Pisco,4.003683565293613,False
858f5877fffffff,4,7743.285570731738,1383.7876563122754,104.9926901339618,164879.6698578652,0.7376729885590834,3.64551589011931,26.556227588127,SIERRA,ANCASH,AIJA,2,0,0,0.0,-9.70799920033593,-77.58671913982705,299.86555588428826,549.8453110816394,5,Otuzco,6.532533037854591,False
858f5cd7fffffff,3,1897.55321414972,846.800857228736,42.95520616596197,164748.16482474728,2.981254216903647,6.455090006759993,107.3251518085313,SIERRA,LA LIBERTAD,PATAZ,1,7,0,0.0,-7.774097777882478,-77.54554861708336,299.15297599895536,550.715446752977,5,Otuzco,4.964348165514821,False
85b3244bfffffff,1,6262.518667967752,2091.640643448296,98.1144718770674,164725.1680843998,0.669386585088708,7.548115590628072,24.097917063193485,SIERRA,PUNO,MOHO,0,8,0,0.0,-15.379573080747448,-69.50327759746172,274.9016055130731,599.2150092283335,5,Pisco,17.415404293749816,False
858e6d53fffffff,7,7795.204619970785,2388.758155576264,29.4877897606357,164617.89738558372,1.6543256021385786,10.1563520574404,59.55572167698882,SIERRA,APURIMAC,ANDAHUAYLAS,0,0,0,0.0,-13.756479328315308,-73.26378062545577,288.47518699887013,570.6483774156579,5,Pisco,9.792470429783862,False
85b3206bfffffff,3,6241.022604416145,2084.4610975527016,97.7776944501849,164159.7497807702,1.278286484080667,7.478299076977778,46.01831342690402,SIERRA,PUNO,CHUCUITO,0,0,0,0.0,-16.84845514659234,-69.3244152934934,272.10086583453926,603.3047681685564,5,Pisco,19.328754154108537,False
858f4677fffffff,3,4596.903486187895,2295.677433504631,44.7885560999592,163983.699519678,2.11178704403028,10.925044737083086,76.02433358509006,SELVA ALTA,AMAZONAS,RODRIGUEZ DE MENDOZA,0,0,0,0.0,-6.207476770694806,-77.24846778497442,297.37049816704086,551.4457571630526,5,Picota,3.788604313936048,False
858f53abfffffff,1,1882.0921928701844,839.9012319768514,42.60521263131616,163405.81781538491,1.0651533180862514,1.0449728108319631,38.34551945110505,COSTA,LA LIBERTAD,ASCOPE,0,0,0,0.0,-8.028543077426727,-79.18736261157727,301.71596601133587,541.5882360340372,5,Otuzco,1.5641465884909849,True
858f589bfffffff,10,7657.346363330462,1368.4296260150782,103.82742398296952,163049.745336196,2.591444157599054,6.807357035451849,93.29198967356596,SIERRA,ANCASH,POMABAMBA,3,4,0,0.0,-8.873006225673914,-77.50548611263659,299.57633153402134,544.2677814408022,5,Otuzco,8.41034294111887,False
85b3340bfffffff,1,912.6977418444616,729.0156859856012,31.25381563819757,162019.9909968528,2.565783873854508,4.347082674362578,92.36821945876228,SIERRA,AREQUIPA,CAYLLOMA,0,0,0,0.0,-15.729870951056055,-72.1180284054241,282.8408998051903,572.8308427403739,5,Pisco,13.115772707695214,False
858e6cdbfffffff,5,6636.528152162424,2139.788002724089,51.890997005014434,161182.47384776972,1.834283773995764,8.00677801750587,66.0342158638475,SIERRA,AYACUCHO,HUANTA,3,0,0,0.0,-12.772309374042562,-74.20040052604323,291.75141020666865,552.4651062820657,5,Jauja,5.317748905748886,False
858f5e2bfffffff,1,7549.648017334688,1349.1830619522063,102.36712150984172,160756.49816484787,1.4221739908679836,0.6176033197927193,51.19826367124741,COSTA,ANCASH,SANTA,3,61,6,30109136.0752,-9.120752956659322,-78.41312623738938,301.073739147716,533.9439388500629,5,Otuzco,3.30552113475278,False
858f51b3fffffff,2,8275.002715280552,2543.331434513031,87.61320095463645,160515.087352055,1.4400665145736973,6.553393289299143,51.8423945246531,SIERRA,CAJAMARCA,SAN MARCOS,1,0,0,0.0,-7.31326611328755,-77.93998769756429,299.495432023468,535.9517047307662,5,Otuzco,6.711546166399785,False
858f4a8bfffffff,2,11106.132364223744,2716.670854107532,32.63016715117162,160342.41534253076,2.031458896603102,10.861435594962996,73.1325202777117,SELVA BAJA,UCAYALI,PADRE ABAD,0,0,0,0.0,-9.232373381770891,-75.49079459172162,295.72628391412496,542.1987292448179,5,Picota,7.650667011970654,False
85b320cbfffffff,3,6080.699182106435,2030.914113666658,95.26591784025648,159942.70802999428,1.6260054341939476,7.638787640760921,58.536195630982114,SIERRA,PUNO,EL COLLAO,0,0,0,0.0,-16.115286293225168,-69.41402501444531,273.56479602535893,584.6611492188048,5,Pisco,18.176412287941275,False
858f5153fffffff,5,8211.942175511598,2523.9497063625886,86.94553522289198,159291.8650284188,1.8275246250809736,3.938549283775685,65.79088650291506,SIERRA,CAJAMARCA,CONTUMAZA,0,0,0,0.0,-7.39045501836286,-78.82808397121663,300.85628892982027,529.4616429493228,5,Chiclayo,3.7683823577317526,False
858e6283fffffff,4,1571.9865884189185,792.2393215024119,32.57264691528667,159076.00779280398,0.8834832255616736,1.180645268384169,31.805396120220248,COSTA,LIMA,HUAROCHIRI,9,4,1,271239.3008,-11.98551333565936,-76.62618117596183,297.5990076608649,534.5313784583661,5,Pisco,3.5061311835743254,False
85b33427fffffff,1,894.637194614973,714.5898562457653,30.635362247160707,158813.92444780393,1.2617793037635512,2.7693473051114204,45.424054935487845,SIERRA,AREQUIPA,AREQUIPA,0,5,0,0.0,-16.0892696592356,-71.56657529859973,280.65631094473906,565.8662152053806,5,Pisco,12.506505189436211,False
858e6157fffffff,10,4706.4207314507785,1432.4170314119667,40.77960485525392,158556.36911645392,1.84016425663001,6.599183334789993,66.24591323868036,SIERRA,HUANCAVELICA,HUANCAVELICA,0,1,0,0.0,-12.5373421412964,-75.05803322267928,293.97017110774755,539.362100987923,5,Jauja,2.796126491841278,False
858f5c2bfffffff,3,7442.177335219092,1329.9771832630431,100.90990597481117,158468.09869607503,2.0114107791281945,6.707150229222475,72.41078804861502,SIERRA,ANCASH,POMABAMBA,0,0,0,0.0,-8.636895629700428,-77.33584777905735,299.2068022184033,529.6273263881303,5,Otuzco,7.130104034331453,False
858f5927fffffff,11,2717.496243364656,1389.7590809949086,61.191136018294976,157948.7210472808,1.5630606834155616,4.951524229012378,56.27018460296022,SIERRA,PASCO,PASCO,1,12,0,0.0,-10.511582677830065,-76.19307374002781,297.2563530586966,531.3552407611353,5,Jauja,3.709061753404967,False
85b3308bfffffff,1,889.5819714888265,710.552005831377,30.462254542001663,157916.53293708307,1.7202465999989942,1.914679562290692,61.92887759996379,COSTA,AREQUIPA,AREQUIPA,2,0,0,0.0,-16.473059267557076,-72.03314168913045,281.43923568117094,561.1034742717222,5,Pisco,10.669563178978933,False
858b610ffffffff,2,2092.7334043664187,1441.58030323397,74.38938580927078,157446.0383324159,2.057255870328451,11.597770663073645,74.06121133182424,SIERRA,CUSCO,PAUCARTAMBO,0,2,0,0.0,-13.196962312888584,-71.77024596312536,284.6642555144068,553.0938123857549,5,Pisco,15.358882742079004,False
858b6d93fffffff,4,6476.862997948804,2088.3078351415747,50.64257556399268,157304.65943134908,3.4707067814341936,8.88517084012666,124.94544413163098,SELVA ALTA,AYACUCHO,HUANTA,0,29,2,2120087.476,-12.629090518759435,-73.89612806317004,291.0816697725084,540.4141715769624,5,Jauja,7.399898664567445,False
858e6543fffffff,1,1861.1402955944543,914.2383654641052,53.44488973809384,156263.64170985136,3.471719786212911,7.343786147723391,124.9819123036648,SIERRA,JUNIN,JAUJA,0,0,0,0.0,-11.445550699108798,-75.1063445738202,294.66227852137075,530.3143737772941,5,Jauja,3.4210795866529224,False
858e6613fffffff,4,1543.5255079877245,777.8956959167044,31.98291368820788,156195.91003254388,1.6779589037688687,2.9401340479213465,60.40652053567928,SIERRA,LIMA,HUARAL,0,0,0,0.0,-11.055509712126126,-76.68527993020768,298.102759966612,523.966668574414,5,Jauja,5.822041525170789,False
858b6423fffffff,2,2074.449630664596,1428.98551787701,73.739461316683,156070.46525219837,1.1939928055694855,6.262553041568312,42.98374100050149,SIERRA,CUSCO,ESPINAR,1,0,0,0.0,-14.799260737297896,-71.17632978351999,281.2102180022332,554.9957123213743,5,Pisco,16.11621872701835,False
858b614ffffffff,1,2072.0167705257973,1427.309641126872,73.65298160975644,155887.4299024154,1.2749994624989234,12.697694620454952,45.89998064996124,SELVA ALTA,CUSCO,PAUCARTAMBO,0,0,0,0.0,-13.143319490427912,-71.3351195164938,283.352844426728,550.1530440529114,5,Pisco,18.430559279086083,False
858e6bb3fffffff,2,6403.155459239254,2064.542621851607,50.06625650337392,155514.51205940364,1.258927407965914,6.562868841270786,45.32138668677291,SIERRA,AYACUCHO,PARINACOCHAS,0,2,0,0.0,-15.311116124796206,-73.54249544394604,287.3823338806588,541.1415168059152,5,Pisco,7.998473030258538,False
85b336b3fffffff,1,868.7032459179837,693.8751611908135,29.7472973225032,154210.18989061346,1.9331436990476707,3.700715930582804,69.59317316571614,SIERRA,AREQUIPA,CONDESUYOS,0,1,0,0.0,-15.949510242648596,-72.57291015124447,283.8205506173428,543.3369414413027,5,Pisco,11.227389574161862,False
858f0993fffffff,1,3578.94272078469,1134.1805843735838,39.36838071851426,153918.3139667103,1.4001780477969683,2.74733039196904,50.40640972069086,COSTA,PIURA,AYABACA,0,0,0,0.0,-4.405002163296847,-79.98702462330284,298.9416720075342,514.8774104763525,5,Chiclayo,5.105020960356342,False
85b33577fffffff,8,1960.6345938549573,1202.6974457859028,44.74281814582574,153325.88915827544,3.079643522669077,4.386990152629254,110.86716681608677,SIERRA,MOQUEGUA,GENERAL SANCHEZ CERRO,0,4,0,0.0,-16.607887836696058,-71.02872274487977,278.1656498345148,551.2035337558447,5,Pisco,14.419419543652111,False
858e6d5bfffffff,11,7256.913804515232,2223.80461834685,27.451537068106123,153250.3571422852,1.0877595004154492,9.875886420628252,39.159342014956174,SIERRA,APURIMAC,ANDAHUAYLAS,0,9,0,0.0,-13.82870028837259,-73.41563124399913,288.8120070687795,530.6232199196247,5,Pisco,9.216776667735758,False
858e6ac7fffffff,2,900.8959921010166,595.5442929650512,20.82067340048399,153164.1084792895,1.1822555844468745,3.2184496173212453,42.56120104008747,COSTA,ICA,NASCA,0,3,0,0.0,-14.620205721956582,-75.09954781060168,292.0724686853586,524.4044711529756,5,Pisco,2.874898822763498,False
858e6b17fffffff,1,862.7996627863726,689.1596847420968,29.54513894044424,153162.19947496962,2.553249661257956,8.714053580277199,91.9169878052864,COSTA,AREQUIPA,CARAVELI,0,0,0,0.0,-15.456090991991305,-73.84855127296575,287.96577148570145,531.8764056045969,5,Pisco,7.918752144820246,False
85b336c7fffffff,1,861.8082638915159,688.3678066511544,29.511190134762803,152986.20863741767,2.410983798163035,4.1838863729908615,86.79541673386926,COSTA,AREQUIPA,CONDESUYOS,3,0,0,0.0,-15.913919200629536,-73.15459880649637,285.4765877520906,535.8975663891279,5,Pisco,9.871261060327015,False
858e606ffffffff,4,1509.4401785543068,760.7175988117688,31.27664214059716,152746.67059849494,1.8272725127724057,5.0952567055766025,65.78181045980661,SIERRA,LIMA,YAUYOS,0,0,0,0.0,-12.464850731910897,-75.93368902039656,295.9300372740408,516.1580487250322,5,Pisco,6.748244314061594,False
858b614bfffffff,1,2029.9448415598936,1398.3283748127965,72.15747102582118,152722.16359240026,3.69990068468528,15.122595842641308,133.19642464867007,SELVA ALTA,CUSCO,PAUCARTAMBO,0,0,0,0.0,-13.234667301315246,-71.1988487481166,282.84790232879595,539.9444801781443,5,Pisco,18.430559279086083,False
85b3348ffffffff,1,857.7805519417875,685.1506789479021,29.373267840284253,152271.21853290164,1.9804735660371453,6.078031062643912,71.29704837733723,SIERRA,AREQUIPA,CAYLLOMA,0,0,0,0.0,-15.419713585161864,-71.80279963634091,282.344458147776,539.3101020357359,5,Pisco,15.442774522571199,False
858e6d83fffffff,4,2488.430285820623,1464.7886240977596,67.74213164197793,151926.94944074706,2.5902147118951926,12.628948982977512,93.24772962822692,SIERRA,CUSCO,ANTA,0,0,0,0.0,-13.467254015762869,-72.65852426589339,287.06264130077443,529.2466785378847,5,Pisco,13.86871274198893,False
858e6dc3fffffff,15,7151.02934271668,2191.357442935688,27.05099610726532,151014.30583679077,2.292848496311071,11.980239294844218,82.54254586719854,SIERRA,APURIMAC,ANDAHUAYLAS,0,5,0,0.0,-13.519320960385498,-73.09831630487277,288.24739034540164,523.9051970456109,5,Pisco,11.884649336447183,False
858f42c3fffffff,1,4222.655556174521,2188.1315643543635,43.09190633747568,150737.77263480282,1.49791471139822,9.799051046202106,53.92492961033592,SELVA ALTA,AMAZONAS,RODRIGUEZ DE MENDOZA,0,0,0,0.0,-6.676624665713074,-77.58534977491759,298.40110019320593,505.1515310674275,5,Picota,8.863436225036821,False
858b6d2bfffffff,1,1782.176714705515,875.4494921620857,51.17735521427308,149633.76176938458,8.138963529687212,13.553427588379623,293.00268706873965,SELVA ALTA,JUNIN,SATIPO,0,0,0,0.0,-11.635552768491683,-73.81084587115011,291.4125394701753,513.4774297682509,5,Jauja,10.59668503121793,False
858f4ebbfffffff,1,10349.943395193575,2531.6994828874776,30.408460111481457,149425.0985149143,3.793964720040197,13.638269637663758,136.58272992144708,SELVA BAJA,UCAYALI,CORONEL PORTILLO,0,0,0,0.0,-8.261962628568755,-75.11300891233955,294.5423685073618,507.3127484923432,5,Satipo,9.647470039082691,False
858e6b97fffffff,3,6146.1825115309775,1981.6879095798529,48.05698566865968,149273.3669193687,0.8572712107441398,7.726202446006295,30.861763586789028,SIERRA,AYACUCHO,PARINACOCHAS,0,1,0,0.0,-15.05458751727004,-73.66692293220272,288.0523745840049,518.2160610026009,5,Pisco,7.979702090879073,False
85b331cbfffffff,1,840.1208555596564,671.0450281041743,28.7685409195862,149136.31009863972,1.6935134414964346,1.4500855380668365,60.96648389387165,COSTA,AREQUIPA,ISLAY,0,0,0,0.0,-17.15465884908452,-71.50657581375711,278.6977181051733,535.118518775814,5,Pisco,11.629910637895591,False
85b32643fffffff,2,5669.770280251162,1893.666523957359,88.827921512872,149133.90473251627,0.6310358924033106,5.8103556749735095,22.717292126519183,SIERRA,PUNO,PUNO,0,7,0,0.0,-15.824247586152753,-70.39278061767773,277.3232752414884,537.7619480465642,5,Pisco,15.820351310352635,False
858e638bfffffff,4,1470.766984721232,741.2273403907589,30.475306876612382,148833.16565584118,1.8070636066182877,4.103988486108588,65.05428983825834,COSTA,LIMA,YAUYOS,0,1,0,0.0,-12.726536574826005,-75.81060416880865,295.48886701232465,503.6845115712378,5,Pisco,3.294418630968721,False
85b336c3fffffff,1,837.337834407332,668.8220949451921,28.673240990568985,148642.27462405595,3.1934202214308103,5.199011897121317,114.96312797150917,COSTA,AREQUIPA,CARAVELI,6,2,0,0.0,-15.82274214757752,-73.29331550709642,285.98581365230973,519.7540141091382,5,Pisco,9.34301497900924,False
858e6177fffffff,14,4411.94739094598,1342.792951393557,38.22808913844919,148635.74655926885,0.7667613153104121,5.896868263127445,27.60340735117484,SIERRA,HUANCAVELICA,ANGARAES,0,0,0,0.0,-12.892522176826123,-74.79651660020053,293.1060525538268,507.1056884162192,5,Jauja,3.682531903657946,False
858f584bfffffff,4,6975.394371062034,1246.5592984288728,94.58070648089104,148528.7750946831,0.4965593016829548,1.3825593495145925,17.876134860586372,COSTA,ANCASH,CASMA,4,0,0,0.0,-9.48405020797835,-78.15431894831461,300.7515403682026,493.8587343986436,5,Otuzco,3.9681979755987413,False
858b6087fffffff,3,1971.065207323104,1357.7691135135417,70.06450504247587,148292.37567497994,1.942035586896356,8.791448776304646,69.91328112826882,SIERRA,CUSCO,CANCHIS,0,31,0,0.0,-14.308572995167086,-71.13830366879431,281.6477034503852,526.5172549191511,5,Pisco,16.259297302278355,False
858e6023fffffff,1,1765.874583008018,867.4414799386224,50.70921982806333,148265.01462403795,0.6070558235947026,6.354126789297206,21.85400964940929,SIERRA,JUNIN,CHUPACA,0,0,0,0.0,-12.25219574447756,-75.47264267111592,295.0826049620187,502.45257473961146,5,Jauja,2.3893916285851446,False
858e605bfffffff,2,1464.4131797503444,738.0251921178798,30.343651652954613,148190.19711112895,2.084247630284834,2.4803259797947126,75.03291469025403,SIERRA,LIMA,HUAROCHIRI,4,1,0,0.0,-11.844573515119473,-76.31781719360717,297.07387270883544,498.8328181131277,5,Jauja,3.315732386719901,False
858e612ffffffff,10,4393.21017943148,1337.0902098780814,38.06573729503143,148004.50162928354,0.9002948216275671,6.975271990139689,32.41061357859242,SIERRA,HUANCAVELICA,ANGARAES,0,1,0,0.0,-13.081079083262546,-74.52012279800289,292.2979299981221,506.3481004817052,5,Jauja,4.939982971758582,False
858e4c97fffffff,1,832.5172780554162,664.9716841962597,28.508169058658805,147786.54061603828,1.6439794485563022,5.380341567260144,59.18326014802688,COSTA,AREQUIPA,CARAVELI,0,0,0,0.0,-15.560182412158468,-74.74181687882364,289.9832800095696,509.6381440032035,5,Pisco,5.094960956676005,False
858b6c03fffffff,1,1963.000478927924,1352.2137218993178,69.77783202871106,147685.62876044284,3.792751513398628,12.25442314422256,136.5390544823506,SELVA ALTA,CUSCO,LA CONVENCION,0,0,0,0.0,-12.71522417979551,-72.7414827439687,287.89363538099497,512.9867791797393,5,Jauja,10.834537267855922,False
858b66bbfffffff,2,5606.775385841782,1872.6266375374837,87.8409846071919,147476.92850294895,0.4568906771142842,7.679961564536464,16.448064376114235,SIERRA,PUNO,AZANGARO,2,0,0,0.0,-14.773970276817428,-70.17120525037551,277.95125582818906,530.5855807829462,5,Pisco,17.630391022290496,False
858f735bfffffff,2,7573.552708221709,2327.7399822712346,80.18646255434652,146908.64962264668,1.2880326646505271,6.366529164430126,46.369175927418986,SELVA ALTA,CAJAMARCA,SAN IGNACIO,0,0,0,0.0,-5.127031809312147,-78.74629459040774,298.46235969973344,492.2183479700536,5,Chiclayo,5.955457532265427,False
858e6233fffffff,2,1451.5315531292467,731.5331958061236,30.076735459957327,146886.6505339137,1.2126658051175512,1.5518974875727074,43.65596898423184,COSTA,LIMA,CAÑETE,0,0,0,0.0,-12.581289269962578,-76.53507279134291,297.0510757926934,494.4828095368463,5,Pisco,2.076181408803677,False
858e6eb3fffffff,7,6047.124971597384,1949.74920146781,47.28245501194222,146867.53981011902,0.937688503852705,6.810515930986974,33.75678613869737,SIERRA,AYACUCHO,CANGALLO,0,4,0,0.0,-13.506203315974531,-74.4111486310347,291.66294585080107,503.5522746356971,5,Pisco,5.8736600073680165,False
858f09b7fffffff,2,3406.655799076452,1079.5822024525307,37.47322406030888,146508.8317322384,2.043580748605566,5.0602926462538775,73.56890694980038,SIERRA,PIURA,AYABACA,2,0,0,0.0,-4.8673422827457165,-79.59647358984925,299.1837318622918,489.6951810189782,5,Chiclayo,6.2105967007746585,False
858b690bfffffff,1,10135.196156392858,2479.170164352676,29.77752595118886,146324.73109372583,10.169998083558257,16.30431667230752,366.1199310080972,SELVA BAJA,UCAYALI,ATALAYA,0,0,0,0.0,-10.830737892553294,-73.45273005606128,290.7147704791445,503.327474048048,5,Satipo,6.8691122541204095,False
858e6193fffffff,2,4343.342025545978,1321.9126477716338,37.6336459614364,146324.47473288054,2.9506388844822524,8.362751907354907,106.22299984136106,SIERRA,HUANCAVELICA,TAYACAJA,0,0,0,0.0,-11.991833373828715,-74.57019766827683,293.1506444729247,499.1443051266941,5,Jauja,4.165313051518751,False
858f0927fffffff,2,3395.8881131378303,1076.1698817525394,37.354779482521366,146045.74970095285,0.8965006124436167,2.799237167159525,32.2740220479702,COSTA,PIURA,MORROPON,0,0,0,0.0,-5.433434733946518,-79.80158086987545,300.1552459166444,486.56737367672383,5,Chiclayo,4.1072762107687595,False
858f540ffffffff,5,7456.730010784242,2291.834394215214,78.94957952012693,144642.57115366313,2.171059756832176,3.751973049993632,78.15815124595832,SELVA ALTA,CAJAMARCA,JAEN,0,11,0,0.0,-5.828703790255742,-79.25623327352645,299.9852379096991,482.1656297540985,5,Chiclayo,3.8223638188464975,False
858f5d4bfffffff,4,4522.5237107595385,1512.525953241484,61.73221118571254,144424.8012503102,2.616583953686614,8.814512155235379,94.1970223327181,SIERRA,HUANUCO,HUACAYBAMBA,0,0,0,0.0,-8.998859301508562,-77.07724211071363,298.86105791478144,483.2506525205841,5,Otuzco,10.890468529585632,False
858f50d7fffffff,5,3105.579954271823,1043.812509580158,45.20996549295538,143786.69048679963,0.779409067588957,2.3389546580408167,28.05872643320245,COSTA,LAMBAYEQUE,FERREÑAFE,0,0,0,0.0,-6.396350223706394,-79.46117281817777,300.8291260573923,477.9679825927759,5,Chiclayo,1.6298191772748396,True
858f5c93fffffff,1,4038.850945093525,1688.658419212891,31.284120352422704,143644.16604969738,6.0535043746115,9.002957022469513,217.926157486014,SELVA BAJA,SAN MARTIN,MARISCAL CACERES,0,0,0,0.0,-7.636433185781395,-77.23959576818298,298.5389635633088,481.1571807417892,5,Otuzco,4.963904960830405,False
858b6107fffffff,3,1905.2249580328132,1312.415029549066,67.72411343023572,143338.90840965795,1.12692692793882,10.25032060329317,40.56936940579751,SIERRA,CUSCO,CALCA,6,22,0,0.0,-13.26952014048777,-71.9199883377443,285.0610713679389,502.8357878605077,5,Pisco,14.11870651519348,False
858f5843fffffff,2,6717.434383418273,1200.4597656836054,91.0829776676836,143035.97010761054,1.677355871138804,2.6836166219971918,60.38481136099695,COSTA,ANCASH,CASMA,0,0,0,0.0,-9.41481330256602,-77.99999687988485,300.5034901349999,475.98771662636017,5,Otuzco,4.221380912174936,False
858f58b3fffffff,5,6707.045466202802,1198.6031822896575,90.94211235204104,142814.75635732058,0.97451157905072,7.161792893574559,35.08241684582591,SIERRA,ANCASH,ANTONIO RAYMONDI,0,45,0,0.0,-9.165708755483218,-77.09321430374294,298.93015348986273,477.7529288699332,5,Otuzco,11.254108791908948,False
858e606bfffffff,2,1410.372962443192,710.7903636475415,29.22390105804549,142721.63771449716,4.1854472493506325,5.233172872007486,150.67610097662276,SIERRA,LIMA,YAUYOS,0,6,0,0.0,-12.369267576757036,-76.0721789652615,296.2777119571851,481.7157415307763,5,Pisco,4.804744629727793,False
858e6027fffffff,4,1698.0385455478695,834.1187325058079,48.76122614327299,142569.41699618538,1.4969971859296896,6.787893293026359,53.891898693468825,SIERRA,JUNIN,HUANCAYO,0,3,0,0.0,-12.347393891681056,-75.33442456095608,294.71851435052173,483.74774591399193,5,Jauja,1.7016847559425514,True
85b3342bfffffff,1,802.3950746259499,640.9116281779854,27.47668431903593,142439.31677106113,2.0851154072706604,4.090416222625918,75.06415466174377,SIERRA,AREQUIPA,CAYLLOMA,0,0,0,0.0,-16.073242003595002,-71.85535275994903,281.5503864756493,505.91057094279785,5,Pisco,13.653513882762127,False
858f731bfffffff,1,3988.703779591119,2066.900443305341,40.7044447247764,142386.30535621537,0.8338689958993302,7.667416041660161,30.019283852375885,SELVA BAJA,AMAZONAS,BAGUA,1,8,0,0.0,-5.090342495466311,-78.30503700161778,297.78202605146765,478.1561440904623,5,Chiclayo,6.707302088576398,False
858f5923fffffff,9,2868.6859896823235,1397.199185251122,51.38077157340313,140773.0853184426,1.9381242931719729,5.683530381248711,69.77247455419102,SIERRA,PASCO,DANIEL ALCIDES CARRION,0,11,0,0.0,-10.415038952370372,-76.33081656796288,297.54566260834355,473.11422416444645,5,Jauja,5.104784820170607,False
858f5c7bfffffff,3,6590.834499719842,1177.8353442087428,89.36638562949419,140340.24787993752,1.395755419380573,3.980916151425348,50.24719509770063,SIERRA,ANCASH,CORONGO,0,2,0,0.0,-8.510425998358793,-77.76394222877852,299.8809942541617,467.9864698627526,5,Chiclayo,inf,False
858e632ffffffff,2,824.4014430402458,544.9769771644399,19.05280226233264,140159.03407209364,1.9375558623612623,2.15461508318742,69.75201104500545,COSTA,ICA,PISCO,4,5,0,0.0,-13.58085139981231,-75.59465508772789,294.3027923166776,476.2409250989328,5,Pisco,1.135012274251494,True
858f4a5bfffffff,2,3420.350840164212,1590.196334724072,46.947686548055984,139721.87018264606,1.8777263900416548,7.651712926841244,67.59815004149957,SIERRA,HUANUCO,HUANUCO,0,0,0,0.0,-9.511847287676762,-76.100231767723,297.0738727088332,470.3270230687357,5,Jauja,6.224070425225364,False
858e6127fffffff,10,4720.560178532641,1473.86799916644,39.16380352439632,139706.20031948067,1.4009695977351035,6.96627765202078,50.43490551846373,SIERRA,HUANCAVELICA,ANGARAES,0,8,0,0.0,-13.0095112169164,-74.36739153631376,291.9838420354676,478.4723680103861,5,Jauja,5.49284813185659,False
858e6357fffffff,3,1379.5134875124174,695.2380111903448,28.58447144184104,139598.83621559432,2.0023838292533505,2.6319155838880977,72.08581785312062,COSTA,LIMA,CAÑETE,1,4,0,0.0,-13.034596070899,-76.13448821678163,295.91493640970026,471.7532609517111,5,Pisco,1.6841588905008393,True
85b3369bfffffff,1,783.6844080049177,625.9665167389959,26.835968671093443,139117.84253211055,3.7480250277127993,6.307799084607408,134.92890099766078,SIERRA,AREQUIPA,CONDESUYOS,1,2,0,0.0,-15.677085587105886,-72.98819819654635,285.3806097972317,487.4817620964381,5,Pisco,11.212029334712497,False
85b3352ffffffff,7,1777.932542467402,1090.6238899931232,40.573451408278814,139038.19140580474,2.128237620769331,3.914506330609183,76.61655434769592,SIERRA,MOQUEGUA,MARISCAL NIETO,0,2,0,0.0,-16.784411546394775,-70.75367609865908,276.9983355327215,501.9459454094096,5,Pisco,16.43949350201183,False
858f51a3fffffff,1,7161.659014821559,2201.143990203725,75.82545795126933,138918.90575781412,1.7165896063992256,4.731095804650376,61.79722583037212,SIERRA,CAJAMARCA,CAJABAMBA,3,2,0,0.0,-7.48000707114445,-77.95636862778007,299.63799370522634,463.62246669719,5,Otuzco,3.7898249338613823,False
858f54b7fffffff,3,5479.662628153243,2103.465631605253,57.25580411765047,138707.0941514694,1.4917136081842972,5.478697302761844,53.701689894634704,SELVA ALTA,CAJAMARCA,JAEN,0,0,0,0.0,-5.557764429178925,-78.64354239911549,298.861057914782,464.1189960286519,5,Chiclayo,5.671844459433487,False
858b6193fffffff,4,1839.6460524108688,1267.2409722826287,65.39301167542928,138405.10324039584,1.6525876820995258,9.651196093598193,59.49315655558293,SIERRA,CUSCO,PARURO,0,0,0,0.0,-13.926815067319756,-71.97247042923182,284.6217941362581,486.2772496407518,5,Pisco,14.57302641941169,False
858e697bfffffff,2,1353.4542067571788,763.9838840724758,28.75624819732826,138257.3323053635,3.0134848497809807,10.327671857854472,108.48545459211527,SIERRA,AREQUIPA,LA UNION,0,0,0,0.0,-15.330243421253146,-73.25127001204118,286.58600187415675,482.42876972781767,5,Pisco,13.15538101632228,False
858f59cffffffff,6,3384.080380297602,1573.3334001790674,46.44983873642924,138240.2161881383,1.1129800605396674,4.301368817930801,40.06728217942803,SIERRA,HUANUCO,DOS DE MAYO,4,1,0,0.0,-9.860822571331372,-76.8659075788312,298.60027025074584,462.9607872492976,5,Jauja,7.64797731982253,False
85b3205bfffffff,2,5246.277375489552,1752.2226387132114,82.19308577068102,137994.6261741587,1.1334571928318449,7.000217697653932,40.80445894194641,SIERRA,PUNO,CHUCUITO,0,0,0,0.0,-16.351578103868526,-69.57361974602493,273.76363120059256,504.06485905005786,5,Pisco,18.01955029905548,False
858f7267fffffff,2,7100.285471276118,2182.280762248726,75.17565362020662,137728.40709065233,2.1268324781760084,8.036144080644771,76.56596921433629,SELVA ALTA,CAJAMARCA,SAN IGNACIO,0,6,1,568894.7420000001,-4.997376130630846,-79.17129729124017,298.8495445734718,460.86202770435193,5,Chiclayo,7.538592949680606,False
85b3222ffffffff,2,1232.4811697431996,739.3067855524678,41.74856023095184,137495.06562468293,1.0673396717800172,5.997620048540963,38.42422818408062,SIERRA,TACNA,TARATA,0,2,0,0.0,-17.39537962003969,-69.7932104991848,272.7685610969936,504.0722621101159,5,Pisco,19.037441834212586,False
858e6db3fffffff,3,3870.471731101253,1577.027529244002,47.11526077444476,137062.94618756947,2.584996540641523,12.297876150232844,93.05987546309484,SIERRA,APURIMAC,ABANCAY,1,0,0,0.0,-13.651618359823708,-72.38395670489784,286.103542340066,479.0676307833157,5,Pisco,14.382400184278595,False
858f5853fffffff,2,6417.695621877188,1146.894028691203,87.01876246805656,136653.5594893968,2.817342187948025,3.0236251278523376,101.4243187661289,SIERRA,ANCASH,HUAYLAS,0,0,0,0.0,-9.247693737583116,-77.98349426616076,300.44927459616576,454.83071867313714,5,Otuzco,5.3184223371354165,False
858f4a43fffffff,2,3341.870862837752,1553.7092671319729,45.87047150550664,136515.95075614122,1.8449597552311507,7.770660229137728,66.41855118832143,SIERRA,HUANUCO,HUANUCO,0,0,0,0.0,-9.608531100273607,-75.96294726785435,296.80050202345046,459.9586248184815,5,Jauja,6.653983939431782,False
858b640ffffffff,7,5189.08306928453,1733.120111156025,81.29702630240611,136490.22479787507,1.4784566850457792,6.655440257911664,53.224440661648046,SIERRA,PUNO,MELGAR,4,2,0,0.0,-14.979065081842846,-70.90265102624873,280.1180001170881,487.2597431825971,5,Pisco,16.37275761777164,False
858f497bfffffff,1,9431.475534352594,2307.033074622895,27.709972569701208,136164.9148261146,1.512555148007012,,54.45198532825243,SELVA BAJA,UCAYALI,ATALAYA,0,0,0,0.0,-10.04954725717157,-73.82050500895141,291.773533283329,466.680145021552,5,Chiclayo,inf,False
85b33507fffffff,7,1734.3780416100376,1063.906577599569,39.579512447188826,135632.13471796975,3.456762366271457,4.660094800474385,124.44344518577246,SIERRA,MOQUEGUA,GENERAL SANCHEZ CERRO,0,10,0,0.0,-16.371382866797326,-70.86600018992482,278.0328972512632,487.82764938566464,5,Pisco,14.440686364034264,False
858e641bfffffff,3,2329.962427737397,1191.5697952596863,52.46485553800422,135424.13773263717,1.9677400233227773,6.658510913149395,70.83864083961998,SIERRA,PASCO,PASCO,0,3,0,0.0,-10.6339720601312,-75.7645899108896,296.34581489634905,456.9800919240368,5,Jauja,4.203555188199971,False
85b32003fffffff,4,5142.555218782791,1717.5801106671631,80.5680775005601,135266.3868501006,0.5576577653772604,7.656169284183706,20.075679553581374,SIERRA,PUNO,YUNGUYO,0,7,0,0.0,-16.376206723696466,-69.00623714086153,271.727097418173,497.80234704356,5,Pisco,18.979342066088066,False
858b6997fffffff,1,1611.0288019721263,791.3773841322127,46.26263634724683,135263.97128230205,4.6129210198526245,10.747239608601973,166.06515671469447,SELVA ALTA,JUNIN,SATIPO,0,26,0,0.0,-11.375421393658558,-73.93382717723371,291.8325418254194,463.4985887325065,5,Satipo,2.618883182964055,False
858e68c7fffffff,5,5568.897711669362,1795.5563871065597,43.54319726396516,135252.75402916476,3.0651864874455392,9.85423381135895,110.3467135480394,SIERRA,AYACUCHO,VICTOR FAJARDO,0,2,0,0.0,-14.117185565356932,-74.02512917038784,290.09280790864506,466.23959761097575,5,Pisco,10.241694030333747,False
858f55cbfffffff,3,6952.650678192376,2136.905041781065,73.61254152956563,134864.64830731327,3.1205328142978472,6.260426599132489,112.33918131472252,SELVA ALTA,CAJAMARCA,CUTERVO,0,3,0,0.0,-6.056761249297502,-78.69365811653465,299.4954320234582,450.306194642561,5,Chiclayo,5.538816655473056,False
858f556bfffffff,3,6948.0939545546,2135.5045276223277,73.56429633164757,134776.2588628716,0.4941019811166485,4.69661833010785,17.787671320199347,SIERRA,CAJAMARCA,HUALGAYOC,0,7,0,0.0,-6.821631206527321,-78.62399121581218,300.132053552237,449.0565311759153,5,Chiclayo,4.883949717543146,False
858f58cffffffff,4,6321.4190686588845,1129.688631225384,85.71333026787748,134603.51933981376,1.402399745932764,3.836597468809712,50.4863908535795,SIERRA,ANCASH,HUAYLAS,0,1,0,0.0,-9.178473474390636,-77.82941130947195,300.19004006422296,448.3943548260847,5,Otuzco,6.124529129010625,False
85b334cbfffffff,1,758.0458025574947,605.4877265754583,25.958017284630166,134566.53662510935,1.9513729973214355,6.247009408812441,70.24942790357169,SIERRA,AREQUIPA,CASTILLA,0,0,0,0.0,-15.385155184276991,-72.380602453288,284.09191630422896,473.67252956611566,5,Pisco,13.599388063530569,False
85b33673fffffff,1,757.7326101051691,605.2375646653212,25.94729253018465,134510.9394257523,1.1527642957577628,2.925666870585605,41.49951464727946,COSTA,AREQUIPA,CAMANA,0,0,0,0.0,-16.405347144169202,-73.196545356666,284.8058697196034,472.2899129789031,5,Pisco,8.056244856126796,False
858e642bfffffff,1,1599.132532168211,785.5336407634852,45.92102060260368,134265.14575221002,1.7147866642692609,5.468269250650508,61.73231991369339,SELVA ALTA,JUNIN,CHANCHAMAYO,2,0,0,0.0,-11.15880429374146,-75.51960944381382,295.6885774683178,454.0762003787453,5,Jauja,1.6863474790734472,True
858b668bfffffff,2,5097.501230833192,1702.5323707176085,79.86221960727495,134081.31641257348,1.221154211458849,7.452871332751325,43.96155161251856,SIERRA,PUNO,SAN ANTONIO DE PUTINA,6,4,0,0.0,-14.951921302380471,-69.89913549471666,276.81245795911894,484.3760190604401,5,Pisco,17.15655786442767,False
858f59a7fffffff,2,3271.3547071723174,1520.924755390884,44.902567764791016,133635.35469799177,2.120021816887757,7.287825784593917,76.32078540795925,SIERRA,HUANUCO,AMBO,0,0,0,0.0,-10.108225859152672,-76.00906532570897,296.91435550310683,450.0804768147812,5,Jauja,8.071273468340223,False
858e6c07fffffff,6,6255.4678681512005,1921.6529938410213,24.85770005679136,133039.89138720636,1.1921837752373063,10.162732747981352,42.91861590854303,SIERRA,APURIMAC,CHINCHEROS,2,3,0,0.0,-13.312416200739014,-73.66323125118875,289.9467860251104,458.8424421289658,5,Jauja,9.359902737262018,False
858f0937fffffff,3,3087.190766293103,978.3425163673336,33.95910773656118,132769.7129327758,0.8741447656604174,2.776881320376324,31.46921156377503,COSTA,PIURA,MORROPON,5,3,1,988000.0,-5.267087153312899,-79.78427903759973,299.9273173130164,442.6729586428832,5,Chiclayo,4.084058539552643,False
858f54affffffff,3,6823.768820070521,2097.293057062985,72.24797978577482,132364.6512165179,1.669272994606408,5.364565564266097,60.09382780583069,SELVA ALTA,CAJAMARCA,JAEN,1,318,42,348993530.5896,-5.791815181341759,-78.81329222054892,299.36837776406173,442.1464023860168,5,Chiclayo,4.363960417340422,False
858f58dbfffffff,3,6191.909997370389,1106.5443144373164,83.95729199870574,131845.85107062862,2.1466242346529487,4.042191067011726,77.27847244750616,SIERRA,ANCASH,HUAYLAS,1,1,0,0.0,-8.913519834943926,-77.95054238469363,300.31767613610776,439.0212816207143,5,Otuzco,6.305816014748416,False
858f5d23fffffff,3,3224.544629674473,1499.1617207948052,44.26005331280765,131723.15566431623,1.7880230179544288,8.71522598059508,64.36882864635943,SELVA ALTA,HUANUCO,HUAMALIES,0,12,1,1211008.656,-9.248442304901635,-76.22203196659164,297.2791762378634,443.0958041908726,5,Picota,7.2522687068994856,False
858f5e77fffffff,4,6179.618779770548,1104.3477746041483,83.79063302829312,131584.131173887,1.2514135865002698,0.1941565910996065,45.05088911400971,COSTA,ANCASH,SANTA,51,36,0,0.0,-9.022548672244048,-78.55079563990463,301.2486658179603,436.795730917531,5,Otuzco,2.843339460756397,False
858e62bbfffffff,3,1300.170941707178,655.2514838763688,26.940439139712197,131569.82659948198,3.290672335825757,3.3053915751997125,118.46420408972726,COSTA,LIMA,HUAROCHIRI,0,4,0,0.0,-12.248232718312789,-76.50345854856114,297.21071546046335,442.6819752970318,5,Pisco,3.886254966026172,False
858e644bfffffff,3,2247.749822256419,1149.5253157803056,50.61363578500975,130645.70393667824,0.9677283159453006,4.042302256520457,34.83821937403082,SIERRA,PASCO,PASCO,0,3,0,0.0,-10.844874970841053,-76.22415696013347,297.25635305868445,439.5051698386615,5,Jauja,3.1387407688889652,False
858f454ffffffff,2,3672.204238721761,1535.3620841888169,28.44414931984773,130604.15514371908,2.296477307035956,14.328355341034012,82.67318305329442,SELVA BAJA,SAN MARTIN,SAN MARTIN,0,0,0,0.0,-6.2850111922406935,-75.65932580151456,294.314015194573,443.7578518215511,5,Picota,3.1775276111320636,False
858f7303fffffff,1,3649.712684616751,1891.239155028148,37.24506417158073,130285.2088022351,1.173226191299327,7.444709854271217,42.23614288677577,SELVA BAJA,AMAZONAS,BAGUA,0,0,0,0.0,-5.188649591556806,-78.16904092440382,297.7057455976245,437.6308174392005,5,Chiclayo,6.308451910957956,False
858f54b3fffffff,3,6714.032857636181,2063.5655850175167,71.08612893695798,130236.0383082365,1.558163857777494,5.759037106956842,56.09389887998979,SELVA ALTA,CAJAMARCA,JAEN,0,0,0,0.0,-5.459256505847159,-78.7797579089134,298.9301534898711,435.67380803773415,5,Chiclayo,5.09067744699496,False
858e6623fffffff,5,1284.97174245832,647.5914927613005,26.62550124254725,130031.75499253043,3.3832739431706838,3.737768622656093,121.79786195414458,SIERRA,LIMA,HUAROCHIRI,1,0,0,0.0,-11.581807672117558,-76.44043829421467,297.4390203017128,437.1711380054652,5,Jauja,6.071887147438247,False
858e666ffffffff,2,1283.8123742482571,647.0072020994855,26.601478333172963,129914.43359311303,0.8611124070187515,1.003242459158522,31.00004665267505,COSTA,LIMA,CANTA,1,0,0,0.0,-11.79281110459456,-76.90318508089254,298.21744735138515,435.63659586971386,5,Pisco,3.5215649741512607,False
858f587bfffffff,2,6093.01258394028,1088.8705480889494,82.61632305361536,129740.0043047819,2.9564049201190947,4.219132121553522,106.4305771242874,SIERRA,ANCASH,HUARAZ,0,0,0,0.0,-9.679752357179362,-77.8786989758448,300.3408924122876,431.9758234142943,5,Otuzco,6.543277815449983,False
858e6467fffffff,5,1543.7744360051252,758.3403681922849,44.331346061382746,129617.21151262335,0.8838340032382306,5.543295173878192,31.8180241165763,SIERRA,JUNIN,TARMA,1,12,0,0.0,-11.229384835439015,-75.67263625466227,295.9980070601747,437.8989331717796,5,Jauja,1.976865714739688,True
858f0bb3fffffff,4,3005.0901175326003,952.324507962823,33.05600035267663,129238.8395942891,0.9070506635598148,1.4603541153778297,32.65382388815333,COSTA,PIURA,PIURA,2,0,0,0.0,-5.239340422743967,-80.80792607131892,300.875693484333,429.542307315093,5,Chiclayo,3.5341639471589588,False
858f4c7bfffffff,1,8934.65608616224,2185.506077609938,26.250301362231568,128992.1900917509,3.5738050691477814,13.418109986771327,128.65698248932014,SELVA BAJA,UCAYALI,CORONEL PORTILLO,0,59,2,3945666.504,-8.219168480357318,-74.6748300690104,293.48544458084643,439.51818556445454,5,Satipo,10.349723092105705,False
858f5d13fffffff,1,3153.6018289360422,1466.1788523754071,43.28629344794268,128825.13108778112,2.779583627684584,11.542744409500596,100.06501059664502,SIERRA,HUANUCO,MARAÑON,0,0,0,0.0,-8.721179954556106,-76.46524342544974,297.6218747059303,432.848328823507,5,Chiclayo,inf,False
858f5ddbfffffff,1,3622.124791155307,1514.4236831652888,28.056244074977275,128823.04943328135,1.9974220620506296,12.06122577208474,71.90719423382266,SELVA ALTA,SAN MARTIN,TOCACHE,0,3,0,0.0,-8.42925436909381,-76.87645919046557,298.2977722832491,431.8605816169396,5,Picota,5.168993030907586,False
85b336a3fffffff,1,725.3799599501574,579.3959433213873,24.839429853425496,128767.77183968348,2.177507035823205,3.72111754660371,78.39025328963538,COSTA,AREQUIPA,CASTILLA,1,25,0,0.0,-16.113116350286592,-72.58652195855372,283.6058791453964,454.0377379612361,5,Pisco,10.841973706259523,False
858f5c73fffffff,3,6020.156710433592,1075.8506152029047,81.62845632938657,128188.6664054806,2.2877742252670146,5.483297552824102,82.35987210961254,SIERRA,ANCASH,SIHUAS,0,0,0,0.0,-8.441382258666744,-77.61037332455994,299.59945236962415,427.86682482760574,5,Otuzco,7.945168821548577,False
85b331c7fffffff,1,1635.636170847819,1003.3360887741394,37.326165708974834,127910.30568403366,1.588404118406992,2.18228225074855,57.18254826265171,COSTA,MOQUEGUA,MARISCAL NIETO,0,0,0,0.0,-17.168990838535073,-71.21750423390456,277.78809279666643,460.4600017095068,5,Pisco,12.87056725219918,False
858e6933fffffff,1,720.0232739873206,575.1173000063343,24.65599905499284,127816.86534382882,0.9212376220452284,8.174791742150564,33.16455439362823,SIERRA,AREQUIPA,LA UNION,0,2,0,0.0,-15.203233255996908,-72.65667920499348,285.1249313350354,448.2837216140805,5,Pisco,12.954794867682722,False
858f7323fffffff,2,3577.796822683529,1853.973182139657,36.5111678010672,127718.00039493918,0.8426730179520748,7.840937703677605,30.33622864627469,SELVA ALTA,AMAZONAS,BONGARA,0,0,0,0.0,-5.551106771091075,-77.91325729809465,297.75913849521856,428.93058141014905,5,Picota,4.922171906305266,False
858e63d3fffffff,2,1261.8199020652262,635.9235825770256,26.14577913288104,127688.9218093964,1.2284728363728614,4.3174768867742594,44.22502210942301,SIERRA,LIMA,YAUYOS,0,0,0,0.0,-12.535650595804666,-76.0877304840136,296.1982914899369,431.0927020108573,5,Pisco,3.454970054408477,False
85b33563fffffff,12,1632.1563006712115,1001.2014579835834,37.24675305402576,127638.1722683243,2.14800438322966,3.340789660393169,77.32815779626773,SIERRA,MOQUEGUA,GENERAL SANCHEZ CERRO,2,4,0,0.0,-16.681865929574187,-71.17911140051055,278.513348813883,458.2838589672724,5,Pisco,13.254575665205266,False
858f5507fffffff,3,3575.0498609281394,1852.549738137872,36.48313524735754,127619.94103608032,3.363479330565008,9.392154389959336,121.08525590034029,SIERRA,AMAZONAS,LUYA,0,21,1,2121679.924,-6.4504059990320455,-78.1477212251743,299.0953229560599,426.6865151041796,5,Picota,8.595465048440929,False
858e689bfffffff,7,5244.562698100268,1690.9824058039458,41.0072226049484,127375.57508199448,1.386475033421131,8.588656114827787,49.913101203160736,SIERRA,AYACUCHO,VILCAS HUAMAN,3,1,0,0.0,-13.8800057427714,-73.85814132807407,289.9175963484424,439.3509627780784,5,Pisco,8.330159723169345,False
858f55b3fffffff,9,3559.5195418198136,1844.502105316925,36.32464942072446,127065.5492133152,1.799822144140782,7.507575444508562,64.79359718906815,SIERRA,AMAZONAS,CHACHAPOYAS,0,1,0,0.0,-6.147741961467172,-77.82581147878915,298.2862950854105,425.9852071880528,5,Picota,7.321861940195049,False
85b33123fffffff,2,1138.9726129920928,683.2154535220437,38.58108983913533,127063.29152330523,0.7576299604741055,1.400686163941988,27.2746785770678,COSTA,TACNA,JORGE BASADRE,0,0,0,0.0,-17.755971627047053,-70.8290299660277,275.4836043786941,461.2372188532767,5,Pisco,14.294122440582214,False
858e6cbbfffffff,3,5221.99247290031,1683.705182533837,40.83074607062196,126827.40823185536,3.767307109758905,11.100891155206332,135.6230559513206,SIERRA,AYACUCHO,LA MAR,0,0,0,0.0,-13.075237654211389,-73.49729135102032,289.70611758150744,437.7795308246229,5,Jauja,9.721788993156224,False
858e6887fffffff,11,5802.959879686584,1796.5138257377268,26.561231428223195,126165.67575376832,0.7752653213214042,9.135616409090126,27.909551567570556,SIERRA,APURIMAC,ANDAHUAYLAS,1,1,0,0.0,-14.06587174818208,-73.58182099160038,289.0078809132596,436.5475271992137,5,Pisco,8.588696014388916,False
85b30453fffffff,1,1129.9443538204882,677.7998306053184,38.27527030123122,126056.10283941231,1.5605603345417145,2.5057921837113195,56.18017204350171,COSTA,TACNA,TACNA,1,0,0,0.0,-17.9300014494986,-70.55326622535942,274.2684264422041,459.6085100811843,5,Pisco,15.09123628186535,False
858f4eb7fffffff,2,8653.744887368714,2116.792393914514,25.42497540080184,124936.59462123284,2.6149909520982275,12.459295869721789,94.13967427553618,SELVA BAJA,UCAYALI,CORONEL PORTILLO,0,0,0,0.0,-8.288778880584864,-74.82563470632373,293.8805827476885,425.1270820723031,5,Satipo,9.784199217770947,False
858e6baffffffff,1,701.8961873934863,560.6383220684481,24.03526713413104,124598.98688080451,1.3178818098371183,6.286175122663238,47.44374515413626,SIERRA,AREQUIPA,CARAVELI,1,0,0,0.0,-15.639801983714433,-73.57086282551604,286.9872946412424,434.1620315859748,5,Pisco,8.114998300205116,False
858f552bfffffff,2,6377.922787163285,1960.261775085036,67.52749818353949,123716.31388298198,1.4231732402833983,6.137987951832505,51.23423665020235,SIERRA,CAJAMARCA,CELENDIN,0,3,0,0.0,-6.783486645349795,-78.18064876402907,299.44922007800346,413.1462217559129,5,Otuzco,6.0179612728825305,False
858e643bfffffff,2,1471.9932949460097,723.0796878296188,42.27006396552997,123590.37810595466,3.056461856122074,6.762185922896044,110.03262682039464,SELVA ALTA,JUNIN,CHANCHAMAYO,0,0,0,0.0,-10.992419232363073,-75.50445743442774,295.7036590850405,417.95349603845006,5,Jauja,2.139412322678254,False
858f548bfffffff,2,6367.709308612434,1957.1226509121657,67.41936099259101,123518.19704143328,2.7261910901951283,6.711862991633367,98.14287924702462,SELVA ALTA,CAJAMARCA,SAN IGNACIO,0,29,0,0.0,-5.329654958899694,-79.20521789688773,299.3260463059249,412.6543565647209,5,Chiclayo,6.5924624538492935,False
858e6607fffffff,4,1220.010992714852,614.8530071532169,25.27946967946982,123458.10047884165,1.6226471780692726,2.884314996556129,58.41529841049382,SIERRA,LIMA,HUARAL,0,2,0,0.0,-11.318781623908082,-76.56292617334188,297.7820260514869,414.5921838059344,5,Pisco,4.882309518281545,False
858f5993fffffff,1,3020.011526109652,1404.0697823307082,41.45263486844674,123367.94619025958,4.411748986113554,8.169320700896877,158.82296350008792,SIERRA,HUANUCO,DOS DE MAYO,0,0,0,0.0,-9.484811515488182,-76.39039732411076,297.65618076484753,414.4645875427729,5,Picota,8.990025066930684,False
858e6573fffffff,2,1468.176004263325,721.2045397805975,42.16044585661188,123269.87365771216,3.973222554819719,9.204271617034731,143.0360119735099,SIERRA,JUNIN,CONCEPCION,0,7,0,0.0,-11.636016104464968,-74.83091682496747,293.9440364679653,419.3651116005764,5,Satipo,2.982773637806531,False
858e6a0bfffffff,1,724.3533537810814,478.8394106720002,16.74058352779313,123149.5495913168,1.2395251163864405,4.93858720357565,44.62290418991185,COSTA,ICA,NASCA,0,0,0,0.0,-14.950776425993142,-75.12972993155996,291.7182308332263,422.1523942455305,5,Pisco,3.4219988753920916,False
858f734ffffffff,1,6346.159082885258,1950.499164685198,67.19119378561639,123100.17465714252,1.8601850171841148,6.938681516963687,66.96666061862813,SELVA ALTA,CAJAMARCA,SAN IGNACIO,1,0,0,0.0,-5.391592571346897,-78.62687258984963,298.63476448396415,412.20979369182805,5,Chiclayo,inf,False
858e6c4bfffffff,4,5060.772061746873,1631.7235599639148,39.57016407948187,122911.82102892936,1.280406281358905,5.589682014412596,46.09462612892058,SIERRA,AYACUCHO,HUAMANGA,3,18,0,0.0,-13.340681033134278,-74.39654663163587,291.77722073458483,421.252285286301,5,Pisco,5.292335097088653,False
85b334abfffffff,2,691.3573399229591,552.2204365341884,23.67438183686131,122728.15506649396,0.6288678403405354,4.726425336947305,22.63924225225928,SIERRA,AREQUIPA,CAYLLOMA,1,0,0,0.0,-15.673196272488855,-71.67824111089139,281.61294095313343,435.804386869134,5,Pisco,14.453245156024423,False
858f5407fffffff,3,6324.519602000142,1943.848245784588,66.96208157229461,122680.42093813606,2.3910788537433056,6.674407108179441,86.078838734759,SELVA ALTA,CAJAMARCA,JAEN,0,0,0,0.0,-5.760966843756361,-79.10286363403765,299.7151011713176,409.3234557040613,5,Chiclayo,6.252266641011374,False
858f50bbfffffff,5,6305.821230633349,1938.1012802176103,66.76410892812156,122317.71764769003,1.1455037638437795,3.475501602448064,41.23813549837605,COSTA,CAJAMARCA,SANTA CRUZ,0,5,0,0.0,-6.692624981084474,-79.0510794711139,300.5964690014798,406.9166815365615,5,Chiclayo,2.4480177857803938,False
858f594bfffffff,4,5735.347476707653,1024.952905382748,77.76667345301865,122124.15386745642,1.280073326945863,2.995214251146622,46.082639770051074,SIERRA,ANCASH,BOLOGNESI,0,4,0,0.0,-10.167200455593768,-77.18941261073898,299.1837318622886,408.1911576785498,5,Otuzco,7.324912113501341,False
858f481bfffffff,1,8450.17450013879,2066.997044857771,24.82687918291965,121997.59060883634,3.840748727098781,14.66356817422638,138.26695417555612,SELVA BAJA,UCAYALI,CORONEL PORTILLO,0,0,0,0.0,-8.97887293570384,-74.59659587301692,293.5860088995252,415.542930898277,5,Satipo,10.990007893211441,False
858e6377fffffff,1,717.2875017883609,474.1684743307399,16.577284103745857,121948.2622833472,1.4467639683185876,1.8351815004563048,52.08350285946915,COSTA,ICA,CHINCHA,7,229,113,3073950004.346,-13.391155608632513,-75.87236536669472,295.06757609946595,413.2892671414327,5,Pisco,1.1025852919046883,True
858e6e7bfffffff,3,3615.804288254696,1100.483773186145,31.329768102459163,121814.18366407778,2.856361428346437,3.9303902852354873,102.82901142047172,SIERRA,HUANCAVELICA,HUAYTARA,1,0,0,0.0,-14.029836447067392,-75.1932737349684,292.9649193646775,415.7978502280871,5,Pisco,3.0411776531291252,False
858e6893fffffff,9,5261.472973255636,1665.15340322243,33.241643251505174,121584.70353168069,2.405122422317452,10.588987474911526,86.58440720342827,SIERRA,APURIMAC,ANDAHUAYLAS,2,23,1,16120.0,-13.807945028557556,-73.70575733281228,289.59683287553594,419.8412749352677,5,Pisco,10.8598188967444,False
858f0baffffffff,4,2806.9568440464327,889.5353186859622,30.87653374699182,120717.79252119995,1.019502009116834,1.595553034827771,36.702072328206015,COSTA,PIURA,SECHURA,1,0,0,0.0,-5.572394267930902,-80.84365399133085,301.31868392067224,400.63162015197565,5,Chiclayo,3.5354012452226016,False
858e6c73fffffff,5,4970.204782070293,1602.5223309405496,38.86201874645583,120712.19829649544,1.689915889097728,7.289315721136342,60.836972007518206,SIERRA,AYACUCHO,HUAMANGA,1,16,0,0.0,-13.45623948341188,-73.9676347491073,290.6048509687754,415.3825990656488,5,Pisco,6.071140883810585,False
858e6d33fffffff,12,5712.643128878735,1750.5791738994692,21.60985218147456,120638.6934322378,0.7682476104134969,11.047664192269773,27.656913974885885,SIERRA,APURIMAC,GRAU,1,1,0,0.0,-14.053214823617791,-72.56169515655733,286.2213518233369,421.48740009689806,5,Pisco,12.001974959099243,False
858f562ffffffff,1,1199.806521118414,472.49280730247193,27.023152054767746,120310.56006506576,1.649658784640864,1.2433456635572009,59.3877162470711,COSTA,LAMBAYEQUE,LAMBAYEQUE,0,0,0,0.0,-6.667881179721767,-80.07745612046733,301.7627624745227,398.6925327647853,5,Chiclayo,0.7369264953085803,True
858e6c33fffffff,10,5669.31168194054,1737.3007094700235,21.445937485243995,119723.62679404258,0.8201806295766882,9.804802643614313,29.526502664760773,SIERRA,APURIMAC,CHINCHEROS,1,0,0,0.0,-13.405625582975942,-73.52540464295404,289.5021750292413,413.55000798163206,5,Pisco,9.53767134330701,False
85b3360bfffffff,1,671.257067752925,536.1653801527386,22.986081458895768,119160.00126626444,1.02137263348287,2.7942752083107045,36.76941480538332,COSTA,AREQUIPA,CAMANA,0,0,0,0.0,-16.241624808348757,-73.18254731099005,285.0362433737628,418.05210402668735,5,Pisco,8.811435718178473,False
85b331dbfffffff,1,669.5150113792283,534.7739157455521,22.92642763678284,118850.7554502159,1.7185634325383092,2.024826579611412,61.86828357137913,COSTA,AREQUIPA,ISLAY,0,0,0,0.0,-16.992216176809176,-71.49358497554893,278.9472816357256,426.068878510965,5,Pisco,11.92422614366842,False
858f4e3bfffffff,1,8221.651423990541,2011.098018977006,24.1554711780378,118698.33747647224,2.144359991712127,11.719240234255196,77.19695970163659,SELVA BAJA,UCAYALI,PADRE ABAD,0,0,0,0.0,-8.66379623733689,-75.29407110877717,295.12394091299547,402.19826663085024,5,Picota,8.58485153404763,False
858f5e37fffffff,2,5569.539883575789,995.3217496410596,75.51845658325044,118593.57231189,2.251769787859057,2.443921504910202,81.06371236292605,COSTA,ANCASH,SANTA,0,4,0,0.0,-8.982622882967693,-78.10459150478118,300.577094450628,394.5529266913912,5,Otuzco,4.953550356105552,False
858e692ffffffff,1,667.6110825060754,533.2531559694576,22.86123076024679,118512.77440266396,0.3752716526350134,5.88529066923188,13.509779494860483,SIERRA,AREQUIPA,CONDESUYOS,0,0,0,0.0,-15.531218064030533,-72.68395607114299,284.74920995052804,416.20053809193786,5,Pisco,13.161024245697263,False
858b619bfffffff,6,1571.2416269996038,1082.3504687113657,55.85216891295657,118211.79368471156,0.9457914030173356,9.793624755297309,34.04849050862408,SIERRA,CUSCO,PARURO,0,0,0,0.0,-13.85402561566562,-71.82234918088092,284.2401162692368,415.8870860182855,5,Pisco,15.316953819861737,False
858e6237fffffff,2,1168.0795837921269,588.6809618745202,24.20341504954157,118202.94037038831,1.1391167747205273,2.1868423973773874,41.00820388993898,COSTA,LIMA,CAÑETE,0,0,0,0.0,-12.677111400191992,-76.3963409327645,296.7132636231124,398.3743056411886,5,Pisco,1.8838634541607462,True
858e6d7bfffffff,13,5581.492405867322,1710.3894194957663,21.11373371689853,117869.07322144484,1.744272125249965,10.204687668153618,62.79379650899875,SIERRA,APURIMAC,AYMARAES,0,5,0,0.0,-14.178638099123733,-73.15371643554326,287.7422475546918,409.6342272402707,5,Pisco,9.444575436185914,False
858f5d5bfffffff,2,2879.026941551283,1338.5229480747955,39.51748248400993,117608.70372012952,4.05204836384798,10.346778445259073,145.87374109852726,SIERRA,HUANUCO,HUACAYBAMBA,0,2,0,0.0,-8.832036298341594,-77.06128723696116,298.78431626701433,393.6240870656218,5,Otuzco,13.726197320604115,False
858e666bfffffff,3,1159.1161994647002,584.1636551937629,24.01768754078659,117295.89739328908,0.8745546760671518,0.9154657556201052,31.48396833841746,COSTA,LIMA,LIMA,1,17,2,254966.764,-11.696260765045013,-77.04168206812714,298.51597896383413,392.9300461584327,5,Pisco,3.6132871826484916,False
85b33607fffffff,1,660.5217869736218,527.5905938650506,22.61846962978948,117254.29906555952,1.851222949392081,4.294909797017168,66.64402617811494,COSTA,AREQUIPA,CAMANA,0,0,0,0.0,-16.259347140262438,-72.8910921569535,284.21893695781466,412.54921406930407,5,Pisco,11.171092815786324,False
858e64c7fffffff,2,2017.001826816996,1031.5181160035522,45.41777506970646,117233.96478418734,2.672090121091861,7.362861010918467,96.19524435930698,SIERRA,PASCO,PASCO,0,0,0,0.0,-10.467475692866518,-75.74931860014459,296.3382466147511,395.6086199585136,5,Satipo,4.696818812692072,False
858b66a7fffffff,6,4435.441245656588,1481.4086269307434,69.48976896233006,116666.92643270912,1.390489895767456,8.875525839329695,50.057636247628416,SIERRA,PUNO,MELGAR,3,0,0,0.0,-14.595217363215076,-70.44356525601408,279.0704912244116,418.0554021345548,5,Pisco,18.681308935376364,False
858f5007fffffff,4,6013.839243691083,1848.3602866188355,63.67269284316146,116653.97157390094,2.1680188705400774,2.5983133851343454,78.04867933944278,COSTA,CAJAMARCA,SAN MIGUEL,0,0,0,0.0,-6.927569936566874,-79.22191130136447,301.0154678746904,387.5348080865492,5,Chiclayo,2.1483846747432835,False
85b33117fffffff,1,1482.7395089041404,909.5458305765142,33.83697523876125,115953.4542057816,1.0552617962976278,1.0152370098885808,37.989424666714605,COSTA,MOQUEGUA,MARISCAL NIETO,1,0,0,0.0,-17.344896036946277,-70.94167271716088,276.609919399827,419.194851932176,5,Pisco,13.571573643750526,False
858e6d57fffffff,8,5489.86772134604,1682.3120022793423,20.76713480567479,115934.15763553846,1.3510878116142464,10.265631096992909,48.63916121811288,SIERRA,APURIMAC,ABANCAY,0,1,0,0.0,-13.849077457545857,-73.12598517648446,288.0090676096206,402.5364846938792,5,Pisco,9.580189805512418,False
858f5533fffffff,5,3247.648915667833,1682.8943321988318,33.1420313660977,115932.58255028012,2.812029053439491,8.936255305785737,101.23304592382166,SIERRA,AMAZONAS,LUYA,0,2,0,0.0,-6.548668804140794,-78.01118844552714,298.97623199926585,387.7652138935405,5,Picota,7.758495027831486,False
858e6ea7fffffff,6,4769.77411346276,1537.8983091280877,37.294851850458016,115844.30498535233,1.6140267630578835,6.360895366108764,58.10496347008381,SIERRA,AYACUCHO,VICTOR FAJARDO,0,1,0,0.0,-13.765298923401597,-74.28739455411552,291.111055053361,397.9385288687093,5,Pisco,6.56290193825771,False
858f0833fffffff,1,2692.6297751925044,853.3046349677167,29.61893564492261,115800.96902006988,2.595983192499275,3.2830904117305177,93.4553949299739,COSTA,PIURA,SULLANA,1,0,0,0.0,-4.475193895458065,-80.87257624745594,299.86555588428706,386.1762938346793,5,Chiclayo,5.656066975207068,False
858f4cabfffffff,1,8020.709240007476,1961.9455546730512,23.565096704183134,115797.27758744764,7.196652807604816,17.04095772522837,259.0795010737734,SELVA BAJA,UCAYALI,CORONEL PORTILLO,0,0,0,0.0,-7.940813042460247,-74.07352155960643,291.8399192917138,396.7835444461606,5,Satipo,9.845116633805446,False
858e668bfffffff,3,1143.9493738665274,576.5199795353547,23.703420448004398,115761.1018137201,1.9683007075086287,3.5396230783523053,70.85882547031063,SIERRA,LIMA,OYON,0,0,0,0.0,-10.888730491502834,-76.66945118445278,298.11804737033145,388.3062526232036,5,Pisco,6.688954401930459,False
858b6d87fffffff,3,4759.342464758561,1534.5348762857802,37.21328681535897,115590.94978126026,5.242851264031265,10.65731532272373,188.74264550512555,SELVA ALTA,AYACUCHO,HUANTA,0,4,0,0.0,-12.369524983582853,-74.01948343039756,291.5671599042668,396.4470821035312,5,Satipo,7.471054605673999,False
85b33573fffffff,4,1474.767756819415,904.6557781920528,33.65505523441756,115330.0458560714,2.0144340980269915,3.207219375190502,72.5196275289717,SIERRA,MOQUEGUA,GENERAL SANCHEZ CERRO,0,0,0,0.0,-16.519305455144856,-71.16634306600632,278.7421336858747,413.75175087825545,5,Pisco,12.769913315127269,False
858b6d9bfffffff,3,2374.564310527574,1175.057176164171,49.54895043037925,114599.23757628383,3.825944671728754,9.240408730421208,137.73400818223516,SELVA ALTA,CUSCO,LA CONVENCION,0,24,1,27010105.980000004,-12.557435289118576,-73.74429694772222,290.7367626965916,394.168375933517,5,Jauja,7.870997616533714,False
858e6ebbfffffff,5,4697.729347499567,1514.6692166971488,36.73153400577971,114094.54165436311,0.7587904669941888,6.25307100317509,27.316456811790797,SIERRA,AYACUCHO,CANGALLO,0,0,0,0.0,-13.577893073159942,-74.56416444962613,291.9653837915921,390.78105826341726,5,Pisco,5.202431899488147,False
858f4eaffffffff,1,7899.306491262781,1932.2492303085337,23.20841159957264,114044.5513165405,2.02268864508096,11.866993562704504,72.81679122291456,SELVA BAJA,UCAYALI,PADRE ABAD,0,0,0,0.0,-8.52441034543772,-74.99134713539115,294.37388259169165,387.413959120568,5,Satipo,9.190941736625973,False
858f092bfffffff,1,2647.646037531353,839.0491171100164,29.12411439503189,113866.36944782324,0.8254737714355358,2.298772947187328,29.717055771679288,COSTA,PIURA,MORROPON,0,0,0,0.0,-5.401952958487263,-80.09149955043215,300.4221729397617,379.0211898595608,5,Chiclayo,7.504527038854576,False
858f5c27fffffff,3,2786.958069734605,1295.7181045523598,38.25374647069646,113847.6758148124,1.7902196487650983,6.553117193931521,64.44790735554356,SIERRA,HUANUCO,MARAÑON,0,0,0,0.0,-8.665242606250262,-77.04534965680116,298.6999383806745,381.1439548063134,5,Picota,7.1737032065721,False
858e60b3fffffff,1,1354.889010031531,665.555152853678,38.90727309483228,113758.1574701,2.1183426449437284,6.428774191715018,76.26033521797422,SIERRA,JUNIN,JAUJA,0,19,0,0.0,-11.682608304253286,-75.27413134264731,294.9436366446004,385.6945644403771,5,Jauja,1.0081823310028994,True
85b3260ffffffff,5,4324.442365018173,1444.3357202569314,67.75075673255608,113747.28495301728,0.9142818666168652,6.542837284137437,32.91414719820715,SIERRA,PUNO,PUNO,2,47,0,0.0,-15.926667228237507,-69.9708598681389,275.7619483572881,412.48361360444767,5,Pisco,17.25075897698116,False
858f5c8bfffffff,1,1309.9524809779282,584.5785380612235,29.653597310700004,113731.86566756829,1.7615085394180787,6.789653290781587,63.41430741905084,SIERRA,LA LIBERTAD,PATAZ,0,0,0,0.0,-7.871967679760742,-77.40858431658425,298.9762319992833,380.4043716352708,5,Otuzco,6.481935033087211,False
858f5ed3fffffff,1,1303.7732625518668,581.8210040847458,29.51371738561716,113195.37747416543,0.6304587644765876,0.9656662421735582,22.69651552115716,COSTA,LA LIBERTAD,TRUJILLO,0,0,0,0.0,-8.157123888954706,-78.75841868671777,301.2175553649501,375.79276326381387,5,Otuzco,0.9230514414375648,True
858e6097fffffff,1,1344.973365158237,660.6843416725212,38.62253338542416,112925.62765949393,3.105989600242565,6.859472186623803,111.81562560873236,SIERRA,JUNIN,JAUJA,0,0,0,0.0,-11.420841925697356,-75.39693212981317,295.32700290229127,382.3748812324327,5,Jauja,3.4024210076750023,False
85b336b7fffffff,1,635.2863004474524,507.433794217582,21.754322380081994,112774.5538965746,3.0977221244299646,4.03788428891724,111.51799647947873,COSTA,AREQUIPA,CASTILLA,12,2,0,0.0,-16.03991932349511,-72.43457215635755,283.2896445339876,398.0892209529548,5,Pisco,11.125130765018184,False
858e657bfffffff,3,1342.99852501048,659.7142511140545,38.565823467210535,112759.81763753382,1.4649157016430765,7.175439496887756,52.73696525915076,SIERRA,JUNIN,CONCEPCION,0,0,0,0.0,-11.706985871879157,-74.98348210344517,294.2691279622165,383.1860257254439,5,Jauja,2.045960739676957,False
858f5847fffffff,3,5279.148862547125,943.426529358565,71.58098918520044,112410.20541426828,1.3648079503913535,2.548567605294345,49.133086214088735,SIERRA,ANCASH,HUARAZ,0,5,0,0.0,-9.512641982676191,-77.8622520011585,300.298331524,374.328438136142,5,Otuzco,4.872170798043953,False
858f4247fffffff,1,1293.055626544862,577.0381588446116,29.27110059845163,112264.8576604142,1.684430870713168,10.554197487792232,60.63951134567405,SIERRA,LA LIBERTAD,BOLIVAR,0,0,0,0.0,-7.176131291845024,-77.63384749084629,298.895602374665,375.5988939565944,5,Otuzco,10.275131435962976,False
858f5eb3fffffff,5,5231.167319845223,934.8518402404628,70.93039827013823,111388.52271282388,1.4522637560721765,3.176732799616709,52.28149521859834,SIERRA,ANCASH,PALLASCA,1,9,0,0.0,-8.481421558090538,-78.05502443675711,300.333153321202,370.8832058034413,5,Otuzco,4.937863927785656,False
858b66c3fffffff,3,4229.9010840418005,1412.7595451973175,66.26958464423585,111260.53333989972,1.560448315556337,8.104749579460467,56.17613936002813,SIERRA,PUNO,HUANCANE,0,0,0,0.0,-14.966617257001795,-69.61562335742033,275.8123014962859,403.39220816587823,5,Chiclayo,inf,False
85b32607fffffff,5,4218.010488573191,1408.788163381858,66.08329545987401,110947.77094492136,1.4782527483528909,7.106808165873457,53.21709894070408,SIERRA,PUNO,PUNO,0,14,0,0.0,-15.852430177569817,-69.82254333678797,275.3630224296612,402.91455971820585,5,Pisco,17.37314364400845,False
858f5813fffffff,5,5207.787402212628,930.6736601733514,70.61338549501407,110890.68841944113,0.6387019250477823,3.901628677482185,22.99326930172017,SIERRA,ANCASH,CARHUAZ,0,2,0,0.0,-9.206939719180564,-77.53792658625765,299.71510117131925,369.9869909326165,5,Otuzco,6.369500552267709,False
858e6d47fffffff,7,5239.021364011506,1605.442784459925,19.818230317862927,110636.82396382806,1.3889350957163658,9.963838452456471,50.00166344578917,SIERRA,APURIMAC,AYMARAES,1,2,0,0.0,-14.01388362736913,-73.1398429952132,287.87921177404417,384.31682260776336,5,Pisco,9.429640971711706,False
858e64cbfffffff,3,2561.375164274545,1206.652937446705,38.147793373739496,110507.84131549826,2.432207819725655,6.127848905552143,87.55948151012358,SIERRA,PASCO,PASCO,0,0,0,0.0,-10.441406571144723,-76.03989505999505,296.952322839631,372.1400131130746,5,Jauja,5.803068516826897,False
858f4c23fffffff,1,7652.829813079679,1871.9585741306685,22.48425534569188,110486.0968870948,5.904344880498217,15.748649798121772,212.5564156979358,SELVA BAJA,UCAYALI,CORONEL PORTILLO,0,0,0,0.0,-8.271933427244685,-74.10187469693562,292.0835501690501,378.26880980852366,5,Satipo,9.845116633805446,False
858b61c3fffffff,1,1465.531148421201,1009.531760200236,52.09452947419956,110258.7041857497,1.0078066663371814,9.173285809963383,36.28103998813853,SIERRA,CUSCO,QUISPICANCHI,0,1,0,0.0,-13.708371795832411,-71.52279638391583,283.4582298152033,388.9769023733456,5,Pisco,14.749295774201528,False
858f48c7fffffff,1,2696.7968960198664,1253.8001918365069,37.01619549415361,110164.5776772304,0.8698578239971959,14.168971297714206,31.31488166389905,SELVA BAJA,HUANUCO,PUERTO INCA,0,0,0,0.0,-8.812939491456717,-74.58208776435245,293.500339375451,375.3473604550278,5,Satipo,11.666953915177146,False
85b30413fffffff,2,981.9030639901966,588.9969078504996,33.26058053811257,109540.680648727,0.5496305504859419,2.756633580782601,19.786699817493908,COSTA,TACNA,TACNA,2,17,6,5492811.069200001,-17.867294031412253,-70.11579745576587,272.96643243162947,401.2972572228781,5,Pisco,15.727411804686199,False
858f5eb7fffffff,7,5139.230724514119,918.4220282930088,69.68381238906788,109430.89434595277,1.3466484151014737,3.2434340463182174,48.47934294365306,SIERRA,ANCASH,CORONGO,0,1,0,0.0,-8.579452086247436,-77.91766145789892,300.15524591664905,364.58098212396703,5,Otuzco,5.021718459523981,False
858f51cffffffff,4,5595.100020836557,1719.660313338722,59.23920986534978,108531.4409540488,1.275026814536626,3.418772697209016,45.90096532331854,SIERRA,CAJAMARCA,CAJAMARCA,1,2,0,0.0,-7.322061910881938,-78.67426711847065,300.59646900148323,361.0536122216169,5,Chiclayo,inf,False
858e634bfffffff,1,1065.793077152812,537.1312901306366,22.083968045663784,107852.13378773176,1.303243347144475,1.631170949773063,46.9167604972011,COSTA,LIMA,CAÑETE,0,0,0,0.0,-13.176237364176208,-76.4436632794379,296.4063727482093,363.8657724790208,5,Pisco,0.9784181407740107,True
858f4093fffffff,1,20993.515845696973,6770.277573077832,30.85764962040847,107497.53690283957,3.020722652356836,13.570603935941616,108.74601548484608,SELVA BAJA,LORETO,ALTO AMAZONAS,0,0,0,0.0,-5.993227719806141,-76.06671386875195,294.8760698712151,364.55157907451866,5,Picota,3.342892029922041,False
858e6a53fffffff,1,632.2015432787911,417.9217405833068,14.61085627120174,107482.53583602296,2.063111167479331,4.075494848424156,74.27200202925592,COSTA,ICA,NASCA,0,0,0,0.0,-14.763423350644633,-75.4082766552072,292.57553435799684,367.3667932346893,5,Pisco,3.5402884727991477,False
858e6d3bfffffff,8,5069.209249426918,1553.4056547878745,19.175863096244303,107050.75860488956,0.817801132132558,11.863365879425936,29.44084075677209,SIERRA,APURIMAC,GRAU,0,5,0,0.0,-14.125800521780976,-72.71284464627514,286.57526582296646,373.5519822252238,5,Pisco,11.384644531941376,False
858f592ffffffff,3,1841.3324007150009,941.6787350754176,41.46214430366218,107023.5509712264,1.4858088598738126,5.028708440923871,53.48911895545725,SIERRA,PASCO,DANIEL ALCIDES CARRION,0,0,0,0.0,-10.581732528440249,-76.34642535593007,297.55328235435763,359.67860990950703,5,Jauja,3.69927810045192,False
858b653bfffffff,4,1422.3431348410768,979.7816785209324,50.55934596833846,107009.46965475324,1.337442657748892,8.420464790368786,48.14793567896013,SIERRA,CUSCO,CHUMBIVILCAS,0,3,0,0.0,-14.255183326998608,-71.99880065969639,284.36018206832125,376.31664488470057,5,Pisco,14.977690156561948,False
858f590ffffffff,5,2610.6053572301557,1213.727849707696,35.833131669625104,106643.63975115489,1.7957977618006709,6.159454496024458,64.64871942482417,SIERRA,HUANUCO,LAURICOCHA,0,8,0,0.0,-10.221591386837684,-76.60630905684974,298.10275996660255,357.74120227233897,5,Jauja,7.631162793652038,False
858e6827fffffff,1,4382.872293159046,1413.151174129761,34.26966748623997,106447.55549481664,2.33372445330406,8.797501116244984,84.01408031894616,SIERRA,AYACUCHO,PARINACOCHAS,0,0,0,0.0,-14.817542288972817,-73.50006429829507,287.9224862084485,369.7090730793125,5,Pisco,8.539861924486104,False
858f0923fffffff,2,2432.004151388206,770.7113817724604,26.75205299733493,104592.3357107096,0.3965612635623315,2.299297818278239,14.27620548824394,COSTA,PIURA,MORROPON,0,0,0,0.0,-5.334520589046184,-79.93783020671535,300.1784412681478,348.433869097474,5,Chiclayo,3.803972402794898,False
858f4e7bfffffff,1,7218.901921115354,1765.8154796470114,21.209361513887536,104221.35557119068,1.9001138116155687,12.400667062657496,68.40409721816049,SELVA BAJA,UCAYALI,PADRE ABAD,0,0,0,0.0,-8.706489593183338,-75.73433936059969,296.1113478728224,351.966773039556,5,Picota,8.72552853205707,False
858f4017fffffff,1,2928.091395740142,1224.245770606649,22.680402142225333,104139.33377990693,1.8565472477306,12.406428531315363,66.8357009183016,SELVA BAJA,SAN MARTIN,SAN MARTIN,0,0,0,0.0,-6.490513219295094,-76.11250373353943,295.47380364905246,352.4486180967769,5,Picota,1.6290271915586345,True
85b331a7fffffff,2,926.9177730142404,556.0138491863487,31.398031406749837,103406.54539641588,0.9405887507642016,2.388952588610654,33.86119502751126,COSTA,TACNA,JORGE BASADRE,0,15,0,0.0,-17.445493828975042,-70.51601817242545,275.0686365918217,375.9299739790485,5,Pisco,15.267275826119658,False
858e6d8ffffffff,2,4852.220155542325,1486.9116378944643,18.35503425431408,102468.41726398726,2.050517786394296,11.957096043998993,73.81864031019467,SIERRA,APURIMAC,ABANCAY,0,16,0,0.0,-13.631960337339216,-72.67208139539729,286.95142686367666,357.0932487910834,5,Pisco,11.84093776507325,False
858f56d3fffffff,1,2377.9301580352853,753.5751272511859,26.15723890742922,102266.79475192504,0.5772152264213273,1.353982388265648,20.77974815116778,COSTA,PIURA,SECHURA,0,0,0,0.0,-5.6042269083352245,-80.5531958118723,301.10871093636814,339.63412892939056,5,Chiclayo,2.5473246780675254,False
858e6197fffffff,2,3035.283529085759,923.8000744753712,26.299744541033157,102256.8025834916,4.191160451695836,9.603273474568496,150.8817762610501,SIERRA,HUANCAVELICA,TAYACAJA,0,0,0,0.0,-12.086485557295124,-74.432480402177,292.76455641604304,349.2799942564635,5,Jauja,5.271898727252847,False
858f4013fffffff,2,2863.2152052400797,1197.1207969981338,22.17788432733141,101831.97299646832,1.392639335861667,11.942520619446436,50.13501609102002,SELVA BAJA,SAN MARTIN,LAMAS,0,0,0,0.0,-6.393126948207093,-76.24853462420627,295.6584180805826,344.42439913452324,5,Picota,1.4284050534361086,True
858f5593fffffff,3,2848.640289795126,1476.1326493888105,29.070176083274596,101689.01692528426,1.189731209856601,6.892026618532327,42.83032355483764,SIERRA,AMAZONAS,BONGARA,0,1,0,0.0,-5.785082135844718,-78.08207674713225,298.2977722832519,340.89767465217386,5,Picota,5.309406268249404,False
858e615bfffffff,2,2102.07778578702,753.9565823269797,30.46562926214844,101534.6027454208,2.3442503869702422,7.668266198751102,84.39301393092873,SIERRA,HUANCAVELICA,HUANCAVELICA,0,0,0,0.0,-12.513528330652782,-75.34953966226101,294.64353721909794,344.6014927180274,5,Jauja,3.6212365536484867,False
858e6173fffffff,4,3008.6949442648515,915.707737663216,26.069363101606942,101361.04980028296,0.9535853398172448,5.558813972018282,34.32907223342082,SIERRA,HUANCAVELICA,HUANCAVELICA,0,14,0,0.0,-12.798005929317656,-74.93474534114033,293.50033937545777,345.35241088978,5,Jauja,3.225161931506591,False
858e662bfffffff,5,994.3852553447769,501.14365212154746,20.60434870038538,100626.07263550076,1.9243866769374325,2.434487195167921,69.27792036974758,SIERRA,LIMA,HUAROCHIRI,0,1,0,0.0,-11.652183365584053,-76.59451896665209,297.7057455976149,338.00514139726744,5,Pisco,4.603484087703691,False
858f58cbfffffff,1,4723.664612460294,844.1570084911591,64.04907198920951,100582.14367885364,2.185212451316989,2.3511160894476872,78.66764824741162,SIERRA,ANCASH,HUAYLAS,0,0,0,0.0,-9.080594955187404,-77.96700944310655,300.3873339394084,334.8414940130006,5,Otuzco,4.88599167157372,False
858f5087fffffff,4,5170.928799210622,1589.290809098571,54.74821454387855,100303.5426639627,1.57203488393881,3.091094227185652,56.59325582179716,SIERRA,CAJAMARCA,CHOTA,0,0,0,0.0,-6.525886500462619,-79.03412535821498,300.4221729397561,333.8752984922876,5,Chiclayo,2.327512341846159,False
858f5997fffffff,1,2455.1275040671258,1141.4427761043262,33.69904488830762,100292.3449772894,1.515456087455684,8.08268081533512,54.55641914840462,SIERRA,HUANUCO,HUANUCO,0,0,0,0.0,-9.581680931034915,-76.2530283742183,297.39333595507014,337.2380374805757,5,Jauja,6.5892255309954635,False
858f5d63fffffff,5,2447.596208975768,1137.9413113687883,33.59567043996214,99984.6903873844,1.121204108756276,6.6257753336366845,40.36334791522594,SIERRA,HUANUCO,HUAMALIES,0,1,0,0.0,-9.29074536047594,-76.66513996917506,298.1600944685005,335.3389412007562,5,Jauja,9.087328702982632,False
858f0d47fffffff,1,594.7926067011177,487.4355768619412,14.757353650595856,99969.16224198075,2.1753808490792235,3.848506512926851,78.31371056685205,COSTA,TUMBES,TUMBES,0,0,0,0.0,-3.942759382902823,-80.37683670779002,298.6002702507386,334.79260470204974,5,Chiclayo,8.402541149567696,False
858b650bfffffff,2,1327.4920384113916,914.443460060862,47.18771975354289,99873.3818314401,1.7799052377455409,8.50068577571407,64.07658855883946,SIERRA,CUSCO,CHUMBIVILCAS,12,0,0,0.0,-14.437307938558828,-71.7244168357661,283.33177518502583,352.4962273159062,5,Pisco,16.436883612286692,False
858f58a3fffffff,4,4686.716721329372,837.5541220023806,63.54808846623638,99795.40321371604,1.5394726777465622,5.440853161724101,55.42101639887624,SIERRA,ANCASH,HUARI,6,7,0,0.0,-9.332581797199342,-77.10920384177848,298.99159413312066,333.77327380409207,5,Otuzco,8.519827748736134,False
858e64dbfffffff,2,2440.0441319610213,1134.4301846599776,33.49201073923446,99676.18685263794,1.6544347624830749,5.990702647742518,59.5596514493907,SIERRA,HUANUCO,AMBO,0,0,0,0.0,-10.2748130288868,-76.02447173958971,296.93713493408995,335.6811093188553,5,Jauja,4.559531861967116,False
858f4a6ffffffff,1,1712.139566857697,875.6080221936404,38.55304873878178,99514.49077434107,4.625131976180198,8.884973811300654,166.50475114248712,SELVA ALTA,PASCO,OXAPAMPA,0,0,0,0.0,-10.13449638225726,-75.71882628764789,296.3004100383824,335.8567433688333,5,Satipo,5.122756588170887,False
858b64cbfffffff,4,3783.2001244246553,1263.5643200586471,59.27114981896482,99510.80538575132,1.550483168207066,6.861187120769181,55.81739405545437,SIERRA,PUNO,LAMPA,0,0,0,0.0,-15.410126846602427,-70.5049224684693,278.2678391096808,357.6079999188429,5,Pisco,16.76907550030046,False
858f5d33fffffff,1,2435.027192063468,1132.09769895619,33.423148294196665,99471.2440681584,1.783378143099056,9.51128509663628,64.20161315156602,SELVA ALTA,HUANUCO,LEONCIO PRADO,0,0,0,0.0,-9.081856812998597,-76.2065591328131,297.21071546046613,334.6825632247088,5,Picota,7.144339425038197,False
858e6dabfffffff,6,4678.601665724436,1433.7080847191185,17.69826823265086,98801.96947532248,1.8771706466853804,11.859594965556388,67.57814328067369,SIERRA,APURIMAC,GRAU,0,1,0,0.0,-13.88869933045575,-72.54818726471964,286.3499634977551,345.03922496954345,5,Pisco,11.85580174567258,False
858f5eaffffffff,1,4637.937621753775,828.8369030309045,62.88668332497276,98756.7379390698,3.6549691591241698,3.372862055632774,131.5788897284701,SIERRA,ANCASH,SANTA,0,2,0,0.0,-8.8155268256775,-78.08805136395063,300.50349013501125,328.63757387543166,5,Otuzco,5.492617173818871,False
858e6447fffffff,3,1219.3274824140542,602.3751176882228,33.96699720884499,98010.07827189787,1.3267219770457472,5.348982515256054,47.7619911736469,SIERRA,JUNIN,JUNIN,0,0,0,0.0,-10.870846959056694,-75.93298403898008,296.65260124271896,330.38671449810334,5,Jauja,3.0638178193185013,False
858e64b3fffffff,1,1683.2116555370048,860.813953002078,37.90166540727883,97833.11711767864,4.189613568058158,8.414231440131951,150.8260884500937,SELVA ALTA,PASCO,OXAPAMPA,0,0,0,0.0,-10.518715080062965,-75.16925794202484,295.0487918151845,331.58284267423915,5,Satipo,4.408249293337576,False
858f4e07fffffff,1,6774.821406401572,1657.18895228036,19.904638956251983,97810.03793147524,3.4091827079244457,13.25348762554799,122.73057748528004,SELVA BAJA,UCAYALI,PADRE ABAD,0,23,0,0.0,-8.497634285304818,-75.27916692167155,295.0262533047281,331.52994635514267,5,Satipo,9.669915649865288,False
858e6663fffffff,2,966.5530197352148,487.11694755698,20.027645571966747,97809.6103569193,1.3675776923601464,1.5452671909887217,49.232796924965264,COSTA,LIMA,CANTA,0,16,0,0.0,-11.626045741850689,-76.88719367473318,298.2671680577981,327.9261710023873,5,Pisco,3.6648386132947053,False
858f4dcbfffffff,1,6726.740550592026,1645.427894935221,19.763375885510023,97115.88083885198,7.855719167532446,17.700024085156002,282.8058900311681,SELVA BAJA,UCAYALI,CORONEL PORTILLO,0,0,0,0.0,-8.297946895112933,-73.81603886319365,291.3536723911214,333.3264346449729,5,Satipo,9.845116633805446,False
858b6c47fffffff,1,1290.1378767686388,888.7120297909308,45.85990937108957,97063.0550341476,2.1922353063301405,12.972703910009956,78.92047102788506,SELVA ALTA,CUSCO,LA CONVENCION,0,28,1,38190.88,-12.571052875610151,-72.4406707813571,287.1236603666807,338.05314027478624,5,Jauja,11.72258650940421,False
858e60b7fffffff,1,1152.3147227950394,566.0456286729701,33.09010795647326,96749.76970090123,1.173906317764738,6.021644051070199,42.260627439530566,SIERRA,JUNIN,CONCEPCION,0,0,0,0.0,-11.777926528632104,-75.13623697594323,294.58732523056256,328.4247535944691,5,Jauja,1.248269521354814,True
858e6977fffffff,1,544.8489432232127,435.197117174516,18.657445550103063,96720.32352931295,1.3681542474990869,6.796407592210398,49.25355290996713,SIERRA,AREQUIPA,LA UNION,2,0,0,0.0,-15.348958487350432,-72.96053693794866,285.77196823661023,338.4528025129167,5,Pisco,14.41174810818302,False
858f4097fffffff,1,2718.804026697286,1136.74195267089,21.05930462454336,96695.9024674894,2.13834721912719,13.394671085681578,76.98049988857885,SELVA BAJA,SAN MARTIN,LAMAS,1,0,0,0.0,-6.090563981227523,-75.93091011498285,294.6960178725465,328.1208316473063,5,Chiclayo,inf,False
858e6e43fffffff,5,2854.820925682648,868.8755954715837,24.73609477875176,96177.13041017964,1.7239121215675,4.767297331329659,62.06083637642998,SIERRA,HUANCAVELICA,HUAYTARA,0,0,0,0.0,-13.769906224963322,-75.3169908100871,293.5115112982412,327.6775414523783,5,Pisco,4.636236150377954,False
858f5907fffffff,6,2346.690863085076,1091.0281966949324,32.21064511031732,95862.6911252861,2.2761357511333737,6.868756910764323,81.94088704080146,SIERRA,HUANUCO,HUANUCO,0,3,0,0.0,-10.151640582823816,-76.45289503873575,297.8087319065198,321.8934868416711,5,Jauja,6.455692472860392,False
858e6d4ffffffff,7,4526.100047691456,1386.9755739545426,17.121383356634592,95581.46444275766,0.8980200506720447,9.358435593575717,32.32872182419361,SIERRA,APURIMAC,AYMARAES,1,1,0,0.0,-14.0862315228734,-73.29167108581916,288.2148724399417,331.6326587645992,5,Pisco,8.692991970476214,False
858e6353fffffff,1,943.9699005296858,475.7356576855497,19.55970775777243,95524.3284892554,2.2481654587428013,3.0499114476834226,80.93395651474084,COSTA,LIMA,CAÑETE,0,0,0,0.0,-12.939135267923444,-76.27329117173991,296.2701465741121,322.4230641994837,5,Pisco,2.2051531924516894,False
858f5e73fffffff,4,2079.6220193423583,579.9752869754731,35.26659130697415,95305.67672784692,1.1824406833164491,0.375904171983819,42.567864599392166,COSTA,LA LIBERTAD,VIRU,0,3,0,0.0,-8.924255956579845,-78.68844220900468,301.41597629198,316.19318226026894,5,Otuzco,2.533620033878833,False
858f08b3fffffff,1,564.9156287129445,462.9512409161269,14.01607824600076,94947.61956281858,1.0360095617662135,2.4168115477949983,37.29634422358369,COSTA,TUMBES,CONTRALMIRANTE VILLAR,0,0,0,0.0,-4.076442013085563,-80.68346171828263,299.091480078307,317.4534411276435,5,Chiclayo,7.513701588482945,False
858e6daffffffff,6,4479.605474835656,1372.7278029832985,16.945503151274753,94599.5994120753,1.4213398877114845,11.191115980886522,51.16823595761344,SIERRA,APURIMAC,GRAU,0,17,0,0.0,-13.98059572839922,-72.41076711657908,285.8610380949986,330.9286219713424,5,Pisco,13.288825850451758,False
85b334d7fffffff,1,531.1197841369616,424.2309759533904,18.187313339540086,94283.1549798943,3.716419788591497,8.205988929860238,133.7911123892939,SIERRA,AREQUIPA,CASTILLA,0,1,0,0.0,-15.238912515808154,-72.07815038844896,283.40904183933964,332.67518343095776,5,Pisco,16.397444989090218,False
858e6e77fffffff,3,3301.152349111989,1037.6414640362082,27.062775068484868,94085.0229973502,3.421447763108174,4.909642026713101,123.17211947189428,SIERRA,HUANCAVELICA,HUAYTARA,0,0,0,0.0,-14.052254214383424,-74.90060913765173,292.2757406149037,321.90500244532655,5,Pisco,5.24924298021142,False
858f5ecbfffffff,1,1079.1472273546126,481.579536418628,24.4288230173376,93693.03793783304,1.2549181463440096,0.9787238452165802,45.17705326838434,COSTA,LA LIBERTAD,VIRU,0,0,0,0.0,-8.392948293419668,-78.9296577793126,301.55616931838443,310.69846174797203,5,Otuzco,1.6336787745240144,True
858e694ffffffff,7,3845.6481507427234,1239.936241809822,30.069113261805093,93399.90252024212,0.847749901878606,7.549207990308688,30.51899646762981,SIERRA,AYACUCHO,PAUCAR DEL SARA SARA,1,0,0,0.0,-15.238547334639792,-73.38978425513004,287.0805858411741,325.34384812742144,5,Pisco,8.901906643359325,False
858f5897fffffff,6,4366.7118389213965,780.3666655679189,59.20908105741619,92981.46113675532,2.354231678072676,8.479579602854352,84.75234041061634,SIERRA,ANCASH,MARISCAL LUZURIAGA,0,0,0,0.0,-8.901362591388365,-77.21460002128816,299.07995193874086,310.8916546696526,5,Otuzco,11.357865687081357,False
858b6197fffffff,2,1743.959526793874,928.7325596348526,39.34950902531304,92629.9900180295,2.304736647904301,11.07119178888525,82.97051932455486,SIERRA,APURIMAC,COTABAMBAS,0,0,0,0.0,-13.835264957127396,-72.10958178327924,285.1213829335764,324.87914117479266,5,Pisco,14.846628872079236,False
858b604ffffffff,2,3506.1652079245505,1171.0364535997735,54.9308618350033,92223.86132933764,1.703061379879307,9.97005647547862,61.31020967565505,SIERRA,PUNO,CARABAYA,0,0,0,0.0,-13.778891247982584,-70.38255656412684,279.70508475424253,329.7182152064499,5,Pisco,20.433304049065555,False
858f5b83fffffff,3,4323.722105536973,772.6840530822863,58.62617503968734,92066.07024965005,1.826989898752472,2.296239138948632,65.77163635508899,SIERRA,ANCASH,RECUAY,0,7,0,0.0,-10.139569287194178,-77.48140271477187,299.691965459373,307.2023305947812,5,Pisco,6.515116223572477,False
85b32617fffffff,3,3498.6148564212594,1168.51468513665,54.81257097001622,92025.26185420352,1.611565935734706,7.053133927608343,58.01637368644941,SIERRA,PUNO,PUNO,0,4,0,0.0,-15.690203560177553,-69.81065012351537,275.5506323825418,333.9686106270538,5,Pisco,16.91521303935042,False
858f0d4ffffffff,2,547.278607525371,448.4976120380344,13.578487468853016,91983.29517024627,1.738849760621525,3.242533786325849,62.598591382374906,COSTA,TUMBES,CONTRALMIRANTE VILLAR,0,0,0,0.0,-4.009596694270169,-80.53009467618618,298.84954457346635,307.7913178737804,5,Chiclayo,8.402541149567696,False
858e6da7fffffff,3,4353.571247988672,1334.10594481024,16.468739427281317,91938.02855747395,1.551238117381453,11.451520128659952,55.84457222573232,SIERRA,APURIMAC,COTABAMBAS,0,19,0,0.0,-13.907945139675473,-72.2600621299703,285.4943673512524,322.0309717857229,5,Pisco,13.871720823137366,False
858f5e13fffffff,1,1055.4023116831484,470.9831458692173,23.89130568161525,91631.471889713,0.2255162987626591,1.5882605915787986,8.11858675545573,COSTA,LA LIBERTAD,VIRU,0,0,0,0.0,-8.52101916424559,-78.50046730718223,301.01546787469283,304.40785165185423,5,Otuzco,2.2841049815542647,False
858e6d43fffffff,7,4338.47492985729,1329.4798375027904,16.41163290129258,91619.22690053152,1.6416873167722084,10.210247866578344,59.10074340379951,SIERRA,APURIMAC,AYMARAES,0,0,0,0.0,-13.92138063010327,-73.27771800702934,288.348596276593,317.73772469711446,5,Pisco,9.704105531453024,False
858e6dbbfffffff,4,4329.007732473386,1326.5787148172726,16.375820278059603,91419.30012459031,3.06678027260196,12.793384800713106,110.40408981367054,SIERRA,APURIMAC,ABANCAY,0,2,0,0.0,-13.724135178977782,-72.53469461414356,286.4715185439077,319.1217772337756,5,Pisco,13.035860760361174,False
858f4877fffffff,1,6303.65247247653,1541.9363271380212,18.520329768659472,91007.63702157154,3.911277700743328,15.174383875857858,140.8059972267598,SELVA BAJA,UCAYALI,CORONEL PORTILLO,0,0,0,0.0,-9.40664250731782,-74.48905404857584,293.41843359264954,310.16332514376626,5,Satipo,7.609833632886875,False
858b6453fffffff,4,3449.2676161733752,1152.0330267469626,54.039450972741534,90727.26453470462,1.369336674388434,6.68284783002408,49.296120277983626,SIERRA,PUNO,LAMPA,0,0,0,0.0,-15.247274071179506,-70.49262300780815,278.44170453586844,325.8393518526147,5,Pisco,16.4181829684112,False
858b655bfffffff,2,1200.359447926328,826.8681205742424,42.66859882643719,90308.60751616092,1.2326987416655686,7.014631925592411,44.37715469996048,SIERRA,CUSCO,CANAS,1,0,0,0.0,-14.545445743335335,-71.3004921921759,281.8982046956113,320.358931032124,5,Pisco,16.56932109090303,False
858e6337fffffff,6,2665.518784917832,811.2607696864097,23.09585330032719,89799.65975502452,2.900446527924236,3.303528360771509,104.41607500527248,SIERRA,HUANCAVELICA,CASTROVIRREYNA,0,4,0,0.0,-13.343687797987386,-75.42536723789858,294.1569597857329,305.27803870571535,5,Pisco,2.202553388538945,False
858f4803fffffff,1,6184.97742357664,1512.907225387472,18.171658732219186,89294.29133493103,4.933736428756247,15.756555875883848,177.6145114352249,SELVA BAJA,UCAYALI,CORONEL PORTILLO,0,0,0,0.0,-9.07477867870883,-74.46014280792797,293.27704966486937,304.4707775019168,5,Satipo,10.990007893211441,False
858f5b23fffffff,1,882.1431433164468,444.576620740727,18.27861468264034,89267.8160070789,1.4829135046662176,1.2501071438167308,53.38488616798384,COSTA,LIMA,HUAURA,0,0,0,0.0,-10.90490557673328,-77.40831000024917,299.44922007801284,298.10669062294687,5,Pisco,5.41385267205078,False
858f5d7bfffffff,4,3692.88715065539,813.7429354351646,50.16218851216825,89142.2590034567,2.722839683012878,7.046119907246004,98.0222285884636,SIERRA,ANCASH,HUARI,0,2,0,0.0,-9.193552808984592,-76.80251050572872,298.4011001932092,298.7330105208685,5,Otuzco,10.709797524657915,False
858f5e27fffffff,7,4184.731416985267,747.8452947279281,56.74157370846767,89106.50758953794,1.9048350765789517,1.476129977138537,68.57406275684225,COSTA,ANCASH,SANTA,1,54,3,121748338.452,-9.1497440531685,-78.12114946508333,300.64297641659886,296.3864602845858,5,Otuzco,3.9908613058069022,False
858e654bfffffff,2,1060.4266529448907,520.9079251992945,30.451431133983164,89034.73367784465,2.2405400805472877,6.32349544312162,80.65944289970233,SIERRA,JUNIN,JAUJA,0,0,0,0.0,-11.516364083482763,-75.25909970657918,294.9811848912794,301.83190738304205,5,Jauja,1.9773457857081667,True
85b3224bfffffff,3,1136.7688673206603,697.31964204883,25.94172461496784,88897.79762923019,1.3924964762100014,2.9558130136981458,50.12987314356004,SIERRA,MOQUEGUA,MARISCAL NIETO,2,0,0,0.0,-17.034388842338767,-70.62869389687572,276.1685675375898,321.8968705304601,5,Pisco,14.752510707798137,False
858e688bfffffff,4,3654.047366076301,1178.1592025294049,28.57098720623428,88746.46208337079,0.8252881327465225,8.399242490450124,29.71037277887481,SIERRA,AYACUCHO,SUCRE,1,1,0,0.0,-14.045127848114182,-73.87244381481949,289.7826577792055,306.2518052788014,5,Pisco,7.886735604804926,False
858e6617fffffff,2,876.7113025154537,441.8391178241047,18.16606319281577,88718.14493739305,2.3434468516996496,3.4782729468974605,84.3640866611874,SIERRA,LIMA,HUARAL,0,1,0,0.0,-11.152060983174476,-76.5471557423815,297.8087319065148,297.9031016633944,5,Jauja,4.727352230562246,False
85b33527fffffff,4,1133.612723571311,695.3835923444269,25.869699584775155,88650.9803241612,1.6037611793118705,4.025918668768121,57.735402455227344,SIERRA,MOQUEGUA,MARISCAL NIETO,0,0,0,0.0,-16.71021874208233,-70.6038260634809,276.6402844355568,320.45578793790025,5,Pisco,16.025025972938238,False
858f446ffffffff,1,17305.62270222016,5580.955097285562,25.43694185066919,88613.63807434078,3.0006692203222483,13.550550503907036,108.02409193160094,SELVA BAJA,LORETO,ALTO AMAZONAS,0,0,0,0.0,-5.964037941337998,-76.35373104446145,295.4286212372591,299.94940132484675,5,Picota,3.810603605309552,False
858e6a57fffffff,1,520.5664119588533,344.1244699383973,12.03084855709045,88503.10256791554,2.7370169780538407,4.749400658998665,98.53261120993828,COSTA,ICA,NASCA,0,0,0,0.0,-14.857187656035247,-75.2689955825497,292.150053789126,302.9371428142783,5,Pisco,3.3220485544479743,False
858f09cbfffffff,3,2055.1513959028803,651.2853077096072,22.606671550851587,88385.16357544485,0.2391365269989407,1.5485041558428272,8.608914971961868,COSTA,PIURA,SULLANA,3,0,0,0.0,-4.673311922008583,-80.60076236729557,299.92731731301245,294.68860778427745,5,Chiclayo,4.14258595542924,False
858f4e2ffffffff,1,6121.722701368807,1497.434488833364,17.98581436344583,88381.064785129,2.186369332328084,11.761249574871137,78.70929596381103,SELVA BAJA,UCAYALI,PADRE ABAD,0,0,0,0.0,-8.92638818697453,-75.17229031103612,294.93237372390627,299.6655255888076,5,Satipo,8.817619569948874,False
858e6d1bfffffff,6,4181.439389277307,1281.357954041934,15.817597050879243,88302.97520922155,0.6583671182860532,10.324192971015604,23.70121625829792,SIERRA,APURIMAC,ABANCAY,0,3,0,0.0,-13.776738417173474,-72.97446702755367,287.6630021119085,306.96674428388724,5,Pisco,10.20123428435727,False
85b330b3fffffff,1,497.216239082194,397.1505800870696,17.026342847291833,88264.67612025126,1.633234866486689,1.9579597254015897,58.7964551935208,SIERRA,AREQUIPA,AREQUIPA,15,4,0,0.0,-16.57807958437025,-71.60561440233981,279.99401888837275,315.23771997229835,5,Pisco,11.47009378466646,False
858e6c8ffffffff,2,3631.6633973352527,1170.9420331499846,28.39596701069369,88202.81887513127,3.2196267521945114,10.338691953312848,115.90656307900238,SIERRA,AYACUCHO,LA MAR,0,77,5,5956214.524,-12.981854110835092,-73.63495992728781,290.14394452616125,303.99675932984474,5,Jauja,8.20918504049041,False
858e4507fffffff,1,516.678796831101,341.5545317625397,11.941001598516529,87842.15711985763,1.0279013850112562,2.7356606084167714,37.00444986040522,COSTA,ICA,ICA,0,0,0,0.0,-14.315403852221689,-75.81070455853143,293.9776388590106,298.8055739912451,5,Chiclayo,inf,False
85b33683fffffff,1,494.5300928803316,395.00502562119465,16.934360239774264,87787.83766268866,2.4875173469693044,5.123496229275608,89.55062449089496,SIERRA,AREQUIPA,CONDESUYOS,10,0,0,0.0,-15.76809185935465,-72.84972476456343,284.8660913158209,308.1722968753112,5,Pisco,11.896003783158449,False
858f4897fffffff,1,6075.625559765514,1486.1586677874395,17.8503795076042,87715.54714292365,3.0211842862385776,17.14432406209365,108.7626343045888,SELVA BAJA,UCAYALI,CORONEL PORTILLO,0,0,0,0.0,-8.60322494058158,-74.13029038162291,292.2979299981272,300.0895255860541,5,Satipo,11.666953915177146,False
858f5b33fffffff,1,864.3854248271465,435.627204154709,17.91066250121951,87470.83695802257,2.4007778463484373,2.1679714854989505,86.42800246854374,SIERRA,LIMA,HUAURA,0,0,0,0.0,-10.737911303627143,-77.39207083111144,299.4607719501967,292.09447497373657,5,Pisco,6.059183702529481,False
858f5c13fffffff,2,1005.26881995392,448.6106066141307,22.756426060326994,87278.81358371236,0.8019140354583634,6.718332824028305,28.86890527650108,SIERRA,LA LIBERTAD,PATAZ,1,0,0,0.0,-8.038711387082953,-77.42469105504618,299.0953229560527,291.8093560310757,5,Otuzco,5.479406306032615,False
858f096bfffffff,2,2022.2792402591017,640.8679963396432,22.24507773966625,86971.44249414396,0.5692226560640059,1.224211815001744,20.49201561830421,COSTA,PIURA,PIURA,0,0,0,0.0,-5.437681821086463,-80.53547705054353,300.8912186298244,289.0461306587408,5,Chiclayo,2.761992694948276,False
858f508ffffffff,4,4466.341971923013,1372.735251615152,47.28826444922216,86636.25819040785,1.5712113207144376,2.426005772045949,56.56360754571976,COSTA,CAJAMARCA,CHOTA,3,0,0,0.0,-6.593921012578943,-79.18780755516556,300.68174175755263,288.1327535353473,5,Chiclayo,1.4789358025482215,True
858e6e6ffffffff,2,889.417933806993,437.86335293684033,13.777431294367606,86621.96941802137,1.460020770429591,3.354422056517389,52.56074773546528,COSTA,AYACUCHO,LUCANAS,0,0,0,0.0,-14.289374638185024,-75.06943308989582,292.397816976345,296.2469771962392,5,Pisco,2.993483719543292,False
858e6b3bfffffff,1,486.05148140629547,388.2327498977348,16.644024296418124,86282.73417474418,0.1709642616731533,5.13925757449926,6.15471342023352,COSTA,AREQUIPA,CARAVELI,2,1,0,0.0,-15.784889074441956,-73.87730364382156,287.5549987487011,300.0564572002034,5,Pisco,6.843983896689679,False
858e6b87fffffff,2,3545.9688838163784,1143.3119097296212,27.72592182405418,86121.54183275894,0.8353577604453001,7.23771744075344,30.0728793760308,SIERRA,AYACUCHO,PARINACOCHAS,0,0,0,0.0,-15.219145587518163,-73.68116261116903,287.8683948591981,299.16984070058345,5,Pisco,7.672520642203381,False
858f446bfffffff,1,16810.638178269808,5421.325683796514,24.70938105904908,86079.06418396531,4.284504675427381,14.834385959012168,154.2421683153857,SELVA BAJA,LORETO,ALTO AMAZONAS,0,0,0,0.0,-5.866493736129196,-76.48962072766392,295.59057820041096,291.2104462463737,5,Picota,4.066797098453208,False
858e640ffffffff,1,1024.8264110525777,503.4202016597,29.42912722326352,86045.69332607063,1.6581391772103249,6.251179152302444,59.69301037957169,SIERRA,JUNIN,JUNIN,0,0,0,0.0,-10.896509588512112,-75.64216234767855,296.0282242062482,290.6671941730835,5,Jauja,3.836901153685176,False
858e631bfffffff,2,850.0928520258318,428.424128592833,17.614510529696336,86024.51073674868,2.5617305153195424,4.100471721395432,92.22229855150351,COSTA,LIMA,CAÑETE,0,1,0,0.0,-12.96369790320514,-75.98016434579178,295.65841808058497,290.95911185353685,5,Pisco,4.417462341596547,False
858f490bfffffff,1,5955.198831679662,1456.7010878201554,17.496561982471125,85976.91196194153,3.913386878866999,,140.88192763921197,SELVA BAJA,UCAYALI,ATALAYA,0,0,0,0.0,-9.81326530441871,-73.65596806925525,291.3316023459012,295.1170119191539,5,Chiclayo,inf,False
858f4477fffffff,2,16755.88763976536,5403.668977522297,24.62890511847216,85798.71342820858,4.086459253892159,14.636340537476952,147.1125331401177,SELVA BAJA,LORETO,ALTO AMAZONAS,0,0,0,0.0,-5.73020574036611,-76.18721935549259,294.8310396861414,291.009771289836,5,Picota,3.68353502852824,False
858f4e67fffffff,3,5934.049372253511,1451.5277188993743,17.434424203665667,85671.57115594664,0.4367323982865541,10.456219830252635,15.72236633831595,SELVA BAJA,UCAYALI,PADRE ABAD,0,0,0,0.0,-8.899753245524542,-75.46071997860548,295.5755061946121,289.8466529210272,5,Picota,8.403308556764387,False
858f62a7fffffff,1,16716.820610254097,5391.070104818413,24.57148183038505,85598.67025881099,5.505637988268213,,198.20296757765567,SELVA BAJA,LORETO,LORETO,0,0,0,0.0,-4.303657160627119,-75.48029637159343,291.4198992488662,293.72966801320456,5,Chiclayo,inf,False
858e66cbfffffff,3,842.1173619663293,424.4046942796276,17.44925287190306,85217.43698166474,1.2421696842188388,2.2126159668948646,44.7181086318782,SIERRA,LIMA,OYON,0,1,0,0.0,-10.932024206378063,-77.11571021116964,298.9301534898668,285.074744005554,5,Pisco,5.5439335869978095,False
85b331affffffff,1,763.4600743968125,457.9633566471125,25.861132553062408,85171.27531683673,0.4253382153442258,1.873702053190679,15.31217575239213,COSTA,TACNA,JORGE BASADRE,0,0,0,0.0,-17.519921542103432,-70.66610285557333,275.4132542160216,309.24900676723524,5,Pisco,14.795895248347733,False
858b6137fffffff,2,1132.0677562027524,779.8253594381015,40.24106697140338,85170.70686887285,1.125808478795498,11.772028586797305,40.52910523663793,SIERRA,CUSCO,CALCA,0,0,0,0.0,-13.085449717708393,-72.19362356208157,286.0286147408594,297.7698820309888,5,Jauja,14.492438885132287,False
85b30493fffffff,2,761.1989907561444,456.60704020245976,25.78454153579005,84919.02980494683,1.7841717718793362,4.202205013224482,64.2301837876561,SIERRA,TACNA,TARATA,5,0,0,0.0,-17.470118421750456,-69.94222896175617,273.1348112373101,310.90518788235266,5,Pisco,17.841671636446335,False
858f5a93fffffff,2,3970.932458266468,709.6376944392648,53.84263273326024,84554.03417143825,0.9825113315933932,0.660224215258983,35.37040793736215,COSTA,ANCASH,SANTA,1,6,0,0.0,-9.287960855750192,-78.42986577236962,301.13202922360824,280.78724933192643,5,Otuzco,3.2171178149583284,False
858e6457fffffff,6,1450.629071545537,741.8685233726362,32.66449440207179,84314.74638615575,1.6054826005280178,6.191418840351711,57.797373619008646,SIERRA,PASCO,PASCO,0,3,0,0.0,-10.704299783509711,-75.91760287719089,296.6563920358907,284.2168537395109,5,Jauja,3.710415122710401,False
85b3342ffffffff,1,472.7844801888751,377.6357564462732,16.1897179131427,83927.60682068965,1.057941597920273,2.5655095992681334,38.08589752512983,SIERRA,AREQUIPA,AREQUIPA,1,0,0,0.0,-16.162870317347476,-71.71743492485267,280.99882620660253,298.6760049986203,5,Pisco,12.34328444340099,False
858e6813fffffff,4,3455.2127077286327,1114.0497756268078,27.0162995104622,83917.3313414616,1.914887441833276,8.060484253516393,68.93594790599793,SIERRA,AYACUCHO,LUCANAS,0,3,0,0.0,-14.210196495698506,-73.88676237197183,289.64053851163766,289.72923394178065,5,Chiclayo,inf,False
858b6517fffffff,4,1112.2033258541974,766.141738072049,39.53495563873345,83676.21365937727,0.8823156016838446,7.927767183200041,31.763361660618404,SIERRA,CUSCO,CHUMBIVILCAS,0,0,0,0.0,-14.583336642067565,-72.025190601516,284.0707553935539,294.56116854919327,5,Pisco,15.172608691236746,False
858e6903fffffff,1,471.29052016069255,376.4424585505432,16.138559737603345,83662.40249376031,3.087081074696723,10.787895488555778,111.13491868908204,SIERRA,AREQUIPA,LA UNION,0,0,0,0.0,-15.02053885155398,-72.9329382492764,286.13566418309364,292.38718889731297,5,Pisco,11.95012120732099,False
85b32267fffffff,2,745.6005330835022,447.25026795746055,25.256165796149396,83178.87262121424,1.6207537097285425,3.8620317092126695,58.34713355022752,SIERRA,TACNA,TARATA,0,0,0,0.0,-17.38341677141142,-70.07937541923555,273.7503680295742,303.8493545047148,5,Pisco,17.095567300728362,False
858f467bfffffff,3,2329.259343400633,1206.995413919003,23.769929639357454,83148.47390278205,1.2306479425458126,8.330585597882662,44.30332593164925,SIERRA,AMAZONAS,CHACHAPOYAS,0,1,0,0.0,-6.177702474371698,-77.53700797772406,297.8392577719137,279.1723110136724,5,Picota,7.4218960357166,False
858e6087fffffff,2,988.6874911517313,485.6678660953168,28.39135452341573,83011.42490227985,0.53309648188624,5.664793663723611,19.19147334790464,SIERRA,JUNIN,JAUJA,0,5,0,0.0,-11.587148172110757,-75.4120407692595,295.2931430690444,281.1153149020816,5,Jauja,1.147941920440644,True
858e603bfffffff,1,987.9933514550954,485.3268874258644,28.371421464292062,82953.1440746021,1.3058427350621589,6.269295390053374,47.01033846223772,SIERRA,JUNIN,CONCEPCION,0,0,0,0.0,-12.156850803776262,-75.6108736000373,295.439915760626,280.7783906282086,5,Jauja,1.772473500437627,True
858f5083fffffff,4,4271.468325785057,1312.8406162858355,45.225001812664985,82856.17963228415,1.0212960633500543,3.01066829612512,36.76665828060196,COSTA,CAJAMARCA,CHOTA,0,0,0,0.0,-6.4271910251670406,-79.17078277143645,300.50349013502233,275.7245168602041,5,Chiclayo,3.328959471433336,False
858b6543fffffff,1,1098.767630461772,756.8865535380036,39.05736344945716,82665.3839916495,0.4254145997869399,7.0751940998502825,15.31492559232984,SIERRA,CUSCO,CANAS,1,2,0,0.0,-14.45494230889454,-71.4374047517246,282.4282617533545,292.69515550055485,5,Pisco,16.298689161450966,False
858e621bfffffff,3,815.0228275564677,410.74977144795,16.88783542141822,82475.62582457301,0.6570558111124108,0.6016030314016008,23.65400920004679,COSTA,LIMA,LIMA,107,82,8,24283024.1784,-12.292970648084092,-76.95126458294337,298.0225225283798,276.7429291077123,5,Pisco,2.3955554159911117,False
858b6c1bfffffff,2,1093.1894238963166,753.0440035527295,38.85907762888601,82245.70964474113,3.090044610889775,12.901255680040537,111.2416059920319,SELVA ALTA,CUSCO,LA CONVENCION,0,0,0,0.0,-12.808036992219924,-72.60444820357004,287.4362730858459,286.13545799829365,5,Jauja,11.129667200872063,False
858f5393fffffff,1,945.8420051477405,422.0908350762372,21.41117204439168,82119.29626019674,0.5696096930429904,2.019402131596445,20.50594894954765,COSTA,LA LIBERTAD,PACASMAYO,0,0,0,0.0,-7.428473060406785,-79.27320275368939,301.4588015234851,272.40636480072806,5,Chiclayo,1.861107673328661,True
85b33457fffffff,1,462.1109294870203,369.1102769473432,15.824219927833155,82032.86280047966,1.6718849646569185,5.967521376147911,60.18785872764906,COSTA,AREQUIPA,CASTILLA,0,0,0,0.0,-15.63951599635598,-72.25602504822398,283.3739162798296,289.4862868023211,5,Pisco,13.791058524942855,False
858b65abfffffff,4,1089.5265982786334,750.5208645548926,38.72887693181805,81970.13828844536,1.7815874420898006,8.827039023605998,64.13714791523282,SIERRA,CUSCO,CHUMBIVILCAS,0,0,0,0.0,-14.492203777562526,-72.16262276883928,284.5828804786752,288.0360833742692,5,Pisco,15.364689803578585,False
858e6627fffffff,2,806.0025979397042,406.2038162572201,16.70093003904014,81562.8304309098,1.3364507250711428,2.1360851148764386,48.11222610256114,SIERRA,LIMA,HUAROCHIRI,5,0,0,0.0,-11.677992318488512,-76.30216423550665,297.1232760314263,274.50838426499786,5,Jauja,5.670967694488354,False
858e6c03fffffff,3,3637.380848884578,1138.1940211311144,19.70713437238537,81483.86154426677,2.714233513558758,9.365342329413467,97.71240648811528,SIERRA,AYACUCHO,LA MAR,3,0,0,0.0,-13.219037798169598,-73.80109158068574,290.38521963744915,280.60609161169,5,Jauja,7.917184583122435,False
858f4143fffffff,1,15907.796306332648,5130.164826199398,23.382324726434792,81456.05209969422,3.784663818180059,15.673565660978332,136.2478974544821,SELVA BAJA,LORETO,UCAYALI,0,0,0,0.0,-7.279975277029681,-75.74971839941368,295.37215941351127,275.7743054099369,5,Picota,1.4821176385885337,True
858f5ed7fffffff,1,937.680873946669,418.44885400003307,21.22642725269076,81410.73568953945,1.871083944089832,1.8238422412375144,67.35902198723396,COSTA,LA LIBERTAD,VIRU,0,0,0,0.0,-8.255553180562408,-78.62108468232626,301.0737391477295,270.40131736495687,5,Otuzco,2.116768517444143,False
858f5bb3fffffff,6,3823.175511945847,683.2323350365702,51.839168036204605,81407.80944473634,2.10923408269589,3.974935986207226,75.93242697705205,SIERRA,ANCASH,BOLOGNESI,0,1,0,0.0,-10.334154779577482,-77.20550676166005,299.1991117702486,272.0857323508648,5,Otuzco,8.325411937970784,False
858f4c6ffffffff,2,5636.697038032877,1378.7923693387802,16.560793667830747,81378.61030215184,2.7896417505511835,12.63394666817474,100.4271030198426,SELVA BAJA,UCAYALI,CORONEL PORTILLO,13,32,0,0.0,-8.481174784183189,-74.5531194135132,293.30680526533325,277.45217240539154,5,Satipo,9.856494206236675,False
858f5b8ffffffff,2,3819.8412802802936,682.6364809149661,51.79395855130332,81336.8128359681,1.7661486081157889,2.723215910340976,63.58134989216839,COSTA,ANCASH,BOLOGNESI,0,7,0,0.0,-10.306603196983804,-77.49766335411697,299.7073889366041,271.3874126512541,5,Pisco,7.5205266904104064,False
858f5147fffffff,2,933.7472914570328,416.6934560489425,21.1373821362992,81069.2166788883,1.4367699381601995,2.8796786150185056,51.72371777376719,COSTA,LA LIBERTAD,GRAN CHIMU,1,0,0,0.0,-7.655949358387023,-78.70787385718363,300.8679314122066,269.45117180939684,5,Otuzco,2.681158538471209,False
85b33443fffffff,1,456.40292793761,364.5510209369789,15.628758911651287,81019.59157469955,1.5982245624767333,4.636538116392301,57.5360842491624,SIERRA,AREQUIPA,CASTILLA,2,1,0,0.0,-15.71269321781013,-72.40755664627886,283.70438325866866,285.577510802255,5,Pisco,12.173126602423508,False
85b3268ffffffff,2,3076.028798206928,1027.3736807614025,48.19194273358725,80909.83639039904,1.3781221495699894,6.81969014144363,49.61239738451961,SIERRA,PUNO,PUNO,0,0,0,0.0,-15.52790392329029,-69.7987705201798,275.731743827478,293.4367848521037,5,Pisco,16.678716194439403,False
858f5413fffffff,2,4168.000785619478,1281.0397509073964,44.12951910399238,80849.15899202361,2.5487554847442064,6.936085705467821,91.75519745079144,SELVA ALTA,CAJAMARCA,JAEN,0,0,0,0.0,-5.495923271865801,-79.22220506793317,299.5532136720768,269.89915414671464,5,Chiclayo,6.441530830434203,False
858e6e53fffffff,6,2397.261096711897,729.6155230501334,20.771487683943,80762.22611776541,1.6408375962668815,3.078946978924075,59.07015346560775,SIERRA,HUANCAVELICA,HUAYTARA,1,0,0,0.0,-13.604123926385014,-75.30183574810827,293.6419027842078,275.0364486539789,5,Pisco,1.9935367931393557,True
858f5bbbfffffff,2,3776.245529614353,674.8455682477098,51.20283542933973,80408.51787495366,1.194332508703304,3.297910918420887,42.99597031331895,SIERRA,ANCASH,OCROS,0,0,0,0.0,-10.403914520491767,-77.35964545725416,299.4607719501852,268.5110218320331,5,Pisco,8.06267889371702,False
858f51b7fffffff,1,4143.219075128863,1273.4230641871134,43.86713792347572,80368.45360001341,3.1478380737396385,6.16234427199079,113.322170654627,SIERRA,CAJAMARCA,CAJABAMBA,0,0,0,0.0,-7.411382194585409,-77.80313399500294,299.34528664099594,268.4807718265466,5,Otuzco,5.175863267038949,False
858e6b33fffffff,1,450.548423035318,359.8747456359956,15.428281131899816,79980.31341274915,1.534663614070759,6.502956926896862,55.24789010654733,COSTA,AREQUIPA,CARAVELI,0,0,0,0.0,-15.712375043206936,-73.7239781936788,287.27450606656754,278.410759478309,5,Pisco,7.92791197754741,False
858f5873fffffff,3,3749.445331302254,670.0561564053801,50.839446414275294,79837.85471014329,1.324989636651544,3.23909804928087,47.69962691945559,SIERRA,ANCASH,HUARAZ,0,2,0,0.0,-9.610371333262538,-77.72449222427623,300.0856777825213,266.0502003964466,5,Otuzco,5.850794503901852,False
858e61b7fffffff,2,3285.7519573057148,1059.4112549464685,25.69128632720645,79801.60963471865,6.4508583550573775,11.865322413749825,232.2309007820656,SELVA ALTA,AYACUCHO,HUANTA,0,21,0,0.0,-12.441020155273652,-74.17153188097733,291.9063304780497,273.38088044897484,5,Jauja,6.877078941797663,False
858e628bfffffff,3,786.5486654730645,396.3995530583682,16.297831133478216,79594.20427629582,0.4666777801093993,0.7489496784904497,16.800400083938378,COSTA,LIMA,LIMA,26,29,6,36273492.63199999,-12.05591789655688,-76.7806174069305,297.85070631592,267.228522842155,5,Pisco,3.2057128545857267,False
858f5c43fffffff,3,3728.876387212152,666.3803200081219,50.56054816707675,79399.87516258279,1.1150643407783776,4.985704149529767,40.1423162680216,SIERRA,ANCASH,PALLASCA,1,0,0,0.0,-8.245513472186953,-77.88485127843316,299.96206743413995,264.69971967377484,5,Otuzco,3.6884768435847946,False
85b33523fffffff,4,1014.3736535029608,622.2396595287131,23.14859487476602,79326.22572790101,2.3278434604999845,5.148412352248655,83.80236457799944,SIERRA,MOQUEGUA,MARISCAL NIETO,0,0,0,0.0,-16.62214862462989,-70.74116747494985,277.2284355605646,286.1402928148438,5,Pisco,15.457132619341792,False
858f0d0bfffffff,1,469.28651995299225,384.58269822066666,11.643431778370656,78874.85439900485,1.8191895515355856,3.492315215383214,65.49082385528109,COSTA,TUMBES,ZARUMILLA,0,0,0,0.0,-3.875931711800702,-80.22368988748498,298.34368843558303,264.375810370244,5,Chiclayo,8.511861235660035,False
858f583bfffffff,3,3694.2860062387936,660.1987396207219,50.091530575257735,78663.33373671799,0.996669676171472,3.4645128147025908,35.880108342173,SIERRA,ANCASH,HUARAZ,1,39,0,0.0,-9.63851725677202,-77.43272655107923,299.5994523696225,262.5616739768579,5,Otuzco,5.834837584072375,False
85b3040bfffffff,1,705.0869490540773,422.9480974129444,23.883825313757608,78659.19472952074,0.6503387317220461,2.591484387952071,23.41219434199366,COSTA,TACNA,TACNA,50,54,18,10525625.3856,-18.10312649256511,-70.27778215770847,273.0357439239299,288.0911986067138,5,Pisco,15.535339404612387,False
858f5b87fffffff,2,3687.133413057942,658.9205134641539,49.99454719622159,78511.03182411076,1.7437309414051334,2.4656611235359818,62.77431389058479,SIERRA,ANCASH,BOLOGNESI,0,2,0,0.0,-10.23691776540557,-77.34345920016564,299.44922007802506,262.1847931467438,5,Pisco,6.882303039283215,False
858f4c2bfffffff,1,5428.646173293372,1327.9010507524488,15.949533665720164,78374.9203520937,3.9374160482502862,13.78172096587384,141.7469777370103,SELVA BAJA,UCAYALI,CORONEL PORTILLO,0,0,0,0.0,-8.341672394352553,-74.25209569974547,292.4977608580626,267.9504968591056,5,Satipo,9.845116633805446,False
858f4c4ffffffff,1,5424.236023710837,1326.8222841359332,15.936576507159426,78311.2497588669,3.315512572655724,13.159817490279275,119.35845261560604,SELVA BAJA,UCAYALI,CORONEL PORTILLO,0,0,0,0.0,-8.122880178120385,-74.8110224786852,293.76493177815,266.5779379616598,5,Satipo,10.521044587920187,False
858e682ffffffff,1,3218.8561264735235,1037.8423121250112,25.16822799342539,78176.89935602857,1.5400591381327815,7.959587015811642,55.44212897278013,SIERRA,AYACUCHO,PARINACOCHAS,0,0,0,0.0,-14.88995981417283,-73.6526993017726,288.2293240875115,271.2315952012318,5,Pisco,7.982860828966295,False
858e68b7fffffff,4,3699.582456931611,1133.697984473867,13.994823100941806,78127.19677741521,0.6765126367458969,9.10050511627614,24.35445492285229,SIERRA,APURIMAC,AYMARAES,0,1,0,0.0,-14.2510292723654,-73.3056398867013,288.0740321413197,271.20527385505045,5,Pisco,8.391209402854656,False
858e63abfffffff,3,2318.6644261600973,705.6943277438291,20.09047309750313,78114.35347347378,2.224009470089874,3.681359957635985,80.06434092323543,SIERRA,HUANCAVELICA,CASTROVIRREYNA,0,1,0,0.0,-13.082893886276432,-75.5487735030933,294.6510335015992,265.1080247205372,5,Pisco,2.538150766202307,False
858f5837fffffff,3,3666.035980319575,655.1502318780555,49.70848307035567,78061.79903875428,1.3834451866735484,3.950517451792821,49.80402672024775,SIERRA,ANCASH,HUARI,1,29,0,0.0,-9.66638717935443,-77.14123505601123,299.0914800782948,260.9963982201018,5,Otuzco,6.985955167954671,False
858e6667fffffff,2,771.3033310272417,388.71631103428456,15.981937283194991,78051.46405257241,0.5182313612011978,1.238950893418957,18.656329003243123,COSTA,LIMA,CANTA,2,0,0,0.0,-11.7225184594826,-76.74876854943403,297.96523210731215,261.9482263100488,5,Pisco,7.143433163022564,False
858b604bfffffff,1,2959.2021916831227,988.3543514153346,46.36162790212779,77836.90624572789,1.054983667382325,10.284469292914824,37.9794120257637,SIERRA,PUNO,CARABAYA,0,0,0,0.0,-13.868937364725694,-70.2467438155166,279.1629579512373,278.8224727842439,5,Pisco,19.730849584031603,False
858e6c87fffffff,2,2454.528763460953,919.496168401439,28.884790579872565,77423.49239302843,4.069294545336243,10.336059175241648,146.49460363210474,SELVA ALTA,AYACUCHO,LA CONVENCION,0,0,0,0.0,-12.909987134369109,-73.48325833853637,289.79724068574126,267.1643532899858,5,Jauja,9.106692229364853,False
858b6147fffffff,3,1023.6794290504594,705.1620137882379,36.388239339880734,77016.15040410761,1.7524114038470195,11.591596421206964,63.08681053849271,SIERRA,CUSCO,PAUCARTAMBO,0,0,0,0.0,-13.215993454800982,-71.48426462948822,283.7642171508749,271.4089576810836,5,Pisco,16.251056142509697,False
858e6dd7fffffff,6,3642.332381416787,1116.1543032672148,13.77825685632564,76918.19874389707,2.245751410407079,12.152329668011763,80.84705077465485,SIERRA,APURIMAC,ABANCAY,0,2,0,0.0,-13.447079138750132,-72.94698825124145,287.89363538097496,267.17575274670384,5,Pisco,11.44606123633821,False
858e6d13fffffff,5,3631.8197383541487,1112.9328147910555,13.738489509145875,76696.19441157934,1.1012359893316612,11.00781424693636,39.6444956159398,SIERRA,APURIMAC,ABANCAY,0,0,0,0.0,-13.704365410931134,-72.82316521965375,287.3104411780496,266.9453783061432,5,Pisco,10.827683454355792,False
858b6173fffffff,2,1010.8391728709094,696.3169978113837,35.93181294135454,76050.11838950633,1.007377489376845,11.0707616181706,36.26558961756642,SIERRA,CUSCO,PAUCARTAMBO,0,0,0,0.0,-13.124385593733756,-71.62073259600339,284.26129821121964,267.53595676959685,5,Pisco,16.205724997731522,False
858e6b93fffffff,2,3129.9444562987023,1009.1748943456936,24.47302786694824,76017.48668962631,1.62549423633036,7.627008257870784,58.51779250789295,SIERRA,AYACUCHO,LUCANAS,4,0,0,0.0,-14.962327041241748,-73.80554415172993,288.5294685232744,263.46524352847626,5,Pisco,7.047997783540268,False
858f096ffffffff,1,1760.00579889326,557.7525434807716,19.36006909393371,75691.94208223843,7.8355966145063185,8.448060154968529,282.08147812222745,COSTA,PIURA,PIURA,0,0,0,0.0,-5.536807796958886,-80.39918444451071,300.8873372182792,251.56240465954735,5,Chiclayo,2.6007512688156567,False
858e6873fffffff,1,3113.9610911576688,1004.0214448028332,24.348053974930146,75629.29601601265,1.4356676247496825,6.1233524569946685,51.684034490988566,SIERRA,AYACUCHO,LUCANAS,1,0,0,0.0,-14.612328257106968,-74.06841967372148,289.6332534755361,261.1209006855309,5,Pisco,5.895820455281864,False
858f0bbbfffffff,1,1757.9672518924851,557.1065201691426,19.337645070779324,75604.27101796602,0.5276514450444892,2.582585981353474,18.99545202160161,COSTA,PIURA,PIURA,0,0,0,0.0,-5.306583826723267,-80.96200169703383,301.08539565839203,251.10573979398768,5,Chiclayo,4.489655382014462,False
85b3225bfffffff,3,960.3749337997696,589.1156279185979,21.916312784385827,75103.40841260439,1.7588018226158575,3.548474048840916,63.31686561417087,SIERRA,MOQUEGUA,MARISCAL NIETO,0,1,0,0.0,-16.872350270123402,-70.61625284855114,276.4076277091229,271.7125031427835,5,Pisco,15.071318975200484,False
858a6e4bfffffff,1,14623.848654811964,4716.09973800798,21.4950940666074,74881.58353210795,11.794959925375842,,424.6185573135304,SELVA BAJA,LORETO,MARISCAL RAMON CASTILLA,0,0,0,0.0,-4.0726702439893465,-70.51235755820831,277.06597896012806,270.2662514291731,5,Chiclayo,inf,False
858b65d7fffffff,1,992.9047771270556,683.9628816106294,35.29430761866888,74700.83063318535,2.3290461232490585,7.126515388564135,83.8456604369661,SIERRA,CUSCO,ESPINAR,0,0,0,0.0,-14.928799884372976,-71.76354145546773,282.868911633342,264.0828580343019,5,Pisco,17.518509242747314,False
858f5d9bfffffff,1,2099.5235868002337,877.8185254628564,16.26248392553337,74670.82069318739,0.597918434077173,9.680535818753082,21.52506362677823,SELVA BAJA,SAN MARTIN,TOCACHE,1,16,0,0.0,-8.388034858223696,-76.43408291302126,297.4314054317116,251.0522403806189,5,Picota,4.5085567862552125,False
858e6e97fffffff,2,3069.865477392831,989.8038805669288,24.003270481310828,74558.33843857264,1.8940224031162405,5.89051449079902,68.18480651218465,SIERRA,AYACUCHO,HUAMANGA,0,0,0,0.0,-13.24672601914449,-74.53478695929022,292.1944035574774,255.16689413220163,5,Pisco,4.835588260895747,False
858e65a7fffffff,2,885.0730602820495,434.7698826703032,25.415941092083443,74311.82910086898,2.8823059396008754,10.564945676224124,103.76301382563152,SELVA ALTA,JUNIN,SATIPO,0,0,0,0.0,-11.446587054628548,-74.08531122253169,292.194403557483,254.32324574365,5,Satipo,2.0747598906600615,False
858f7227fffffff,1,3822.485334619789,1174.8451866428136,40.47130705465152,74146.992877167,2.427373192546694,8.419689106531568,87.38543493168098,SELVA ALTA,CAJAMARCA,SAN IGNACIO,0,0,0,0.0,-4.961051627892169,-78.72958949028813,298.21744735138253,248.63398682975568,5,Chiclayo,6.253813007289864,False
858e6e73fffffff,2,2195.6588528989087,668.2571141686617,19.024669813265294,73970.37268844737,2.683937197277599,4.041369875643486,96.62173910199355,SIERRA,HUANCAVELICA,HUAYTARA,0,0,0,0.0,-13.95830522597836,-75.0393855605083,292.6941126512432,252.7224480821247,5,Pisco,4.005267970122077,False
858f586ffffffff,4,3461.9350569117305,618.675748808329,46.94103961090049,73715.82825390168,1.411313303927182,3.4497096283517847,50.80727894137856,SIERRA,ANCASH,HUARMEY,0,2,0,0.0,-9.944546422600832,-77.75725658058523,300.1552459166493,245.5923368214993,5,Otuzco,6.00684495887981,False
858b401bfffffff,3,13780.911817189051,3486.9031276449496,41.46848195991903,73642.03113398136,3.884495132366387,18.61964064269742,139.84182476518993,SELVA BAJA,MADRE DE DIOS,TAHUAMANU,0,0,0,0.0,-11.291042559506511,-69.49460571130321,278.104366287272,264.7999818093893,5,Pisco,28.28021919904677,False
858f5dc7fffffff,1,1796.8811045631464,835.4095471311572,24.66396425493739,73402.87594981572,0.8230440246251263,8.715776750894685,29.629584886504546,SIERRA,HUANUCO,MARAÑON,0,17,0,0.0,-8.623969182463448,-76.60231619686299,297.85452266025226,246.4386818579307,5,Picota,5.413809491888969,False
858b6427fffffff,3,975.5383774666456,672.000029755586,34.67699257903661,73394.27585610576,1.207317851541221,6.401986922996102,43.46344265548396,SIERRA,CUSCO,ESPINAR,0,2,0,0.0,-14.709063348311828,-71.31326264099184,281.74855514666666,260.49566010338447,5,Pisco,16.198821850923196,False
858f4673fffffff,1,2054.448047519072,1064.5913597023875,20.965499473299385,73338.4285213874,1.9940951908872395,10.497236911704071,71.78742687194062,SELVA ALTA,AMAZONAS,RODRIGUEZ DE MENDOZA,0,0,0,0.0,-6.109539171628555,-77.38470276518473,297.50756875592504,246.50945462686423,5,Picota,2.999097617138432,False
858f5833fffffff,1,3439.2591395681493,614.6233792774659,46.63357251035121,73232.98441052517,1.376480661855857,4.426110809507059,49.55330382681085,SIERRA,ANCASH,HUARI,0,2,0,0.0,-9.569008779264127,-77.27888976190064,299.3260463059109,244.65957879148652,5,Otuzco,7.5883001850306755,False
858e698ffffffff,1,410.6908341118688,328.0385678976353,14.063424313607356,72904.88646419208,1.485238294602144,9.1860527084612,53.46857860567719,SIERRA,AREQUIPA,LA UNION,0,0,0,0.0,-14.783502073292537,-72.76741090590868,285.97511504803856,254.9343723559492,5,Pisco,10.415654432819792,False
858e6b77fffffff,1,409.0762370234704,326.7489113662075,14.008135122654837,72618.26692550757,1.4903057431787596,4.52207232058514,53.65100675443534,COSTA,AREQUIPA,CARAVELI,1,0,0,0.0,-15.85734212412823,-74.03083740813507,287.82873863300466,252.29679034274375,5,Pisco,6.387812503295208,False
858e6e2ffffffff,2,2988.255797651392,963.4908130091598,23.365164599749345,72576.27044020766,3.5746995667231958,5.469100852810994,128.68918440203504,SIERRA,AYACUCHO,LUCANAS,0,0,0,0.0,-14.2396421435971,-74.62311681793543,291.4198992488767,249.043633009517,5,Pisco,5.443628076562163,False
858e6863fffffff,2,2984.281124102908,962.2092756482404,23.33408663722566,72479.73687618245,1.8002471655089738,6.487931997753965,64.80889795832306,SIERRA,AYACUCHO,LUCANAS,3,0,0,0.0,-14.77725321668822,-74.08288229857114,289.46578189513656,250.3913809834675,5,Pisco,6.1429522838934645,False
85b3355bfffffff,2,408.2287353277278,326.07197090523164,13.9791138371433,72467.82038574014,1.0724082975797653,2.517970484230445,38.60669871287156,SIERRA,AREQUIPA,AREQUIPA,22,0,0,0.0,-16.25229221210735,-71.57957347919518,280.4421606151353,258.4055843343445,5,Pisco,11.895148425546722,False
858e6897fffffff,9,3427.3266803583847,1050.2680761651254,12.964930815607543,72377.74237877855,1.4547850516120946,10.41899102858542,52.3722618580354,SIERRA,APURIMAC,ANDAHUAYLAS,0,1,0,0.0,-13.900883299564915,-73.56769312143561,289.1422186298325,250.31883175607243,5,Pisco,10.276321470058974,False
858e6013fffffff,3,861.8314661751009,423.3530340547452,24.748530667773306,72360.43610653591,1.5398023521120363,4.579783565064875,55.43288467603332,SIERRA,JUNIN,JAUJA,0,1,0,0.0,-11.72862107669595,-75.71847329429009,295.8960621352418,244.5468033077877,5,Jauja,0.8014776757336222,True
858f5e17fffffff,1,832.011507656601,371.2929116580721,18.834373432766487,72236.37681271422,2.212651592319668,2.245712077852178,79.65545732350805,COSTA,LA LIBERTAD,VIRU,1,0,0,0.0,-8.619274299183736,-78.36301540437881,300.8524082691948,240.10569577385272,5,Otuzco,3.440747921995353,False
858f51cbfffffff,3,3723.504872459977,1144.4234297594214,39.42333215722016,72227.01072412304,1.0156760997523897,3.108150213899276,36.56433959108603,COSTA,CAJAMARCA,SAN PABLO,1,9,0,0.0,-7.223534776576704,-78.81121808178558,300.7127600288392,240.1860523550656,5,Chiclayo,2.8450662005270715,False
858e6557fffffff,1,855.1773460173418,420.0843648678861,24.5574495768006,71801.74794600997,3.6515281548000624,9.113918148079618,131.45501357280224,SELVA ALTA,JUNIN,SATIPO,0,0,0,0.0,-11.374709861944968,-74.95377719971356,294.33646309030405,243.9444545611082,5,Satipo,1.8185889451415278,True
858e680bfffffff,2,2933.5902256936342,945.8652213812323,22.937734629484986,71248.59851289375,1.9608267786356888,7.014587713848561,70.58976403088481,SIERRA,AYACUCHO,LUCANAS,0,1,0,0.0,-14.447340172408085,-74.05397329441507,289.7935948444426,245.85981119126893,5,Pisco,6.66409492269122,False
858e6883fffffff,8,2943.22827701534,946.6479721193224,22.426135348208685,71021.78270417472,1.4287987753733706,9.492538768273748,51.43675591344135,SIERRA,AYACUCHO,SUCRE,0,3,0,0.0,-13.97302645575392,-73.71996455235909,289.465781895142,245.35467452903333,5,Pisco,8.907187627883104,False
858f4d67fffffff,1,4918.414422753221,1203.0932706833178,14.450456690949771,71008.55836548562,5.731091598853018,,206.31929755870863,SELVA BAJA,UCAYALI,CORONEL PORTILLO,0,0,0,0.0,-9.080678314675117,-73.4502478082901,290.6598020638539,244.30126856649423,5,Chiclayo,inf,False
858b6c17fffffff,1,935.7496513086568,644.5915486750766,33.262641905008856,70400.78548088747,4.62223644679862,12.238891533171705,166.40051208475035,SELVA ALTA,CUSCO,LA CONVENCION,0,0,0,0.0,-12.787278012629583,-72.8922158683167,288.2690723462585,244.2190031274828,5,Jauja,10.831020774752687,False
858e61d7fffffff,6,2087.9069537601604,635.4624142681813,18.09103465397795,70340.27863870104,1.754007190206221,7.419032299582142,63.14425884742398,SIERRA,HUANCAVELICA,TAYACAJA,0,2,0,0.0,-12.134156989257315,-74.87531593107387,293.7985000508018,239.41673843310377,5,Jauja,2.766595458975644,False
858b60dbfffffff,3,2673.5114383378605,892.935491554558,41.88572948636658,70322.28475554899,1.7311693707966225,8.72962169680678,62.322097348678405,SIERRA,PUNO,MELGAR,5,2,0,0.0,-14.432054915467427,-70.43133572677405,279.21092376632873,251.86079329189,5,Pisco,18.681308935376364,False
858e6147fffffff,5,2087.190512191544,635.2443625546911,18.08482692081146,70316.14217061076,0.9365719030840164,5.739059437125688,33.7165885110246,SIERRA,HUANCAVELICA,HUANCAVELICA,0,1,0,0.0,-12.703333622816368,-75.07299316941082,293.88804670627974,239.2616608898244,5,Jauja,3.015798390712007,False
858f5baffffffff,2,694.3792384588719,349.9486196604995,14.388017001070668,70267.18800402932,2.1241031328869537,3.3757056886808208,76.46771278393034,SIERRA,LIMA,CAJATAMBO,0,0,0,0.0,-10.6680710303331,-77.23774766873242,299.2068022183964,234.84488816113227,5,Pisco,6.628878589503074,False
858e6167fffffff,5,2083.684010863306,634.1771455526768,18.054444227306305,70198.01033526676,0.9125711322280629,5.896685374510144,32.85256076021027,SIERRA,HUANCAVELICA,ANGARAES,0,12,0,0.0,-13.058328124403037,-74.81133727016497,293.0094755021379,239.5759052329848,5,Jauja,4.504358786274679,False
858b6527fffffff,3,3322.6720990401013,1018.197784642309,12.569042260803649,70167.66349460822,0.5820723937073146,10.158039107697684,20.95460617346332,SIERRA,APURIMAC,COTABAMBAS,4,0,0,0.0,-14.07230959101975,-72.27339493132119,285.36639541484755,245.88621723522465,5,Pisco,13.663398357717597,False
858e6373fffffff,1,412.3060141993312,272.5580931256337,9.528834558004135,70097.41816945371,0.3814789940932061,1.8675823629267991,13.73324378735542,COSTA,ICA,CHINCHA,0,0,0,0.0,-13.296072057897709,-76.01123368217597,295.4399157606084,237.2645483227556,5,Pisco,2.037028761795227,False
858f426ffffffff,1,806.3196574272564,359.8276833652519,18.25278303774769,70005.77524398119,4.332471824015941,7.281924471873969,155.96898566457386,SIERRA,LA LIBERTAD,BOLIVAR,0,1,0,0.0,-7.607385846921419,-77.52938605705066,299.0223223478286,234.11554928179945,5,Otuzco,5.247321590948559,False
858e6e6bfffffff,1,411.5218605007683,272.039722232566,9.51071192431866,69964.10177865591,1.1341034819327247,4.097614299320063,40.82772534957809,SIERRA,ICA,PALPA,0,0,0,0.0,-14.195428766642596,-75.2083843177918,292.8164804310581,238.9349864313,5,Pisco,3.371517634663178,False
858e6db7fffffff,2,3309.672049352187,1014.2140566673764,12.51986552321129,69893.13050286996,1.7221154804275858,11.35284921199126,61.99615729539308,SIERRA,APURIMAC,COTABAMBAS,1,0,0,0.0,-13.74353218760435,-72.2467443899224,285.6153175848627,244.7107217283721,5,Pisco,14.233575421041678,False
858e6647fffffff,2,690.4996673605742,347.99341928075137,14.30762961068288,69874.59770662338,0.5090457232987867,1.0576172987025294,18.325646038756325,COSTA,LIMA,HUARAL,0,0,0,0.0,-11.362607920218135,-77.00956577850336,298.6002702507284,234.00714824521475,5,Pisco,4.4026635889185854,False
858b6cdbfffffff,3,927.6108435127024,638.9851274338546,32.97333562648455,69788.46522951272,0.6817634591711048,11.310527191300556,24.543484530159773,SIERRA,CUSCO,URUBAMBA,0,2,0,0.0,-13.157825371397037,-72.34385439126427,286.41430545865745,243.6626380018101,5,Jauja,12.995516753235279,False
858f4357fffffff,1,1941.432479163022,811.7200525200558,15.037942266233337,69048.21524794128,1.633427423825481,11.697231133859574,58.80338725771731,SELVA BAJA,SAN MARTIN,MARISCAL CACERES,0,0,0,0.0,-7.693851982134428,-76.66087083271098,297.50756875593,232.08893654933271,5,Picota,2.33926741257892,False
858e6063fffffff,3,682.2986522443553,343.86032635287904,14.13769891808314,69044.70211199958,1.9871312605799705,6.000936871389746,71.53672538087893,SIERRA,LIMA,YAUYOS,0,38,1,664568.84,-12.298503393471924,-75.91823145512078,296.0055608647592,233.25474666857735,5,Jauja,4.660176163110009,False
858e6947fffffff,5,2840.725103723447,915.923108682054,22.21162247331864,68993.16769874848,1.2261407262330737,9.134135012264224,44.14106614439065,SIERRA,AYACUCHO,PAUCAR DEL SARA SARA,0,1,0,0.0,-15.16592689838963,-73.23728652336806,286.77219999185616,240.5852718663377,5,Pisco,10.184581216662991,False
858f553bfffffff,3,3487.727697826601,1085.3566600566526,36.90266917289263,68689.42400794331,2.4553029075784023,8.35902341545898,88.39090467282249,SIERRA,CAJAMARCA,CELENDIN,0,1,0,0.0,-6.616913769679414,-78.16417619842785,299.27603107949693,229.5186278706606,5,Chiclayo,8.083933564284962,False
858e4593fffffff,2,401.02719842688566,265.10214435510017,9.26816901880615,68179.87188482659,1.8330966092268863,2.050155830053044,65.99147793216792,COSTA,ICA,PISCO,5,0,0,0.0,-13.652052898218107,-75.74891086737632,294.56109908565367,231.4625797380019,5,Pisco,0.8706415352571639,True
858b6987fffffff,1,810.6097490571201,398.1916536660356,23.2776372428948,68059.79736885762,4.488003163845181,10.622321752594528,161.5681138984265,SELVA ALTA,JUNIN,SATIPO,0,0,0,0.0,-11.209689403796464,-73.91960672203882,291.8509860739224,233.20050510851752,5,Satipo,2.618883182964055,False
858b66affffffff,2,2585.6157217238,863.5788919175236,40.508673021855714,68010.33369228,1.548559753367633,8.222623001009728,55.748151121234784,SIERRA,PUNO,AZANGARO,1,5,0,0.0,-14.521647394656474,-70.29520090768919,278.6567295759434,244.06492459657204,5,Pisco,17.76252969675079,False
858e6807fffffff,2,2797.144615569436,901.8716342413968,21.87086674556059,67934.72106353483,2.290003774421125,7.567872887397632,82.4401358791605,SIERRA,AYACUCHO,LUCANAS,0,0,0,0.0,-14.467947721786397,-73.76268214001048,289.02965834042163,235.04411780302743,5,Pisco,7.5350357423940295,False
858e6187fffffff,1,2015.5749922381167,613.4479069575117,17.46430173365845,67903.46012110305,4.36591492863427,9.778027951506935,157.1729374308337,SIERRA,HUANCAVELICA,TAYACAJA,0,0,0,0.0,-12.252321908494316,-74.447046812475,292.70523347275656,231.98580809599068,5,Jauja,4.881206516904058,False
858f480bfffffff,1,1659.8316442665362,771.6922386958861,22.78282532964615,67804.38392516559,4.06339955464302,14.88621900177062,146.28238396714872,SELVA BAJA,HUANUCO,PUERTO INCA,0,0,0,0.0,-9.144836699814988,-74.61111996986655,293.6642653041974,230.8908230796457,5,Satipo,10.990007893211441,False
858e6bd3fffffff,1,2791.181159600639,899.9488620864039,21.82423849827206,67789.88560684808,5.08009637919342,10.42768813142998,182.88346965096312,SIERRA,AYACUCHO,LUCANAS,0,0,0,0.0,-15.014288579121004,-74.25072909827125,289.5749841792054,234.10131852030372,5,Pisco,9.820325800674254,False
858f5c57fffffff,3,3166.92368267009,565.9548340986412,42.94092395988753,67434.07904744947,4.260441548537706,7.577733008304359,153.37589574735742,SIERRA,ANCASH,PALLASCA,0,9,0,0.0,-8.176592978874163,-77.73131342533462,299.6803987195633,225.0199857433897,5,Otuzco,4.9605239650118165,False
858b658ffffffff,2,887.8488084380025,611.5950325175173,31.55993372753167,66796.98294826083,1.2906868509070637,8.336138432423265,46.46472663265429,SIERRA,CUSCO,CHUMBIVILCAS,0,0,0,0.0,-14.747325971955329,-72.03840802418962,283.91565561751713,235.2705165306128,5,Pisco,15.699770068340513,False
85b33553fffffff,1,376.2704727993647,300.5453659714452,12.88475630848318,66794.66357847498,1.1255731864633087,2.545541147033524,40.52063471267911,SIERRA,AREQUIPA,AREQUIPA,0,36,3,3577757.612,-16.178606866784353,-71.4288532055767,280.09733022561943,238.469476037746,5,Pisco,13.218224324822586,False
858e6923fffffff,1,374.13338522563066,298.8383711010202,12.811575300171285,66415.29273796415,0.9266361982027168,6.210104383031775,33.35890313529781,SIERRA,AREQUIPA,CONDESUYOS,0,0,0,0.0,-15.367262115420424,-72.67030990705628,284.9405120053779,233.08476660809345,5,Pisco,14.119773991516922,False
858e6bc7fffffff,2,2731.8478305302683,880.81826506406,21.360311346831445,66348.84707858236,3.097018039402292,7.880345088797999,111.4926494184825,SIERRA,AYACUCHO,LUCANAS,1,0,0,0.0,-15.271622110389806,-74.12636790235067,288.9207985459096,229.64372039847976,5,Pisco,7.917414796642333,False
858e6b83fffffff,3,2717.8067841335583,876.2910692266428,21.25052444021197,66007.82982652781,1.3081872856150711,7.538882350154225,47.09474228214256,SIERRA,AYACUCHO,PARINACOCHAS,0,0,0,0.0,-15.126987009829143,-73.8198637015648,288.348596276587,228.91677184796285,5,Pisco,7.7991710769329075,False
858f0827fffffff,1,1531.307379842815,485.2771431180975,16.844385794893313,65856.39068806052,1.502154870094282,2.189262089325522,54.07757532339415,COSTA,PIURA,SULLANA,0,34,4,7191336.048,-4.740396191172036,-80.7544733424227,300.15524591665366,219.40776176321555,5,Chiclayo,4.163814891711809,False
85b32663fffffff,1,2492.0407551662365,832.3254596104501,39.04264011856556,65548.99937745731,0.3589105462915171,6.206496610723307,12.920779666494616,SIERRA,PUNO,PUNO,0,7,0,0.0,-16.163127470515423,-70.1315256168886,275.953371838908,237.5365045936911,5,Pisco,17.276277865326847,False
85b322cffffffff,1,833.8562939234637,511.5062429263854,19.02908407089433,65209.37562601096,2.902742567389963,5.889815669914094,104.49873242603869,SIERRA,MOQUEGUA,MARISCAL NIETO,0,0,0,0.0,-16.723752998907447,-70.31710237044702,275.6814151959849,236.5388888462173,5,Pisco,17.713407032266332,False
858f58abfffffff,3,3060.863458525821,547.0010156379999,41.502833094272525,65175.71280456459,1.3393315992113877,5.0731917341092965,48.21593757160996,SIERRA,ANCASH,HUARI,0,7,0,0.0,-9.402065416168965,-77.26279116984425,299.2760310795011,217.77792417746613,5,Otuzco,7.913223441762966,False
85b3346bfffffff,1,367.1136022638329,293.2313320378764,12.571194512042222,65169.15711153882,2.602903970587531,3.5430661350748056,93.70454294115112,COSTA,AREQUIPA,CASTILLA,0,0,0,0.0,-16.130126339604598,-72.29628248826586,282.753392633503,230.48054880815968,5,Pisco,10.669509487766845,False
85b32647fffffff,2,2474.126058835241,826.3420671532579,38.76197173855033,65077.78299938912,1.533338209652218,6.876540004272403,55.20017554747986,SIERRA,PUNO,PUNO,0,0,0,0.0,-15.912665837325608,-70.2560683501474,276.7415413556925,235.15726146710097,5,Pisco,16.572780251868608,False
858b6487fffffff,1,363.3918942937472,290.2586244650856,12.443750814722229,64508.48812534453,2.199918762000853,5.4046887462616455,79.1970754320307,SIERRA,AREQUIPA,CAYLLOMA,0,0,0,0.0,-15.452642405999155,-71.22723360994122,280.53193242417126,229.95060693413717,5,Pisco,15.049955706623223,False
858f5c77fffffff,3,3024.2811281484774,540.4634578076846,41.00680627947902,64396.75631378935,1.206795353973029,5.953153580854728,43.44463274302905,SIERRA,ANCASH,SIHUAS,0,108,1,72123.37599999999,-8.539184454630627,-77.47311571383914,299.4068695668933,215.081091515844,5,Otuzco,7.371425224875566,False
858b712ffffffff,2,12014.485349335726,3039.9546196492765,36.15308446754609,64202.65334337033,3.3163370465997577,16.814604337303592,119.38813367759126,SELVA BAJA,MADRE DE DIOS,TAMBOPATA,0,0,0,0.0,-12.468287883094392,-69.01528064706504,275.8660284036879,232.7312779862098,5,Pisco,25.566390151090673,False
858e6e47fffffff,2,1899.308498982316,578.0617579867594,16.456890385753717,63986.51472407309,1.9507576873275256,4.484829105779131,70.22727674379092,SIERRA,HUANCAVELICA,HUAYTARA,0,0,0,0.0,-13.864188622858745,-75.17817999322546,293.106052553818,218.30499290806813,5,Pisco,3.8901219193685392,False
858e6693fffffff,2,1093.1867323390684,559.0683675096084,24.615797793755803,63539.166488423376,0.8150936776677832,3.899111518760965,29.343372396040195,SIERRA,PASCO,DANIEL ALCIDES CARRION,0,0,0,0.0,-10.651854304248149,-76.49994799993532,297.8430738717501,213.3310191251352,5,Jauja,4.315691185664036,False
858b6d97fffffff,2,2609.9619330588857,841.519105152331,20.40728581968437,63388.58381575092,3.1276290126766746,10.436678576276368,112.59464445636029,SELVA ALTA,AYACUCHO,HUANTA,0,0,0,0.0,-12.535134734037658,-74.03381529143873,291.49719563259606,217.4586403076278,5,Satipo,9.481298517028335,False
858f416ffffffff,1,12351.7679644031,3983.367924263152,18.15544051027833,63247.368488822656,7.074262515323792,16.918567432947334,254.6734505516565,SELVA BAJA,LORETO,UCAYALI,0,0,0,0.0,-7.80594565694108,-75.50724224362722,295.1916023802901,214.25869834651397,5,Satipo,9.669915649865288,False
858b6c7bfffffff,1,839.2560124753053,578.1218641757049,29.832629026952933,63141.12157582846,5.399908227638942,15.621111492286134,194.396696195002,SELVA ALTA,CUSCO,LA CONVENCION,0,0,0,0.0,-12.406197797653093,-72.4272991905586,287.18829235517063,219.8596643965582,5,Jauja,13.797159909092443,False
858b7533fffffff,1,2392.0533146980097,798.9303025808301,37.47614340438278,62918.99557057007,4.434915961748364,12.929780975241208,159.6569746229411,SELVA ALTA,PUNO,SANDIA,0,11,0,0.0,-13.932534250132672,-69.11726843797958,275.1421838598778,228.67811357713487,5,Pisco,22.440498863905304,False
85b3222bfffffff,1,561.7835751000457,336.98722485953,19.029625764351863,62672.33238244448,0.4503279395240153,5.552420119318761,16.21180582286455,SIERRA,TACNA,TARATA,0,0,0,0.0,-17.308762135615133,-69.93019841074882,273.3860500698092,229.24480735736557,5,Pisco,18.612528274798024,False
858e6d63fffffff,7,2937.765510085196,900.2472242239841,11.113013185760815,62039.2670698007,2.139084815034035,10.702984284597637,77.00705334122526,SIERRA,APURIMAC,ANTABAMBA,1,0,0,0.0,-14.270864094686733,-73.01580147526509,287.2637269938088,215.96624021778356,5,Pisco,10.06854205910895,False
858e614bfffffff,2,1838.3423985469412,559.5064936818014,15.92863895495698,61932.60495361315,2.183592584488269,6.678866027655732,78.60933304157768,SIERRA,HUANCAVELICA,HUANCAVELICA,0,2,0,0.0,-12.67963234123396,-75.36467153371119,294.5610990856453,210.25384935709343,5,Jauja,4.207281875162153,False
858e6cabfffffff,3,2549.26305504072,821.9482198966474,19.93268144444005,61914.37997084383,3.147793423783183,11.02047680088314,113.3205632561946,SIERRA,AYACUCHO,LA MAR,0,5,0,0.0,-13.240451391733432,-73.51134011088303,289.60775825405,213.78702125973865,5,Jauja,9.774298498297867,False
858e6c93fffffff,3,822.4746648365551,566.5620256567282,29.236110549590343,61878.58297531323,4.408391585495026,9.822855644187497,158.70209707782092,SELVA ALTA,CUSCO,LA CONVENCION,0,0,0,0.0,-12.65115021194836,-73.60675188838958,290.3120706649622,213.14505743278195,5,Jauja,7.893114353872079,False
858f480ffffffff,1,4281.440144174782,1047.2830029248923,12.57900617159842,61812.378184224886,3.769941241992512,15.033047417107042,135.71788471173042,SELVA BAJA,UCAYALI,CORONEL PORTILLO,0,0,0,0.0,-9.240697553003905,-74.47459045596989,293.35144810132226,210.71100410206657,5,Satipo,10.990007893211441,False
858b4e8ffffffff,1,4280.206601530004,1046.9812660789348,12.575381984404608,61794.56917559746,11.23689401569972,33.85592098738986,404.5281845651899,SELVA BAJA,UCAYALI,PURUS,0,0,0,0.0,-9.644429363858164,-70.64296819030973,282.2223188240852,218.9570599273378,5,Pisco,32.64733676882861,False
858f4b93fffffff,1,4267.027088192597,1043.757425539235,12.536660158563958,61604.29276502934,5.4798474403470845,,197.27450785249505,SELVA BAJA,UCAYALI,CORONEL PORTILLO,0,0,0,0.0,-9.66825363189526,-74.36687456336928,293.1506444729288,210.14551366854744,5,Chiclayo,inf,False
858f42cbfffffff,1,1720.45162255691,891.5182520053656,17.55708918028462,61415.62863941128,1.2962424852569632,8.060472844028709,46.66472946925067,SIERRA,AMAZONAS,CHACHAPOYAS,0,4,0,0.0,-6.745000850975554,-77.7380754450308,298.71527686038485,205.5992223930216,5,Otuzco,7.5747676352766575,False
858a6e37fffffff,1,11993.083482988452,3867.69442211223,17.628222481000982,61410.72051805171,5.666492801548897,,203.9937408557603,SELVA BAJA,LORETO,MARISCAL RAMON CASTILLA,0,0,0,0.0,-3.893389334740925,-71.47435785213457,279.9458286631629,219.3664424696339,5,Chiclayo,inf,False
858f508bfffffff,4,3152.497019079308,968.923520837926,33.37767543344227,61150.83605473502,1.5580095491008628,2.973683553399032,56.08834376763106,COSTA,CAJAMARCA,CHOTA,0,0,0,0.0,-6.495162010169802,-79.32450585284431,300.7592974363081,203.3215151650797,5,Chiclayo,2.355175913140556,False
858f5e3bfffffff,1,2863.019009079402,511.6446149844231,38.820222361954,60962.96264702984,0.8676801644750864,1.596583902579324,31.23648592110311,COSTA,ANCASH,SANTA,0,0,0,0.0,-8.953567308235522,-78.39640468179496,301.0076997918345,202.5295787755247,5,Otuzco,3.331268015142996,False
858f5aa7fffffff,1,2854.691506469677,510.1564230258567,38.70730816124347,60785.64310114846,1.2508585576142632,2.592553305580121,45.03090807411348,COSTA,ANCASH,HUARMEY,0,0,0,0.0,-9.916267865699888,-78.04961172602883,300.619721210115,202.20111593631268,5,Otuzco,5.245688671253447,False
858f43cbfffffff,1,1708.7279138944357,714.4254188056208,13.235459895532207,60771.937249969895,1.7668985800412096,12.476173117023794,63.60834888148354,SELVA BAJA,SAN MARTIN,MARISCAL CACERES,0,0,0,0.0,-7.429900150188939,-76.78184458515716,297.56471258318555,204.23099473860103,5,Chiclayo,inf,False
858a698bfffffff,1,11781.930329726,3799.5988506736585,17.317855695965655,60329.50839275475,2.2397083370475195,,80.6295001337107,SELVA BAJA,LORETO,MAYNAS,0,0,0,0.0,-3.165254848679885,-72.9617769353744,283.1738390645631,213.04760564057523,5,Chiclayo,inf,False
858a6e07fffffff,1,11768.619021626517,3795.306037056508,17.298289860288474,60261.34768807971,7.39875293794282,,266.3551057659415,SELVA BAJA,LORETO,MARISCAL RAMON CASTILLA,0,0,0,0.0,-4.08387638439305,-71.20940700049562,279.3960634991343,215.68431184523985,5,Chiclayo,inf,False
858e6d9bfffffff,1,797.639520511042,549.4543258355598,28.353307642633908,60010.119903377104,5.684812321075007,16.31357605320441,204.65324355870024,SIERRA,CUSCO,LA CONVENCION,0,0,0,0.0,-13.374806783274304,-72.79587640679586,287.5334061858978,208.70660108474144,5,Jauja,14.759041499830346,False
858b6283fffffff,1,2276.0153295786413,760.174367672251,35.65818385307651,59866.808804128734,3.301830102130264,9.975893349772354,118.86588367668948,SIERRA,PUNO,CARABAYA,0,0,0,0.0,-13.885381715203168,-69.96341476293229,278.1792714571794,215.2094528486251,5,Pisco,19.65681267643413,False
858f442bfffffff,1,11660.828435082243,3760.54424698602,17.139852170460394,59709.40476246458,3.3790397491388577,13.928921032723643,121.64543096899888,SELVA BAJA,LORETO,ALTO AMAZONAS,1,0,0,0.0,-5.827618788746233,-76.05148359565752,294.6622785213678,202.6367442147322,5,Picota,3.1202857004418547,False
858f53b7fffffff,1,683.9544789036461,305.22107876725045,15.482783529000478,59381.86311867582,0.865311189802702,1.2005186674996724,31.15120283289728,COSTA,LA LIBERTAD,TRUJILLO,0,1,0,0.0,-7.8915105957349425,-78.87878961887625,301.2408877026691,197.1241804906873,5,Otuzco,1.1926177791901864,True
858e6d23fffffff,9,2803.1263103822234,858.9884629687929,10.603698471402954,59195.97776037086,1.0835149695871575,11.91850062999737,39.00653890513768,SIERRA,APURIMAC,GRAU,0,0,0,0.0,-14.217678941143872,-72.57521831399183,286.08569946856085,206.91694086888867,5,Pisco,12.65817106319264,False
858e63affffffff,4,1755.1949683930054,534.2002574002183,15.208193516717948,59131.42006623736,2.6602752248934456,3.4394587927798623,95.76990809616404,SIERRA,HUANCAVELICA,CASTROVIRREYNA,0,0,0,0.0,-13.177733642988152,-75.41016802728032,294.2691279621964,200.94333536011885,5,Pisco,2.715707299175847,False
858e64cffffffff,3,1014.6351105098267,518.8961575090891,22.84701412476369,58973.5196234413,1.3822743548886558,6.0730452447152645,49.76187677599162,SIERRA,PASCO,PASCO,0,82,20,19444510.7428,-10.537751855195143,-75.90223860920459,296.6526012426982,198.7965700499411,5,Jauja,4.435687792924,False
858b6db7fffffff,1,695.2347700096483,341.51659670794345,19.964505477211592,58372.7713929909,6.504795530947529,12.604927788978337,234.17263911411104,SELVA ALTA,JUNIN,SATIPO,0,0,0,0.0,-12.180986121332651,-74.2947878852565,292.3719148902022,199.6524577776641,5,Jauja,5.40386014743126,False
85b32277fffffff,2,523.1522464571106,313.81412972284704,17.72104402676043,58362.638086639694,1.2793785342159492,5.457225211111523,46.05762723177416,SIERRA,TACNA,TARATA,0,0,0,0.0,-17.22192142602793,-70.06726266098588,273.9992308254715,213.00292672651616,5,Pisco,18.185599559788898,False
858e68cffffffff,1,2394.3265948795065,771.9927053510672,18.7212336503742,58151.412141066205,1.1566156183253236,6.9891521025278935,41.63816225971165,SIERRA,AYACUCHO,LUCANAS,0,1,0,0.0,-14.189197693955348,-74.17801886422436,290.3961946328069,200.248533609733,5,Pisco,6.549124247783766,False
858e6da3fffffff,1,2734.900159432086,838.081279328201,10.34561180229348,57755.18870303817,2.529418547854925,12.46089605831948,91.0590677227773,SIERRA,APURIMAC,COTABAMBAS,2,1,0,0.0,-13.816130654816888,-72.39735434105837,285.9858136522889,201.95123655070125,5,Pisco,13.426573633803855,False
85b33193fffffff,1,738.1454172137406,452.7950341608682,16.84490637423298,57724.576918678766,1.2385831460520418,3.024851855891887,44.588993257873504,SIERRA,MOQUEGUA,MARISCAL NIETO,0,0,0,0.0,-16.85855920176277,-70.90377140456904,277.35038222557773,208.12870873107204,5,Pisco,15.052842383274765,False
858e64c3fffffff,1,991.8868391288772,507.2624278191935,22.334780640853047,57651.32446698776,2.805960026658728,7.496730916485337,101.0145609597142,SIERRA,PASCO,PASCO,0,0,0,0.0,-10.37120602451972,-75.8868912094097,296.6412293475622,194.34697123453492,5,Jauja,5.84176647161803,False
858f582ffffffff,1,2705.725091683331,483.5349218422241,36.68744404992256,57613.664867164574,0.7843764365561495,3.252219575087272,28.237551716021382,SIERRA,ANCASH,RECUAY,0,2,0,0.0,-9.902941913760992,-77.3111394150883,299.40302001544325,192.42846937279677,5,Otuzco,6.2849771048204275,False
858e6dd3fffffff,1,765.553377075722,527.3517721674298,27.21275696467297,57596.13054442852,6.620712966803592,17.249476698932998,238.34566680492927,SIERRA,CUSCO,LA CONVENCION,0,0,0,0.0,-13.35437611317287,-73.08450520263166,288.3558275378539,199.7397834342973,5,Pisco,14.084485589286487,False
858b6573fffffff,3,765.542914742962,527.3445651850203,27.212385065172285,57595.34341461956,1.4099281646730375,8.983494769817987,50.75741392822936,SIERRA,CUSCO,CHUMBIVILCAS,1,0,0,0.0,-14.273361242218826,-71.71140486468309,283.4722861360132,203.17803972902195,5,Pisco,16.853740065400416,False
858f42d7fffffff,3,1606.5856926202846,832.5142361474841,16.39509528270425,57350.91238933973,1.476564898587644,9.77770123339154,53.15633634915519,SELVA ALTA,AMAZONAS,RODRIGUEZ DE MENDOZA,0,6,0,0.0,-6.608250052198779,-77.43277511238833,298.0798313106856,192.40118372706493,5,Picota,10.014111287767264,False
858e6943fffffff,5,2352.8986700394294,758.6352728927013,18.397308809778156,57145.24517258474,0.4749238834677411,8.389658577439375,17.097259804838682,SIERRA,AYACUCHO,PAUCAR DEL SARA SARA,1,1,0,0.0,-15.074125552693475,-73.37572059656719,287.2637269938078,198.92955428311544,5,Pisco,9.552919088111594,False
858e6e67fffffff,3,2345.965700413315,756.3999045059379,18.343099937630548,56976.862974871256,2.2173223819434207,4.11172366803122,79.82360574996316,SIERRA,AYACUCHO,LUCANAS,1,3,0,0.0,-14.21773099065888,-74.91554599736078,292.1278831119187,195.040823792375,5,Pisco,3.446673873706459,False
858e6bd7fffffff,1,2334.8490473764496,752.8156085829288,18.25617885536952,56706.870955504106,4.193166189148678,9.540757941385236,150.9539828093524,SIERRA,AYACUCHO,LUCANAS,0,0,0,0.0,-15.10690286016571,-74.11185638723931,289.10953231072847,196.14320739364908,5,Pisco,8.928998419540221,False
858f4c13fffffff,1,3925.8705515162064,960.30713073971,11.53433149441756,56678.9180885311,7.639433867966186,17.483738785589747,275.0196192467827,SELVA BAJA,UCAYALI,CORONEL PORTILLO,0,0,0,0.0,-7.748702768717973,-74.34513269547843,292.4163208081149,193.82953021190667,5,Satipo,10.320982486766297,False
858b44dbfffffff,1,10585.914024990248,2678.4916130642605,31.854335228168,56568.69592893117,2.902578931348532,15.40394506453047,104.49284152854712,SELVA BAJA,MADRE DE DIOS,TAMBOPATA,0,0,0,0.0,-12.77719145059049,-69.3180393530999,276.78206142079154,204.37992129457345,5,Pisco,25.32360641336527,False
858f5e0bfffffff,2,650.110204814183,290.1177551305093,14.716645451707272,56443.45696253372,1.070911348273956,0.7354744690305575,38.55280853786242,COSTA,LA LIBERTAD,VIRU,0,0,0,0.0,-8.757035318138346,-78.67157576571424,301.34202931586685,187.3069518071429,5,Otuzco,2.2899918141774833,False
858f5a97fffffff,2,2638.059854758679,471.4425976262995,35.76995815993753,56172.85245968204,1.0499314703619558,1.266698340030873,37.7975329330304,COSTA,ANCASH,CASMA,0,0,0,0.0,-9.386052844720044,-78.29210229885665,300.9455671548942,186.65452689911305,5,Otuzco,3.8514770626206882,False
858f5b1bfffffff,1,554.4677713978076,279.43697118241084,11.488954852860193,56108.95167524879,0.5344163480565849,0.6448857208784683,19.23898853003705,COSTA,LIMA,BARRANCA,0,13,2,34984928.056,-10.445871178288517,-77.806536360618,300.2016396072603,186.90421460939885,5,Pisco,5.554992740277157,False
858e68d7fffffff,4,2308.242000302981,744.2368097275106,18.04813842092161,56060.66113453193,0.4681930486162702,7.666581749040792,16.854949750185728,SIERRA,AYACUCHO,VICTOR FAJARDO,0,1,0,0.0,-13.95202452649265,-74.01073137476743,290.2316422594566,193.1583362106869,5,Pisco,7.138968110473797,False
858f597bfffffff,2,552.2744445708679,278.3315929495371,11.44350760742562,55886.99960645579,1.736328010909959,5.334159584860606,62.50780839275853,SIERRA,LIMA,CAJATAMBO,0,1,0,0.0,-10.36141201830054,-76.9136369801604,298.66926535897375,187.12002234071397,5,Jauja,8.81570261156594,False
85b3352bfffffff,5,713.2331892504565,437.5133120928273,16.276394888787348,55776.38651371707,2.915117782747624,4.624599549115518,104.94424017891448,SIERRA,MOQUEGUA,GENERAL SANCHEZ CERRO,0,0,0,0.0,-16.696256970888367,-70.89116657585025,277.5843633777889,200.9349007811585,5,Pisco,15.538187588399524,False
858f444ffffffff,1,10839.295046732144,3495.604866866831,15.932308391919342,55502.73369411272,6.57229484011267,17.12217612369747,236.60261424405613,SELVA BAJA,LORETO,ALTO AMAZONAS,0,0,0,0.0,-5.6031815745039575,-76.60997060103965,295.52276425972394,187.81204159735535,5,Picota,4.883651384460791,False
858f504bfffffff,1,552.705970056999,217.65975664279085,12.448555002439525,55422.57325529257,0.976785950014732,0.2936672743547452,35.16429420053036,COSTA,LAMBAYEQUE,CHICLAYO,3,0,0,0.0,-6.933932340433231,-79.95811870446504,301.8680987573705,183.59864286235495,5,Chiclayo,0.3716285015325411,True
85b3049bfffffff,2,495.6796824084402,297.3346462903021,16.790449691494793,55297.81073715794,1.4059474036003636,3.8239806449455065,50.61410652961309,SIERRA,TACNA,TARATA,1,0,0,0.0,-17.54481231120841,-70.09150212243611,273.4952605704346,202.1892833602388,5,Pisco,17.093521253120343,False
858e63cffffffff,2,544.5318552608653,274.4295344034793,11.28307581388313,55103.49406862978,1.6456372840055211,2.846374225245161,59.24294222419877,COSTA,LIMA,CAÑETE,1,3,0,0.0,-12.86831767240412,-76.11888508357296,296.0168921740139,186.1498297071409,5,Pisco,1.9651380174254882,True
858b646bfffffff,3,2092.0741846584565,698.7392175168706,32.77638992204722,55028.54202664271,0.7338591824042036,8.285418308443438,26.418930566551325,SIERRA,PUNO,MELGAR,6,0,0,0.0,-14.668765687720992,-70.59217461916386,279.47841351048555,196.8972892590795,5,Pisco,17.66617287817826,False
858f427bfffffff,1,631.1718902278126,281.6663552400499,14.287935889610536,54799.206593314775,0.3322272299366741,12.253768112597824,11.960180277720267,SIERRA,LA LIBERTAD,BOLIVAR,1,0,0,0.0,-7.342750236352376,-77.65004816318216,299.04537196308934,183.24713147568303,5,Otuzco,11.416664115633466,False
858f4403fffffff,1,10639.74877325013,3431.252441571501,15.63900216177551,54480.95472887792,6.680303653156593,17.230184936741395,240.4909315136373,SELVA BAJA,LORETO,ALTO AMAZONAS,0,0,0,0.0,-5.399228971663922,-76.15666098332693,294.3738825916868,185.07400945092024,5,Picota,4.785325158666637,False
858b44cbfffffff,3,10194.520828802104,2579.459692823313,30.676584299153376,54477.18048193697,2.659221903135991,15.351518358764524,95.73198851289568,SELVA BAJA,MADRE DE DIOS,TAMBOPATA,0,0,0,0.0,-12.614212221234768,-69.30657360081149,276.8428600615177,196.78015344095027,5,Pisco,25.17192989475552,False
858b4e97fffffff,1,3768.16690950275,921.7312454725164,11.070993220526272,54402.10541968454,9.704605576940097,32.32363254863024,349.3658007698434,SELVA BAJA,UCAYALI,PURUS,0,0,0,0.0,-9.879568925339612,-70.80181618589995,282.77789009277905,192.3845792959106,5,Pisco,32.64733676882861,False
858f6ebbfffffff,1,10614.651170195986,3423.158621539432,15.602112054989725,54352.44216669845,3.7814902441431153,,136.13364878915215,SELVA BAJA,LORETO,REQUENA,0,0,0,0.0,-5.465092172336178,-73.86284741974488,289.09500703449044,188.0089273219926,5,Chiclayo,inf,False
858b692ffffffff,1,3759.8053743924393,919.6859305073398,11.046426766666176,54281.38754134578,1.563241421388739,,56.2766911699946,SELVA BAJA,UCAYALI,ATALAYA,0,0,0,0.0,-10.380991655736311,-73.84874119483193,291.83254182543624,186.0018324269504,5,Chiclayo,inf,False
858b7503fffffff,1,2060.7373698664164,688.2729244915897,32.28543808674863,54204.27908108831,3.965267395609909,12.460132409102751,142.74962624195672,SELVA ALTA,PUNO,SANDIA,0,0,0,0.0,-14.109844595990658,-68.84776094514436,273.98926907498003,197.8335840089224,5,Pisco,22.360095799585906,False
858e6e17fffffff,4,2230.1311940488727,719.0518693078443,17.437390222396978,54163.5708641955,2.0319866606395918,6.837317474128982,73.1515197830253,SIERRA,AYACUCHO,VICTOR FAJARDO,0,0,0,0.0,-13.649538384953422,-74.71737731751661,292.2609492524137,185.32606221509485,5,Pisco,5.744399327151768,False
858f599bfffffff,3,1324.86382851263,615.9583336802192,18.185061897592394,54120.895927810096,2.933494878542603,6.689048534904162,105.60581562753372,SIERRA,HUANUCO,DOS DE MAYO,0,2,0,0.0,-9.55455420082138,-76.54344225586354,297.965232107314,181.63493621402824,5,Jauja,8.788640840313747,False
858a68c7fffffff,1,10557.233139711248,3404.6416657832665,15.517715259349838,54058.43248788676,3.5537455017495074,,127.93483806298228,SELVA BAJA,LORETO,MARISCAL RAMON CASTILLA,0,0,0,0.0,-3.76942959396543,-71.88487331846609,281.0299985020536,192.3582278618976,5,Chiclayo,inf,False
858e6d03fffffff,4,2555.0340801722377,782.9632183291687,9.665212327378336,53956.80530936968,0.9474970968018834,10.829255286048737,34.109895484867806,SIERRA,APURIMAC,ABANCAY,0,8,0,0.0,-13.869076967382671,-72.83683270680915,287.18829235516125,187.87954365020613,5,Pisco,10.337629615713013,False
858f46b7fffffff,1,10497.369784273063,3385.3361080219443,15.42972416434742,53751.90149481048,5.423255943284018,15.97313722686882,195.23721395822463,SELVA BAJA,LORETO,ALTO AMAZONAS,0,0,0,0.0,-5.768881931927519,-76.6255113575907,295.74514014235405,181.7507515725788,5,Picota,4.883651384460791,False
858f7127fffffff,1,10488.064470437956,3382.3352025027675,15.416046602378184,53704.25352937514,9.195143513251995,19.7450247968368,331.0251664770718,SELVA BAJA,LORETO,DATEM DEL MARAÑON,0,0,0,0.0,-5.174366409234231,-76.71461028050247,295.19160238028775,181.93015348786696,5,Picota,4.785325158666637,False
858f098bfffffff,3,1245.028394307794,394.5542418483065,13.695316090927308,53544.4923942567,1.3970134666496383,2.506063309586276,50.29248479938698,COSTA,PIURA,PIURA,1,21,0,0.0,-4.638062474002726,-80.15774262270183,299.4607719501872,178.80302667209904,5,Chiclayo,4.459940131928306,False
858f7223fffffff,1,2757.130344174947,847.4071265790676,29.19165385363089,53481.67647353318,1.2490388384656268,7.454069161576257,44.96539818476256,SELVA ALTA,CAJAMARCA,SAN IGNACIO,0,0,0,0.0,-4.862557521520875,-78.86556871547586,298.26716805780154,179.30795676166713,5,Chiclayo,6.084090976200969,False
858e6463fffffff,2,633.5871150820897,311.2337365661912,18.194218665403525,53196.7580184722,1.6214924162420985,5.300637521084944,58.37372698471554,SIERRA,JUNIN,JUNIN,0,13,0,0.0,-11.133453842435756,-75.81050476752513,296.32311101794886,179.52281155434403,5,Jauja,2.5974748634544085,False
858b6153fffffff,4,707.0488650811494,487.0509139856273,25.133125270895427,53194.564812788885,3.037333008869564,12.230839636499148,109.34398831930427,SIERRA,CUSCO,PAUCARTAMBO,0,1,0,0.0,-13.471486328283994,-71.36060397718464,283.16331520704614,187.8582498368249,5,Pisco,16.988717416368672,False
858e6053fffffff,1,525.2226265699863,264.6981980488969,10.88297527041277,53149.51110444131,2.1306312309891053,2.870601858545108,76.7027243156078,SIERRA,LIMA,HUAROCHIRI,0,0,0,0.0,-11.774041966396323,-76.16389334054473,296.80050202346195,179.0748692879228,5,Jauja,2.783701525084325,False
85b33413fffffff,1,298.6968001347233,238.58353392204208,10.228374953864073,53023.96472551356,1.4718665342241808,5.569424030830949,52.987195232070505,SIERRA,AREQUIPA,CAYLLOMA,2,1,0,0.0,-15.493024233296282,-71.95364495697838,282.6939135273818,187.5667009023795,5,Pisco,13.906852473637628,False
858f5027fffffff,4,2732.718035441805,839.903975906333,28.93318378607987,53008.13658435228,2.010772604858312,3.872204672885204,72.38781377489924,SIERRA,CAJAMARCA,CONTUMAZA,2,1,0,0.0,-7.291861981148653,-78.96508062451055,300.9688643886252,176.1249845296478,5,Chiclayo,3.13465891173837,False
858f5dcbfffffff,1,1295.21498466991,602.1739340642908,17.778102292485496,52909.7359901181,0.6998179250450485,7.575536942927597,25.193445301621743,SIERRA,HUANUCO,MARAÑON,0,0,0,0.0,-8.5959574588334,-76.89228819539295,298.393444228359,177.3153432607807,5,Picota,6.503013287394424,False
858e6c0ffffffff,9,2371.755112968985,740.2802921515106,12.375534750647038,52758.97638135312,2.03302363591116,8.523123473177655,73.18885089280175,SIERRA,APURIMAC,CHINCHEROS,4,0,0,0.0,-13.384346195389044,-73.81533003791995,290.2791636461197,181.75254371916188,5,Pisco,7.6667672857729485,False
858f4667fffffff,4,1475.4264600213282,764.5490296587334,15.056624433907457,52668.87040901593,1.2836897557600269,9.780369443009825,46.21283120736098,SELVA ALTA,AMAZONAS,RODRIGUEZ DE MENDOZA,0,0,0,0.0,-6.373642514862383,-77.26440202142203,297.5647125831979,176.9997186554502,5,Picota,8.499818924311512,False
858b6293fffffff,2,2000.2877448748757,668.0831415596459,31.338377751176573,52614.251942598064,3.276754996468693,9.950818244110792,117.96317987287291,SIERRA,PUNO,CARABAYA,1,0,0,0.0,-14.04845253206094,-69.97533384101563,278.06352308943303,189.21666300572565,5,Pisco,19.359453718267105,False
858f44dbfffffff,1,10274.467772724807,3313.451603260041,15.102088135080308,52610.5292068982,10.313464401581976,20.86334568516678,371.2847184569512,SELVA BAJA,LORETO,DATEM DEL MARAÑON,0,0,0,0.0,-4.941247976384386,-76.54797463519175,294.5610990856392,178.60650768281687,5,Picota,4.785325158666637,False
858e686bfffffff,2,2155.1746615249144,694.8839481684903,16.851305282270623,52343.0889697089,1.2910697803805276,6.004194073921145,46.478512093699,SIERRA,AYACUCHO,LUCANAS,0,1,0,0.0,-14.84939955393389,-74.23615436288696,289.753495635036,180.6469628778475,5,Pisco,5.591600968999046,False
858e602ffffffff,1,623.1420986502178,306.1028849197439,17.89427741280942,52319.78151690105,1.941647629386261,7.232543736482944,69.89931465790539,SIERRA,JUNIN,HUANCAYO,0,5,0,0.0,-12.418399129234166,-75.48783511105958,295.0112292251837,177.3484407841475,5,Jauja,4.210006152567075,False
858b40cffffffff,3,9788.815843528382,2476.806544699429,29.45576741228469,52309.1861174804,3.1165179760382222,17.851663486369237,112.19464713737598,SELVA BAJA,MADRE DE DIOS,TAHUAMANU,0,0,0,0.0,-11.382038269471376,-69.36060136388838,277.59454393376336,188.4373711968988,5,Pisco,27.842533810317036,False
858e629bfffffff,3,513.6466019350379,258.86419032259005,10.643112051543913,51978.08394430831,2.06158422525404,2.4020447725243588,74.21703210914542,COSTA,LIMA,LIMA,14,130,11,34665840.4352,-11.889229305053858,-76.76468424400512,297.9117776062956,174.47475343858272,5,Pisco,3.224148264314863,False
858b4cdbfffffff,1,3596.704484986998,879.7898246447703,10.567231209718903,51926.65326535002,8.152217156546087,30.771244128236223,293.4798176356591,SELVA BAJA,UCAYALI,PURUS,0,0,0,0.0,-10.350519427277328,-71.12080818556514,283.8311152173693,182.949121788788,5,Pisco,32.64733676882861,False
858e6b0bfffffff,1,292.31178180125386,233.48351196844544,10.009730624321325,51890.51104695746,2.0175785642824,5.59066124645979,72.63282831416637,COSTA,AREQUIPA,CARAVELI,0,0,0,0.0,-15.600835935857154,-74.15544000273078,288.5222300031717,179.84926515501778,5,Pisco,6.914469428042139,False
85b320dbfffffff,1,1971.6726549765929,658.5258870075254,30.890067002428594,51861.57945678903,1.903741919018465,7.692038344799666,68.53470908466474,SIERRA,PUNO,EL COLLAO,0,0,0,0.0,-15.95345171554807,-69.40237610892535,273.7603153074497,189.44155363988853,5,Pisco,17.999769959440528,False
858f48bbfffffff,1,3590.846410010087,878.3568810214604,10.550020000684835,51842.07855830967,3.185576582797914,17.308716358652987,114.68075698072492,SELVA BAJA,UCAYALI,CORONEL PORTILLO,0,0,0,0.0,-8.93466530269338,-74.15876880684235,292.4829507646898,177.2482068536637,5,Satipo,11.666953915177146,False
858e6e8ffffffff,3,2118.643992966013,683.1055175611616,16.565672076275177,51455.86248703086,2.183542159434187,5.460942347836607,78.60751773963072,SIERRA,AYACUCHO,CANGALLO,0,1,0,0.0,-13.483939500747004,-74.70258539778786,292.383015315985,175.98786451881048,5,Pisco,4.315156781209225,False
858e61d3fffffff,3,1282.9579587736062,419.8825518779333,14.27208668311634,51133.74410202483,1.0912367808231849,6.201728732512119,39.28452410963465,SIERRA,HUANCAVELICA,TAYACAJA,0,0,0,0.0,-12.039196882259516,-75.01325293046656,294.17191142504987,173.8226598668747,5,Jauja,1.318755051048356,True
858a68dbfffffff,1,9964.014927912403,3213.3325022871354,14.645764135837288,51020.8518804749,5.225155753963104,,188.1056071426717,SELVA BAJA,LORETO,MARISCAL RAMON CASTILLA,0,0,0,0.0,-3.960374502645271,-71.61944784846752,280.5112116022522,181.88525010836057,5,Chiclayo,inf,False
858b4697fffffff,1,9531.755354235242,2411.7640398201675,28.68224034787344,50935.51383752067,2.744653739456801,16.592401437036937,98.80753462044484,SELVA BAJA,MADRE DE DIOS,TAMBOPATA,0,0,0,0.0,-12.305457199738935,-69.00401292897597,275.91305375783287,184.60711859695644,5,Pisco,25.7418324512455,False
858f56cffffffff,1,1184.1929096740466,375.2752449781287,13.026125576547804,50928.16238992484,0.9366922432872178,2.6293388942749005,33.720920758339844,COSTA,PIURA,SECHURA,0,0,0,0.0,-5.937549164415386,-80.58868887436675,301.52111087484485,168.90413491168138,5,Chiclayo,2.064152859406022,False
858f580bfffffff,4,2391.0174539055515,427.294125796918,32.42026299426236,50912.51831321599,1.2916555667654794,3.584202920098363,46.49960040355726,SIERRA,ANCASH,CARHUAZ,0,0,0,0.0,-9.443304859286387,-77.70813661684276,300.03931395468896,169.68615759768284,5,Otuzco,5.176415822323179,False
858f418bfffffff,1,9933.743363430243,3203.570112050935,14.601269000428914,50865.8459898968,0.6487857622918554,,23.3562874425068,SELVA BAJA,LORETO,UCAYALI,0,0,0,0.0,-6.907381503816026,-75.28164805483799,294.04486285060347,172.98668474184635,5,Chiclayo,inf,False
858e63c7fffffff,2,499.5554940087584,251.76264768540955,10.351134571259212,50552.14481047346,1.0869841504057436,3.288943176407497,39.13142941460677,COSTA,LIMA,CAÑETE,1,3,0,0.0,-12.79745081505584,-75.96465543961982,295.75645484116137,170.92490792000785,5,Pisco,2.6373970866188756,False
858f58bbfffffff,1,2373.9624881421487,424.2462657010136,32.18901145132423,50549.36276395715,1.703519018598451,5.604899502575999,61.32668466954424,SIERRA,ANCASH,HUARI,0,0,0,0.0,-9.235141351432206,-77.24671003294534,299.218338508343,168.93805044154306,5,Otuzco,9.086096335857292,False
858a69affffffff,1,9849.170868746014,3176.2960114063194,14.476958788281925,50432.79156799316,5.628710773372671,,202.63358784141616,SELVA BAJA,LORETO,MAYNAS,0,3,0,0.0,-2.714121618298942,-73.34802012755884,283.40904183932247,177.9505383479819,5,Chiclayo,inf,False
858f0d4bfffffff,1,299.7317289215377,245.6316816058066,7.43662088964454,50377.105397820495,0.5757226700626864,2.358074085729226,20.72601612225671,COSTA,TUMBES,CONTRALMIRANTE VILLAR,0,4,0,0.0,-3.9107048173343046,-80.66575483645747,298.80733531254947,168.59393811442598,5,Chiclayo,7.573700767636183,False
858f5ea7fffffff,2,2364.6572616585063,422.5833465913368,32.0628401055952,50351.22430495794,1.9402926425641345,3.25659059973526,69.85053513230883,COSTA,ANCASH,CORONGO,0,0,0,0.0,-8.746471253891396,-77.93409306493776,300.2403101464379,167.7030785120088,5,Otuzco,4.328058682003757,False
858a682bfffffff,1,9781.800864984418,3154.569606505027,14.37793392811649,50087.82269671231,2.102507404109266,,75.69026654793359,SELVA BAJA,LORETO,MARISCAL RAMON CASTILLA,0,0,0,0.0,-3.0913498956763754,-72.11204521307472,280.5561099407842,178.5305003953902,5,Chiclayo,inf,False
85b3204bfffffff,1,1900.5592285448995,634.7744635139377,29.775937584595106,49991.05870577948,0.7422657447378938,6.609026249559976,26.721566810564177,SIERRA,PUNO,EL COLLAO,0,4,0,0.0,-16.51330348679334,-69.58539057692083,273.5515489052364,182.74822023799743,5,Pisco,18.634868623297734,False
858f4b97fffffff,1,3459.8704485240974,846.3188532464719,10.165208495120542,49951.14107190581,3.8075855978514,,137.0730815226504,SELVA BAJA,UCAYALI,ATALAYA,0,0,0,0.0,-9.763770682588763,-74.23024063401888,292.8164804310479,170.58855771496866,5,Chiclayo,inf,False
858f4643fffffff,2,1397.2362003756248,724.0317360079047,14.258698271014834,49877.682393811614,1.595196723429562,8.145137068920697,57.42708204346423,SIERRA,AMAZONAS,BONGARA,0,0,0,0.0,-5.913475532656034,-77.65714367813047,297.7591384952257,167.5101649134149,5,Picota,6.026390274127152,False
858b6267fffffff,1,9304.62878213393,2354.2955380884096,27.99878817266588,49721.801543594185,5.429163937837442,14.160562029814342,195.449901762148,SELVA BAJA,MADRE DE DIOS,TAMBOPATA,0,0,0,0.0,-12.996357784587152,-69.75715137735925,278.19630004895765,178.72919781767055,5,Pisco,23.126292957616897,False
858e6e4ffffffff,2,1471.3080880800858,447.79820676389824,12.748406034185969,49567.44872780185,2.524194950582533,4.154559917309737,90.87101822097118,SIERRA,HUANCAVELICA,HUAYTARA,0,0,0,0.0,-13.935637120754814,-75.33216275578417,293.37377376627364,168.95664561785767,5,Pisco,3.563260670784075,False
858e69cffffffff,1,2040.3417516638087,657.8588535399645,15.953427047588812,49554.12280152952,2.488960227953541,9.930337022677731,89.60256820632749,SIERRA,AYACUCHO,PARINACOCHAS,0,0,0,0.0,-14.837084529714714,-73.20936690960926,287.1236603666925,172.58808535055164,5,Pisco,9.390090812206836,False
858f424ffffffff,1,570.6399672762293,254.65341886341545,12.917665369332926,49543.74226945656,2.830385880668756,8.528070871484047,101.89389170407522,SIERRA,LA LIBERTAD,BOLIVAR,0,0,0,0.0,-7.244701370888675,-77.7868431611463,299.19911177025904,165.58786547300608,5,Otuzco,9.716794883148395,False
858e63dbfffffff,2,487.3067615793018,245.5896131692961,10.097332382663064,49312.64348790812,3.3660647240517427,4.329092789634543,121.17833006586277,SIERRA,LIMA,YAUYOS,0,0,0,0.0,-12.6064047760089,-76.24194843309849,296.45937778935905,166.33861898929655,5,Pisco,4.808589245250914,False
85b30483fffffff,1,439.7437224136292,263.78132653518435,14.895697988792463,49057.619260748885,1.812991484741991,4.23102472608713,65.26769345071168,COSTA,TACNA,TACNA,0,0,0,0.0,-17.631373842621844,-69.95427337141032,272.8773607359802,179.77900082452828,5,Pisco,16.87806622487733,False
858e686ffffffff,1,2013.1261887460987,649.0838534671141,15.740628629278405,48893.13385404697,2.807685132458339,8.155276884694917,101.0766647685002,SIERRA,AYACUCHO,LUCANAS,0,0,0,0.0,-14.942112324445697,-74.0973611945365,289.29120094195264,169.01009672899647,5,Pisco,8.042193697290713,False
85b32667fffffff,1,1854.024281216441,619.2320927309513,29.04687759722736,48767.03408774724,1.269725597029352,6.316003438227255,45.71012149305667,SIERRA,PUNO,PUNO,0,0,0,0.0,-16.250993924186655,-69.99487767308791,275.35967418681327,177.10303526384203,5,Pisco,17.625990415079286,False
858b6577fffffff,3,647.9703443801019,446.35464966016025,23.033089566251167,48749.8137443958,1.6179872845982228,9.242589735456288,58.24754224553602,SIERRA,CUSCO,PARURO,0,0,0,0.0,-14.182286643325048,-71.84848935693361,283.9861380148446,171.66265256879382,5,Pisco,15.11749310574487,False
858e68bbfffffff,4,2096.806638545447,664.991868306337,13.599322012193678,48730.30859330606,1.3236032778858768,8.421183773608366,47.64971800389157,SIERRA,APURIMAC,ANDAHUAYLAS,1,1,0,0.0,-14.230806894670206,-73.59596475884594,288.8663942714267,168.6949730383581,5,Pisco,8.39023713986353,False
858f4bb3fffffff,1,3361.916644923472,822.3583749662014,9.877417130875909,48536.95394120795,2.6801116442133184,,96.48401919167948,SELVA BAJA,UCAYALI,ATALAYA,0,0,0,0.0,-10.02499070874984,-74.10789814118685,292.5162752324931,165.92907147689672,5,Chiclayo,inf,False
85b330b7fffffff,1,272.5029276997496,217.6612252470899,9.331409373256069,48374.089107863154,1.669083258762994,2.861868535926499,60.08699731546778,SIERRA,AREQUIPA,AREQUIPA,0,0,0,0.0,-16.66704394344836,-71.46764785566273,279.4269400135925,173.11891654222757,5,Pisco,12.349673149999944,False
858e607bfffffff,2,477.7713077022325,240.78399869049517,9.899751198063283,48347.71036034102,4.706154996624226,5.045386679079382,169.42157987847213,SIERRA,LIMA,YAUYOS,0,0,0,0.0,-12.202855348748333,-76.05664459900626,296.3495991579408,163.1441732930231,5,Jauja,3.4761867682100274,False
858b6613fffffff,1,1833.9803598344315,612.5375529076794,28.7328507870878,48239.81197572223,1.655622897418913,8.041608499632366,59.60242430708088,SIERRA,PUNO,AZANGARO,1,5,0,0.0,-14.789233296298717,-69.88722918218981,276.9645241399255,174.17325242474357,5,Pisco,17.534396142733385,False
858f4467fffffff,1,9401.849869093838,3032.037786430028,13.81945697788617,48142.27929644428,2.581341633377495,13.131222916962283,92.92829880158982,SELVA BAJA,LORETO,ALTO AMAZONAS,2,65,0,0.0,-5.895819201321464,-76.20252332016373,295.0487918151948,163.16717991036012,5,Picota,3.2008208245561036,False
858e6c13fffffff,3,1967.9465818606732,634.5167818651162,15.387369396163352,47795.84915362876,1.271309103242762,9.136976012261806,45.76712771673943,SIERRA,AYACUCHO,LA MAR,1,0,0,0.0,-13.053689735776546,-73.78686906804278,290.48401948893974,164.53865254865974,5,Jauja,9.130785301204014,False
858f5863fffffff,4,2243.0009691594896,400.8423847818983,30.413279166053503,47760.76717146568,1.2309781033757878,3.947952349932812,44.31521172152837,SIERRA,ANCASH,AIJA,0,0,0,0.0,-9.777452814667171,-77.74086553682838,300.12432342780323,159.13660920906608,5,Otuzco,6.97056166697439,False
85b33053fffffff,1,268.69422362080803,214.61902968822443,9.200986638930978,47697.97677374833,1.8915693096985784,1.3736226422125783,68.09649514914882,COSTA,AREQUIPA,CAMANA,0,0,0,0.0,-16.693351531075713,-72.48878791823597,282.3793712794728,168.9145228903471,5,Pisco,9.467371237662519,False
858f489bfffffff,1,3302.796805000254,807.8970718994128,9.703721176660622,47683.42387177634,1.2317190687098756,14.916193860356795,44.34188647355552,SELVA BAJA,UCAYALI,CORONEL PORTILLO,0,0,0,0.0,-8.57720659598126,-74.41689528624599,293.0094755021216,162.73679815324292,5,Satipo,11.538426720915595,False
858f0b97fffffff,1,1106.2523677983352,350.57559029586355,12.168779380937956,47576.201285464624,0.7535721592452465,0.7372322165353499,27.128597732828872,COSTA,PIURA,PAITA,9,5,0,0.0,-4.973760644511516,-80.92617581193537,300.6197212101014,158.26041316901458,5,Chiclayo,4.098561311526282,False
858b6557fffffff,1,632.1766442704649,435.4751525652448,22.47167851964564,47561.58044736701,0.9715701831119916,7.6213496831753265,34.976526592031696,SIERRA,CUSCO,CANAS,0,0,0,0.0,-14.528085458715,-71.5873076966294,282.80939202428675,168.17539229136554,5,Pisco,17.52481945240106,False
858f5d53fffffff,1,1163.988434584527,541.1638246586012,15.976888549191388,47549.110764120494,1.0443974557833535,8.328948775804436,37.59830840820074,SIERRA,HUANUCO,MARAÑON,0,0,0,0.0,-8.762694121436281,-76.90813438367192,298.4815075940964,159.3033724179064,5,Picota,6.642267911709496,False
858f60affffffff,1,9280.589229131088,2992.9319883697594,13.641220118075765,47521.36280894085,7.038039645616206,,253.36942724218343,SELVA BAJA,LORETO,LORETO,0,0,0,0.0,-3.900242595741157,-74.5852017977703,288.70328384904747,164.60277893405626,5,Chiclayo,inf,False
858e630bfffffff,1,279.34614230231887,184.6639370899709,6.45598919915002,47492.49993118614,1.3855190931862005,3.4299982331778014,49.87868735470322,SIERRA,ICA,CHINCHA,1,0,0,0.0,-13.12990592385782,-75.99569041789988,295.5529005873936,160.69035301902858,5,Pisco,3.183779166516615,False
858e6ca3fffffff,2,716.9896786062916,444.5348079214458,21.75110191043631,47078.93819559049,8.203921127049469,17.78171819604675,295.3411605737808,SIERRA,AYACUCHO,LA CONVENCION,0,0,0,0.0,-13.168453657597738,-73.35965832259947,289.2621211774474,162.75528231610383,5,Pisco,17.287732950055215,False
858b60d7fffffff,3,1789.5645099807923,597.7029469459671,28.036990561768093,47071.52670255011,1.1433123373598355,8.783569809235468,41.15924414495409,SIERRA,PUNO,MELGAR,8,9,0,0.0,-14.415673682425448,-70.71620364841193,280.16968596949863,168.01077725330595,5,Pisco,17.860193591923235,False
858b6687fffffff,1,1783.892586986046,595.8085614293216,27.948128913817506,46922.33617423277,0.9932118727095648,7.590651420059152,35.75562741754433,SIERRA,PUNO,AZANGARO,8,0,0,0.0,-14.936839251233565,-70.18328704831339,277.7982858089544,168.90793993776435,5,Pisco,17.185048618715882,False
85b32677fffffff,1,1780.6573378654014,594.7280091928815,27.8974424766678,46837.23831130439,0.5804350957840027,6.09123839942412,20.89566344822409,SIERRA,PUNO,PUNO,0,0,0,0.0,-16.088870366942842,-69.98286188930852,275.56404124507094,169.9686145539215,5,Pisco,17.003141514680465,False
85b334b3fffffff,1,261.6977561823965,209.0306138576101,8.961404252108297,46455.9800650785,1.538264919553067,4.956583504582055,55.37753710391041,SIERRA,AREQUIPA,CAYLLOMA,0,0,0,0.0,-15.436381096806148,-71.51473055533768,281.4461804630997,165.06168244542695,5,Pisco,14.36951301699628,False
858b444bfffffff,1,8684.675349284646,2197.432364397677,26.13327099302367,46408.91262817712,1.4535485550572185,16.178336754766573,52.32774798205986,SELVA BAJA,MADRE DE DIOS,TAMBOPATA,0,19,4,55918631.028,-12.215392800530925,-69.1380926357846,276.4514366471746,167.8736532934253,5,Pisco,26.086160885161007,False
858f55a7fffffff,4,1299.2840198986646,673.2740421710091,13.259103080141957,46381.04542842401,1.8129090003797,8.907319186727424,65.2647240136692,SELVA ALTA,AMAZONAS,CHACHAPOYAS,0,0,0,0.0,-6.4121803535859305,-77.70565070102627,298.3551693142505,155.45581306678133,5,Picota,7.6926974048756165,False
858f09d7fffffff,1,1074.8483160207616,340.62352663473365,11.823334716706954,46225.61842386811,2.8955986646033103,3.791772701917008,104.24155192571916,COSTA,PIURA,SULLANA,0,0,0,0.0,-4.539148274113911,-80.29366809682884,299.44922007803456,154.3688055417944,5,Chiclayo,5.581522861437406,False
858f5b07fffffff,1,2167.7857189849287,387.4008122340113,29.393421202300296,46159.190488831926,0.9984009033388844,1.3740281541015382,35.94243252019984,COSTA,ANCASH,OCROS,0,0,0,0.0,-10.640678591583914,-77.5302376667376,299.7151011713098,154.01022607282127,5,Pisco,5.683952011402653,False
858b64affffffff,1,612.9599869898685,422.237749954905,21.78859326405208,46115.82220959583,1.6948852494692337,6.648698767448803,61.01586898089241,SIERRA,CUSCO,ESPINAR,0,0,0,0.0,-15.03611606306993,-71.33884714162905,281.4288190437808,163.8631834731246,5,Pisco,16.26170157632623,False
858e694bfffffff,3,1897.709315101388,611.8704738393333,14.83818438323473,46089.984859377466,1.6736303916996913,7.348184208855937,60.25069410118888,SIERRA,AYACUCHO,PAUCAR DEL SARA SARA,1,0,0,0.0,-15.146661493658764,-73.52833576384401,287.56939529199644,160.27430461637942,5,Pisco,8.335363787167807,False
858b6c53fffffff,1,607.045255412512,418.16338457083714,21.5783451510587,45670.829525524656,1.603300534771753,12.907817338533912,57.71881925178311,SELVA ALTA,CUSCO,CALCA,0,0,0,0.0,-12.828443922905764,-72.31719477073831,286.5860018741556,159.36168977848206,5,Jauja,12.35367830690302,False
858f429bfffffff,3,1276.2493484305323,661.3377402293904,13.024035859476076,45558.76782981583,1.5911038653474012,9.922245983655149,57.27973915250644,SELVA ALTA,AMAZONAS,RODRIGUEZ DE MENDOZA,0,0,0,0.0,-6.53987870741074,-77.28035339422836,297.75150996132857,153.00935950159553,5,Picota,9.061389009867526,False
858f5b13fffffff,1,449.8396867149491,226.707206545796,9.32098873603397,45521.190852749234,0.8026609183231321,0.9131302911450156,28.89579305963276,COSTA,LIMA,BARRANCA,0,0,0,0.0,-10.376254938888858,-77.65202307711435,299.9582059782043,151.75844482833355,5,Pisco,6.082858522657261,False
858e6e23fffffff,1,1874.0659321848489,604.2472368171055,14.653316831409342,45515.75404753708,0.9182268696844056,6.750871256525605,33.0561673086386,SIERRA,AYACUCHO,HUANCA SANCOS,0,0,0,0.0,-14.074284931281564,-74.6083539882397,291.56715990424306,156.1072723776074,5,Pisco,4.378945176937123,False
858b6c13fffffff,2,604.4496779456813,416.3754199194897,21.486081409688172,45475.55219660893,3.0679841097976883,13.2072952218237,110.44742795271677,SELVA ALTA,CUSCO,LA CONVENCION,2,0,0,0.0,-12.88017113544942,-72.75505822511,287.814320444488,158.0030907648322,5,Jauja,11.56665447213527,False
85b3308ffffffff,2,256.04808994301834,204.51795307161265,8.767940831561162,45453.064388537605,0.8965577941731385,1.0577275280853446,32.276080590232986,COSTA,AREQUIPA,AREQUIPA,11,142,1,179407.80000000002,-16.562528970324802,-71.89492511047936,280.8845770788181,161.82114682566984,5,Pisco,11.247142463014825,False
858f552ffffffff,4,2144.6583320646696,706.8059851901625,22.620494266490788,45284.455515400965,1.929432981705827,6.550911467986714,69.45958734140977,SIERRA,CAJAMARCA,CELENDIN,0,1,0,0.0,-6.8817511279884,-78.04397199889611,299.3221984862333,151.29000035553238,5,Otuzco,6.003495525830658,False
858f5867fffffff,3,2125.434511086852,379.8323094087002,28.819173073773424,45257.39588077682,1.7452691652847652,3.997855054392201,62.82968995025155,SIERRA,ANCASH,AIJA,0,100,8,38060443.824,-9.875049990008074,-77.60301858638576,299.90029407947685,150.90814105298315,5,Otuzco,7.4554605127559626,False
858f515bfffffff,2,2327.194537073512,715.2658704795838,24.63962486207366,45141.95913359471,0.6653378654647357,2.925144033411806,23.952163156730485,COSTA,CAJAMARCA,CONTUMAZA,0,1,0,0.0,-7.458834216875045,-78.98203580799336,301.10871093635456,149.9191404765981,5,Otuzco,3.8602391174135846,False
85b33693fffffff,1,253.9411439472679,202.8350337325963,8.695791971438265,45079.04421119777,1.4758824029580522,5.120821552320248,53.13176650648988,SIERRA,AREQUIPA,CONDESUYOS,0,0,0,0.0,-15.604177219718984,-72.83596689657888,285.0681657426061,158.1342627078906,5,Pisco,12.863623026090863,False
858e6e0ffffffff,2,1337.6601748247044,407.1219565764941,11.59039033536346,45064.93416845604,4.183577154062283,5.408034794576918,150.60877754624218,SIERRA,HUANCAVELICA,HUAYTARA,0,1,0,0.0,-13.886722077182432,-74.88568895390624,292.4163208081115,154.11223985007462,5,Pisco,5.130766291349573,False
858f5d47fffffff,3,1101.992802062532,512.3406915321049,15.125937386868124,45016.57941750771,0.6614454571872017,7.852751818638551,23.812036458739254,SIERRA,HUANUCO,HUACAYBAMBA,0,0,0,0.0,-9.02678711291645,-76.78670430294707,298.3322082932267,150.89413132778986,5,Jauja,10.544689694055705,False
858e688ffffffff,2,1852.79086836572,597.3876070116434,14.486967160676734,44999.042999378704,0.9677715236347736,9.669833192205818,34.839774850851846,SIERRA,AYACUCHO,SUCRE,1,0,0,0.0,-14.138055874664326,-73.7341877432722,289.3275574999318,155.52975108286844,5,Pisco,9.39453688622416,False
858f5bc3fffffff,1,2109.653262745199,377.0120729009675,28.605192108984383,44921.36190750431,1.9554532006655367,2.1277635726328006,70.39631522395935,COSTA,ANCASH,HUARMEY,0,0,0,0.0,-10.1811533699987,-77.92814672864174,300.4221729397584,149.52745154570226,5,Otuzco,4.9499315716311685,False
858e6b8ffffffff,2,1844.9060920974955,594.8453515919307,14.42531611477763,44807.54411389074,1.3718293962283097,7.560958299587053,49.38585826421915,SIERRA,AYACUCHO,PARINACOCHAS,0,1,0,0.0,-15.291575893220877,-73.8341994001318,288.16068951575727,155.4949920101457,5,Pisco,8.130787705571493,False
858e687bfffffff,3,1844.3630205935967,594.6702513193155,14.42106984004841,44794.35444506578,0.9480394119394786,5.644204064616343,34.129418829821226,SIERRA,AYACUCHO,LUCANAS,1,0,0,0.0,-14.684443222689572,-74.2215959974528,289.9248933084561,154.50330578343366,5,Pisco,5.3982027619804285,False
858b66dbfffffff,1,1700.5750419148137,567.981041413341,26.64279836453381,44730.80632116615,0.3821624477012712,7.654102907154676,13.757848117245764,SIERRA,PUNO,HUANCANE,0,0,0,0.0,-15.055003229116528,-69.47993743122126,275.22914562270546,162.52205492250022,5,Pisco,17.772598205692702,False
858f5e07fffffff,1,2084.273964155194,372.476587312336,28.26106934503137,44380.95430732992,0.8836696291808485,1.6855551929000987,31.812106650510543,COSTA,ANCASH,SANTA,0,0,0,0.0,-8.786406795098326,-78.3797010794792,300.93391966509506,147.47740752096286,5,Otuzco,3.105332221239223,False
858e690bfffffff,1,1826.508053362209,588.9133489458497,14.281461895972004,44360.70785714492,1.7879826607171585,9.423819275608151,64.3673757858177,SIERRA,AYACUCHO,PAUCAR DEL SARA SARA,0,1,0,0.0,-15.09325675754349,-73.08500395747214,286.45721348698544,154.8598037282812,5,Pisco,11.186967661762537,False
858b6503fffffff,4,589.2648263437148,405.9153283802366,20.946312807572703,44333.125396134994,0.5222658124664699,7.735811489467726,18.80156924879292,SIERRA,CUSCO,CHUMBIVILCAS,0,1,0,0.0,-14.510338465415616,-71.87468883117546,283.70438325865183,156.26521129818678,5,Pisco,15.501289676494707,False
858e6143fffffff,1,1311.2263649229296,399.076726099036,11.361349970270348,44174.39565541325,2.614927967948073,7.223382908977184,94.13740684613065,SIERRA,HUANCAVELICA,HUANCAVELICA,0,0,0,0.0,-12.608507128226051,-75.21125847889644,294.26912796219915,150.11563041396496,5,Jauja,3.08261922802194,False
858e6eaffffffff,2,1817.7444584035188,586.0877396930315,14.212939368932563,44147.864954522505,1.1716689844695547,5.94155837960152,42.18008344090397,SIERRA,AYACUCHO,HUANCA SANCOS,0,4,0,0.0,-13.83710874408584,-74.44040166066466,291.41253947017617,151.49610594927984,5,Pisco,5.9155968840750575,False
858e6d2bfffffff,4,2077.951349096368,636.7662523351761,7.860498280956305,43881.84770434712,1.6681513464927948,12.727584698336116,60.053448473740616,SIERRA,APURIMAC,GRAU,0,0,0,0.0,-14.29031191103368,-72.72646309874837,286.43575813372803,153.1996144275396,5,Pisco,12.802829013371593,False
85b33467fffffff,1,246.97709123662528,197.2725091077088,8.457319573036948,43842.801689988366,2.2305100146866463,2.424942976978335,80.29836052871927,COSTA,AREQUIPA,AREQUIPA,1,0,0,0.0,-16.146710582638157,-72.0065823875306,281.8842782193825,155.53475336381393,5,Pisco,10.769892991362212,False
858e6847fffffff,1,1801.8861030913447,580.9745965462088,14.088942928453314,43762.71041561798,1.9674034868668395,6.6550883191118375,70.82652552720621,SIERRA,AYACUCHO,LUCANAS,1,2,0,0.0,-14.519422312361726,-74.20705397628147,290.0891558679173,150.85951863551875,5,Pisco,5.533374551976522,False
858e61bbfffffff,3,1587.572671582015,501.938182849637,12.878191149303698,43727.09999043695,2.1393533292389058,10.0185655134579,77.0167198526006,SIERRA,HUANCAVELICA,CHURCAMPA,2,0,0,0.0,-12.41813368939896,-74.4616294513366,292.6385191051057,149.42359647033234,5,Jauja,5.623551244512782,False
858e6d0bfffffff,6,2063.5832840268504,632.3633104897845,7.806146599032317,43578.42518030156,1.177395918817174,10.507997546676666,42.38625307741825,SIERRA,APURIMAC,ABANCAY,0,10,0,0.0,-13.94149813986296,-72.9882296477327,287.5370047586903,151.55762374611186,5,Pisco,10.094170629721702,False
858f41abfffffff,1,8479.875875759644,2734.7069393289253,12.4642789955728,43421.30096673704,3.443877852587832,,123.97960269316197,SELVA BAJA,LORETO,UCAYALI,0,0,0,0.0,-7.266630735361134,-75.02457250824293,293.7350986795991,147.82469361654395,5,Chiclayo,inf,False
85b3319bfffffff,1,553.3464609471566,339.43518965831663,12.62768705162735,43272.89664439337,2.203365980772986,3.989634690612832,79.3211753078275,COSTA,MOQUEGUA,MARISCAL NIETO,0,0,0,0.0,-16.932659736376202,-71.05411051875483,277.69638372924305,155.82808844419415,5,Pisco,15.052450524877713,False
858f0d5bfffffff,1,257.16412785703955,210.7473152792276,6.380479411272161,43222.59915627421,1.3128417864087103,1.6999263137380307,47.26230431071357,COSTA,TUMBES,CONTRALMIRANTE VILLAR,1,3,0,0.0,-3.745073620587175,-80.64806631383827,298.51597896382526,144.79157633806935,5,Chiclayo,7.197215216176119,False
858f5cabfffffff,1,494.1470090482836,220.51772131544905,11.1860824200779,42902.51903729702,2.744272782853208,9.039665021764687,98.79382018271548,SELVA ALTA,LA LIBERTAD,PATAZ,0,0,0,0.0,-8.234162720784536,-77.15058832573118,298.7114421173984,143.62529514499025,5,Otuzco,8.117403458738409,False
85b3048bfffffff,1,383.2761039952251,229.9090901995882,12.982937107317625,42758.11620081512,0.6771364449451098,3.095169686290255,24.376912018023955,SIERRA,TACNA,TARATA,0,0,0,0.0,-17.70610555735739,-70.10364279359457,273.23393847381794,156.4890380735493,5,Pisco,15.986224030903031,False
858b6547fffffff,2,568.1197792944968,391.3495536506375,20.194680010190336,42742.28545383481,1.1789359711865102,8.32751341218577,42.441694962714365,SIERRA,CUSCO,CANAS,0,5,0,0.0,-14.364246972466638,-71.57437615210323,282.9529748660722,151.05791156309866,5,Pisco,16.810348300403348,False
858b662bfffffff,1,1609.8001021660436,537.6627999115218,25.220633298794635,42343.12206811149,4.503089343035331,11.1771525906774,162.1112163492719,SIERRA,PUNO,CARABAYA,1,0,0,0.0,-14.211476202468882,-69.98726649757437,277.94105345966267,152.34569179704397,5,Pisco,19.494835345050888,False
858b7517fffffff,2,1609.7997961375722,537.6626976999959,25.220628504266514,42343.11401854006,3.258266268362732,11.753131281855582,117.29758566105836,SELVA ALTA,PUNO,SANDIA,0,0,0,0.0,-14.183678331314628,-68.99378864788726,274.45146495967253,154.28270359118648,5,Pisco,21.32655201849957,False
858b63b7fffffff,1,561.917871368694,387.0773667157637,19.9742237779328,42275.68716138978,2.349545780649396,13.77224093860542,84.58364810337827,SELVA ALTA,CUSCO,PAUCARTAMBO,0,3,0,0.0,-12.979182929391571,-71.32239889342914,283.4371475120068,149.153657283398,5,Pisco,18.072606117095347,False
858f4833fffffff,1,2920.412589420481,714.3620752445311,8.580264291657997,42162.83338138872,6.066926118206773,,218.40934025544385,SELVA BAJA,UCAYALI,CORONEL PORTILLO,0,0,0,0.0,-9.26623217263219,-74.18731016649794,292.6385191050962,144.0782078528994,5,Chiclayo,inf,False
858e6d07fffffff,2,1985.824848878306,608.5350589965441,7.5120010955388,41936.33485398058,1.698204301433026,11.934443313235109,61.13535485158894,SIERRA,APURIMAC,GRAU,0,4,0,0.0,-13.961236316393467,-72.69924156119471,286.7077239859182,146.26859113164423,5,Pisco,10.962209665469345,False
858b6043fffffff,2,1584.782635374209,529.3071281583068,24.82868627681801,41685.07909198282,1.9103985319590715,9.70326469684758,68.77434715052657,SIERRA,PUNO,CARABAYA,0,0,0,0.0,-13.942253945214242,-70.39473055682369,279.5917108475794,149.0926857796139,5,Pisco,19.00422045002597,False
858f0973fffffff,1,968.847799500832,307.0315590761928,10.65732871541482,41666.89199117159,1.28206321784889,2.324147079425709,46.15427584256004,COSTA,PIURA,MORROPON,0,0,0,0.0,-5.20390614615666,-80.3639388534006,300.4376591016286,138.68731408627104,5,Chiclayo,3.5719016766015557,False
858e6683fffffff,1,716.5777124664514,366.4661489672483,16.13551605757616,41649.563818688366,2.398180847303302,5.459962315344868,86.33451050291887,SIERRA,PASCO,PASCO,0,0,0,0.0,-10.818594462083476,-76.51566668164871,297.83925777190666,139.83906665045723,5,Jauja,5.280113231739961,False
858e63d7fffffff,1,410.6847925035012,206.9741839792512,8.50967230779545,41558.9406003655,0.6696088891060623,4.322892993805504,24.10592000781824,SIERRA,LIMA,YAUYOS,0,0,0,0.0,-12.631167482418764,-75.9491636732001,295.8469984104743,140.4744372045457,5,Pisco,3.0188316790372483,False
858e6877fffffff,1,1707.9114235137808,550.6747338304316,13.354155144133037,41480.33158951026,2.2038362849627093,6.891521117207706,79.33810625865753,SIERRA,AYACUCHO,LUCANAS,0,8,0,0.0,-14.705054282287149,-73.92981471920497,289.1712783066541,143.44554491169797,5,Pisco,6.473459328966783,False
858b613bfffffff,2,550.9970422516212,379.5545488941967,19.586026328199345,41454.06254537282,1.4513675614053012,11.669300493182682,52.24923221059084,SIERRA,CUSCO,CALCA,0,0,0,0.0,-13.105095888623998,-71.90690483641414,285.15332119645984,145.37464396850754,5,Jauja,14.360323135853832,False
858f4807fffffff,1,2868.967184739221,701.7780156554742,8.429116070219841,41420.10133261184,6.316018984094372,17.138838431221973,227.37668342739732,SELVA BAJA,UCAYALI,CORONEL PORTILLO,0,0,0,0.0,-9.17056575133818,-74.32371372565265,292.9612068629459,141.3842528030994,5,Satipo,10.990007893211441,False
85b322a7fffffff,1,1574.4954703632125,525.8712817227637,24.66751793294884,41414.49227613574,1.688280814973434,7.888293407870536,60.77810933904362,SIERRA,PUNO,CHUCUITO,0,0,0,0.0,-16.923223776298915,-69.47247060686672,272.4919425624936,151.98428212840713,5,Pisco,19.545162542244725,False
858f4e4bfffffff,1,1011.4165114032312,470.229781818408,13.882688521101388,41316.52368740114,2.5829453299503027,11.346106111766296,92.9860318782109,SELVA ALTA,HUANUCO,LEONCIO PRADO,0,0,0,0.0,-8.51280322692797,-76.00799703856741,296.6184877368201,139.29180208099484,5,Picota,6.226094942438067,False
858f4963fffffff,1,2848.7505180054,696.8328171397517,8.369718865762858,41128.22752200266,0.724324000765949,,26.075664027574167,SELVA BAJA,UCAYALI,ATALAYA,0,0,0,0.0,-10.144541491743803,-73.68398699790961,291.4125394701763,141.13403492100517,5,Chiclayo,inf,False
858f5dd3fffffff,1,1150.0866856493042,480.85546878268747,8.908338232506528,40903.5255548727,1.0370068863642927,11.10081059639842,37.332247909114535,SELVA ALTA,SAN MARTIN,TOCACHE,0,0,0,0.0,-8.360017038676189,-76.72365098492388,297.98050775808986,137.2691316711209,5,Picota,4.471091202169191,False
858f59dbfffffff,2,999.7816669069445,464.82048670873104,13.722988812512188,40841.238458407664,2.195622615112353,5.689493652638882,79.04241414404471,SIERRA,ANCASH,HUAMALIES,0,0,0,0.0,-9.59678106457748,-76.98762397177855,298.807335312519,136.68084291067456,5,Otuzco,8.495200657205714,False
858f0d43fffffff,1,242.51881241078115,198.74540452504897,6.017115615337199,40761.102662475845,0.6414326448235366,2.703619358812989,23.09157521364732,COSTA,TUMBES,TUMBES,0,10,0,0.0,-3.843922585886459,-80.51247361151236,298.56195111246353,136.52477320233544,5,Chiclayo,7.696439439198002,False
858b75abfffffff,3,1547.7210199219026,516.9287888188329,24.248044362628875,40710.234758809485,2.612638583117872,11.358892649546776,94.0549889922434,SELVA ALTA,PUNO,SANDIA,0,0,0,0.0,-14.095043377468157,-69.12866506040857,275.0285337095001,148.02185871306656,5,Pisco,21.38690693877834,False
858f594ffffffff,1,1901.207562839571,339.761143188256,25.778836993957903,40482.87673608841,2.7110396812175352,4.456038883763882,97.59742852383128,SIERRA,ANCASH,BOLOGNESI,0,1,0,0.0,-10.26436318320316,-77.05152756252535,298.93015348986773,135.42587210915335,5,Otuzco,8.492285912463558,False
858b6c33fffffff,1,536.7488573174128,369.7396805907932,19.07955296473069,40382.10552177961,5.641167903929131,12.29584638556815,203.0820445414487,SELVA ALTA,CUSCO,LA CONVENCION,0,0,0,0.0,-12.529095868643402,-73.01568204424332,288.79025696615,139.8319525942765,5,Jauja,10.06565905036041,False
858b75affffffff,1,1530.874414475208,511.3021317939719,23.984109692896364,40267.11274017943,0.3804018474081081,11.842627694294563,13.694466506691892,SELVA ALTA,PUNO,SANDIA,0,7,0,0.0,-14.00620976261756,-69.26362450544501,275.60092122496013,146.10659703605006,5,Pisco,21.110723653813693,False
858f5c47fffffff,2,1877.484485062946,335.52163763248615,25.457171244803607,39977.73544999055,2.8854145424415183,5.830714741234676,103.87492352789464,SIERRA,ANCASH,PALLASCA,0,1,0,0.0,-8.343491206846052,-77.74761903716863,299.784526170555,133.3548998030879,5,Otuzco,4.507508113485528,False
858b46a7fffffff,2,7314.551816366775,1850.7580589839908,22.01039844573714,39087.28680203355,2.342011130886758,17.07715664121775,84.31240071192329,SELVA BAJA,MADRE DE DIOS,TAHUAMANU,0,0,0,0.0,-11.799023724211589,-69.24943949711137,277.04568304140554,141.08607061815076,5,Pisco,26.91213960126879,False
858e645bfffffff,7,671.2401689726926,343.2800036563574,15.114629350764368,39014.41500192374,1.1080088171571696,4.405381247300695,39.888317417658094,SIERRA,PASCO,PASCO,2,11,0,0.0,-10.67822920814211,-76.20860682662169,297.26015671908925,131.2467013155495,5,Jauja,3.2547032980655786,False
858f0963fffffff,1,898.5124706638721,284.7420253825881,9.88363988615962,38642.00557317789,2.050730150362257,3.092814011939076,73.82628541304126,COSTA,PIURA,PIURA,0,0,0,0.0,-5.370315732487123,-80.3815524433295,300.66623462153626,128.52126751718075,5,Chiclayo,4.464761117636954,False
858f5943fffffff,1,1805.910502997732,322.73078909794083,24.486685931820805,38453.69317807288,2.334358911042342,4.079358113588691,84.03692079752432,SIERRA,ANCASH,BOLOGNESI,0,3,0,0.0,-10.097453077374832,-77.03552556812821,298.910957604113,128.64598034911168,5,Otuzco,8.280153254934703,False
858f5a87fffffff,2,1803.8322242756788,322.3593839088021,24.45850615311017,38409.43988191913,0.6333068924836915,1.2290352053187177,22.799048129412892,COSTA,ANCASH,CASMA,16,48,3,4020212.4456,-9.55325698909149,-78.30878696388253,300.9921646283655,127.60943438292884,5,Otuzco,3.7624274563859217,False
858e6d67fffffff,5,1814.7726029881155,556.1179041789504,6.864942690943205,38324.080598411005,1.54985702571452,10.289095827879642,55.79485292572273,SIERRA,APURIMAC,ANTABAMBA,0,1,0,0.0,-14.362907862143604,-72.87792778530567,286.77936548423537,133.63611616093672,5,Pisco,10.217872755854842,False
858f5aa3fffffff,1,1770.8039382496418,316.45696250195965,24.010669305468262,37706.16052508797,1.9776659379796009,2.8192596926551525,71.19597376726563,COSTA,ANCASH,HUARMEY,0,0,0,0.0,-9.818422219420183,-78.18756002251132,300.8291260573919,125.34079069821992,5,Otuzco,4.1767178341324325,False
858b449bfffffff,1,7039.371089173621,1781.1306968002643,21.18234532612475,37616.784127881525,4.070096870074968,13.904855012634224,146.52348732269886,SELVA BAJA,MADRE DE DIOS,TAMBOPATA,0,0,0,0.0,-12.83313707260951,-69.74540660843452,278.26783910967833,135.18193208470274,5,Pisco,23.37132780130014,False
858f49c7fffffff,1,2587.247627245852,632.8665993518382,7.601415125435968,37352.83535591348,3.539766702031532,,127.43160127313514,SELVA BAJA,UCAYALI,CORONEL PORTILLO,0,0,0,0.0,-9.482059307219794,-73.62801124027008,291.22129390293,128.2627202678522,5,Chiclayo,inf,False
858e62affffffff,1,368.37028437290553,185.6488002526581,7.632886498752263,37276.95557916919,2.009446141883986,2.348677824339141,72.34006110782349,COSTA,LIMA,CAÑETE,0,0,0,0.0,-12.510662383970992,-76.38060157117263,296.80050202346143,125.59599908029308,5,Pisco,2.689004541403847,False
858b6cc7fffffff,4,494.5594510449574,340.6774899837098,17.579866471593295,37208.0008492325,2.6993634726601003,13.24367153589089,97.1770850157636,SELVA ALTA,CUSCO,LA CONVENCION,1,5,0,0.0,-12.97289452742572,-72.61794439924827,287.353573202097,129.48508151337293,5,Jauja,11.678139258150622,False
858f58d3fffffff,1,1745.517399337912,311.9380538168438,23.66780428773539,37167.72807938649,0.7077269816211996,3.5272158611264257,25.478171338363182,SIERRA,ANCASH,HUAYLAS,0,0,0,0.0,-8.844393813670454,-77.79664145453643,300.0509037923308,123.87140851643882,5,Otuzco,4.855253524059663,False
858b60d3fffffff,1,1412.6832181116108,471.8270382862504,22.13241592133972,37158.28932274637,0.6587823382935332,8.306012821039806,23.7161641785672,SIERRA,PUNO,MELGAR,12,0,0,0.0,-14.505543662777656,-70.57985039827159,279.62262340721,132.88727811066042,5,Pisco,17.368731599310195,False
858f503bfffffff,3,1913.977485146647,588.2631426736187,20.26460894316669,37126.54530624704,1.7857026459925338,2.586599095273952,64.28529525573121,COSTA,CAJAMARCA,SAN MIGUEL,0,1,0,0.0,-7.094483194590997,-79.23899031528248,301.1708997244384,123.27401266263318,5,Chiclayo,2.1594199247847428,False
858b6407fffffff,1,491.24453844946623,338.3940110204402,17.462032871061336,36958.604602921645,1.5365169619722967,6.069045027578499,55.31461063100268,SIERRA,CUSCO,ESPINAR,0,0,0,0.0,-15.052590251009336,-71.05208215090397,280.5043052284873,131.75770893361755,5,Pisco,15.70984521095852,False
858e62a3fffffff,3,363.3905640655122,183.1391540084309,7.529703257556328,36773.036504883945,3.93740632733978,4.1592507167244825,141.74662778423206,SIERRA,LIMA,HUAROCHIRI,0,1,0,0.0,-12.34418124571505,-76.36487954269019,296.88019181721194,123.86490415475402,5,Pisco,3.222256756183924,False
858e6ea3fffffff,5,1512.3446148840358,487.6189460386458,11.825018757123258,36730.56766254121,1.8325723935237728,6.819948233663699,65.97260616685583,SIERRA,AYACUCHO,VICTOR FAJARDO,0,0,0,0.0,-13.671680143944329,-74.42576696553769,291.54138033777804,125.98749316472812,5,Pisco,5.679315568435413,False
858e6477fffffff,1,436.9750438949976,214.6530010794092,12.548265756508965,36688.96528487906,2.727384312394031,6.385349859560729,98.1858352461851,SIERRA,JUNIN,TARMA,1,0,0,0.0,-11.062950425208609,-75.65739090632215,296.0168921740235,123.94213389454212,5,Jauja,3.9518147890848923,False
858b612ffffffff,1,487.5462056716868,335.8464129001409,17.3305700180848,36680.36187831976,3.493817398648261,14.208838866774157,125.77742635133738,SELVA ALTA,CUSCO,CALCA,0,0,0,0.0,-12.848499225945393,-72.03046859376772,285.7185485212728,128.37935117673598,5,Jauja,15.835904695832141,False
858f5b9bfffffff,2,1719.192627211539,307.23360447283414,23.31086166725934,36607.18828040428,1.9475097925601557,2.1825256815473644,70.1103525321656,SIERRA,ANCASH,RECUAY,0,0,0,0.0,-10.042111463458902,-77.6193357073706,299.9273173130102,122.0535315301083,5,Pisco,8.270888763307084,False
85b33017fffffff,1,206.0165498486216,164.55535006448426,7.054693982669713,36571.58117234022,0.7885875663992489,0.7938188624301403,28.38915239037296,COSTA,AREQUIPA,AREQUIPA,0,0,0,0.0,-16.725447042005655,-71.90814602510983,280.6493986159061,130.3105631179054,5,Pisco,11.161919219704941,False
858f5973fffffff,2,892.6313437329516,415.0039447403046,12.25224501429586,36464.13089132942,1.4518828961304209,5.999927373191679,52.26778426069515,SIERRA,HUANUCO,LAURICOCHA,0,0,0,0.0,-10.291515802373947,-76.75989034960408,298.3896163686928,122.20308245000732,5,Jauja,8.635885235315072,False
858e6e63fffffff,2,1238.339107932578,387.13179868415136,10.25069251284818,36392.10926618234,2.9361764140735103,4.455225313394165,105.70235090664636,SIERRA,AYACUCHO,HUAYTARA,0,1,0,0.0,-14.123868341132718,-75.05440093931502,292.5496060288812,124.3963707904964,5,Pisco,4.0700087653858645,False
858b6617fffffff,1,1378.361786815263,460.3639026938649,21.59470429375921,36255.52098959859,1.0740865282132386,7.957282472663941,38.667115015676586,SIERRA,PUNO,AZANGARO,1,5,0,0.0,-14.700237967562424,-70.02314616012922,277.5334699307272,130.63476992035604,5,Pisco,17.67079614659997,False
858e6e0bfffffff,1,1071.683030185301,326.1708020394956,9.285784887227054,36104.33061676597,1.0720202222469482,4.388118493215168,38.59272800089013,SIERRA,HUANCAVELICA,HUAYTARA,0,0,0,0.0,-13.79268806384837,-75.02438692748129,292.8313186830688,123.2939522286606,5,Pisco,4.137934824604599,False
858e6453fffffff,2,620.9630646233709,317.5677096628667,13.98251623805729,36092.16465867996,1.338662271384302,5.195445621370396,48.19184176983487,SIERRA,PASCO,PASCO,1,28,2,2673374.08,-10.608003633136375,-76.05533531253042,296.9599172779362,121.53884264757497,5,Jauja,5.101606123957026,False
858e6cd3fffffff,1,1474.9139639796936,475.5503378894936,11.532348591422222,35821.483157485905,3.5036722689740785,8.918136327666572,126.13220168306682,SELVA ALTA,AYACUCHO,HUANTA,0,0,0,0.0,-12.700715838018112,-74.04816316724977,291.4198992488751,122.92051177635626,5,Jauja,6.364943471860897,False
858b6027fffffff,1,475.4387158271155,327.5061633274422,16.900190911338367,35769.45927304748,2.4517730486442577,11.660056058022782,88.26382975119327,SIERRA,CUSCO,QUISPICANCHI,0,0,0,0.0,-13.562630650371537,-71.22417324424723,282.651940829968,126.54949110915516,5,Pisco,16.639466951392023,False
85b335a3fffffff,7,455.798867784277,279.59729762720383,10.401594420634735,35644.46271599831,2.886281164155478,6.161900074370715,103.9061219095972,SIERRA,MOQUEGUA,GENERAL SANCHEZ CERRO,0,1,0,0.0,-16.223291881611367,-70.56663105456295,277.2995602523408,128.541360410244,5,Pisco,17.217748224693423,False
858b609bfffffff,1,1341.878184336219,448.1786159409645,21.02311807115625,35295.880329136475,0.4711954239046316,7.903090207714604,16.963035260566738,SIERRA,PUNO,MELGAR,1,0,0,0.0,-14.489059048579511,-70.86510905012163,280.57338172179425,125.79910507738224,5,Pisco,16.476760166051463,False
858b442ffffffff,1,6568.010860408987,1661.8651882671656,19.76396362522968,35097.94320483685,3.8196815916354616,21.262003088559915,137.5085372988766,SELVA BAJA,MADRE DE DIOS,TAMBOPATA,0,0,0,0.0,-11.834786400242,-69.95606661132753,279.5505029604371,125.55135059014373,5,Pisco,27.659684375210418,False
858e6a8ffffffff,1,206.0859942908699,136.2347472250645,4.762868541059156,35037.31603025012,1.742490867807232,3.9204776474681777,62.72967124106035,COSTA,ICA,NASCA,0,6,0,0.0,-14.642019191540609,-74.8064768312945,291.375745223016,120.24788131707022,5,Pisco,5.255411396752606,False
85b335bbfffffff,3,447.4460754592404,274.473506572008,10.210978857092044,34991.256190822925,2.9505807763015617,6.066444467761936,106.2209079468562,SIERRA,MOQUEGUA,GENERAL SANCHEZ CERRO,0,0,0,0.0,-16.13483431197716,-70.70372745549763,277.87985235324635,125.92224983026604,5,Pisco,16.002965593435874,False
858f492ffffffff,1,2422.499997334026,592.567684321211,7.117381392946054,34974.32661536274,3.850396966975,,138.6142908111,SELVA BAJA,UCAYALI,ATALAYA,0,0,0,0.0,-10.263242639519849,-73.26085170653413,290.2645402998463,120.49121321961648,5,Chiclayo,inf,False
85b304bbfffffff,1,308.2564617352172,184.9083778689497,10.441752600580717,34388.95739425159,2.4415736457591963,4.437546465007373,87.89665124733106,SIERRA,TACNA,TACNA,1,0,0,0.0,-17.878719240991714,-69.82909672527916,271.9893014155596,126.434963490385,5,Pisco,17.24584985497677,False
858b6ca7fffffff,1,456.2775576400266,314.30699129147024,16.219078455275973,34327.876489438575,5.349914184914093,11.315347539807542,192.5969106569073,SELVA ALTA,CUSCO,LA CONVENCION,0,0,0,0.0,-12.67285894798651,-73.31784328542818,289.5240145702922,118.56659469297416,5,Jauja,8.97190627861346,False
858f454bfffffff,1,962.4328266653504,402.3967008858434,7.454809496522282,34229.50305535375,1.7274279982630214,13.75930603226108,62.18740793746877,SELVA BAJA,SAN MARTIN,SAN MARTIN,0,0,0,0.0,-6.187825848649459,-75.79511358426362,294.5086584684114,116.2257953072207,5,Picota,3.1637973654896996,False
85b33567fffffff,4,437.0611248665388,268.1031438376151,9.973988263700008,34179.13046965015,2.696085454581033,4.333983306251802,97.0590763649172,SIERRA,MOQUEGUA,GENERAL SANCHEZ CERRO,0,0,0,0.0,-16.77031987143145,-71.04140936229561,277.934252227395,122.97559655110848,5,Pisco,14.947214374036776,False
85b334c7fffffff,1,192.10880014238865,153.4465599056353,6.578446233461547,34102.709629350975,3.594699895268929,7.890336306759925,129.40919622968144,SIERRA,AREQUIPA,CASTILLA,0,0,0,0.0,-15.40263865808055,-72.09142795589237,283.22646813146724,120.40791898559876,5,Pisco,15.791496237763567,False
858f4c67fffffff,1,2358.6085932395417,576.9392090213289,6.929666432710049,34051.90810672548,3.557337561556164,13.401642479179715,128.0641522160219,SELVA BAJA,UCAYALI,CORONEL PORTILLO,0,0,0,0.0,-8.411420085700955,-74.40251117174903,292.9055287446971,116.25560040693486,5,Satipo,9.81560851127142,False
858e6287fffffff,1,335.14826615369464,168.90578897836954,6.944503355257403,33915.07827813746,2.8369663055246805,3.000117048374156,102.1307869988885,SIERRA,LIMA,HUAROCHIRI,0,0,0,0.0,-12.081661177883644,-76.48767749541611,297.27917623785424,114.08494435211254,5,Pisco,3.8610188953316538,False
858f088ffffffff,1,201.03026665884383,164.74532953433777,4.987746495391285,33787.95754478037,1.5085587430754894,0.6885790299388985,54.30811475071762,COSTA,TUMBES,CONTRALMIRANTE VILLAR,1,2,0,0.0,-4.044291932042367,-80.97263658320222,299.2760310795,112.89897631596466,5,Chiclayo,5.805574274461833,False
858e6a93fffffff,1,1383.8716280571623,446.19593846853553,10.820488794798557,33610.32265422009,3.2635123023189805,5.157913588406775,117.48644288348328,SIERRA,AYACUCHO,LUCANAS,0,2,0,0.0,-14.31142259870218,-74.77671053638487,291.69980056528635,115.22230248044904,5,Pisco,4.236762670607277,False
85b304c3fffffff,1,300.9823119591675,180.54496168006057,10.1953510428858,33577.45639498673,1.7585090123877092,2.94867286871016,63.30632444595753,COSTA,TACNA,TACNA,0,7,0,0.0,-17.69405741954898,-70.39080700740867,274.19859267322977,122.45670580447484,5,Pisco,15.353351344370822,False
858b6d8bfffffff,3,445.0069277055726,306.5432130268101,15.818446804460685,33479.934735850635,4.950553791605633,10.365017850298097,178.2199364978028,SELVA ALTA,CUSCO,LA CONVENCION,0,104,3,773310.668,-12.391956314691528,-73.7301379637454,290.80642301462683,115.12790669746204,5,Jauja,8.156237978990248,False
858f5857fffffff,4,1566.7492122073163,279.990735274482,21.24385224492845,33361.173432016534,2.8752721863034,4.919842537361927,103.5097987069224,SIERRA,ANCASH,YUNGAY,0,1,0,0.0,-9.345548061548213,-77.84582278772021,300.2480452505492,111.11204205901656,5,Otuzco,8.10595073087461,False
85b3301bfffffff,1,187.8820229266141,150.07042917780086,6.433707280148717,33352.381919476786,2.825171214396237,2.520605584597444,101.70616371826452,COSTA,AREQUIPA,CAMANA,0,0,0,0.0,-16.70961827481739,-72.19819402904457,281.5225919188728,118.47142246078796,5,Pisco,12.515579019027427,False
858e68d3fffffff,2,1369.6190070383225,441.60052551100136,10.709047586738391,33264.16685378355,1.538535440501201,6.855314326012453,55.38727585804324,SIERRA,AYACUCHO,HUANCA SANCOS,0,0,0,0.0,-13.858747637194524,-74.14904882219996,290.6744586140862,114.43787325651031,5,Pisco,6.133578891556681,False
858f6053fffffff,1,6463.217822276229,2084.347328655896,9.500062421467073,33094.980443861095,1.345629027159302,,48.44264497773487,SELVA BAJA,LORETO,LORETO,0,0,0,0.0,-3.646381111156596,-75.42113443020452,290.2316422594521,114.02953925428947,5,Chiclayo,inf,False
858f7157fffffff,1,6421.747547119816,2070.973424260631,9.439106684950897,32882.63142777615,0.5987622740044322,9.963323390048782,21.55544186415956,SELVA BAJA,LORETO,DATEM DEL MARAÑON,0,0,0,0.0,-4.685194972646276,-77.39291129392478,295.75645484114705,111.18144976899202,5,Chiclayo,9.657776626747363,False
858a6d67fffffff,1,6404.57256753898,2065.434600752989,9.413861770947996,32794.686749292254,0.9870774512394752,,35.53478824462111,SELVA BAJA,LORETO,MAYNAS,0,0,0,0.0,-3.4907201472177487,-72.98841134034845,283.8205506173458,115.54725927336705,5,Chiclayo,inf,False
858e6cd7fffffff,2,1346.815983487597,434.2482420427578,10.530750802690187,32710.34599100046,3.3096187049901227,8.724082763682613,119.1462733796444,SELVA ALTA,AYACUCHO,LA MAR,0,0,0,0.0,-12.794591427800656,-73.91039741529943,291.0008857357339,112.40634511575216,5,Jauja,7.2397968543155,False
858e6e93fffffff,3,967.1340887333776,294.3509344804676,8.379902314520836,32582.14220704515,0.7522567671253712,6.747899306669363,27.08124361651336,SIERRA,HUANCAVELICA,ANGARAES,0,0,0,0.0,-13.152607776256607,-74.67305104033196,292.60517142425635,111.35190143240293,5,Jauja,4.985693209702731,False
858b7197fffffff,1,1235.0464142781002,412.4974971910867,19.349391691296045,32485.847782712422,7.5580911081527855,16.05295612164563,272.09127989350026,SELVA ALTA,PUNO,SANDIA,0,0,0,0.0,-13.444753442775188,-69.08315639970685,275.4434006189753,117.94019282985307,5,Pisco,22.440498863905304,False
858e6eabfffffff,2,1332.1985412679053,429.5352013119629,10.41645705857402,32355.32971678651,1.841871218432372,6.8606597447635504,66.30736386356537,SIERRA,AYACUCHO,HUANCA SANCOS,0,0,0,0.0,-13.743407629560496,-74.57887782978705,291.8399192917037,110.86670320946148,5,Pisco,6.882113022595149,False
858f4e0ffffffff,1,2237.585785629047,547.3358220513707,6.574097607134421,32304.667154842824,1.1874996269385307,11.68805287798046,42.749986569787104,SELVA BAJA,UCAYALI,PADRE ABAD,0,0,0,0.0,-8.5672550519096,-75.43071120905822,295.39474198465695,109.36100939982458,5,Picota,8.72552853205707,False
858e6867fffffff,2,1327.8959626946903,428.1479389059798,10.38281520748298,32250.832268353435,1.794227120461481,6.79667669738791,64.59217633661332,SIERRA,AYACUCHO,LUCANAS,0,0,0,0.0,-14.869881718035566,-73.94419781156441,289.0006223785861,111.59433499802422,5,Pisco,6.477314929934437,False
858e650bfffffff,1,383.5119130478808,188.39058256428595,11.0130074313085,32200.134677559174,3.3140237181351004,8.545072780350079,119.30485385286362,SELVA ALTA,JUNIN,SATIPO,0,0,0,0.0,-11.469935754096646,-74.81614993057691,293.9776388590058,109.5325984742759,5,Satipo,0.9811744259495754,True
858e6d6ffffffff,1,1520.7993326754276,466.03289920271294,5.752897220319042,32115.999604301087,0.594021578058936,8.720218851088779,21.384776810121693,SIERRA,APURIMAC,AYMARAES,0,0,0,0.0,-14.435464878800214,-73.02961073201517,287.1164805310843,111.8570398498044,5,Pisco,9.34887138229351,False
858f4117fffffff,1,6245.517989001276,2014.140493854268,9.180072895796611,31980.245969025,1.9269173952399097,,69.36902622863676,SELVA BAJA,LORETO,UCAYALI,0,0,0,0.0,-7.169924728915574,-75.160518908287,293.97763885901884,108.78462080703214,5,Chiclayo,inf,False
858f5c4ffffffff,2,1499.3009404143972,267.9371844795296,20.329308226664125,31924.98091604697,0.3495515708576895,4.396861750148124,12.58385655087682,SIERRA,ANCASH,CORONGO,0,0,0,0.0,-8.412465203114564,-77.90124753768129,300.06249437615435,106.39443953973884,5,Chiclayo,inf,False
858b6353fffffff,1,5936.8988735266,1502.1786312274817,17.86486896517408,31725.425536662588,4.915291201922071,12.273799176839107,176.95048326919456,SELVA BAJA,MADRE DE DIOS,TAMBOPATA,0,0,0,0.0,-12.961479734676605,-70.32189356889585,280.16968596949977,113.23646748890717,5,Pisco,22.036216019148924,False
858e6d6bfffffff,2,1501.646427897872,460.1636937461751,5.680445391673118,31711.531592617343,0.5586235831367592,8.958132519496939,20.11044899292333,SIERRA,APURIMAC,AYMARAES,0,0,0,0.0,-14.343338144928149,-73.16760552227476,287.5981919827163,110.2633204124006,5,Pisco,8.117362448398126,False
858e6043fffffff,3,311.9288279600975,157.2038113052239,6.463380572516581,31565.4045861092,3.258346547838368,3.9983171753943703,117.30047572218125,SIERRA,LIMA,HUAROCHIRI,1,0,0,0.0,-11.94056449428634,-76.1794699775044,296.74739529825274,106.3712945294218,5,Jauja,4.499844683421543,False
858b6623fffffff,2,1190.2334472941318,397.5302566818313,18.647309857773408,31307.117001988005,1.8197080008597908,8.729192573894023,65.50948803095247,SIERRA,PUNO,AZANGARO,4,0,0,0.0,-14.2850193026451,-70.13504240955568,278.37009096857935,112.46580727496962,5,Pisco,18.34613801449268,False
858a6ebbfffffff,1,6077.853256919366,1960.0696662828625,8.933628250968638,31121.71679950649,8.21237218195125,,295.64539855024503,SELVA BAJA,LORETO,MARISCAL RAMON CASTILLA,0,8,0,0.0,-4.313424185087416,-71.36663001017904,280.2524164010912,111.04887943219644,5,Chiclayo,inf,False
858e6333fffffff,4,917.7586257378806,279.323324718346,7.952079987237974,30918.713758395475,2.734890740202144,3.1967295902345843,98.45606664727718,SIERRA,HUANCAVELICA,CASTROVIRREYNA,0,2,0,0.0,-13.24892379336595,-75.56405038882092,294.54236850737175,104.97204159482966,5,Pisco,2.9649189360570745,False
858f596ffffffff,2,304.9021777922414,153.66256699536234,6.317783532057719,30854.34797462537,0.5116253845061596,2.5819270656193143,18.418513842221746,SIERRA,LIMA,OYON,1,4,0,0.0,-10.62517600571683,-76.79161189247182,298.4049282984225,103.39758177106648,5,Jauja,5.943558911982109,False
858b606bfffffff,1,1170.8582384677527,391.0590625177581,18.34375972366659,30797.484264776325,3.050632242908679,10.369369477086336,109.82276074471244,SELVA ALTA,PUNO,CARABAYA,0,0,0,0.0,-13.525139740422274,-70.50619877399251,280.34553681508726,109.85544701248445,5,Pisco,19.977363647505626,False
858f44b7fffffff,1,6013.418920269364,1939.2899956662764,8.83891842730293,30791.78004509366,0.2501487482684933,,9.005354937665759,SELVA BAJA,LORETO,ALTO AMAZONAS,0,0,0,0.0,-5.292708770526579,-75.56952021309452,292.99462220148155,105.0933283817042,5,Chiclayo,inf,False
858e6e57fffffff,3,912.897309962094,277.84376479167497,7.9099582672038045,30754.93907217025,1.099319775803414,4.282058167013808,39.5755119289229,SIERRA,HUANCAVELICA,HUAYTARA,0,0,0,0.0,-13.698488071083856,-75.1631030665155,293.2398622386661,104.87980330293226,5,Pisco,3.6854629126974032,False
85b33173fffffff,2,390.89067005003824,239.7811463309821,8.920351716615006,30568.50049312652,0.7849957786873547,0.5902621707663441,28.259848032744767,COSTA,MOQUEGUA,ILO,3,16,0,0.0,-17.655227537904693,-71.25602931468377,277.0050986368222,110.3535662107234,5,Pisco,13.272254752841036,False
858b650ffffffff,3,404.9289065742389,278.9354509798249,14.393812701430488,30464.679358282967,0.6521359582250356,8.225308859826916,23.47689449610128,SIERRA,CUSCO,CHUMBIVILCAS,1,28,0,0.0,-14.346340050347822,-71.86158166986074,283.8487243405875,107.32716671197252,5,Pisco,16.167868588729107,False
858b7137fffffff,2,5684.47084541436,1438.308250776172,17.10528155406433,30376.508066474267,3.1967787036601205,15.893575419556376,115.08403333176432,SELVA BAJA,MADRE DE DIOS,TAMBOPATA,0,0,0,0.0,-12.70414189726546,-69.17217311604742,276.29983960382776,109.9403753184569,5,Chiclayo,inf,False
858e6d77fffffff,2,1433.2044091318912,439.1903596925075,5.421542135305193,30266.183872915968,2.053971841569429,11.851452885321995,73.94298629649944,SIERRA,APURIMAC,ANTABAMBA,0,0,0,0.0,-14.198350915684449,-72.86421396506438,286.922738020583,105.48548393799577,5,Pisco,11.784138766442993,False
858f6c6ffffffff,1,5873.093789573012,1894.036018568036,8.632659325788326,30073.243615736174,8.772949508025398,,315.8261822889143,SELVA BAJA,LORETO,REQUENA,0,0,0,0.0,-5.6854141730473176,-73.31090933178896,287.87200042220627,104.46741458575124,5,Chiclayo,inf,False
858f585bfffffff,1,1404.9063487338092,251.06810873680303,19.049393902943105,29915.013832888933,0.9374291120139192,1.766190958827696,33.74744803250109,COSTA,ANCASH,CASMA,0,4,1,43013241.388,-9.316887455794433,-78.13772527089907,300.701127552147,99.48420904308423,5,Otuzco,4.17810762609588,False
858e6d17fffffff,2,1410.9245621709038,432.3629358174882,5.3372616737761165,29795.68159111646,1.9670201956318616,11.873598453236546,70.81272704274701,SIERRA,APURIMAC,ABANCAY,0,0,0,0.0,-13.796622013673009,-72.68565381904128,286.8331161900289,103.87810859111757,5,Pisco,10.863816871604286,False
85b335abfffffff,4,379.0541872324027,232.5203810173042,8.65023631629741,29642.86179522295,2.1018360060524253,6.256131824515888,75.6660962178873,SIERRA,MOQUEGUA,GENERAL SANCHEZ CERRO,0,3,0,0.0,-16.297357444608416,-70.71619317674973,277.6692203626167,106.75602343144637,5,Pisco,16.40723786196213,False
858f502bfffffff,2,1523.2643833253278,468.1770293599312,16.12785797361489,29547.65381505371,1.2458932667409728,2.055409903208076,44.85215760267502,COSTA,CAJAMARCA,CONTUMAZA,0,0,0,0.0,-7.261451853969307,-79.25608745744792,301.3186839206676,98.06114055254912,5,Chiclayo,1.8671099073180812,True
858f49a3fffffff,1,2042.6793266756229,499.6597563471886,6.001456283771468,29490.746757574427,1.675648374130025,,60.3233414686809,SELVA BAJA,UCAYALI,ATALAYA,0,0,0,0.0,-9.696282921600062,-73.06987825308883,289.72069406888403,101.79026683735164,5,Chiclayo,inf,False
858f0887fffffff,1,174.23349671082,142.78523979802534,4.322893895743288,29284.117698228365,1.219664511200156,1.3896714204477425,43.90792240320562,COSTA,TUMBES,CONTRALMIRANTE VILLAR,1,0,0,0.0,-3.9774951441223383,-80.81914318988974,299.0453719630818,97.92533322282478,5,Chiclayo,6.66221938545641,False
85b33113fffffff,1,374.3614637008032,229.64175864528065,8.543145644613318,29275.880609482585,1.1290997361276691,1.7229778684692274,40.64759050059609,COSTA,MOQUEGUA,MARISCAL NIETO,0,0,0,0.0,-17.257052766937097,-71.07955654387952,277.20134843709576,105.61233116124632,5,Pisco,13.11976913028957,False
858e633bfffffff,4,867.2168330846393,263.9407380934825,7.514151792824293,29215.9923934774,2.093585029282048,2.4820025614197654,75.36906105415373,COSTA,HUANCAVELICA,CASTROVIRREYNA,0,36,1,16168731.02,-13.320065078972393,-75.7181168024704,294.80852889123844,99.10158469077344,5,Pisco,1.5655121699746815,True
858f500ffffffff,2,291.32840214466296,114.72730990656947,6.561567694839001,29212.94609418604,1.247710993182451,1.6190681652464876,44.91759575456824,COSTA,LAMBAYEQUE,CHICLAYO,0,0,0,0.0,-6.995701930175811,-79.37590024108454,301.2603336185211,96.9691088876563,5,Chiclayo,1.1064640465774573,True
858e6803fffffff,1,1197.1412987001336,385.98925971396784,9.360444817097097,29075.17178344924,2.039782150663344,6.727466982908318,73.43215742388037,SIERRA,AYACUCHO,LUCANAS,0,0,0,0.0,-14.375208941761969,-73.90109702484008,289.49125628832564,100.43540573982358,5,Pisco,7.309673198693417,False
858f5da3fffffff,1,711.7279636751666,330.897984460138,9.769167815692173,29074.199341844807,0.3617841962869497,9.12494497810297,13.024231066330191,SELVA ALTA,HUANUCO,LEONCIO PRADO,0,0,0,0.0,-8.845703148375698,-76.03867481537405,296.80050202344995,97.9587269685537,5,Picota,5.273484402176109,False
858b4013fffffff,1,5420.775695848006,1371.587016799415,16.3117899696344,28967.38168413838,3.5594642522634103,18.294609762594447,128.14071308148277,SELVA BAJA,MADRE DE DIOS,TAHUAMANU,0,6,0,0.0,-11.36324817508933,-69.6403004879971,278.6055080412971,103.97275304350624,5,Pisco,28.436470093145545,False
858e6ddbfffffff,3,1370.824614465797,420.0747302104986,5.185571130039613,28948.85724226296,2.891587737658426,11.60566303070753,104.09715855570332,SIERRA,APURIMAC,ANDAHUAYLAS,0,8,0,0.0,-13.426536459280838,-73.23595285469567,288.7069068572972,100.27074709567609,5,Pisco,14.575562718899164,False
858f4693fffffff,1,5612.415967717163,1809.969051220536,8.249497927299288,28738.439861059484,5.260088986348068,13.7632307071649,189.36320350853043,SELVA BAJA,LORETO,DATEM DEL MARAÑON,0,0,0,0.0,-5.309971196498987,-77.01741422089557,295.9300372740419,97.11227736725708,5,Picota,4.181626588047038,False
858f595bfffffff,1,1347.4631485464547,240.80254502586467,18.27051056427733,28691.86174893768,1.2261811718065432,2.971180374352888,44.14252218503555,SIERRA,ANCASH,BOLOGNESI,1,1,0,0.0,-10.000252498603873,-77.1733359601504,299.1606644707477,95.90786876910153,5,Otuzco,7.187770357428235,False
858e62d7fffffff,4,283.1389279013773,142.6944693956449,5.866833975842195,28652.032169426373,0.3104335826437714,0.5615958328267402,11.175608975175772,COSTA,LIMA,LIMA,88,408,57,306854053.62560004,-11.959555615523444,-76.91919401674888,298.16009446849216,96.09613325519707,5,Pisco,3.0518428532068356,False
858b6083fffffff,1,380.13717676109934,261.8576572641268,13.512553029223367,28599.48256143237,2.8182202725314225,9.996308385764909,101.4559298111312,SIERRA,CUSCO,CANCHIS,0,0,0,0.0,-14.398912721579384,-71.0016745885877,281.1131528061515,101.7365508370711,5,Pisco,16.478990222773064,False
858b6177fffffff,4,377.6614725547853,260.15226735970344,13.424550364875929,28413.223853775795,1.9876686534825008,11.831587882201651,71.55607152537003,SIERRA,CUSCO,PAUCARTAMBO,0,0,0,0.0,-13.032599529747898,-71.75725692371843,284.7527506356888,99.78208740862182,5,Jauja,15.738930320232612,False
858b6537fffffff,2,1344.868643821997,412.1207970446611,5.087384585530344,28400.723162364964,1.1870549728084556,10.174836867157868,42.7339790211044,SIERRA,APURIMAC,COTABAMBAS,0,19,0,0.0,-14.23662283238677,-72.28674281809286,285.23141761281363,99.5708095554797,5,Pisco,13.290543587600041,False
85b3341bfffffff,1,159.3502448309864,127.2807225453091,5.456684009960023,28287.486699252186,2.3566061078592786,6.652242519350277,84.83781988293403,SIERRA,AREQUIPA,CASTILLA,0,0,0,0.0,-15.56629235210804,-72.10472062010771,283.0370797435947,99.94268851585814,5,Pisco,13.591927014889734,False
85b32017fffffff,2,1074.994670205565,359.0412520753279,16.8418714466057,28275.9520774266,1.563726563776645,9.138866447083046,56.294156295959226,SIERRA,PUNO,YUNGUYO,0,0,0,0.0,-16.301451093045674,-68.85915429698329,271.31171288042515,104.219430032085,5,Pisco,19.057230549189626,False
858b46b3fffffff,1,5280.683093796456,1336.140209016771,15.89023386232032,28218.75895882259,1.547747349689315,16.282892860020315,55.71890458881534,SELVA BAJA,MADRE DE DIOS,TAMBOPATA,0,0,0,0.0,-12.052440187063429,-69.12675822074763,276.48851478814635,102.06123382898792,5,Pisco,26.45022234273165,False
858f4253fffffff,1,786.7178357820964,407.6681381691675,8.028400811421177,28083.77161723786,2.299549317625828,8.88651081176551,82.78377543452979,SIERRA,AMAZONAS,CHACHAPOYAS,0,0,0,0.0,-6.911507872091887,-77.75431391164005,298.8840868153057,93.96208381810612,5,Otuzco,8.645477487429162,False
858b6417fffffff,1,370.2695214467866,255.06031866832893,13.161792241118324,27857.093094323584,1.134238503113945,5.375525563036856,40.83258611210202,SIERRA,CUSCO,ESPINAR,0,0,0,0.0,-15.215853678794083,-71.0647199494219,280.33518755596697,99.3706617324381,5,Pisco,15.203296079564097,False
858f502ffffffff,1,1425.4127667928208,438.1022244555799,15.09183494885291,27649.56854358288,2.572602705640595,3.398090580134656,92.61369740306142,SIERRA,CAJAMARCA,CONTUMAZA,0,1,0,0.0,-7.360175319115402,-79.11907620019231,301.2175553649576,91.79268622003931,5,Chiclayo,2.496260498657648,False
85b3363bfffffff,1,155.7336553185226,124.39197815219934,5.332839919326955,27645.47809839322,1.089120464053599,2.443496214600388,39.20833670592956,COSTA,AREQUIPA,CAMANA,0,0,0,0.0,-16.4229272231246,-72.90491263407361,283.98966290018166,97.34677599201989,5,Pisco,8.564815431922398,False
858e6953fffffff,1,1134.6001291475698,365.8243721075913,8.871435568958105,27556.22389463022,0.7597663887968058,8.682964410343804,27.351589996685007,SIERRA,AYACUCHO,PARINACOCHAS,0,1,0,0.0,-14.909634341065493,-73.36167281037757,287.43986963277587,95.867785947145,5,Pisco,9.242703909329066,False
858f5c6bfffffff,3,1280.5327728479967,228.84154644485577,17.362988798217273,27266.696920930204,2.5319268413155585,3.3343315295962426,91.14936628736012,COSTA,ANCASH,CORONGO,0,0,0,0.0,-8.677394489715821,-77.78028302595585,299.96979059458164,90.89814299927949,5,Otuzco,5.310672122956021,False
858e61a3fffffff,1,1121.1307523924932,361.4814973206754,8.766118545835202,27229.09087917492,2.414885954503576,10.238636348841558,86.93589436212874,SIERRA,AYACUCHO,HUANTA,1,2,0,0.0,-12.51248514917178,-74.3237807714,292.2387645477893,93.17412397807408,5,Jauja,5.883979831603938,False
858e6073fffffff,3,268.2465487229251,135.1891074143062,5.558253602267774,27145.00899015893,2.795493133259011,5.726943459362903,100.63775279732438,SIERRA,LIMA,YAUYOS,0,0,0,0.0,-12.132128300077987,-75.90279095133204,296.0735595661763,91.68332704187884,5,Jauja,3.1007489746261854,False
858e6a83fffffff,2,1110.9135327150116,358.18720193221264,8.68623013075916,26980.943548868483,2.0777019427665557,4.255688722427496,74.79726993959599,SIERRA,AYACUCHO,LUCANAS,0,0,0,0.0,-14.4767519857759,-74.79158535513754,291.5413803377761,92.545845524943,5,Pisco,4.498204780062224,False
858e68b3fffffff,7,1262.5281333218315,386.888416936553,4.775905954656202,26661.86929399228,1.0258966272887218,8.786672621245062,36.932278582393984,SIERRA,APURIMAC,ANDAHUAYLAS,0,1,0,0.0,-14.158539916284749,-73.44371223934054,288.54394647154686,92.40141621415503,5,Pisco,8.316814217969295,False
858e68c3fffffff,1,1089.685650505069,351.34278469557745,8.520249372910646,26465.37840837665,1.4651559027367345,6.4143631162501,52.74561249852244,SIERRA,AYACUCHO,HUANCA SANCOS,0,0,0,0.0,-14.023999470630711,-74.16352572220967,290.53893250652624,91.09064379102506,5,Pisco,6.786062211187527,False
85b322dbfffffff,1,337.9516310978396,207.3071467750608,7.712252155341919,26428.552517113763,2.750614084582073,5.266130349838597,99.02210704495464,SIERRA,MOQUEGUA,GENERAL SANCHEZ CERRO,0,0,0,0.0,-16.473803459847634,-70.44190614651531,276.4986284469123,95.58294254681284,5,Pisco,16.790067765907224,False
858b6133fffffff,2,349.88298644840745,241.0170452902988,12.437121906070196,26323.319530943347,0.758032422004721,10.913399233177106,27.289167192169955,SIERRA,CUSCO,CALCA,0,0,0,0.0,-13.177573164214571,-72.05678013989477,285.547717223464,92.185361476181,5,Jauja,14.231717289712833,False
858f4473fffffff,1,5104.990374010994,1646.3274705379586,7.503650433525533,26140.161331355528,5.516714692882676,16.06659597646748,198.60172894377632,SELVA BAJA,LORETO,ALTO AMAZONAS,0,0,0,0.0,-5.63272436848169,-76.32295945445271,294.99245091888105,88.61298399308436,5,Picota,4.785325158666637,False
858b408bfffffff,1,4882.720646838939,1235.4461098606782,14.692715238639783,26092.138942834503,5.129725125480295,19.86487063581133,184.6701045172906,SELVA BAJA,MADRE DE DIOS,TAHUAMANU,0,0,0,0.0,-11.526617327498238,-69.65192615504859,278.5952656174255,93.65607446705476,5,Chiclayo,inf,False
858e6ecffffffff,2,770.4958948013214,234.50335304090063,6.676096321483704,25957.524511662632,1.2215414986206572,3.295754843086207,43.97549395034366,SIERRA,HUANCAVELICA,HUAYTARA,0,0,0,0.0,-13.53273757405097,-75.1480429288397,293.3663315633216,88.48160718831444,5,Pisco,2.350796266728139,False
858e6383fffffff,2,255.97820949259187,129.00619159339178,5.304045147227118,25903.523572034504,2.3782138551389025,5.551024514052166,85.61569878500049,SIERRA,LIMA,YAUYOS,0,0,0,0.0,-12.655576829709032,-75.65673318529284,295.2141619482358,87.74485411230557,5,Jauja,3.7158753887633793,False
858e602bfffffff,2,255.40427157390272,128.71694218717124,5.292152757486338,25845.444353357576,1.958788000893616,6.092755208766566,70.51636803217018,SIERRA,LIMA,YAUYOS,0,0,0,0.0,-12.323121436965302,-75.62614321585048,295.37215941353185,87.50128788263015,5,Jauja,2.6775060990839847,False
85b33653fffffff,1,144.71850402401674,115.59364579194698,4.955644390071435,25690.09393149676,2.32560204500462,4.098504619832453,83.72167362016631,COSTA,AREQUIPA,CARAVELI,0,0,0,0.0,-16.059520828804775,-73.46034151792398,286.0607225639971,89.80643585471407,5,Pisco,7.766865878455064,False
858b646ffffffff,2,971.4387259803927,324.45423792079373,15.219467216602668,25552.08469705745,0.5184365741212308,8.115187336550594,18.663716668364312,SIERRA,PUNO,MELGAR,3,0,0,0.0,-14.57901051769985,-70.7286085596813,280.02844894329087,91.24817422472692,5,Pisco,16.883702443717993,False
858e699bfffffff,2,1209.6717282500667,370.6911296496807,4.575960137163981,25545.656097486448,2.6816598304047865,10.681529669590654,96.53975389457231,SIERRA,APURIMAC,ANTABAMBA,0,0,0,0.0,-14.527407835250791,-72.89165709913114,286.62895278313647,89.1244790501478,5,Pisco,9.93424667070758,False
858b6513fffffff,2,338.866360651356,233.4282378846384,12.04551921791922,25494.487686467877,1.1926816696876577,8.238133251203845,42.93654010875567,SIERRA,CUSCO,CHUMBIVILCAS,0,0,0,0.0,-14.67427920460769,-71.88781086477786,283.5531325301588,89.9107954088861,5,Pisco,15.708420187873344,False
858b6dd7fffffff,1,337.2766956294658,232.3331964524544,11.989012161466563,25374.889815353472,5.030615635573539,10.445079694265988,181.1021628806474,SELVA ALTA,CUSCO,LA CONVENCION,0,0,0,0.0,-12.485752018617529,-73.5926715387153,290.3852196374488,87.38354468259259,5,Jauja,7.870997616533714,False
858f433bfffffff,1,704.0276651527845,294.3565534557042,5.453255519328121,25039.167875120864,2.133664087587656,11.912222885239595,76.81190715315559,SELVA BAJA,SAN MARTIN,BELLAVISTA,0,0,0,0.0,-7.98584889765841,-76.25077053334739,296.8688053778053,84.34422014551232,5,Picota,3.9982604824763257,False
858a6e4ffffffff,1,4846.581906206918,1562.9923556802948,7.123824680800118,24816.977829937943,10.57188175141278,,380.58774305086,SELVA BAJA,LORETO,MARISCAL RAMON CASTILLA,0,0,0,0.0,-3.977841526949245,-70.64427684194477,277.36393737364943,89.47442145842442,5,Chiclayo,inf,False
858f40b7fffffff,1,696.5442076414485,291.2276923753786,5.39529017507067,24773.014202208004,1.9404073534018864,16.360625425230925,69.85466472246792,SELVA BAJA,SAN MARTIN,SAN MARTIN,0,1,0,0.0,-6.450669765854794,-75.67435032699385,294.50865846841776,84.11642065479235,5,Picota,4.219840643100724,False
85b3226ffffffff,1,218.8321035509713,131.26696214406488,7.412628671208973,24412.814716509973,2.207178224746868,4.625211466091988,79.45841609088725,SIERRA,TACNA,TARATA,0,0,0,0.0,-17.458026164716564,-70.2288056036786,274.1088499340985,89.06248274136105,5,Pisco,17.64700717202686,False
858e66affffffff,1,286.88309402905804,140.92410528387293,8.2381942749829,24087.05948932865,2.858231377507753,4.246740919283662,102.89632959027912,SIERRA,JUNIN,YAULI,0,1,0,0.0,-11.344779092734424,-76.27090990024176,297.1993078855504,81.04682228467513,5,Jauja,4.113806093359017,False
858f5b97fffffff,1,1126.6796140861427,201.34674465373607,15.276864390630935,23990.664054581062,1.310618053181167,3.104968187176808,47.18224991452202,SIERRA,ANCASH,RECUAY,0,1,0,0.0,-10.069925937635931,-77.32729052813387,299.4299686080897,80.12111869130024,5,Otuzco,6.57829081582895,False
858f09dbfffffff,1,554.6143784373694,175.75940966726927,6.100759834875842,23852.10289480643,0.7705743251527637,2.1448682115125672,27.74067570549949,COSTA,PIURA,SULLANA,1,0,0,0.0,-4.507235769160715,-80.58306787911975,299.6688327237625,79.59487370778236,5,Chiclayo,4.787326497244067,False
858f4ad3fffffff,2,1643.655952564226,402.0546553988132,4.829113026237331,23729.93196760776,1.9249610726908144,10.031762196227866,69.29859861686931,SELVA BAJA,UCAYALI,PADRE ABAD,0,0,0,0.0,-9.039256711647234,-75.76471620786829,296.27771195718174,80.09354402951925,5,Picota,7.106289746443508,False
85b330a7fffffff,1,132.65015205415477,105.95407127931064,4.542383755986046,23547.74801799377,1.9447372174008224,2.438851239883722,70.0105398264296,COSTA,AREQUIPA,ISLAY,0,0,0,0.0,-16.829677022440066,-71.48060899756898,279.19036530661776,84.34298222337549,5,Pisco,13.116848045852748,False
858b65bbfffffff,1,311.71168644458214,214.7227289098476,11.080265100085557,23451.515625552947,1.9925936489488885,9.03804523046507,71.73337136215999,SIERRA,CUSCO,CHUMBIVILCAS,1,0,0,0.0,-14.65630055350538,-72.17592059258612,284.4308485001636,82.45067561839889,5,Pisco,15.401307335216188,False
858b75b7fffffff,2,890.0620453793824,297.27495405780144,13.944544064498457,23411.60606523855,2.13002745055965,9.954984469162069,76.68098822014741,SIERRA,PUNO,SANDIA,0,6,0,0.0,-14.242531584900153,-69.42181988716507,275.93321157105083,84.8451910951293,5,Pisco,19.560561395095647,False
858f44c7fffffff,1,4558.129741173504,1469.9683363504523,6.699838726933618,23339.955234804645,8.179306175799123,18.72918745938393,294.45502232876845,SELVA BAJA,LORETO,ALTO AMAZONAS,0,0,0,0.0,-5.1363901622982935,-76.27692641347542,294.28408910515265,79.31096548840222,5,Picota,4.785325158666637,False
858e6d4bfffffff,4,1102.3173785869017,337.7935226211904,4.169858867590245,23278.5639327123,0.4534717403535763,8.999086414399635,16.324982652728746,SIERRA,APURIMAC,ANDAHUAYLAS,0,0,0,0.0,-13.993646029694478,-73.42966384302142,288.68154739071707,80.63751958903644,5,Pisco,8.669871926560518,False
858f5523fffffff,2,651.8297413357468,337.7706783391592,6.651877186750134,23268.61900975976,3.284133052492412,8.712868578857908,118.22878988972684,SIERRA,AMAZONAS,LUYA,0,1,0,0.0,-6.715178137293324,-78.02757145274114,299.15297599896167,77.78167317927843,5,Otuzco,7.32025699231599,False
858b4017fffffff,2,4349.317601951479,1100.482272185328,13.087638968092016,23241.755444293623,4.608282827148015,19.34342833747905,165.89818177732852,SELVA BAJA,MADRE DE DIOS,TAHUAMANU,0,0,0,0.0,-11.272004930990995,-69.77453826369032,279.1081566910525,83.27150205796438,5,Pisco,28.436470093145545,False
858e6b73fffffff,1,129.85919084041032,103.7247960104957,4.446811932776042,23052.303042081363,1.3207954671624211,4.893878149339813,47.54863681784716,COSTA,AREQUIPA,CARAVELI,1,5,0,0.0,-15.76532512030044,-74.17000063958952,288.3124445034922,79.95597651631073,5,Pisco,6.409585794464874,False
858e6e5bfffffff,2,680.6751264528689,207.16606092482328,5.897828578319973,22931.51903675672,2.1463567038571902,2.8084423288588702,77.26884133885885,SIERRA,HUANCAVELICA,HUAYTARA,0,2,0,0.0,-13.67545986730512,-75.45581638422401,293.91044047783606,78.02213150194642,5,Pisco,3.0243868994002696,False
858f4663fffffff,2,641.8830797338455,332.6164326467189,6.550372196722486,22913.549173947475,0.7722820966575228,8.82554137829377,27.802155479670816,SELVA ALTA,AMAZONAS,RODRIGUEZ DE MENDOZA,0,0,0,0.0,-6.275705169388609,-77.40070967980391,297.70574559761,76.9671043061368,5,Picota,7.888554030322666,False
858b400ffffffff,1,4277.283563347354,1082.2559227363513,12.870879564216478,22856.82206804382,4.085686058336631,18.82083156866766,147.08469810011871,SELVA BAJA,MADRE DE DIOS,TAHUAMANU,2,0,0,0.0,-11.036503173196715,-69.6170885118376,278.6055080413019,82.04009399790979,5,Pisco,28.9578559338388,False
858b663bfffffff,1,867.3298045372516,289.68253295968026,13.588399528560211,22813.672168001925,2.027669950891653,9.177180908873115,72.9961182320995,SIERRA,PUNO,AZANGARO,5,0,0,0.0,-14.374450087259415,-69.9992127547882,277.8118774617181,82.11913895274544,5,Pisco,18.676090444589136,False
858a45b3fffffff,1,4439.881154319028,1431.8339065811242,6.526029180782167,22734.4619995349,11.047369530430805,,397.70530309550895,SELVA BAJA,LORETO,MARISCAL RAMON CASTILLA,0,0,0,0.0,-3.910929141679027,-70.50048307094556,276.77193047754207,82.141501706148,5,Chiclayo,inf,False
858f4a83fffffff,1,1564.6695950798876,382.7338037996509,4.5970486168774585,22589.583291506544,2.466317895330066,11.556769518862314,88.7874442318824,SELVA BAJA,UCAYALI,PADRE ABAD,0,0,0,0.0,-9.162478960603403,-75.33888184529772,295.3721594135295,76.47837675818484,5,Picota,7.675281134666875,False
858b6643fffffff,3,856.4233203359876,286.03983792881763,13.417528351294749,22526.795187905664,1.8784738747974232,9.703430893399831,67.62505949270724,SIERRA,PUNO,SANDIA,0,0,0,0.0,-14.567686732803658,-69.44502709308972,275.6713513069297,81.71612712423118,5,Pisco,19.52417149940993,False
858a699bfffffff,1,4385.941786818307,1414.4387978827888,6.446745552669689,22458.26485413808,1.60840859643641,,57.90270947171077,SELVA BAJA,LORETO,MAYNAS,0,2,0,0.0,-3.327925716479452,-72.97508687520815,283.50040226302974,79.21775304326184,5,Chiclayo,inf,False
858f5b17fffffff,1,1050.818730051906,187.7897921218157,14.248252153882142,22375.339732568653,1.8870548843516664,2.262682135114317,67.93397583665998,COSTA,ANCASH,OCROS,0,0,0,0.0,-10.473640591707682,-77.51394166271112,299.7151011713163,74.65536319365827,5,Pisco,7.614493780072735,False
858b667bfffffff,3,843.828582603843,281.83327716136307,13.2202074159752,22195.51149840256,2.2393427356381324,10.064299754240542,80.61633848297276,SIERRA,PUNO,SANDIA,0,0,0,0.0,-14.316261428037562,-69.56877960813448,276.3773052219089,80.30873403509501,5,Pisco,19.98286121890669,False
85b33197fffffff,1,282.10903729569867,173.05204123811188,6.437891789003691,22061.54023728705,0.7527445675185647,2.539013277358407,27.098804430668327,SIERRA,MOQUEGUA,MARISCAL NIETO,0,20,0,0.0,-16.946582619616986,-70.76619907002885,276.76180015231665,79.71309705727242,5,Pisco,14.48887548050152,False
858e6c17fffffff,1,898.4832490172481,289.6941944364729,7.025238274415836,21821.61357067312,2.3440868215929407,9.46315202271122,84.38712557734587,SIERRA,AYACUCHO,LA MAR,0,0,0,0.0,-13.147154267113894,-73.64908766616868,290.04898847652254,75.23423434534551,5,Jauja,8.430981390069064,False
858e63a7fffffff,1,647.7041634993328,197.1312230784968,5.61214590826936,21820.74792841718,1.7056761134746257,4.273033520763284,61.40434008508653,SIERRA,HUANCAVELICA,CASTROVIRREYNA,0,0,0,0.0,-13.106496517996382,-75.25647160422143,293.98884107874403,74.2230482230193,5,Pisco,4.0965336294684676,False
85b3265bfffffff,1,827.2232414579273,276.2872008491637,12.960052618321118,21758.73553710272,0.7938652249638214,5.75139962050939,28.57914809869757,SIERRA,PUNO,SAN ROMAN,0,5,0,0.0,-15.73562041950419,-70.52956357731047,277.9002502262745,78.29692675478384,5,Pisco,15.071003210601702,False
858a458ffffffff,1,4200.741590400617,1354.712892724635,6.174526129649161,21509.945139843792,12.904267549079716,,464.5536317668698,SELVA BAJA,LORETO,MARISCAL RAMON CASTILLA,0,0,0,0.0,-3.9387836268172944,-70.22528010275155,275.87274549355163,77.97053348405733,5,Chiclayo,inf,False
85b304dbfffffff,1,192.0550206223212,115.204664729349,6.50559277735522,21425.574939630096,1.3663198254785736,2.572977985819265,49.18751371722865,COSTA,TACNA,TACNA,0,0,0,0.0,-17.607101293619746,-70.52841991032079,274.808141933115,77.96557550629204,5,Pisco,15.617452451684585,False
858e6b8bfffffff,1,878.8002478754215,283.3478867383489,6.871336937770798,21343.56921614803,1.653683944725716,7.871137832423938,59.53262201012577,SIERRA,AYACUCHO,PARINACOCHAS,3,0,0,0.0,-15.199332520922686,-73.97301261416311,288.63808265583003,73.94578366014836,5,Pisco,8.277341344472006,False
858e69d3fffffff,2,1010.4606909286972,309.64501049289936,3.822382332229757,21338.748941280483,1.4424457359578424,9.16266668092921,51.92804649448233,SIERRA,APURIMAC,AYMARAES,0,0,0,0.0,-14.50798104225415,-73.18151028025648,287.4470629516849,74.23540432857779,5,Pisco,7.867772165342103,False
85b3353bfffffff,1,272.3327999934885,167.05507695439647,6.214792385813427,21297.017219238864,3.496685078499109,5.403488709758253,125.88066282596792,SIERRA,MOQUEGUA,GENERAL SANCHEZ CERRO,0,0,0,0.0,-16.533864006345564,-70.87857617882116,277.81187746169934,76.6598513131426,5,Pisco,14.941655255390287,False
858e63c3fffffff,2,210.3358905534314,106.00367995967228,4.358304801760514,21284.783223524188,3.741717505890192,4.543463494830816,134.7018302120469,SIERRA,LIMA,YAUYOS,0,0,0,0.0,-12.702001571441777,-76.1032991813918,296.1113478728423,71.88101157360714,5,Pisco,3.588447178772185,False
858f5963fffffff,2,242.67719009082728,120.1718214222528,4.646741496389025,21264.591255072883,1.470941283856778,3.840011176106764,52.953886218844005,SIERRA,HUANUCO,LAURICOCHA,1,6,0,0.0,-10.458344869125444,-76.7757424606962,298.4011001932263,71.26177229676176,5,Jauja,7.0361090168735245,False
85b335affffffff,1,269.8333194389167,165.5218392525846,6.1577527904381615,21101.55240408938,1.4551257118611165,6.205015188747075,52.38452562700019,SIERRA,MOQUEGUA,GENERAL SANCHEZ CERRO,0,0,0,0.0,-16.38568699345126,-70.57901518976202,277.0862773570543,76.1551694488928,5,Pisco,17.15051401038545,False
858b46a3fffffff,1,3916.0329951663607,990.8508145139292,11.783831561272384,20926.38190979749,2.206231239736212,16.941376750067207,79.42432463050363,SELVA BAJA,MADRE DE DIOS,TAHUAMANU,0,0,0,0.0,-11.889473870262336,-69.11543664326877,276.5188576142351,75.6779558918596,5,Pisco,26.629994183042072,False
858b75a7fffffff,2,794.0559418732139,265.2095377677498,12.44042269705836,20886.324724669885,0.8832251694404702,11.493241679452588,31.796106099856928,SELVA ALTA,PUNO,SANDIA,0,0,0,0.0,-14.079878597001482,-69.41023612484094,276.0542100120145,75.66022892301068,5,Pisco,20.960454804129768,False
858b6cd3fffffff,1,275.95294845054315,190.09030690465792,9.809166473217438,20761.219947574413,0.9286709889493964,11.557434721078856,33.43215560217827,SIERRA,CUSCO,URUBAMBA,0,0,0,0.0,-13.230178017842848,-72.49430786735397,286.79369736423564,72.3907817304894,5,Chiclayo,inf,False
858e6697fffffff,1,356.43315375683954,182.2840467252677,8.025972306758366,20716.92312812042,1.341854724437659,4.746699772167087,48.30677007975573,SIERRA,PASCO,PASCO,2,2,0,0.0,-10.748426759006689,-76.36205125366686,297.55328235436684,69.62424667003974,5,Jauja,3.619990373554174,False
858f5823fffffff,1,962.5853697952596,172.02177818473407,13.051879145514732,20496.56525412833,0.6773337577217464,3.145176896252868,24.384015277982872,SIERRA,ANCASH,RECUAY,0,0,0,0.0,-9.735968569469238,-77.29500583500382,299.3683777640781,68.4660330767499,5,Otuzco,6.521913674703683,False
858e683bfffffff,1,835.2269472452778,269.29872974093735,6.530637409243876,20285.29714553371,1.964241922374244,7.15193174960873,70.71270920547276,SIERRA,AYACUCHO,PARINACOCHAS,0,0,0,0.0,-14.63280468085117,-73.77695339636423,288.87002069185746,70.22292274203275,5,Pisco,6.586149480839595,False
858b60a3fffffff,3,267.3290978080281,184.1497636905331,9.502618610374968,20112.40767363572,1.7203190615853672,9.110228727757256,61.93148621707322,SIERRA,CUSCO,CANCHIS,0,1,0,0.0,-14.054259890862964,-71.26226777015563,282.3060620115884,71.24327239140236,5,Pisco,16.398540955511635,False
858e62c3fffffff,14,198.60780759634773,100.09303889384157,4.115290829523955,20097.968635142654,0.346422956225871,0.241652208770343,12.47122642413136,COSTA,LIMA,LIMA,696,773,113,617768219.6088,-12.029835827571194,-77.07386871947742,298.40110019321656,67.35219348095264,5,Pisco,2.8756055096018827,False
858e6217fffffff,2,198.2125182676899,99.89382361310054,4.107100161851211,20057.96762699841,1.489740365265556,1.4322594827479818,53.63065314956002,COSTA,LIMA,LIMA,0,7,0,0.0,-12.318748697253268,-76.65791301090329,297.4618668613431,67.43038305595014,5,Pisco,3.194835071961279,False
85b33103fffffff,1,256.20280768738,157.1605761596512,5.846696609727589,20035.61674196401,1.4329069395061378,1.337456607334129,51.58464982222096,COSTA,MOQUEGUA,MARISCAL NIETO,0,0,0,0.0,-17.419100860360352,-71.09230146020506,276.94424060578376,72.34530928730778,5,Pisco,13.817338130242206,False
858e6b13fffffff,1,820.6757473949358,264.6070472601123,6.416861614047794,19931.88971086967,2.810462980889908,6.383545663067296,101.17666731203668,SIERRA,AYACUCHO,PARINACOCHAS,0,0,0,0.0,-15.363950468214084,-73.98744437556061,288.4462438114394,69.10088149353533,5,Pisco,8.361340275298062,False
85b335b3fffffff,3,253.40381458998428,155.44361071409543,5.782821964477163,19816.729394596405,3.117110680720636,6.665314325828708,112.2159845059429,SIERRA,MOQUEGUA,GENERAL SANCHEZ CERRO,0,0,0,0.0,-16.06081403098339,-70.55426108951707,277.50633311751045,71.41000773558916,5,Pisco,16.687278111408887,False
85b32247fffffff,1,175.76377761034632,105.4323235370314,5.953749912068914,19608.13092342183,0.7845152292506161,4.012833406803157,28.24254825302218,SIERRA,TACNA,CANDARAVE,0,0,0,0.0,-17.04757508131704,-70.34161414749265,275.2124186494478,71.2472606419615,5,Pisco,16.841124183602005,False
858f4ba3fffffff,1,1341.2235311424454,328.0766657918846,3.940557033989708,19363.62843921938,2.747589107823732,,98.91320788165434,SELVA BAJA,UCAYALI,ATALAYA,0,0,0,0.0,-10.190834874499195,-74.12217872369246,292.54960602886064,66.18921386381604,5,Chiclayo,inf,False
858f4e97fffffff,1,3752.618459238053,1210.195985352534,5.515845293630498,19215.32554476356,6.337983867391811,16.182288785015363,228.1674192261052,SELVA BAJA,LORETO,UCAYALI,0,0,0,0.0,-7.929988729960565,-75.08346554878258,294.30279231668794,65.29100656335835,5,Satipo,10.314665867219446,False
858f71cffffffff,1,3740.922845024735,1206.424222909607,5.498654311036508,19155.438019027595,0.9052136035489042,10.691490889935398,32.587689727760555,SELVA BAJA,LORETO,DATEM DEL MARAÑON,0,0,0,0.0,-4.519814849556092,-77.37698600041887,295.48886701232993,64.82625965812882,5,Chiclayo,9.69010460899517,False
858f6277fffffff,1,3739.310938982161,1205.904393291254,5.496285025574827,19147.18423578476,5.6608402658081465,,203.79024956909328,SELVA BAJA,LORETO,ALTO AMAZONAS,0,0,0,0.0,-4.5733732881292815,-76.08055299220013,293.10605255381824,65.32510696710733,5,Chiclayo,inf,False
858f7377fffffff,1,532.4484023167828,275.9086409015293,5.433598922986627,19007.017063191903,3.685302851338661,8.178325817368743,132.6709026481918,SELVA ALTA,AMAZONAS,UTCUBAMBA,0,0,0,0.0,-5.5206560914140885,-78.20186624829203,298.17156357432754,63.74523725651617,5,Chiclayo,6.021611557855067,False
858e6ecbfffffff,3,563.5671368463919,171.5237993425223,4.883125938236793,18986.22415428949,2.224565887782055,3.29986820767678,80.08437196015397,SIERRA,HUANCAVELICA,HUAYTARA,0,0,0,0.0,-13.438293013036423,-75.28669754379744,293.76493177816053,64.6306692884198,5,Pisco,2.655258139457146,False
858b61cbfffffff,1,251.62172374365983,173.32973232892886,8.944276154098944,18930.669085299447,2.9035727889202323,11.28925473714346,104.52862040112836,SIERRA,CUSCO,QUISPICANCHI,1,0,0,0.0,-13.635511199028905,-71.37336786124818,283.0581124733436,66.87909037435627,5,Pisco,15.930229511819562,False
858f5023fffffff,2,970.9559665953796,298.4244134216323,10.280185172910866,18834.203100049668,1.4024604163231074,2.472657490592732,50.48857498763186,COSTA,CAJAMARCA,CONTUMAZA,0,2,0,0.0,-7.193203959916799,-79.1020499248082,301.07373914772154,62.5567781280608,5,Chiclayo,2.9578847296725144,False
858b6cabfffffff,1,250.10347744299145,172.28388771349205,8.890307784511938,18816.444375761992,4.115609719119879,11.31179005333055,148.16194988831566,SELVA ALTA,CUSCO,LA CONVENCION,0,0,0,0.0,-12.694216865397737,-73.029415777168,288.7177763367335,65.17244838369857,5,Jauja,10.109573095945962,False
858b66abfffffff,1,712.5123860720171,237.9745186695272,11.162885122067166,18741.456717448327,0.7318683869488125,8.004400495419311,26.34726193015725,SIERRA,PUNO,AZANGARO,1,0,0,0.0,-14.611042209090694,-70.15913722624342,278.09755839331336,67.39166221280622,5,Pisco,18.405581690296458,False
858f6333fffffff,1,3656.1903669560015,1179.098528623976,5.3741089447943,18721.564400382165,5.543729960508086,,199.5742785782911,SELVA BAJA,LORETO,LORETO,0,0,0,0.0,-5.118086190514182,-74.83493660465727,291.0890156292306,64.31559899267523,5,Chiclayo,inf,False
858f5947fffffff,2,449.5370482204139,208.99966108987243,6.170339072753449,18363.65917676652,1.2089776779042398,6.90896708491456,43.52319640455263,SIERRA,HUANUCO,LAURICOCHA,0,0,0,0.0,-10.194541543929931,-76.89770983312228,298.65393081665803,61.488087990510536,5,Jauja,8.963933546401677,False
858a6843fffffff,1,3563.406090073716,1149.1761795745128,5.237728515362639,18246.461454240765,2.0654048487813004,,74.3545745561268,SELVA BAJA,LORETO,MARISCAL RAMON CASTILLA,0,0,0,0.0,-3.4736711422519453,-71.58189364505101,279.59171084757764,65.26109589918427,5,Chiclayo,inf,False
858e6323fffffff,1,541.1788681379169,164.70984469806328,4.689138871754655,18231.977392308003,3.3288254445988565,3.71724297673657,119.83771600555885,SIERRA,HUANCAVELICA,CASTROVIRREYNA,0,0,0,0.0,-13.414910565773704,-75.57934424166605,294.42628321543367,61.923742653666366,5,Pisco,3.11995398428553,False
858e6687fffffff,1,313.27402424399645,160.2119675771309,7.054137968109306,18208.390016175003,1.9408169802414208,4.631506130327668,69.86941128869117,SIERRA,PASCO,PASCO,0,0,0,0.0,-10.91511878497373,-76.37769428699303,297.5456626083438,61.19527959694212,5,Jauja,3.6148122112062993,False
858e6a87fffffff,1,749.4688204341423,241.6480957529287,5.860094830431447,18202.47511644828,3.0461000405230134,6.136624997025594,109.65960145882848,SIERRA,AYACUCHO,LUCANAS,0,0,0,0.0,-14.57017989925543,-74.65269210714212,291.1037082696437,62.52917637032533,5,Pisco,4.519760896702792,False
858b635bfffffff,1,3381.6102807900243,855.6289758603345,10.175686978092946,18070.54953144064,5.16656175512606,12.60906785489186,185.99622318453817,SELVA BAJA,MADRE DE DIOS,TAMBOPATA,0,0,0,0.0,-12.888585563395765,-70.17447008326062,279.71883225252213,64.6025488735312,5,Pisco,22.345281197855,False
858e6b47fffffff,1,101.54059868238636,81.10537126369218,3.477088860325384,18025.252096152224,1.86930651031086,5.442389192488253,67.29503437119095,COSTA,AREQUIPA,CARAVELI,1,0,0,0.0,-15.673117317661974,-74.30919225478343,288.79025696616435,62.41641350893678,5,Pisco,6.431650815096873,False
85b326bbfffffff,1,683.0571600284796,228.13666409038663,10.701412015078546,17966.68584358198,2.069859645239079,7.511427637112712,74.51494722860684,SIERRA,PUNO,PUNO,0,0,0,0.0,-15.615993195764528,-69.6626817303443,275.1421838598812,65.29964104934085,5,Pisco,16.91521303935042,False
858e685bfffffff,1,733.8507984346654,236.6124422704866,5.737977555522421,17823.157593073596,3.1476100240186726,7.582885796223069,113.3139608646722,SIERRA,AYACUCHO,LUCANAS,0,2,0,0.0,-14.33307752128367,-74.48440416571769,290.98253093853083,61.25164124316,5,Pisco,6.026987933119017,False
858f4ad7fffffff,1,1223.1203423225438,299.1874467260527,3.5935661404997465,17658.538860416982,1.1955501893694145,9.42087650521285,43.03980681729891,SELVA BAJA,UCAYALI,PADRE ABAD,1,0,0,0.0,-9.135870688369558,-75.62774999365273,296.00556086474404,59.65610513812552,5,Picota,7.3488929274026304,False
858f4187fffffff,1,3442.9180688325605,1110.3195462202325,5.060627301338119,17629.501169697665,1.774509921202537,,63.88235716329133,SELVA BAJA,LORETO,UCAYALI,0,0,0,0.0,-6.9352912174682375,-74.99522243942742,293.4072675738509,60.08542772465683,5,Chiclayo,inf,False
858e6d37fffffff,3,826.6628376408478,253.32209885387115,3.1271096972660613,17457.334965986636,1.219784497573957,10.550275866386256,43.912241912662445,SIERRA,APURIMAC,GRAU,0,3,0,0.0,-14.145010864851562,-72.42419505566313,285.72923113284355,61.097476435199695,5,Pisco,12.709114655152007,False
858e6e2bfffffff,1,717.1041306674192,231.2128842557612,5.607035402181145,17416.428460379128,2.3904348343768,4.2848361204646,86.05565403756478,SIERRA,AYACUCHO,LUCANAS,0,50,2,264689608.0608,-14.146033783365178,-74.76185234910471,291.85098607393195,59.67575677804009,5,Pisco,3.8650712367489177,False
858f4ac3fffffff,3,703.3006835204301,232.6016498651844,5.032100019904155,17415.072434554204,1.4028606394143133,8.932222845085029,50.50298301891527,SELVA ALTA,HUANUCO,LEONCIO PRADO,0,0,0,0.0,-9.205683242881497,-75.77992957858312,296.3495991579431,58.76529775656161,5,Picota,6.558843044418609,False
858b6383fffffff,1,230.93277399042813,159.07814041730376,8.208856027497715,17374.143457568603,1.0976377563742865,14.448206470641187,39.51495922947432,SELVA ALTA,CUSCO,QUISPICANCHI,0,0,0,0.0,-13.252984636762784,-70.91401076608804,281.915614403547,61.62887960046957,5,Pisco,19.82186141398597,False
858f4cdbfffffff,1,3370.54578977672,1086.979938819278,4.954249768115485,17258.918090820844,5.531208897971242,,199.1235203269647,SELVA BAJA,LORETO,UCAYALI,0,0,0,0.0,-7.459757314552938,-74.75273357030817,293.2287075432605,58.85821424314196,5,Chiclayo,inf,False
858f5babfffffff,1,810.2213419394682,144.7930961108351,10.985946148714032,17252.240815671204,1.4180205961899557,2.669623151983822,51.04874146283839,SIERRA,ANCASH,OCROS,0,0,0,0.0,-10.570913325722408,-77.37584932551556,299.46462273930075,57.610280165514446,5,Pisco,6.902288934450553,False
858b640bfffffff,1,644.7190498959937,215.33198380156497,10.100771341917191,16958.265434727324,1.874486151124146,6.7437537574495385,67.48150144046926,SIERRA,PUNO,LAMPA,0,0,0,0.0,-15.06866916074277,-70.76590816059195,279.56423779803293,60.65963790039044,5,Pisco,16.694103113843084,False
858f45b7fffffff,1,3289.865814248678,1060.9611512598835,4.835661036503017,16845.79535757349,8.993753965120892,,323.7751427443521,SELVA BAJA,LORETO,REQUENA,0,1,0,0.0,-5.971249013535591,-74.62251290620948,291.5966269184148,57.77088554006744,5,Chiclayo,inf,False
858b62b7fffffff,1,636.8005573322861,212.6872586104353,9.976712834926298,16749.98261950737,3.310579259980439,10.629316494158097,119.1808533592958,SELVA ALTA,PUNO,CARABAYA,1,0,0,0.0,-13.615485126427096,-70.37039639920405,279.81165732908374,59.86163256882425,5,Pisco,19.90005313380061,False
858b40dbfffffff,1,3122.4628900977414,790.058434584622,9.395880167161982,16685.725329180867,2.979394658299728,17.71454016863071,107.2582076987902,SELVA BAJA,MADRE DE DIOS,TAHUAMANU,0,5,0,0.0,-11.635946154825811,-69.2380514601223,277.06597896014205,60.22293098490172,5,Pisco,27.265448968644705,False
858f5977fffffff,3,312.1383094181753,155.42313529867505,6.232801848520552,16578.934876844814,1.3519249868543344,4.781409852598411,48.66929952675604,SIERRA,PASCO,DANIEL ALCIDES CARRION,0,0,0,0.0,-10.38837376728132,-76.62206871230536,298.1180473703229,55.61197996258986,5,Jauja,5.615307865722571,False
858f6c5bfffffff,1,3234.243245527201,1043.0232206940902,4.753903328589302,16560.979361162234,1.1160628874113587,,40.17826394680891,SELVA BAJA,LORETO,REQUENA,0,0,0,0.0,-5.068407258846977,-73.68672385098876,288.12818790957897,57.47781736079025,5,Chiclayo,inf,False
858f59cbfffffff,1,775.9885964249016,138.6754280677256,10.52177780448674,16523.31460893224,1.8150932742258208,4.550793301723639,65.34335787212956,SIERRA,ANCASH,BOLOGNESI,0,0,0,0.0,-9.763659147962864,-77.00357379866182,298.8495445734698,55.28974331386379,5,Jauja,8.665463011639076,False
858e600ffffffff,1,162.36360398817618,81.82692677400897,3.3642859192071755,16430.263542686098,2.035467363420389,6.049272974230161,73.276825083134,SIERRA,LIMA,YAUYOS,1,2,0,0.0,-12.06136100262961,-75.74911574013406,295.7904032667456,55.546979757383085,5,Jauja,2.286378929449711,False
858a6e47fffffff,1,3199.944232896369,1031.9620036163974,4.703488385143556,16385.35087648564,9.46453768784414,,340.7233567623891,SELVA BAJA,LORETO,MARISCAL RAMON CASTILLA,0,0,0,0.0,-4.044823784756769,-70.78829796219392,277.9512558281808,58.95044736410352,5,Chiclayo,inf,False
858f4113fffffff,2,3172.6808125956595,1023.1697210666824,4.6634148177965375,16245.74822243692,1.103535235042055,,39.72726846151399,SELVA BAJA,LORETO,UCAYALI,0,1,0,0.0,-7.07312634014517,-75.29648122595998,294.2130349648388,55.217635834450505,5,Chiclayo,inf,False
858e600bfffffff,1,192.31490710119945,94.46986169649496,5.522554656059639,16146.997520746563,2.4594065992895584,5.355084064950602,88.5386375744241,SIERRA,JUNIN,JAUJA,1,0,0,0.0,-11.965728287454567,-75.88736748303715,296.1340247153556,54.525978689098885,5,Jauja,2.0118661416054238,False
85b32287fffffff,1,611.8535285104016,204.3551126826272,9.585869360034836,16093.792397367111,0.7148647691106226,6.581625273932717,25.735131687982413,SIERRA,PUNO,EL COLLAO,0,0,0,0.0,-16.58785823138428,-69.73367480643662,273.94278888629526,58.74873532096193,5,Pisco,18.265735820912596,False
858a6d4bfffffff,1,3136.022221283776,1011.3475546204488,4.609531610496046,16058.037488259772,5.354069481869092,,192.7465013472873,SELVA BAJA,LORETO,MAYNAS,0,0,0,0.0,-3.8745868761230495,-72.45535098924019,282.9214462751156,56.757936521520456,5,Chiclayo,inf,False
858f582bfffffff,2,747.4058759053373,133.56746511356337,10.134219229863143,15914.695763629854,1.667680731545783,4.135523870076902,60.03650633564818,SIERRA,ANCASH,AIJA,3,0,0,0.0,-9.805523439015436,-77.44893433932288,299.6379937052193,53.11307677252226,5,Otuzco,6.103670599623001,False
858b6c73fffffff,1,209.97426298834915,144.6408611237873,7.463853937088823,15797.337487090615,4.067107824176204,13.823101925877936,146.41588167034334,SELVA ALTA,CUSCO,LA CONVENCION,0,0,0,0.0,-12.478231843350772,-72.57750130716569,287.58019348784364,54.931938446443766,5,Jauja,12.610349336926447,False
858f5967fffffff,1,270.3853461590965,138.27820042440894,6.088393510965704,15715.576321414925,0.8608747860460011,3.790579965764629,30.99149229765604,SIERRA,PASCO,DANIEL ALCIDES CARRION,0,0,0,0.0,-10.55515965454037,-76.63784560145841,298.1256915621765,52.71459913121012,5,Jauja,4.98979436524678,False
858e6e33fffffff,1,646.5368987359185,208.4601869401817,5.05527039239715,15702.550246572036,2.252934301910642,6.8967571883432655,81.10563486878311,SIERRA,AYACUCHO,HUANCA SANCOS,0,0,0,0.0,-13.908872505301796,-74.59360766743237,291.7071724395764,53.82983940795843,5,Pisco,5.949359508038469,False
85b3264ffffffff,1,596.3734847165473,199.1848783921972,9.343344522666046,15686.61551677124,1.9741943160656072,6.838046443994747,71.07099537836186,SIERRA,PUNO,PUNO,0,0,0,0.0,-15.986757224735706,-70.40504091724404,277.1268815872018,56.604452902326,5,Pisco,17.845947265990617,False
858f6ccbfffffff,1,3062.4131046173056,987.609074824878,4.501336092048512,15681.121168316102,1.093952298924963,,39.38228276129867,SELVA BAJA,LORETO,REQUENA,0,0,0,0.0,-4.8365127346961225,-73.52491499928996,287.3823338806374,54.56536230521798,5,Chiclayo,inf,False
858f626bfffffff,1,3025.853466859582,975.8188202810352,4.447598333186739,15493.917126939636,6.817123900397197,,245.4164604142991,SELVA BAJA,LORETO,DATEM DEL MARAÑON,0,0,0,0.0,-4.708425819660662,-76.38169736375657,293.91044047783,52.71645710084382,5,Chiclayo,inf,False
858b44d7fffffff,1,2894.295375912749,732.326549394974,8.709295667432569,15466.45047957214,3.3004895522851068,14.183559830158078,118.81762388226385,SELVA BAJA,MADRE DE DIOS,TAMBOPATA,0,5,0,0.0,-12.760159396396856,-69.59887812581825,277.7982858089574,55.67511129355369,5,Pisco,24.04065589599304,False
858e6bb7fffffff,1,622.9414476550655,200.85240437917184,4.8707776194749774,15129.483563275184,1.778352111825525,8.433799525184321,64.0206760257189,SIERRA,AYACUCHO,PAUCAR DEL SARA SARA,0,0,0,0.0,-15.402896994817398,-73.40386381128472,286.8904687857253,52.73609690594216,5,Pisco,11.753540060197338,False
858e63bbfffffff,1,445.8936821860954,135.70943632263692,3.8635237273821095,15021.879108032894,3.1307636585490624,4.575320328195668,112.70749170776624,SIERRA,HUANCAVELICA,CASTROVIRREYNA,0,1,0,0.0,-12.916823652486933,-75.5335135584322,294.7522644346158,50.96442307863986,5,Pisco,3.618806840480829,False
858f5957fffffff,1,704.1437357778586,125.83617134334024,9.5476195970012,14993.504453247984,0.5532639335747649,4.026871227618814,19.917501608691538,SIERRA,ANCASH,BOLOGNESI,0,0,0,0.0,-10.027677438742602,-76.88180004131326,298.6309314634413,50.20747308315416,5,Jauja,8.990542130501126,False
858b40c3fffffff,1,2804.8576909698445,709.6966575929126,8.440166521713365,14988.516010032805,3.086377510119528,17.821523020450517,111.109590364303,SELVA BAJA,MADRE DE DIOS,TAHUAMANU,0,0,0,0.0,-11.545220312766691,-69.37205568410822,277.5843633778019,53.99625478771266,5,Pisco,27.529920171733465,False
858f5b93fffffff,1,700.4621354420233,125.17823963545376,9.497700073857368,14915.111238587844,1.7071488288462635,4.14587783583222,61.4573578384655,SIERRA,ANCASH,RECUAY,0,0,0,0.0,-9.972541741673968,-77.465159718538,299.66883272376964,49.77198029912032,5,Otuzco,6.416724402530235,False
858f4d57fffffff,1,1032.86557967079,252.6492323773629,3.0345916475762498,14911.776335573411,8.64836097654563,18.49266589416918,311.3409951556427,SELVA BAJA,UCAYALI,CORONEL PORTILLO,0,0,0,0.0,-8.55903200281738,-73.69421378468027,291.1441194045686,51.21785171574177,5,Satipo,9.81560851127142,False
858b6057fffffff,1,561.9174350111216,187.6767811237334,8.803523837242865,14780.306269617728,2.326549323371183,9.640668861482911,83.75577564136259,SIERRA,PUNO,CARABAYA,0,4,0,0.0,-14.01555543709036,-70.5429617864963,280.01467607460216,52.78404145388409,5,Pisco,19.44437019533325,False
858e6ab3fffffff,1,603.5066214582074,194.5861146901099,4.71881676210326,14657.466675319944,1.133093974893474,4.980301249425166,40.79138309616506,SIERRA,AYACUCHO,LUCANAS,0,0,0,0.0,-14.663431623646831,-74.51382144226235,290.6598020638669,50.42825520158872,5,Pisco,4.461975459505993,False
85b304c7fffffff,1,129.68824342400077,77.79380385156023,4.393006217662023,14467.964280580629,0.4380381085721473,2.856071349917287,15.769371908597304,COSTA,TACNA,TACNA,0,41,9,6393922.3088,-17.780788724434267,-70.25326567985047,273.5846687103362,52.88294972368831,5,Pisco,15.678337172897955,False
858e6327fffffff,2,428.8140174364839,130.51117546281603,3.715533987558176,14446.47589124698,2.3185859617833806,2.53564518260954,83.46909462420169,SIERRA,HUANCAVELICA,CASTROVIRREYNA,0,1,0,0.0,-13.50959747220111,-75.44058334819604,294.0373922530713,49.13142434215722,5,Pisco,1.555204973781656,True
858e6843fffffff,1,591.5329263359566,190.7254862736509,4.625194469922489,14366.659530883362,1.814788650311065,6.102423310592251,65.33239141119834,SIERRA,AYACUCHO,LUCANAS,0,0,0,0.0,-14.426338158305626,-74.3457160124178,290.5389325065262,49.44831113317542,5,Pisco,6.026987933119017,False
858a6e67fffffff,1,2790.991502662688,900.0773055839076,4.102382779316845,14291.3037653238,6.456929455483476,,232.44946039740515,SELVA BAJA,LORETO,MARISCAL RAMON CASTILLA,0,0,0,0.0,-3.692833484904668,-71.04040799557954,278.22014299635,51.36689102165867,5,Chiclayo,inf,False
858e6a8bfffffff,1,582.2016051862952,187.7168274406276,4.552232893217334,14140.02816691026,2.2524984424840007,4.146899728571799,81.08994392942402,SIERRA,AYACUCHO,LUCANAS,0,0,0,0.0,-14.54850740587056,-74.94546984847639,291.8104112914968,48.45621547335893,5,Pisco,3.313089752005908,False
858e6163fffffff,3,406.774957614206,123.80350386967169,3.524572702493304,13703.99375810298,1.0782233826348289,5.767654984898556,38.81604177485384,SIERRA,HUANCAVELICA,HUANCAVELICA,0,0,0,0.0,-12.963888898333863,-74.94964404264694,293.40726757382623,46.70638826168416,5,Jauja,4.57034803640272,False
85b33517fffffff,1,174.90211928067288,107.2889016549547,3.991367764713421,13677.726098695868,2.6341737916089167,6.40291442966919,94.830256497921,SIERRA,MOQUEGUA,GENERAL SANCHEZ CERRO,0,0,0,0.0,-16.20881611933014,-70.85343858565255,278.2473962496728,49.15670832162172,5,Pisco,14.770512569421044,False
85b32457fffffff,1,517.5622099296866,172.86242344298682,8.108613416278693,13613.615630541071,1.738154908830193,9.34183069790736,62.57357671788695,SIERRA,PUNO,MOHO,0,0,0,0.0,-15.231156639561076,-69.20880681386237,274.0490486339605,49.67583612641688,5,Pisco,19.127410205261185,False
858f4ba7fffffff,1,941.6947245385,230.3479310098581,2.76672879985214,13595.516575528934,2.923312410637889,,105.23924678296402,SELVA BAJA,UCAYALI,ATALAYA,0,0,0,0.0,-10.285980812459249,-73.98544521154095,292.19440355748054,46.52901085716524,5,Chiclayo,inf,False
858b64dbfffffff,2,509.1464799053679,170.0516241629481,7.9767647223946465,13392.253808515768,1.1795866498108851,5.90693627559833,42.46511939319187,SIERRA,PUNO,LAMPA,0,0,0,0.0,-15.572909830669548,-70.51723598398156,278.0873470731268,48.15844355908108,5,Pisco,15.307628545635453,False
858a690ffffffff,1,2612.501089538788,842.515263577026,3.840025836856051,13377.341572777455,6.628398579198777,,238.62234885115595,SELVA BAJA,LORETO,PUTUMAYO,0,0,0,0.0,-2.678008613680756,-72.92193404487978,282.1560514922858,47.41114536451185,5,Chiclayo,inf,False
858f5953fffffff,1,627.2976034287718,112.10314698195704,8.50564818990009,13357.200998360177,1.0405838898785518,2.7855830924248948,37.46102003562786,SIERRA,ANCASH,BOLOGNESI,0,0,0,0.0,-9.930550775398093,-77.01954098881696,298.8840868153108,44.69023808087174,5,Otuzco,7.745971402750001,False
858b4183fffffff,1,2497.7083169514613,631.9804565805078,7.515915757725836,13347.180221494364,3.0860167148467146,25.70504368653685,111.09660173448172,SELVA BAJA,MADRE DE DIOS,TAHUAMANU,0,0,0,0.0,-10.956811008657484,-70.74075284311391,282.5016239213998,47.24638406046097,5,Pisco,32.64733676882861,False
858b6227fffffff,1,2492.263648598617,630.602824145124,7.499532071772193,13318.085162932692,6.329051263170323,13.687559238087356,227.8458454741316,SELVA BAJA,MADRE DE DIOS,TAMBOPATA,0,0,0,0.0,-13.05206479514232,-70.18648154698052,279.64323494507005,47.6252721277121,5,Pisco,22.308977092781788,False
858b44c3fffffff,1,2489.3889953832204,629.8754675361689,7.490881881814878,13302.723675652613,3.3187768995945333,15.244428170438752,119.4759683854032,SELVA BAJA,MADRE DE DIOS,TAMBOPATA,0,0,0,0.0,-12.687183847326423,-69.45260003637718,277.3232752415093,47.96829138869727,5,Pisco,25.072108921403924,False
858f586bfffffff,1,623.2215432438552,111.374722113889,8.450380110213098,13270.408453842629,2.2540632358219934,4.728455450976405,81.14627648959177,SIERRA,ANCASH,AIJA,0,0,0,0.0,-9.846876302678016,-77.8951637378817,300.3757224356148,44.17936425167358,5,Otuzco,6.145610955085431,False
858e684bfffffff,1,544.4079048460115,175.531162780961,4.256724044885687,13222.126219229482,3.478837467513583,5.656824247174531,125.23814883048898,SIERRA,AYACUCHO,LUCANAS,0,0,0,0.0,-14.498285580205952,-74.4991045595128,290.8247593007857,45.46423850231572,5,Pisco,5.264716469248015,False
858e60cffffffff,2,157.45036989647647,77.34353458286509,4.521377393342356,13219.727844712555,1.1075783184388663,3.635299826275389,39.87281946379919,SIERRA,JUNIN,YAULI,2,0,0,0.0,-11.703471797192137,-76.01014415464132,296.51997432608584,44.58292523044231,5,Jauja,1.9013717027555685,True
85b30497fffffff,1,116.97234096605838,70.1661392653833,3.962272967784519,13049.383708435944,2.3602160181369287,4.605297997248607,84.96777665292943,SIERRA,TACNA,TACNA,0,0,0,0.0,-17.556595567354286,-69.80515879495171,272.51497624652654,47.88501493815524,5,Pisco,17.712719462544555,False
85b3356bfffffff,1,166.41338272556484,102.08171934532078,3.797649875024325,13013.888439082188,2.51988660733566,3.712671884499162,90.71591786408376,SIERRA,MOQUEGUA,GENERAL SANCHEZ CERRO,0,0,0,0.0,-16.755796315649913,-71.32974065450313,278.8549339284225,46.66902699459727,5,Pisco,13.330848905616222,False
858e6993fffffff,1,613.9106580000391,188.12643959797427,2.3223083033048755,12964.468109490805,0.7179208868774749,11.80013898612707,25.845151927589097,SIERRA,APURIMAC,ANTABAMBA,0,0,0,0.0,-14.45476777053272,-72.74009694312849,286.28921820705,45.28451399840928,5,Pisco,10.902542467481908,False
858e68a3fffffff,2,612.3369227638436,187.64418505002453,2.3163551595394187,12931.234217854348,1.3579566023851617,8.615507826908742,48.886437685865815,SIERRA,APURIMAC,ANDAHUAYLAS,0,0,0,0.0,-14.32337921271212,-73.45777645795543,288.39922145317337,44.83796507042221,5,Pisco,8.482395860241013,False
858f5b8bfffffff,1,607.0688014376457,108.4880967243362,8.231361994481512,12926.46417954467,1.2857860201887508,1.3962553930106338,46.28829672679503,COSTA,ANCASH,BOLOGNESI,0,0,0,0.0,-10.209180740209504,-77.63567052889421,299.94662210747066,43.095881822976914,5,Pisco,6.333999258293261,False
858b65a7fffffff,1,611.7965563113959,187.47859545575304,2.314311055103384,12919.822844637569,2.133219629634524,11.84479439500438,76.79590666684285,SIERRA,APURIMAC,ANTABAMBA,0,0,0,0.0,-14.473680488221977,-72.4510965215747,285.4445891236437,45.26210457974803,5,Pisco,13.496777719983584,False
858b6047fffffff,1,489.4099986509569,163.45976734956506,7.667554556699991,12873.118399202493,2.169880530976588,9.48861776515426,78.11569911515716,SIERRA,PUNO,CARABAYA,0,0,0,0.0,-13.852127487037295,-70.53069352373377,280.13178145712044,45.953794789874536,5,Pisco,19.235119532784665,False
85b33537fffffff,1,164.42386950651718,100.86130710001744,3.7522480299086856,12858.304178629627,0.1916148434389833,5.366399816241476,6.8981343638034005,SIERRA,MOQUEGUA,GENERAL SANCHEZ CERRO,0,0,0,0.0,-16.547996799795964,-70.59141351831758,276.8665099887902,46.44225182435476,5,Pisco,16.614187974324523,False
858f5a83fffffff,2,602.5518664940306,107.6808839769508,8.17011600961395,12830.283981168966,0.725513094943295,0.8481652495221523,26.118471417958617,COSTA,ANCASH,CASMA,0,6,0,0.0,-9.455188118501257,-78.44662331288673,301.182562505394,42.59969061435681,5,Otuzco,3.636955375841353,False
858e68a7fffffff,1,605.4188442926466,185.52421294221725,2.290185372670244,12785.13933165222,1.3017563836292492,9.191289198716396,46.86322981065297,SIERRA,APURIMAC,AYMARAES,0,0,0,0.0,-14.415771149551308,-73.3196244346004,287.92609290069765,44.4042400007896,5,Pisco,9.123949905499103,False
858f63b3fffffff,1,2492.653147622498,803.8650518021507,3.6638654534994943,12763.658821704754,7.611481960595875,,274.0133505814515,SELVA BAJA,LORETO,LORETO,0,0,0,0.0,-4.721142373117626,-74.65682196274078,290.1220269934546,43.99410466683632,5,Chiclayo,inf,False
858f45bbfffffff,1,2492.3627841896923,803.7714114109167,3.6634386582386167,12762.172012441231,7.3951143028748,,266.2241149034928,SELVA BAJA,LORETO,UCAYALI,0,0,0,0.0,-5.942896047491877,-74.90755570288674,292.2498565492648,43.66870240119314,5,Picota,3.1775276111320636,False
858f6e43fffffff,1,2468.552432541133,796.092721907063,3.628440638187556,12640.250835739653,8.37154073998977,,301.3754666396317,SELVA BAJA,LORETO,REQUENA,0,0,0,0.0,-5.641282105524367,-74.59374840956586,291.1551422459145,43.41414250229346,5,Chiclayo,inf,False
858f6e13fffffff,1,2466.615780254732,795.4681636559419,3.62559401934917,12630.334185658,5.314531959254341,,191.32315053315628,SELVA BAJA,LORETO,REQUENA,0,0,0,0.0,-5.43680044708701,-74.146279387284,289.7935948444402,43.58389698860633,5,Chiclayo,inf,False
858a6d0bfffffff,1,2464.6453325480966,794.8327065931418,3.622697725780546,12620.244485742274,3.288784894956449,,118.39625621843216,SELVA BAJA,LORETO,MAYNAS,0,0,0,0.0,-3.912731150112723,-72.88162731343259,284.21893695781023,44.40324990595415,5,Chiclayo,inf,False
858f5caffffffff,1,145.0430089246161,64.72679837199507,3.283361069839679,12592.832371079185,3.539297586775141,9.834689825686612,127.41471312390507,SELVA ALTA,LA LIBERTAD,PATAZ,0,0,0,0.0,-8.3317545806255,-77.01352627474596,298.50831808604954,42.18586755578821,5,Otuzco,8.853470309048134,False
858f7237fffffff,1,646.4946614859485,198.7008646856169,6.844887988770615,12540.436617552945,2.776064999747339,8.768380913732214,99.9383399909042,SELVA ALTA,CAJAMARCA,SAN IGNACIO,0,0,0,0.0,-4.795163233066287,-78.71290206258539,297.9652321073206,42.086912385254905,5,Chiclayo,6.253813007289864,False
858b65b3fffffff,1,166.6725815407878,114.81247928524394,5.9246299343219695,12539.55119533174,2.97402244247586,10.019474023992023,107.06480792913096,SIERRA,CUSCO,CHUMBIVILCAS,0,0,0,0.0,-14.72922828089447,-72.32687723283166,284.7846201043861,44.03170083670756,5,Pisco,13.198693456977708,False
858f6553fffffff,1,2429.6912041717387,783.5602187844147,3.571319850147318,12441.261473432103,8.519207808851965,,306.6914811186707,SELVA BAJA,LORETO,MAYNAS,0,0,0,0.0,-3.1789224006848387,-74.379998598324,286.9621864124176,43.35505534360445,5,Chiclayo,inf,False
858e69dbfffffff,1,584.0286375514224,178.96940991990056,2.2092702524044068,12333.42433120667,2.179650827312088,9.69310039353828,78.46742978323516,SIERRA,APURIMAC,AYMARAES,0,4,0,0.0,-14.580454430902048,-73.33362475448986,287.771073100621,42.85845758685485,5,Pisco,7.546879681531209,False
858b7127fffffff,1,2298.20063933172,581.500201405103,6.91557227973331,12281.056963350036,2.4246616149032443,15.43438175325727,87.28781813651679,SELVA BAJA,MADRE DE DIOS,TAMBOPATA,4,0,0,0.0,-12.541246306344297,-69.16080006241056,276.35709331031927,44.43908718333396,5,Pisco,25.376923584828546,False
858e66abfffffff,1,146.08044682917895,71.75834581170983,4.19487633047206,12265.09503779175,2.0317273477201447,3.420236889496043,73.14218451792522,SIERRA,JUNIN,YAULI,0,1,0,0.0,-11.24848478773895,-76.409031863925,297.50756875591725,41.22616136819815,5,Jauja,4.098034755254048,False
858e6983fffffff,1,579.8445239309111,177.68723247593095,2.1934425392408343,12245.06488200551,1.7238377395716482,11.84890346703518,62.058158624579335,SIERRA,APURIMAC,ANTABAMBA,2,0,0,0.0,-14.619165392106352,-72.7537462039782,286.1356641830975,42.79461253795306,5,Pisco,10.365427189366528,False
858e6957fffffff,1,504.144109360311,162.54907567923368,3.941901528796726,12244.232655895275,0.9941691202303596,8.917367141777351,35.790088328292946,SIERRA,AYACUCHO,PAUCAR DEL SARA SARA,0,0,0,0.0,-15.001539703939516,-73.2233188309219,286.9514268636675,42.67005322023574,5,Pisco,10.234654238605799,False
858b6b2bfffffff,1,837.7393489611619,204.9194083075271,2.4613046278624107,12094.683030486329,4.492506043377455,,161.73021756158838,SELVA BAJA,UCAYALI,ATALAYA,0,0,0,0.0,-9.97972175991682,-72.66215447956148,288.5765262824882,41.91152754623853,5,Chiclayo,inf,False
858e6edbfffffff,2,355.7955544589202,108.28772882583314,3.082852755414029,11986.529569232142,2.164476180087591,3.4535145922268997,77.92114248315329,SIERRA,HUANCAVELICA,CASTROVIRREYNA,0,0,0,0.0,-13.272416277770107,-75.27157617115292,293.8805827476892,40.78707567938629,5,Pisco,3.1188169017623295,False
858e6aaffffffff,1,492.4823008249886,158.7890075499638,3.850717877058236,11961.000353377309,1.900682596967992,6.46722430944709,68.4245734908477,SIERRA,AYACUCHO,LUCANAS,1,0,0,0.0,-14.993526709662898,-74.54330477792618,290.308414022526,41.20101166771286,5,Pisco,6.280030688854822,False
858f71d3fffffff,1,2333.3275175703866,752.4835324851086,3.429678169014385,11947.830119072005,3.005628566228815,12.982607160404145,108.20262838423734,SELVA BAJA,LORETO,DATEM DEL MARAÑON,0,0,0,0.0,-4.189359680941228,-77.34518638445027,294.9323737239004,40.51040571848824,5,Chiclayo,9.699538478995237,False
858e6e8bfffffff,1,490.9928543757845,158.30877156367197,3.83907189900123,11924.825917310418,2.141481199386334,4.563210977703649,77.09332317790802,SIERRA,AYACUCHO,CANGALLO,0,4,0,0.0,-13.389821231616596,-74.8410281997888,292.7942254024967,40.72766770218117,5,Pisco,3.3466195707515,False
858f4507fffffff,1,2328.4815116894843,750.9207258939867,3.422555191013444,11923.016090786195,5.368481699150541,,193.2653411694195,SELVA BAJA,LORETO,UCAYALI,0,7,0,0.0,-6.176578811847155,-75.07221080204867,292.8832624353637,40.70910707441837,5,Chiclayo,inf,False
858b6663fffffff,2,452.8593653657075,151.25209274186437,7.0949181668242325,11911.714604543982,2.477473260045461,10.11655576214977,89.18903736163662,SIERRA,PUNO,SANDIA,0,0,0,0.0,-14.227188831581458,-69.70422098149653,276.9442406057893,43.01123785238587,5,Pisco,20.081057264271294,False
858f4437fffffff,1,2324.2455934705,749.554668758528,3.41632895996273,11901.326023319198,2.420139006534684,,87.12500423524862,SELVA BAJA,LORETO,ALTO AMAZONAS,0,0,0,0.0,-5.691279511678732,-75.74991539599517,293.8693874021835,40.49869273056091,5,Chiclayo,inf,False
858f6e47fffffff,1,2281.157830147542,735.6591345448388,3.3529957330121123,11680.694640662068,8.273035921009752,,297.82929315635107,SELVA BAJA,LORETO,REQUENA,0,0,0,0.0,-5.737931872472853,-74.45868647181415,290.93481749495,40.14883725927654,5,Chiclayo,inf,False
858f6a8bfffffff,1,2278.049849395758,734.656830188769,3.3484274185968217,11664.780189837638,8.42147301984112,,303.1730287142803,SELVA BAJA,LORETO,REQUENA,0,0,0,0.0,-6.425902951986391,-74.2311290338135,291.0890156292293,40.07289716728952,5,Chiclayo,inf,False
858e60c7fffffff,3,138.80705128672514,68.18547316591986,3.986011999444384,11654.411749836285,1.4264684429220094,3.9541899507585385,51.35286394519235,SIERRA,JUNIN,YAULI,0,2,0,0.0,-11.632864859440913,-75.85657154919335,296.2323244877257,39.34213381335156,5,Jauja,1.1028787599643692,True
858f4567fffffff,1,2251.675342647855,726.151216700835,3.309660434823367,11529.729227756505,3.349002544396936,,120.56409159828968,SELVA BAJA,LORETO,UCAYALI,0,0,0,0.0,-6.576086893146908,-75.25203018083303,293.6866306626989,39.25861113166734,5,Chiclayo,inf,False
85b3348bfffffff,2,64.32629797363485,51.38051525074908,2.2027470490864403,11419.055554456814,4.770858218370154,8.18917680339911,171.75089586132555,SIERRA,AREQUIPA,CASTILLA,1,0,0,0.0,-15.329411926457247,-71.94044820175054,282.8794172609741,40.367219591385165,5,Pisco,16.101010291231432,False
858b6673fffffff,3,429.7178431714205,143.52297432495445,6.7323614466123765,11303.015240072496,1.59313794395777,9.41809496256023,57.35296598247972,SIERRA,PUNO,SANDIA,2,0,0,0.0,-14.38997928366624,-69.71599250528688,276.8158356957027,40.83225662168273,5,Pisco,19.434641570076565,False
858e6d2ffffffff,1,529.2723353592695,162.18991921921975,2.0021374822170226,11177.089408016978,0.4116313900321146,12.11218195758686,14.818730041156126,SIERRA,APURIMAC,ANTABAMBA,0,0,0,0.0,-14.382088970752166,-72.58875676140651,285.9430232371765,39.08851938921448,5,Pisco,12.333060983530231,False
858e6a97fffffff,1,457.3368809160205,147.4572168685054,3.575915926788199,11107.417637315097,2.93352308896798,5.111509868628936,105.60683120284727,SIERRA,AYACUCHO,LUCANAS,0,0,0,0.0,-14.40494138381765,-74.63789618229482,291.26540892546086,38.13503868616836,5,Pisco,4.746203096616227,False
858e6aa3fffffff,2,455.4965395068568,146.8638432885317,3.5615263019178505,11062.72095642226,1.863321553794131,5.3057288261712525,67.07957593658872,SIERRA,AYACUCHO,LUCANAS,2,0,0,0.0,-14.828512911400695,-74.52855483977939,290.4876798186098,38.083270737437786,5,Pisco,5.255033917726905,False
858f4837fffffff,1,765.9644206242914,187.3625442729734,2.2504276247717723,11058.447823381874,5.09079660064924,,183.26867762337264,SELVA BAJA,UCAYALI,CORONEL PORTILLO,0,0,0,0.0,-9.36177597322264,-74.0509336690372,292.30902574261006,37.83135945011593,5,Chiclayo,inf,False
858f638ffffffff,1,2122.3797845854688,684.4542078014048,3.119613324206492,10867.669850644908,6.738799626481917,,242.59678655334903,SELVA BAJA,LORETO,LORETO,0,0,0,0.0,-4.69189941696826,-74.9408255536103,290.7587576870216,37.37693040476904,5,Chiclayo,inf,False
858e6d73fffffff,2,514.0139308401826,157.51414224953362,1.9444178139752348,10854.864836393075,2.1304222368373877,11.13282075401487,76.69520052614594,SIERRA,APURIMAC,ABANCAY,0,0,0,0.0,-14.10620760790551,-73.00200778874513,287.40390753814864,37.76867520478041,5,Pisco,10.347676565235815,False
858e6aa7fffffff,2,437.3022503015707,140.9975347508548,3.419265200177141,10620.833198731634,1.199187899544209,6.548915624183767,43.17076438359152,SIERRA,AYACUCHO,LUCANAS,0,1,0,0.0,-14.921491362494336,-74.38962912413386,290.0343844506009,36.61922092047879,5,Pisco,6.089251980158224,False
85b326abfffffff,1,397.04684094348585,132.61107134386305,6.220506983697296,10443.658706572727,2.245907756678101,7.8744631741986675,80.85267924041163,SIERRA,PUNO,PUNO,0,0,0,0.0,-15.778164640545397,-69.67448002401754,274.9583771087315,37.98268965794344,5,Pisco,17.544827443483882,False
858e6e87fffffff,2,422.5673986227628,136.24663817943613,3.3040534317941166,10262.965381265,1.6910915421416446,6.71994219301691,60.87929551709921,SIERRA,AYACUCHO,CANGALLO,0,0,0,0.0,-13.412331610128245,-74.54946750132065,292.0835501690583,35.137087916538896,5,Pisco,6.696176990946697,False
858a68a7fffffff,1,1964.2252102938785,633.450346643699,2.887147334458755,10057.837552366587,4.066119874343562,,146.38031547636822,SELVA BAJA,LORETO,MAYNAS,0,2,0,0.0,-3.453285397430289,-72.56236701284139,282.5330745736563,35.598796946318274,5,Chiclayo,inf,False
858e6caffffffff,1,413.05924363040936,133.18096355044358,3.229709191715717,10032.039224054895,3.3118726557428704,11.64158445957845,119.22741560674334,SIERRA,AYACUCHO,LA MAR,0,0,0,0.0,-13.333579365369523,-73.37362798145283,289.1603803574373,34.69368525402435,5,Pisco,17.170225864210806,False
858e61a7fffffff,2,412.67063227105535,133.05566521592257,3.226670640469945,10022.600954702326,1.366264977802884,9.07905221732204,49.18553920090383,SIERRA,AYACUCHO,HUANTA,2,0,0,0.0,-12.606679807705705,-74.18595814767457,291.8325418254296,34.34367151795469,5,Jauja,6.445169939433981,False
85b3310ffffffff,1,126.9276330061596,77.86027059535381,2.896562173836066,9926.016938811796,0.68303277766174,0.5875824454897313,24.58917999582264,COSTA,MOQUEGUA,ILO,0,0,0,0.0,-17.58104664005889,-71.10506101089435,276.6807797926972,35.87533961068367,5,Pisco,13.653343406522254,False
858f4ac7fffffff,1,686.995774445688,168.04602503601433,2.0184152517867275,9918.354850476631,2.4492246391778902,10.059817966407635,88.17208701040406,SELVA BAJA,UCAYALI,PADRE ABAD,0,0,0,0.0,-9.30225919881612,-75.6428877898867,296.0735595661751,33.499630514151974,5,Picota,6.558843044418609,False
858f5ab7fffffff,1,463.4286381101919,82.81843968436911,6.2837175454590986,9867.899118057168,1.6800549667280202,3.0217497146938794,60.48197880220873,COSTA,ANCASH,HUARMEY,0,2,0,0.0,-9.749103251174564,-78.03305558367913,300.58871893138723,32.82857438275862,5,Otuzco,5.742016520824109,False
858f45b3fffffff,1,1897.2572078418184,611.8535846507366,2.788713362244049,9714.92713336808,7.89022829117774,,284.0482184823986,SELVA BAJA,LORETO,REQUENA,0,0,0,0.0,-5.8745460055448815,-74.75774645578882,291.81778782533735,33.29107250714541,5,Chiclayo,inf,False
85b322d3fffffff,1,366.4498211107985,122.39186503989042,5.741145467818502,9638.85484058175,1.2435836610666582,5.066400961035408,44.769011798399696,SIERRA,PUNO,PUNO,0,0,0,0.0,-16.399570564349386,-70.29264678193314,276.1248332798822,34.90759858897491,5,Pisco,16.77365113426822,False
858b65d3fffffff,1,127.69228736506972,87.96088692248253,4.539016202373985,9606.882906961278,2.683679746330924,7.874566147522818,96.61247086791326,SIERRA,CUSCO,ESPINAR,0,5,0,0.0,-15.01924535121976,-71.62619055465072,282.3374763847324,34.026240618054835,5,Pisco,16.7478646593172,False
858e6633fffffff,1,91.33274525101358,46.02926810043059,1.8924775088935408,9242.348886641154,1.048834661435571,2.437344203211481,37.75804781168056,SIERRA,LIMA,CANTA,0,0,0,0.0,-11.415153048236292,-76.42472645940292,297.4770995260225,31.069110534448573,5,Jauja,4.662145157039049,False
85b33533fffffff,2,116.11999036543546,71.23061903268874,2.649925502844651,9080.83578022794,3.651322348440977,4.990783853852685,131.44760454387517,SIERRA,MOQUEGUA,GENERAL SANCHEZ CERRO,0,0,0,0.0,-16.45979640447751,-70.7286731754483,277.4520727561757,32.72938525929903,5,Pisco,17.113779422435982,False
858f5ea3fffffff,2,423.57775121297874,75.69676441129133,5.743371747626504,9019.344455422568,2.169405326067131,2.941002024686856,78.09859173841673,SIERRA,ANCASH,CORONGO,0,0,0,0.0,-8.648458759106278,-78.07152901659386,300.4221729397676,30.02223293695063,5,Otuzco,4.005183700559428,False
858f4c43fffffff,1,1734.5926730002582,559.3952894196077,2.54961833601306,8882.001530746928,5.028839965588124,14.873144883211673,181.0382387611725,SELVA BAJA,LORETO,UCAYALI,0,0,0,0.0,-7.957025879952093,-74.79642627569629,293.6419027842176,30.24773183435559,5,Satipo,10.521044587920187,False
858b4d8bfffffff,1,612.7127894758886,149.87566530992015,1.800169499209481,8845.910111092955,2.304090306914095,,82.94725104890742,SELVA BAJA,UCAYALI,ATALAYA,0,0,0,0.0,-9.578755064693755,-72.48641865484903,288.0307197402784,30.711689777637066,5,Chiclayo,inf,False
858b60affffffff,1,116.52777675854314,80.27020900238303,4.142156724168235,8766.925002504724,1.8189328499466464,10.004188720340494,65.48158259807929,SIERRA,CUSCO,CANCHIS,2,3,0,0.0,-13.89042916821386,-71.24955519301743,282.42826175336245,31.04124547620755,5,Pisco,16.35642847294548,False
858f0b8ffffffff,1,200.6817444584524,63.59680943792641,2.2074997940631307,8630.648255854405,0.4106112929318,0.3446442726755059,14.7820065455448,COSTA,PIURA,PAITA,0,19,3,37070861.1104,-5.207315337401706,-81.09817296831598,301.06208338916804,28.667337177421956,5,Chiclayo,4.1678261729102815,False
858f6e03fffffff,1,1684.2116258581516,543.1477167842554,2.475564961073528,8624.024805258501,6.975185900582666,,251.106692420976,SELVA BAJA,LORETO,REQUENA,0,0,0,0.0,-5.601443023587618,-74.16038237721975,290.0270828972035,29.735239616622906,5,Chiclayo,inf,False
858b4487fffffff,1,1597.7806565080336,404.27704947065433,4.807921218076976,8538.173265507345,5.834702302816074,13.467901388146206,210.04928290137863,SELVA BAJA,MADRE DE DIOS,TAMBOPATA,0,0,0,0.0,-12.652256878150904,-70.01538715991047,279.3274693775582,30.56689442156712,5,Pisco,22.78538317490711,False
858f083bfffffff,1,198.4649233505225,62.89429038249644,2.1831147551925763,8535.310220597004,0.3841976750230596,2.079938819698389,13.831116300830146,COSTA,PIURA,TALARA,0,6,0,0.0,-4.542165543738591,-81.02632644507237,300.0856777825245,28.442910983517983,5,Chiclayo,4.47412669575715,False
858b4453fffffff,1,1556.691652402462,393.88054023903527,4.684279281454346,8318.60305420735,2.942331870175229,15.952052008529252,105.92394732630824,SELVA BAJA,MADRE DE DIOS,TAMBOPATA,0,0,0,0.0,-12.45120996171497,-69.29512085393074,276.89692198631565,30.04223735870368,5,Pisco,26.02035160609921,False
85b335b7fffffff,1,105.92257880906858,64.97529696966419,2.41721465899099,8283.376019549816,2.545512843364401,8.041617163018081,91.63846236111846,SIERRA,MOQUEGUA,GENERAL SANCHEZ CERRO,0,0,0,0.0,-16.14918813132701,-70.4173152565635,276.9239595473253,29.912095844253656,5,Pisco,17.991015115681876,False
858f44bbfffffff,1,1617.0013186677882,521.4728130284913,2.376774833426312,8279.873662088825,0.8616084858568809,,31.01790549084771,SELVA BAJA,LORETO,ALTO AMAZONAS,0,0,0,0.0,-5.263374164856428,-75.85529183956857,293.5748322504131,28.20362221999421,5,Chiclayo,inf,False
858e6c8bfffffff,2,336.9220671230002,108.63237231170136,2.634392799238892,8182.882830851043,3.1166509399366227,9.124767158033835,112.19943383771844,SELVA ALTA,AYACUCHO,LA MAR,0,0,0,0.0,-12.888304779573303,-73.77266247497307,290.5755507974466,28.160947500208437,5,Jauja,7.53179168303177,False
858f6127fffffff,1,1576.5285577921345,508.4206007506159,2.317285308972623,8072.63242923539,0.4821049115299151,,17.355776815076943,SELVA BAJA,LORETO,REQUENA,0,0,0,0.0,-4.904266945922404,-73.67292220998297,287.87200042220536,28.042436976835965,5,Chiclayo,inf,False
85b33157fffffff,1,103.13421876824287,63.26485408064076,2.3535826662562034,8065.320200330381,1.2996469389524992,0.9353344798762584,46.78728980228997,COSTA,MOQUEGUA,ILO,0,2,0,0.0,-17.405236401122377,-71.38134691752197,277.8594569754121,29.02661758618525,5,Pisco,12.91158058020119,False
858f6ad3fffffff,1,1562.4239112623288,503.87194045098784,2.296553372319637,8000.409426095586,6.823260945767844,,245.6373940476424,SELVA BAJA,LORETO,REQUENA,0,0,0,0.0,-6.232957654450734,-74.50163187120494,291.57452619251706,27.438643322404577,5,Chiclayo,inf,False
85b3356ffffffff,1,100.70396673736384,61.77408271543325,2.2981229059281203,7875.269206289419,3.2492638335434894,4.442049110706992,116.9734980075656,SIERRA,MOQUEGUA,GENERAL SANCHEZ CERRO,1,0,0,0.0,-16.84433535565986,-71.19189435741472,278.2780614784348,28.30000023878891,5,Pisco,13.769736144118724,False
858b4417fffffff,1,1452.5520332170825,367.5307044178434,4.370910182457918,7762.104820994289,7.975648574255151,16.3150475828293,287.12334867318543,SELVA BAJA,MADRE DE DIOS,TAMBOPATA,0,0,0,0.0,-12.416060284048536,-69.85675045448917,278.91649340390296,27.8294937895762,5,Pisco,23.30146595304359,False
858b4507fffffff,1,1446.675107216824,366.0437003702826,4.3532257793462525,7730.6998767333935,5.508032846612684,21.05864764013556,198.28918247805663,SELVA BAJA,MADRE DE DIOS,TAMBOPATA,0,0,0,0.0,-11.61314178280316,-70.7899760778261,282.473672684237,27.36785981954202,5,Pisco,32.64733676882861,False
858f714ffffffff,1,1500.0528108098392,483.7576506052387,2.2048762288459907,7681.037496122433,2.742287716968036,10.217660266129586,98.72235781084927,SELVA BAJA,LORETO,DATEM DEL MARAÑON,0,0,0,0.0,-4.918234611332905,-77.56059547282368,296.3685216741183,25.91718395980113,5,Chiclayo,9.38161538793429,False
858b7587fffffff,2,288.8857279056617,96.4859606551418,4.525953874000035,7598.659997589544,2.3627409837343443,10.36525003733454,85.05867541443638,SELVA ALTA,PUNO,SAN ANTONIO DE PUTINA,0,0,0,0.0,-14.419919223474322,-69.15149734768187,274.7814477802665,27.6534680888134,5,Pisco,20.744796536868307,False
858b4007fffffff,1,1384.8331573050916,350.396195224947,4.167135641168155,7400.230684186537,3.5509892943600576,20.886938247443048,127.83561459696207,SELVA BAJA,MADRE DE DIOS,TAHUAMANU,0,0,0,0.0,-11.10853982743438,-69.762846670105,279.10815669106205,26.51384600120329,5,Pisco,29.479653167449214,False
858e62c7fffffff,10,72.77244892203642,36.67537368499425,1.5078953607882446,7364.153573006386,0.3934771229559103,0.4193398549934682,14.165176426412774,COSTA,LIMA,LIMA,350,1135,199,2357720896.0084,-12.126276415588224,-76.93522050863821,298.0951167547118,24.70403961385921,5,Pisco,2.7855116323335096,False
858a69dbfffffff,1,1426.385527795876,460.0004125263564,2.0965952136772867,7303.823334734188,4.4370127188611175,,159.73245787900024,SELVA BAJA,LORETO,MAYNAS,0,0,0,0.0,-3.29074603356728,-72.54929559323703,282.21185383676936,25.88063979395671,5,Chiclayo,inf,False
858a6d2bfffffff,1,1416.2961217351294,456.7466421678888,2.081765141411694,7252.160416130434,0.4918947238798798,,17.708210059675675,SELVA BAJA,LORETO,MAYNAS,0,0,0,0.0,-3.557500069103025,-73.13519091204061,284.34605229328974,25.50469879093017,5,Chiclayo,inf,False
858f584ffffffff,1,327.0181672622704,58.4407870681992,4.434101879610653,6963.277663364284,0.6873384682827234,1.871098123185718,24.74418485817804,COSTA,ANCASH,CASMA,0,4,0,0.0,-9.581950768340144,-78.01651731035182,300.54997357573336,23.1684520897476,5,Otuzco,4.278066374536138,False
858f4c47fffffff,1,481.3444910095999,117.7416679926633,1.4142052952235502,6949.3083432825415,4.727596055609725,14.571900973233271,170.1934580019501,SELVA BAJA,UCAYALI,CORONEL PORTILLO,0,0,0,0.0,-8.053348383612427,-74.66030969707371,293.3663315633021,23.688159122591856,5,Satipo,10.521044587920187,False
858b664ffffffff,1,260.82106525725766,87.11254523678643,4.086266633107582,6860.46558778501,1.973958384895112,9.798915403497542,71.06250185622403,SIERRA,PUNO,SANDIA,0,0,0,0.0,-14.405135168659497,-69.43341686935078,275.80558685907647,24.874280705888605,5,Pisco,19.87798387544717,False
858f5cbbfffffff,1,77.9406006039649,34.78172148860354,1.764353454057101,6766.909522795952,3.016528230842467,9.574846704335544,108.59501631032882,SELVA ALTA,LA LIBERTAD,PATAZ,0,0,0,0.0,-8.067453928778567,-77.13462865381305,298.60027025074,22.66210113310901,5,Otuzco,8.117403458738409,False
858f6ecffffffff,1,1237.8311505957893,399.1928050419215,1.8194455952522623,6338.328499555695,6.576750985500476,,236.76303547801712,SELVA BAJA,LORETO,REQUENA,0,0,0,0.0,-5.408331291019267,-74.4301342275647,290.47303896116006,21.82071190573804,5,Chiclayo,inf,False
858b6c57fffffff,1,83.88113829901569,57.78155809641455,2.981682399691716,6310.767003784645,2.7829116597400647,14.003416707373372,100.18481975064232,SELVA ALTA,CUSCO,LA CONVENCION,0,0,0,0.0,-12.735881183121696,-72.45405742045895,287.05187547384327,21.984761442047063,5,Jauja,11.392206991815328,False
858e6077fffffff,3,59.75129196372846,30.113057804041414,1.238088002916266,6046.48732761274,2.328110179087887,6.320553984007618,83.81196644716393,SIERRA,LIMA,YAUYOS,0,0,0,0.0,-12.227697180521536,-75.76446236630744,295.72628391411246,20.446229018212044,5,Jauja,3.0346709129880765,False
858f718ffffffff,1,1140.0213752605202,367.649764169333,1.6756783578380858,5837.492431369593,3.311478133431054,13.293010808215817,119.21321280351792,SELVA BAJA,LORETO,DATEM DEL MARAÑON,0,0,0,0.0,-4.482894160689768,-76.93887019739806,294.6510335016037,19.81154575294514,5,Chiclayo,9.69010460899517,False
858f752bfffffff,1,1135.752854967482,366.2731930688755,1.6694042061157972,5815.6354246112205,5.8101601355712615,15.790475575282276,209.1657648805654,SELVA BAJA,LORETO,DATEM DEL MARAÑON,0,0,0,0.0,-3.9878493042042167,-76.89194535171012,293.7985000507952,19.79463960369351,5,Chiclayo,9.69010460899517,False
858a6ad7fffffff,1,1093.4797379999643,352.64037721026153,1.6072683999300228,5599.175447892017,7.181638727232286,,258.5389941803623,SELVA BAJA,LORETO,MARISCAL RAMON CASTILLA,0,0,0,0.0,-3.46443722411164,-70.88411496589572,277.3232752415083,20.19006678403011,5,Chiclayo,inf,False
858e6203fffffff,2,55.293925144553874,27.866663788643383,1.1457282864641578,5595.427424121092,1.0384601324725844,0.972761658339627,37.38456476901304,COSTA,LIMA,LIMA,18,5,1,418738.84,-12.389216898860631,-76.81253624311574,297.7057455976423,18.795161016756023,5,Pisco,2.1865125002223067,False
858f5ba3fffffff,1,262.252481363258,46.86663603360394,3.5559315565876943,5584.206103675155,2.2241133178838983,3.4757158736777662,80.06807944382034,SIERRA,ANCASH,OCROS,0,0,0,0.0,-10.501112596118077,-77.22161843896036,299.2068022183984,18.663366147669016,5,Pisco,8.306209057192973,False
858e617bfffffff,1,165.3798867787693,50.33399689319072,1.432962928447311,5571.544889155888,0.8191229653217481,4.786626252498867,29.48842675158293,SIERRA,HUANCAVELICA,HUANCAVELICA,1,3,0,0.0,-12.869291947457754,-75.08796975020066,293.79850005079453,18.96383027208317,5,Jauja,3.5483594887955405,False
858e6d0ffffffff,1,261.82014636400856,80.23201960842697,0.9904162632628476,5529.076411568321,1.0727316643065368,11.59578353390905,38.61833991503532,SIERRA,APURIMAC,ABANCAY,0,0,0,0.0,-14.033739710709405,-72.85051561376385,287.05905261703003,19.261111472226407,5,Pisco,10.306486620631404,False
85b3224ffffffff,1,49.37875075281607,29.6199620650329,1.6726354937841634,5508.6720526837225,1.426985627094036,4.232223450447107,51.37148257538529,SIERRA,TACNA,CANDARAVE,0,1,0,0.0,-17.121976605610712,-70.4912574187143,275.5707460841353,19.990046588623937,5,Pisco,16.495438362619097,False
858f4c53fffffff,1,1049.124502713624,338.3360912147715,1.5420721593690494,5372.053960615992,6.256848464028398,16.101153381651947,225.2465447050223,SELVA BAJA,LORETO,UCAYALI,0,0,0,0.0,-7.791218778860737,-74.78184607290241,293.51151129823904,18.302702803221276,5,Satipo,10.521044587920187,False
858b6053fffffff,1,203.9070307173951,68.1036265991311,3.1945981627469373,5363.436292863557,1.5883075450736697,8.888483198008558,57.17907162265211,SIERRA,PUNO,CARABAYA,10,0,0,0.0,-14.10557055831772,-70.40691839979303,279.471549464555,19.191349899978977,5,Pisco,18.780567583778975,False
858f5817fffffff,3,251.248832918286,44.9001952051646,3.4067309826229626,5349.902731254453,1.4501679356892214,5.089721262948443,52.206045684811976,SIERRA,ANCASH,CARHUAZ,0,1,0,0.0,-9.304552756776474,-77.40036364354334,299.4992835554179,17.862823135149615,5,Otuzco,7.535275793576147,False
858f6a3bfffffff,1,1002.8234531207222,323.40429227395526,1.474015833030183,5134.9689090297725,7.735528032906333,,278.479009184628,SELVA BAJA,LORETO,REQUENA,0,0,0,0.0,-7.017741674879636,-74.13832355842848,291.3757452230169,17.623185845820846,5,Chiclayo,inf,False
858b6d47fffffff,1,68.18895845904188,46.97199328280172,2.423880045187949,5130.171547407495,10.418211930646908,17.07289041228595,375.0556295032886,SELVA ALTA,CUSCO,LA CONVENCION,0,0,0,0.0,-11.917866790264725,-73.39938957417674,290.1914419818397,17.67857629560469,5,Chiclayo,inf,False
858b6023fffffff,1,67.00430721739939,46.155945766863816,2.381769818400292,5041.044741091399,1.1711318399831128,12.481689614157103,42.16074623939206,SIERRA,CUSCO,QUISPICANCHI,0,0,0,0.0,-13.653590540165412,-71.08780332488455,282.1351303540729,17.867483339508297,5,Pisco,17.10100597586461,False
858e6cb3fffffff,1,66.75351095189828,45.98318465179933,2.3728548844125417,5022.1761750574615,7.485170026661238,12.899634085353744,269.4661209598046,SIERRA,CUSCO,LA CONVENCION,0,0,0,0.0,-13.003289843507108,-73.34570433677548,289.3566482295553,17.356353157205564,5,Jauja,10.850446595661197,False
858b6553fffffff,1,66.1496897536697,45.56724216040254,2.3513911432684846,4976.747906304326,0.911512889488218,6.548705287651025,32.81446402157585,SIERRA,CUSCO,ESPINAR,0,0,0,0.0,-14.618671094905022,-71.4502557878664,282.2816326375734,17.630434753415443,5,Pisco,16.72028167949793,False
858e6a9bfffffff,1,204.613919637928,65.97280993811923,1.5998757253303262,4969.492631502488,2.0320758006061967,3.926477086693997,73.15472882182308,SIERRA,AYACUCHO,LUCANAS,2,0,0,0.0,-14.383149640926591,-74.93049955897288,291.97276685576514,17.020397775513846,5,Pisco,4.5428065991836775,False
858b6647fffffff,1,181.8634483335419,60.74121296240968,2.849242793998435,4783.616414332022,0.7248071785406585,8.549764197143089,26.093058427463703,SIERRA,PUNO,SANDIA,0,0,0,0.0,-14.478933139937697,-69.5804705014017,276.2459718189751,17.316511016735266,5,Pisco,18.875217356593566,False
858f6e23fffffff,1,905.9604156985824,292.1665684577357,1.331640173235516,4638.9806231066295,8.17466973433006,,294.2881104358821,SELVA BAJA,LORETO,REQUENA,0,0,0,0.0,-5.958922170044252,-73.90470550361938,289.7717214019342,16.00908674132501,5,Chiclayo,inf,False
858b6ccbfffffff,1,61.39548478072912,42.29230602557123,2.1823957102092497,4619.067020221091,3.022587040860929,13.519583775012723,108.81313347099342,SELVA ALTA,CUSCO,LA CONVENCION,0,0,0,0.0,-12.99315143651769,-72.33051707147041,286.50370927549733,16.122189244605803,5,Jauja,14.069993550310755,False
858e6003fffffff,1,54.6812911344728,26.86080912147451,1.5702392680101915,4591.108852081527,2.1499912966484995,5.045668762309545,77.39968667934599,SIERRA,JUNIN,JAUJA,0,0,0,0.0,-11.895001355923933,-75.73378605808004,295.84699841049775,15.518524361403893,5,Jauja,1.3851942313776817,True
858e6e13fffffff,1,135.09455184527468,41.11654013866444,1.17055035167876,4551.250908118118,2.671979765783812,5.093709544101121,96.19127156821722,SIERRA,HUANCAVELICA,HUAYTARA,0,0,0,0.0,-13.555502807529349,-74.85589851079236,292.6755795135483,15.550497638657395,5,Pisco,4.1317575611537904,False
858a685bfffffff,1,886.7791938245628,285.9807443569801,1.303446352427691,4540.762958119056,3.927951903608521,,141.40626852990675,SELVA BAJA,LORETO,MARISCAL RAMON CASTILLA,0,0,0,0.0,-3.5690655449473585,-71.44948597531885,279.3343275266367,16.255656790646537,5,Chiclayo,inf,False
858b44c7fffffff,1,816.842758344448,206.6809226159284,2.457981709617129,4365.02030051005,4.592345905483876,15.17388616199142,165.32445259741954,SELVA BAJA,MADRE DE DIOS,TAMBOPATA,0,0,0,0.0,-12.596991811887923,-69.58723972765567,277.85945697541314,15.709453793743997,5,Pisco,24.23188741497688,False
858a6a0ffffffff,1,836.7522689767464,269.8473739469617,1.2299134897149004,4284.5995198702885,7.3050953377182,,262.9834321578552,SELVA BAJA,LORETO,PUTUMAYO,0,0,0,0.0,-2.8849761837950467,-70.97966040532121,276.6099193998228,15.489681386578043,5,Chiclayo,inf,False
858f6cc3fffffff,1,830.8836234544084,267.9547724667588,1.2212873687447057,4254.5490536575735,2.452603515874503,,88.29372657148211,SELVA BAJA,LORETO,REQUENA,0,0,0,0.0,-4.768803839097621,-73.37710638515335,286.8868836885891,14.830057752921933,5,Chiclayo,inf,False
858b63a7fffffff,3,795.7504561250245,201.34406134333796,2.3945123423007844,4252.307876445867,2.0422182961497044,13.485611217040471,73.51985866138936,SELVA BAJA,MADRE DE DIOS,MANU,0,0,0,0.0,-12.815014550109844,-71.30969264433803,283.514462069515,14.99855720024343,5,Pisco,17.960717105759613,False
858e6e83fffffff,2,172.52518126313913,55.6265722935833,1.3489739603226232,4190.148053235754,2.072485964270033,4.841924634405636,74.60949471372119,SIERRA,AYACUCHO,CANGALLO,1,0,0,0.0,-13.318295036416371,-74.68780998060603,292.49776085806224,14.325402153314498,5,Pisco,3.9014822124809143,False
858f684bfffffff,1,812.8114028766015,262.12659434867,1.1947236309433975,4162.010042433436,14.48856172256598,,521.5882220123752,SELVA BAJA,LORETO,REQUENA,0,0,0,0.0,-6.3847527068177685,-73.79768237738939,289.92854190322817,14.355296015742471,5,Chiclayo,inf,False
858b6dd3fffffff,1,54.78749896591314,37.74039216267181,1.9475048229252296,4121.917605140883,6.014496637201744,11.73800967480086,216.5218789392628,SELVA ALTA,CUSCO,LA CONVENCION,0,0,0,0.0,-12.579386821409834,-73.45523945662687,289.9577334166988,14.215580859218775,5,Jauja,8.900022482743225,False
858f6e0bfffffff,1,765.8022000988568,246.96642043431976,1.1256264145022692,3921.2988844017777,7.013890202759905,,252.50004729935657,SELVA BAJA,LORETO,REQUENA,0,0,0,0.0,-5.669670990023116,-74.30943910489783,290.48401948893934,13.499189701728454,5,Chiclayo,inf,False
858f6123fffffff,1,755.3138030698595,243.5839779837613,1.1102098790834596,3867.5929280025134,0.9955852605528496,,35.84106937990258,SELVA BAJA,LORETO,REQUENA,0,0,0,0.0,-4.807913339379977,-73.8072498032642,288.09569241266325,13.424681554983614,5,Chiclayo,inf,False
858f4407fffffff,1,734.6900481014409,236.932945981232,1.0798957283070874,3761.988755881572,2.321866487045481,,83.5871935336373,SELVA BAJA,LORETO,ALTO AMAZONAS,0,0,0,0.0,-5.4966467599325615,-76.02107242460059,294.21303496486365,12.786614829390029,5,Chiclayo,inf,False
858f73affffffff,1,104.6738660950204,54.240794049755074,1.0681895252272071,3736.583583087985,2.782240851065514,9.780505536791049,100.1606706383585,SELVA ALTA,AMAZONAS,BONGARA,0,0,0,0.0,-5.317371197361115,-77.74477905004649,297.19930788554,12.57265237147541,5,Picota,3.7279701984653,False
85b3351bfffffff,1,20.38781518526874,16.28473084966748,0.6981468101129834,3619.1977708712952,3.2833867248504447,4.568186407963483,118.201922094616,SIERRA,AREQUIPA,AREQUIPA,0,0,0,0.0,-16.193921637735606,-71.14085016900867,279.18008702283987,12.963667321212656,5,Pisco,14.383432586515482,False
858b71b7fffffff,1,658.1153498666536,166.51905927871042,1.9803511462464165,3516.8174448500845,5.262452417539561,17.7638185507215,189.4482870314242,SELVA BAJA,MADRE DE DIOS,TAMBOPATA,0,0,0,0.0,-13.103070215152668,-69.34100995892598,276.6402844355404,12.712600596206851,5,Pisco,25.343488369644547,False
85b33147fffffff,1,44.73316670762467,27.44033258915108,1.0208367991461758,3498.2309206461505,0.902333284938074,0.5380208258618316,32.483998257770665,COSTA,MOQUEGUA,ILO,2,0,0,0.0,-17.567346102951806,-71.3942854870497,277.59454393376524,12.601944083889622,5,Pisco,13.005374374713938,False
858b642bfffffff,1,132.97982955531916,44.4144011385428,2.083386324077264,3497.813888743778,1.5618423472913017,7.759905204111439,56.22632450248686,SIERRA,PUNO,MELGAR,2,20,0,0.0,-14.725870959140822,-71.02684968998015,280.8222919998525,12.455613348336373,5,Pisco,16.409561791335364,False
858b63cffffffff,1,650.6474223961987,164.62949347935054,1.9578792213335616,3476.91055374005,4.463046520356975,11.847299828964882,160.6696747328511,SELVA BAJA,MADRE DE DIOS,MANU,0,0,0,0.0,-13.034368561590936,-70.46956075050146,280.61484122749204,12.390330242445549,5,Chiclayo,inf,False
858f711bfffffff,1,675.9136400761712,217.9779219631317,0.9935023000637808,3461.023489408217,1.9594457817863329,11.940978456571097,70.54004814430799,SELVA BAJA,LORETO,DATEM DEL MARAÑON,0,0,0,0.0,-4.617737371405712,-77.24141006852884,295.39474198466854,11.716604927205676,5,Chiclayo,9.69010460899517,False
858a6caffffffff,1,675.2112923944777,217.7514192280576,0.9924699432716788,3457.427110107751,10.5242759555564,,378.8739344000304,SELVA BAJA,LORETO,MARISCAL RAMON CASTILLA,0,0,0,0.0,-4.5268050950128975,-72.507593995775,284.07428202956754,12.170855754368812,5,Chiclayo,inf,False
858b75a3fffffff,1,128.02326783542162,42.75894165095264,2.005732194603563,3367.439752438684,2.0918871460312234,10.66327934465476,75.30793725712404,SELVA ALTA,PUNO,SANDIA,0,0,0,0.0,-14.16879161626639,-69.27511461847715,275.4836043787217,12.223739267652707,5,Pisco,20.026355334170148,False
858b6e67fffffff,1,599.787160686782,151.7606203612306,1.8048343522311407,3205.124983527231,12.669038036779108,22.795018847756005,456.0853693240479,SELVA BAJA,MADRE DE DIOS,MANU,0,0,0,0.0,-11.716725738338846,-71.65387036312671,285.2065648866922,11.2379074612135,5,Pisco,20.555210901236933,False
858b75b3fffffff,1,120.81072881599174,40.35000036784556,1.8927338157877525,3177.72587447967,3.258734350467737,11.083691369070156,117.31443661683852,SIERRA,PUNO,SANDIA,0,0,0,0.0,-14.331325469725837,-69.28661784495593,275.3596741868169,11.540273222155804,5,Pisco,20.46393328789236,False
858b65affffffff,2,81.98450785151383,35.019127124548014,1.1320972536057838,3131.743228807415,2.134109620139243,9.730913372163515,76.82794632501276,SIERRA,APURIMAC,CHUMBIVILCAS,1,0,0,0.0,-14.4008821595394,-72.30010581445113,285.08945063228737,10.985124920833302,5,Pisco,14.154551621917562,False
858b758ffffffff,1,117.1623171475881,39.13145451844206,1.8355743879258448,3081.7604559024985,3.286460361809951,11.336649301910494,118.31257302515824,SELVA ALTA,PUNO,SANDIA,0,0,0,0.0,-14.34602013595187,-69.00511776401119,274.32830755475,11.23384051530098,5,Pisco,20.744796536868307,False
858b6677fffffff,1,117.0952450680878,39.10905287862883,1.8345235740270327,3079.996236080533,1.6817706449052592,9.320853147009569,60.54374321658933,SIERRA,PUNO,CARABAYA,0,1,0,0.0,-14.30082651503145,-69.85159165547142,277.38088286148775,11.103851874386573,5,Pisco,19.15651526584952,False
858e6a73fffffff,1,18.052093878240857,11.93347687137918,0.4172032666691947,3069.092202971163,0.633159896427945,4.369522015131788,22.79375627140602,COSTA,ICA,NASCA,0,2,1,1502478.12,-15.11595727257244,-75.14484633264074,291.53033311504413,10.52752271153902,5,Pisco,4.340052529181776,False
858e61b3fffffff,1,118.58595218912605,38.23517236240815,0.9272232632476176,2880.116937529851,5.3909880444046046,10.80310106727727,194.07556959856572,SIERRA,AYACUCHO,HUANTA,0,0,0,0.0,-12.346748602048567,-74.30927624941923,292.30902574262115,9.852986681519036,5,Jauja,5.883979831603938,False
858f45dbfffffff,1,558.0789855539721,179.97698278235424,0.8203011788645802,2857.649799358592,2.246148800511451,,80.86135681841225,SELVA BAJA,LORETO,ALTO AMAZONAS,0,0,0,0.0,-5.623143914411567,-75.5993905119809,293.4631047509483,9.737679977807698,5,Chiclayo,inf,False
858e614ffffffff,1,83.04145456076697,25.273982207153544,0.7195271941932242,2797.614635962536,1.3856115884999014,5.019022958369785,49.88201718599645,SIERRA,HUANCAVELICA,HUANCAVELICA,0,0,0,0.0,-12.774539135679472,-75.22631278392588,294.18312598577626,9.509772617270375,5,Jauja,3.4366584627714474,False
858b62d3fffffff,1,101.83660814235137,34.01276704706129,1.595467503633175,2678.6430959794093,4.016593874210175,11.6556763763145,144.59737947156628,SIERRA,PUNO,SANDIA,0,0,0,0.0,-13.990768193519187,-69.54543777854354,276.6200404611786,9.683474456563587,5,Pisco,21.51663150010245,False
858b66cffffffff,1,99.00893719683856,33.068343279323166,1.551166567193628,2604.265901038748,0.6110045782880537,7.8895746628463295,21.99616481836993,SIERRA,PUNO,SAN ANTONIO DE PUTINA,0,0,0,0.0,-14.80411366437989,-69.60389235412697,275.96345289346584,9.436995637404603,5,Pisco,17.68235785984689,False
858b75bbfffffff,2,98.19079783218328,32.795090034447284,1.538348831081227,2582.74610181665,2.680247046522049,11.175112060014897,96.48889367479376,SELVA ALTA,PUNO,SANDIA,0,7,0,0.0,-14.257505905429849,-69.14007468985143,274.9082835102886,9.394937354515871,5,Pisco,20.77193026792338,False
85b3200ffffffff,1,92.88542379042292,31.023129492245413,1.4552298816910871,2443.1970358394647,0.9274651281888175,7.158978088904137,33.38874461479743,SIERRA,PUNO,CHUCUITO,0,0,0,0.0,-16.537555036871424,-69.01765452849885,271.51763739517634,8.998299555338093,5,Pisco,18.842527454000447,False
858b605bfffffff,1,91.42026017165364,30.533774340300752,1.4322752587525034,2404.658336608531,1.1667978690952747,9.611804798723826,42.00472328742989,SIERRA,PUNO,CARABAYA,0,0,0,0.0,-14.032188505913954,-70.25883741500269,279.0465267016596,8.617410024886109,5,Pisco,18.96145461845117,False
858a6e0ffffffff,1,469.605092518677,151.44470556769605,0.6902564349587509,2404.6182227802024,7.3128254299436914,,263.26171547797287,SELVA BAJA,LORETO,MARISCAL RAMON CASTILLA,0,0,0,0.0,-4.016824866159167,-71.06480063489971,278.8207440038089,8.624244337958418,5,Chiclayo,inf,False
858b60cbfffffff,1,88.10346592190984,29.425986559291072,1.3803112593790516,2317.415564289943,2.043024441232037,8.71708768887415,73.54887988435335,SIERRA,PUNO,MELGAR,2,0,0,0.0,-14.268838431946516,-70.41912011557949,279.344615276459,8.29590204198662,5,Pisco,18.862185862080878,False
858f5d03fffffff,1,55.02378538626407,25.58176805034429,0.7552556885883108,2247.730293752048,2.631023368153293,11.394184149969307,94.71684125351857,SIERRA,HUANUCO,MARAÑON,0,0,0,0.0,-8.88780204261556,-76.48084913498725,297.70574559763065,7.550174381887835,5,Chiclayo,inf,False
858b6e8bfffffff,1,417.9432831592501,105.74973271423522,1.257643451164167,2233.3930206462805,6.864452697685062,16.82151770843658,247.1202971166622,SELVA BAJA,MADRE DE DIOS,MANU,0,0,0,0.0,-12.539321977750818,-71.71837766506671,284.9759618188079,7.83712775769595,5,Jauja,17.419340869611915,False
858f08bbfffffff,1,12.806607588971913,10.495080280834475,0.3177437566062941,2152.457541347091,1.5429829616361517,2.290838338337045,55.54738661890146,COSTA,TUMBES,CONTRALMIRANTE VILLAR,1,0,0,0.0,-4.143293703005311,-80.83693575048284,299.3260463059066,7.191013170792738,5,Chiclayo,7.088905521493871,False
858b643bfffffff,1,81.40686572102216,27.189365497425865,1.2753960604124397,2141.2726013431807,1.8835579485326928,6.860815421337563,67.80808614717697,SIERRA,PUNO,MELGAR,0,5,0,0.0,-14.8892617974871,-71.03945873886616,280.6666799700228,7.629236935327997,5,Pisco,16.129181542471997,False
858b64a3fffffff,1,12.041720165135365,9.618302406328098,0.4123486722420781,2137.618297158376,2.7917506519883144,6.164642623957431,100.50302347157933,SIERRA,AREQUIPA,CAYLLOMA,0,1,0,0.0,-15.199545867745282,-71.35166124054766,281.25877154942555,7.600183579635428,5,Pisco,15.904225326363303,False
85b335a7fffffff,1,24.819128772899266,15.22461292652555,0.5663869079450778,1940.909845804768,3.541578529613401,6.057094794869922,127.49682706608246,SIERRA,MOQUEGUA,GENERAL SANCHEZ CERRO,0,0,0,0.0,-16.3115377318125,-70.42960365863759,276.71453347124384,7.014123260737468,5,Pisco,17.28300971914905,False
858e6d27fffffff,1,91.2294780364645,27.9563103616627,0.3451039195840736,1926.5696779109512,1.374652747001142,10.63408646535891,49.48749889204112,SIERRA,APURIMAC,COTABAMBAS,0,0,0,0.0,-14.309373353348429,-72.43763818256184,285.5904090856318,6.745918688513402,5,Pisco,13.088101090861528,False
858e6547fffffff,1,22.77334273311312,11.186831903945825,0.6539640209930009,1912.078029693185,3.2201904038075164,8.451239466022521,115.9268545370706,SIERRA,JUNIN,CONCEPCION,0,0,0,0.0,-11.540854579576775,-74.96862142386145,294.3065331967326,6.496892912720475,5,Satipo,2.169638213759754,False
858f716bfffffff,1,371.3287487039373,119.7511992782578,0.5458034045230881,1901.393085383004,4.356568393945837,13.69150958316806,156.83646218205013,SELVA BAJA,LORETO,DATEM DEL MARAÑON,0,0,0,0.0,-5.181913016231495,-77.44078941420182,296.5161864377814,6.412442801944565,5,Chiclayo,inf,False
858e6047fffffff,1,18.75446762611144,9.45175157136262,0.3886055113764802,1897.844332909888,3.482205097993755,4.222175725549756,125.35938352777518,SIERRA,LIMA,HUAROCHIRI,0,1,0,0.0,-12.03641674912599,-76.04112735916611,296.4139439298766,6.402682369621807,5,Jauja,4.062539539969293,False
858b666bfffffff,1,70.75121929530889,23.63044865774656,1.108454742230807,1860.9934929548065,3.139155621613086,10.77823812371741,113.0096023780711,SIERRA,PUNO,SANDIA,0,1,0,0.0,-14.153538905011985,-69.55710204111645,276.50199980350806,6.730488366367307,5,Pisco,20.476592444791095,False
858e6ed7fffffff,1,54.179405828596266,16.489708015700323,0.4694469294294336,1825.27027634034,1.424456214871287,3.846185993188589,51.28042373536633,SIERRA,HUANCAVELICA,HUAYTARA,0,0,0,0.0,-13.29554008574,-74.9794912438657,293.1989651459888,6.225363979137875,5,Pisco,3.067194839612057,False
858e60d3fffffff,1,21.58171148136486,10.60147301917335,0.6197448914577871,1812.0271955813068,0.9296476615775432,4.202538122408679,33.467315816791555,SIERRA,JUNIN,YAULI,1,0,0,0.0,-11.370455466738528,-75.9792291439802,296.5957490316628,6.109417284291102,5,Jauja,2.8108070265006972,False
858f0b83fffffff,1,41.82077682461563,13.253163517380951,0.4600286711530565,1798.5712429092994,0.6601118471914392,0.5043240632585827,23.764026498891813,COSTA,PIURA,PAITA,5,0,0,0.0,-5.040894947084749,-81.08018339987157,300.82912605738534,5.978713785068168,5,Chiclayo,4.184210732666543,False
858b6323fffffff,1,314.1643150864673,79.49115032454229,0.9453595963340866,1678.8220242383522,0.7050303752925975,16.255645168815473,25.38109351053351,SELVA BAJA,MADRE DE DIOS,MANU,0,0,0,0.0,-12.505839673525296,-70.99997671067162,282.72190109710743,5.938068532093387,5,Pisco,20.555210901236933,False
858f6cd7fffffff,1,299.29276991409,96.52004660996484,0.439920187538454,1532.5320358470344,4.272614159964534,,153.81410975872322,SELVA BAJA,LORETO,REQUENA,0,0,0,0.0,-4.701141775442557,-73.22949793150582,286.3857060571222,5.351286755706156,5,Chiclayo,inf,False
858b66cbfffffff,1,57.8956917652678,19.33678578815096,0.9070480301418528,1522.850160299985,1.1863897284881508,8.539726369903319,42.71003022557343,SIERRA,PUNO,HUANCANE,0,0,0,0.0,-14.892623365539311,-69.46828735222006,275.38311331174623,5.529932979499906,5,Pisco,18.77868841704003,False
858f6a5bfffffff,1,296.8375219987636,95.72824451165708,0.4363113027542548,1519.9599109431672,3.2417717222623006,,116.70378200144282,SELVA BAJA,LORETO,REQUENA,0,0,0,0.0,-6.70091004582386,-74.83030818302639,292.8164804310356,5.190827745438835,5,Chiclayo,inf,False
858f620ffffffff,1,296.7184890965101,95.68985714507645,0.4361363403697721,1519.350401611967,6.544280713107605,,235.59410567187376,SELVA BAJA,LORETO,ALTO AMAZONAS,0,0,0,0.0,-4.408495686159319,-76.0653805596223,292.8313186830754,5.188483282610646,5,Chiclayo,inf,False
858e60c3fffffff,2,17.92280088893032,8.804125206477579,0.5146748579750354,1504.820535654603,0.8090934527838134,3.336814960620341,29.12736430021728,SIERRA,JUNIN,YAULI,1,2,0,0.0,-11.536971131471104,-75.99467813802997,296.56164642080785,5.074225051742967,5,Jauja,1.5779602556140162,True
858e6553fffffff,1,17.65619964443106,8.673164049718652,0.5070190814868096,1482.4363653432904,3.3064257924555385,7.059908378836776,119.03132852839938,SELVA ALTA,JUNIN,CHANCHAMAYO,0,0,0,0.0,-11.27934332074724,-75.09142317056371,294.68851968251874,5.030519570088397,5,Jauja,2.7907894225791097,False
858b600bfffffff,2,50.73507952039344,16.945187711172604,0.7948631847192208,1334.5021300326505,3.2502483930750703,10.568985627252754,117.00894215070257,SIERRA,PUNO,CARABAYA,0,3,0,0.0,-13.925348404102165,-70.67907346057989,280.5526557972014,4.756690419631246,5,Pisco,20.303259878861354,False
85b32453fffffff,1,50.032716792609904,16.710603112584575,0.7838593136321618,1316.027643244748,1.2186055540518834,8.490546013505302,43.86979994586781,SIERRA,PUNO,HUANCANE,0,0,0,0.0,-15.143183451893858,-69.34433143428248,274.6413743527242,4.791804025691201,5,Pisco,18.618913079617414,False
858b6e57fffffff,1,239.4572840492924,60.5884693092212,0.7205568249398127,1279.6047896643106,2.7699617029548915,17.995444668610677,99.7186213063761,SELVA BAJA,MADRE DE DIOS,MANU,0,0,0,0.0,-12.230339649726004,-71.40759200050374,284.18717292183175,4.502683131361025,5,Pisco,20.011032117343348,False
858f082bfffffff,1,29.053777325366344,9.207252732426838,0.319591638171057,1249.505445927939,1.2136919970194535,1.2323488593582093,43.69291189270032,COSTA,PIURA,TALARA,0,2,0,0.0,-4.708317272224114,-81.04426016366263,300.3408924122877,4.160290781225696,5,Chiclayo,4.264102256274782,False
858b6073fffffff,2,44.92704965305758,15.005343381283598,0.7038691592651116,1181.73153614529,4.496059884532111,11.81479711870983,161.858155843156,SIERRA,PUNO,CARABAYA,0,0,0,0.0,-13.76181058583611,-70.66672483714798,280.6666799700138,4.210444703559202,5,Pisco,20.962263406783677,False
858b6017fffffff,1,15.015574502946826,10.343484936985462,0.5337513906534768,1129.6912993511298,1.232164030487742,10.394807463920335,44.35790509755871,SIERRA,CUSCO,CANCHIS,0,0,0,0.0,-14.071736781892234,-70.97655666104805,281.37674549394035,4.014870871322444,5,Pisco,17.552363618126037,False
858b6edbfffffff,1,210.1905458514411,53.18327854159977,0.6324895605176228,1123.210055110682,1.5153309191156636,14.249794375197917,54.55191308816389,SELVA BAJA,MADRE DE DIOS,MANU,0,2,0,0.0,-12.65081706388717,-71.2970007461186,283.58477853707234,3.960755795515477,5,Pisco,19.37183518502752,False
858f6e07fffffff,1,215.9093561284781,69.62941711899711,0.3173577646617095,1105.5663162226676,6.102038100797397,,219.67337162870632,SELVA BAJA,LORETO,REQUENA,0,0,0,0.0,-5.697877170810219,-74.0255458378646,289.7935948444424,3.815012946770345,5,Chiclayo,inf,False
858f6ec3fffffff,1,214.0961193663067,69.0446596026364,0.3146925500736824,1096.2816167379428,5.569013830598191,,200.4844979015349,SELVA BAJA,LORETO,REQUENA,0,0,0,0.0,-5.243664061153797,-74.41588144085301,290.23164225946687,3.7772642851873055,5,Chiclayo,inf,False
858e6837fffffff,2,49.44260623810054,15.15116467650225,0.1870320599707962,1044.1211330524327,2.234103923086039,8.938155904132087,80.42774123109739,SIERRA,APURIMAC,AYMARAES,0,0,0,0.0,-14.652883120509983,-73.48595246231177,288.0884720206184,3.62430723356992,5,Pisco,7.895080300751943,False
858b651bfffffff,1,13.401009329379452,9.231291024638118,0.4763592205088623,1008.220074360274,1.572632464157246,8.124434824568644,56.61476870966086,SIERRA,CUSCO,CHUMBIVILCAS,0,0,0,0.0,-14.60119839472059,-71.73744357537754,283.18436357396047,3.560295708548021,5,Pisco,15.832444897530877,False
858e68affffffff,1,46.056218772734006,14.113441990543322,0.1742219944888776,972.607938536235,1.7685598492581955,8.24046641646608,63.66815457329504,SIERRA,APURIMAC,ANDAHUAYLAS,0,0,0,0.0,-14.488161188923408,-73.4718565239137,288.2473903453965,3.3742124685701187,5,Pisco,7.94678054261567,False
858b648ffffffff,1,12.910146096246434,8.893159675948466,0.4589107417141287,971.2901571244792,2.191105881445778,5.057045888145354,78.87981173204801,SIERRA,CUSCO,ESPINAR,2,0,0,0.0,-15.379049446218607,-71.07737215779584,280.1593475275056,3.466920399752572,5,Pisco,14.440845342805915,False
858b6207fffffff,1,35.79181913575531,11.954235600161528,0.5607480980433909,941.4444468389872,4.225685101536492,13.869759092111838,152.1246636553137,SIERRA,PUNO,CARABAYA,0,0,0,0.0,-13.3959128442687,-69.92773877842367,278.48605213318854,3.380580246757682,5,Pisco,20.528032359570716,False
858b63abfffffff,1,174.9454955819775,44.26543060462169,0.5264328096535271,934.8685923908372,2.654253638416831,16.03074754262931,95.55313098300591,SELVA BAJA,MADRE DE DIOS,MANU,0,5,0,0.0,-12.833926990496131,-71.02499907662286,282.5890012552697,3.308227100977461,5,Pisco,19.37183518502752,False
858b62cffffffff,1,35.05848475633029,11.709306670673632,0.5492589961083173,922.155302116636,6.230508733295556,12.904571980937652,224.29831439864003,SIERRA,PUNO,SANDIA,0,0,0,0.0,-13.665092718666155,-69.52214907974302,276.8361035578405,3.33105144258746,5,Pisco,21.51663150010245,False
858e69c3fffffff,1,41.365125376120886,12.675905946778569,0.156476472392839,873.5421706651227,1.2267630708314503,8.5410076877443,44.16347054993222,SIERRA,APURIMAC,AYMARAES,0,0,0,0.0,-14.6725640741921,-73.19543073438588,287.28887921219814,3.040640393253456,5,Pisco,8.347237918735118,False
858e60cbfffffff,1,10.279196337182489,5.049396695045336,0.2951795284521877,863.0540412783093,0.3485109387314314,3.584548745111471,12.54639379433153,SIERRA,JUNIN,YAULI,1,1,0,0.0,-11.607500144584188,-76.14833384223697,296.846034682383,2.9074130708929737,5,Jauja,2.104326789500192,False
858f7137fffffff,1,155.53204764221132,50.15811271377719,0.2286112276839877,796.4036207122381,9.822227211890992,20.3721084954758,353.6001796280757,SELVA BAJA,LORETO,DATEM DEL MARAÑON,0,0,0,0.0,-5.00893191006977,-76.69904675135399,294.9436366446085,2.700189194696417,5,Picota,4.785325158666637,False
858e601bfffffff,1,9.249404613213168,4.543537408285084,0.2656078162760441,776.59145413696,1.836705622498625,4.364427130335147,66.12140240995049,SIERRA,JUNIN,YAULI,0,0,0,0.0,-11.799306193788762,-75.87196102429039,296.18694860539085,2.62196378940252,5,Jauja,1.9137241693388205,True
85b3350ffffffff,1,9.273194323358782,5.688386383640949,0.2116196707644338,725.1839631019183,3.766172936415134,4.958958213578638,135.5822257109448,SIERRA,MOQUEGUA,GENERAL SANCHEZ CERRO,0,0,0,0.0,-16.445366190709375,-71.01605064279916,278.39054885515014,2.6049158855577383,5,Pisco,13.68095018978238,False
858a6e23fffffff,1,130.1043117330188,41.95782690050604,0.191235869926227,666.2006094898777,5.393630513200417,,194.17069847521503,SELVA BAJA,LORETO,MARISCAL RAMON CASTILLA,0,0,0,0.0,-3.826469857005019,-71.3294869790117,279.37548231513324,2.384606565934833,5,Chiclayo,inf,False
858f6e33fffffff,1,118.23101564801144,38.12876316512821,0.1737837188371267,605.4032617069894,6.913409928454775,,248.8827574243719,SELVA BAJA,LORETO,REQUENA,0,0,0,0.0,-5.794227426878802,-73.89073753642924,289.55313823002507,2.090819203023276,5,Chiclayo,inf,False
858f504ffffffff,1,5.778924684865074,2.275783886385434,0.1301582861264904,579.4814856997531,0.9129399459473966,0.153999878352869,32.86583805410628,COSTA,LAMBAYEQUE,CHICLAYO,0,0,0,0.0,-7.032955250445,-79.82120668248066,301.80176876866705,1.9200731926257504,5,Chiclayo,0.9545224422909087,True
85b33493fffffff,1,3.2626026743644627,2.60599804042859,0.1117224003197483,579.1696765443749,3.001455752447076,6.419774337476042,108.05240708809472,SIERRA,AREQUIPA,CAYLLOMA,0,1,0,0.0,-15.092505581397392,-71.77661264370762,282.70090998691154,2.0487011399121045,5,Pisco,16.68712146843791,False
85b322bbfffffff,1,21.849406622072337,7.297560190872099,0.3423132297420507,574.7124071301527,0.737989619024316,5.830232040797474,26.567626284875377,SIERRA,PUNO,EL COLLAO,2,0,0,0.0,-16.749546388434716,-69.74555458222167,273.7205298100265,2.099632086526455,5,Pisco,17.72810001419748,False
858f6e8bfffffff,1,112.08586080082245,36.14698915686738,0.1647511662846404,573.9369263482665,4.138081891109749,,148.97094807995097,SELVA BAJA,LORETO,REQUENA,0,0,0,0.0,-5.272247276070385,-74.1321917894739,289.55313823002064,1.982147145275738,5,Chiclayo,inf,False
858b6c97fffffff,1,7.12500043206078,4.908059603751584,0.2532689567270786,536.0468222106631,5.193243334227425,15.822007066356829,186.9567600321873,SIERRA,CUSCO,LA CONVENCION,0,0,0,0.0,-13.189390527601336,-73.07070962327532,288.45709693954456,1.8583242634623367,5,Jauja,14.055532106725877,False
858b60cffffffff,1,19.759984615615984,6.599706783684156,0.3095783913230679,519.7536262528645,1.5971962927420984,9.244426775488398,57.49906653871554,SIERRA,PUNO,MELGAR,0,0,0,0.0,-14.178935887301993,-70.55524400470249,279.8907710444508,1.856987368012645,5,Pisco,18.76740412982508,False
858b4593fffffff,1,76.28156703982363,19.30107660663293,0.2295407465505796,407.631193742114,1.3621163765863151,16.912731170109193,49.03618955710735,SELVA BAJA,MADRE DE DIOS,MANU,0,0,0,0.0,-12.269334326147431,-70.8394218160341,282.3339856111154,1.4437907390418878,5,Pisco,21.40635612402002,False
85b3229bfffffff,1,12.327709886876962,4.117375197924763,0.1931374274684818,324.25996486019284,2.7428576424912685,6.402509298996871,98.74287512968569,SIERRA,PUNO,PUNO,1,0,0,0.0,-16.413035342984262,-70.0069072421041,275.1488716003355,1.1784891683335454,5,Pisco,18.203331175480344,False
858b6c8bfffffff,1,4.240664218963709,2.9211833661813023,0.1507408473596606,319.0448337952562,3.460533580492484,14.089297312621897,124.5792088977294,SIERRA,CUSCO,LA CONVENCION,0,0,0,0.0,-13.045085720650135,-72.76864897978135,287.7278365862893,1.1088424310296965,5,Jauja,12.750294109489914,False
858b6287fffffff,1,11.92491204965737,3.982843331100808,0.1868268200008876,313.6650357337681,2.8316080647666064,11.45446324313839,101.93789033159784,SIERRA,PUNO,CARABAYA,0,1,0,0.0,-13.795607561584449,-70.09900292777523,278.72846609688656,1.125342668174902,5,Pisco,20.402408591124185,False
858b6603fffffff,1,9.594210614804506,3.2044041587248966,0.1503118725000733,252.3597996193539,1.2323700424666983,8.484029495382115,44.36532152880114,SIERRA,PUNO,SAN ANTONIO DE PUTINA,0,0,0,0.0,-14.626486417718205,-69.87533645293792,277.10996195287174,0.9106846893590672,5,Pisco,18.257494106930608,False
858b6077fffffff,1,3.0270419475121364,2.0851791439328715,0.1076008013369006,227.7384025635685,1.81101253632011,13.397416535045844,65.19645130752396,SIERRA,CUSCO,QUISPICANCHI,0,0,0,0.0,-13.671304713052857,-70.80282301391237,281.1963481259707,0.8098910390598173,5,Pisco,20.80193104106911,False
858f5ab3fffffff,1,6.710504789097354,1.1992213912239595,0.0909890179728428,142.88841656416372,1.1750499138563657,2.1548280811525315,42.30179689882917,COSTA,ANCASH,CASMA,0,0,0,0.0,-9.651229424767514,-78.17093052346041,300.79420836966176,0.4750371270066498,5,Otuzco,3.920905790932011,False
858a69d3fffffff,1,27.415000504430385,8.841166217477873,0.0402963698947277,140.3788222076401,2.8733180683384334,,103.4394504601836,SELVA BAJA,LORETO,MAYNAS,0,0,0,0.0,-3.3573417148605182,-72.6954621939316,282.7533926335093,0.496470867776968,5,Chiclayo,inf,False
858f0817fffffff,2,3.064103934025568,0.971026211258436,0.0337051525120155,131.77682576617923,1.642548543877055,0.5606650679832628,59.131747579573975,COSTA,PIURA,TALARA,0,4,0,0.0,-4.21015012435129,-80.99051468014109,299.55321367207034,0.4399112403128453,5,Chiclayo,5.984732682307367,False
858a45bbfffffff,1,15.661993550608138,5.050894974655047,0.0230210276779734,80.19741629049835,11.922591136998536,,429.2132809319473,SELVA BAJA,LORETO,MARISCAL RAMON CASTILLA,0,0,0,0.0,-3.8440879779644095,-70.35691791834324,276.17529690963204,0.2903859149891307,5,Chiclayo,inf,False
85b3267bfffffff,1,2.450784384598655,0.8185460992515421,0.0383962792493345,64.46381896736801,1.5389074500176936,7.386493514449469,55.40066820063697,SIERRA,PUNO,PUNO,0,0,0,0.0,-16.07504814311316,-70.26824719785037,276.5424614272349,0.2331064048344345,5,Pisco,18.42400385173096,False
85b33003fffffff,1,0.2743791172879952,0.2191598283190661,0.0093956563641326,48.70714594175169,1.900133558217185,0.5848783814500031,68.40480809581867,COSTA,AREQUIPA,ISLAY,0,2,2,4139690.36,-16.79905047430443,-72.0597616422492,280.9676596735008,0.1733549903869789,5,Pisco,10.886831589416033,False
858b608ffffffff,1,0.5023575065725845,0.3460491838787357,0.0178570601934483,37.794684727341085,3.700942749517629,10.386018477013335,133.23393898263464,SIERRA,CUSCO,CANCHIS,0,0,0,0.0,-14.23535063338306,-70.98910848966167,281.248366041745,0.134381881961694,5,Chiclayo,inf,False
